App,Tag,FilePath,RelativeFilePath,FileName,ClassName,TotalImports,TotalMethods,TotalMethodStatements,TotalTestMethods,AnnotationCount,TestsWithoutAnnotationCount,HasTestInFileName,HasTestInClassName,junitFrameworkTest,junitFrameworkTestCase,orgJunitTest,androidTestAndroidTestCase,androidTestInstrumentationTestCase,orgJunitAssert,androidTestActivityInstrumentationTestCase2,HasTechnicalDebtComment
GitHub,relation_test_code_smell_ML,C:\Users\ismak\Documents\GitHub\relation_test_code_smell_ML\dataset\projects\guava\android\guava-testlib\src\com\google\common\collect\testing\features\TesterRequirements.java,dataset/projects/guava/android/guava-testlib/src/com/google/common/collect/testing/features/TesterRequirements.java,TesterRequirements.java,TesterRequirements,7,5,7,0,0,0,true,true,false,false,false,false,false,false,false,false
GitHub,relation_test_code_smell_ML,C:\Users\ismak\Documents\GitHub\relation_test_code_smell_ML\dataset\projects\guava\android\guava-testlib\src\com\google\common\collect\testing\google\TestBiMapGenerator.java,dataset/projects/guava/android/guava-testlib/src/com/google/common/collect/testing/google/TestBiMapGenerator.java,TestBiMapGenerator.java,TestBiMapGenerator,6,2,0,0,0,0,true,true,false,false,false,false,false,false,false,false
GitHub,relation_test_code_smell_ML,C:\Users\ismak\Documents\GitHub\relation_test_code_smell_ML\dataset\projects\guava\android\guava-testlib\src\com\google\common\collect\testing\google\TestEnumMultisetGenerator.java,dataset/projects/guava/android/guava-testlib/src/com/google/common/collect/testing/google/TestEnumMultisetGenerator.java,TestEnumMultisetGenerator.java,TestEnumMultisetGenerator,8,5,8,0,0,0,true,true,false,false,false,false,false,false,false,false
GitHub,relation_test_code_smell_ML,C:\Users\ismak\Documents\GitHub\relation_test_code_smell_ML\dataset\projects\guava\android\guava-testlib\src\com\google\common\collect\testing\google\TestListMultimapGenerator.java,dataset/projects/guava/android/guava-testlib/src/com/google/common/collect/testing/google/TestListMultimapGenerator.java,TestListMultimapGenerator.java,TestListMultimapGenerator,4,0,0,0,0,0,true,true,false,false,false,false,false,false,false,false
GitHub,relation_test_code_smell_ML,C:\Users\ismak\Documents\GitHub\relation_test_code_smell_ML\dataset\projects\guava\android\guava-testlib\src\com\google\common\collect\testing\google\TestMultimapGenerator.java,dataset/projects/guava/android/guava-testlib/src/com/google/common/collect/testing/google/TestMultimapGenerator.java,TestMultimapGenerator.java,TestMultimapGenerator,8,5,0,0,0,0,true,true,false,false,false,false,false,false,false,false
GitHub,relation_test_code_smell_ML,C:\Users\ismak\Documents\GitHub\relation_test_code_smell_ML\dataset\projects\guava\android\guava-testlib\src\com\google\common\collect\testing\google\TestMultisetGenerator.java,dataset/projects/guava/android/guava-testlib/src/com/google/common/collect/testing/google/TestMultisetGenerator.java,TestMultisetGenerator.java,TestMultisetGenerator,5,1,0,0,0,0,true,true,false,false,false,false,false,false,false,false
GitHub,relation_test_code_smell_ML,C:\Users\ismak\Documents\GitHub\relation_test_code_smell_ML\dataset\projects\guava\android\guava-testlib\src\com\google\common\collect\testing\google\TestSetMultimapGenerator.java,dataset/projects/guava/android/guava-testlib/src/com/google/common/collect/testing/google/TestSetMultimapGenerator.java,TestSetMultimapGenerator.java,TestSetMultimapGenerator,2,0,0,0,0,0,true,true,false,false,false,false,false,false,false,false
GitHub,relation_test_code_smell_ML,C:\Users\ismak\Documents\GitHub\relation_test_code_smell_ML\dataset\projects\guava\android\guava-testlib\src\com\google\common\collect\testing\google\TestStringBiMapGenerator.java,dataset/projects/guava/android/guava-testlib/src/com/google/common/collect/testing/google/TestStringBiMapGenerator.java,TestStringBiMapGenerator.java,TestStringBiMapGenerator,7,7,9,0,0,0,true,true,false,false,false,false,false,false,false,false
GitHub,relation_test_code_smell_ML,C:\Users\ismak\Documents\GitHub\relation_test_code_smell_ML\dataset\projects\guava\android\guava-testlib\src\com\google\common\collect\testing\google\TestStringListMultimapGenerator.java,dataset/projects/guava/android/guava-testlib/src/com/google/common/collect/testing/google/TestStringListMultimapGenerator.java,TestStringListMultimapGenerator.java,TestStringListMultimapGenerator,9,10,12,0,0,0,true,true,false,false,false,false,false,false,false,false
GitHub,relation_test_code_smell_ML,C:\Users\ismak\Documents\GitHub\relation_test_code_smell_ML\dataset\projects\guava\android\guava-testlib\src\com\google\common\collect\testing\google\TestStringMultisetGenerator.java,dataset/projects/guava/android/guava-testlib/src/com/google/common/collect/testing/google/TestStringMultisetGenerator.java,TestStringMultisetGenerator.java,TestStringMultisetGenerator,6,5,7,0,0,0,true,true,false,false,false,false,false,false,false,false
GitHub,relation_test_code_smell_ML,C:\Users\ismak\Documents\GitHub\relation_test_code_smell_ML\dataset\projects\guava\android\guava-testlib\src\com\google\common\collect\testing\google\TestStringSetMultimapGenerator.java,dataset/projects/guava/android/guava-testlib/src/com/google/common/collect/testing/google/TestStringSetMultimapGenerator.java,TestStringSetMultimapGenerator.java,TestStringSetMultimapGenerator,9,10,12,0,0,0,true,true,false,false,false,false,false,false,false,false
GitHub,relation_test_code_smell_ML,C:\Users\ismak\Documents\GitHub\relation_test_code_smell_ML\dataset\projects\guava\android\guava-testlib\src\com\google\common\collect\testing\google\UnmodifiableCollectionTests.java,dataset/projects/guava/android/guava-testlib/src/com/google/common/collect/testing/google/UnmodifiableCollectionTests.java,UnmodifiableCollectionTests.java,UnmodifiableCollectionTests,20,11,78,0,0,0,true,true,false,false,false,false,false,false,false,false
GitHub,relation_test_code_smell_ML,C:\Users\ismak\Documents\GitHub\relation_test_code_smell_ML\dataset\projects\guava\android\guava-testlib\src\com\google\common\collect\testing\MapInterfaceTest.java,dataset/projects/guava/android/guava-testlib/src/com/google/common/collect/testing/MapInterfaceTest.java,MapInterfaceTest.java,IncompatibleKeyType,18,66,401,56,0,56,true,false,false,true,false,false,false,false,false,true
GitHub,relation_test_code_smell_ML,C:\Users\ismak\Documents\GitHub\relation_test_code_smell_ML\dataset\projects\guava\android\guava-testlib\src\com\google\common\collect\testing\SortedMapInterfaceTest.java,dataset/projects/guava/android/guava-testlib/src/com/google/common/collect/testing/SortedMapInterfaceTest.java,SortedMapInterfaceTest.java,SortedMapInterfaceTest,5,6,41,3,0,3,true,true,false,false,false,false,false,false,false,true
GitHub,relation_test_code_smell_ML,C:\Users\ismak\Documents\GitHub\relation_test_code_smell_ML\dataset\projects\guava\android\guava-testlib\src\com\google\common\collect\testing\TestCharacterListGenerator.java,dataset/projects/guava/android/guava-testlib/src/com/google/common/collect/testing/TestCharacterListGenerator.java,TestCharacterListGenerator.java,TestCharacterListGenerator,4,5,7,0,0,0,true,true,false,false,false,false,false,false,false,false
GitHub,relation_test_code_smell_ML,C:\Users\ismak\Documents\GitHub\relation_test_code_smell_ML\dataset\projects\guava\android\guava-testlib\src\com\google\common\collect\testing\TestCollectionGenerator.java,dataset/projects/guava/android/guava-testlib/src/com/google/common/collect/testing/TestCollectionGenerator.java,TestCollectionGenerator.java,TestCollectionGenerator,4,0,0,0,0,0,true,true,false,false,false,false,false,false,false,false
GitHub,relation_test_code_smell_ML,C:\Users\ismak\Documents\GitHub\relation_test_code_smell_ML\dataset\projects\guava\android\guava-testlib\src\com\google\common\collect\testing\TestCollidingSetGenerator.java,dataset/projects/guava/android/guava-testlib/src/com/google/common/collect/testing/TestCollidingSetGenerator.java,TestCollidingSetGenerator.java,TestCollidingSetGenerator,4,3,3,0,0,0,true,true,false,false,false,false,false,false,false,false
GitHub,relation_test_code_smell_ML,C:\Users\ismak\Documents\GitHub\relation_test_code_smell_ML\dataset\projects\guava\android\guava-testlib\src\com\google\common\collect\testing\TestContainerGenerator.java,dataset/projects/guava/android/guava-testlib/src/com/google/common/collect/testing/TestContainerGenerator.java,TestContainerGenerator.java,TestContainerGenerator,6,4,0,0,0,0,true,true,false,false,false,false,false,false,false,true
GitHub,relation_test_code_smell_ML,C:\Users\ismak\Documents\GitHub\relation_test_code_smell_ML\dataset\projects\guava\android\guava-testlib\src\com\google\common\collect\testing\TestEnumMapGenerator.java,dataset/projects/guava/android/guava-testlib/src/com/google/common/collect/testing/TestEnumMapGenerator.java,TestEnumMapGenerator.java,TestEnumMapGenerator,7,7,9,0,0,0,true,true,false,false,false,false,false,false,false,false
GitHub,relation_test_code_smell_ML,C:\Users\ismak\Documents\GitHub\relation_test_code_smell_ML\dataset\projects\guava\android\guava-testlib\src\com\google\common\collect\testing\TestEnumSetGenerator.java,dataset/projects/guava/android/guava-testlib/src/com/google/common/collect/testing/TestEnumSetGenerator.java,TestEnumSetGenerator.java,TestEnumSetGenerator,6,5,8,0,0,0,true,true,false,false,false,false,false,false,false,false
GitHub,relation_test_code_smell_ML,C:\Users\ismak\Documents\GitHub\relation_test_code_smell_ML\dataset\projects\guava\android\guava-testlib\src\com\google\common\collect\testing\testers\TestExceptions.java,dataset/projects/guava/android/guava-testlib/src/com/google/common/collect/testing/testers/TestExceptions.java,TestExceptions.java,SomeChainingException,1,0,0,0,0,0,true,false,false,false,false,false,false,false,false,false
GitHub,relation_test_code_smell_ML,C:\Users\ismak\Documents\GitHub\relation_test_code_smell_ML\dataset\projects\guava\android\guava-testlib\src\com\google\common\collect\testing\TestIntegerSetGenerator.java,dataset/projects/guava/android/guava-testlib/src/com/google/common/collect/testing/TestIntegerSetGenerator.java,TestIntegerSetGenerator.java,TestIntegerSetGenerator,5,5,7,0,0,0,true,true,false,false,false,false,false,false,false,false
GitHub,relation_test_code_smell_ML,C:\Users\ismak\Documents\GitHub\relation_test_code_smell_ML\dataset\projects\guava\android\guava-testlib\src\com\google\common\collect\testing\TestIntegerSortedSetGenerator.java,dataset/projects/guava/android/guava-testlib/src/com/google/common/collect/testing/TestIntegerSortedSetGenerator.java,TestIntegerSortedSetGenerator.java,TestIntegerSortedSetGenerator,5,2,2,0,0,0,true,true,false,false,false,false,false,false,false,false
GitHub,relation_test_code_smell_ML,C:\Users\ismak\Documents\GitHub\relation_test_code_smell_ML\dataset\projects\guava\android\guava-testlib\src\com\google\common\collect\testing\TestIteratorGenerator.java,dataset/projects/guava/android/guava-testlib/src/com/google/common/collect/testing/TestIteratorGenerator.java,TestIteratorGenerator.java,TestIteratorGenerator,2,1,0,0,0,0,true,true,false,false,false,false,false,false,false,false
GitHub,relation_test_code_smell_ML,C:\Users\ismak\Documents\GitHub\relation_test_code_smell_ML\dataset\projects\guava\android\guava-testlib\src\com\google\common\collect\testing\TestListGenerator.java,dataset/projects/guava/android/guava-testlib/src/com/google/common/collect/testing/TestListGenerator.java,TestListGenerator.java,TestListGenerator,4,1,0,0,0,0,true,true,false,false,false,false,false,false,false,false
GitHub,relation_test_code_smell_ML,C:\Users\ismak\Documents\GitHub\relation_test_code_smell_ML\dataset\projects\guava\android\guava-testlib\src\com\google\common\collect\testing\TestMapEntrySetGenerator.java,dataset/projects/guava/android/guava-testlib/src/com/google/common/collect/testing/TestMapEntrySetGenerator.java,TestMapEntrySetGenerator.java,TestMapEntrySetGenerator,8,5,6,0,0,0,true,true,false,false,false,false,false,false,false,false
GitHub,relation_test_code_smell_ML,C:\Users\ismak\Documents\GitHub\relation_test_code_smell_ML\dataset\projects\guava\android\guava-testlib\src\com\google\common\collect\testing\TestMapGenerator.java,dataset/projects/guava/android/guava-testlib/src/com/google/common/collect/testing/TestMapGenerator.java,TestMapGenerator.java,TestMapGenerator,4,2,0,0,0,0,true,true,false,false,false,false,false,false,false,false
GitHub,relation_test_code_smell_ML,C:\Users\ismak\Documents\GitHub\relation_test_code_smell_ML\dataset\projects\guava\android\guava-testlib\src\com\google\common\collect\testing\TestQueueGenerator.java,dataset/projects/guava/android/guava-testlib/src/com/google/common/collect/testing/TestQueueGenerator.java,TestQueueGenerator.java,TestQueueGenerator,4,1,0,0,0,0,true,true,false,false,false,false,false,false,false,false
GitHub,relation_test_code_smell_ML,C:\Users\ismak\Documents\GitHub\relation_test_code_smell_ML\dataset\projects\guava\android\guava-testlib\src\com\google\common\collect\testing\TestSetGenerator.java,dataset/projects/guava/android/guava-testlib/src/com/google/common/collect/testing/TestSetGenerator.java,TestSetGenerator.java,TestSetGenerator,4,1,0,0,0,0,true,true,false,false,false,false,false,false,false,false
GitHub,relation_test_code_smell_ML,C:\Users\ismak\Documents\GitHub\relation_test_code_smell_ML\dataset\projects\guava\android\guava-testlib\src\com\google\common\collect\testing\TestsForListsInJavaUtil.java,dataset/projects/guava/android/guava-testlib/src/com/google/common/collect/testing/TestsForListsInJavaUtil.java,TestsForListsInJavaUtil.java,TestsForListsInJavaUtil,26,39,57,11,0,11,true,true,true,false,false,false,false,false,false,false
GitHub,relation_test_code_smell_ML,C:\Users\ismak\Documents\GitHub\relation_test_code_smell_ML\dataset\projects\guava\android\guava-testlib\src\com\google\common\collect\testing\TestsForMapsInJavaUtil.java,dataset/projects/guava/android/guava-testlib/src/com/google/common/collect/testing/TestsForMapsInJavaUtil.java,TestsForMapsInJavaUtil.java,NullFriendlyComparator,28,50,70,15,0,15,true,false,true,false,false,false,false,false,false,true
GitHub,relation_test_code_smell_ML,C:\Users\ismak\Documents\GitHub\relation_test_code_smell_ML\dataset\projects\guava\android\guava-testlib\src\com\google\common\collect\testing\TestsForQueuesInJavaUtil.java,dataset/projects/guava/android/guava-testlib/src/com/google/common/collect/testing/TestsForQueuesInJavaUtil.java,TestsForQueuesInJavaUtil.java,TestsForQueuesInJavaUtil,18,29,39,9,0,9,true,true,true,false,false,false,false,false,false,false
GitHub,relation_test_code_smell_ML,C:\Users\ismak\Documents\GitHub\relation_test_code_smell_ML\dataset\projects\guava\android\guava-testlib\src\com\google\common\collect\testing\TestsForSetsInJavaUtil.java,dataset/projects/guava/android/guava-testlib/src/com/google/common/collect/testing/TestsForSetsInJavaUtil.java,TestsForSetsInJavaUtil.java,NullFriendlyComparator,24,51,80,15,0,15,true,false,true,false,false,false,false,false,false,false
GitHub,relation_test_code_smell_ML,C:\Users\ismak\Documents\GitHub\relation_test_code_smell_ML\dataset\projects\guava\android\guava-testlib\src\com\google\common\collect\testing\TestSortedMapGenerator.java,dataset/projects/guava/android/guava-testlib/src/com/google/common/collect/testing/TestSortedMapGenerator.java,TestSortedMapGenerator.java,TestSortedMapGenerator,5,5,0,0,0,0,true,true,false,false,false,false,false,false,false,false
GitHub,relation_test_code_smell_ML,C:\Users\ismak\Documents\GitHub\relation_test_code_smell_ML\dataset\projects\guava\android\guava-testlib\src\com\google\common\collect\testing\TestSortedSetGenerator.java,dataset/projects/guava/android/guava-testlib/src/com/google/common/collect/testing/TestSortedSetGenerator.java,TestSortedSetGenerator.java,TestSortedSetGenerator,4,5,0,0,0,0,true,true,false,false,false,false,false,false,false,false
GitHub,relation_test_code_smell_ML,C:\Users\ismak\Documents\GitHub\relation_test_code_smell_ML\dataset\projects\guava\android\guava-testlib\src\com\google\common\collect\testing\TestStringCollectionGenerator.java,dataset/projects/guava/android/guava-testlib/src/com/google/common/collect/testing/TestStringCollectionGenerator.java,TestStringCollectionGenerator.java,TestStringCollectionGenerator,5,5,7,0,0,0,true,true,false,false,false,false,false,false,false,false
GitHub,relation_test_code_smell_ML,C:\Users\ismak\Documents\GitHub\relation_test_code_smell_ML\dataset\projects\guava\android\guava-testlib\src\com\google\common\collect\testing\TestStringListGenerator.java,dataset/projects/guava/android/guava-testlib/src/com/google/common/collect/testing/TestStringListGenerator.java,TestStringListGenerator.java,TestStringListGenerator,4,5,7,0,0,0,true,true,false,false,false,false,false,false,false,true
GitHub,relation_test_code_smell_ML,C:\Users\ismak\Documents\GitHub\relation_test_code_smell_ML\dataset\projects\guava\android\guava-testlib\src\com\google\common\collect\testing\TestStringMapGenerator.java,dataset/projects/guava/android/guava-testlib/src/com/google/common/collect/testing/TestStringMapGenerator.java,TestStringMapGenerator.java,TestStringMapGenerator,6,7,9,0,0,0,true,true,false,false,false,false,false,false,false,false
GitHub,relation_test_code_smell_ML,C:\Users\ismak\Documents\GitHub\relation_test_code_smell_ML\dataset\projects\guava\android\guava-testlib\src\com\google\common\collect\testing\TestStringQueueGenerator.java,dataset/projects/guava/android/guava-testlib/src/com/google/common/collect/testing/TestStringQueueGenerator.java,TestStringQueueGenerator.java,TestStringQueueGenerator,5,5,7,0,0,0,true,true,false,false,false,false,false,false,false,false
GitHub,relation_test_code_smell_ML,C:\Users\ismak\Documents\GitHub\relation_test_code_smell_ML\dataset\projects\guava\android\guava-testlib\src\com\google\common\collect\testing\TestStringSetGenerator.java,dataset/projects/guava/android/guava-testlib/src/com/google/common/collect/testing/TestStringSetGenerator.java,TestStringSetGenerator.java,TestStringSetGenerator,5,5,7,0,0,0,true,true,false,false,false,false,false,false,false,false
GitHub,relation_test_code_smell_ML,C:\Users\ismak\Documents\GitHub\relation_test_code_smell_ML\dataset\projects\guava\android\guava-testlib\src\com\google\common\collect\testing\TestStringSortedMapGenerator.java,dataset/projects/guava/android/guava-testlib/src/com/google/common/collect/testing/TestStringSortedMapGenerator.java,TestStringSortedMapGenerator.java,TestStringSortedMapGenerator,7,7,6,0,0,0,true,true,false,false,false,false,false,false,false,false
GitHub,relation_test_code_smell_ML,C:\Users\ismak\Documents\GitHub\relation_test_code_smell_ML\dataset\projects\guava\android\guava-testlib\src\com\google\common\collect\testing\TestStringSortedSetGenerator.java,dataset/projects/guava/android/guava-testlib/src/com/google/common/collect/testing/TestStringSortedSetGenerator.java,TestStringSortedSetGenerator.java,TestStringSortedSetGenerator,5,7,7,0,0,0,true,true,false,false,false,false,false,false,false,false
GitHub,relation_test_code_smell_ML,C:\Users\ismak\Documents\GitHub\relation_test_code_smell_ML\dataset\projects\guava\android\guava-testlib\src\com\google\common\collect\testing\TestSubjectGenerator.java,dataset/projects/guava/android/guava-testlib/src/com/google/common/collect/testing/TestSubjectGenerator.java,TestSubjectGenerator.java,TestSubjectGenerator,3,1,0,0,0,0,true,true,false,false,false,false,false,false,false,false
GitHub,relation_test_code_smell_ML,C:\Users\ismak\Documents\GitHub\relation_test_code_smell_ML\dataset\projects\guava\android\guava-testlib\src\com\google\common\collect\testing\TestUnhashableCollectionGenerator.java,dataset/projects/guava/android/guava-testlib/src/com/google/common/collect/testing/TestUnhashableCollectionGenerator.java,TestUnhashableCollectionGenerator.java,TestUnhashableCollectionGenerator,5,5,7,0,0,0,true,true,false,false,false,false,false,false,false,false
GitHub,relation_test_code_smell_ML,C:\Users\ismak\Documents\GitHub\relation_test_code_smell_ML\dataset\projects\guava\android\guava-testlib\src\com\google\common\testing\AbstractPackageSanityTests.java,dataset/projects/guava/android/guava-testlib/src/com/google/common/testing/AbstractPackageSanityTests.java,AbstractPackageSanityTests.java,Chopper,30,17,30,3,3,0,true,false,false,true,true,false,false,false,false,true
GitHub,relation_test_code_smell_ML,C:\Users\ismak\Documents\GitHub\relation_test_code_smell_ML\dataset\projects\guava\android\guava-testlib\src\com\google\common\testing\TestLogHandler.java,dataset/projects/guava/android/guava-testlib/src/com/google/common/testing/TestLogHandler.java,TestLogHandler.java,TestLogHandler,9,5,3,0,0,0,true,true,false,false,false,false,false,false,false,true
GitHub,relation_test_code_smell_ML,C:\Users\ismak\Documents\GitHub\relation_test_code_smell_ML\dataset\projects\guava\android\guava-testlib\src\com\google\common\util\concurrent\testing\AbstractListenableFutureTest.java,dataset/projects/guava/android/guava-testlib/src/com/google/common/util/concurrent/testing/AbstractListenableFutureTest.java,AbstractListenableFutureTest.java,AbstractListenableFutureTest,16,8,42,5,0,5,true,true,false,true,false,false,false,false,false,false
GitHub,relation_test_code_smell_ML,C:\Users\ismak\Documents\GitHub\relation_test_code_smell_ML\dataset\projects\guava\android\guava-testlib\src\com\google\common\util\concurrent\testing\TestingExecutors.java,dataset/projects/guava/android/guava-testlib/src/com/google/common/util/concurrent/testing/TestingExecutors.java,TestingExecutors.java,NeverScheduledFuture,16,15,15,0,0,0,true,false,false,false,false,false,false,false,false,false
GitHub,relation_test_code_smell_ML,C:\Users\ismak\Documents\GitHub\relation_test_code_smell_ML\dataset\projects\guava\android\guava-testlib\test\com\google\common\collect\testing\features\FeatureEnumTest.java,dataset/projects/guava/android/guava-testlib/test/com/google/common/collect/testing/features/FeatureEnumTest.java,FeatureEnumTest.java,FeatureEnumTest,9,5,16,1,0,1,true,true,false,true,false,false,false,false,false,false
GitHub,relation_test_code_smell_ML,C:\Users\ismak\Documents\GitHub\relation_test_code_smell_ML\dataset\projects\guava\android\guava-testlib\test\com\google\common\collect\testing\features\FeatureUtilTest.java,dataset/projects/guava/android/guava-testlib/test/com/google/common/collect/testing/features/FeatureUtilTest.java,FeatureUtilTest.java,Tester,25,28,76,27,0,27,true,true,false,true,false,false,false,false,false,false
GitHub,relation_test_code_smell_ML,C:\Users\ismak\Documents\GitHub\relation_test_code_smell_ML\dataset\projects\guava\android\guava-testlib\test\com\google\common\collect\testing\FeatureSpecificTestSuiteBuilderTest.java,dataset/projects/guava/android/guava-testlib/test/com/google/common/collect/testing/FeatureSpecificTestSuiteBuilderTest.java,FeatureSpecificTestSuiteBuilderTest.java,MyTestSuiteBuilder,6,2,13,1,0,1,true,false,true,true,false,false,false,false,false,false
GitHub,relation_test_code_smell_ML,C:\Users\ismak\Documents\GitHub\relation_test_code_smell_ML\dataset\projects\guava\android\guava-testlib\test\com\google\common\collect\testing\HelpersTest.java,dataset/projects/guava/android/guava-testlib/test/com/google/common/collect/testing/HelpersTest.java,HelpersTest.java,HelpersTest,19,8,39,7,0,7,true,true,false,true,false,false,false,false,false,false
GitHub,relation_test_code_smell_ML,C:\Users\ismak\Documents\GitHub\relation_test_code_smell_ML\dataset\projects\guava\android\guava-testlib\test\com\google\common\collect\testing\IteratorTesterTest.java,dataset/projects/guava/android/guava-testlib/test/com/google/common/collect/testing/IteratorTesterTest.java,IteratorTesterTest.java,ThrowingIterator,11,42,64,12,0,12,true,false,false,true,false,false,false,false,false,false
GitHub,relation_test_code_smell_ML,C:\Users\ismak\Documents\GitHub\relation_test_code_smell_ML\dataset\projects\guava\android\guava-testlib\test\com\google\common\collect\testing\MapTestSuiteBuilderTests.java,dataset/projects/guava/android/guava-testlib/test/com/google/common/collect/testing/MapTestSuiteBuilderTests.java,MapTestSuiteBuilderTests.java,CheckSetUpInvocationHandler,28,38,55,3,0,3,true,false,true,true,false,false,false,false,false,true
GitHub,relation_test_code_smell_ML,C:\Users\ismak\Documents\GitHub\relation_test_code_smell_ML\dataset\projects\guava\android\guava-testlib\test\com\google\common\collect\testing\MinimalCollectionTest.java,dataset/projects/guava/android/guava-testlib/test/com/google/common/collect/testing/MinimalCollectionTest.java,MinimalCollectionTest.java,MinimalCollectionTest,6,2,3,0,0,0,true,true,true,true,false,false,false,false,false,true
GitHub,relation_test_code_smell_ML,C:\Users\ismak\Documents\GitHub\relation_test_code_smell_ML\dataset\projects\guava\android\guava-testlib\test\com\google\common\collect\testing\MinimalIterableTest.java,dataset/projects/guava/android/guava-testlib/test/com/google/common/collect/testing/MinimalIterableTest.java,MinimalIterableTest.java,MinimalIterableTest,7,4,25,4,0,4,true,true,false,true,false,false,false,false,false,false
GitHub,relation_test_code_smell_ML,C:\Users\ismak\Documents\GitHub\relation_test_code_smell_ML\dataset\projects\guava\android\guava-testlib\test\com\google\common\collect\testing\MinimalSetTest.java,dataset/projects/guava/android/guava-testlib/test/com/google/common/collect/testing/MinimalSetTest.java,MinimalSetTest.java,MinimalSetTest,5,2,2,0,0,0,true,true,true,true,false,false,false,false,false,false
GitHub,relation_test_code_smell_ML,C:\Users\ismak\Documents\GitHub\relation_test_code_smell_ML\dataset\projects\guava\android\guava-testlib\test\com\google\common\collect\testing\OpenJdk6ListTests.java,dataset/projects/guava/android/guava-testlib/test/com/google/common/collect/testing/OpenJdk6ListTests.java,OpenJdk6ListTests.java,OpenJdk6ListTests,10,3,3,0,0,0,true,true,true,false,false,false,false,false,false,false
GitHub,relation_test_code_smell_ML,C:\Users\ismak\Documents\GitHub\relation_test_code_smell_ML\dataset\projects\guava\android\guava-testlib\test\com\google\common\collect\testing\OpenJdk6MapTests.java,dataset/projects/guava/android/guava-testlib/test/com/google/common/collect/testing/OpenJdk6MapTests.java,OpenJdk6MapTests.java,OpenJdk6MapTests,16,4,8,0,0,0,true,true,true,false,false,false,false,false,false,true
GitHub,relation_test_code_smell_ML,C:\Users\ismak\Documents\GitHub\relation_test_code_smell_ML\dataset\projects\guava\android\guava-testlib\test\com\google\common\collect\testing\OpenJdk6QueueTests.java,dataset/projects/guava/android/guava-testlib/test/com/google/common/collect/testing/OpenJdk6QueueTests.java,OpenJdk6QueueTests.java,OpenJdk6QueueTests,7,3,3,0,0,0,true,true,true,false,false,false,false,false,false,false
GitHub,relation_test_code_smell_ML,C:\Users\ismak\Documents\GitHub\relation_test_code_smell_ML\dataset\projects\guava\android\guava-testlib\test\com\google\common\collect\testing\OpenJdk6SetTests.java,dataset/projects/guava/android/guava-testlib/test/com/google/common/collect/testing/OpenJdk6SetTests.java,OpenJdk6SetTests.java,OpenJdk6SetTests,10,3,3,0,0,0,true,true,true,false,false,false,false,false,false,false
GitHub,relation_test_code_smell_ML,C:\Users\ismak\Documents\GitHub\relation_test_code_smell_ML\dataset\projects\guava\android\guava-testlib\test\com\google\common\collect\testing\OpenJdk6Tests.java,dataset/projects/guava/android/guava-testlib/test/com/google/common/collect/testing/OpenJdk6Tests.java,OpenJdk6Tests.java,OpenJdk6Tests,3,1,6,0,0,0,true,true,true,true,false,false,false,false,false,true
GitHub,relation_test_code_smell_ML,C:\Users\ismak\Documents\GitHub\relation_test_code_smell_ML\dataset\projects\guava\android\guava-testlib\test\com\google\common\collect\testing\ReserializedSafeTreeMapMapInterfaceTest.java,dataset/projects/guava/android/guava-testlib/test/com/google/common/collect/testing/ReserializedSafeTreeMapMapInterfaceTest.java,ReserializedSafeTreeMapMapInterfaceTest.java,ReserializedSafeTreeMapMapInterfaceTest,4,4,9,0,0,0,true,true,false,false,false,false,false,false,false,false
GitHub,relation_test_code_smell_ML,C:\Users\ismak\Documents\GitHub\relation_test_code_smell_ML\dataset\projects\guava\android\guava-testlib\test\com\google\common\collect\testing\SafeTreeMapTest.java,dataset/projects/guava/android/guava-testlib/test/com/google/common/collect/testing/SafeTreeMapTest.java,SafeTreeMapTest.java,SafeTreeMapTest,19,5,17,1,0,1,true,true,true,true,false,false,false,false,false,false
GitHub,relation_test_code_smell_ML,C:\Users\ismak\Documents\GitHub\relation_test_code_smell_ML\dataset\projects\guava\android\guava-testlib\test\com\google\common\collect\testing\SafeTreeSetTest.java,dataset/projects/guava/android/guava-testlib/test/com/google/common/collect/testing/SafeTreeSetTest.java,SafeTreeSetTest.java,SafeTreeSetTest,19,9,28,4,0,4,true,true,true,true,false,false,false,false,false,false
GitHub,relation_test_code_smell_ML,C:\Users\ismak\Documents\GitHub\relation_test_code_smell_ML\dataset\projects\guava\android\guava-testlib\test\com\google\common\testing\AbstractPackageSanityTestsTest.java,dataset/projects/guava/android/guava-testlib/test/com/google/common/testing/AbstractPackageSanityTestsTest.java,AbstractPackageSanityTestsTest.java,Foo2Test,7,12,22,11,0,11,true,true,false,true,false,false,false,false,false,true
GitHub,relation_test_code_smell_ML,C:\Users\ismak\Documents\GitHub\relation_test_code_smell_ML\dataset\projects\guava\android\guava-testlib\test\com\google\common\testing\anotherpackage\ForwardingWrapperTesterTest.java,dataset/projects/guava/android/guava-testlib/test/com/google/common/testing/anotherpackage/ForwardingWrapperTesterTest.java,ForwardingWrapperTesterTest.java,ForwardingChainingCalls,21,59,57,19,19,0,true,false,false,false,true,false,false,false,false,false
GitHub,relation_test_code_smell_ML,C:\Users\ismak\Documents\GitHub\relation_test_code_smell_ML\dataset\projects\guava\android\guava-testlib\test\com\google\common\testing\ArbitraryInstancesTest.java,dataset/projects/guava/android/guava-testlib/test/com/google/common/testing/ArbitraryInstancesTest.java,ArbitraryInstancesTest.java,NonStaticFieldIgnored,119,26,159,25,25,0,true,false,false,false,true,false,false,false,false,false
GitHub,relation_test_code_smell_ML,C:\Users\ismak\Documents\GitHub\relation_test_code_smell_ML\dataset\projects\guava\android\guava-testlib\test\com\google\common\testing\EqualsTesterTest.java,dataset/projects/guava/android/guava-testlib/test/com/google/common/testing/EqualsTesterTest.java,EqualsTesterTest.java,EqualsBasedOnToString,14,38,86,19,19,0,true,false,false,false,true,false,false,false,false,true
GitHub,relation_test_code_smell_ML,C:\Users\ismak\Documents\GitHub\relation_test_code_smell_ML\dataset\projects\guava\android\guava-testlib\test\com\google\common\testing\EquivalenceTesterTest.java,dataset/projects/guava/android/guava-testlib/test/com/google/common/testing/EquivalenceTesterTest.java,EquivalenceTesterTest.java,MockEquivalence,12,16,82,7,7,0,true,false,false,false,true,false,false,false,false,false
GitHub,relation_test_code_smell_ML,C:\Users\ismak\Documents\GitHub\relation_test_code_smell_ML\dataset\projects\guava\android\guava-testlib\test\com\google\common\testing\FakeTickerTest.java,dataset/projects/guava/android/guava-testlib/test/com/google/common/testing/FakeTickerTest.java,FakeTickerTest.java,FakeTickerTest,18,12,46,11,11,0,true,true,false,false,true,false,false,false,false,true
GitHub,relation_test_code_smell_ML,C:\Users\ismak\Documents\GitHub\relation_test_code_smell_ML\dataset\projects\guava\android\guava-testlib\test\com\google\common\testing\FreshValueGeneratorTest.java,dataset/projects/guava/android/guava-testlib/test/com/google/common/testing/FreshValueGeneratorTest.java,FreshValueGeneratorTest.java,FreshValueGeneratorTest,92,68,112,60,0,60,true,true,false,true,false,false,false,false,false,false
GitHub,relation_test_code_smell_ML,C:\Users\ismak\Documents\GitHub\relation_test_code_smell_ML\dataset\projects\guava\android\guava-testlib\test\com\google\common\testing\GcFinalizationTest.java,dataset/projects/guava/android/guava-testlib/test/com/google/common/testing/GcFinalizationTest.java,GcFinalizationTest.java,Foo,16,20,51,10,10,0,true,false,false,false,true,false,false,false,false,true
GitHub,relation_test_code_smell_ML,C:\Users\ismak\Documents\GitHub\relation_test_code_smell_ML\dataset\projects\guava\android\guava-testlib\test\com\google\common\testing\PackageSanityTests.java,dataset/projects/guava/android/guava-testlib/test/com/google/common/testing/PackageSanityTests.java,PackageSanityTests.java,PackageSanityTests,1,0,0,0,0,0,true,true,false,false,false,false,false,false,false,false
GitHub,relation_test_code_smell_ML,C:\Users\ismak\Documents\GitHub\relation_test_code_smell_ML\dataset\projects\guava\android\guava-testlib\test\com\google\common\testing\RelationshipTesterTest.java,dataset/projects/guava/android/guava-testlib/test/com/google/common/testing/RelationshipTesterTest.java,RelationshipTesterTest.java,RelationshipTesterTest,4,1,1,1,1,0,true,true,false,false,true,false,false,false,false,false
GitHub,relation_test_code_smell_ML,C:\Users\ismak\Documents\GitHub\relation_test_code_smell_ML\dataset\projects\guava\android\guava-testlib\test\com\google\common\testing\SerializableTesterTest.java,dataset/projects/guava/android/guava-testlib/test/com/google/common/testing/SerializableTesterTest.java,SerializableTesterTest.java,OtherForm,9,11,22,4,4,0,true,false,false,false,true,false,false,false,false,true
GitHub,relation_test_code_smell_ML,C:\Users\ismak\Documents\GitHub\relation_test_code_smell_ML\dataset\projects\guava\android\guava-testlib\test\com\google\common\testing\TearDownStackTest.java,dataset/projects/guava/android/guava-testlib/test/com/google/common/testing/TearDownStackTest.java,TearDownStackTest.java,Callback,8,10,39,3,0,3,true,false,false,true,false,false,false,false,false,false
GitHub,relation_test_code_smell_ML,C:\Users\ismak\Documents\GitHub\relation_test_code_smell_ML\dataset\projects\guava\android\guava-testlib\test\com\google\common\testing\TestLogHandlerTest.java,dataset/projects/guava/android/guava-testlib/test/com/google/common/testing/TestLogHandlerTest.java,TestLogHandlerTest.java,ExampleClassUnderTest,6,6,18,2,0,2,true,true,false,true,false,false,false,false,false,false
GitHub,relation_test_code_smell_ML,C:\Users\ismak\Documents\GitHub\relation_test_code_smell_ML\dataset\projects\guava\android\guava-testlib\test\com\google\common\util\concurrent\testing\TestingExecutorsTest.java,dataset/projects/guava/android/guava-testlib/test/com/google/common/util/concurrent/testing/TestingExecutorsTest.java,TestingExecutorsTest.java,TestingExecutorsTest,11,5,28,5,0,5,true,true,false,true,false,false,false,false,false,false
GitHub,relation_test_code_smell_ML,C:\Users\ismak\Documents\GitHub\relation_test_code_smell_ML\dataset\projects\guava\android\guava-tests\test\com\google\common\base\AbstractIteratorTest.java,dataset/projects/guava/android/guava-tests/test/com/google/common/base/AbstractIteratorTest.java,AbstractIteratorTest.java,AbstractIteratorTest,15,15,39,7,0,7,true,true,false,true,false,false,false,false,false,false
GitHub,relation_test_code_smell_ML,C:\Users\ismak\Documents\GitHub\relation_test_code_smell_ML\dataset\projects\guava\android\guava-tests\test\com\google\common\base\AsciiTest.java,dataset/projects/guava/android/guava-tests/test/com/google/common/base/AsciiTest.java,AsciiTest.java,AsciiTest,6,9,40,9,0,9,true,true,false,true,false,false,false,false,false,false
GitHub,relation_test_code_smell_ML,C:\Users\ismak\Documents\GitHub\relation_test_code_smell_ML\dataset\projects\guava\android\guava-tests\test\com\google\common\base\CaseFormatTest.java,dataset/projects/guava/android/guava-tests/test/com/google/common/base/CaseFormatTest.java,CaseFormatTest.java,CaseFormatTest,14,32,72,32,0,32,true,true,false,true,false,false,false,false,false,false
GitHub,relation_test_code_smell_ML,C:\Users\ismak\Documents\GitHub\relation_test_code_smell_ML\dataset\projects\guava\android\guava-tests\test\com\google\common\base\CharMatcherTest.java,dataset/projects/guava/android/guava-tests/test/com/google/common/base/CharMatcherTest.java,CharMatcherTest.java,CharMatcherTest,25,52,432,21,0,21,true,true,false,true,false,false,false,false,false,false
GitHub,relation_test_code_smell_ML,C:\Users\ismak\Documents\GitHub\relation_test_code_smell_ML\dataset\projects\guava\android\guava-tests\test\com\google\common\base\CharsetsTest.java,dataset/projects/guava/android/guava-tests/test/com/google/common/base/CharsetsTest.java,CharsetsTest.java,CharsetsTest,7,7,15,7,0,7,true,true,false,true,false,false,false,false,false,false
GitHub,relation_test_code_smell_ML,C:\Users\ismak\Documents\GitHub\relation_test_code_smell_ML\dataset\projects\guava\android\guava-tests\test\com\google\common\base\ConverterTest.java,dataset/projects/guava/android/guava-tests/test/com/google/common/base/ConverterTest.java,ConverterTest.java,StringWrapper,14,23,71,14,0,14,true,false,false,true,false,false,false,false,false,false
GitHub,relation_test_code_smell_ML,C:\Users\ismak\Documents\GitHub\relation_test_code_smell_ML\dataset\projects\guava\android\guava-tests\test\com\google\common\base\DefaultsTest.java,dataset/projects/guava/android/guava-tests/test/com/google/common/base/DefaultsTest.java,DefaultsTest.java,DefaultsTest,5,1,10,1,0,1,true,true,false,true,false,false,false,false,false,false
GitHub,relation_test_code_smell_ML,C:\Users\ismak\Documents\GitHub\relation_test_code_smell_ML\dataset\projects\guava\android\guava-tests\test\com\google\common\base\EnumsTest.java,dataset/projects/guava/android/guava-tests/test/com/google/common/base/EnumsTest.java,EnumsTest.java,EnumsTest,23,16,57,13,0,13,true,true,false,true,false,false,false,false,false,true
GitHub,relation_test_code_smell_ML,C:\Users\ismak\Documents\GitHub\relation_test_code_smell_ML\dataset\projects\guava\android\guava-tests\test\com\google\common\base\EquivalenceTest.java,dataset/projects/guava/android/guava-tests/test/com/google/common/base/EquivalenceTest.java,EquivalenceTest.java,MyInteger,13,16,33,12,0,12,true,false,false,true,false,false,false,false,false,false
GitHub,relation_test_code_smell_ML,C:\Users\ismak\Documents\GitHub\relation_test_code_smell_ML\dataset\projects\guava\android\guava-tests\test\com\google\common\base\FinalizableReferenceQueueClassLoaderUnloadingTest.java,dataset/projects/guava/android/guava-tests/test/com/google/common/base/FinalizableReferenceQueueClassLoaderUnloadingTest.java,FinalizableReferenceQueueClassLoaderUnloadingTest.java,MyFinalizableWeakReference,19,5,27,1,1,0,true,false,false,false,true,false,false,false,false,true
GitHub,relation_test_code_smell_ML,C:\Users\ismak\Documents\GitHub\relation_test_code_smell_ML\dataset\projects\guava\android\guava-tests\test\com\google\common\base\FinalizableReferenceQueueTest.java,dataset/projects/guava/android/guava-tests/test/com/google/common/base/FinalizableReferenceQueueTest.java,FinalizableReferenceQueueTest.java,MyServerExampleWithCleaner,25,20,46,7,7,0,true,false,false,false,true,false,false,false,false,false
GitHub,relation_test_code_smell_ML,C:\Users\ismak\Documents\GitHub\relation_test_code_smell_ML\dataset\projects\guava\android\guava-tests\test\com\google\common\base\FunctionsTest.java,dataset/projects/guava/android/guava-tests/test/com/google/common/base/FunctionsTest.java,FunctionsTest.java,CountingSupplier,21,33,143,26,0,26,true,false,false,true,false,false,false,false,false,true
GitHub,relation_test_code_smell_ML,C:\Users\ismak\Documents\GitHub\relation_test_code_smell_ML\dataset\projects\guava\android\guava-tests\test\com\google\common\base\JoinerTest.java,dataset/projects/guava/android/guava-tests/test/com/google/common/base/JoinerTest.java,JoinerTest.java,MisleadingSizeList,23,18,125,11,0,11,true,false,false,true,false,false,false,false,false,true
GitHub,relation_test_code_smell_ML,C:\Users\ismak\Documents\GitHub\relation_test_code_smell_ML\dataset\projects\guava\android\guava-tests\test\com\google\common\base\MoreObjectsTest.java,dataset/projects/guava/android/guava-tests/test/com/google/common/base/MoreObjectsTest.java,MoreObjectsTest.java,TestClass,8,3,14,3,0,3,true,true,false,true,false,false,false,false,false,false
GitHub,relation_test_code_smell_ML,C:\Users\ismak\Documents\GitHub\relation_test_code_smell_ML\dataset\projects\guava\android\guava-tests\test\com\google\common\base\ObjectsTest.java,dataset/projects/guava/android/guava-tests/test/com/google/common/base/ObjectsTest.java,ObjectsTest.java,ObjectsTest,6,3,19,3,0,3,true,true,false,true,false,false,false,false,false,false
GitHub,relation_test_code_smell_ML,C:\Users\ismak\Documents\GitHub\relation_test_code_smell_ML\dataset\projects\guava\android\guava-tests\test\com\google\common\base\OptionalTest.java,dataset/projects/guava/android/guava-tests/test/com/google/common/base/OptionalTest.java,OptionalTest.java,OptionalTest,16,46,77,44,0,44,true,true,false,true,false,false,false,false,false,true
GitHub,relation_test_code_smell_ML,C:\Users\ismak\Documents\GitHub\relation_test_code_smell_ML\dataset\projects\guava\android\guava-tests\test\com\google\common\base\PackageSanityTests.java,dataset/projects/guava/android/guava-tests/test/com/google/common/base/PackageSanityTests.java,PackageSanityTests.java,PackageSanityTests,4,0,0,0,0,0,true,true,false,false,false,false,false,false,false,false
GitHub,relation_test_code_smell_ML,C:\Users\ismak\Documents\GitHub\relation_test_code_smell_ML\dataset\projects\guava\android\guava-tests\test\com\google\common\base\PreconditionsTest.java,dataset/projects/guava/android/guava-tests/test/com/google/common/base/PreconditionsTest.java,PreconditionsTest.java,Message,25,55,108,47,0,47,true,false,false,true,false,false,false,false,false,true
GitHub,relation_test_code_smell_ML,C:\Users\ismak\Documents\GitHub\relation_test_code_smell_ML\dataset\projects\guava\android\guava-tests\test\com\google\common\base\PredicatesTest.java,dataset/projects/guava/android/guava-tests/test/com/google/common/base/PredicatesTest.java,PredicatesTest.java,CollectionThatThrowsClassCastException,29,104,259,87,0,87,true,false,false,true,false,false,false,false,false,true
GitHub,relation_test_code_smell_ML,C:\Users\ismak\Documents\GitHub\relation_test_code_smell_ML\dataset\projects\guava\android\guava-tests\test\com\google\common\base\SplitterTest.java,dataset/projects/guava/android/guava-tests/test/com/google/common/base/SplitterTest.java,SplitterTest.java,SplitterTest,15,107,288,104,0,104,true,true,false,true,false,false,false,false,false,true
GitHub,relation_test_code_smell_ML,C:\Users\ismak\Documents\GitHub\relation_test_code_smell_ML\dataset\projects\guava\android\guava-tests\test\com\google\common\base\StandardSystemPropertyTest.java,dataset/projects/guava/android/guava-tests/test/com/google/common/base/StandardSystemPropertyTest.java,StandardSystemPropertyTest.java,StandardSystemPropertyTest,8,4,4,4,0,4,true,true,false,true,false,false,false,false,false,false
GitHub,relation_test_code_smell_ML,C:\Users\ismak\Documents\GitHub\relation_test_code_smell_ML\dataset\projects\guava\android\guava-tests\test\com\google\common\base\StopwatchTest.java,dataset/projects/guava/android/guava-tests/test/com/google/common/base/StopwatchTest.java,StopwatchTest.java,StopwatchTest,12,17,107,17,0,17,true,true,false,true,false,false,false,false,false,true
GitHub,relation_test_code_smell_ML,C:\Users\ismak\Documents\GitHub\relation_test_code_smell_ML\dataset\projects\guava\android\guava-tests\test\com\google\common\base\StringsTest.java,dataset/projects/guava/android/guava-tests/test/com/google/common/base/StringsTest.java,StringsTest.java,ThrowsOnToString,9,22,108,21,0,21,true,false,false,true,false,false,false,false,false,true
GitHub,relation_test_code_smell_ML,C:\Users\ismak\Documents\GitHub\relation_test_code_smell_ML\dataset\projects\guava\android\guava-tests\test\com\google\common\base\SuppliersTest.java,dataset/projects/guava/android/guava-tests/test/com/google/common/base/SuppliersTest.java,SuppliersTest.java,SerializableThrowingSupplier,23,38,130,24,0,24,true,false,false,true,false,false,false,false,false,true
GitHub,relation_test_code_smell_ML,C:\Users\ismak\Documents\GitHub\relation_test_code_smell_ML\dataset\projects\guava\android\guava-tests\test\com\google\common\base\TestExceptions.java,dataset/projects/guava/android/guava-tests/test/com/google/common/base/TestExceptions.java,TestExceptions.java,SomeChainingException,2,0,0,0,0,0,true,false,false,false,false,false,false,false,false,false
GitHub,relation_test_code_smell_ML,C:\Users\ismak\Documents\GitHub\relation_test_code_smell_ML\dataset\projects\guava\android\guava-tests\test\com\google\common\base\ThrowablesTest.java,dataset/projects/guava/android/guava-tests/test/com/google/common/base/ThrowablesTest.java,ThrowablesTest.java,StackTraceException,29,40,81,40,0,40,true,false,false,true,false,false,false,false,false,true
GitHub,relation_test_code_smell_ML,C:\Users\ismak\Documents\GitHub\relation_test_code_smell_ML\dataset\projects\guava\android\guava-tests\test\com\google\common\base\ToStringHelperTest.java,dataset/projects/guava/android/guava-tests/test/com/google/common/base/ToStringHelperTest.java,ToStringHelperTest.java,TestClass,14,52,152,52,0,52,true,true,false,true,false,false,false,false,false,false
GitHub,relation_test_code_smell_ML,C:\Users\ismak\Documents\GitHub\relation_test_code_smell_ML\dataset\projects\guava\android\guava-tests\test\com\google\common\base\Utf8Test.java,dataset/projects/guava/android/guava-tests/test/com/google/common/base/Utf8Test.java,Utf8Test.java,Utf8Test,18,17,66,12,0,12,true,true,false,true,false,false,false,false,false,false
GitHub,relation_test_code_smell_ML,C:\Users\ismak\Documents\GitHub\relation_test_code_smell_ML\dataset\projects\guava\android\guava-tests\test\com\google\common\base\VerifyTest.java,dataset/projects/guava/android/guava-tests/test/com/google/common/base/VerifyTest.java,VerifyTest.java,VerifyTest,10,13,17,11,0,11,true,true,false,true,false,false,false,false,false,false
GitHub,relation_test_code_smell_ML,C:\Users\ismak\Documents\GitHub\relation_test_code_smell_ML\dataset\projects\guava\android\guava-tests\test\com\google\common\cache\AbstractCacheTest.java,dataset/projects/guava/android/guava-tests/test/com/google/common/cache/AbstractCacheTest.java,AbstractCacheTest.java,AbstractCacheTest,10,13,75,8,0,8,true,true,false,true,false,false,false,false,false,false
GitHub,relation_test_code_smell_ML,C:\Users\ismak\Documents\GitHub\relation_test_code_smell_ML\dataset\projects\guava\android\guava-tests\test\com\google\common\cache\AbstractLoadingCacheTest.java,dataset/projects/guava/android/guava-tests/test/com/google/common/cache/AbstractLoadingCacheTest.java,AbstractLoadingCacheTest.java,AbstractLoadingCacheTest,11,12,48,4,0,4,true,true,false,true,false,false,false,false,false,false
GitHub,relation_test_code_smell_ML,C:\Users\ismak\Documents\GitHub\relation_test_code_smell_ML\dataset\projects\guava\android\guava-tests\test\com\google\common\cache\CacheBuilderGwtTest.java,dataset/projects/guava/android/guava-tests/test/com/google/common/cache/CacheBuilderGwtTest.java,CacheBuilderGwtTest.java,CacheBuilderGwtTest,20,22,231,19,19,0,true,true,false,false,true,false,false,false,false,true
GitHub,relation_test_code_smell_ML,C:\Users\ismak\Documents\GitHub\relation_test_code_smell_ML\dataset\projects\guava\android\guava-tests\test\com\google\common\cache\CacheBuilderSpecTest.java,dataset/projects/guava/android/guava-tests/test/com/google/common/cache/CacheBuilderSpecTest.java,CacheBuilderSpecTest.java,CacheBuilderSpecTest,16,44,214,43,0,43,true,true,false,true,false,false,false,false,false,true
GitHub,relation_test_code_smell_ML,C:\Users\ismak\Documents\GitHub\relation_test_code_smell_ML\dataset\projects\guava\android\guava-tests\test\com\google\common\cache\CacheBuilderTest.java,dataset/projects/guava/android/guava-tests/test/com/google/common/cache/CacheBuilderTest.java,CacheBuilderTest.java,DelayingIdentityLoader,35,49,182,46,0,46,true,false,false,true,false,false,false,false,false,true
GitHub,relation_test_code_smell_ML,C:\Users\ismak\Documents\GitHub\relation_test_code_smell_ML\dataset\projects\guava\android\guava-tests\test\com\google\common\cache\CacheEvictionTest.java,dataset/projects/guava/android/guava-tests/test/com/google/common/cache/CacheEvictionTest.java,CacheEvictionTest.java,CacheEvictionTest,17,20,161,15,0,15,true,true,false,true,false,false,false,false,false,false
GitHub,relation_test_code_smell_ML,C:\Users\ismak\Documents\GitHub\relation_test_code_smell_ML\dataset\projects\guava\android\guava-tests\test\com\google\common\cache\CacheExpirationTest.java,dataset/projects/guava/android/guava-tests/test/com/google/common/cache/CacheExpirationTest.java,CacheExpirationTest.java,WatchedCreatorLoader,22,22,181,12,0,12,true,false,false,true,false,false,false,false,false,false
GitHub,relation_test_code_smell_ML,C:\Users\ismak\Documents\GitHub\relation_test_code_smell_ML\dataset\projects\guava\android\guava-tests\test\com\google\common\cache\CacheLoaderTest.java,dataset/projects/guava/android/guava-tests/test/com/google/common/cache/CacheLoaderTest.java,CacheLoaderTest.java,QueuingExecutor,14,6,33,1,0,1,true,false,false,true,false,false,false,false,false,false
GitHub,relation_test_code_smell_ML,C:\Users\ismak\Documents\GitHub\relation_test_code_smell_ML\dataset\projects\guava\android\guava-tests\test\com\google\common\cache\CacheLoadingTest.java,dataset/projects/guava/android/guava-tests/test/com/google/common/cache/CacheLoadingTest.java,CacheLoadingTest.java,CacheLoadingTest,43,126,1351,51,0,51,true,true,false,true,false,false,false,false,false,true
GitHub,relation_test_code_smell_ML,C:\Users\ismak\Documents\GitHub\relation_test_code_smell_ML\dataset\projects\guava\android\guava-tests\test\com\google\common\cache\CacheManualTest.java,dataset/projects/guava/android/guava-tests/test/com/google/common/cache/CacheManualTest.java,CacheManualTest.java,CacheManualTest,8,2,103,2,0,2,true,true,false,true,false,false,false,false,false,false
GitHub,relation_test_code_smell_ML,C:\Users\ismak\Documents\GitHub\relation_test_code_smell_ML\dataset\projects\guava\android\guava-tests\test\com\google\common\cache\CacheReferencesTest.java,dataset/projects/guava/android/guava-tests/test/com/google/common/cache/CacheReferencesTest.java,CacheReferencesTest.java,Key,11,8,13,4,0,4,true,false,false,true,false,false,false,false,false,false
GitHub,relation_test_code_smell_ML,C:\Users\ismak\Documents\GitHub\relation_test_code_smell_ML\dataset\projects\guava\android\guava-tests\test\com\google\common\cache\CacheRefreshTest.java,dataset/projects/guava/android/guava-tests/test/com/google/common/cache/CacheRefreshTest.java,CacheRefreshTest.java,CacheRefreshTest,9,1,46,1,0,1,true,true,false,true,false,false,false,false,false,false
GitHub,relation_test_code_smell_ML,C:\Users\ismak\Documents\GitHub\relation_test_code_smell_ML\dataset\projects\guava\android\guava-tests\test\com\google\common\cache\CacheStatsTest.java,dataset/projects/guava/android/guava-tests/test/com/google/common/cache/CacheStatsTest.java,CacheStatsTest.java,CacheStatsTest,3,5,74,5,0,5,true,true,false,true,false,false,false,false,false,false
GitHub,relation_test_code_smell_ML,C:\Users\ismak\Documents\GitHub\relation_test_code_smell_ML\dataset\projects\guava\android\guava-tests\test\com\google\common\cache\EmptyCachesTest.java,dataset/projects/guava/android/guava-tests/test/com/google/common/cache/EmptyCachesTest.java,EmptyCachesTest.java,EmptyCachesTest,20,26,27,22,0,22,true,true,false,true,false,false,false,false,false,false
GitHub,relation_test_code_smell_ML,C:\Users\ismak\Documents\GitHub\relation_test_code_smell_ML\dataset\projects\guava\android\guava-tests\test\com\google\common\cache\ForwardingCacheTest.java,dataset/projects/guava/android/guava-tests/test/com/google/common/cache/ForwardingCacheTest.java,ForwardingCacheTest.java,OnlyGet,12,12,24,9,0,9,true,false,false,true,false,false,false,false,false,false
GitHub,relation_test_code_smell_ML,C:\Users\ismak\Documents\GitHub\relation_test_code_smell_ML\dataset\projects\guava\android\guava-tests\test\com\google\common\cache\ForwardingLoadingCacheTest.java,dataset/projects/guava/android/guava-tests/test/com/google/common/cache/ForwardingLoadingCacheTest.java,ForwardingLoadingCacheTest.java,OnlyGet,13,14,28,11,0,11,true,false,false,true,false,false,false,false,false,false
GitHub,relation_test_code_smell_ML,C:\Users\ismak\Documents\GitHub\relation_test_code_smell_ML\dataset\projects\guava\android\guava-tests\test\com\google\common\cache\LocalCacheTest.java,dataset/projects/guava/android/guava-tests/test/com/google/common/cache/LocalCacheTest.java,LocalCacheTest.java,SerializableWeigher,73,162,1200,76,0,76,true,false,true,true,false,false,false,false,false,true
GitHub,relation_test_code_smell_ML,C:\Users\ismak\Documents\GitHub\relation_test_code_smell_ML\dataset\projects\guava\android\guava-tests\test\com\google\common\cache\LocalLoadingCacheTest.java,dataset/projects/guava/android/guava-tests/test/com/google/common/cache/LocalLoadingCacheTest.java,LocalLoadingCacheTest.java,LocalLoadingCacheTest,19,15,191,9,0,9,true,true,false,true,false,false,false,false,false,true
GitHub,relation_test_code_smell_ML,C:\Users\ismak\Documents\GitHub\relation_test_code_smell_ML\dataset\projects\guava\android\guava-tests\test\com\google\common\cache\LongAdderTest.java,dataset/projects/guava/android/guava-tests/test/com/google/common/cache/LongAdderTest.java,LongAdderTest.java,LongAdderTest,3,2,5,2,0,2,true,true,false,true,false,false,false,false,false,false
GitHub,relation_test_code_smell_ML,C:\Users\ismak\Documents\GitHub\relation_test_code_smell_ML\dataset\projects\guava\android\guava-tests\test\com\google\common\cache\NullCacheTest.java,dataset/projects/guava/android/guava-tests/test/com/google/common/cache/NullCacheTest.java,NullCacheTest.java,NullCacheTest,14,6,41,5,0,5,true,true,false,true,false,false,false,false,false,false
GitHub,relation_test_code_smell_ML,C:\Users\ismak\Documents\GitHub\relation_test_code_smell_ML\dataset\projects\guava\android\guava-tests\test\com\google\common\cache\PackageSanityTests.java,dataset/projects/guava/android/guava-tests/test/com/google/common/cache/PackageSanityTests.java,PackageSanityTests.java,PackageSanityTests,4,1,1,0,0,0,true,true,false,false,false,false,false,false,false,false
GitHub,relation_test_code_smell_ML,C:\Users\ismak\Documents\GitHub\relation_test_code_smell_ML\dataset\projects\guava\android\guava-tests\test\com\google\common\cache\PopulatedCachesTest.java,dataset/projects/guava/android/guava-tests/test/com/google/common/cache/PopulatedCachesTest.java,PopulatedCachesTest.java,PopulatedCachesTest,28,19,29,12,0,12,true,true,false,true,false,false,false,false,false,false
GitHub,relation_test_code_smell_ML,C:\Users\ismak\Documents\GitHub\relation_test_code_smell_ML\dataset\projects\guava\android\guava-tests\test\com\google\common\cache\RemovalNotificationTest.java,dataset/projects/guava/android/guava-tests/test/com/google/common/cache/RemovalNotificationTest.java,RemovalNotificationTest.java,RemovalNotificationTest,3,1,1,1,0,1,true,true,false,true,false,false,false,false,false,false
GitHub,relation_test_code_smell_ML,C:\Users\ismak\Documents\GitHub\relation_test_code_smell_ML\dataset\projects\guava\android\guava-tests\test\com\google\common\cache\TestingCacheLoaders.java,dataset/projects/guava/android/guava-tests/test/com/google/common/cache/TestingCacheLoaders.java,TestingCacheLoaders.java,IdentityLoader,12,18,26,0,0,0,true,false,false,false,false,false,false,false,false,false
GitHub,relation_test_code_smell_ML,C:\Users\ismak\Documents\GitHub\relation_test_code_smell_ML\dataset\projects\guava\android\guava-tests\test\com\google\common\cache\TestingRemovalListeners.java,dataset/projects/guava/android/guava-tests/test/com/google/common/cache/TestingRemovalListeners.java,TestingRemovalListeners.java,NullRemovalListener,7,10,10,0,0,0,true,false,false,false,false,false,false,false,false,false
GitHub,relation_test_code_smell_ML,C:\Users\ismak\Documents\GitHub\relation_test_code_smell_ML\dataset\projects\guava\android\guava-tests\test\com\google\common\cache\TestingWeighers.java,dataset/projects/guava/android/guava-tests/test/com/google/common/cache/TestingWeighers.java,TestingWeighers.java,IntValueWeigher,3,6,6,0,0,0,true,false,false,false,false,false,false,false,false,false
GitHub,relation_test_code_smell_ML,C:\Users\ismak\Documents\GitHub\relation_test_code_smell_ML\dataset\projects\guava\android\guava-tests\test\com\google\common\collect\AbstractBiMapTest.java,dataset/projects/guava/android/guava-tests/test/com/google/common/collect/AbstractBiMapTest.java,AbstractBiMapTest.java,AbstractBiMapTest,5,2,24,2,0,2,true,true,false,true,false,false,false,false,false,false
GitHub,relation_test_code_smell_ML,C:\Users\ismak\Documents\GitHub\relation_test_code_smell_ML\dataset\projects\guava\android\guava-tests\test\com\google\common\collect\AbstractFilteredMapTest.java,dataset/projects/guava/android/guava-tests/test/com/google/common/collect/AbstractFilteredMapTest.java,AbstractFilteredMapTest.java,AbstractFilteredMapTest,12,12,95,11,0,11,true,true,false,true,false,false,false,false,false,false
GitHub,relation_test_code_smell_ML,C:\Users\ismak\Documents\GitHub\relation_test_code_smell_ML\dataset\projects\guava\android\guava-tests\test\com\google\common\collect\AbstractImmutableBiMapMapInterfaceTest.java,dataset/projects/guava/android/guava-tests/test/com/google/common/collect/AbstractImmutableBiMapMapInterfaceTest.java,AbstractImmutableBiMapMapInterfaceTest.java,AbstractImmutableBiMapMapInterfaceTest,8,2,9,0,0,0,true,true,false,false,false,false,false,false,false,false
GitHub,relation_test_code_smell_ML,C:\Users\ismak\Documents\GitHub\relation_test_code_smell_ML\dataset\projects\guava\android\guava-tests\test\com\google\common\collect\AbstractImmutableMapMapInterfaceTest.java,dataset/projects/guava/android/guava-tests/test/com/google/common/collect/AbstractImmutableMapMapInterfaceTest.java,AbstractImmutableMapMapInterfaceTest.java,AbstractImmutableMapMapInterfaceTest,9,2,8,0,0,0,true,true,false,false,false,false,false,false,false,true
GitHub,relation_test_code_smell_ML,C:\Users\ismak\Documents\GitHub\relation_test_code_smell_ML\dataset\projects\guava\android\guava-tests\test\com\google\common\collect\AbstractImmutableSetTest.java,dataset/projects/guava/android/guava-tests/test/com/google/common/collect/AbstractImmutableSetTest.java,AbstractImmutableSetTest.java,MutatedOnQueryList,27,61,145,43,0,43,true,false,false,true,false,false,false,false,false,true
GitHub,relation_test_code_smell_ML,C:\Users\ismak\Documents\GitHub\relation_test_code_smell_ML\dataset\projects\guava\android\guava-tests\test\com\google\common\collect\AbstractImmutableSortedMapMapInterfaceTest.java,dataset/projects/guava/android/guava-tests/test/com/google/common/collect/AbstractImmutableSortedMapMapInterfaceTest.java,AbstractImmutableSortedMapMapInterfaceTest.java,AbstractImmutableSortedMapMapInterfaceTest,9,2,8,0,0,0,true,true,false,false,false,false,false,false,false,true
GitHub,relation_test_code_smell_ML,C:\Users\ismak\Documents\GitHub\relation_test_code_smell_ML\dataset\projects\guava\android\guava-tests\test\com\google\common\collect\AbstractImmutableTableTest.java,dataset/projects/guava/android/guava-tests/test/com/google/common/collect/AbstractImmutableTableTest.java,AbstractImmutableTableTest.java,AbstractImmutableTableTest,5,7,6,6,0,6,true,true,false,true,false,false,false,false,false,false
GitHub,relation_test_code_smell_ML,C:\Users\ismak\Documents\GitHub\relation_test_code_smell_ML\dataset\projects\guava\android\guava-tests\test\com\google\common\collect\AbstractIteratorTest.java,dataset/projects/guava/android/guava-tests/test/com/google/common/collect/AbstractIteratorTest.java,AbstractIteratorTest.java,AbstractIteratorTest,15,19,58,9,0,9,true,true,false,true,false,false,false,false,false,false
GitHub,relation_test_code_smell_ML,C:\Users\ismak\Documents\GitHub\relation_test_code_smell_ML\dataset\projects\guava\android\guava-tests\test\com\google\common\collect\AbstractMapEntryTest.java,dataset/projects/guava/android/guava-tests/test/com/google/common/collect/AbstractMapEntryTest.java,AbstractMapEntryTest.java,AbstractMapEntryTest,8,7,9,3,0,3,true,true,false,true,false,false,false,false,false,false
GitHub,relation_test_code_smell_ML,C:\Users\ismak\Documents\GitHub\relation_test_code_smell_ML\dataset\projects\guava\android\guava-tests\test\com\google\common\collect\AbstractMapsTransformValuesTest.java,dataset/projects/guava/android/guava-tests/test/com/google/common/collect/AbstractMapsTransformValuesTest.java,AbstractMapsTransformValuesTest.java,AbstractMapsTransformValuesTest,18,17,115,12,0,12,true,true,false,false,false,false,false,false,false,false
GitHub,relation_test_code_smell_ML,C:\Users\ismak\Documents\GitHub\relation_test_code_smell_ML\dataset\projects\guava\android\guava-tests\test\com\google\common\collect\AbstractMultimapAsMapImplementsMapTest.java,dataset/projects/guava/android/guava-tests/test/com/google/common/collect/AbstractMultimapAsMapImplementsMapTest.java,AbstractMultimapAsMapImplementsMapTest.java,AbstractMultimapAsMapImplementsMapTest,7,4,13,1,0,1,true,true,false,false,false,false,false,false,false,false
GitHub,relation_test_code_smell_ML,C:\Users\ismak\Documents\GitHub\relation_test_code_smell_ML\dataset\projects\guava\android\guava-tests\test\com\google\common\collect\AbstractRangeSetTest.java,dataset/projects/guava/android/guava-tests/test/com/google/common/collect/AbstractRangeSetTest.java,AbstractRangeSetTest.java,AbstractRangeSetTest,8,2,14,2,0,2,true,true,false,true,false,false,false,false,false,false
GitHub,relation_test_code_smell_ML,C:\Users\ismak\Documents\GitHub\relation_test_code_smell_ML\dataset\projects\guava\android\guava-tests\test\com\google\common\collect\AbstractSequentialIteratorTest.java,dataset/projects/guava/android/guava-tests/test/com/google/common/collect/AbstractSequentialIteratorTest.java,AbstractSequentialIteratorTest.java,BrokenAbstractSequentialIterator,13,13,22,5,0,5,true,false,false,true,false,false,false,false,false,false
GitHub,relation_test_code_smell_ML,C:\Users\ismak\Documents\GitHub\relation_test_code_smell_ML\dataset\projects\guava\android\guava-tests\test\com\google\common\collect\AbstractTableReadTest.java,dataset/projects/guava/android/guava-tests/test/com/google/common/collect/AbstractTableReadTest.java,AbstractTableReadTest.java,AbstractTableReadTest,11,19,69,16,0,16,true,true,false,true,false,false,false,false,false,false
GitHub,relation_test_code_smell_ML,C:\Users\ismak\Documents\GitHub\relation_test_code_smell_ML\dataset\projects\guava\android\guava-tests\test\com\google\common\collect\AbstractTableTest.java,dataset/projects/guava/android/guava-tests/test/com/google/common/collect/AbstractTableTest.java,AbstractTableTest.java,AbstractTableTest,8,12,41,7,0,7,true,true,false,false,false,false,false,false,false,false
GitHub,relation_test_code_smell_ML,C:\Users\ismak\Documents\GitHub\relation_test_code_smell_ML\dataset\projects\guava\android\guava-tests\test\com\google\common\collect\ArrayListMultimapTest.java,dataset/projects/guava/android/guava-tests/test/com/google/common/collect/ArrayListMultimapTest.java,ArrayListMultimapTest.java,ArrayListMultimapTest,19,14,59,11,0,11,true,true,true,true,false,false,false,false,false,false
GitHub,relation_test_code_smell_ML,C:\Users\ismak\Documents\GitHub\relation_test_code_smell_ML\dataset\projects\guava\android\guava-tests\test\com\google\common\collect\ArrayTableColumnMapTest.java,dataset/projects/guava/android/guava-tests/test/com/google/common/collect/ArrayTableColumnMapTest.java,ArrayTableColumnMapTest.java,ArrayTableColumnMapTest,5,2,2,0,0,0,true,true,false,false,false,false,false,false,false,true
GitHub,relation_test_code_smell_ML,C:\Users\ismak\Documents\GitHub\relation_test_code_smell_ML\dataset\projects\guava\android\guava-tests\test\com\google\common\collect\ArrayTableColumnTest.java,dataset/projects/guava/android/guava-tests/test/com/google/common/collect/ArrayTableColumnTest.java,ArrayTableColumnTest.java,ArrayTableColumnTest,5,3,3,0,0,0,true,true,false,false,false,false,false,false,false,true
GitHub,relation_test_code_smell_ML,C:\Users\ismak\Documents\GitHub\relation_test_code_smell_ML\dataset\projects\guava\android\guava-tests\test\com\google\common\collect\ArrayTableRowMapTest.java,dataset/projects/guava/android/guava-tests/test/com/google/common/collect/ArrayTableRowMapTest.java,ArrayTableRowMapTest.java,ArrayTableRowMapTest,5,2,2,0,0,0,true,true,false,false,false,false,false,false,false,true
GitHub,relation_test_code_smell_ML,C:\Users\ismak\Documents\GitHub\relation_test_code_smell_ML\dataset\projects\guava\android\guava-tests\test\com\google\common\collect\ArrayTableRowTest.java,dataset/projects/guava/android/guava-tests/test/com/google/common/collect/ArrayTableRowTest.java,ArrayTableRowTest.java,ArrayTableRowTest,5,3,3,0,0,0,true,true,false,false,false,false,false,false,false,true
GitHub,relation_test_code_smell_ML,C:\Users\ismak\Documents\GitHub\relation_test_code_smell_ML\dataset\projects\guava\android\guava-tests\test\com\google\common\collect\ArrayTableTest.java,dataset/projects/guava/android/guava-tests/test/com/google/common/collect/ArrayTableTest.java,ArrayTableTest.java,ArrayTableTest,17,47,213,43,0,43,true,true,false,false,false,false,false,false,false,true
GitHub,relation_test_code_smell_ML,C:\Users\ismak\Documents\GitHub\relation_test_code_smell_ML\dataset\projects\guava\android\guava-tests\test\com\google\common\collect\Collections2FilterArrayListTest.java,dataset/projects/guava/android/guava-tests/test/com/google/common/collect/Collections2FilterArrayListTest.java,Collections2FilterArrayListTest.java,Collections2FilterArrayListTest,5,2,2,0,0,0,true,true,false,false,false,false,false,false,false,false
GitHub,relation_test_code_smell_ML,C:\Users\ismak\Documents\GitHub\relation_test_code_smell_ML\dataset\projects\guava\android\guava-tests\test\com\google\common\collect\Collections2Test.java,dataset/projects/guava/android/guava-tests/test/com/google/common/collect/Collections2Test.java,Collections2Test.java,Collections2Test,28,35,181,25,0,25,true,true,true,true,false,false,false,false,false,false
GitHub,relation_test_code_smell_ML,C:\Users\ismak\Documents\GitHub\relation_test_code_smell_ML\dataset\projects\guava\android\guava-tests\test\com\google\common\collect\CollectSpliteratorsTest.java,dataset/projects/guava/android/guava-tests/test/com/google/common/collect/CollectSpliteratorsTest.java,CollectSpliteratorsTest.java,CollectSpliteratorsTest,14,7,13,7,0,7,true,true,false,true,false,false,false,false,false,false
GitHub,relation_test_code_smell_ML,C:\Users\ismak\Documents\GitHub\relation_test_code_smell_ML\dataset\projects\guava\android\guava-tests\test\com\google\common\collect\CompactHashMapTest.java,dataset/projects/guava/android/guava-tests/test/com/google/common/collect/CompactHashMapTest.java,CompactHashMapTest.java,CompactHashMapTest,14,6,32,4,0,4,true,true,true,true,false,false,false,false,false,false
GitHub,relation_test_code_smell_ML,C:\Users\ismak\Documents\GitHub\relation_test_code_smell_ML\dataset\projects\guava\android\guava-tests\test\com\google\common\collect\CompactHashSetTest.java,dataset/projects/guava/android/guava-tests/test/com/google/common/collect/CompactHashSetTest.java,CompactHashSetTest.java,CompactHashSetTest,16,5,19,2,0,2,true,true,true,true,false,false,false,false,false,false
GitHub,relation_test_code_smell_ML,C:\Users\ismak\Documents\GitHub\relation_test_code_smell_ML\dataset\projects\guava\android\guava-tests\test\com\google\common\collect\CompactLinkedHashMapTest.java,dataset/projects/guava/android/guava-tests/test/com/google/common/collect/CompactLinkedHashMapTest.java,CompactLinkedHashMapTest.java,CompactLinkedHashMapTest,16,11,73,9,0,9,true,true,true,true,false,false,false,false,false,false
GitHub,relation_test_code_smell_ML,C:\Users\ismak\Documents\GitHub\relation_test_code_smell_ML\dataset\projects\guava\android\guava-tests\test\com\google\common\collect\CompactLinkedHashSetTest.java,dataset/projects/guava/android/guava-tests/test/com/google/common/collect/CompactLinkedHashSetTest.java,CompactLinkedHashSetTest.java,CompactLinkedHashSetTest,16,4,13,2,0,2,true,true,true,true,false,false,false,false,false,false
GitHub,relation_test_code_smell_ML,C:\Users\ismak\Documents\GitHub\relation_test_code_smell_ML\dataset\projects\guava\android\guava-tests\test\com\google\common\collect\ComparatorsTest.java,dataset/projects/guava/android/guava-tests/test/com/google/common/collect/ComparatorsTest.java,ComparatorsTest.java,Foo,21,13,64,10,0,10,true,false,false,true,false,false,false,false,false,false
GitHub,relation_test_code_smell_ML,C:\Users\ismak\Documents\GitHub\relation_test_code_smell_ML\dataset\projects\guava\android\guava-tests\test\com\google\common\collect\ComparisonChainTest.java,dataset/projects/guava/android/guava-tests/test/com/google/common/collect/ComparisonChainTest.java,ComparisonChainTest.java,DontCompareMe,5,11,17,10,0,10,true,false,false,true,false,false,false,false,false,false
GitHub,relation_test_code_smell_ML,C:\Users\ismak\Documents\GitHub\relation_test_code_smell_ML\dataset\projects\guava\android\guava-tests\test\com\google\common\collect\ConcurrentHashMultisetBasherTest.java,dataset/projects/guava/android/guava-tests/test/com/google/common/collect/ConcurrentHashMultisetBasherTest.java,ConcurrentHashMultisetBasherTest.java,MutateTask,17,5,19,4,0,4,true,false,false,true,false,false,false,false,false,false
GitHub,relation_test_code_smell_ML,C:\Users\ismak\Documents\GitHub\relation_test_code_smell_ML\dataset\projects\guava\android\guava-tests\test\com\google\common\collect\ConcurrentHashMultisetTest.java,dataset/projects/guava/android/guava-tests/test/com/google/common/collect/ConcurrentHashMultisetTest.java,ConcurrentHashMultisetTest.java,ContainsBothWithContainsMultisetFirst,27,37,183,30,0,30,true,false,true,true,false,false,false,false,false,false
GitHub,relation_test_code_smell_ML,C:\Users\ismak\Documents\GitHub\relation_test_code_smell_ML\dataset\projects\guava\android\guava-tests\test\com\google\common\collect\ContiguousSetTest.java,dataset/projects/guava/android/guava-tests/test/com/google/common/collect/ContiguousSetTest.java,ContiguousSetTest.java,BuiltTests,31,35,142,26,0,26,true,true,true,true,false,false,false,false,false,true
GitHub,relation_test_code_smell_ML,C:\Users\ismak\Documents\GitHub\relation_test_code_smell_ML\dataset\projects\guava\android\guava-tests\test\com\google\common\collect\CountTest.java,dataset/projects/guava/android/guava-tests/test/com/google/common/collect/CountTest.java,CountTest.java,CountTest,3,5,13,5,0,5,true,true,false,true,false,false,false,false,false,false
GitHub,relation_test_code_smell_ML,C:\Users\ismak\Documents\GitHub\relation_test_code_smell_ML\dataset\projects\guava\android\guava-tests\test\com\google\common\collect\DiscreteDomainTest.java,dataset/projects/guava/android/guava-tests/test/com/google/common/collect/DiscreteDomainTest.java,DiscreteDomainTest.java,MyIntegerDomain,6,13,21,8,0,8,true,false,false,true,false,false,false,false,false,false
GitHub,relation_test_code_smell_ML,C:\Users\ismak\Documents\GitHub\relation_test_code_smell_ML\dataset\projects\guava\android\guava-tests\test\com\google\common\collect\EmptyImmutableTableTest.java,dataset/projects/guava/android/guava-tests/test/com/google/common/collect/EmptyImmutableTableTest.java,EmptyImmutableTableTest.java,EmptyImmutableTableTest,5,20,22,19,0,19,true,true,false,false,false,false,false,false,false,false
GitHub,relation_test_code_smell_ML,C:\Users\ismak\Documents\GitHub\relation_test_code_smell_ML\dataset\projects\guava\android\guava-tests\test\com\google\common\collect\EnumBiMapTest.java,dataset/projects/guava/android/guava-tests/test/com/google/common/collect/EnumBiMapTest.java,EnumBiMapTest.java,EnumBiMapGenerator,27,19,78,12,0,12,true,false,true,true,false,false,false,false,false,false
GitHub,relation_test_code_smell_ML,C:\Users\ismak\Documents\GitHub\relation_test_code_smell_ML\dataset\projects\guava\android\guava-tests\test\com\google\common\collect\EnumHashBiMapTest.java,dataset/projects/guava/android/guava-tests/test/com/google/common/collect/EnumHashBiMapTest.java,EnumHashBiMapTest.java,EnumHashBiMapGenerator,24,15,64,8,0,8,true,false,true,true,false,false,false,false,false,false
GitHub,relation_test_code_smell_ML,C:\Users\ismak\Documents\GitHub\relation_test_code_smell_ML\dataset\projects\guava\android\guava-tests\test\com\google\common\collect\EnumMultisetTest.java,dataset/projects/guava/android/guava-tests/test/com/google/common/collect/EnumMultisetTest.java,EnumMultisetTest.java,EnumMultisetFactory,24,14,39,10,0,10,true,false,true,true,false,false,false,false,false,false
GitHub,relation_test_code_smell_ML,C:\Users\ismak\Documents\GitHub\relation_test_code_smell_ML\dataset\projects\guava\android\guava-tests\test\com\google\common\collect\EvictingQueueTest.java,dataset/projects/guava/android/guava-tests/test/com/google/common/collect/EvictingQueueTest.java,EvictingQueueTest.java,EvictingQueueTest,12,13,104,11,0,11,true,true,false,true,false,false,false,false,false,false
GitHub,relation_test_code_smell_ML,C:\Users\ismak\Documents\GitHub\relation_test_code_smell_ML\dataset\projects\guava\android\guava-tests\test\com\google\common\collect\FauxveridesTest.java,dataset/projects/guava/android/guava-tests/test/com/google/common/collect/FauxveridesTest.java,FauxveridesTest.java,TypeParameterSignature,21,29,46,9,0,9,true,false,false,true,false,false,false,false,false,false
GitHub,relation_test_code_smell_ML,C:\Users\ismak\Documents\GitHub\relation_test_code_smell_ML\dataset\projects\guava\android\guava-tests\test\com\google\common\collect\FilteredBiMapTest.java,dataset/projects/guava/android/guava-tests/test/com/google/common/collect/FilteredBiMapTest.java,FilteredBiMapTest.java,FilteredBiMapTest,2,1,1,0,0,0,true,true,false,false,false,false,false,false,false,false
GitHub,relation_test_code_smell_ML,C:\Users\ismak\Documents\GitHub\relation_test_code_smell_ML\dataset\projects\guava\android\guava-tests\test\com\google\common\collect\FilteredMapTest.java,dataset/projects/guava/android/guava-tests/test/com/google/common/collect/FilteredMapTest.java,FilteredMapTest.java,FilteredMapTest,4,1,1,0,0,0,true,true,false,false,false,false,false,false,false,false
GitHub,relation_test_code_smell_ML,C:\Users\ismak\Documents\GitHub\relation_test_code_smell_ML\dataset\projects\guava\android\guava-tests\test\com\google\common\collect\FilteredMultimapTest.java,dataset/projects/guava/android/guava-tests/test/com/google/common/collect/FilteredMultimapTest.java,FilteredMultimapTest.java,FilteredMultimapTest,9,4,27,3,0,3,true,true,false,true,false,false,false,false,false,true
GitHub,relation_test_code_smell_ML,C:\Users\ismak\Documents\GitHub\relation_test_code_smell_ML\dataset\projects\guava\android\guava-tests\test\com\google\common\collect\FilteredSortedMapTest.java,dataset/projects/guava/android/guava-tests/test/com/google/common/collect/FilteredSortedMapTest.java,FilteredSortedMapTest.java,FilteredSortedMapTest,6,3,22,2,0,2,true,true,false,false,false,false,false,false,false,false
GitHub,relation_test_code_smell_ML,C:\Users\ismak\Documents\GitHub\relation_test_code_smell_ML\dataset\projects\guava\android\guava-tests\test\com\google\common\collect\FluentIterableTest.java,dataset/projects/guava/android/guava-tests/test/com/google/common/collect/FluentIterableTest.java,FluentIterableTest.java,RepeatedStringValueOfWildcardFunction,37,121,284,104,0,104,true,false,false,true,false,false,false,false,false,false
GitHub,relation_test_code_smell_ML,C:\Users\ismak\Documents\GitHub\relation_test_code_smell_ML\dataset\projects\guava\android\guava-tests\test\com\google\common\collect\ForMapMultimapAsMapImplementsMapTest.java,dataset/projects/guava/android/guava-tests/test/com/google/common/collect/ForMapMultimapAsMapImplementsMapTest.java,ForMapMultimapAsMapImplementsMapTest.java,ForMapMultimapAsMapImplementsMapTest,6,8,13,6,0,6,true,true,false,false,false,false,false,false,false,false
GitHub,relation_test_code_smell_ML,C:\Users\ismak\Documents\GitHub\relation_test_code_smell_ML\dataset\projects\guava\android\guava-tests\test\com\google\common\collect\ForwardingCollectionTest.java,dataset/projects/guava/android/guava-tests/test/com/google/common/collect/ForwardingCollectionTest.java,ForwardingCollectionTest.java,StandardImplForwardingCollection,14,18,22,1,0,1,true,false,true,true,false,false,false,false,false,false
GitHub,relation_test_code_smell_ML,C:\Users\ismak\Documents\GitHub\relation_test_code_smell_ML\dataset\projects\guava\android\guava-tests\test\com\google\common\collect\ForwardingConcurrentMapTest.java,dataset/projects/guava/android/guava-tests/test/com/google/common/collect/ForwardingConcurrentMapTest.java,ForwardingConcurrentMapTest.java,TestMap,5,5,28,4,0,4,true,true,false,true,false,false,false,false,false,false
GitHub,relation_test_code_smell_ML,C:\Users\ismak\Documents\GitHub\relation_test_code_smell_ML\dataset\projects\guava\android\guava-tests\test\com\google\common\collect\ForwardingDequeTest.java,dataset/projects/guava/android/guava-tests/test/com/google/common/collect/ForwardingDequeTest.java,ForwardingDequeTest.java,ForwardingDequeTest,5,4,4,1,0,1,true,true,false,true,false,false,false,false,false,false
GitHub,relation_test_code_smell_ML,C:\Users\ismak\Documents\GitHub\relation_test_code_smell_ML\dataset\projects\guava\android\guava-tests\test\com\google\common\collect\ForwardingListIteratorTest.java,dataset/projects/guava/android/guava-tests/test/com/google/common/collect/ForwardingListIteratorTest.java,ForwardingListIteratorTest.java,ForwardingListIteratorTest,5,4,4,1,0,1,true,true,false,true,false,false,false,false,false,false
GitHub,relation_test_code_smell_ML,C:\Users\ismak\Documents\GitHub\relation_test_code_smell_ML\dataset\projects\guava\android\guava-tests\test\com\google\common\collect\ForwardingListMultimapTest.java,dataset/projects/guava/android/guava-tests/test/com/google/common/collect/ForwardingListMultimapTest.java,ForwardingListMultimapTest.java,ForwardingListMultimapTest,5,5,7,2,0,2,true,true,false,true,false,false,false,false,false,false
GitHub,relation_test_code_smell_ML,C:\Users\ismak\Documents\GitHub\relation_test_code_smell_ML\dataset\projects\guava\android\guava-tests\test\com\google\common\collect\ForwardingListTest.java,dataset/projects/guava/android/guava-tests/test/com/google/common/collect/ForwardingListTest.java,ForwardingListTest.java,StandardImplForwardingList,18,29,35,2,0,2,true,false,true,true,false,false,false,false,false,false
GitHub,relation_test_code_smell_ML,C:\Users\ismak\Documents\GitHub\relation_test_code_smell_ML\dataset\projects\guava\android\guava-tests\test\com\google\common\collect\ForwardingMapTest.java,dataset/projects/guava/android/guava-tests/test/com/google/common/collect/ForwardingMapTest.java,ForwardingMapTest.java,StandardImplForwardingMap,37,37,88,7,0,7,true,false,true,true,false,false,false,false,false,true
GitHub,relation_test_code_smell_ML,C:\Users\ismak\Documents\GitHub\relation_test_code_smell_ML\dataset\projects\guava\android\guava-tests\test\com\google\common\collect\ForwardingMultimapTest.java,dataset/projects/guava/android/guava-tests/test/com/google/common/collect/ForwardingMultimapTest.java,ForwardingMultimapTest.java,ForwardingMultimapTest,5,5,7,2,0,2,true,true,false,true,false,false,false,false,false,false
GitHub,relation_test_code_smell_ML,C:\Users\ismak\Documents\GitHub\relation_test_code_smell_ML\dataset\projects\guava\android\guava-tests\test\com\google\common\collect\ForwardingMultisetTest.java,dataset/projects/guava/android/guava-tests/test/com/google/common/collect/ForwardingMultisetTest.java,ForwardingMultisetTest.java,StandardImplForwardingMultiset,19,54,63,2,0,2,true,false,true,true,false,false,false,false,false,false
GitHub,relation_test_code_smell_ML,C:\Users\ismak\Documents\GitHub\relation_test_code_smell_ML\dataset\projects\guava\android\guava-tests\test\com\google\common\collect\ForwardingNavigableMapTest.java,dataset/projects/guava/android/guava-tests/test/com/google/common/collect/ForwardingNavigableMapTest.java,ForwardingNavigableMapTest.java,StandardLastEntryForwardingNavigableMap,25,43,59,3,0,3,true,false,true,true,false,false,false,false,false,true
GitHub,relation_test_code_smell_ML,C:\Users\ismak\Documents\GitHub\relation_test_code_smell_ML\dataset\projects\guava\android\guava-tests\test\com\google\common\collect\ForwardingNavigableSetTest.java,dataset/projects/guava/android/guava-tests/test/com/google/common/collect/ForwardingNavigableSetTest.java,ForwardingNavigableSetTest.java,StandardImplForwardingNavigableSet,22,32,40,2,0,2,true,false,true,true,false,false,false,false,false,false
GitHub,relation_test_code_smell_ML,C:\Users\ismak\Documents\GitHub\relation_test_code_smell_ML\dataset\projects\guava\android\guava-tests\test\com\google\common\collect\ForwardingObjectTest.java,dataset/projects/guava/android/guava-tests/test/com/google/common/collect/ForwardingObjectTest.java,ForwardingObjectTest.java,ForwardingObjectTest,5,4,8,2,0,2,true,true,false,true,false,false,false,false,false,false
GitHub,relation_test_code_smell_ML,C:\Users\ismak\Documents\GitHub\relation_test_code_smell_ML\dataset\projects\guava\android\guava-tests\test\com\google\common\collect\ForwardingQueueTest.java,dataset/projects/guava/android/guava-tests/test/com/google/common/collect/ForwardingQueueTest.java,ForwardingQueueTest.java,StandardImplForwardingQueue,15,20,23,1,0,1,true,false,true,true,false,false,false,false,false,false
GitHub,relation_test_code_smell_ML,C:\Users\ismak\Documents\GitHub\relation_test_code_smell_ML\dataset\projects\guava\android\guava-tests\test\com\google\common\collect\ForwardingSetMultimapTest.java,dataset/projects/guava/android/guava-tests/test/com/google/common/collect/ForwardingSetMultimapTest.java,ForwardingSetMultimapTest.java,ForwardingSetMultimapTest,5,5,7,2,0,2,true,true,false,true,false,false,false,false,false,false
GitHub,relation_test_code_smell_ML,C:\Users\ismak\Documents\GitHub\relation_test_code_smell_ML\dataset\projects\guava\android\guava-tests\test\com\google\common\collect\ForwardingSetTest.java,dataset/projects/guava/android/guava-tests/test/com/google/common/collect/ForwardingSetTest.java,ForwardingSetTest.java,StandardImplForwardingSet,17,21,27,2,0,2,true,false,true,true,false,false,false,false,false,false
GitHub,relation_test_code_smell_ML,C:\Users\ismak\Documents\GitHub\relation_test_code_smell_ML\dataset\projects\guava\android\guava-tests\test\com\google\common\collect\ForwardingSortedMapImplementsMapTest.java,dataset/projects/guava/android/guava-tests/test/com/google/common/collect/ForwardingSortedMapImplementsMapTest.java,ForwardingSortedMapImplementsMapTest.java,SimpleForwardingSortedMap,7,13,17,8,0,8,true,false,false,false,false,false,false,false,false,false
GitHub,relation_test_code_smell_ML,C:\Users\ismak\Documents\GitHub\relation_test_code_smell_ML\dataset\projects\guava\android\guava-tests\test\com\google\common\collect\ForwardingSortedMapTest.java,dataset/projects/guava/android/guava-tests/test/com/google/common/collect/ForwardingSortedMapTest.java,ForwardingSortedMapTest.java,StandardImplForwardingSortedMap,22,24,37,2,0,2,true,false,true,true,false,false,false,false,false,false
GitHub,relation_test_code_smell_ML,C:\Users\ismak\Documents\GitHub\relation_test_code_smell_ML\dataset\projects\guava\android\guava-tests\test\com\google\common\collect\ForwardingSortedMultisetTest.java,dataset/projects/guava/android/guava-tests/test/com/google/common/collect/ForwardingSortedMultisetTest.java,ForwardingSortedMultisetTest.java,StandardImplForwardingSortedMultiset,18,33,38,2,0,2,true,false,true,true,false,false,false,false,false,false
GitHub,relation_test_code_smell_ML,C:\Users\ismak\Documents\GitHub\relation_test_code_smell_ML\dataset\projects\guava\android\guava-tests\test\com\google\common\collect\ForwardingSortedSetMultimapTest.java,dataset/projects/guava/android/guava-tests/test/com/google/common/collect/ForwardingSortedSetMultimapTest.java,ForwardingSortedSetMultimapTest.java,ForwardingSortedSetMultimapTest,5,5,7,2,0,2,true,true,false,true,false,false,false,false,false,false
GitHub,relation_test_code_smell_ML,C:\Users\ismak\Documents\GitHub\relation_test_code_smell_ML\dataset\projects\guava\android\guava-tests\test\com\google\common\collect\ForwardingSortedSetTest.java,dataset/projects/guava/android/guava-tests/test/com/google/common/collect/ForwardingSortedSetTest.java,ForwardingSortedSetTest.java,StandardImplForwardingSortedSet,19,22,27,2,0,2,true,false,true,true,false,false,false,false,false,false
GitHub,relation_test_code_smell_ML,C:\Users\ismak\Documents\GitHub\relation_test_code_smell_ML\dataset\projects\guava\android\guava-tests\test\com\google\common\collect\ForwardingTableTest.java,dataset/projects/guava/android/guava-tests/test/com/google/common/collect/ForwardingTableTest.java,ForwardingTableTest.java,ForwardingTableTest,5,5,7,2,0,2,true,true,false,true,false,false,false,false,false,false
GitHub,relation_test_code_smell_ML,C:\Users\ismak\Documents\GitHub\relation_test_code_smell_ML\dataset\projects\guava\android\guava-tests\test\com\google\common\collect\GeneralRangeTest.java,dataset/projects/guava/android/guava-tests/test/com/google/common/collect/GeneralRangeTest.java,GeneralRangeTest.java,GeneralRangeTest,14,19,32,19,0,19,true,true,false,true,false,false,false,false,false,false
GitHub,relation_test_code_smell_ML,C:\Users\ismak\Documents\GitHub\relation_test_code_smell_ML\dataset\projects\guava\android\guava-tests\test\com\google\common\collect\HashBasedTableColumnMapTest.java,dataset/projects/guava/android/guava-tests/test/com/google/common/collect/HashBasedTableColumnMapTest.java,HashBasedTableColumnMapTest.java,HashBasedTableColumnMapTest,3,1,1,0,0,0,true,true,false,false,false,false,false,false,false,false
GitHub,relation_test_code_smell_ML,C:\Users\ismak\Documents\GitHub\relation_test_code_smell_ML\dataset\projects\guava\android\guava-tests\test\com\google\common\collect\HashBasedTableColumnTest.java,dataset/projects/guava/android/guava-tests/test/com/google/common/collect/HashBasedTableColumnTest.java,HashBasedTableColumnTest.java,HashBasedTableColumnTest,3,1,1,0,0,0,true,true,false,false,false,false,false,false,false,false
GitHub,relation_test_code_smell_ML,C:\Users\ismak\Documents\GitHub\relation_test_code_smell_ML\dataset\projects\guava\android\guava-tests\test\com\google\common\collect\HashBasedTableRowMapTest.java,dataset/projects/guava/android/guava-tests/test/com/google/common/collect/HashBasedTableRowMapTest.java,HashBasedTableRowMapTest.java,HashBasedTableRowMapTest,3,1,1,0,0,0,true,true,false,false,false,false,false,false,false,false
GitHub,relation_test_code_smell_ML,C:\Users\ismak\Documents\GitHub\relation_test_code_smell_ML\dataset\projects\guava\android\guava-tests\test\com\google\common\collect\HashBasedTableRowTest.java,dataset/projects/guava/android/guava-tests/test/com/google/common/collect/HashBasedTableRowTest.java,HashBasedTableRowTest.java,HashBasedTableRowTest,3,1,1,0,0,0,true,true,false,false,false,false,false,false,false,false
GitHub,relation_test_code_smell_ML,C:\Users\ismak\Documents\GitHub\relation_test_code_smell_ML\dataset\projects\guava\android\guava-tests\test\com\google\common\collect\HashBasedTableTest.java,dataset/projects/guava/android/guava-tests/test/com/google/common/collect/HashBasedTableTest.java,HashBasedTableTest.java,HashBasedTableTest,9,7,32,6,0,6,true,true,false,false,false,false,false,false,false,false
GitHub,relation_test_code_smell_ML,C:\Users\ismak\Documents\GitHub\relation_test_code_smell_ML\dataset\projects\guava\android\guava-tests\test\com\google\common\collect\HashBiMapTest.java,dataset/projects/guava/android/guava-tests/test/com/google/common/collect/HashBiMapTest.java,HashBiMapTest.java,HashBiMapGenerator,18,15,93,13,0,13,true,false,true,true,false,false,false,false,false,false
GitHub,relation_test_code_smell_ML,C:\Users\ismak\Documents\GitHub\relation_test_code_smell_ML\dataset\projects\guava\android\guava-tests\test\com\google\common\collect\HashingTest.java,dataset/projects/guava/android/guava-tests/test/com/google/common/collect/HashingTest.java,HashingTest.java,HashingTest,4,1,105,1,0,1,true,true,false,true,false,false,false,false,false,false
GitHub,relation_test_code_smell_ML,C:\Users\ismak\Documents\GitHub\relation_test_code_smell_ML\dataset\projects\guava\android\guava-tests\test\com\google\common\collect\HashMultimapTest.java,dataset/projects/guava/android/guava-tests/test/com/google/common/collect/HashMultimapTest.java,HashMultimapTest.java,HashMultimapTest,14,7,32,5,0,5,true,true,true,true,false,false,false,false,false,false
GitHub,relation_test_code_smell_ML,C:\Users\ismak\Documents\GitHub\relation_test_code_smell_ML\dataset\projects\guava\android\guava-tests\test\com\google\common\collect\HashMultisetTest.java,dataset/projects/guava/android/guava-tests/test/com/google/common/collect/HashMultisetTest.java,HashMultisetTest.java,MultisetHolder,16,8,30,5,0,5,true,false,true,true,false,false,false,false,false,false
GitHub,relation_test_code_smell_ML,C:\Users\ismak\Documents\GitHub\relation_test_code_smell_ML\dataset\projects\guava\android\guava-tests\test\com\google\common\collect\ImmutableBiMapInverseMapInterfaceTest.java,dataset/projects/guava/android/guava-tests/test/com/google/common/collect/ImmutableBiMapInverseMapInterfaceTest.java,ImmutableBiMapInverseMapInterfaceTest.java,ImmutableBiMapInverseMapInterfaceTest,3,4,4,0,0,0,true,true,false,false,false,false,false,false,false,false
GitHub,relation_test_code_smell_ML,C:\Users\ismak\Documents\GitHub\relation_test_code_smell_ML\dataset\projects\guava\android\guava-tests\test\com\google\common\collect\ImmutableBiMapMapInterfaceTest.java,dataset/projects/guava/android/guava-tests/test/com/google/common/collect/ImmutableBiMapMapInterfaceTest.java,ImmutableBiMapMapInterfaceTest.java,ImmutableBiMapMapInterfaceTest,3,4,4,0,0,0,true,true,false,false,false,false,false,false,false,false
GitHub,relation_test_code_smell_ML,C:\Users\ismak\Documents\GitHub\relation_test_code_smell_ML\dataset\projects\guava\android\guava-tests\test\com\google\common\collect\ImmutableBiMapTest.java,dataset/projects/guava/android/guava-tests/test/com/google/common/collect/ImmutableBiMapTest.java,ImmutableBiMapTest.java,ImmutableBiMapTest,29,42,156,39,0,39,true,true,true,true,false,false,false,false,false,true
GitHub,relation_test_code_smell_ML,C:\Users\ismak\Documents\GitHub\relation_test_code_smell_ML\dataset\projects\guava\android\guava-tests\test\com\google\common\collect\ImmutableClassToInstanceMapTest.java,dataset/projects/guava/android/guava-tests/test/com/google/common/collect/ImmutableClassToInstanceMapTest.java,ImmutableClassToInstanceMapTest.java,ImmutableClassToInstanceMapTest,18,11,44,9,0,9,true,true,true,true,false,false,false,false,false,false
GitHub,relation_test_code_smell_ML,C:\Users\ismak\Documents\GitHub\relation_test_code_smell_ML\dataset\projects\guava\android\guava-tests\test\com\google\common\collect\ImmutableCollectionTest.java,dataset/projects/guava/android/guava-tests/test/com/google/common/collect/ImmutableCollectionTest.java,ImmutableCollectionTest.java,ImmutableCollectionTest,2,1,7,1,0,1,true,true,false,true,false,false,false,false,false,false
GitHub,relation_test_code_smell_ML,C:\Users\ismak\Documents\GitHub\relation_test_code_smell_ML\dataset\projects\guava\android\guava-tests\test\com\google\common\collect\ImmutableEnumMapTest.java,dataset/projects/guava/android/guava-tests/test/com/google/common/collect/ImmutableEnumMapTest.java,ImmutableEnumMapTest.java,ImmutableEnumMapGenerator,22,6,17,3,0,3,true,false,true,true,false,false,false,false,false,false
GitHub,relation_test_code_smell_ML,C:\Users\ismak\Documents\GitHub\relation_test_code_smell_ML\dataset\projects\guava\android\guava-tests\test\com\google\common\collect\ImmutableListCopyOfConcurrentlyModifiedInputTest.java,dataset/projects/guava/android/guava-tests/test/com/google/common/collect/ImmutableListCopyOfConcurrentlyModifiedInputTest.java,ImmutableListCopyOfConcurrentlyModifiedInputTest.java,ConcurrentlyMutatedList,16,19,33,2,0,2,true,false,false,true,false,false,false,false,false,true
GitHub,relation_test_code_smell_ML,C:\Users\ismak\Documents\GitHub\relation_test_code_smell_ML\dataset\projects\guava\android\guava-tests\test\com\google\common\collect\ImmutableListMultimapTest.java,dataset/projects/guava/android/guava-tests/test/com/google/common/collect/ImmutableListMultimapTest.java,ImmutableListMultimapTest.java,StringHolder,28,47,272,39,0,39,true,false,true,true,false,false,false,false,false,true
GitHub,relation_test_code_smell_ML,C:\Users\ismak\Documents\GitHub\relation_test_code_smell_ML\dataset\projects\guava\android\guava-tests\test\com\google\common\collect\ImmutableListTest.java,dataset/projects/guava/android/guava-tests/test/com/google/common/collect/ImmutableListTest.java,ImmutableListTest.java,CountingIterable,40,68,214,66,0,66,true,false,true,true,false,false,false,false,false,true
GitHub,relation_test_code_smell_ML,C:\Users\ismak\Documents\GitHub\relation_test_code_smell_ML\dataset\projects\guava\android\guava-tests\test\com\google\common\collect\ImmutableMapTest.java,dataset/projects/guava/android/guava-tests/test/com/google/common/collect/ImmutableMapTest.java,ImmutableMapTest.java,NonSerializableClass,47,71,254,55,0,55,true,false,true,true,false,false,false,false,false,true
GitHub,relation_test_code_smell_ML,C:\Users\ismak\Documents\GitHub\relation_test_code_smell_ML\dataset\projects\guava\android\guava-tests\test\com\google\common\collect\ImmutableMapWithBadHashesMapInterfaceTest.java,dataset/projects/guava/android/guava-tests/test/com/google/common/collect/ImmutableMapWithBadHashesMapInterfaceTest.java,ImmutableMapWithBadHashesMapInterfaceTest.java,ImmutableMapWithBadHashesMapInterfaceTest,4,4,5,0,0,0,true,true,false,false,false,false,false,false,false,false
GitHub,relation_test_code_smell_ML,C:\Users\ismak\Documents\GitHub\relation_test_code_smell_ML\dataset\projects\guava\android\guava-tests\test\com\google\common\collect\ImmutableMultimapAsMapImplementsMapTest.java,dataset/projects/guava/android/guava-tests/test/com/google/common/collect/ImmutableMultimapAsMapImplementsMapTest.java,ImmutableMultimapAsMapImplementsMapTest.java,ImmutableMultimapAsMapImplementsMapTest,5,2,4,0,0,0,true,true,false,false,false,false,false,false,false,false
GitHub,relation_test_code_smell_ML,C:\Users\ismak\Documents\GitHub\relation_test_code_smell_ML\dataset\projects\guava\android\guava-tests\test\com\google\common\collect\ImmutableMultimapTest.java,dataset/projects/guava/android/guava-tests/test/com/google/common/collect/ImmutableMultimapTest.java,ImmutableMultimapTest.java,StringHolder,18,16,50,14,0,14,true,false,false,true,false,false,false,false,false,true
GitHub,relation_test_code_smell_ML,C:\Users\ismak\Documents\GitHub\relation_test_code_smell_ML\dataset\projects\guava\android\guava-tests\test\com\google\common\collect\ImmutableMultisetTest.java,dataset/projects/guava/android/guava-tests/test/com/google/common/collect/ImmutableMultisetTest.java,ImmutableMultisetTest.java,CountingIterable,35,63,172,56,0,56,true,false,true,true,false,false,false,false,false,true
GitHub,relation_test_code_smell_ML,C:\Users\ismak\Documents\GitHub\relation_test_code_smell_ML\dataset\projects\guava\android\guava-tests\test\com\google\common\collect\ImmutableRangeMapTest.java,dataset/projects/guava/android/guava-tests/test/com/google/common/collect/ImmutableRangeMapTest.java,ImmutableRangeMapTest.java,ImmutableRangeMapTest,10,12,26,12,0,12,true,true,false,true,false,false,false,false,false,true
GitHub,relation_test_code_smell_ML,C:\Users\ismak\Documents\GitHub\relation_test_code_smell_ML\dataset\projects\guava\android\guava-tests\test\com\google\common\collect\ImmutableRangeSetTest.java,dataset/projects/guava/android/guava-tests/test/com/google/common/collect/ImmutableRangeSetTest.java,ImmutableRangeSetTest.java,ImmutableRangeSetBigIntegerAsSetGenerator,16,31,168,22,0,22,true,false,true,false,false,false,false,false,false,true
GitHub,relation_test_code_smell_ML,C:\Users\ismak\Documents\GitHub\relation_test_code_smell_ML\dataset\projects\guava\android\guava-tests\test\com\google\common\collect\ImmutableSetMultimapAsMapImplementsMapTest.java,dataset/projects/guava/android/guava-tests/test/com/google/common/collect/ImmutableSetMultimapAsMapImplementsMapTest.java,ImmutableSetMultimapAsMapImplementsMapTest.java,ImmutableSetMultimapAsMapImplementsMapTest,5,2,4,0,0,0,true,true,false,false,false,false,false,false,false,false
GitHub,relation_test_code_smell_ML,C:\Users\ismak\Documents\GitHub\relation_test_code_smell_ML\dataset\projects\guava\android\guava-tests\test\com\google\common\collect\ImmutableSetMultimapTest.java,dataset/projects/guava/android/guava-tests/test/com/google/common/collect/ImmutableSetMultimapTest.java,ImmutableSetMultimapTest.java,StringHolder,27,54,301,44,0,44,true,false,true,true,false,false,false,false,false,true
GitHub,relation_test_code_smell_ML,C:\Users\ismak\Documents\GitHub\relation_test_code_smell_ML\dataset\projects\guava\android\guava-tests\test\com\google\common\collect\ImmutableSetTest.java,dataset/projects/guava/android/guava-tests/test/com/google/common/collect/ImmutableSetTest.java,ImmutableSetTest.java,ImmutableSetTest,28,30,94,15,0,15,true,true,true,false,false,false,false,false,false,true
GitHub,relation_test_code_smell_ML,C:\Users\ismak\Documents\GitHub\relation_test_code_smell_ML\dataset\projects\guava\android\guava-tests\test\com\google\common\collect\ImmutableSortedMapHeadMapInclusiveMapInterfaceTest.java,dataset/projects/guava/android/guava-tests/test/com/google/common/collect/ImmutableSortedMapHeadMapInclusiveMapInterfaceTest.java,ImmutableSortedMapHeadMapInclusiveMapInterfaceTest.java,ImmutableSortedMapHeadMapInclusiveMapInterfaceTest,3,3,3,0,0,0,true,true,false,false,false,false,false,false,false,false
GitHub,relation_test_code_smell_ML,C:\Users\ismak\Documents\GitHub\relation_test_code_smell_ML\dataset\projects\guava\android\guava-tests\test\com\google\common\collect\ImmutableSortedMapHeadMapMapInterfaceTest.java,dataset/projects/guava/android/guava-tests/test/com/google/common/collect/ImmutableSortedMapHeadMapMapInterfaceTest.java,ImmutableSortedMapHeadMapMapInterfaceTest.java,ImmutableSortedMapHeadMapMapInterfaceTest,3,3,3,0,0,0,true,true,false,false,false,false,false,false,false,false
GitHub,relation_test_code_smell_ML,C:\Users\ismak\Documents\GitHub\relation_test_code_smell_ML\dataset\projects\guava\android\guava-tests\test\com\google\common\collect\ImmutableSortedMapSubMapMapInterfaceTest.java,dataset/projects/guava/android/guava-tests/test/com/google/common/collect/ImmutableSortedMapSubMapMapInterfaceTest.java,ImmutableSortedMapSubMapMapInterfaceTest.java,ImmutableSortedMapSubMapMapInterfaceTest,3,3,3,0,0,0,true,true,false,false,false,false,false,false,false,false
GitHub,relation_test_code_smell_ML,C:\Users\ismak\Documents\GitHub\relation_test_code_smell_ML\dataset\projects\guava\android\guava-tests\test\com\google\common\collect\ImmutableSortedMapTailMapExclusiveMapInterfaceTest.java,dataset/projects/guava/android/guava-tests/test/com/google/common/collect/ImmutableSortedMapTailMapExclusiveMapInterfaceTest.java,ImmutableSortedMapTailMapExclusiveMapInterfaceTest.java,ImmutableSortedMapTailMapExclusiveMapInterfaceTest,3,3,3,0,0,0,true,true,false,false,false,false,false,false,false,false
GitHub,relation_test_code_smell_ML,C:\Users\ismak\Documents\GitHub\relation_test_code_smell_ML\dataset\projects\guava\android\guava-tests\test\com\google\common\collect\ImmutableSortedMapTailMapMapInterfaceTest.java,dataset/projects/guava/android/guava-tests/test/com/google/common/collect/ImmutableSortedMapTailMapMapInterfaceTest.java,ImmutableSortedMapTailMapMapInterfaceTest.java,ImmutableSortedMapTailMapMapInterfaceTest,3,3,3,0,0,0,true,true,false,false,false,false,false,false,false,false
GitHub,relation_test_code_smell_ML,C:\Users\ismak\Documents\GitHub\relation_test_code_smell_ML\dataset\projects\guava\android\guava-tests\test\com\google\common\collect\ImmutableSortedMapTest.java,dataset/projects/guava/android/guava-tests/test/com/google/common/collect/ImmutableSortedMapTest.java,ImmutableSortedMapTest.java,SuperComparableExample,37,57,195,48,0,48,true,false,true,true,false,false,false,false,false,true
GitHub,relation_test_code_smell_ML,C:\Users\ismak\Documents\GitHub\relation_test_code_smell_ML\dataset\projects\guava\android\guava-tests\test\com\google\common\collect\ImmutableSortedMultisetTest.java,dataset/projects/guava/android/guava-tests/test/com/google/common/collect/ImmutableSortedMultisetTest.java,ImmutableSortedMultisetTest.java,IntegerDiv10,30,63,163,53,0,53,true,false,true,true,false,false,false,false,false,false
GitHub,relation_test_code_smell_ML,C:\Users\ismak\Documents\GitHub\relation_test_code_smell_ML\dataset\projects\guava\android\guava-tests\test\com\google\common\collect\ImmutableSortedSetTest.java,dataset/projects/guava/android/guava-tests/test/com/google/common/collect/ImmutableSortedSetTest.java,ImmutableSortedSetTest.java,SuperComparableExample,43,124,409,103,0,103,true,false,true,false,false,false,false,false,false,true
GitHub,relation_test_code_smell_ML,C:\Users\ismak\Documents\GitHub\relation_test_code_smell_ML\dataset\projects\guava\android\guava-tests\test\com\google\common\collect\ImmutableTableTest.java,dataset/projects/guava/android/guava-tests/test/com/google/common/collect/ImmutableTableTest.java,ImmutableTableTest.java,StringHolder,9,35,260,28,0,28,true,false,false,false,false,false,false,false,false,true
GitHub,relation_test_code_smell_ML,C:\Users\ismak\Documents\GitHub\relation_test_code_smell_ML\dataset\projects\guava\android\guava-tests\test\com\google\common\collect\InternersTest.java,dataset/projects/guava/android/guava-tests/test/com/google/common/collect/InternersTest.java,InternersTest.java,InternersTest,10,11,41,11,0,11,true,true,false,true,false,false,false,false,false,false
GitHub,relation_test_code_smell_ML,C:\Users\ismak\Documents\GitHub\relation_test_code_smell_ML\dataset\projects\guava\android\guava-tests\test\com\google\common\collect\IterablesFilterArrayListTest.java,dataset/projects/guava/android/guava-tests/test/com/google/common/collect/IterablesFilterArrayListTest.java,IterablesFilterArrayListTest.java,IterablesFilterArrayListTest,4,2,2,0,0,0,true,true,false,false,false,false,false,false,false,false
GitHub,relation_test_code_smell_ML,C:\Users\ismak\Documents\GitHub\relation_test_code_smell_ML\dataset\projects\guava\android\guava-tests\test\com\google\common\collect\IterablesTest.java,dataset/projects/guava/android/guava-tests/test/com/google/common/collect/IterablesTest.java,IterablesTest.java,UnIterableQueue,57,160,521,130,0,130,true,false,false,true,false,false,false,false,false,true
GitHub,relation_test_code_smell_ML,C:\Users\ismak\Documents\GitHub\relation_test_code_smell_ML\dataset\projects\guava\android\guava-tests\test\com\google\common\collect\IteratorsTest.java,dataset/projects/guava/android/guava-tests/test/com/google/common/collect/IteratorsTest.java,IteratorsTest.java,TestDatum,67,184,690,146,0,146,true,true,true,true,false,false,false,false,false,true
GitHub,relation_test_code_smell_ML,C:\Users\ismak\Documents\GitHub\relation_test_code_smell_ML\dataset\projects\guava\android\guava-tests\test\com\google\common\collect\LinkedHashMultimapTest.java,dataset/projects/guava/android/guava-tests/test/com/google/common/collect/LinkedHashMultimapTest.java,LinkedHashMultimapTest.java,LinkedHashMultimapTest,33,37,165,21,0,21,true,true,true,true,false,false,false,false,false,false
GitHub,relation_test_code_smell_ML,C:\Users\ismak\Documents\GitHub\relation_test_code_smell_ML\dataset\projects\guava\android\guava-tests\test\com\google\common\collect\LinkedHashMultisetTest.java,dataset/projects/guava/android/guava-tests/test/com/google/common/collect/LinkedHashMultisetTest.java,LinkedHashMultisetTest.java,LinkedHashMultisetTest,16,9,42,5,0,5,true,true,true,true,false,false,false,false,false,false
GitHub,relation_test_code_smell_ML,C:\Users\ismak\Documents\GitHub\relation_test_code_smell_ML\dataset\projects\guava\android\guava-tests\test\com\google\common\collect\LinkedListMultimapTest.java,dataset/projects/guava/android/guava-tests/test/com/google/common/collect/LinkedListMultimapTest.java,LinkedListMultimapTest.java,LinkedListMultimapTest,37,39,226,26,0,26,true,true,true,true,false,false,false,false,false,false
GitHub,relation_test_code_smell_ML,C:\Users\ismak\Documents\GitHub\relation_test_code_smell_ML\dataset\projects\guava\android\guava-tests\test\com\google\common\collect\ListsImplTest.java,dataset/projects/guava/android/guava-tests/test/com/google/common/collect/ListsImplTest.java,ListsImplTest.java,CopyOnWriteListExample,24,23,70,7,0,7,true,false,true,true,false,false,false,false,false,true
GitHub,relation_test_code_smell_ML,C:\Users\ismak\Documents\GitHub\relation_test_code_smell_ML\dataset\projects\guava\android\guava-tests\test\com\google\common\collect\ListsTest.java,dataset/projects/guava/android/guava-tests/test/com/google/common/collect/ListsTest.java,ListsTest.java,ListIterationOnlyList,49,90,351,60,0,60,true,false,true,true,false,false,false,false,false,true
GitHub,relation_test_code_smell_ML,C:\Users\ismak\Documents\GitHub\relation_test_code_smell_ML\dataset\projects\guava\android\guava-tests\test\com\google\common\collect\MapMakerInternalMapTest.java,dataset/projects/guava/android/guava-tests/test/com/google/common/collect/MapMakerInternalMapTest.java,MapMakerInternalMapTest.java,MapMakerInternalMapTest,13,37,398,27,0,27,true,true,false,true,false,false,false,false,false,true
GitHub,relation_test_code_smell_ML,C:\Users\ismak\Documents\GitHub\relation_test_code_smell_ML\dataset\projects\guava\android\guava-tests\test\com\google\common\collect\MapMakerTest.java,dataset/projects/guava/android/guava-tests/test/com/google/common/collect/MapMakerTest.java,MapMakerTest.java,DelayingIdentityLoader,13,5,10,3,0,3,true,false,false,true,false,false,false,false,false,true
GitHub,relation_test_code_smell_ML,C:\Users\ismak\Documents\GitHub\relation_test_code_smell_ML\dataset\projects\guava\android\guava-tests\test\com\google\common\collect\MapsCollectionTest.java,dataset/projects/guava/android/guava-tests/test/com/google/common/collect/MapsCollectionTest.java,MapsCollectionTest.java,NonNavigableSortedMap,49,66,176,0,0,0,true,false,true,true,false,false,false,false,false,false
GitHub,relation_test_code_smell_ML,C:\Users\ismak\Documents\GitHub\relation_test_code_smell_ML\dataset\projects\guava\android\guava-tests\test\com\google\common\collect\MapsSortedTransformValuesTest.java,dataset/projects/guava/android/guava-tests/test/com/google/common/collect/MapsSortedTransformValuesTest.java,MapsSortedTransformValuesTest.java,MapsSortedTransformValuesTest,7,2,6,0,0,0,true,true,false,false,false,false,false,false,false,false
GitHub,relation_test_code_smell_ML,C:\Users\ismak\Documents\GitHub\relation_test_code_smell_ML\dataset\projects\guava\android\guava-tests\test\com\google\common\collect\MapsTest.java,dataset/projects/guava/android/guava-tests/test/com/google/common/collect/MapsTest.java,MapsTest.java,NonNavigableSortedSet,58,107,665,92,0,92,true,false,false,true,false,false,false,false,false,false
GitHub,relation_test_code_smell_ML,C:\Users\ismak\Documents\GitHub\relation_test_code_smell_ML\dataset\projects\guava\android\guava-tests\test\com\google\common\collect\MapsTransformValuesTest.java,dataset/projects/guava/android/guava-tests/test/com/google/common/collect/MapsTransformValuesTest.java,MapsTransformValuesTest.java,MapsTransformValuesTest,7,2,6,0,0,0,true,true,false,false,false,false,false,false,false,false
GitHub,relation_test_code_smell_ML,C:\Users\ismak\Documents\GitHub\relation_test_code_smell_ML\dataset\projects\guava\android\guava-tests\test\com\google\common\collect\MapsTransformValuesUnmodifiableIteratorTest.java,dataset/projects/guava/android/guava-tests/test/com/google/common/collect/MapsTransformValuesUnmodifiableIteratorTest.java,MapsTransformValuesUnmodifiableIteratorTest.java,UnmodifiableIteratorMap,19,35,138,12,0,12,true,false,false,false,false,false,false,false,false,true
GitHub,relation_test_code_smell_ML,C:\Users\ismak\Documents\GitHub\relation_test_code_smell_ML\dataset\projects\guava\android\guava-tests\test\com\google\common\collect\MinMaxPriorityQueueTest.java,dataset/projects/guava/android/guava-tests/test/com/google/common/collect/MinMaxPriorityQueueTest.java,MinMaxPriorityQueueTest.java,MinMaxPriorityQueueTest,43,66,369,46,0,46,true,true,true,true,false,false,false,false,false,true
GitHub,relation_test_code_smell_ML,C:\Users\ismak\Documents\GitHub\relation_test_code_smell_ML\dataset\projects\guava\android\guava-tests\test\com\google\common\collect\MoreCollectorsTest.java,dataset/projects/guava/android/guava-tests/test/com/google/common/collect/MoreCollectorsTest.java,MoreCollectorsTest.java,MoreCollectorsTest,10,11,16,11,0,11,true,true,false,true,false,false,false,false,false,false
GitHub,relation_test_code_smell_ML,C:\Users\ismak\Documents\GitHub\relation_test_code_smell_ML\dataset\projects\guava\android\guava-tests\test\com\google\common\collect\MultimapBuilderTest.java,dataset/projects/guava/android/guava-tests/test/com/google/common/collect/MultimapBuilderTest.java,MultimapBuilderTest.java,MultimapBuilderTest,16,9,21,5,0,5,true,true,false,true,false,false,false,false,false,false
GitHub,relation_test_code_smell_ML,C:\Users\ismak\Documents\GitHub\relation_test_code_smell_ML\dataset\projects\guava\android\guava-tests\test\com\google\common\collect\MultimapsCollectionTest.java,dataset/projects/guava/android/guava-tests/test/com/google/common/collect/MultimapsCollectionTest.java,MultimapsCollectionTest.java,FilteredListMultimapGenerator,53,59,119,0,0,0,true,false,true,true,false,false,false,false,false,true
GitHub,relation_test_code_smell_ML,C:\Users\ismak\Documents\GitHub\relation_test_code_smell_ML\dataset\projects\guava\android\guava-tests\test\com\google\common\collect\MultimapsFilterEntriesAsMapTest.java,dataset/projects/guava/android/guava-tests/test/com/google/common/collect/MultimapsFilterEntriesAsMapTest.java,MultimapsFilterEntriesAsMapTest.java,MultimapsFilterEntriesAsMapTest,7,4,11,0,0,0,true,true,false,false,false,false,false,false,false,false
GitHub,relation_test_code_smell_ML,C:\Users\ismak\Documents\GitHub\relation_test_code_smell_ML\dataset\projects\guava\android\guava-tests\test\com\google\common\collect\MultimapsTest.java,dataset/projects/guava/android/guava-tests/test/com/google/common/collect/MultimapsTest.java,MultimapsTest.java,SortedSetSupplier,55,79,393,55,0,55,true,false,false,true,false,false,false,false,false,false
GitHub,relation_test_code_smell_ML,C:\Users\ismak\Documents\GitHub\relation_test_code_smell_ML\dataset\projects\guava\android\guava-tests\test\com\google\common\collect\MultimapsTransformValuesAsMapTest.java,dataset/projects/guava/android/guava-tests/test/com/google/common/collect/MultimapsTransformValuesAsMapTest.java,MultimapsTransformValuesAsMapTest.java,MultimapsTransformValuesAsMapTest,5,2,4,0,0,0,true,true,false,false,false,false,false,false,false,false
GitHub,relation_test_code_smell_ML,C:\Users\ismak\Documents\GitHub\relation_test_code_smell_ML\dataset\projects\guava\android\guava-tests\test\com\google\common\collect\MultisetsCollectionTest.java,dataset/projects/guava/android/guava-tests/test/com/google/common/collect/MultisetsCollectionTest.java,MultisetsCollectionTest.java,MultisetsCollectionTest,24,18,53,0,0,0,true,true,true,true,false,false,false,false,false,true
GitHub,relation_test_code_smell_ML,C:\Users\ismak\Documents\GitHub\relation_test_code_smell_ML\dataset\projects\guava\android\guava-tests\test\com\google\common\collect\MultisetsImmutableEntryTest.java,dataset/projects/guava/android/guava-tests/test/com/google/common/collect/MultisetsImmutableEntryTest.java,MultisetsImmutableEntryTest.java,MultisetsImmutableEntryTest,9,6,8,4,0,4,true,true,false,true,false,false,false,false,false,false
GitHub,relation_test_code_smell_ML,C:\Users\ismak\Documents\GitHub\relation_test_code_smell_ML\dataset\projects\guava\android\guava-tests\test\com\google\common\collect\MultisetsTest.java,dataset/projects/guava/android/guava-tests/test/com/google/common/collect/MultisetsTest.java,MultisetsTest.java,MultisetsTest,18,33,134,33,0,33,true,true,false,true,false,false,false,false,false,false
GitHub,relation_test_code_smell_ML,C:\Users\ismak\Documents\GitHub\relation_test_code_smell_ML\dataset\projects\guava\android\guava-tests\test\com\google\common\collect\MutableClassToInstanceMapTest.java,dataset/projects/guava/android/guava-tests/test/com/google/common/collect/MutableClassToInstanceMapTest.java,MutableClassToInstanceMapTest.java,MutableClassToInstanceMapTest,14,7,34,4,0,4,true,true,true,true,false,false,false,false,false,false
GitHub,relation_test_code_smell_ML,C:\Users\ismak\Documents\GitHub\relation_test_code_smell_ML\dataset\projects\guava\android\guava-tests\test\com\google\common\collect\NewCustomTableTest.java,dataset/projects/guava/android/guava-tests/test/com/google/common/collect/NewCustomTableTest.java,NewCustomTableTest.java,NewCustomTableTest,10,4,10,2,0,2,true,true,false,false,false,false,false,false,false,false
GitHub,relation_test_code_smell_ML,C:\Users\ismak\Documents\GitHub\relation_test_code_smell_ML\dataset\projects\guava\android\guava-tests\test\com\google\common\collect\ObjectArraysTest.java,dataset/projects/guava/android/guava-tests/test/com/google/common/collect/ObjectArraysTest.java,ObjectArraysTest.java,ObjectArraysTest,12,30,84,25,0,25,true,true,false,true,false,false,false,false,false,false
GitHub,relation_test_code_smell_ML,C:\Users\ismak\Documents\GitHub\relation_test_code_smell_ML\dataset\projects\guava\android\guava-tests\test\com\google\common\collect\OrderingTest.java,dataset/projects/guava/android/guava-tests/test/com/google/common/collect/OrderingTest.java,OrderingTest.java,Composite,37,99,418,76,0,76,true,false,false,true,false,false,false,false,false,true
GitHub,relation_test_code_smell_ML,C:\Users\ismak\Documents\GitHub\relation_test_code_smell_ML\dataset\projects\guava\android\guava-tests\test\com\google\common\collect\PackageSanityTests.java,dataset/projects/guava/android/guava-tests/test/com/google/common/collect/PackageSanityTests.java,PackageSanityTests.java,PackageSanityTests,2,0,0,0,0,0,true,true,false,false,false,false,false,false,false,false
GitHub,relation_test_code_smell_ML,C:\Users\ismak\Documents\GitHub\relation_test_code_smell_ML\dataset\projects\guava\android\guava-tests\test\com\google\common\collect\PeekingIteratorTest.java,dataset/projects/guava/android/guava-tests/test/com/google/common/collect/PeekingIteratorTest.java,PeekingIteratorTest.java,ThrowsAtEndIterator,18,16,57,8,0,8,true,false,false,true,false,false,false,false,false,true
GitHub,relation_test_code_smell_ML,C:\Users\ismak\Documents\GitHub\relation_test_code_smell_ML\dataset\projects\guava\android\guava-tests\test\com\google\common\collect\QueuesTest.java,dataset/projects/guava/android/guava-tests/test/com/google/common/collect/QueuesTest.java,QueuesTest.java,Interrupter,31,28,57,13,0,13,true,false,false,true,false,false,false,false,false,true
GitHub,relation_test_code_smell_ML,C:\Users\ismak\Documents\GitHub\relation_test_code_smell_ML\dataset\projects\guava\android\guava-tests\test\com\google\common\collect\RangeNonGwtTest.java,dataset/projects/guava/android/guava-tests/test/com/google/common/collect/RangeNonGwtTest.java,RangeNonGwtTest.java,RangeNonGwtTest,3,1,5,1,0,1,true,true,false,true,false,false,false,false,false,false
GitHub,relation_test_code_smell_ML,C:\Users\ismak\Documents\GitHub\relation_test_code_smell_ML\dataset\projects\guava\android\guava-tests\test\com\google\common\collect\RangeTest.java,dataset/projects/guava/android/guava-tests/test/com/google/common/collect/RangeTest.java,RangeTest.java,RangeTest,19,43,314,37,0,37,true,true,false,true,false,false,false,false,false,true
GitHub,relation_test_code_smell_ML,C:\Users\ismak\Documents\GitHub\relation_test_code_smell_ML\dataset\projects\guava\android\guava-tests\test\com\google\common\collect\RegularImmutableAsListTest.java,dataset/projects/guava/android/guava-tests/test/com/google/common/collect/RegularImmutableAsListTest.java,RegularImmutableAsListTest.java,RegularImmutableAsListTest,4,1,2,1,0,1,true,true,false,true,false,false,false,false,false,false
GitHub,relation_test_code_smell_ML,C:\Users\ismak\Documents\GitHub\relation_test_code_smell_ML\dataset\projects\guava\android\guava-tests\test\com\google\common\collect\RegularImmutableMapMapInterfaceTest.java,dataset/projects/guava/android/guava-tests/test/com/google/common/collect/RegularImmutableMapMapInterfaceTest.java,RegularImmutableMapMapInterfaceTest.java,RegularImmutableMapMapInterfaceTest,3,4,4,0,0,0,true,true,false,false,false,false,false,false,false,false
GitHub,relation_test_code_smell_ML,C:\Users\ismak\Documents\GitHub\relation_test_code_smell_ML\dataset\projects\guava\android\guava-tests\test\com\google\common\collect\RegularImmutableMapWithUnhashableValuesMapInterfaceTest.java,dataset/projects/guava/android/guava-tests/test/com/google/common/collect/RegularImmutableMapWithUnhashableValuesMapInterfaceTest.java,RegularImmutableMapWithUnhashableValuesMapInterfaceTest.java,RegularImmutableMapWithUnhashableValuesMapInterfaceTest,5,4,5,0,0,0,true,true,false,false,false,false,false,false,false,false
GitHub,relation_test_code_smell_ML,C:\Users\ismak\Documents\GitHub\relation_test_code_smell_ML\dataset\projects\guava\android\guava-tests\test\com\google\common\collect\RegularImmutableSortedMapMapInterfaceTest.java,dataset/projects/guava/android/guava-tests/test/com/google/common/collect/RegularImmutableSortedMapMapInterfaceTest.java,RegularImmutableSortedMapMapInterfaceTest.java,RegularImmutableSortedMapMapInterfaceTest,3,4,4,0,0,0,true,true,false,false,false,false,false,false,false,false
GitHub,relation_test_code_smell_ML,C:\Users\ismak\Documents\GitHub\relation_test_code_smell_ML\dataset\projects\guava\android\guava-tests\test\com\google\common\collect\RegularImmutableTableTest.java,dataset/projects/guava/android/guava-tests/test/com/google/common/collect/RegularImmutableTableTest.java,RegularImmutableTableTest.java,RegularImmutableTableTest,5,17,18,16,0,16,true,true,false,false,false,false,false,false,false,false
GitHub,relation_test_code_smell_ML,C:\Users\ismak\Documents\GitHub\relation_test_code_smell_ML\dataset\projects\guava\android\guava-tests\test\com\google\common\collect\ReserializedImmutableMapMapInterfaceTest.java,dataset/projects/guava/android/guava-tests/test/com/google/common/collect/ReserializedImmutableMapMapInterfaceTest.java,ReserializedImmutableMapMapInterfaceTest.java,ReserializedImmutableMapMapInterfaceTest,4,3,3,0,0,0,true,true,false,false,false,false,false,false,false,false
GitHub,relation_test_code_smell_ML,C:\Users\ismak\Documents\GitHub\relation_test_code_smell_ML\dataset\projects\guava\android\guava-tests\test\com\google\common\collect\ReserializedImmutableSortedMapMapInterfaceTest.java,dataset/projects/guava/android/guava-tests/test/com/google/common/collect/ReserializedImmutableSortedMapMapInterfaceTest.java,ReserializedImmutableSortedMapMapInterfaceTest.java,ReserializedImmutableSortedMapMapInterfaceTest,4,3,3,0,0,0,true,true,false,false,false,false,false,false,false,false
GitHub,relation_test_code_smell_ML,C:\Users\ismak\Documents\GitHub\relation_test_code_smell_ML\dataset\projects\guava\android\guava-tests\test\com\google\common\collect\SetsFilterHashSetTest.java,dataset/projects/guava/android/guava-tests/test/com/google/common/collect/SetsFilterHashSetTest.java,SetsFilterHashSetTest.java,SetsFilterHashSetTest,5,2,2,0,0,0,true,true,false,false,false,false,false,false,false,false
GitHub,relation_test_code_smell_ML,C:\Users\ismak\Documents\GitHub\relation_test_code_smell_ML\dataset\projects\guava\android\guava-tests\test\com\google\common\collect\SetsFilterNavigableSetTest.java,dataset/projects/guava/android/guava-tests/test/com/google/common/collect/SetsFilterNavigableSetTest.java,SetsFilterNavigableSetTest.java,SetsFilterNavigableSetTest,5,2,2,0,0,0,true,true,false,false,false,false,false,false,false,false
GitHub,relation_test_code_smell_ML,C:\Users\ismak\Documents\GitHub\relation_test_code_smell_ML\dataset\projects\guava\android\guava-tests\test\com\google\common\collect\SetsFilterSortedSetTest.java,dataset/projects/guava/android/guava-tests/test/com/google/common/collect/SetsFilterSortedSetTest.java,SetsFilterSortedSetTest.java,SetsFilterSortedSetTest,6,3,4,0,0,0,true,true,false,false,false,false,false,false,false,false
GitHub,relation_test_code_smell_ML,C:\Users\ismak\Documents\GitHub\relation_test_code_smell_ML\dataset\projects\guava\android\guava-tests\test\com\google\common\collect\SetsTest.java,dataset/projects/guava/android/guava-tests/test/com/google/common/collect/SetsTest.java,SetsTest.java,SetsTest,69,112,427,79,0,79,true,true,true,true,false,false,false,false,false,true
GitHub,relation_test_code_smell_ML,C:\Users\ismak\Documents\GitHub\relation_test_code_smell_ML\dataset\projects\guava\android\guava-tests\test\com\google\common\collect\SetViewTest.java,dataset/projects/guava/android/guava-tests/test/com/google/common/collect/SetViewTest.java,SetViewTest.java,SetContainsThrows,31,58,204,21,0,21,true,false,true,true,false,false,false,false,false,false
GitHub,relation_test_code_smell_ML,C:\Users\ismak\Documents\GitHub\relation_test_code_smell_ML\dataset\projects\guava\android\guava-tests\test\com\google\common\collect\SimpleAbstractMultisetTest.java,dataset/projects/guava/android/guava-tests/test/com/google/common/collect/SimpleAbstractMultisetTest.java,SimpleAbstractMultisetTest.java,NoRemoveMultiset,21,17,39,2,0,2,true,false,true,true,false,false,false,false,false,false
GitHub,relation_test_code_smell_ML,C:\Users\ismak\Documents\GitHub\relation_test_code_smell_ML\dataset\projects\guava\android\guava-tests\test\com\google\common\collect\SingletonImmutableMapMapInterfaceTest.java,dataset/projects/guava/android/guava-tests/test/com/google/common/collect/SingletonImmutableMapMapInterfaceTest.java,SingletonImmutableMapMapInterfaceTest.java,SingletonImmutableMapMapInterfaceTest,3,3,3,0,0,0,true,true,false,false,false,false,false,false,false,false
GitHub,relation_test_code_smell_ML,C:\Users\ismak\Documents\GitHub\relation_test_code_smell_ML\dataset\projects\guava\android\guava-tests\test\com\google\common\collect\SingletonImmutableMapWithUnhashableValueMapInterfaceTest.java,dataset/projects/guava/android/guava-tests/test/com/google/common/collect/SingletonImmutableMapWithUnhashableValueMapInterfaceTest.java,SingletonImmutableMapWithUnhashableValueMapInterfaceTest.java,SingletonImmutableMapWithUnhashableValueMapInterfaceTest,5,1,2,0,0,0,true,true,false,false,false,false,false,false,false,false
GitHub,relation_test_code_smell_ML,C:\Users\ismak\Documents\GitHub\relation_test_code_smell_ML\dataset\projects\guava\android\guava-tests\test\com\google\common\collect\SingletonImmutableSortedMapMapInterfaceTest.java,dataset/projects/guava/android/guava-tests/test/com/google/common/collect/SingletonImmutableSortedMapMapInterfaceTest.java,SingletonImmutableSortedMapMapInterfaceTest.java,SingletonImmutableSortedMapMapInterfaceTest,3,3,3,0,0,0,true,true,false,false,false,false,false,false,false,false
GitHub,relation_test_code_smell_ML,C:\Users\ismak\Documents\GitHub\relation_test_code_smell_ML\dataset\projects\guava\android\guava-tests\test\com\google\common\collect\SingletonImmutableTableTest.java,dataset/projects/guava/android/guava-tests/test/com/google/common/collect/SingletonImmutableTableTest.java,SingletonImmutableTableTest.java,SingletonImmutableTableTest,7,20,31,19,0,19,true,true,false,false,false,false,false,false,false,false
GitHub,relation_test_code_smell_ML,C:\Users\ismak\Documents\GitHub\relation_test_code_smell_ML\dataset\projects\guava\android\guava-tests\test\com\google\common\collect\SortedIterablesTest.java,dataset/projects/guava/android/guava-tests/test/com/google/common/collect/SortedIterablesTest.java,SortedIterablesTest.java,SortedIterablesTest,5,2,4,2,0,2,true,true,false,true,false,false,false,false,false,false
GitHub,relation_test_code_smell_ML,C:\Users\ismak\Documents\GitHub\relation_test_code_smell_ML\dataset\projects\guava\android\guava-tests\test\com\google\common\collect\SortedListsTest.java,dataset/projects/guava/android/guava-tests/test/com/google/common/collect/SortedListsTest.java,SortedListsTest.java,SortedListsTest,9,4,8,3,0,3,true,true,false,true,false,false,false,false,false,false
GitHub,relation_test_code_smell_ML,C:\Users\ismak\Documents\GitHub\relation_test_code_smell_ML\dataset\projects\guava\android\guava-tests\test\com\google\common\collect\SubMapMultimapAsMapImplementsMapTest.java,dataset/projects/guava/android/guava-tests/test/com/google/common/collect/SubMapMultimapAsMapImplementsMapTest.java,SubMapMultimapAsMapImplementsMapTest.java,SubMapMultimapAsMapImplementsMapTest,6,11,20,6,0,6,true,true,false,false,false,false,false,false,false,false
GitHub,relation_test_code_smell_ML,C:\Users\ismak\Documents\GitHub\relation_test_code_smell_ML\dataset\projects\guava\android\guava-tests\test\com\google\common\collect\SynchronizedBiMapTest.java,dataset/projects/guava/android/guava-tests/test/com/google/common/collect/SynchronizedBiMapTest.java,SynchronizedBiMapTest.java,TestBiMap,16,10,31,3,0,3,true,true,false,false,false,false,false,false,false,false
GitHub,relation_test_code_smell_ML,C:\Users\ismak\Documents\GitHub\relation_test_code_smell_ML\dataset\projects\guava\android\guava-tests\test\com\google\common\collect\SynchronizedDequeTest.java,dataset/projects/guava/android/guava-tests/test/com/google/common/collect/SynchronizedDequeTest.java,SynchronizedDequeTest.java,TestDeque,8,37,111,1,0,1,true,true,false,true,false,false,false,false,false,false
GitHub,relation_test_code_smell_ML,C:\Users\ismak\Documents\GitHub\relation_test_code_smell_ML\dataset\projects\guava\android\guava-tests\test\com\google\common\collect\SynchronizedMapTest.java,dataset/projects/guava/android/guava-tests/test/com/google/common/collect/SynchronizedMapTest.java,SynchronizedMapTest.java,TestMap,16,32,58,15,0,15,true,true,false,true,false,false,false,false,false,false
GitHub,relation_test_code_smell_ML,C:\Users\ismak\Documents\GitHub\relation_test_code_smell_ML\dataset\projects\guava\android\guava-tests\test\com\google\common\collect\SynchronizedMultimapTest.java,dataset/projects/guava/android/guava-tests/test/com/google/common/collect/SynchronizedMultimapTest.java,SynchronizedMultimapTest.java,TestMultimap,20,28,77,4,0,4,true,true,true,true,false,false,false,false,false,true
GitHub,relation_test_code_smell_ML,C:\Users\ismak\Documents\GitHub\relation_test_code_smell_ML\dataset\projects\guava\android\guava-tests\test\com\google\common\collect\SynchronizedNavigableMapTest.java,dataset/projects/guava/android/guava-tests/test/com/google/common/collect/SynchronizedNavigableMapTest.java,SynchronizedNavigableMapTest.java,TestMap,20,59,126,25,0,25,true,true,false,false,false,false,false,false,false,false
GitHub,relation_test_code_smell_ML,C:\Users\ismak\Documents\GitHub\relation_test_code_smell_ML\dataset\projects\guava\android\guava-tests\test\com\google\common\collect\SynchronizedNavigableSetTest.java,dataset/projects/guava/android/guava-tests/test/com/google/common/collect/SynchronizedNavigableSetTest.java,SynchronizedNavigableSetTest.java,LockHeldAssertingNavigableSet,19,29,71,7,0,7,true,false,false,true,false,false,false,false,false,false
GitHub,relation_test_code_smell_ML,C:\Users\ismak\Documents\GitHub\relation_test_code_smell_ML\dataset\projects\guava\android\guava-tests\test\com\google\common\collect\SynchronizedQueueTest.java,dataset/projects/guava/android/guava-tests/test/com/google/common/collect/SynchronizedQueueTest.java,SynchronizedQueueTest.java,TestQueue,8,20,60,1,0,1,true,true,false,true,false,false,false,false,false,false
GitHub,relation_test_code_smell_ML,C:\Users\ismak\Documents\GitHub\relation_test_code_smell_ML\dataset\projects\guava\android\guava-tests\test\com\google\common\collect\SynchronizedSetTest.java,dataset/projects/guava/android/guava-tests/test/com/google/common/collect/SynchronizedSetTest.java,SynchronizedSetTest.java,SynchronizedSetTest,10,2,5,0,0,0,true,true,true,true,false,false,false,false,false,false
GitHub,relation_test_code_smell_ML,C:\Users\ismak\Documents\GitHub\relation_test_code_smell_ML\dataset\projects\guava\android\guava-tests\test\com\google\common\collect\SynchronizedTableTest.java,dataset/projects/guava/android/guava-tests/test/com/google/common/collect/SynchronizedTableTest.java,SynchronizedTableTest.java,TestTable,6,23,48,0,0,0,true,true,false,false,false,false,false,false,false,true
GitHub,relation_test_code_smell_ML,C:\Users\ismak\Documents\GitHub\relation_test_code_smell_ML\dataset\projects\guava\android\guava-tests\test\com\google\common\collect\TableCollectionTest.java,dataset/projects/guava/android/guava-tests/test/com/google/common/collect/TableCollectionTest.java,TableCollectionTest.java,ColumnMapTests,37,70,193,1,0,1,true,true,true,true,false,false,false,false,false,false
GitHub,relation_test_code_smell_ML,C:\Users\ismak\Documents\GitHub\relation_test_code_smell_ML\dataset\projects\guava\android\guava-tests\test\com\google\common\collect\TableCollectorsTest.java,dataset/projects/guava/android/guava-tests/test/com/google/common/collect/TableCollectorsTest.java,TableCollectorsTest.java,TableCollectorsTest,17,16,39,15,0,15,true,true,false,true,false,false,false,false,false,true
GitHub,relation_test_code_smell_ML,C:\Users\ismak\Documents\GitHub\relation_test_code_smell_ML\dataset\projects\guava\android\guava-tests\test\com\google\common\collect\TablesTest.java,dataset/projects/guava/android/guava-tests/test/com/google/common/collect/TablesTest.java,TablesTest.java,TablesTest,10,4,10,4,0,4,true,true,false,true,false,false,false,false,false,false
GitHub,relation_test_code_smell_ML,C:\Users\ismak\Documents\GitHub\relation_test_code_smell_ML\dataset\projects\guava\android\guava-tests\test\com\google\common\collect\TablesTransformValuesColumnMapTest.java,dataset/projects/guava/android/guava-tests/test/com/google/common/collect/TablesTransformValuesColumnMapTest.java,TablesTransformValuesColumnMapTest.java,TablesTransformValuesColumnMapTest,6,2,7,0,0,0,true,true,false,false,false,false,false,false,false,false
GitHub,relation_test_code_smell_ML,C:\Users\ismak\Documents\GitHub\relation_test_code_smell_ML\dataset\projects\guava\android\guava-tests\test\com\google\common\collect\TablesTransformValuesColumnTest.java,dataset/projects/guava/android/guava-tests/test/com/google/common/collect/TablesTransformValuesColumnTest.java,TablesTransformValuesColumnTest.java,TablesTransformValuesColumnTest,6,2,8,0,0,0,true,true,false,false,false,false,false,false,false,false
GitHub,relation_test_code_smell_ML,C:\Users\ismak\Documents\GitHub\relation_test_code_smell_ML\dataset\projects\guava\android\guava-tests\test\com\google\common\collect\TablesTransformValuesRowMapTest.java,dataset/projects/guava/android/guava-tests/test/com/google/common/collect/TablesTransformValuesRowMapTest.java,TablesTransformValuesRowMapTest.java,TablesTransformValuesRowMapTest,5,2,7,0,0,0,true,true,false,false,false,false,false,false,false,false
GitHub,relation_test_code_smell_ML,C:\Users\ismak\Documents\GitHub\relation_test_code_smell_ML\dataset\projects\guava\android\guava-tests\test\com\google\common\collect\TablesTransformValuesRowTest.java,dataset/projects/guava/android/guava-tests/test/com/google/common/collect/TablesTransformValuesRowTest.java,TablesTransformValuesRowTest.java,TablesTransformValuesRowTest,5,2,8,0,0,0,true,true,false,false,false,false,false,false,false,false
GitHub,relation_test_code_smell_ML,C:\Users\ismak\Documents\GitHub\relation_test_code_smell_ML\dataset\projects\guava\android\guava-tests\test\com\google\common\collect\TablesTransformValuesTest.java,dataset/projects/guava/android/guava-tests/test/com/google/common/collect/TablesTransformValuesTest.java,TablesTransformValuesTest.java,TablesTransformValuesTest,9,8,17,6,0,6,true,true,false,false,false,false,false,false,false,false
GitHub,relation_test_code_smell_ML,C:\Users\ismak\Documents\GitHub\relation_test_code_smell_ML\dataset\projects\guava\android\guava-tests\test\com\google\common\collect\TablesTransposeColumnTest.java,dataset/projects/guava/android/guava-tests/test/com/google/common/collect/TablesTransposeColumnTest.java,TablesTransposeColumnTest.java,TablesTransposeColumnTest,4,1,2,0,0,0,true,true,false,false,false,false,false,false,false,false
GitHub,relation_test_code_smell_ML,C:\Users\ismak\Documents\GitHub\relation_test_code_smell_ML\dataset\projects\guava\android\guava-tests\test\com\google\common\collect\TablesTransposeRowTest.java,dataset/projects/guava/android/guava-tests/test/com/google/common/collect/TablesTransposeRowTest.java,TablesTransposeRowTest.java,TablesTransposeRowTest,4,1,2,0,0,0,true,true,false,false,false,false,false,false,false,false
GitHub,relation_test_code_smell_ML,C:\Users\ismak\Documents\GitHub\relation_test_code_smell_ML\dataset\projects\guava\android\guava-tests\test\com\google\common\collect\TestExceptions.java,dataset/projects/guava/android/guava-tests/test/com/google/common/collect/TestExceptions.java,TestExceptions.java,SomeChainingException,2,0,0,0,0,0,true,false,false,false,false,false,false,false,false,false
GitHub,relation_test_code_smell_ML,C:\Users\ismak\Documents\GitHub\relation_test_code_smell_ML\dataset\projects\guava\android\guava-tests\test\com\google\common\collect\TopKSelectorTest.java,dataset/projects/guava/android/guava-tests/test/com/google/common/collect/TopKSelectorTest.java,TopKSelectorTest.java,TopKSelectorTest,12,10,33,9,0,9,true,true,false,true,false,false,false,false,false,false
GitHub,relation_test_code_smell_ML,C:\Users\ismak\Documents\GitHub\relation_test_code_smell_ML\dataset\projects\guava\android\guava-tests\test\com\google\common\collect\TransposedTableTest.java,dataset/projects/guava/android/guava-tests/test/com/google/common/collect/TransposedTableTest.java,TransposedTableTest.java,TransposedTableTest,5,5,27,4,0,4,true,true,false,false,false,false,false,false,false,false
GitHub,relation_test_code_smell_ML,C:\Users\ismak\Documents\GitHub\relation_test_code_smell_ML\dataset\projects\guava\android\guava-tests\test\com\google\common\collect\TreeBasedTableColumnMapTest.java,dataset/projects/guava/android/guava-tests/test/com/google/common/collect/TreeBasedTableColumnMapTest.java,TreeBasedTableColumnMapTest.java,TreeBasedTableColumnMapTest,3,1,1,0,0,0,true,true,false,false,false,false,false,false,false,false
GitHub,relation_test_code_smell_ML,C:\Users\ismak\Documents\GitHub\relation_test_code_smell_ML\dataset\projects\guava\android\guava-tests\test\com\google\common\collect\TreeBasedTableColumnTest.java,dataset/projects/guava/android/guava-tests/test/com/google/common/collect/TreeBasedTableColumnTest.java,TreeBasedTableColumnTest.java,TreeBasedTableColumnTest,3,1,1,0,0,0,true,true,false,false,false,false,false,false,false,false
GitHub,relation_test_code_smell_ML,C:\Users\ismak\Documents\GitHub\relation_test_code_smell_ML\dataset\projects\guava\android\guava-tests\test\com\google\common\collect\TreeBasedTableRowMapHeadMapTest.java,dataset/projects/guava/android/guava-tests/test/com/google/common/collect/TreeBasedTableRowMapHeadMapTest.java,TreeBasedTableRowMapHeadMapTest.java,TreeBasedTableRowMapHeadMapTest,4,4,8,0,0,0,true,true,false,false,false,false,false,false,false,false
GitHub,relation_test_code_smell_ML,C:\Users\ismak\Documents\GitHub\relation_test_code_smell_ML\dataset\projects\guava\android\guava-tests\test\com\google\common\collect\TreeBasedTableRowMapInterfaceTest.java,dataset/projects/guava/android/guava-tests/test/com/google/common/collect/TreeBasedTableRowMapInterfaceTest.java,TreeBasedTableRowMapInterfaceTest.java,TreeBasedTableRowMapInterfaceTest,4,5,27,1,0,1,true,true,false,false,false,false,false,false,false,false
GitHub,relation_test_code_smell_ML,C:\Users\ismak\Documents\GitHub\relation_test_code_smell_ML\dataset\projects\guava\android\guava-tests\test\com\google\common\collect\TreeBasedTableRowMapSubMapTest.java,dataset/projects/guava/android/guava-tests/test/com/google/common/collect/TreeBasedTableRowMapSubMapTest.java,TreeBasedTableRowMapSubMapTest.java,TreeBasedTableRowMapSubMapTest,4,4,9,0,0,0,true,true,false,false,false,false,false,false,false,false
GitHub,relation_test_code_smell_ML,C:\Users\ismak\Documents\GitHub\relation_test_code_smell_ML\dataset\projects\guava\android\guava-tests\test\com\google\common\collect\TreeBasedTableRowMapTailMapTest.java,dataset/projects/guava/android/guava-tests/test/com/google/common/collect/TreeBasedTableRowMapTailMapTest.java,TreeBasedTableRowMapTailMapTest.java,TreeBasedTableRowMapTailMapTest,4,4,8,0,0,0,true,true,false,false,false,false,false,false,false,false
GitHub,relation_test_code_smell_ML,C:\Users\ismak\Documents\GitHub\relation_test_code_smell_ML\dataset\projects\guava\android\guava-tests\test\com\google\common\collect\TreeBasedTableRowMapTest.java,dataset/projects/guava/android/guava-tests/test/com/google/common/collect/TreeBasedTableRowMapTest.java,TreeBasedTableRowMapTest.java,TreeBasedTableRowMapTest,3,1,1,0,0,0,true,true,false,false,false,false,false,false,false,false
GitHub,relation_test_code_smell_ML,C:\Users\ismak\Documents\GitHub\relation_test_code_smell_ML\dataset\projects\guava\android\guava-tests\test\com\google\common\collect\TreeBasedTableRowTest.java,dataset/projects/guava/android/guava-tests/test/com/google/common/collect/TreeBasedTableRowTest.java,TreeBasedTableRowTest.java,TreeBasedTableRowTest,3,1,1,0,0,0,true,true,false,false,false,false,false,false,false,false
GitHub,relation_test_code_smell_ML,C:\Users\ismak\Documents\GitHub\relation_test_code_smell_ML\dataset\projects\guava\android\guava-tests\test\com\google\common\collect\TreeBasedTableTest.java,dataset/projects/guava/android/guava-tests/test/com/google/common/collect/TreeBasedTableTest.java,TreeBasedTableTest.java,TreeBasedTableTest,22,36,173,32,0,32,true,true,true,false,false,false,false,false,false,false
GitHub,relation_test_code_smell_ML,C:\Users\ismak\Documents\GitHub\relation_test_code_smell_ML\dataset\projects\guava\android\guava-tests\test\com\google\common\collect\TreeMultimapExplicitTest.java,dataset/projects/guava/android/guava-tests/test/com/google/common/collect/TreeMultimapExplicitTest.java,TreeMultimapExplicitTest.java,TreeMultimapExplicitTest,15,15,84,12,0,12,true,true,false,true,false,false,false,false,false,false
GitHub,relation_test_code_smell_ML,C:\Users\ismak\Documents\GitHub\relation_test_code_smell_ML\dataset\projects\guava\android\guava-tests\test\com\google\common\collect\TreeMultimapNaturalTest.java,dataset/projects/guava/android/guava-tests/test/com/google/common/collect/TreeMultimapNaturalTest.java,TreeMultimapNaturalTest.java,TreeMultimapNaturalTest,36,42,172,19,0,19,true,true,true,true,false,false,false,false,false,true
GitHub,relation_test_code_smell_ML,C:\Users\ismak\Documents\GitHub\relation_test_code_smell_ML\dataset\projects\guava\android\guava-tests\test\com\google\common\collect\TreeMultisetTest.java,dataset/projects/guava/android/guava-tests/test/com/google/common/collect/TreeMultisetTest.java,TreeMultisetTest.java,TreeMultisetTest,28,23,171,14,0,14,true,true,true,true,false,false,false,false,false,false
GitHub,relation_test_code_smell_ML,C:\Users\ismak\Documents\GitHub\relation_test_code_smell_ML\dataset\projects\guava\android\guava-tests\test\com\google\common\collect\TreeRangeMapTest.java,dataset/projects/guava/android/guava-tests/test/com/google/common/collect/TreeRangeMapTest.java,TreeRangeMapTest.java,TreeRangeMapTest,21,50,162,22,0,22,true,true,true,true,false,false,false,false,false,false
GitHub,relation_test_code_smell_ML,C:\Users\ismak\Documents\GitHub\relation_test_code_smell_ML\dataset\projects\guava\android\guava-tests\test\com\google\common\collect\TreeRangeSetTest.java,dataset/projects/guava/android/guava-tests/test/com/google/common/collect/TreeRangeSetTest.java,TreeRangeSetTest.java,TreeRangeSetTest,11,53,209,50,0,50,true,true,false,false,false,false,false,false,false,true
GitHub,relation_test_code_smell_ML,C:\Users\ismak\Documents\GitHub\relation_test_code_smell_ML\dataset\projects\guava\android\guava-tests\test\com\google\common\collect\TreeTraverserTest.java,dataset/projects/guava/android/guava-tests/test/com/google/common/collect/TreeTraverserTest.java,TreeTraverserTest.java,Tree,10,8,11,5,0,5,true,false,false,true,false,false,false,false,false,false
GitHub,relation_test_code_smell_ML,C:\Users\ismak\Documents\GitHub\relation_test_code_smell_ML\dataset\projects\guava\android\guava-tests\test\com\google\common\collect\UnmodifiableIteratorTest.java,dataset/projects/guava/android/guava-tests/test/com/google/common/collect/UnmodifiableIteratorTest.java,UnmodifiableIteratorTest.java,UnmodifiableIteratorTest,7,3,8,1,0,1,true,true,false,true,false,false,false,false,false,false
GitHub,relation_test_code_smell_ML,C:\Users\ismak\Documents\GitHub\relation_test_code_smell_ML\dataset\projects\guava\android\guava-tests\test\com\google\common\collect\UnmodifiableListIteratorTest.java,dataset/projects/guava/android/guava-tests/test/com/google/common/collect/UnmodifiableListIteratorTest.java,UnmodifiableListIteratorTest.java,UnmodifiableListIteratorTest,8,10,26,3,0,3,true,true,false,true,false,false,false,false,false,false
GitHub,relation_test_code_smell_ML,C:\Users\ismak\Documents\GitHub\relation_test_code_smell_ML\dataset\projects\guava\android\guava-tests\test\com\google\common\collect\UnmodifiableMultimapAsMapImplementsMapTest.java,dataset/projects/guava/android/guava-tests/test/com/google/common/collect/UnmodifiableMultimapAsMapImplementsMapTest.java,UnmodifiableMultimapAsMapImplementsMapTest.java,UnmodifiableMultimapAsMapImplementsMapTest,5,2,4,0,0,0,true,true,false,false,false,false,false,false,false,false
GitHub,relation_test_code_smell_ML,C:\Users\ismak\Documents\GitHub\relation_test_code_smell_ML\dataset\projects\guava\android\guava-tests\test\com\google\common\collect\UnmodifiableRowSortedTableColumnMapTest.java,dataset/projects/guava/android/guava-tests/test/com/google/common/collect/UnmodifiableRowSortedTableColumnMapTest.java,UnmodifiableRowSortedTableColumnMapTest.java,UnmodifiableRowSortedTableColumnMapTest,5,2,7,0,0,0,true,true,false,false,false,false,false,false,false,false
GitHub,relation_test_code_smell_ML,C:\Users\ismak\Documents\GitHub\relation_test_code_smell_ML\dataset\projects\guava\android\guava-tests\test\com\google\common\collect\UnmodifiableRowSortedTableColumnTest.java,dataset/projects/guava/android/guava-tests/test/com/google/common/collect/UnmodifiableRowSortedTableColumnTest.java,UnmodifiableRowSortedTableColumnTest.java,UnmodifiableRowSortedTableColumnTest,5,2,8,0,0,0,true,true,false,false,false,false,false,false,false,false
GitHub,relation_test_code_smell_ML,C:\Users\ismak\Documents\GitHub\relation_test_code_smell_ML\dataset\projects\guava\android\guava-tests\test\com\google\common\collect\UnmodifiableRowSortedTableRowMapTest.java,dataset/projects/guava/android/guava-tests/test/com/google/common/collect/UnmodifiableRowSortedTableRowMapTest.java,UnmodifiableRowSortedTableRowMapTest.java,UnmodifiableRowSortedTableRowMapTest,6,2,7,0,0,0,true,true,false,false,false,false,false,false,false,false
GitHub,relation_test_code_smell_ML,C:\Users\ismak\Documents\GitHub\relation_test_code_smell_ML\dataset\projects\guava\android\guava-tests\test\com\google\common\collect\UnmodifiableRowSortedTableRowTest.java,dataset/projects/guava/android/guava-tests/test/com/google/common/collect/UnmodifiableRowSortedTableRowTest.java,UnmodifiableRowSortedTableRowTest.java,UnmodifiableRowSortedTableRowTest,5,2,8,0,0,0,true,true,false,false,false,false,false,false,false,false
GitHub,relation_test_code_smell_ML,C:\Users\ismak\Documents\GitHub\relation_test_code_smell_ML\dataset\projects\guava\android\guava-tests\test\com\google\common\collect\UnmodifiableTableColumnMapTest.java,dataset/projects/guava/android/guava-tests/test/com/google/common/collect/UnmodifiableTableColumnMapTest.java,UnmodifiableTableColumnMapTest.java,UnmodifiableTableColumnMapTest,5,2,7,0,0,0,true,true,false,false,false,false,false,false,false,false
GitHub,relation_test_code_smell_ML,C:\Users\ismak\Documents\GitHub\relation_test_code_smell_ML\dataset\projects\guava\android\guava-tests\test\com\google\common\collect\UnmodifiableTableColumnTest.java,dataset/projects/guava/android/guava-tests/test/com/google/common/collect/UnmodifiableTableColumnTest.java,UnmodifiableTableColumnTest.java,UnmodifiableTableColumnTest,5,2,8,0,0,0,true,true,false,false,false,false,false,false,false,false
GitHub,relation_test_code_smell_ML,C:\Users\ismak\Documents\GitHub\relation_test_code_smell_ML\dataset\projects\guava\android\guava-tests\test\com\google\common\collect\UnmodifiableTableRowMapTest.java,dataset/projects/guava/android/guava-tests/test/com/google/common/collect/UnmodifiableTableRowMapTest.java,UnmodifiableTableRowMapTest.java,UnmodifiableTableRowMapTest,5,2,7,0,0,0,true,true,false,false,false,false,false,false,false,false
GitHub,relation_test_code_smell_ML,C:\Users\ismak\Documents\GitHub\relation_test_code_smell_ML\dataset\projects\guava\android\guava-tests\test\com\google\common\collect\UnmodifiableTableRowTest.java,dataset/projects/guava/android/guava-tests/test/com/google/common/collect/UnmodifiableTableRowTest.java,UnmodifiableTableRowTest.java,UnmodifiableTableRowTest,5,2,8,0,0,0,true,true,false,false,false,false,false,false,false,false
GitHub,relation_test_code_smell_ML,C:\Users\ismak\Documents\GitHub\relation_test_code_smell_ML\dataset\projects\guava\android\guava-tests\test\com\google\common\collect\WriteReplaceOverridesTest.java,dataset/projects/guava/android/guava-tests/test/com/google/common/collect/WriteReplaceOverridesTest.java,WriteReplaceOverridesTest.java,WriteReplaceOverridesTest,12,1,1,1,0,1,true,true,false,true,false,false,false,false,false,false
GitHub,relation_test_code_smell_ML,C:\Users\ismak\Documents\GitHub\relation_test_code_smell_ML\dataset\projects\guava\android\guava-tests\test\com\google\common\escape\ArrayBasedCharEscaperTest.java,dataset/projects/guava/android/guava-tests/test/com/google/common/escape/ArrayBasedCharEscaperTest.java,ArrayBasedCharEscaperTest.java,ArrayBasedCharEscaperTest,6,8,16,4,0,4,true,true,false,true,false,false,false,false,false,false
GitHub,relation_test_code_smell_ML,C:\Users\ismak\Documents\GitHub\relation_test_code_smell_ML\dataset\projects\guava\android\guava-tests\test\com\google\common\escape\ArrayBasedEscaperMapTest.java,dataset/projects/guava/android/guava-tests/test/com/google/common/escape/ArrayBasedEscaperMapTest.java,ArrayBasedEscaperMapTest.java,ArrayBasedEscaperMapTest,7,4,13,4,0,4,true,true,false,true,false,false,false,false,false,false
GitHub,relation_test_code_smell_ML,C:\Users\ismak\Documents\GitHub\relation_test_code_smell_ML\dataset\projects\guava\android\guava-tests\test\com\google\common\escape\ArrayBasedUnicodeEscaperTest.java,dataset/projects/guava/android/guava-tests/test/com/google/common/escape/ArrayBasedUnicodeEscaperTest.java,ArrayBasedUnicodeEscaperTest.java,ArrayBasedUnicodeEscaperTest,7,10,27,5,0,5,true,true,false,true,false,false,false,false,false,false
GitHub,relation_test_code_smell_ML,C:\Users\ismak\Documents\GitHub\relation_test_code_smell_ML\dataset\projects\guava\android\guava-tests\test\com\google\common\escape\CharEscaperBuilderTest.java,dataset/projects/guava/android/guava-tests/test/com/google/common/escape/CharEscaperBuilderTest.java,CharEscaperBuilderTest.java,CharEscaperBuilderTest,3,1,4,1,0,1,true,true,false,true,false,false,false,false,false,false
GitHub,relation_test_code_smell_ML,C:\Users\ismak\Documents\GitHub\relation_test_code_smell_ML\dataset\projects\guava\android\guava-tests\test\com\google\common\escape\EscapersTest.java,dataset/projects/guava/android/guava-tests/test/com/google/common/escape/EscapersTest.java,EscapersTest.java,EscapersTest,6,5,28,5,0,5,true,true,false,true,false,false,false,false,false,false
GitHub,relation_test_code_smell_ML,C:\Users\ismak\Documents\GitHub\relation_test_code_smell_ML\dataset\projects\guava\android\guava-tests\test\com\google\common\escape\PackageSanityTest.java,dataset/projects/guava/android/guava-tests/test/com/google/common/escape/PackageSanityTest.java,PackageSanityTest.java,PackageSanityTest,4,0,0,0,0,0,true,true,false,false,false,false,false,false,false,false
GitHub,relation_test_code_smell_ML,C:\Users\ismak\Documents\GitHub\relation_test_code_smell_ML\dataset\projects\guava\android\guava-tests\test\com\google\common\escape\UnicodeEscaperTest.java,dataset/projects/guava/android/guava-tests/test/com/google/common/escape/UnicodeEscaperTest.java,UnicodeEscaperTest.java,UnicodeEscaperTest,7,14,44,9,0,9,true,true,false,true,false,false,false,false,false,false
GitHub,relation_test_code_smell_ML,C:\Users\ismak\Documents\GitHub\relation_test_code_smell_ML\dataset\projects\guava\android\guava-tests\test\com\google\common\eventbus\AsyncEventBusTest.java,dataset/projects/guava/android/guava-tests/test/com/google/common/eventbus/AsyncEventBusTest.java,AsyncEventBusTest.java,FakeExecutor,6,4,15,1,0,1,true,false,false,true,false,false,false,false,false,false
GitHub,relation_test_code_smell_ML,C:\Users\ismak\Documents\GitHub\relation_test_code_smell_ML\dataset\projects\guava\android\guava-tests\test\com\google\common\eventbus\DispatcherTest.java,dataset/projects/guava/android/guava-tests/test/com/google/common/eventbus/DispatcherTest.java,DispatcherTest.java,StringSubscriber,9,8,19,3,0,3,true,false,false,true,false,false,false,false,false,false
GitHub,relation_test_code_smell_ML,C:\Users\ismak\Documents\GitHub\relation_test_code_smell_ML\dataset\projects\guava\android\guava-tests\test\com\google\common\eventbus\EventBusTest.java,dataset/projects/guava/android/guava-tests/test/com/google/common/eventbus/EventBusTest.java,EventBusTest.java,Callback,14,25,111,12,0,12,true,false,false,true,false,false,false,false,false,false
GitHub,relation_test_code_smell_ML,C:\Users\ismak\Documents\GitHub\relation_test_code_smell_ML\dataset\projects\guava\android\guava-tests\test\com\google\common\eventbus\outside\AbstractEventBusTest.java,dataset/projects/guava/android/guava-tests/test/com/google/common/eventbus/outside/AbstractEventBusTest.java,AbstractEventBusTest.java,AbstractEventBusTest,3,4,6,0,0,0,true,true,false,true,false,false,false,false,false,false
GitHub,relation_test_code_smell_ML,C:\Users\ismak\Documents\GitHub\relation_test_code_smell_ML\dataset\projects\guava\android\guava-tests\test\com\google\common\eventbus\outside\AbstractNotAnnotatedInSuperclassTest.java,dataset/projects/guava/android/guava-tests/test/com/google/common/eventbus/outside/AbstractNotAnnotatedInSuperclassTest.java,AbstractNotAnnotatedInSuperclassTest.java,SubClass,5,7,5,2,0,2,true,false,false,false,false,false,false,false,false,false
GitHub,relation_test_code_smell_ML,C:\Users\ismak\Documents\GitHub\relation_test_code_smell_ML\dataset\projects\guava\android\guava-tests\test\com\google\common\eventbus\outside\AnnotatedAndAbstractInSuperclassTest.java,dataset/projects/guava/android/guava-tests/test/com/google/common/eventbus/outside/AnnotatedAndAbstractInSuperclassTest.java,AnnotatedAndAbstractInSuperclassTest.java,SubClass,5,7,5,2,0,2,true,false,false,false,false,false,false,false,false,false
GitHub,relation_test_code_smell_ML,C:\Users\ismak\Documents\GitHub\relation_test_code_smell_ML\dataset\projects\guava\android\guava-tests\test\com\google\common\eventbus\outside\AnnotatedNotAbstractInSuperclassTest.java,dataset/projects/guava/android/guava-tests/test/com/google/common/eventbus/outside/AnnotatedNotAbstractInSuperclassTest.java,AnnotatedNotAbstractInSuperclassTest.java,SubClass,5,15,17,5,0,5,true,false,false,false,false,false,false,false,false,false
GitHub,relation_test_code_smell_ML,C:\Users\ismak\Documents\GitHub\relation_test_code_smell_ML\dataset\projects\guava\android\guava-tests\test\com\google\common\eventbus\outside\BaseSubscriberFinderTest.java,dataset/projects/guava/android/guava-tests/test/com/google/common/eventbus/outside/BaseSubscriberFinderTest.java,BaseSubscriberFinderTest.java,Subscriber,5,5,5,2,0,2,true,false,false,false,false,false,false,false,false,false
GitHub,relation_test_code_smell_ML,C:\Users\ismak\Documents\GitHub\relation_test_code_smell_ML\dataset\projects\guava\android\guava-tests\test\com\google\common\eventbus\outside\DeepInterfaceTest.java,dataset/projects/guava/android/guava-tests/test/com/google/common/eventbus/outside/DeepInterfaceTest.java,DeepInterfaceTest.java,SubscriberClass,5,28,17,8,0,8,true,false,false,false,false,false,false,false,false,false
GitHub,relation_test_code_smell_ML,C:\Users\ismak\Documents\GitHub\relation_test_code_smell_ML\dataset\projects\guava\android\guava-tests\test\com\google\common\eventbus\outside\NeitherAbstractNorAnnotatedInSuperclassTest.java,dataset/projects/guava/android/guava-tests/test/com/google/common/eventbus/outside/NeitherAbstractNorAnnotatedInSuperclassTest.java,NeitherAbstractNorAnnotatedInSuperclassTest.java,SubClass,5,9,9,3,0,3,true,false,false,false,false,false,false,false,false,false
GitHub,relation_test_code_smell_ML,C:\Users\ismak\Documents\GitHub\relation_test_code_smell_ML\dataset\projects\guava\android\guava-tests\test\com\google\common\eventbus\outside\OutsideEventBusTest.java,dataset/projects/guava/android/guava-tests/test/com/google/common/eventbus/outside/OutsideEventBusTest.java,OutsideEventBusTest.java,OutsideEventBusTest,6,2,10,1,0,1,true,true,false,true,false,false,false,false,false,false
GitHub,relation_test_code_smell_ML,C:\Users\ismak\Documents\GitHub\relation_test_code_smell_ML\dataset\projects\guava\android\guava-tests\test\com\google\common\eventbus\PackageSanityTests.java,dataset/projects/guava/android/guava-tests/test/com/google/common/eventbus/PackageSanityTests.java,PackageSanityTests.java,DummySubscriber,4,4,3,0,0,0,true,false,false,false,false,false,false,false,false,false
GitHub,relation_test_code_smell_ML,C:\Users\ismak\Documents\GitHub\relation_test_code_smell_ML\dataset\projects\guava\android\guava-tests\test\com\google\common\eventbus\ReentrantEventsTest.java,dataset/projects/guava/android/guava-tests/test/com/google/common/eventbus/ReentrantEventsTest.java,ReentrantEventsTest.java,EventRecorder,5,6,17,2,0,2,true,false,false,true,false,false,false,false,false,false
GitHub,relation_test_code_smell_ML,C:\Users\ismak\Documents\GitHub\relation_test_code_smell_ML\dataset\projects\guava\android\guava-tests\test\com\google\common\eventbus\SubscriberRegistryTest.java,dataset/projects/guava/android/guava-tests/test/com/google/common/eventbus/SubscriberRegistryTest.java,SubscriberRegistryTest.java,HierarchyFixture,6,9,67,6,0,6,true,false,false,true,false,false,false,false,false,false
GitHub,relation_test_code_smell_ML,C:\Users\ismak\Documents\GitHub\relation_test_code_smell_ML\dataset\projects\guava\android\guava-tests\test\com\google\common\eventbus\SubscriberTest.java,dataset/projects/guava/android/guava-tests/test/com/google/common/eventbus/SubscriberTest.java,SubscriberTest.java,JudgmentError,8,11,28,5,0,5,true,false,false,true,false,false,false,false,false,false
GitHub,relation_test_code_smell_ML,C:\Users\ismak\Documents\GitHub\relation_test_code_smell_ML\dataset\projects\guava\android\guava-tests\test\com\google\common\graph\AbstractGraphTest.java,dataset/projects/guava/android/guava-tests/test/com/google/common/graph/AbstractGraphTest.java,AbstractGraphTest.java,AbstractGraphTest,14,41,144,34,34,0,true,true,false,false,true,false,false,false,false,true
GitHub,relation_test_code_smell_ML,C:\Users\ismak\Documents\GitHub\relation_test_code_smell_ML\dataset\projects\guava\android\guava-tests\test\com\google\common\graph\AbstractNetworkTest.java,dataset/projects/guava/android/guava-tests/test/com/google/common/graph/AbstractNetworkTest.java,AbstractNetworkTest.java,AbstractNetworkTest,21,60,227,53,53,0,true,true,false,false,true,false,false,false,false,true
GitHub,relation_test_code_smell_ML,C:\Users\ismak\Documents\GitHub\relation_test_code_smell_ML\dataset\projects\guava\android\guava-tests\test\com\google\common\graph\AbstractStandardDirectedGraphTest.java,dataset/projects/guava/android/guava-tests/test/com/google/common/graph/AbstractStandardDirectedGraphTest.java,AbstractStandardDirectedGraphTest.java,AbstractStandardDirectedGraphTest,7,39,180,38,38,0,true,true,false,false,true,false,false,false,false,false
GitHub,relation_test_code_smell_ML,C:\Users\ismak\Documents\GitHub\relation_test_code_smell_ML\dataset\projects\guava\android\guava-tests\test\com\google\common\graph\AbstractStandardDirectedNetworkTest.java,dataset/projects/guava/android/guava-tests/test/com/google/common/graph/AbstractStandardDirectedNetworkTest.java,AbstractStandardDirectedNetworkTest.java,AbstractStandardDirectedNetworkTest,12,56,259,54,54,0,true,true,false,false,true,false,false,false,false,false
GitHub,relation_test_code_smell_ML,C:\Users\ismak\Documents\GitHub\relation_test_code_smell_ML\dataset\projects\guava\android\guava-tests\test\com\google\common\graph\AbstractStandardUndirectedGraphTest.java,dataset/projects/guava/android/guava-tests/test/com/google/common/graph/AbstractStandardUndirectedGraphTest.java,AbstractStandardUndirectedGraphTest.java,AbstractStandardUndirectedGraphTest,8,37,164,35,35,0,true,true,false,false,true,false,false,false,false,false
GitHub,relation_test_code_smell_ML,C:\Users\ismak\Documents\GitHub\relation_test_code_smell_ML\dataset\projects\guava\android\guava-tests\test\com\google\common\graph\AbstractStandardUndirectedNetworkTest.java,dataset/projects/guava/android/guava-tests/test/com/google/common/graph/AbstractStandardUndirectedNetworkTest.java,AbstractStandardUndirectedNetworkTest.java,AbstractStandardUndirectedNetworkTest,11,49,234,47,47,0,true,true,false,false,true,false,false,false,false,false
GitHub,relation_test_code_smell_ML,C:\Users\ismak\Documents\GitHub\relation_test_code_smell_ML\dataset\projects\guava\android\guava-tests\test\com\google\common\graph\DefaultNetworkImplementationsTest.java,dataset/projects/guava/android/guava-tests/test/com/google/common/graph/DefaultNetworkImplementationsTest.java,DefaultNetworkImplementationsTest.java,NetworkForTest,15,25,52,7,7,0,true,true,false,false,true,false,false,false,false,true
GitHub,relation_test_code_smell_ML,C:\Users\ismak\Documents\GitHub\relation_test_code_smell_ML\dataset\projects\guava\android\guava-tests\test\com\google\common\graph\ElementOrderTest.java,dataset/projects/guava/android/guava-tests/test/com/google/common/graph/ElementOrderTest.java,ElementOrderTest.java,ComparableSubClass,10,17,78,13,13,0,true,false,false,false,true,false,false,false,false,false
GitHub,relation_test_code_smell_ML,C:\Users\ismak\Documents\GitHub\relation_test_code_smell_ML\dataset\projects\guava\android\guava-tests\test\com\google\common\graph\EndpointPairTest.java,dataset/projects/guava/android/guava-tests/test/com/google/common/graph/EndpointPairTest.java,EndpointPairTest.java,EndpointPairTest,11,13,95,12,12,0,true,true,false,false,true,false,false,false,false,true
GitHub,relation_test_code_smell_ML,C:\Users\ismak\Documents\GitHub\relation_test_code_smell_ML\dataset\projects\guava\android\guava-tests\test\com\google\common\graph\GraphEquivalenceTest.java,dataset/projects/guava/android/guava-tests/test/com/google/common/graph/GraphEquivalenceTest.java,GraphEquivalenceTest.java,GraphEquivalenceTest,11,9,33,6,6,0,true,true,false,false,true,false,false,false,false,true
GitHub,relation_test_code_smell_ML,C:\Users\ismak\Documents\GitHub\relation_test_code_smell_ML\dataset\projects\guava\android\guava-tests\test\com\google\common\graph\GraphMutationTest.java,dataset/projects/guava/android/guava-tests/test/com/google/common/graph/GraphMutationTest.java,GraphMutationTest.java,GraphMutationTest,11,6,8,3,2,1,true,true,false,false,true,false,false,false,false,false
GitHub,relation_test_code_smell_ML,C:\Users\ismak\Documents\GitHub\relation_test_code_smell_ML\dataset\projects\guava\android\guava-tests\test\com\google\common\graph\GraphPropertiesTest.java,dataset/projects/guava/android/guava-tests/test/com/google/common/graph/GraphPropertiesTest.java,GraphPropertiesTest.java,GraphPropertiesTest,8,15,51,14,14,0,true,true,false,false,true,false,false,false,false,true
GitHub,relation_test_code_smell_ML,C:\Users\ismak\Documents\GitHub\relation_test_code_smell_ML\dataset\projects\guava\android\guava-tests\test\com\google\common\graph\GraphsTest.java,dataset/projects/guava/android/guava-tests/test/com/google/common/graph/GraphsTest.java,GraphsTest.java,GraphsTest,14,45,412,39,39,0,true,true,false,false,true,false,false,false,false,true
GitHub,relation_test_code_smell_ML,C:\Users\ismak\Documents\GitHub\relation_test_code_smell_ML\dataset\projects\guava\android\guava-tests\test\com\google\common\graph\ImmutableNetworkTest.java,dataset/projects/guava/android/guava-tests/test/com/google/common/graph/ImmutableNetworkTest.java,ImmutableNetworkTest.java,ImmutableNetworkTest,5,9,46,9,9,0,true,true,false,false,true,false,false,false,false,false
GitHub,relation_test_code_smell_ML,C:\Users\ismak\Documents\GitHub\relation_test_code_smell_ML\dataset\projects\guava\android\guava-tests\test\com\google\common\graph\ImmutableValueGraphTest.java,dataset/projects/guava/android/guava-tests/test/com/google/common/graph/ImmutableValueGraphTest.java,ImmutableValueGraphTest.java,ImmutableValueGraphTest,5,12,42,12,12,0,true,true,false,false,true,false,false,false,false,false
GitHub,relation_test_code_smell_ML,C:\Users\ismak\Documents\GitHub\relation_test_code_smell_ML\dataset\projects\guava\android\guava-tests\test\com\google\common\graph\InvalidatableSetTest.java,dataset/projects/guava/android/guava-tests/test/com/google/common/graph/InvalidatableSetTest.java,InvalidatableSetTest.java,InvalidatableSetTest,11,2,19,1,1,0,true,true,false,false,true,false,false,false,false,false
GitHub,relation_test_code_smell_ML,C:\Users\ismak\Documents\GitHub\relation_test_code_smell_ML\dataset\projects\guava\android\guava-tests\test\com\google\common\graph\MapCacheTest.java,dataset/projects/guava/android/guava-tests/test/com/google/common/graph/MapCacheTest.java,MapCacheTest.java,MapCacheTest,13,5,19,3,3,0,true,true,false,false,true,false,false,false,false,true
GitHub,relation_test_code_smell_ML,C:\Users\ismak\Documents\GitHub\relation_test_code_smell_ML\dataset\projects\guava\android\guava-tests\test\com\google\common\graph\NetworkEquivalenceTest.java,dataset/projects/guava/android/guava-tests/test/com/google/common/graph/NetworkEquivalenceTest.java,NetworkEquivalenceTest.java,NetworkEquivalenceTest,11,11,43,8,8,0,true,true,false,false,true,false,false,false,false,true
GitHub,relation_test_code_smell_ML,C:\Users\ismak\Documents\GitHub\relation_test_code_smell_ML\dataset\projects\guava\android\guava-tests\test\com\google\common\graph\NetworkMutationTest.java,dataset/projects/guava/android/guava-tests/test/com/google/common/graph/NetworkMutationTest.java,NetworkMutationTest.java,NetworkMutationTest,11,4,5,3,2,1,true,true,false,false,true,false,false,false,false,false
GitHub,relation_test_code_smell_ML,C:\Users\ismak\Documents\GitHub\relation_test_code_smell_ML\dataset\projects\guava\android\guava-tests\test\com\google\common\graph\PackageSanityTests.java,dataset/projects/guava/android/guava-tests/test/com/google/common/graph/PackageSanityTests.java,PackageSanityTests.java,PackageSanityTests,4,1,1,1,0,1,true,true,false,false,false,false,false,false,false,false
GitHub,relation_test_code_smell_ML,C:\Users\ismak\Documents\GitHub\relation_test_code_smell_ML\dataset\projects\guava\android\guava-tests\test\com\google\common\graph\StandardImmutableDirectedGraphTest.java,dataset/projects/guava/android/guava-tests/test/com/google/common/graph/StandardImmutableDirectedGraphTest.java,StandardImmutableDirectedGraphTest.java,StandardImmutableDirectedGraphTest,6,4,7,0,0,0,true,true,false,false,false,false,false,false,false,false
GitHub,relation_test_code_smell_ML,C:\Users\ismak\Documents\GitHub\relation_test_code_smell_ML\dataset\projects\guava\android\guava-tests\test\com\google\common\graph\StandardImmutableDirectedNetworkTest.java,dataset/projects/guava/android/guava-tests/test/com/google/common/graph/StandardImmutableDirectedNetworkTest.java,StandardImmutableDirectedNetworkTest.java,StandardImmutableDirectedNetworkTest,7,4,8,0,0,0,true,true,false,false,false,false,false,false,false,false
GitHub,relation_test_code_smell_ML,C:\Users\ismak\Documents\GitHub\relation_test_code_smell_ML\dataset\projects\guava\android\guava-tests\test\com\google\common\graph\StandardImmutableGraphAdditionalTest.java,dataset/projects/guava/android/guava-tests/test/com/google/common/graph/StandardImmutableGraphAdditionalTest.java,StandardImmutableGraphAdditionalTest.java,StandardImmutableGraphAdditionalTest,5,9,34,9,9,0,true,true,false,false,true,false,false,false,false,false
GitHub,relation_test_code_smell_ML,C:\Users\ismak\Documents\GitHub\relation_test_code_smell_ML\dataset\projects\guava\android\guava-tests\test\com\google\common\graph\StandardImmutableUndirectedGraphTest.java,dataset/projects/guava/android/guava-tests/test/com/google/common/graph/StandardImmutableUndirectedGraphTest.java,StandardImmutableUndirectedGraphTest.java,StandardImmutableUndirectedGraphTest,6,4,7,0,0,0,true,true,false,false,false,false,false,false,false,false
GitHub,relation_test_code_smell_ML,C:\Users\ismak\Documents\GitHub\relation_test_code_smell_ML\dataset\projects\guava\android\guava-tests\test\com\google\common\graph\StandardMutableDirectedGraphTest.java,dataset/projects/guava/android/guava-tests/test/com/google/common/graph/StandardMutableDirectedGraphTest.java,StandardMutableDirectedGraphTest.java,StandardMutableDirectedGraphTest,6,4,4,0,0,0,true,true,false,false,false,false,false,false,false,false
GitHub,relation_test_code_smell_ML,C:\Users\ismak\Documents\GitHub\relation_test_code_smell_ML\dataset\projects\guava\android\guava-tests\test\com\google\common\graph\StandardMutableDirectedNetworkTest.java,dataset/projects/guava/android/guava-tests/test/com/google/common/graph/StandardMutableDirectedNetworkTest.java,StandardMutableDirectedNetworkTest.java,StandardMutableDirectedNetworkTest,7,4,5,0,0,0,true,true,false,false,false,false,false,false,false,false
GitHub,relation_test_code_smell_ML,C:\Users\ismak\Documents\GitHub\relation_test_code_smell_ML\dataset\projects\guava\android\guava-tests\test\com\google\common\graph\StandardMutableUndirectedGraphTest.java,dataset/projects/guava/android/guava-tests/test/com/google/common/graph/StandardMutableUndirectedGraphTest.java,StandardMutableUndirectedGraphTest.java,StandardMutableUndirectedGraphTest,6,4,4,0,0,0,true,true,false,false,false,false,false,false,false,false
GitHub,relation_test_code_smell_ML,C:\Users\ismak\Documents\GitHub\relation_test_code_smell_ML\dataset\projects\guava\android\guava-tests\test\com\google\common\graph\StandardMutableUndirectedNetworkTest.java,dataset/projects/guava/android/guava-tests/test/com/google/common/graph/StandardMutableUndirectedNetworkTest.java,StandardMutableUndirectedNetworkTest.java,StandardMutableUndirectedNetworkTest,7,4,5,0,0,0,true,true,false,false,false,false,false,false,false,false
GitHub,relation_test_code_smell_ML,C:\Users\ismak\Documents\GitHub\relation_test_code_smell_ML\dataset\projects\guava\android\guava-tests\test\com\google\common\graph\TestUtil.java,dataset/projects/guava/android/guava-tests/test/com/google/common/graph/TestUtil.java,TestUtil.java,TestUtil,7,8,24,0,0,0,true,true,false,false,false,false,false,false,false,true
GitHub,relation_test_code_smell_ML,C:\Users\ismak\Documents\GitHub\relation_test_code_smell_ML\dataset\projects\guava\android\guava-tests\test\com\google\common\graph\TraverserTest.java,dataset/projects/guava/android/guava-tests/test/com/google/common/graph/TraverserTest.java,TraverserTest.java,RequestSavingGraph,15,121,420,112,112,0,true,false,false,false,true,false,false,false,false,false
GitHub,relation_test_code_smell_ML,C:\Users\ismak\Documents\GitHub\relation_test_code_smell_ML\dataset\projects\guava\android\guava-tests\test\com\google\common\graph\ValueGraphTest.java,dataset/projects/guava/android/guava-tests/test/com/google/common/graph/ValueGraphTest.java,ValueGraphTest.java,ValueGraphTest,16,30,199,29,29,0,true,true,false,false,true,false,false,false,false,true
GitHub,relation_test_code_smell_ML,C:\Users\ismak\Documents\GitHub\relation_test_code_smell_ML\dataset\projects\guava\android\guava-tests\test\com\google\common\hash\AbstractByteHasherTest.java,dataset/projects/guava/android/guava-tests/test/com/google/common/hash/AbstractByteHasherTest.java,AbstractByteHasherTest.java,TestHasher,8,14,37,9,0,9,true,true,false,true,false,false,false,false,false,false
GitHub,relation_test_code_smell_ML,C:\Users\ismak\Documents\GitHub\relation_test_code_smell_ML\dataset\projects\guava\android\guava-tests\test\com\google\common\hash\AbstractNonStreamingHashFunctionTest.java,dataset/projects/guava/android/guava-tests/test/com/google/common/hash/AbstractNonStreamingHashFunctionTest.java,AbstractNonStreamingHashFunctionTest.java,NonStreamingVersion,10,15,24,6,0,6,true,false,false,true,false,false,false,false,false,false
GitHub,relation_test_code_smell_ML,C:\Users\ismak\Documents\GitHub\relation_test_code_smell_ML\dataset\projects\guava\android\guava-tests\test\com\google\common\hash\AbstractStreamingHasherTest.java,dataset/projects/guava/android/guava-tests/test/com/google/common/hash/AbstractStreamingHasherTest.java,AbstractStreamingHasherTest.java,Control,16,18,72,10,0,10,true,false,false,true,false,false,false,false,false,true
GitHub,relation_test_code_smell_ML,C:\Users\ismak\Documents\GitHub\relation_test_code_smell_ML\dataset\projects\guava\android\guava-tests\test\com\google\common\hash\BloomFilterTest.java,dataset/projects/guava/android/guava-tests/test/com/google/common/hash/BloomFilterTest.java,BloomFilterTest.java,CustomFunnel,33,41,198,33,0,33,true,false,false,true,false,false,false,false,false,false
GitHub,relation_test_code_smell_ML,C:\Users\ismak\Documents\GitHub\relation_test_code_smell_ML\dataset\projects\guava\android\guava-tests\test\com\google\common\hash\ChecksumHashFunctionTest.java,dataset/projects/guava/android/guava-tests/test/com/google/common/hash/ChecksumHashFunctionTest.java,ChecksumHashFunctionTest.java,ChecksumHashFunctionTest,7,6,35,4,0,4,true,true,false,true,false,false,false,false,false,false
GitHub,relation_test_code_smell_ML,C:\Users\ismak\Documents\GitHub\relation_test_code_smell_ML\dataset\projects\guava\android\guava-tests\test\com\google\common\hash\Crc32cHashFunctionTest.java,dataset/projects/guava/android/guava-tests/test/com/google/common/hash/Crc32cHashFunctionTest.java,Crc32cHashFunctionTest.java,Crc32cHashFunctionTest,7,16,47,13,0,13,true,true,false,true,false,false,false,false,false,false
GitHub,relation_test_code_smell_ML,C:\Users\ismak\Documents\GitHub\relation_test_code_smell_ML\dataset\projects\guava\android\guava-tests\test\com\google\common\hash\FarmHashFingerprint64Test.java,dataset/projects/guava/android/guava-tests/test/com/google/common/hash/FarmHashFingerprint64Test.java,FarmHashFingerprint64Test.java,FarmHashFingerprint64Test,8,10,49,6,0,6,true,true,false,true,false,false,false,false,false,false
GitHub,relation_test_code_smell_ML,C:\Users\ismak\Documents\GitHub\relation_test_code_smell_ML\dataset\projects\guava\android\guava-tests\test\com\google\common\hash\Fingerprint2011Test.java,dataset/projects/guava/android/guava-tests/test/com/google/common/hash/Fingerprint2011Test.java,Fingerprint2011Test.java,Fingerprint2011Test,12,11,53,7,0,7,true,true,false,true,false,false,false,false,false,false
GitHub,relation_test_code_smell_ML,C:\Users\ismak\Documents\GitHub\relation_test_code_smell_ML\dataset\projects\guava\android\guava-tests\test\com\google\common\hash\FunnelsTest.java,dataset/projects/guava/android/guava-tests/test/com/google/common/hash/FunnelsTest.java,FunnelsTest.java,FunnelsTest,23,17,49,14,0,14,true,true,false,true,false,false,false,false,false,false
GitHub,relation_test_code_smell_ML,C:\Users\ismak\Documents\GitHub\relation_test_code_smell_ML\dataset\projects\guava\android\guava-tests\test\com\google\common\hash\HashCodeTest.java,dataset/projects/guava/android/guava-tests/test/com/google/common/hash/HashCodeTest.java,HashCodeTest.java,ExpectedHashCode,13,36,108,31,0,31,true,false,false,true,false,false,false,false,false,false
GitHub,relation_test_code_smell_ML,C:\Users\ismak\Documents\GitHub\relation_test_code_smell_ML\dataset\projects\guava\android\guava-tests\test\com\google\common\hash\HashingInputStreamTest.java,dataset/projects/guava/android/guava-tests/test/com/google/common/hash/HashingInputStreamTest.java,HashingInputStreamTest.java,HashingInputStreamTest,12,9,62,8,0,8,true,true,false,true,false,false,false,false,false,false
GitHub,relation_test_code_smell_ML,C:\Users\ismak\Documents\GitHub\relation_test_code_smell_ML\dataset\projects\guava\android\guava-tests\test\com\google\common\hash\HashingOutputStreamTest.java,dataset/projects/guava/android/guava-tests/test/com/google/common/hash/HashingOutputStreamTest.java,HashingOutputStreamTest.java,HashingOutputStreamTest,10,6,31,5,0,5,true,true,false,true,false,false,false,false,false,false
GitHub,relation_test_code_smell_ML,C:\Users\ismak\Documents\GitHub\relation_test_code_smell_ML\dataset\projects\guava\android\guava-tests\test\com\google\common\hash\HashingTest.java,dataset/projects/guava/android/guava-tests/test/com/google/common/hash/HashingTest.java,HashingTest.java,HashingTest,24,46,172,40,0,40,true,true,false,true,false,false,false,false,false,true
GitHub,relation_test_code_smell_ML,C:\Users\ismak\Documents\GitHub\relation_test_code_smell_ML\dataset\projects\guava\android\guava-tests\test\com\google\common\hash\MacHashFunctionTest.java,dataset/projects/guava/android/guava-tests/test/com/google/common/hash/MacHashFunctionTest.java,MacHashFunctionTest.java,MacHashFunctionTest,23,41,126,28,0,28,true,true,false,true,false,false,false,false,false,true
GitHub,relation_test_code_smell_ML,C:\Users\ismak\Documents\GitHub\relation_test_code_smell_ML\dataset\projects\guava\android\guava-tests\test\com\google\common\hash\MessageDigestHashFunctionTest.java,dataset/projects/guava/android/guava-tests/test/com/google/common/hash/MessageDigestHashFunctionTest.java,MessageDigestHashFunctionTest.java,MessageDigestHashFunctionTest,12,5,17,4,0,4,true,true,false,true,false,false,false,false,false,false
GitHub,relation_test_code_smell_ML,C:\Users\ismak\Documents\GitHub\relation_test_code_smell_ML\dataset\projects\guava\android\guava-tests\test\com\google\common\hash\Murmur3Hash128Test.java,dataset/projects/guava/android/guava-tests/test/com/google/common/hash/Murmur3Hash128Test.java,Murmur3Hash128Test.java,Murmur3Hash128Test,10,6,23,3,0,3,true,true,false,true,false,false,false,false,false,false
GitHub,relation_test_code_smell_ML,C:\Users\ismak\Documents\GitHub\relation_test_code_smell_ML\dataset\projects\guava\android\guava-tests\test\com\google\common\hash\Murmur3Hash32Test.java,dataset/projects/guava/android/guava-tests/test/com/google/common/hash/Murmur3Hash32Test.java,Murmur3Hash32Test.java,Murmur3Hash32Test,12,16,63,11,0,11,true,true,false,true,false,false,false,false,false,false
GitHub,relation_test_code_smell_ML,C:\Users\ismak\Documents\GitHub\relation_test_code_smell_ML\dataset\projects\guava\android\guava-tests\test\com\google\common\hash\PackageSanityTests.java,dataset/projects/guava/android/guava-tests/test/com/google/common/hash/PackageSanityTests.java,PackageSanityTests.java,PackageSanityTests,4,0,0,0,0,0,true,true,false,false,false,false,false,false,false,false
GitHub,relation_test_code_smell_ML,C:\Users\ismak\Documents\GitHub\relation_test_code_smell_ML\dataset\projects\guava\android\guava-tests\test\com\google\common\hash\SipHashFunctionTest.java,dataset/projects/guava/android/guava-tests/test/com/google/common/hash/SipHashFunctionTest.java,SipHashFunctionTest.java,SipHashFunctionTest,7,7,27,5,0,5,true,true,false,true,false,false,false,false,false,false
GitHub,relation_test_code_smell_ML,C:\Users\ismak\Documents\GitHub\relation_test_code_smell_ML\dataset\projects\guava\android\guava-tests\test\com\google\common\hash\TestPlatform.java,dataset/projects/guava/android/guava-tests/test/com/google/common/hash/TestPlatform.java,TestPlatform.java,TestPlatform,10,3,3,0,0,0,true,true,false,false,false,false,false,false,false,false
GitHub,relation_test_code_smell_ML,C:\Users\ismak\Documents\GitHub\relation_test_code_smell_ML\dataset\projects\guava\android\guava-tests\test\com\google\common\html\HtmlEscapersTest.java,dataset/projects/guava/android/guava-tests/test/com/google/common/html/HtmlEscapersTest.java,HtmlEscapersTest.java,HtmlEscapersTest,5,1,15,1,0,1,true,true,false,true,false,false,false,false,false,false
GitHub,relation_test_code_smell_ML,C:\Users\ismak\Documents\GitHub\relation_test_code_smell_ML\dataset\projects\guava\android\guava-tests\test\com\google\common\io\AppendableWriterTest.java,dataset/projects/guava/android/guava-tests/test/com/google/common/io/AppendableWriterTest.java,AppendableWriterTest.java,SpyAppendable,7,9,42,4,0,4,true,false,false,false,false,false,false,false,false,false
GitHub,relation_test_code_smell_ML,C:\Users\ismak\Documents\GitHub\relation_test_code_smell_ML\dataset\projects\guava\android\guava-tests\test\com\google\common\io\BaseEncodingTest.java,dataset/projects/guava/android/guava-tests/test/com/google/common/io/BaseEncodingTest.java,BaseEncodingTest.java,BaseEncodingTest,24,59,236,52,0,52,true,true,false,true,false,false,false,false,false,false
GitHub,relation_test_code_smell_ML,C:\Users\ismak\Documents\GitHub\relation_test_code_smell_ML\dataset\projects\guava\android\guava-tests\test\com\google\common\io\ByteSinkTest.java,dataset/projects/guava/android/guava-tests/test/com/google/common/io/ByteSinkTest.java,ByteSinkTest.java,ByteSinkTest,11,8,28,7,0,7,true,true,false,false,false,false,false,false,false,false
GitHub,relation_test_code_smell_ML,C:\Users\ismak\Documents\GitHub\relation_test_code_smell_ML\dataset\projects\guava\android\guava-tests\test\com\google\common\io\ByteSourceTest.java,dataset/projects/guava/android/guava-tests/test/com/google/common/io/ByteSourceTest.java,ByteSourceTest.java,In,28,34,129,19,0,19,true,false,false,false,false,false,false,false,false,true
GitHub,relation_test_code_smell_ML,C:\Users\ismak\Documents\GitHub\relation_test_code_smell_ML\dataset\projects\guava\android\guava-tests\test\com\google\common\io\ByteStreamsTest.java,dataset/projects/guava/android/guava-tests/test/com/google/common/io/ByteStreamsTest.java,ByteStreamsTest.java,UnmarkableInputStream,25,66,298,57,0,57,true,false,false,false,false,false,false,false,false,false
GitHub,relation_test_code_smell_ML,C:\Users\ismak\Documents\GitHub\relation_test_code_smell_ML\dataset\projects\guava\android\guava-tests\test\com\google\common\io\CharSequenceReaderTest.java,dataset/projects/guava/android/guava-tests/test/com/google/common/io/CharSequenceReaderTest.java,CharSequenceReaderTest.java,CharSequenceReaderTest,6,8,81,5,0,5,true,true,false,true,false,false,false,false,false,false
GitHub,relation_test_code_smell_ML,C:\Users\ismak\Documents\GitHub\relation_test_code_smell_ML\dataset\projects\guava\android\guava-tests\test\com\google\common\io\CharSinkTest.java,dataset/projects/guava/android/guava-tests/test/com/google/common/io/CharSinkTest.java,CharSinkTest.java,CharSinkTest,13,12,37,11,0,11,true,true,false,false,false,false,false,false,false,false
GitHub,relation_test_code_smell_ML,C:\Users\ismak\Documents\GitHub\relation_test_code_smell_ML\dataset\projects\guava\android\guava-tests\test\com\google\common\io\CharSourceTest.java,dataset/projects/guava/android/guava-tests/test/com/google/common/io/CharSourceTest.java,CharSourceTest.java,CharSourceTest,21,27,96,17,0,17,true,true,false,false,false,false,false,false,false,true
GitHub,relation_test_code_smell_ML,C:\Users\ismak\Documents\GitHub\relation_test_code_smell_ML\dataset\projects\guava\android\guava-tests\test\com\google\common\io\CharStreamsTest.java,dataset/projects/guava/android/guava-tests/test/com/google/common/io/CharStreamsTest.java,CharStreamsTest.java,CharStreamsTest,15,29,123,15,0,15,true,true,false,false,false,false,false,false,false,false
GitHub,relation_test_code_smell_ML,C:\Users\ismak\Documents\GitHub\relation_test_code_smell_ML\dataset\projects\guava\android\guava-tests\test\com\google\common\io\CloseablesTest.java,dataset/projects/guava/android/guava-tests/test/com/google/common/io/CloseablesTest.java,CloseablesTest.java,CloseablesTest,9,10,23,9,0,9,true,true,false,true,false,false,false,false,false,false
GitHub,relation_test_code_smell_ML,C:\Users\ismak\Documents\GitHub\relation_test_code_smell_ML\dataset\projects\guava\android\guava-tests\test\com\google\common\io\CloserTest.java,dataset/projects/guava/android/guava-tests/test/com/google/common/io/CloserTest.java,CloserTest.java,TestCloseable,14,22,117,11,0,11,true,true,false,true,false,false,false,false,false,true
GitHub,relation_test_code_smell_ML,C:\Users\ismak\Documents\GitHub\relation_test_code_smell_ML\dataset\projects\guava\android\guava-tests\test\com\google\common\io\CountingInputStreamTest.java,dataset/projects/guava/android/guava-tests/test/com/google/common/io/CountingInputStreamTest.java,CountingInputStreamTest.java,UnmarkableInputStream,6,12,38,9,0,9,true,false,false,false,false,false,false,false,false,false
GitHub,relation_test_code_smell_ML,C:\Users\ismak\Documents\GitHub\relation_test_code_smell_ML\dataset\projects\guava\android\guava-tests\test\com\google\common\io\CountingOutputStreamTest.java,dataset/projects/guava/android/guava-tests/test/com/google/common/io/CountingOutputStreamTest.java,CountingOutputStreamTest.java,CountingOutputStreamTest,3,1,25,1,0,1,true,true,false,false,false,false,false,false,false,false
GitHub,relation_test_code_smell_ML,C:\Users\ismak\Documents\GitHub\relation_test_code_smell_ML\dataset\projects\guava\android\guava-tests\test\com\google\common\io\FileBackedOutputStreamTest.java,dataset/projects/guava/android/guava-tests/test/com/google/common/io/FileBackedOutputStreamTest.java,FileBackedOutputStreamTest.java,FileAndWeakByteSource,17,11,77,7,0,7,true,false,false,false,false,false,false,false,false,true
GitHub,relation_test_code_smell_ML,C:\Users\ismak\Documents\GitHub\relation_test_code_smell_ML\dataset\projects\guava\android\guava-tests\test\com\google\common\io\FilesCreateTempDirTest.java,dataset/projects/guava/android/guava-tests/test/com/google/common/io/FilesCreateTempDirTest.java,FilesCreateTempDirTest.java,FilesCreateTempDirTest,12,5,9,2,0,2,true,true,false,true,false,false,false,false,false,false
GitHub,relation_test_code_smell_ML,C:\Users\ismak\Documents\GitHub\relation_test_code_smell_ML\dataset\projects\guava\android\guava-tests\test\com\google\common\io\FilesFileTraverserTest.java,dataset/projects/guava/android/guava-tests/test/com/google/common/io/FilesFileTraverserTest.java,FilesFileTraverserTest.java,FilesFileTraverserTest,6,11,31,8,0,8,true,true,false,false,false,false,false,false,false,false
GitHub,relation_test_code_smell_ML,C:\Users\ismak\Documents\GitHub\relation_test_code_smell_ML\dataset\projects\guava\android\guava-tests\test\com\google\common\io\FilesSimplifyPathTest.java,dataset/projects/guava/android/guava-tests/test/com/google/common/io/FilesSimplifyPathTest.java,FilesSimplifyPathTest.java,FilesSimplifyPathTest,10,35,110,34,0,34,true,true,false,true,false,false,false,false,false,false
GitHub,relation_test_code_smell_ML,C:\Users\ismak\Documents\GitHub\relation_test_code_smell_ML\dataset\projects\guava\android\guava-tests\test\com\google\common\io\FilesTest.java,dataset/projects/guava/android/guava-tests/test/com/google/common/io/FilesTest.java,FilesTest.java,UnmovableFile,24,56,289,39,0,39,true,false,false,false,false,false,false,false,false,false
GitHub,relation_test_code_smell_ML,C:\Users\ismak\Documents\GitHub\relation_test_code_smell_ML\dataset\projects\guava\android\guava-tests\test\com\google\common\io\FlushablesTest.java,dataset/projects/guava/android/guava-tests/test/com/google/common/io/FlushablesTest.java,FlushablesTest.java,FlushablesTest,7,5,15,5,0,5,true,true,false,true,false,false,false,false,false,false
GitHub,relation_test_code_smell_ML,C:\Users\ismak\Documents\GitHub\relation_test_code_smell_ML\dataset\projects\guava\android\guava-tests\test\com\google\common\io\LineBufferTest.java,dataset/projects/guava/android/guava-tests/test/com/google/common/io/LineBufferTest.java,LineBufferTest.java,LineBufferTest,14,10,42,1,0,1,true,true,false,false,false,false,false,false,false,false
GitHub,relation_test_code_smell_ML,C:\Users\ismak\Documents\GitHub\relation_test_code_smell_ML\dataset\projects\guava\android\guava-tests\test\com\google\common\io\LittleEndianDataInputStreamTest.java,dataset/projects/guava/android/guava-tests/test/com/google/common/io/LittleEndianDataInputStreamTest.java,LittleEndianDataInputStreamTest.java,LittleEndianDataInputStreamTest,11,8,63,6,0,6,true,true,false,true,false,false,false,false,false,false
GitHub,relation_test_code_smell_ML,C:\Users\ismak\Documents\GitHub\relation_test_code_smell_ML\dataset\projects\guava\android\guava-tests\test\com\google\common\io\LittleEndianDataOutputStreamTest.java,dataset/projects/guava/android/guava-tests/test/com/google/common/io/LittleEndianDataOutputStreamTest.java,LittleEndianDataOutputStreamTest.java,LittleEndianDataOutputStreamTest,10,5,64,4,0,4,true,true,false,true,false,false,false,false,false,false
GitHub,relation_test_code_smell_ML,C:\Users\ismak\Documents\GitHub\relation_test_code_smell_ML\dataset\projects\guava\android\guava-tests\test\com\google\common\io\MoreFilesTest.java,dataset/projects/guava/android/guava-tests/test/com/google/common/io/MoreFilesTest.java,MoreFilesTest.java,MoreFilesTest,30,46,126,30,0,30,true,true,false,true,false,false,false,false,false,true
GitHub,relation_test_code_smell_ML,C:\Users\ismak\Documents\GitHub\relation_test_code_smell_ML\dataset\projects\guava\android\guava-tests\test\com\google\common\io\MultiInputStreamTest.java,dataset/projects/guava/android/guava-tests/test/com/google/common/io/MultiInputStreamTest.java,MultiInputStreamTest.java,MultiInputStreamTest,10,14,46,6,0,6,true,true,false,false,false,false,false,false,false,false
GitHub,relation_test_code_smell_ML,C:\Users\ismak\Documents\GitHub\relation_test_code_smell_ML\dataset\projects\guava\android\guava-tests\test\com\google\common\io\MultiReaderTest.java,dataset/projects/guava/android/guava-tests/test/com/google/common/io/MultiReaderTest.java,MultiReaderTest.java,MultiReaderTest,8,9,42,5,0,5,true,true,false,true,false,false,false,false,false,false
GitHub,relation_test_code_smell_ML,C:\Users\ismak\Documents\GitHub\relation_test_code_smell_ML\dataset\projects\guava\android\guava-tests\test\com\google\common\io\PackageSanityTests.java,dataset/projects/guava/android/guava-tests/test/com/google/common/io/PackageSanityTests.java,PackageSanityTests.java,PackageSanityTests,6,0,0,0,0,0,true,true,false,false,false,false,false,false,false,false
GitHub,relation_test_code_smell_ML,C:\Users\ismak\Documents\GitHub\relation_test_code_smell_ML\dataset\projects\guava\android\guava-tests\test\com\google\common\io\PatternFilenameFilterTest.java,dataset/projects/guava/android/guava-tests/test/com/google/common/io/PatternFilenameFilterTest.java,PatternFilenameFilterTest.java,PatternFilenameFilterTest,8,3,12,3,0,3,true,true,false,true,false,false,false,false,false,false
GitHub,relation_test_code_smell_ML,C:\Users\ismak\Documents\GitHub\relation_test_code_smell_ML\dataset\projects\guava\android\guava-tests\test\com\google\common\io\ResourcesTest.java,dataset/projects/guava/android/guava-tests/test/com/google/common/io/ResourcesTest.java,ResourcesTest.java,ResourcesTest,17,16,44,12,0,12,true,true,false,false,false,false,false,false,false,true
GitHub,relation_test_code_smell_ML,C:\Users\ismak\Documents\GitHub\relation_test_code_smell_ML\dataset\projects\guava\android\guava-tests\test\com\google\common\io\TestByteSink.java,dataset/projects/guava/android/guava-tests/test/com/google/common/io/TestByteSink.java,TestByteSink.java,TestByteSink,6,4,6,0,0,0,true,true,false,false,false,false,false,false,false,false
GitHub,relation_test_code_smell_ML,C:\Users\ismak\Documents\GitHub\relation_test_code_smell_ML\dataset\projects\guava\android\guava-tests\test\com\google\common\io\TestByteSource.java,dataset/projects/guava/android/guava-tests/test/com/google/common/io/TestByteSource.java,TestByteSource.java,TestByteSource,8,3,4,0,0,0,true,true,false,false,false,false,false,false,false,false
GitHub,relation_test_code_smell_ML,C:\Users\ismak\Documents\GitHub\relation_test_code_smell_ML\dataset\projects\guava\android\guava-tests\test\com\google\common\io\TestCharSink.java,dataset/projects/guava/android/guava-tests/test/com/google/common/io/TestCharSink.java,TestCharSink.java,TestCharSink,6,7,10,0,0,0,true,true,false,false,false,false,false,false,false,false
GitHub,relation_test_code_smell_ML,C:\Users\ismak\Documents\GitHub\relation_test_code_smell_ML\dataset\projects\guava\android\guava-tests\test\com\google\common\io\TestCharSource.java,dataset/projects/guava/android/guava-tests/test/com/google/common/io/TestCharSource.java,TestCharSource.java,TestCharSource,5,3,3,0,0,0,true,true,false,false,false,false,false,false,false,false
GitHub,relation_test_code_smell_ML,C:\Users\ismak\Documents\GitHub\relation_test_code_smell_ML\dataset\projects\guava\android\guava-tests\test\com\google\common\io\TestInputStream.java,dataset/projects/guava/android/guava-tests/test/com/google/common/io/TestInputStream.java,TestInputStream.java,TestInputStream,11,9,20,0,0,0,true,true,false,false,false,false,false,false,false,false
GitHub,relation_test_code_smell_ML,C:\Users\ismak\Documents\GitHub\relation_test_code_smell_ML\dataset\projects\guava\android\guava-tests\test\com\google\common\io\TestOutputStream.java,dataset/projects/guava/android/guava-tests/test/com/google/common/io/TestOutputStream.java,TestOutputStream.java,TestOutputStream,10,9,20,0,0,0,true,true,false,false,false,false,false,false,false,false
GitHub,relation_test_code_smell_ML,C:\Users\ismak\Documents\GitHub\relation_test_code_smell_ML\dataset\projects\guava\android\guava-tests\test\com\google\common\io\TestReader.java,dataset/projects/guava/android/guava-tests/test/com/google/common/io/TestReader.java,TestReader.java,TestReader,7,1,1,0,0,0,true,true,false,false,false,false,false,false,false,false
GitHub,relation_test_code_smell_ML,C:\Users\ismak\Documents\GitHub\relation_test_code_smell_ML\dataset\projects\guava\android\guava-tests\test\com\google\common\io\TestStreamSupplier.java,dataset/projects/guava/android/guava-tests/test/com/google/common/io/TestStreamSupplier.java,TestStreamSupplier.java,TestStreamSupplier,1,2,0,0,0,0,true,true,false,false,false,false,false,false,false,false
GitHub,relation_test_code_smell_ML,C:\Users\ismak\Documents\GitHub\relation_test_code_smell_ML\dataset\projects\guava\android\guava-tests\test\com\google\common\io\TestWriter.java,dataset/projects/guava/android/guava-tests/test/com/google/common/io/TestWriter.java,TestWriter.java,TestWriter,6,4,7,0,0,0,true,true,false,false,false,false,false,false,false,false
GitHub,relation_test_code_smell_ML,C:\Users\ismak\Documents\GitHub\relation_test_code_smell_ML\dataset\projects\guava\android\guava-tests\test\com\google\common\math\BigDecimalMathTest.java,dataset/projects/guava/android/guava-tests/test/com/google/common/math/BigDecimalMathTest.java,BigDecimalMathTest.java,RoundToDoubleTester,24,26,44,24,0,24,true,false,false,true,false,false,false,false,false,false
GitHub,relation_test_code_smell_ML,C:\Users\ismak\Documents\GitHub\relation_test_code_smell_ML\dataset\projects\guava\android\guava-tests\test\com\google\common\math\BigIntegerMathTest.java,dataset/projects/guava/android/guava-tests/test/com/google/common/math/BigIntegerMathTest.java,BigIntegerMathTest.java,RoundToDoubleTester,38,68,89,64,0,64,true,false,false,true,false,false,false,false,false,true
GitHub,relation_test_code_smell_ML,C:\Users\ismak\Documents\GitHub\relation_test_code_smell_ML\dataset\projects\guava\android\guava-tests\test\com\google\common\math\DoubleMathTest.java,dataset/projects/guava/android/guava-tests/test/com/google/common/math/DoubleMathTest.java,DoubleMathTest.java,DoubleMathTest,36,70,100,68,0,68,true,true,false,true,false,false,false,false,false,false
GitHub,relation_test_code_smell_ML,C:\Users\ismak\Documents\GitHub\relation_test_code_smell_ML\dataset\projects\guava\android\guava-tests\test\com\google\common\math\DoubleUtilsTest.java,dataset/projects/guava/android/guava-tests/test/com/google/common/math/DoubleUtilsTest.java,DoubleUtilsTest.java,DoubleUtilsTest,9,4,8,3,0,3,true,true,false,true,false,false,false,false,false,true
GitHub,relation_test_code_smell_ML,C:\Users\ismak\Documents\GitHub\relation_test_code_smell_ML\dataset\projects\guava\android\guava-tests\test\com\google\common\math\IntMathTest.java,dataset/projects/guava/android/guava-tests/test/com/google/common/math/IntMathTest.java,IntMathTest.java,IntMathTest,30,67,109,59,0,59,true,true,false,true,false,false,false,false,false,true
GitHub,relation_test_code_smell_ML,C:\Users\ismak\Documents\GitHub\relation_test_code_smell_ML\dataset\projects\guava\android\guava-tests\test\com\google\common\math\LinearTransformationTest.java,dataset/projects/guava/android/guava-tests/test/com/google/common/math/LinearTransformationTest.java,LinearTransformationTest.java,LinearTransformationTest,10,25,68,25,0,25,true,true,false,true,false,false,false,false,false,false
GitHub,relation_test_code_smell_ML,C:\Users\ismak\Documents\GitHub\relation_test_code_smell_ML\dataset\projects\guava\android\guava-tests\test\com\google\common\math\LongMathTest.java,dataset/projects/guava/android/guava-tests/test/com/google/common/math/LongMathTest.java,LongMathTest.java,LongMathTest,32,81,136,72,0,72,true,true,false,true,false,false,false,false,false,true
GitHub,relation_test_code_smell_ML,C:\Users\ismak\Documents\GitHub\relation_test_code_smell_ML\dataset\projects\guava\android\guava-tests\test\com\google\common\math\MathPreconditionsTest.java,dataset/projects/guava/android/guava-tests/test/com/google/common/math/MathPreconditionsTest.java,MathPreconditionsTest.java,MathPreconditionsTest,7,45,47,45,0,45,true,true,false,true,false,false,false,false,false,false
GitHub,relation_test_code_smell_ML,C:\Users\ismak\Documents\GitHub\relation_test_code_smell_ML\dataset\projects\guava\android\guava-tests\test\com\google\common\math\PackageSanityTests.java,dataset/projects/guava/android/guava-tests/test/com/google/common/math/PackageSanityTests.java,PackageSanityTests.java,PackageSanityTests,4,0,0,0,0,0,true,true,false,false,false,false,false,false,false,false
GitHub,relation_test_code_smell_ML,C:\Users\ismak\Documents\GitHub\relation_test_code_smell_ML\dataset\projects\guava\android\guava-tests\test\com\google\common\math\PairedStatsAccumulatorTest.java,dataset/projects/guava/android/guava-tests/test/com/google/common/math/PairedStatsAccumulatorTest.java,PairedStatsAccumulatorTest.java,PairedStatsAccumulatorTest,35,9,106,8,0,8,true,true,false,true,false,false,false,false,false,false
GitHub,relation_test_code_smell_ML,C:\Users\ismak\Documents\GitHub\relation_test_code_smell_ML\dataset\projects\guava\android\guava-tests\test\com\google\common\math\PairedStatsTest.java,dataset/projects/guava/android/guava-tests/test/com/google/common/math/PairedStatsTest.java,PairedStatsTest.java,PairedStatsTest,44,16,60,15,0,15,true,true,false,true,false,false,false,false,false,false
GitHub,relation_test_code_smell_ML,C:\Users\ismak\Documents\GitHub\relation_test_code_smell_ML\dataset\projects\guava\android\guava-tests\test\com\google\common\math\QuantilesAlgorithmTest.java,dataset/projects/guava/android/guava-tests/test/com/google/common/math/QuantilesAlgorithmTest.java,QuantilesAlgorithmTest.java,QuantilesAlgorithmTest,10,4,10,3,0,3,true,true,false,true,false,false,false,false,false,false
GitHub,relation_test_code_smell_ML,C:\Users\ismak\Documents\GitHub\relation_test_code_smell_ML\dataset\projects\guava\android\guava-tests\test\com\google\common\math\QuantilesTest.java,dataset/projects/guava/android/guava-tests/test/com/google/common/math/QuantilesTest.java,QuantilesTest.java,QuantilesTest,30,61,126,58,0,58,true,true,false,true,false,false,false,false,false,false
GitHub,relation_test_code_smell_ML,C:\Users\ismak\Documents\GitHub\relation_test_code_smell_ML\dataset\projects\guava\android\guava-tests\test\com\google\common\math\StatsAccumulatorTest.java,dataset/projects/guava/android/guava-tests/test/com/google/common/math/StatsAccumulatorTest.java,StatsAccumulatorTest.java,StatsAccumulatorTest,48,16,229,14,0,14,true,true,false,true,false,false,false,false,false,false
GitHub,relation_test_code_smell_ML,C:\Users\ismak\Documents\GitHub\relation_test_code_smell_ML\dataset\projects\guava\android\guava-tests\test\com\google\common\math\StatsTest.java,dataset/projects/guava/android/guava-tests/test/com/google/common/math/StatsTest.java,StatsTest.java,StatsTest,77,25,184,24,0,24,true,true,false,true,false,false,false,false,false,false
GitHub,relation_test_code_smell_ML,C:\Users\ismak\Documents\GitHub\relation_test_code_smell_ML\dataset\projects\guava\android\guava-tests\test\com\google\common\math\TestPlatform.java,dataset/projects/guava/android/guava-tests/test/com/google/common/math/TestPlatform.java,TestPlatform.java,TestPlatform,2,2,2,0,0,0,true,true,false,false,false,false,false,false,false,false
GitHub,relation_test_code_smell_ML,C:\Users\ismak\Documents\GitHub\relation_test_code_smell_ML\dataset\projects\guava\android\guava-tests\test\com\google\common\net\HostAndPortTest.java,dataset/projects/guava/android/guava-tests/test/com/google/common/net/HostAndPortTest.java,HostAndPortTest.java,HostAndPortTest,8,15,94,14,0,14,true,true,false,true,false,false,false,false,false,true
GitHub,relation_test_code_smell_ML,C:\Users\ismak\Documents\GitHub\relation_test_code_smell_ML\dataset\projects\guava\android\guava-tests\test\com\google\common\net\HostSpecifierTest.java,dataset/projects/guava/android/guava-tests/test/com/google/common/net/HostSpecifierTest.java,HostSpecifierTest.java,HostSpecifierTest,10,9,16,6,0,6,true,true,false,true,false,false,false,false,false,false
GitHub,relation_test_code_smell_ML,C:\Users\ismak\Documents\GitHub\relation_test_code_smell_ML\dataset\projects\guava\android\guava-tests\test\com\google\common\net\HttpHeadersTest.java,dataset/projects/guava/android/guava-tests/test/com/google/common/net/HttpHeadersTest.java,HttpHeadersTest.java,HttpHeadersTest,14,4,13,2,0,2,true,true,false,true,false,false,false,false,false,false
GitHub,relation_test_code_smell_ML,C:\Users\ismak\Documents\GitHub\relation_test_code_smell_ML\dataset\projects\guava\android\guava-tests\test\com\google\common\net\InetAddressesTest.java,dataset/projects/guava/android/guava-tests/test/com/google/common/net/InetAddressesTest.java,InetAddressesTest.java,InetAddressesTest,18,47,266,45,0,45,true,true,false,true,false,false,false,false,false,false
GitHub,relation_test_code_smell_ML,C:\Users\ismak\Documents\GitHub\relation_test_code_smell_ML\dataset\projects\guava\android\guava-tests\test\com\google\common\net\InternetDomainNameTest.java,dataset/projects/guava/android/guava-tests/test/com/google/common/net/InternetDomainNameTest.java,InternetDomainNameTest.java,InternetDomainNameTest,13,24,58,23,0,23,true,true,false,true,false,false,false,false,false,false
GitHub,relation_test_code_smell_ML,C:\Users\ismak\Documents\GitHub\relation_test_code_smell_ML\dataset\projects\guava\android\guava-tests\test\com\google\common\net\MediaTypeTest.java,dataset/projects/guava/android/guava-tests/test/com/google/common/net/MediaTypeTest.java,MediaTypeTest.java,MediaTypeTest,32,52,136,50,0,50,true,true,false,true,false,false,false,false,false,false
GitHub,relation_test_code_smell_ML,C:\Users\ismak\Documents\GitHub\relation_test_code_smell_ML\dataset\projects\guava\android\guava-tests\test\com\google\common\net\PackageSanityTests.java,dataset/projects/guava/android/guava-tests/test/com/google/common/net/PackageSanityTests.java,PackageSanityTests.java,PackageSanityTests,4,0,0,0,0,0,true,true,false,false,false,false,false,false,false,false
GitHub,relation_test_code_smell_ML,C:\Users\ismak\Documents\GitHub\relation_test_code_smell_ML\dataset\projects\guava\android\guava-tests\test\com\google\common\net\PercentEscaperTest.java,dataset/projects/guava/android/guava-tests/test/com/google/common/net/PercentEscaperTest.java,PercentEscaperTest.java,PercentEscaperTest,10,8,36,7,0,7,true,true,false,true,false,false,false,false,false,false
GitHub,relation_test_code_smell_ML,C:\Users\ismak\Documents\GitHub\relation_test_code_smell_ML\dataset\projects\guava\android\guava-tests\test\com\google\common\net\UrlEscapersTest.java,dataset/projects/guava/android/guava-tests/test/com/google/common/net/UrlEscapersTest.java,UrlEscapersTest.java,UrlEscapersTest,12,3,20,3,0,3,true,true,false,true,false,false,false,false,false,false
GitHub,relation_test_code_smell_ML,C:\Users\ismak\Documents\GitHub\relation_test_code_smell_ML\dataset\projects\guava\android\guava-tests\test\com\google\common\primitives\BooleansTest.java,dataset/projects/guava/android/guava-tests/test/com/google/common/primitives/BooleansTest.java,BooleansTest.java,BooleansTest,19,40,233,40,0,40,true,true,false,true,false,false,false,false,false,false
GitHub,relation_test_code_smell_ML,C:\Users\ismak\Documents\GitHub\relation_test_code_smell_ML\dataset\projects\guava\android\guava-tests\test\com\google\common\primitives\ByteArrayAsListTest.java,dataset/projects/guava/android/guava-tests/test/com/google/common/primitives/ByteArrayAsListTest.java,ByteArrayAsListTest.java,SampleBytes,17,12,29,0,0,0,true,false,true,true,false,false,false,false,false,false
GitHub,relation_test_code_smell_ML,C:\Users\ismak\Documents\GitHub\relation_test_code_smell_ML\dataset\projects\guava\android\guava-tests\test\com\google\common\primitives\BytesTest.java,dataset/projects/guava/android/guava-tests/test/com/google/common/primitives/BytesTest.java,BytesTest.java,BytesTest,15,28,198,28,0,28,true,true,false,true,false,false,false,false,false,false
GitHub,relation_test_code_smell_ML,C:\Users\ismak\Documents\GitHub\relation_test_code_smell_ML\dataset\projects\guava\android\guava-tests\test\com\google\common\primitives\CharArrayAsListTest.java,dataset/projects/guava/android/guava-tests/test/com/google/common/primitives/CharArrayAsListTest.java,CharArrayAsListTest.java,SampleChars,17,12,29,0,0,0,true,false,true,true,false,false,false,false,false,false
GitHub,relation_test_code_smell_ML,C:\Users\ismak\Documents\GitHub\relation_test_code_smell_ML\dataset\projects\guava\android\guava-tests\test\com\google\common\primitives\CharsTest.java,dataset/projects/guava/android/guava-tests/test/com/google/common/primitives/CharsTest.java,CharsTest.java,CharsTest,20,48,247,47,0,47,true,true,false,true,false,false,false,false,false,false
GitHub,relation_test_code_smell_ML,C:\Users\ismak\Documents\GitHub\relation_test_code_smell_ML\dataset\projects\guava\android\guava-tests\test\com\google\common\primitives\DoubleArrayAsListTest.java,dataset/projects/guava/android/guava-tests/test/com/google/common/primitives/DoubleArrayAsListTest.java,DoubleArrayAsListTest.java,SampleDoubles,17,12,29,0,0,0,true,false,true,true,false,false,false,false,false,false
GitHub,relation_test_code_smell_ML,C:\Users\ismak\Documents\GitHub\relation_test_code_smell_ML\dataset\projects\guava\android\guava-tests\test\com\google\common\primitives\DoublesTest.java,dataset/projects/guava/android/guava-tests/test/com/google/common/primitives/DoublesTest.java,DoublesTest.java,DoublesTest,26,60,304,57,0,57,true,true,false,true,false,false,false,false,false,true
GitHub,relation_test_code_smell_ML,C:\Users\ismak\Documents\GitHub\relation_test_code_smell_ML\dataset\projects\guava\android\guava-tests\test\com\google\common\primitives\FloatArrayAsListTest.java,dataset/projects/guava/android/guava-tests/test/com/google/common/primitives/FloatArrayAsListTest.java,FloatArrayAsListTest.java,SampleFloats,17,12,29,0,0,0,true,false,true,true,false,false,false,false,false,false
GitHub,relation_test_code_smell_ML,C:\Users\ismak\Documents\GitHub\relation_test_code_smell_ML\dataset\projects\guava\android\guava-tests\test\com\google\common\primitives\FloatsTest.java,dataset/projects/guava/android/guava-tests/test/com/google/common/primitives/FloatsTest.java,FloatsTest.java,FloatsTest,25,59,297,56,0,56,true,true,false,true,false,false,false,false,false,false
GitHub,relation_test_code_smell_ML,C:\Users\ismak\Documents\GitHub\relation_test_code_smell_ML\dataset\projects\guava\android\guava-tests\test\com\google\common\primitives\ImmutableDoubleArrayTest.java,dataset/projects/guava/android/guava-tests/test/com/google/common/primitives/ImmutableDoubleArrayTest.java,ImmutableDoubleArrayTest.java,SampleDoubles,30,59,175,34,0,34,true,false,true,true,false,false,false,false,false,false
GitHub,relation_test_code_smell_ML,C:\Users\ismak\Documents\GitHub\relation_test_code_smell_ML\dataset\projects\guava\android\guava-tests\test\com\google\common\primitives\ImmutableIntArrayTest.java,dataset/projects/guava/android/guava-tests/test/com/google/common/primitives/ImmutableIntArrayTest.java,ImmutableIntArrayTest.java,SampleIntegers,30,58,169,33,0,33,true,false,true,true,false,false,false,false,false,false
GitHub,relation_test_code_smell_ML,C:\Users\ismak\Documents\GitHub\relation_test_code_smell_ML\dataset\projects\guava\android\guava-tests\test\com\google\common\primitives\ImmutableLongArrayTest.java,dataset/projects/guava/android/guava-tests/test/com/google/common/primitives/ImmutableLongArrayTest.java,ImmutableLongArrayTest.java,SampleLongs,30,58,169,33,0,33,true,false,true,true,false,false,false,false,false,false
GitHub,relation_test_code_smell_ML,C:\Users\ismak\Documents\GitHub\relation_test_code_smell_ML\dataset\projects\guava\android\guava-tests\test\com\google\common\primitives\IntArrayAsListTest.java,dataset/projects/guava/android/guava-tests/test/com/google/common/primitives/IntArrayAsListTest.java,IntArrayAsListTest.java,SampleIntegers,17,12,29,0,0,0,true,false,true,true,false,false,false,false,false,false
GitHub,relation_test_code_smell_ML,C:\Users\ismak\Documents\GitHub\relation_test_code_smell_ML\dataset\projects\guava\android\guava-tests\test\com\google\common\primitives\IntsTest.java,dataset/projects/guava/android/guava-tests/test/com/google/common/primitives/IntsTest.java,IntsTest.java,IntsTest,24,62,312,59,0,59,true,true,false,true,false,false,false,false,false,false
GitHub,relation_test_code_smell_ML,C:\Users\ismak\Documents\GitHub\relation_test_code_smell_ML\dataset\projects\guava\android\guava-tests\test\com\google\common\primitives\LongArrayAsListTest.java,dataset/projects/guava/android/guava-tests/test/com/google/common/primitives/LongArrayAsListTest.java,LongArrayAsListTest.java,SampleLongs,17,12,29,0,0,0,true,false,true,true,false,false,false,false,false,false
GitHub,relation_test_code_smell_ML,C:\Users\ismak\Documents\GitHub\relation_test_code_smell_ML\dataset\projects\guava\android\guava-tests\test\com\google\common\primitives\LongsTest.java,dataset/projects/guava/android/guava-tests/test/com/google/common/primitives/LongsTest.java,LongsTest.java,LongsTest,27,60,302,57,0,57,true,true,false,true,false,false,false,false,false,false
GitHub,relation_test_code_smell_ML,C:\Users\ismak\Documents\GitHub\relation_test_code_smell_ML\dataset\projects\guava\android\guava-tests\test\com\google\common\primitives\PackageSanityTests.java,dataset/projects/guava/android/guava-tests/test/com/google/common/primitives/PackageSanityTests.java,PackageSanityTests.java,PackageSanityTests,4,0,0,0,0,0,true,true,false,false,false,false,false,false,false,false
GitHub,relation_test_code_smell_ML,C:\Users\ismak\Documents\GitHub\relation_test_code_smell_ML\dataset\projects\guava\android\guava-tests\test\com\google\common\primitives\PrimitivesTest.java,dataset/projects/guava/android/guava-tests/test/com/google/common/primitives/PrimitivesTest.java,PrimitivesTest.java,PrimitivesTest,9,6,16,6,0,6,true,true,false,true,false,false,false,false,false,false
GitHub,relation_test_code_smell_ML,C:\Users\ismak\Documents\GitHub\relation_test_code_smell_ML\dataset\projects\guava\android\guava-tests\test\com\google\common\primitives\ShortArrayAsListTest.java,dataset/projects/guava/android/guava-tests/test/com/google/common/primitives/ShortArrayAsListTest.java,ShortArrayAsListTest.java,SampleShorts,17,12,29,0,0,0,true,false,true,true,false,false,false,false,false,false
GitHub,relation_test_code_smell_ML,C:\Users\ismak\Documents\GitHub\relation_test_code_smell_ML\dataset\projects\guava\android\guava-tests\test\com\google\common\primitives\ShortsTest.java,dataset/projects/guava/android/guava-tests/test/com/google/common/primitives/ShortsTest.java,ShortsTest.java,ShortsTest,24,55,284,54,0,54,true,true,false,true,false,false,false,false,false,false
GitHub,relation_test_code_smell_ML,C:\Users\ismak\Documents\GitHub\relation_test_code_smell_ML\dataset\projects\guava\android\guava-tests\test\com\google\common\primitives\SignedBytesTest.java,dataset/projects/guava/android/guava-tests/test/com/google/common/primitives/SignedBytesTest.java,SignedBytesTest.java,SignedBytesTest,17,16,49,15,0,15,true,true,false,true,false,false,false,false,false,false
GitHub,relation_test_code_smell_ML,C:\Users\ismak\Documents\GitHub\relation_test_code_smell_ML\dataset\projects\guava\android\guava-tests\test\com\google\common\primitives\TestPlatform.java,dataset/projects/guava/android/guava-tests/test/com/google/common/primitives/TestPlatform.java,TestPlatform.java,TestPlatform,2,1,1,0,0,0,true,true,false,false,false,false,false,false,false,false
GitHub,relation_test_code_smell_ML,C:\Users\ismak\Documents\GitHub\relation_test_code_smell_ML\dataset\projects\guava\android\guava-tests\test\com\google\common\primitives\UnsignedBytesTest.java,dataset/projects/guava/android/guava-tests/test/com/google/common/primitives/UnsignedBytesTest.java,UnsignedBytesTest.java,UnsignedBytesTest,20,32,101,28,0,28,true,true,false,true,false,false,false,false,false,false
GitHub,relation_test_code_smell_ML,C:\Users\ismak\Documents\GitHub\relation_test_code_smell_ML\dataset\projects\guava\android\guava-tests\test\com\google\common\primitives\UnsignedIntegerTest.java,dataset/projects/guava/android/guava-tests/test/com/google/common/primitives/UnsignedIntegerTest.java,UnsignedIntegerTest.java,UnsignedIntegerTest,13,22,29,21,0,21,true,true,false,true,false,false,false,false,false,false
GitHub,relation_test_code_smell_ML,C:\Users\ismak\Documents\GitHub\relation_test_code_smell_ML\dataset\projects\guava\android\guava-tests\test\com\google\common\primitives\UnsignedIntsTest.java,dataset/projects/guava/android/guava-tests/test/com/google/common/primitives/UnsignedIntsTest.java,UnsignedIntsTest.java,UnsignedIntsTest,16,32,87,30,0,30,true,true,false,true,false,false,false,false,false,false
GitHub,relation_test_code_smell_ML,C:\Users\ismak\Documents\GitHub\relation_test_code_smell_ML\dataset\projects\guava\android\guava-tests\test\com\google\common\primitives\UnsignedLongsTest.java,dataset/projects/guava/android/guava-tests/test/com/google/common/primitives/UnsignedLongsTest.java,UnsignedLongsTest.java,UnsignedLongsTest,18,28,103,28,0,28,true,true,false,true,false,false,false,false,false,false
GitHub,relation_test_code_smell_ML,C:\Users\ismak\Documents\GitHub\relation_test_code_smell_ML\dataset\projects\guava\android\guava-tests\test\com\google\common\primitives\UnsignedLongTest.java,dataset/projects/guava/android/guava-tests/test/com/google/common/primitives/UnsignedLongTest.java,UnsignedLongTest.java,UnsignedLongTest,13,21,26,21,0,21,true,true,false,true,false,false,false,false,false,false
GitHub,relation_test_code_smell_ML,C:\Users\ismak\Documents\GitHub\relation_test_code_smell_ML\dataset\projects\guava\android\guava-tests\test\com\google\common\reflect\AbstractInvocationHandlerTest.java,dataset/projects/guava/android/guava-tests/test/com/google/common/reflect/AbstractInvocationHandlerTest.java,AbstractInvocationHandlerTest.java,SubHandler2,12,14,16,3,0,3,true,false,false,true,false,false,false,false,false,false
GitHub,relation_test_code_smell_ML,C:\Users\ismak\Documents\GitHub\relation_test_code_smell_ML\dataset\projects\guava\android\guava-tests\test\com\google\common\reflect\ClassPathTest.java,dataset/projects/guava/android/guava-tests/test/com/google/common/reflect/ClassPathTest.java,ClassPathTest.java,Nested,32,53,153,41,0,41,true,false,false,true,true,false,false,false,false,true
GitHub,relation_test_code_smell_ML,C:\Users\ismak\Documents\GitHub\relation_test_code_smell_ML\dataset\projects\guava\android\guava-tests\test\com\google\common\reflect\ImmutableTypeToInstanceMapTest.java,dataset/projects/guava/android/guava-tests/test/com/google/common/reflect/ImmutableTypeToInstanceMapTest.java,ImmutableTypeToInstanceMapTest.java,TestTypeToInstanceMapGenerator,17,16,38,7,0,7,true,true,true,true,false,false,false,false,false,true
GitHub,relation_test_code_smell_ML,C:\Users\ismak\Documents\GitHub\relation_test_code_smell_ML\dataset\projects\guava\android\guava-tests\test\com\google\common\reflect\InvokableTest.java,dataset/projects/guava/android/guava-tests/test/com/google/common/reflect/InvokableTest.java,InvokableTest.java,SubPrepender,21,89,251,62,0,62,true,false,false,true,false,false,false,false,false,true
GitHub,relation_test_code_smell_ML,C:\Users\ismak\Documents\GitHub\relation_test_code_smell_ML\dataset\projects\guava\android\guava-tests\test\com\google\common\reflect\MutableTypeToInstanceMapTest.java,dataset/projects/guava/android/guava-tests/test/com/google/common/reflect/MutableTypeToInstanceMapTest.java,MutableTypeToInstanceMapTest.java,MutableTypeToInstanceMapTest,16,17,69,13,0,13,true,true,true,true,false,false,false,false,false,false
GitHub,relation_test_code_smell_ML,C:\Users\ismak\Documents\GitHub\relation_test_code_smell_ML\dataset\projects\guava\android\guava-tests\test\com\google\common\reflect\PackageSanityTests.java,dataset/projects/guava/android/guava-tests/test/com/google/common/reflect/PackageSanityTests.java,PackageSanityTests.java,PackageSanityTests,2,0,0,0,0,0,true,true,false,false,false,false,false,false,false,false
GitHub,relation_test_code_smell_ML,C:\Users\ismak\Documents\GitHub\relation_test_code_smell_ML\dataset\projects\guava\android\guava-tests\test\com\google\common\reflect\ParameterTest.java,dataset/projects/guava/android/guava-tests/test/com/google/common/reflect/ParameterTest.java,ParameterTest.java,ParameterTest,5,4,5,2,0,2,true,true,false,true,false,false,false,false,false,false
GitHub,relation_test_code_smell_ML,C:\Users\ismak\Documents\GitHub\relation_test_code_smell_ML\dataset\projects\guava\android\guava-tests\test\com\google\common\reflect\ReflectionTest.java,dataset/projects/guava/android/guava-tests/test/com/google/common/reflect/ReflectionTest.java,ReflectionTest.java,C,9,6,15,5,0,5,true,false,false,true,false,false,false,false,false,false
GitHub,relation_test_code_smell_ML,C:\Users\ismak\Documents\GitHub\relation_test_code_smell_ML\dataset\projects\guava\android\guava-tests\test\com\google\common\reflect\TypeParameterTest.java,dataset/projects/guava/android/guava-tests/test/com/google/common/reflect/TypeParameterTest.java,TypeParameterTest.java,TypeParameterTest,6,4,6,4,0,4,true,true,false,true,false,false,false,false,false,false
GitHub,relation_test_code_smell_ML,C:\Users\ismak\Documents\GitHub\relation_test_code_smell_ML\dataset\projects\guava\android\guava-tests\test\com\google\common\reflect\TypeResolverTest.java,dataset/projects/guava/android/guava-tests/test/com/google/common/reflect/TypeResolverTest.java,TypeResolverTest.java,TypedListKeyMap,9,29,59,27,0,27,true,false,false,true,false,false,false,false,false,true
GitHub,relation_test_code_smell_ML,C:\Users\ismak\Documents\GitHub\relation_test_code_smell_ML\dataset\projects\guava\android\guava-tests\test\com\google\common\reflect\TypesTest.java,dataset/projects/guava/android/guava-tests/test/com/google/common/reflect/TypesTest.java,TypesTest.java,TypeVariableEqualsTester,27,42,120,28,0,28,true,false,false,true,false,false,false,false,false,false
GitHub,relation_test_code_smell_ML,C:\Users\ismak\Documents\GitHub\relation_test_code_smell_ML\dataset\projects\guava\android\guava-tests\test\com\google\common\reflect\TypeTokenResolutionTest.java,dataset/projects/guava/android/guava-tests/test/com/google/common/reflect/TypeTokenResolutionTest.java,TypeTokenResolutionTest.java,ForTwoStageResolution,17,79,156,36,0,36,true,false,false,true,false,false,false,false,false,false
GitHub,relation_test_code_smell_ML,C:\Users\ismak\Documents\GitHub\relation_test_code_smell_ML\dataset\projects\guava\android\guava-tests\test\com\google\common\reflect\TypeTokenSubtypeTest.java,dataset/projects/guava/android/guava-tests/test/com/google/common/reflect/TypeTokenSubtypeTest.java,TypeTokenSubtypeTest.java,MyTypeBoundUsesImplicitBound,7,72,87,10,0,10,true,false,false,true,false,false,false,false,false,true
GitHub,relation_test_code_smell_ML,C:\Users\ismak\Documents\GitHub\relation_test_code_smell_ML\dataset\projects\guava\android\guava-tests\test\com\google\common\reflect\TypeTokenTest.java,dataset/projects/guava/android/guava-tests/test/com/google/common/reflect/TypeTokenTest.java,TypeTokenTest.java,Base,34,211,746,172,0,172,true,false,false,true,false,false,false,false,false,true
GitHub,relation_test_code_smell_ML,C:\Users\ismak\Documents\GitHub\relation_test_code_smell_ML\dataset\projects\guava\android\guava-tests\test\com\google\common\reflect\TypeVisitorTest.java,dataset/projects/guava/android/guava-tests/test/com/google/common/reflect/TypeVisitorTest.java,TypeVisitorTest.java,BaseTypeVisitor,11,20,28,7,0,7,true,false,false,true,false,false,false,false,false,false
GitHub,relation_test_code_smell_ML,C:\Users\ismak\Documents\GitHub\relation_test_code_smell_ML\dataset\projects\guava\android\guava-tests\test\com\google\common\util\concurrent\AbstractAbstractFutureTest.java,dataset/projects/guava/android/guava-tests/test/com/google/common/util/concurrent/AbstractAbstractFutureTest.java,AbstractAbstractFutureTest.java,CountingRunnable,21,48,205,35,0,35,true,false,false,true,false,false,false,false,false,true
GitHub,relation_test_code_smell_ML,C:\Users\ismak\Documents\GitHub\relation_test_code_smell_ML\dataset\projects\guava\android\guava-tests\test\com\google\common\util\concurrent\AbstractChainedListenableFutureTest.java,dataset/projects/guava/android/guava-tests/test/com/google/common/util/concurrent/AbstractChainedListenableFutureTest.java,AbstractChainedListenableFutureTest.java,AbstractChainedListenableFutureTest,10,9,15,6,0,6,true,true,false,true,false,false,false,false,false,true
GitHub,relation_test_code_smell_ML,C:\Users\ismak\Documents\GitHub\relation_test_code_smell_ML\dataset\projects\guava\android\guava-tests\test\com\google\common\util\concurrent\AbstractClosingFutureTest.java,dataset/projects/guava/android/guava-tests/test/com/google/common/util/concurrent/AbstractClosingFutureTest.java,AbstractClosingFutureTest.java,NoOpValueAndCloserConsumer,61,100,357,62,0,62,true,false,false,true,false,false,false,false,false,true
GitHub,relation_test_code_smell_ML,C:\Users\ismak\Documents\GitHub\relation_test_code_smell_ML\dataset\projects\guava\android\guava-tests\test\com\google\common\util\concurrent\AbstractExecutionThreadServiceTest.java,dataset/projects/guava/android/guava-tests/test/com/google/common/util/concurrent/AbstractExecutionThreadServiceTest.java,AbstractExecutionThreadServiceTest.java,FakeService,17,40,147,12,0,12,true,false,false,true,false,false,false,false,false,false
GitHub,relation_test_code_smell_ML,C:\Users\ismak\Documents\GitHub\relation_test_code_smell_ML\dataset\projects\guava\android\guava-tests\test\com\google\common\util\concurrent\AbstractFutureCancellationCauseTest.java,dataset/projects/guava/android/guava-tests/test/com/google/common/util/concurrent/AbstractFutureCancellationCauseTest.java,AbstractFutureCancellationCauseTest.java,AbstractFutureCancellationCauseTest,15,14,43,3,0,3,true,true,false,true,false,false,false,false,false,true
GitHub,relation_test_code_smell_ML,C:\Users\ismak\Documents\GitHub\relation_test_code_smell_ML\dataset\projects\guava\android\guava-tests\test\com\google\common\util\concurrent\AbstractFutureDefaultAtomicHelperTest.java,dataset/projects/guava/android/guava-tests/test/com/google/common/util/concurrent/AbstractFutureDefaultAtomicHelperTest.java,AbstractFutureDefaultAtomicHelperTest.java,AbstractFutureDefaultAtomicHelperTest,6,3,3,1,0,1,true,true,false,true,false,false,false,false,false,false
GitHub,relation_test_code_smell_ML,C:\Users\ismak\Documents\GitHub\relation_test_code_smell_ML\dataset\projects\guava\android\guava-tests\test\com\google\common\util\concurrent\AbstractFutureFallbackAtomicHelperTest.java,dataset/projects/guava/android/guava-tests/test/com/google/common/util/concurrent/AbstractFutureFallbackAtomicHelperTest.java,AbstractFutureFallbackAtomicHelperTest.java,AbstractFutureFallbackAtomicHelperTest,13,7,21,0,0,0,true,true,false,true,false,false,false,false,false,true
GitHub,relation_test_code_smell_ML,C:\Users\ismak\Documents\GitHub\relation_test_code_smell_ML\dataset\projects\guava\android\guava-tests\test\com\google\common\util\concurrent\AbstractFutureTest.java,dataset/projects/guava/android/guava-tests/test/com/google/common/util/concurrent/AbstractFutureTest.java,AbstractFutureTest.java,InterruptibleFuture,56,98,342,45,0,45,true,false,false,true,false,false,false,false,false,true
GitHub,relation_test_code_smell_ML,C:\Users\ismak\Documents\GitHub\relation_test_code_smell_ML\dataset\projects\guava\android\guava-tests\test\com\google\common\util\concurrent\AbstractIdleServiceTest.java,dataset/projects/guava/android/guava-tests/test/com/google/common/util/concurrent/AbstractIdleServiceTest.java,AbstractIdleServiceTest.java,DefaultService,12,22,83,10,0,10,true,false,false,true,false,false,false,false,false,false
GitHub,relation_test_code_smell_ML,C:\Users\ismak\Documents\GitHub\relation_test_code_smell_ML\dataset\projects\guava\android\guava-tests\test\com\google\common\util\concurrent\AbstractListeningExecutorServiceTest.java,dataset/projects/guava/android/guava-tests/test/com/google/common/util/concurrent/AbstractListeningExecutorServiceTest.java,AbstractListeningExecutorServiceTest.java,TestListeningExecutorService,8,9,24,1,0,1,true,true,false,true,false,false,false,false,false,false
GitHub,relation_test_code_smell_ML,C:\Users\ismak\Documents\GitHub\relation_test_code_smell_ML\dataset\projects\guava\android\guava-tests\test\com\google\common\util\concurrent\AbstractScheduledServiceTest.java,dataset/projects/guava/android/guava-tests/test/com/google/common/util/concurrent/AbstractScheduledServiceTest.java,AbstractScheduledServiceTest.java,TestFailingCustomScheduledService,31,68,211,20,0,20,true,true,false,true,false,false,false,false,false,false
GitHub,relation_test_code_smell_ML,C:\Users\ismak\Documents\GitHub\relation_test_code_smell_ML\dataset\projects\guava\android\guava-tests\test\com\google\common\util\concurrent\AbstractServiceTest.java,dataset/projects/guava/android/guava-tests/test/com/google/common/util/concurrent/AbstractServiceTest.java,AbstractServiceTest.java,DefaultService,20,76,347,38,0,38,true,false,false,true,false,false,false,false,false,false
GitHub,relation_test_code_smell_ML,C:\Users\ismak\Documents\GitHub\relation_test_code_smell_ML\dataset\projects\guava\android\guava-tests\test\com\google\common\util\concurrent\AggregateFutureStateDefaultAtomicHelperTest.java,dataset/projects/guava/android/guava-tests/test/com/google/common/util/concurrent/AggregateFutureStateDefaultAtomicHelperTest.java,AggregateFutureStateDefaultAtomicHelperTest.java,AggregateFutureStateDefaultAtomicHelperTest,5,1,1,1,0,1,true,true,false,true,false,false,false,false,false,false
GitHub,relation_test_code_smell_ML,C:\Users\ismak\Documents\GitHub\relation_test_code_smell_ML\dataset\projects\guava\android\guava-tests\test\com\google\common\util\concurrent\AggregateFutureStateFallbackAtomicHelperTest.java,dataset/projects/guava/android/guava-tests/test/com/google/common/util/concurrent/AggregateFutureStateFallbackAtomicHelperTest.java,AggregateFutureStateFallbackAtomicHelperTest.java,AggregateFutureStateFallbackAtomicHelperTest,14,6,19,0,0,0,true,true,false,true,false,false,false,false,false,true
GitHub,relation_test_code_smell_ML,C:\Users\ismak\Documents\GitHub\relation_test_code_smell_ML\dataset\projects\guava\android\guava-tests\test\com\google\common\util\concurrent\AtomicDoubleArrayTest.java,dataset/projects/guava/android/guava-tests/test/com/google/common/util/concurrent/AtomicDoubleArrayTest.java,AtomicDoubleArrayTest.java,Counter,12,21,63,19,0,19,true,false,false,false,false,false,false,false,false,false
GitHub,relation_test_code_smell_ML,C:\Users\ismak\Documents\GitHub\relation_test_code_smell_ML\dataset\projects\guava\android\guava-tests\test\com\google\common\util\concurrent\AtomicDoubleTest.java,dataset/projects/guava/android/guava-tests/test/com/google/common/util/concurrent/AtomicDoubleTest.java,AtomicDoubleTest.java,AtomicDoubleTest,5,18,62,17,0,17,true,true,false,false,false,false,false,false,false,false
GitHub,relation_test_code_smell_ML,C:\Users\ismak\Documents\GitHub\relation_test_code_smell_ML\dataset\projects\guava\android\guava-tests\test\com\google\common\util\concurrent\AtomicLongMapBasherTest.java,dataset/projects/guava/android/guava-tests/test/com/google/common/util/concurrent/AtomicLongMapBasherTest.java,AtomicLongMapBasherTest.java,AtomicLongMapBasherTest,11,2,17,1,0,1,true,true,false,true,false,false,false,false,false,false
GitHub,relation_test_code_smell_ML,C:\Users\ismak\Documents\GitHub\relation_test_code_smell_ML\dataset\projects\guava\android\guava-tests\test\com\google\common\util\concurrent\AtomicLongMapTest.java,dataset/projects/guava/android/guava-tests/test/com/google/common/util/concurrent/AtomicLongMapTest.java,AtomicLongMapTest.java,AtomicLongMapTest,13,31,290,31,0,31,true,true,false,true,false,false,false,false,false,false
GitHub,relation_test_code_smell_ML,C:\Users\ismak\Documents\GitHub\relation_test_code_smell_ML\dataset\projects\guava\android\guava-tests\test\com\google\common\util\concurrent\AtomicsTest.java,dataset/projects/guava/android/guava-tests/test/com/google/common/util/concurrent/AtomicsTest.java,AtomicsTest.java,AtomicsTest,8,7,16,7,0,7,true,true,false,true,false,false,false,false,false,false
GitHub,relation_test_code_smell_ML,C:\Users\ismak\Documents\GitHub\relation_test_code_smell_ML\dataset\projects\guava\android\guava-tests\test\com\google\common\util\concurrent\CallablesTest.java,dataset/projects/guava/android/guava-tests/test/com/google/common/util/concurrent/CallablesTest.java,CallablesTest.java,CallablesTest,14,5,26,5,0,5,true,true,false,true,false,false,false,false,false,true
GitHub,relation_test_code_smell_ML,C:\Users\ismak\Documents\GitHub\relation_test_code_smell_ML\dataset\projects\guava\android\guava-tests\test\com\google\common\util\concurrent\ClosingFutureFinishToFutureTest.java,dataset/projects/guava/android/guava-tests/test/com/google/common/util/concurrent/ClosingFutureFinishToFutureTest.java,ClosingFutureFinishToFutureTest.java,ClosingFutureFinishToFutureTest,10,7,15,3,0,3,true,true,false,false,false,false,false,false,false,false
GitHub,relation_test_code_smell_ML,C:\Users\ismak\Documents\GitHub\relation_test_code_smell_ML\dataset\projects\guava\android\guava-tests\test\com\google\common\util\concurrent\ClosingFutureFinishToValueAndCloserTest.java,dataset/projects/guava/android/guava-tests/test/com/google/common/util/concurrent/ClosingFutureFinishToValueAndCloserTest.java,ClosingFutureFinishToValueAndCloserTest.java,ClosingFutureFinishToValueAndCloserTest,17,9,26,2,0,2,true,true,false,false,false,false,false,false,false,false
GitHub,relation_test_code_smell_ML,C:\Users\ismak\Documents\GitHub\relation_test_code_smell_ML\dataset\projects\guava\android\guava-tests\test\com\google\common\util\concurrent\ClosingFutureLeakTest.java,dataset/projects/guava/android/guava-tests/test/com/google/common/util/concurrent/ClosingFutureLeakTest.java,ClosingFutureLeakTest.java,ClosingFutureLeakTest,9,2,5,1,0,1,true,true,false,true,false,false,false,false,false,false
GitHub,relation_test_code_smell_ML,C:\Users\ismak\Documents\GitHub\relation_test_code_smell_ML\dataset\projects\guava\android\guava-tests\test\com\google\common\util\concurrent\CycleDetectingLockFactoryTest.java,dataset/projects/guava/android/guava-tests/test/com/google/common/util/concurrent/CycleDetectingLockFactoryTest.java,CycleDetectingLockFactoryTest.java,LockingThread,15,29,207,23,0,23,true,false,false,true,false,false,false,false,false,false
GitHub,relation_test_code_smell_ML,C:\Users\ismak\Documents\GitHub\relation_test_code_smell_ML\dataset\projects\guava\android\guava-tests\test\com\google\common\util\concurrent\ExecutionListTest.java,dataset/projects/guava/android/guava-tests/test/com/google/common/util/concurrent/ExecutionListTest.java,ExecutionListTest.java,MockRunnable,11,9,41,7,0,7,true,false,false,true,false,false,false,false,false,false
GitHub,relation_test_code_smell_ML,C:\Users\ismak\Documents\GitHub\relation_test_code_smell_ML\dataset\projects\guava\android\guava-tests\test\com\google\common\util\concurrent\ExecutionSequencerTest.java,dataset/projects/guava/android/guava-tests/test/com/google/common/util/concurrent/ExecutionSequencerTest.java,ExecutionSequencerTest.java,TestCallable,24,20,108,11,0,11,true,true,false,true,false,false,false,false,false,true
GitHub,relation_test_code_smell_ML,C:\Users\ismak\Documents\GitHub\relation_test_code_smell_ML\dataset\projects\guava\android\guava-tests\test\com\google\common\util\concurrent\FakeTimeLimiterTest.java,dataset/projects/guava/android/guava-tests/test/com/google/common/util/concurrent/FakeTimeLimiterTest.java,FakeTimeLimiterTest.java,SampleCheckedException,9,10,21,7,0,7,true,false,false,true,false,false,false,false,false,false
GitHub,relation_test_code_smell_ML,C:\Users\ismak\Documents\GitHub\relation_test_code_smell_ML\dataset\projects\guava\android\guava-tests\test\com\google\common\util\concurrent\FluentFutureTest.java,dataset/projects/guava/android/guava-tests/test/com/google/common/util/concurrent/FluentFutureTest.java,FluentFutureTest.java,CustomRuntimeException,17,11,22,9,0,9,true,false,false,true,false,false,false,false,false,true
GitHub,relation_test_code_smell_ML,C:\Users\ismak\Documents\GitHub\relation_test_code_smell_ML\dataset\projects\guava\android\guava-tests\test\com\google\common\util\concurrent\ForwardingBlockingDequeTest.java,dataset/projects/guava/android/guava-tests/test/com/google/common/util/concurrent/ForwardingBlockingDequeTest.java,ForwardingBlockingDequeTest.java,ForwardingBlockingDequeTest,4,1,1,1,0,1,true,true,false,true,false,false,false,false,false,false
GitHub,relation_test_code_smell_ML,C:\Users\ismak\Documents\GitHub\relation_test_code_smell_ML\dataset\projects\guava\android\guava-tests\test\com\google\common\util\concurrent\ForwardingBlockingQueueTest.java,dataset/projects/guava/android/guava-tests/test/com/google/common/util/concurrent/ForwardingBlockingQueueTest.java,ForwardingBlockingQueueTest.java,ForwardingBlockingQueueTest,4,1,1,1,0,1,true,true,false,true,false,false,false,false,false,false
GitHub,relation_test_code_smell_ML,C:\Users\ismak\Documents\GitHub\relation_test_code_smell_ML\dataset\projects\guava\android\guava-tests\test\com\google\common\util\concurrent\ForwardingExecutorServiceTest.java,dataset/projects/guava/android/guava-tests/test/com/google/common/util/concurrent/ForwardingExecutorServiceTest.java,ForwardingExecutorServiceTest.java,ForwardingExecutorServiceTest,12,6,11,2,0,2,true,true,false,true,false,false,false,false,false,false
GitHub,relation_test_code_smell_ML,C:\Users\ismak\Documents\GitHub\relation_test_code_smell_ML\dataset\projects\guava\android\guava-tests\test\com\google\common\util\concurrent\ForwardingFutureTest.java,dataset/projects/guava/android/guava-tests/test/com/google/common/util/concurrent/ForwardingFutureTest.java,ForwardingFutureTest.java,ForwardingFutureTest,4,1,1,1,0,1,true,true,false,true,false,false,false,false,false,false
GitHub,relation_test_code_smell_ML,C:\Users\ismak\Documents\GitHub\relation_test_code_smell_ML\dataset\projects\guava\android\guava-tests\test\com\google\common\util\concurrent\ForwardingListenableFutureTest.java,dataset/projects/guava/android/guava-tests/test/com/google/common/util/concurrent/ForwardingListenableFutureTest.java,ForwardingListenableFutureTest.java,ForwardingListenableFutureTest,4,1,1,1,0,1,true,true,false,true,false,false,false,false,false,false
GitHub,relation_test_code_smell_ML,C:\Users\ismak\Documents\GitHub\relation_test_code_smell_ML\dataset\projects\guava\android\guava-tests\test\com\google\common\util\concurrent\ForwardingListeningExecutorServiceTest.java,dataset/projects/guava/android/guava-tests/test/com/google/common/util/concurrent/ForwardingListeningExecutorServiceTest.java,ForwardingListeningExecutorServiceTest.java,ForwardingListeningExecutorServiceTest,4,1,1,1,0,1,true,true,false,true,false,false,false,false,false,false
GitHub,relation_test_code_smell_ML,C:\Users\ismak\Documents\GitHub\relation_test_code_smell_ML\dataset\projects\guava\android\guava-tests\test\com\google\common\util\concurrent\ForwardingObjectTesterTest.java,dataset/projects/guava/android/guava-tests/test/com/google/common/util/concurrent/ForwardingObjectTesterTest.java,ForwardingObjectTesterTest.java,ForwardToDelegate,6,5,4,2,0,2,true,false,false,true,false,false,false,false,false,true
GitHub,relation_test_code_smell_ML,C:\Users\ismak\Documents\GitHub\relation_test_code_smell_ML\dataset\projects\guava\android\guava-tests\test\com\google\common\util\concurrent\FutureCallbackTest.java,dataset/projects/guava/android/guava-tests/test/com/google/common/util/concurrent/FutureCallbackTest.java,FutureCallbackTest.java,MockCallback,11,20,66,9,0,9,true,false,false,true,false,false,false,false,false,false
GitHub,relation_test_code_smell_ML,C:\Users\ismak\Documents\GitHub\relation_test_code_smell_ML\dataset\projects\guava\android\guava-tests\test\com\google\common\util\concurrent\FuturesGetCheckedTest.java,dataset/projects/guava/android/guava-tests/test/com/google/common/util/concurrent/FuturesGetCheckedTest.java,FuturesGetCheckedTest.java,WillBeUnloadedException,37,34,68,33,0,33,true,false,false,true,false,false,false,false,false,true
GitHub,relation_test_code_smell_ML,C:\Users\ismak\Documents\GitHub\relation_test_code_smell_ML\dataset\projects\guava\android\guava-tests\test\com\google\common\util\concurrent\FuturesGetDoneTest.java,dataset/projects/guava/android/guava-tests/test/com/google/common/util/concurrent/FuturesGetDoneTest.java,FuturesGetDoneTest.java,FuturesGetDoneTest,12,5,7,5,0,5,true,true,false,true,false,false,false,false,false,false
GitHub,relation_test_code_smell_ML,C:\Users\ismak\Documents\GitHub\relation_test_code_smell_ML\dataset\projects\guava\android\guava-tests\test\com\google\common\util\concurrent\FuturesGetUncheckedTest.java,dataset/projects/guava/android/guava-tests/test/com/google/common/util/concurrent/FuturesGetUncheckedTest.java,FuturesGetUncheckedTest.java,FuturesGetUncheckedTest,22,9,18,9,0,9,true,true,false,true,false,false,false,false,false,false
GitHub,relation_test_code_smell_ML,C:\Users\ismak\Documents\GitHub\relation_test_code_smell_ML\dataset\projects\guava\android\guava-tests\test\com\google\common\util\concurrent\FuturesTest.java,dataset/projects/guava/android/guava-tests/test/com/google/common/util/concurrent/FuturesTest.java,FuturesTest.java,MapperFunction,79,230,1278,160,0,160,true,false,false,true,false,false,false,false,false,true
GitHub,relation_test_code_smell_ML,C:\Users\ismak\Documents\GitHub\relation_test_code_smell_ML\dataset\projects\guava\android\guava-tests\test\com\google\common\util\concurrent\FuturesTransformAsyncTest.java,dataset/projects/guava/android/guava-tests/test/com/google/common/util/concurrent/FuturesTransformAsyncTest.java,FuturesTransformAsyncTest.java,BadFutureRuntimeException,17,14,48,9,0,9,true,false,false,false,false,false,false,false,false,false
GitHub,relation_test_code_smell_ML,C:\Users\ismak\Documents\GitHub\relation_test_code_smell_ML\dataset\projects\guava\android\guava-tests\test\com\google\common\util\concurrent\FuturesTransformTest.java,dataset/projects/guava/android/guava-tests/test/com/google/common/util/concurrent/FuturesTransformTest.java,FuturesTransformTest.java,ComposeFunction,9,4,5,1,0,1,true,false,false,false,false,false,false,false,false,false
GitHub,relation_test_code_smell_ML,C:\Users\ismak\Documents\GitHub\relation_test_code_smell_ML\dataset\projects\guava\android\guava-tests\test\com\google\common\util\concurrent\GeneratedMonitorTest.java,dataset/projects/guava/android/guava-tests/test/com/google/common/util/concurrent/GeneratedMonitorTest.java,GeneratedMonitorTest.java,FlagGuard,23,37,101,0,0,0,true,false,false,true,false,false,false,false,false,false
GitHub,relation_test_code_smell_ML,C:\Users\ismak\Documents\GitHub\relation_test_code_smell_ML\dataset\projects\guava\android\guava-tests\test\com\google\common\util\concurrent\InterruptibleMonitorTest.java,dataset/projects/guava/android/guava-tests/test/com/google/common/util/concurrent/InterruptibleMonitorTest.java,InterruptibleMonitorTest.java,InterruptibleMonitorTest,3,0,0,0,0,0,true,true,false,false,false,false,false,false,false,false
GitHub,relation_test_code_smell_ML,C:\Users\ismak\Documents\GitHub\relation_test_code_smell_ML\dataset\projects\guava\android\guava-tests\test\com\google\common\util\concurrent\InterruptibleTaskTest.java,dataset/projects/guava/android/guava-tests/test/com/google/common/util/concurrent/InterruptibleTaskTest.java,InterruptibleTaskTest.java,SlowChannel,14,19,47,2,0,2,true,false,false,true,false,false,false,false,false,true
GitHub,relation_test_code_smell_ML,C:\Users\ismak\Documents\GitHub\relation_test_code_smell_ML\dataset\projects\guava\android\guava-tests\test\com\google\common\util\concurrent\JdkFutureAdaptersTest.java,dataset/projects/guava/android/guava-tests/test/com/google/common/util/concurrent/JdkFutureAdaptersTest.java,JdkFutureAdaptersTest.java,RecordingRunnable,21,20,79,6,0,6,true,false,false,true,false,false,false,false,false,false
GitHub,relation_test_code_smell_ML,C:\Users\ismak\Documents\GitHub\relation_test_code_smell_ML\dataset\projects\guava\android\guava-tests\test\com\google\common\util\concurrent\ListenableFutureTaskTest.java,dataset/projects/guava/android/guava-tests/test/com/google/common/util/concurrent/ListenableFutureTaskTest.java,ListenableFutureTaskTest.java,ListenableFutureTaskTest,12,6,45,4,0,4,true,true,false,true,false,false,false,false,false,false
GitHub,relation_test_code_smell_ML,C:\Users\ismak\Documents\GitHub\relation_test_code_smell_ML\dataset\projects\guava\android\guava-tests\test\com\google\common\util\concurrent\ListenableFutureTest.java,dataset/projects/guava/android/guava-tests/test/com/google/common/util/concurrent/ListenableFutureTest.java,ListenableFutureTest.java,ListenableFutureTest,7,1,2,1,0,1,true,true,false,true,false,false,false,false,false,false
GitHub,relation_test_code_smell_ML,C:\Users\ismak\Documents\GitHub\relation_test_code_smell_ML\dataset\projects\guava\android\guava-tests\test\com\google\common\util\concurrent\ListenerCallQueueTest.java,dataset/projects/guava/android/guava-tests/test/com/google/common/util/concurrent/ListenerCallQueueTest.java,ListenerCallQueueTest.java,MyListener,18,19,74,6,0,6,true,false,false,true,false,false,false,false,false,false
GitHub,relation_test_code_smell_ML,C:\Users\ismak\Documents\GitHub\relation_test_code_smell_ML\dataset\projects\guava\android\guava-tests\test\com\google\common\util\concurrent\MoreExecutorsTest.java,dataset/projects/guava/android/guava-tests/test/com/google/common/util/concurrent/MoreExecutorsTest.java,MoreExecutorsTest.java,TestApplication,53,47,238,34,0,34,true,true,false,true,false,false,false,false,false,true
GitHub,relation_test_code_smell_ML,C:\Users\ismak\Documents\GitHub\relation_test_code_smell_ML\dataset\projects\guava\android\guava-tests\test\com\google\common\util\concurrent\RateLimiterTest.java,dataset/projects/guava/android/guava-tests/test/com/google/common/util/concurrent/RateLimiterTest.java,RateLimiterTest.java,FakeStopwatch,25,39,217,30,0,30,true,false,false,true,false,false,false,false,false,false
GitHub,relation_test_code_smell_ML,C:\Users\ismak\Documents\GitHub\relation_test_code_smell_ML\dataset\projects\guava\android\guava-tests\test\com\google\common\util\concurrent\RunnablesTest.java,dataset/projects/guava/android/guava-tests/test/com/google/common/util/concurrent/RunnablesTest.java,RunnablesTest.java,RunnablesTest,4,1,1,1,0,1,true,true,false,true,false,false,false,false,false,false
GitHub,relation_test_code_smell_ML,C:\Users\ismak\Documents\GitHub\relation_test_code_smell_ML\dataset\projects\guava\android\guava-tests\test\com\google\common\util\concurrent\SequentialExecutorTest.java,dataset/projects/guava/android/guava-tests/test/com/google/common/util/concurrent/SequentialExecutorTest.java,SequentialExecutorTest.java,MyError,25,23,98,11,0,11,true,false,false,true,false,false,false,false,false,true
GitHub,relation_test_code_smell_ML,C:\Users\ismak\Documents\GitHub\relation_test_code_smell_ML\dataset\projects\guava\android\guava-tests\test\com\google\common\util\concurrent\ServiceManagerTest.java,dataset/projects/guava/android/guava-tests/test/com/google/common/util/concurrent/ServiceManagerTest.java,ServiceManagerTest.java,RecordingListener,37,63,255,21,0,21,true,false,false,true,false,false,false,false,false,false
GitHub,relation_test_code_smell_ML,C:\Users\ismak\Documents\GitHub\relation_test_code_smell_ML\dataset\projects\guava\android\guava-tests\test\com\google\common\util\concurrent\ServiceTest.java,dataset/projects/guava/android/guava-tests/test/com/google/common/util/concurrent/ServiceTest.java,ServiceTest.java,ServiceTest,11,2,10,1,0,1,true,true,false,true,false,false,false,false,false,false
GitHub,relation_test_code_smell_ML,C:\Users\ismak\Documents\GitHub\relation_test_code_smell_ML\dataset\projects\guava\android\guava-tests\test\com\google\common\util\concurrent\SettableFutureTest.java,dataset/projects/guava/android/guava-tests/test/com/google/common/util/concurrent/SettableFutureTest.java,SettableFutureTest.java,FooChild,10,16,111,16,0,16,true,false,false,true,false,false,false,false,false,false
GitHub,relation_test_code_smell_ML,C:\Users\ismak\Documents\GitHub\relation_test_code_smell_ML\dataset\projects\guava\android\guava-tests\test\com\google\common\util\concurrent\SimpleTimeLimiterTest.java,dataset/projects/guava/android/guava-tests/test/com/google/common/util/concurrent/SimpleTimeLimiterTest.java,SimpleTimeLimiterTest.java,SampleImpl,15,21,56,16,0,16,true,false,false,true,false,false,false,false,false,false
GitHub,relation_test_code_smell_ML,C:\Users\ismak\Documents\GitHub\relation_test_code_smell_ML\dataset\projects\guava\android\guava-tests\test\com\google\common\util\concurrent\StripedTest.java,dataset/projects/guava/android/guava-tests/test/com/google/common/util/concurrent/StripedTest.java,StripedTest.java,StripedTest,26,15,32,9,0,9,true,true,false,true,false,false,false,false,false,false
GitHub,relation_test_code_smell_ML,C:\Users\ismak\Documents\GitHub\relation_test_code_smell_ML\dataset\projects\guava\android\guava-tests\test\com\google\common\util\concurrent\SupplementalMonitorTest.java,dataset/projects/guava/android/guava-tests/test/com/google/common/util/concurrent/SupplementalMonitorTest.java,SupplementalMonitorTest.java,SupplementalMonitorTest,12,8,32,6,0,6,true,true,false,true,false,false,false,false,false,false
GitHub,relation_test_code_smell_ML,C:\Users\ismak\Documents\GitHub\relation_test_code_smell_ML\dataset\projects\guava\android\guava-tests\test\com\google\common\util\concurrent\TestExceptions.java,dataset/projects/guava/android/guava-tests/test/com/google/common/util/concurrent/TestExceptions.java,TestExceptions.java,SomeChainingException,2,0,0,0,0,0,true,false,false,false,false,false,false,false,false,false
GitHub,relation_test_code_smell_ML,C:\Users\ismak\Documents\GitHub\relation_test_code_smell_ML\dataset\projects\guava\android\guava-tests\test\com\google\common\util\concurrent\TestPlatform.java,dataset/projects/guava/android/guava-tests/test/com/google/common/util/concurrent/TestPlatform.java,TestPlatform.java,TestPlatform,13,5,8,0,0,0,true,true,false,false,false,false,false,false,false,false
GitHub,relation_test_code_smell_ML,C:\Users\ismak\Documents\GitHub\relation_test_code_smell_ML\dataset\projects\guava\android\guava-tests\test\com\google\common\util\concurrent\TestThread.java,dataset/projects/guava/android/guava-tests/test/com/google/common/util/concurrent/TestThread.java,TestThread.java,Response,14,17,49,0,0,0,true,false,false,false,false,false,false,false,false,true
GitHub,relation_test_code_smell_ML,C:\Users\ismak\Documents\GitHub\relation_test_code_smell_ML\dataset\projects\guava\android\guava-tests\test\com\google\common\util\concurrent\ThreadFactoryBuilderTest.java,dataset/projects/guava/android/guava-tests/test/com/google/common/util/concurrent/ThreadFactoryBuilderTest.java,ThreadFactoryBuilderTest.java,ThreadFactoryBuilderTest,12,18,74,14,0,14,true,true,false,true,false,false,false,false,false,false
GitHub,relation_test_code_smell_ML,C:\Users\ismak\Documents\GitHub\relation_test_code_smell_ML\dataset\projects\guava\android\guava-tests\test\com\google\common\util\concurrent\TrustedInputFutureTest.java,dataset/projects/guava/android/guava-tests/test/com/google/common/util/concurrent/TrustedInputFutureTest.java,TrustedInputFutureTest.java,TrustedInputFutureTest,5,1,3,0,0,0,true,true,false,false,false,false,false,false,false,false
GitHub,relation_test_code_smell_ML,C:\Users\ismak\Documents\GitHub\relation_test_code_smell_ML\dataset\projects\guava\android\guava-tests\test\com\google\common\util\concurrent\TrustedListenableFutureTaskTest.java,dataset/projects/guava/android/guava-tests/test/com/google/common/util/concurrent/TrustedListenableFutureTaskTest.java,TrustedListenableFutureTaskTest.java,TrustedListenableFutureTaskTest,20,7,54,6,0,6,true,true,false,true,false,false,false,false,false,false
GitHub,relation_test_code_smell_ML,C:\Users\ismak\Documents\GitHub\relation_test_code_smell_ML\dataset\projects\guava\android\guava-tests\test\com\google\common\util\concurrent\UncaughtExceptionHandlersTest.java,dataset/projects/guava/android/guava-tests/test/com/google/common/util/concurrent/UncaughtExceptionHandlersTest.java,UncaughtExceptionHandlersTest.java,UncaughtExceptionHandlersTest,6,1,3,1,0,1,true,true,false,true,false,false,false,false,false,false
GitHub,relation_test_code_smell_ML,C:\Users\ismak\Documents\GitHub\relation_test_code_smell_ML\dataset\projects\guava\android\guava-tests\test\com\google\common\util\concurrent\UninterruptibleFutureTest.java,dataset/projects/guava/android/guava-tests/test/com/google/common/util/concurrent/UninterruptibleFutureTest.java,UninterruptibleFutureTest.java,SleepingRunnable,18,19,54,11,0,11,true,false,false,true,false,false,false,false,false,false
GitHub,relation_test_code_smell_ML,C:\Users\ismak\Documents\GitHub\relation_test_code_smell_ML\dataset\projects\guava\android\guava-tests\test\com\google\common\util\concurrent\UninterruptibleMonitorTest.java,dataset/projects/guava/android/guava-tests/test/com/google/common/util/concurrent/UninterruptibleMonitorTest.java,UninterruptibleMonitorTest.java,UninterruptibleMonitorTest,3,0,0,0,0,0,true,true,false,false,false,false,false,false,false,false
GitHub,relation_test_code_smell_ML,C:\Users\ismak\Documents\GitHub\relation_test_code_smell_ML\dataset\projects\guava\android\guava-tests\test\com\google\common\util\concurrent\UninterruptiblesTest.java,dataset/projects/guava/android/guava-tests/test/com/google/common/util/concurrent/UninterruptiblesTest.java,UninterruptiblesTest.java,TestCondition,36,115,379,60,0,60,true,true,false,true,false,false,false,false,false,true
GitHub,relation_test_code_smell_ML,C:\Users\ismak\Documents\GitHub\relation_test_code_smell_ML\dataset\projects\guava\android\guava-tests\test\com\google\common\util\concurrent\UntrustedInputFutureTest.java,dataset/projects/guava/android/guava-tests/test/com/google/common/util/concurrent/UntrustedInputFutureTest.java,UntrustedInputFutureTest.java,UntrustedInputFutureTest,6,1,3,0,0,0,true,true,false,false,false,false,false,false,false,false
GitHub,relation_test_code_smell_ML,C:\Users\ismak\Documents\GitHub\relation_test_code_smell_ML\dataset\projects\guava\android\guava-tests\test\com\google\common\util\concurrent\WrappingExecutorServiceTest.java,dataset/projects/guava/android/guava-tests/test/com/google/common/util/concurrent/WrappingExecutorServiceTest.java,WrappingExecutorServiceTest.java,MockExecutor,23,27,74,5,0,5,true,false,false,true,false,false,false,false,false,true
GitHub,relation_test_code_smell_ML,C:\Users\ismak\Documents\GitHub\relation_test_code_smell_ML\dataset\projects\guava\android\guava-tests\test\com\google\common\util\concurrent\WrappingScheduledExecutorServiceTest.java,dataset/projects/guava/android/guava-tests/test/com/google/common/util/concurrent/WrappingScheduledExecutorServiceTest.java,WrappingScheduledExecutorServiceTest.java,MockExecutor,14,25,58,2,0,2,true,false,false,true,false,false,false,false,false,false
GitHub,relation_test_code_smell_ML,C:\Users\ismak\Documents\GitHub\relation_test_code_smell_ML\dataset\projects\guava\android\guava-tests\test\com\google\common\xml\XmlEscapersTest.java,dataset/projects/guava/android/guava-tests/test/com/google/common/xml/XmlEscapersTest.java,XmlEscapersTest.java,XmlEscapersTest,8,3,23,2,0,2,true,true,false,true,false,false,false,false,false,false
GitHub,relation_test_code_smell_ML,C:\Users\ismak\Documents\GitHub\relation_test_code_smell_ML\dataset\projects\guava\guava-gwt\test-super\com\google\common\math\super\com\google\common\math\TestPlatform.java,dataset/projects/guava/guava-gwt/test-super/com/google/common/math/super/com/google/common/math/TestPlatform.java,TestPlatform.java,TestPlatform,1,2,2,0,0,0,true,true,false,false,false,false,false,false,false,false
GitHub,relation_test_code_smell_ML,C:\Users\ismak\Documents\GitHub\relation_test_code_smell_ML\dataset\projects\guava\guava-gwt\test-super\com\google\common\primitives\super\com\google\common\primitives\TestPlatform.java,dataset/projects/guava/guava-gwt/test-super/com/google/common/primitives/super/com/google/common/primitives/TestPlatform.java,TestPlatform.java,TestPlatform,1,1,1,0,0,0,true,true,false,false,false,false,false,false,false,false
GitHub,relation_test_code_smell_ML,C:\Users\ismak\Documents\GitHub\relation_test_code_smell_ML\dataset\projects\guava\guava-gwt\test-super\com\google\common\util\concurrent\super\com\google\common\util\concurrent\TestPlatform.java,dataset/projects/guava/guava-gwt/test-super/com/google/common/util/concurrent/super/com/google/common/util/concurrent/TestPlatform.java,TestPlatform.java,TestPlatform,8,5,4,0,0,0,true,true,false,false,false,false,false,false,false,false
GitHub,relation_test_code_smell_ML,C:\Users\ismak\Documents\GitHub\relation_test_code_smell_ML\dataset\projects\guava\guava-testlib\src\com\google\common\collect\testing\features\TesterRequirements.java,dataset/projects/guava/guava-testlib/src/com/google/common/collect/testing/features/TesterRequirements.java,TesterRequirements.java,TesterRequirements,7,5,7,0,0,0,true,true,false,false,false,false,false,false,false,false
GitHub,relation_test_code_smell_ML,C:\Users\ismak\Documents\GitHub\relation_test_code_smell_ML\dataset\projects\guava\guava-testlib\src\com\google\common\collect\testing\google\TestBiMapGenerator.java,dataset/projects/guava/guava-testlib/src/com/google/common/collect/testing/google/TestBiMapGenerator.java,TestBiMapGenerator.java,TestBiMapGenerator,6,2,0,0,0,0,true,true,false,false,false,false,false,false,false,false
GitHub,relation_test_code_smell_ML,C:\Users\ismak\Documents\GitHub\relation_test_code_smell_ML\dataset\projects\guava\guava-testlib\src\com\google\common\collect\testing\google\TestEnumMultisetGenerator.java,dataset/projects/guava/guava-testlib/src/com/google/common/collect/testing/google/TestEnumMultisetGenerator.java,TestEnumMultisetGenerator.java,TestEnumMultisetGenerator,8,5,8,0,0,0,true,true,false,false,false,false,false,false,false,false
GitHub,relation_test_code_smell_ML,C:\Users\ismak\Documents\GitHub\relation_test_code_smell_ML\dataset\projects\guava\guava-testlib\src\com\google\common\collect\testing\google\TestListMultimapGenerator.java,dataset/projects/guava/guava-testlib/src/com/google/common/collect/testing/google/TestListMultimapGenerator.java,TestListMultimapGenerator.java,TestListMultimapGenerator,4,0,0,0,0,0,true,true,false,false,false,false,false,false,false,false
GitHub,relation_test_code_smell_ML,C:\Users\ismak\Documents\GitHub\relation_test_code_smell_ML\dataset\projects\guava\guava-testlib\src\com\google\common\collect\testing\google\TestMultimapGenerator.java,dataset/projects/guava/guava-testlib/src/com/google/common/collect/testing/google/TestMultimapGenerator.java,TestMultimapGenerator.java,TestMultimapGenerator,8,5,0,0,0,0,true,true,false,false,false,false,false,false,false,false
GitHub,relation_test_code_smell_ML,C:\Users\ismak\Documents\GitHub\relation_test_code_smell_ML\dataset\projects\guava\guava-testlib\src\com\google\common\collect\testing\google\TestMultisetGenerator.java,dataset/projects/guava/guava-testlib/src/com/google/common/collect/testing/google/TestMultisetGenerator.java,TestMultisetGenerator.java,TestMultisetGenerator,5,1,0,0,0,0,true,true,false,false,false,false,false,false,false,false
GitHub,relation_test_code_smell_ML,C:\Users\ismak\Documents\GitHub\relation_test_code_smell_ML\dataset\projects\guava\guava-testlib\src\com\google\common\collect\testing\google\TestSetMultimapGenerator.java,dataset/projects/guava/guava-testlib/src/com/google/common/collect/testing/google/TestSetMultimapGenerator.java,TestSetMultimapGenerator.java,TestSetMultimapGenerator,2,0,0,0,0,0,true,true,false,false,false,false,false,false,false,false
GitHub,relation_test_code_smell_ML,C:\Users\ismak\Documents\GitHub\relation_test_code_smell_ML\dataset\projects\guava\guava-testlib\src\com\google\common\collect\testing\google\TestStringBiMapGenerator.java,dataset/projects/guava/guava-testlib/src/com/google/common/collect/testing/google/TestStringBiMapGenerator.java,TestStringBiMapGenerator.java,TestStringBiMapGenerator,7,7,9,0,0,0,true,true,false,false,false,false,false,false,false,false
GitHub,relation_test_code_smell_ML,C:\Users\ismak\Documents\GitHub\relation_test_code_smell_ML\dataset\projects\guava\guava-testlib\src\com\google\common\collect\testing\google\TestStringListMultimapGenerator.java,dataset/projects/guava/guava-testlib/src/com/google/common/collect/testing/google/TestStringListMultimapGenerator.java,TestStringListMultimapGenerator.java,TestStringListMultimapGenerator,9,10,12,0,0,0,true,true,false,false,false,false,false,false,false,false
GitHub,relation_test_code_smell_ML,C:\Users\ismak\Documents\GitHub\relation_test_code_smell_ML\dataset\projects\guava\guava-testlib\src\com\google\common\collect\testing\google\TestStringMultisetGenerator.java,dataset/projects/guava/guava-testlib/src/com/google/common/collect/testing/google/TestStringMultisetGenerator.java,TestStringMultisetGenerator.java,TestStringMultisetGenerator,6,5,7,0,0,0,true,true,false,false,false,false,false,false,false,false
GitHub,relation_test_code_smell_ML,C:\Users\ismak\Documents\GitHub\relation_test_code_smell_ML\dataset\projects\guava\guava-testlib\src\com\google\common\collect\testing\google\TestStringSetMultimapGenerator.java,dataset/projects/guava/guava-testlib/src/com/google/common/collect/testing/google/TestStringSetMultimapGenerator.java,TestStringSetMultimapGenerator.java,TestStringSetMultimapGenerator,9,10,12,0,0,0,true,true,false,false,false,false,false,false,false,false
GitHub,relation_test_code_smell_ML,C:\Users\ismak\Documents\GitHub\relation_test_code_smell_ML\dataset\projects\guava\guava-testlib\src\com\google\common\collect\testing\google\UnmodifiableCollectionTests.java,dataset/projects/guava/guava-testlib/src/com/google/common/collect/testing/google/UnmodifiableCollectionTests.java,UnmodifiableCollectionTests.java,UnmodifiableCollectionTests,20,11,79,0,0,0,true,true,false,false,false,false,false,false,false,false
GitHub,relation_test_code_smell_ML,C:\Users\ismak\Documents\GitHub\relation_test_code_smell_ML\dataset\projects\guava\guava-testlib\src\com\google\common\collect\testing\MapInterfaceTest.java,dataset/projects/guava/guava-testlib/src/com/google/common/collect/testing/MapInterfaceTest.java,MapInterfaceTest.java,IncompatibleKeyType,18,66,401,56,0,56,true,false,false,true,false,false,false,false,false,true
GitHub,relation_test_code_smell_ML,C:\Users\ismak\Documents\GitHub\relation_test_code_smell_ML\dataset\projects\guava\guava-testlib\src\com\google\common\collect\testing\SortedMapInterfaceTest.java,dataset/projects/guava/guava-testlib/src/com/google/common/collect/testing/SortedMapInterfaceTest.java,SortedMapInterfaceTest.java,SortedMapInterfaceTest,5,6,41,3,0,3,true,true,false,false,false,false,false,false,false,true
GitHub,relation_test_code_smell_ML,C:\Users\ismak\Documents\GitHub\relation_test_code_smell_ML\dataset\projects\guava\guava-testlib\src\com\google\common\collect\testing\TestCharacterListGenerator.java,dataset/projects/guava/guava-testlib/src/com/google/common/collect/testing/TestCharacterListGenerator.java,TestCharacterListGenerator.java,TestCharacterListGenerator,4,5,7,0,0,0,true,true,false,false,false,false,false,false,false,false
GitHub,relation_test_code_smell_ML,C:\Users\ismak\Documents\GitHub\relation_test_code_smell_ML\dataset\projects\guava\guava-testlib\src\com\google\common\collect\testing\TestCollectionGenerator.java,dataset/projects/guava/guava-testlib/src/com/google/common/collect/testing/TestCollectionGenerator.java,TestCollectionGenerator.java,TestCollectionGenerator,4,0,0,0,0,0,true,true,false,false,false,false,false,false,false,false
GitHub,relation_test_code_smell_ML,C:\Users\ismak\Documents\GitHub\relation_test_code_smell_ML\dataset\projects\guava\guava-testlib\src\com\google\common\collect\testing\TestCollidingSetGenerator.java,dataset/projects/guava/guava-testlib/src/com/google/common/collect/testing/TestCollidingSetGenerator.java,TestCollidingSetGenerator.java,TestCollidingSetGenerator,4,3,3,0,0,0,true,true,false,false,false,false,false,false,false,false
GitHub,relation_test_code_smell_ML,C:\Users\ismak\Documents\GitHub\relation_test_code_smell_ML\dataset\projects\guava\guava-testlib\src\com\google\common\collect\testing\TestContainerGenerator.java,dataset/projects/guava/guava-testlib/src/com/google/common/collect/testing/TestContainerGenerator.java,TestContainerGenerator.java,TestContainerGenerator,6,4,0,0,0,0,true,true,false,false,false,false,false,false,false,true
GitHub,relation_test_code_smell_ML,C:\Users\ismak\Documents\GitHub\relation_test_code_smell_ML\dataset\projects\guava\guava-testlib\src\com\google\common\collect\testing\TestEnumMapGenerator.java,dataset/projects/guava/guava-testlib/src/com/google/common/collect/testing/TestEnumMapGenerator.java,TestEnumMapGenerator.java,TestEnumMapGenerator,7,7,9,0,0,0,true,true,false,false,false,false,false,false,false,false
GitHub,relation_test_code_smell_ML,C:\Users\ismak\Documents\GitHub\relation_test_code_smell_ML\dataset\projects\guava\guava-testlib\src\com\google\common\collect\testing\TestEnumSetGenerator.java,dataset/projects/guava/guava-testlib/src/com/google/common/collect/testing/TestEnumSetGenerator.java,TestEnumSetGenerator.java,TestEnumSetGenerator,6,5,8,0,0,0,true,true,false,false,false,false,false,false,false,false
GitHub,relation_test_code_smell_ML,C:\Users\ismak\Documents\GitHub\relation_test_code_smell_ML\dataset\projects\guava\guava-testlib\src\com\google\common\collect\testing\testers\TestExceptions.java,dataset/projects/guava/guava-testlib/src/com/google/common/collect/testing/testers/TestExceptions.java,TestExceptions.java,SomeChainingException,1,0,0,0,0,0,true,false,false,false,false,false,false,false,false,false
GitHub,relation_test_code_smell_ML,C:\Users\ismak\Documents\GitHub\relation_test_code_smell_ML\dataset\projects\guava\guava-testlib\src\com\google\common\collect\testing\TestIntegerSetGenerator.java,dataset/projects/guava/guava-testlib/src/com/google/common/collect/testing/TestIntegerSetGenerator.java,TestIntegerSetGenerator.java,TestIntegerSetGenerator,5,5,7,0,0,0,true,true,false,false,false,false,false,false,false,false
GitHub,relation_test_code_smell_ML,C:\Users\ismak\Documents\GitHub\relation_test_code_smell_ML\dataset\projects\guava\guava-testlib\src\com\google\common\collect\testing\TestIntegerSortedSetGenerator.java,dataset/projects/guava/guava-testlib/src/com/google/common/collect/testing/TestIntegerSortedSetGenerator.java,TestIntegerSortedSetGenerator.java,TestIntegerSortedSetGenerator,5,2,2,0,0,0,true,true,false,false,false,false,false,false,false,false
GitHub,relation_test_code_smell_ML,C:\Users\ismak\Documents\GitHub\relation_test_code_smell_ML\dataset\projects\guava\guava-testlib\src\com\google\common\collect\testing\TestIteratorGenerator.java,dataset/projects/guava/guava-testlib/src/com/google/common/collect/testing/TestIteratorGenerator.java,TestIteratorGenerator.java,TestIteratorGenerator,2,1,0,0,0,0,true,true,false,false,false,false,false,false,false,false
GitHub,relation_test_code_smell_ML,C:\Users\ismak\Documents\GitHub\relation_test_code_smell_ML\dataset\projects\guava\guava-testlib\src\com\google\common\collect\testing\TestListGenerator.java,dataset/projects/guava/guava-testlib/src/com/google/common/collect/testing/TestListGenerator.java,TestListGenerator.java,TestListGenerator,4,1,0,0,0,0,true,true,false,false,false,false,false,false,false,false
GitHub,relation_test_code_smell_ML,C:\Users\ismak\Documents\GitHub\relation_test_code_smell_ML\dataset\projects\guava\guava-testlib\src\com\google\common\collect\testing\TestMapEntrySetGenerator.java,dataset/projects/guava/guava-testlib/src/com/google/common/collect/testing/TestMapEntrySetGenerator.java,TestMapEntrySetGenerator.java,TestMapEntrySetGenerator,8,5,6,0,0,0,true,true,false,false,false,false,false,false,false,false
GitHub,relation_test_code_smell_ML,C:\Users\ismak\Documents\GitHub\relation_test_code_smell_ML\dataset\projects\guava\guava-testlib\src\com\google\common\collect\testing\TestMapGenerator.java,dataset/projects/guava/guava-testlib/src/com/google/common/collect/testing/TestMapGenerator.java,TestMapGenerator.java,TestMapGenerator,4,2,0,0,0,0,true,true,false,false,false,false,false,false,false,false
GitHub,relation_test_code_smell_ML,C:\Users\ismak\Documents\GitHub\relation_test_code_smell_ML\dataset\projects\guava\guava-testlib\src\com\google\common\collect\testing\TestQueueGenerator.java,dataset/projects/guava/guava-testlib/src/com/google/common/collect/testing/TestQueueGenerator.java,TestQueueGenerator.java,TestQueueGenerator,4,1,0,0,0,0,true,true,false,false,false,false,false,false,false,false
GitHub,relation_test_code_smell_ML,C:\Users\ismak\Documents\GitHub\relation_test_code_smell_ML\dataset\projects\guava\guava-testlib\src\com\google\common\collect\testing\TestSetGenerator.java,dataset/projects/guava/guava-testlib/src/com/google/common/collect/testing/TestSetGenerator.java,TestSetGenerator.java,TestSetGenerator,4,1,0,0,0,0,true,true,false,false,false,false,false,false,false,false
GitHub,relation_test_code_smell_ML,C:\Users\ismak\Documents\GitHub\relation_test_code_smell_ML\dataset\projects\guava\guava-testlib\src\com\google\common\collect\testing\TestsForListsInJavaUtil.java,dataset/projects/guava/guava-testlib/src/com/google/common/collect/testing/TestsForListsInJavaUtil.java,TestsForListsInJavaUtil.java,TestsForListsInJavaUtil,28,39,57,11,0,11,true,true,true,false,false,false,false,false,false,false
GitHub,relation_test_code_smell_ML,C:\Users\ismak\Documents\GitHub\relation_test_code_smell_ML\dataset\projects\guava\guava-testlib\src\com\google\common\collect\testing\TestsForMapsInJavaUtil.java,dataset/projects/guava/guava-testlib/src/com/google/common/collect/testing/TestsForMapsInJavaUtil.java,TestsForMapsInJavaUtil.java,NullFriendlyComparator,29,65,92,20,0,20,true,false,true,false,false,false,false,false,false,true
GitHub,relation_test_code_smell_ML,C:\Users\ismak\Documents\GitHub\relation_test_code_smell_ML\dataset\projects\guava\guava-testlib\src\com\google\common\collect\testing\TestsForQueuesInJavaUtil.java,dataset/projects/guava/guava-testlib/src/com/google/common/collect/testing/TestsForQueuesInJavaUtil.java,TestsForQueuesInJavaUtil.java,TestsForQueuesInJavaUtil,19,32,44,10,0,10,true,true,true,false,false,false,false,false,false,false
GitHub,relation_test_code_smell_ML,C:\Users\ismak\Documents\GitHub\relation_test_code_smell_ML\dataset\projects\guava\guava-testlib\src\com\google\common\collect\testing\TestsForSetsInJavaUtil.java,dataset/projects/guava/guava-testlib/src/com/google/common/collect/testing/TestsForSetsInJavaUtil.java,TestsForSetsInJavaUtil.java,NullFriendlyComparator,28,66,105,20,0,20,true,false,true,false,false,false,false,false,false,false
GitHub,relation_test_code_smell_ML,C:\Users\ismak\Documents\GitHub\relation_test_code_smell_ML\dataset\projects\guava\guava-testlib\src\com\google\common\collect\testing\TestSortedMapGenerator.java,dataset/projects/guava/guava-testlib/src/com/google/common/collect/testing/TestSortedMapGenerator.java,TestSortedMapGenerator.java,TestSortedMapGenerator,5,5,0,0,0,0,true,true,false,false,false,false,false,false,false,false
GitHub,relation_test_code_smell_ML,C:\Users\ismak\Documents\GitHub\relation_test_code_smell_ML\dataset\projects\guava\guava-testlib\src\com\google\common\collect\testing\TestSortedSetGenerator.java,dataset/projects/guava/guava-testlib/src/com/google/common/collect/testing/TestSortedSetGenerator.java,TestSortedSetGenerator.java,TestSortedSetGenerator,4,5,0,0,0,0,true,true,false,false,false,false,false,false,false,false
GitHub,relation_test_code_smell_ML,C:\Users\ismak\Documents\GitHub\relation_test_code_smell_ML\dataset\projects\guava\guava-testlib\src\com\google\common\collect\testing\TestStringCollectionGenerator.java,dataset/projects/guava/guava-testlib/src/com/google/common/collect/testing/TestStringCollectionGenerator.java,TestStringCollectionGenerator.java,TestStringCollectionGenerator,5,5,7,0,0,0,true,true,false,false,false,false,false,false,false,false
GitHub,relation_test_code_smell_ML,C:\Users\ismak\Documents\GitHub\relation_test_code_smell_ML\dataset\projects\guava\guava-testlib\src\com\google\common\collect\testing\TestStringListGenerator.java,dataset/projects/guava/guava-testlib/src/com/google/common/collect/testing/TestStringListGenerator.java,TestStringListGenerator.java,TestStringListGenerator,4,5,7,0,0,0,true,true,false,false,false,false,false,false,false,true
GitHub,relation_test_code_smell_ML,C:\Users\ismak\Documents\GitHub\relation_test_code_smell_ML\dataset\projects\guava\guava-testlib\src\com\google\common\collect\testing\TestStringMapGenerator.java,dataset/projects/guava/guava-testlib/src/com/google/common/collect/testing/TestStringMapGenerator.java,TestStringMapGenerator.java,TestStringMapGenerator,6,7,9,0,0,0,true,true,false,false,false,false,false,false,false,false
GitHub,relation_test_code_smell_ML,C:\Users\ismak\Documents\GitHub\relation_test_code_smell_ML\dataset\projects\guava\guava-testlib\src\com\google\common\collect\testing\TestStringQueueGenerator.java,dataset/projects/guava/guava-testlib/src/com/google/common/collect/testing/TestStringQueueGenerator.java,TestStringQueueGenerator.java,TestStringQueueGenerator,5,5,7,0,0,0,true,true,false,false,false,false,false,false,false,false
GitHub,relation_test_code_smell_ML,C:\Users\ismak\Documents\GitHub\relation_test_code_smell_ML\dataset\projects\guava\guava-testlib\src\com\google\common\collect\testing\TestStringSetGenerator.java,dataset/projects/guava/guava-testlib/src/com/google/common/collect/testing/TestStringSetGenerator.java,TestStringSetGenerator.java,TestStringSetGenerator,5,5,7,0,0,0,true,true,false,false,false,false,false,false,false,false
GitHub,relation_test_code_smell_ML,C:\Users\ismak\Documents\GitHub\relation_test_code_smell_ML\dataset\projects\guava\guava-testlib\src\com\google\common\collect\testing\TestStringSortedMapGenerator.java,dataset/projects/guava/guava-testlib/src/com/google/common/collect/testing/TestStringSortedMapGenerator.java,TestStringSortedMapGenerator.java,TestStringSortedMapGenerator,7,7,6,0,0,0,true,true,false,false,false,false,false,false,false,false
GitHub,relation_test_code_smell_ML,C:\Users\ismak\Documents\GitHub\relation_test_code_smell_ML\dataset\projects\guava\guava-testlib\src\com\google\common\collect\testing\TestStringSortedSetGenerator.java,dataset/projects/guava/guava-testlib/src/com/google/common/collect/testing/TestStringSortedSetGenerator.java,TestStringSortedSetGenerator.java,TestStringSortedSetGenerator,5,7,7,0,0,0,true,true,false,false,false,false,false,false,false,false
GitHub,relation_test_code_smell_ML,C:\Users\ismak\Documents\GitHub\relation_test_code_smell_ML\dataset\projects\guava\guava-testlib\src\com\google\common\collect\testing\TestSubjectGenerator.java,dataset/projects/guava/guava-testlib/src/com/google/common/collect/testing/TestSubjectGenerator.java,TestSubjectGenerator.java,TestSubjectGenerator,3,1,0,0,0,0,true,true,false,false,false,false,false,false,false,false
GitHub,relation_test_code_smell_ML,C:\Users\ismak\Documents\GitHub\relation_test_code_smell_ML\dataset\projects\guava\guava-testlib\src\com\google\common\collect\testing\TestUnhashableCollectionGenerator.java,dataset/projects/guava/guava-testlib/src/com/google/common/collect/testing/TestUnhashableCollectionGenerator.java,TestUnhashableCollectionGenerator.java,TestUnhashableCollectionGenerator,5,5,7,0,0,0,true,true,false,false,false,false,false,false,false,false
GitHub,relation_test_code_smell_ML,C:\Users\ismak\Documents\GitHub\relation_test_code_smell_ML\dataset\projects\guava\guava-testlib\src\com\google\common\testing\AbstractPackageSanityTests.java,dataset/projects/guava/guava-testlib/src/com/google/common/testing/AbstractPackageSanityTests.java,AbstractPackageSanityTests.java,Chopper,30,17,30,3,3,0,true,false,false,true,true,false,false,false,false,true
GitHub,relation_test_code_smell_ML,C:\Users\ismak\Documents\GitHub\relation_test_code_smell_ML\dataset\projects\guava\guava-testlib\src\com\google\common\testing\TestLogHandler.java,dataset/projects/guava/guava-testlib/src/com/google/common/testing/TestLogHandler.java,TestLogHandler.java,TestLogHandler,9,5,3,0,0,0,true,true,false,false,false,false,false,false,false,true
GitHub,relation_test_code_smell_ML,C:\Users\ismak\Documents\GitHub\relation_test_code_smell_ML\dataset\projects\guava\guava-testlib\src\com\google\common\util\concurrent\testing\AbstractListenableFutureTest.java,dataset/projects/guava/guava-testlib/src/com/google/common/util/concurrent/testing/AbstractListenableFutureTest.java,AbstractListenableFutureTest.java,AbstractListenableFutureTest,16,8,42,5,0,5,true,true,false,true,false,false,false,false,false,false
GitHub,relation_test_code_smell_ML,C:\Users\ismak\Documents\GitHub\relation_test_code_smell_ML\dataset\projects\guava\guava-testlib\src\com\google\common\util\concurrent\testing\TestingExecutors.java,dataset/projects/guava/guava-testlib/src/com/google/common/util/concurrent/testing/TestingExecutors.java,TestingExecutors.java,NeverScheduledFuture,16,15,15,0,0,0,true,false,false,false,false,false,false,false,false,false
GitHub,relation_test_code_smell_ML,C:\Users\ismak\Documents\GitHub\relation_test_code_smell_ML\dataset\projects\guava\guava-testlib\test\com\google\common\collect\testing\features\FeatureEnumTest.java,dataset/projects/guava/guava-testlib/test/com/google/common/collect/testing/features/FeatureEnumTest.java,FeatureEnumTest.java,FeatureEnumTest,9,5,16,1,0,1,true,true,false,true,false,false,false,false,false,false
GitHub,relation_test_code_smell_ML,C:\Users\ismak\Documents\GitHub\relation_test_code_smell_ML\dataset\projects\guava\guava-testlib\test\com\google\common\collect\testing\features\FeatureUtilTest.java,dataset/projects/guava/guava-testlib/test/com/google/common/collect/testing/features/FeatureUtilTest.java,FeatureUtilTest.java,Tester,25,28,76,27,0,27,true,true,false,true,false,false,false,false,false,false
GitHub,relation_test_code_smell_ML,C:\Users\ismak\Documents\GitHub\relation_test_code_smell_ML\dataset\projects\guava\guava-testlib\test\com\google\common\collect\testing\FeatureSpecificTestSuiteBuilderTest.java,dataset/projects/guava/guava-testlib/test/com/google/common/collect/testing/FeatureSpecificTestSuiteBuilderTest.java,FeatureSpecificTestSuiteBuilderTest.java,MyTestSuiteBuilder,6,2,13,1,0,1,true,false,true,true,false,false,false,false,false,false
GitHub,relation_test_code_smell_ML,C:\Users\ismak\Documents\GitHub\relation_test_code_smell_ML\dataset\projects\guava\guava-testlib\test\com\google\common\collect\testing\HelpersTest.java,dataset/projects/guava/guava-testlib/test/com/google/common/collect/testing/HelpersTest.java,HelpersTest.java,HelpersTest,19,8,39,7,0,7,true,true,false,true,false,false,false,false,false,false
GitHub,relation_test_code_smell_ML,C:\Users\ismak\Documents\GitHub\relation_test_code_smell_ML\dataset\projects\guava\guava-testlib\test\com\google\common\collect\testing\IteratorTesterTest.java,dataset/projects/guava/guava-testlib/test/com/google/common/collect/testing/IteratorTesterTest.java,IteratorTesterTest.java,ThrowingIterator,11,42,64,12,0,12,true,false,false,true,false,false,false,false,false,false
GitHub,relation_test_code_smell_ML,C:\Users\ismak\Documents\GitHub\relation_test_code_smell_ML\dataset\projects\guava\guava-testlib\test\com\google\common\collect\testing\MapTestSuiteBuilderTests.java,dataset/projects/guava/guava-testlib/test/com/google/common/collect/testing/MapTestSuiteBuilderTests.java,MapTestSuiteBuilderTests.java,CheckSetUpInvocationHandler,29,40,57,3,0,3,true,false,true,true,false,false,false,false,false,true
GitHub,relation_test_code_smell_ML,C:\Users\ismak\Documents\GitHub\relation_test_code_smell_ML\dataset\projects\guava\guava-testlib\test\com\google\common\collect\testing\MinimalCollectionTest.java,dataset/projects/guava/guava-testlib/test/com/google/common/collect/testing/MinimalCollectionTest.java,MinimalCollectionTest.java,MinimalCollectionTest,6,2,3,0,0,0,true,true,true,true,false,false,false,false,false,true
GitHub,relation_test_code_smell_ML,C:\Users\ismak\Documents\GitHub\relation_test_code_smell_ML\dataset\projects\guava\guava-testlib\test\com\google\common\collect\testing\MinimalIterableTest.java,dataset/projects/guava/guava-testlib/test/com/google/common/collect/testing/MinimalIterableTest.java,MinimalIterableTest.java,MinimalIterableTest,7,4,25,4,0,4,true,true,false,true,false,false,false,false,false,false
GitHub,relation_test_code_smell_ML,C:\Users\ismak\Documents\GitHub\relation_test_code_smell_ML\dataset\projects\guava\guava-testlib\test\com\google\common\collect\testing\MinimalSetTest.java,dataset/projects/guava/guava-testlib/test/com/google/common/collect/testing/MinimalSetTest.java,MinimalSetTest.java,MinimalSetTest,5,2,2,0,0,0,true,true,true,true,false,false,false,false,false,false
GitHub,relation_test_code_smell_ML,C:\Users\ismak\Documents\GitHub\relation_test_code_smell_ML\dataset\projects\guava\guava-testlib\test\com\google\common\collect\testing\OpenJdk6ListTests.java,dataset/projects/guava/guava-testlib/test/com/google/common/collect/testing/OpenJdk6ListTests.java,OpenJdk6ListTests.java,OpenJdk6ListTests,10,3,3,0,0,0,true,true,true,false,false,false,false,false,false,false
GitHub,relation_test_code_smell_ML,C:\Users\ismak\Documents\GitHub\relation_test_code_smell_ML\dataset\projects\guava\guava-testlib\test\com\google\common\collect\testing\OpenJdk6MapTests.java,dataset/projects/guava/guava-testlib/test/com/google/common/collect/testing/OpenJdk6MapTests.java,OpenJdk6MapTests.java,OpenJdk6MapTests,17,5,9,0,0,0,true,true,true,false,false,false,false,false,false,true
GitHub,relation_test_code_smell_ML,C:\Users\ismak\Documents\GitHub\relation_test_code_smell_ML\dataset\projects\guava\guava-testlib\test\com\google\common\collect\testing\OpenJdk6QueueTests.java,dataset/projects/guava/guava-testlib/test/com/google/common/collect/testing/OpenJdk6QueueTests.java,OpenJdk6QueueTests.java,OpenJdk6QueueTests,7,3,3,0,0,0,true,true,true,false,false,false,false,false,false,false
GitHub,relation_test_code_smell_ML,C:\Users\ismak\Documents\GitHub\relation_test_code_smell_ML\dataset\projects\guava\guava-testlib\test\com\google\common\collect\testing\OpenJdk6SetTests.java,dataset/projects/guava/guava-testlib/test/com/google/common/collect/testing/OpenJdk6SetTests.java,OpenJdk6SetTests.java,OpenJdk6SetTests,10,3,3,0,0,0,true,true,true,false,false,false,false,false,false,false
GitHub,relation_test_code_smell_ML,C:\Users\ismak\Documents\GitHub\relation_test_code_smell_ML\dataset\projects\guava\guava-testlib\test\com\google\common\collect\testing\OpenJdk6Tests.java,dataset/projects/guava/guava-testlib/test/com/google/common/collect/testing/OpenJdk6Tests.java,OpenJdk6Tests.java,OpenJdk6Tests,3,1,6,0,0,0,true,true,true,true,false,false,false,false,false,true
GitHub,relation_test_code_smell_ML,C:\Users\ismak\Documents\GitHub\relation_test_code_smell_ML\dataset\projects\guava\guava-testlib\test\com\google\common\collect\testing\ReserializedSafeTreeMapMapInterfaceTest.java,dataset/projects/guava/guava-testlib/test/com/google/common/collect/testing/ReserializedSafeTreeMapMapInterfaceTest.java,ReserializedSafeTreeMapMapInterfaceTest.java,ReserializedSafeTreeMapMapInterfaceTest,4,4,9,0,0,0,true,true,false,false,false,false,false,false,false,false
GitHub,relation_test_code_smell_ML,C:\Users\ismak\Documents\GitHub\relation_test_code_smell_ML\dataset\projects\guava\guava-testlib\test\com\google\common\collect\testing\SafeTreeMapTest.java,dataset/projects/guava/guava-testlib/test/com/google/common/collect/testing/SafeTreeMapTest.java,SafeTreeMapTest.java,SafeTreeMapTest,19,5,17,1,0,1,true,true,true,true,false,false,false,false,false,false
GitHub,relation_test_code_smell_ML,C:\Users\ismak\Documents\GitHub\relation_test_code_smell_ML\dataset\projects\guava\guava-testlib\test\com\google\common\collect\testing\SafeTreeSetTest.java,dataset/projects/guava/guava-testlib/test/com/google/common/collect/testing/SafeTreeSetTest.java,SafeTreeSetTest.java,SafeTreeSetTest,19,9,28,4,0,4,true,true,true,true,false,false,false,false,false,false
GitHub,relation_test_code_smell_ML,C:\Users\ismak\Documents\GitHub\relation_test_code_smell_ML\dataset\projects\guava\guava-testlib\test\com\google\common\testing\AbstractPackageSanityTestsTest.java,dataset/projects/guava/guava-testlib/test/com/google/common/testing/AbstractPackageSanityTestsTest.java,AbstractPackageSanityTestsTest.java,Foo2Test,7,12,22,11,0,11,true,true,false,true,false,false,false,false,false,true
GitHub,relation_test_code_smell_ML,C:\Users\ismak\Documents\GitHub\relation_test_code_smell_ML\dataset\projects\guava\guava-testlib\test\com\google\common\testing\anotherpackage\ForwardingWrapperTesterTest.java,dataset/projects/guava/guava-testlib/test/com/google/common/testing/anotherpackage/ForwardingWrapperTesterTest.java,ForwardingWrapperTesterTest.java,ForwardingChainingCalls,21,59,57,19,19,0,true,false,false,false,true,false,false,false,false,false
GitHub,relation_test_code_smell_ML,C:\Users\ismak\Documents\GitHub\relation_test_code_smell_ML\dataset\projects\guava\guava-testlib\test\com\google\common\testing\ArbitraryInstancesTest.java,dataset/projects/guava/guava-testlib/test/com/google/common/testing/ArbitraryInstancesTest.java,ArbitraryInstancesTest.java,NonStaticFieldIgnored,123,26,163,25,25,0,true,false,false,false,true,false,false,false,false,false
GitHub,relation_test_code_smell_ML,C:\Users\ismak\Documents\GitHub\relation_test_code_smell_ML\dataset\projects\guava\guava-testlib\test\com\google\common\testing\ClassSanityTesterTest.java,dataset/projects/guava/guava-testlib/test/com/google/common/testing/ClassSanityTesterTest.java,ClassSanityTesterTest.java,NoPublicStaticMethods,25,155,192,71,0,71,true,false,false,true,false,false,false,false,false,true
GitHub,relation_test_code_smell_ML,C:\Users\ismak\Documents\GitHub\relation_test_code_smell_ML\dataset\projects\guava\guava-testlib\test\com\google\common\testing\EqualsTesterTest.java,dataset/projects/guava/guava-testlib/test/com/google/common/testing/EqualsTesterTest.java,EqualsTesterTest.java,EqualsBasedOnToString,14,38,86,19,19,0,true,false,false,false,true,false,false,false,false,true
GitHub,relation_test_code_smell_ML,C:\Users\ismak\Documents\GitHub\relation_test_code_smell_ML\dataset\projects\guava\guava-testlib\test\com\google\common\testing\EquivalenceTesterTest.java,dataset/projects/guava/guava-testlib/test/com/google/common/testing/EquivalenceTesterTest.java,EquivalenceTesterTest.java,MockEquivalence,12,16,82,7,7,0,true,false,false,false,true,false,false,false,false,false
GitHub,relation_test_code_smell_ML,C:\Users\ismak\Documents\GitHub\relation_test_code_smell_ML\dataset\projects\guava\guava-testlib\test\com\google\common\testing\FakeTickerTest.java,dataset/projects/guava/guava-testlib/test/com/google/common/testing/FakeTickerTest.java,FakeTickerTest.java,FakeTickerTest,18,12,46,11,11,0,true,true,false,false,true,false,false,false,false,false
GitHub,relation_test_code_smell_ML,C:\Users\ismak\Documents\GitHub\relation_test_code_smell_ML\dataset\projects\guava\guava-testlib\test\com\google\common\testing\FreshValueGeneratorTest.java,dataset/projects/guava/guava-testlib/test/com/google/common/testing/FreshValueGeneratorTest.java,FreshValueGeneratorTest.java,FreshValueGeneratorTest,96,72,120,64,0,64,true,true,false,true,false,false,false,false,false,false
GitHub,relation_test_code_smell_ML,C:\Users\ismak\Documents\GitHub\relation_test_code_smell_ML\dataset\projects\guava\guava-testlib\test\com\google\common\testing\GcFinalizationTest.java,dataset/projects/guava/guava-testlib/test/com/google/common/testing/GcFinalizationTest.java,GcFinalizationTest.java,Foo,16,20,51,10,10,0,true,false,false,false,true,false,false,false,false,true
GitHub,relation_test_code_smell_ML,C:\Users\ismak\Documents\GitHub\relation_test_code_smell_ML\dataset\projects\guava\guava-testlib\test\com\google\common\testing\NullPointerTesterTest.java,dataset/projects/guava/guava-testlib/test/com/google/common/testing/NullPointerTesterTest.java,NullPointerTesterTest.java,NullBounds,44,211,272,68,68,0,true,false,false,false,true,false,false,false,false,true
GitHub,relation_test_code_smell_ML,C:\Users\ismak\Documents\GitHub\relation_test_code_smell_ML\dataset\projects\guava\guava-testlib\test\com\google\common\testing\PackageSanityTests.java,dataset/projects/guava/guava-testlib/test/com/google/common/testing/PackageSanityTests.java,PackageSanityTests.java,PackageSanityTests,1,0,0,0,0,0,true,true,false,false,false,false,false,false,false,false
GitHub,relation_test_code_smell_ML,C:\Users\ismak\Documents\GitHub\relation_test_code_smell_ML\dataset\projects\guava\guava-testlib\test\com\google\common\testing\RelationshipTesterTest.java,dataset/projects/guava/guava-testlib/test/com/google/common/testing/RelationshipTesterTest.java,RelationshipTesterTest.java,RelationshipTesterTest,4,1,1,1,1,0,true,true,false,false,true,false,false,false,false,false
GitHub,relation_test_code_smell_ML,C:\Users\ismak\Documents\GitHub\relation_test_code_smell_ML\dataset\projects\guava\guava-testlib\test\com\google\common\testing\SerializableTesterTest.java,dataset/projects/guava/guava-testlib/test/com/google/common/testing/SerializableTesterTest.java,SerializableTesterTest.java,OtherForm,9,11,22,4,4,0,true,false,false,false,true,false,false,false,false,true
GitHub,relation_test_code_smell_ML,C:\Users\ismak\Documents\GitHub\relation_test_code_smell_ML\dataset\projects\guava\guava-testlib\test\com\google\common\testing\TearDownStackTest.java,dataset/projects/guava/guava-testlib/test/com/google/common/testing/TearDownStackTest.java,TearDownStackTest.java,Callback,8,10,39,3,0,3,true,false,false,true,false,false,false,false,false,false
GitHub,relation_test_code_smell_ML,C:\Users\ismak\Documents\GitHub\relation_test_code_smell_ML\dataset\projects\guava\guava-testlib\test\com\google\common\testing\TestLogHandlerTest.java,dataset/projects/guava/guava-testlib/test/com/google/common/testing/TestLogHandlerTest.java,TestLogHandlerTest.java,ExampleClassUnderTest,6,6,18,2,0,2,true,true,false,true,false,false,false,false,false,false
GitHub,relation_test_code_smell_ML,C:\Users\ismak\Documents\GitHub\relation_test_code_smell_ML\dataset\projects\guava\guava-testlib\test\com\google\common\util\concurrent\testing\TestingExecutorsTest.java,dataset/projects/guava/guava-testlib/test/com/google/common/util/concurrent/testing/TestingExecutorsTest.java,TestingExecutorsTest.java,TestingExecutorsTest,11,5,28,5,0,5,true,true,false,true,false,false,false,false,false,false
GitHub,relation_test_code_smell_ML,C:\Users\ismak\Documents\GitHub\relation_test_code_smell_ML\dataset\projects\guava\guava-tests\test\com\google\common\base\AbstractIteratorTest.java,dataset/projects/guava/guava-tests/test/com/google/common/base/AbstractIteratorTest.java,AbstractIteratorTest.java,AbstractIteratorTest,15,15,39,7,0,7,true,true,false,true,false,false,false,false,false,false
GitHub,relation_test_code_smell_ML,C:\Users\ismak\Documents\GitHub\relation_test_code_smell_ML\dataset\projects\guava\guava-tests\test\com\google\common\base\AsciiTest.java,dataset/projects/guava/guava-tests/test/com/google/common/base/AsciiTest.java,AsciiTest.java,AsciiTest,6,9,40,9,0,9,true,true,false,true,false,false,false,false,false,false
GitHub,relation_test_code_smell_ML,C:\Users\ismak\Documents\GitHub\relation_test_code_smell_ML\dataset\projects\guava\guava-tests\test\com\google\common\base\CaseFormatTest.java,dataset/projects/guava/guava-tests/test/com/google/common/base/CaseFormatTest.java,CaseFormatTest.java,CaseFormatTest,14,32,72,32,0,32,true,true,false,true,false,false,false,false,false,false
GitHub,relation_test_code_smell_ML,C:\Users\ismak\Documents\GitHub\relation_test_code_smell_ML\dataset\projects\guava\guava-tests\test\com\google\common\base\CharMatcherTest.java,dataset/projects/guava/guava-tests/test/com/google/common/base/CharMatcherTest.java,CharMatcherTest.java,CharMatcherTest,25,52,434,21,0,21,true,true,false,true,false,false,false,false,false,false
GitHub,relation_test_code_smell_ML,C:\Users\ismak\Documents\GitHub\relation_test_code_smell_ML\dataset\projects\guava\guava-tests\test\com\google\common\base\CharsetsTest.java,dataset/projects/guava/guava-tests/test/com/google/common/base/CharsetsTest.java,CharsetsTest.java,CharsetsTest,7,7,15,7,0,7,true,true,false,true,false,false,false,false,false,false
GitHub,relation_test_code_smell_ML,C:\Users\ismak\Documents\GitHub\relation_test_code_smell_ML\dataset\projects\guava\guava-tests\test\com\google\common\base\ConverterTest.java,dataset/projects/guava/guava-tests/test/com/google/common/base/ConverterTest.java,ConverterTest.java,StringWrapper,14,23,71,14,0,14,true,false,false,true,false,false,false,false,false,false
GitHub,relation_test_code_smell_ML,C:\Users\ismak\Documents\GitHub\relation_test_code_smell_ML\dataset\projects\guava\guava-tests\test\com\google\common\base\DefaultsTest.java,dataset/projects/guava/guava-tests/test/com/google/common/base/DefaultsTest.java,DefaultsTest.java,DefaultsTest,5,1,10,1,0,1,true,true,false,true,false,false,false,false,false,false
GitHub,relation_test_code_smell_ML,C:\Users\ismak\Documents\GitHub\relation_test_code_smell_ML\dataset\projects\guava\guava-tests\test\com\google\common\base\EnumsTest.java,dataset/projects/guava/guava-tests/test/com/google/common/base/EnumsTest.java,EnumsTest.java,EnumsTest,23,16,57,13,0,13,true,true,false,true,false,false,false,false,false,true
GitHub,relation_test_code_smell_ML,C:\Users\ismak\Documents\GitHub\relation_test_code_smell_ML\dataset\projects\guava\guava-tests\test\com\google\common\base\EquivalenceTest.java,dataset/projects/guava/guava-tests/test/com/google/common/base/EquivalenceTest.java,EquivalenceTest.java,MyInteger,13,16,33,12,0,12,true,false,false,true,false,false,false,false,false,false
GitHub,relation_test_code_smell_ML,C:\Users\ismak\Documents\GitHub\relation_test_code_smell_ML\dataset\projects\guava\guava-tests\test\com\google\common\base\FinalizableReferenceQueueClassLoaderUnloadingTest.java,dataset/projects/guava/guava-tests/test/com/google/common/base/FinalizableReferenceQueueClassLoaderUnloadingTest.java,FinalizableReferenceQueueClassLoaderUnloadingTest.java,MyFinalizableWeakReference,19,5,27,1,1,0,true,false,false,false,true,false,false,false,false,true
GitHub,relation_test_code_smell_ML,C:\Users\ismak\Documents\GitHub\relation_test_code_smell_ML\dataset\projects\guava\guava-tests\test\com\google\common\base\FinalizableReferenceQueueTest.java,dataset/projects/guava/guava-tests/test/com/google/common/base/FinalizableReferenceQueueTest.java,FinalizableReferenceQueueTest.java,MyServerExampleWithCleaner,25,20,46,7,7,0,true,false,false,false,true,false,false,false,false,false
GitHub,relation_test_code_smell_ML,C:\Users\ismak\Documents\GitHub\relation_test_code_smell_ML\dataset\projects\guava\guava-tests\test\com\google\common\base\FunctionsTest.java,dataset/projects/guava/guava-tests/test/com/google/common/base/FunctionsTest.java,FunctionsTest.java,CountingSupplier,21,33,143,26,0,26,true,false,false,true,false,false,false,false,false,true
GitHub,relation_test_code_smell_ML,C:\Users\ismak\Documents\GitHub\relation_test_code_smell_ML\dataset\projects\guava\guava-tests\test\com\google\common\base\JoinerTest.java,dataset/projects/guava/guava-tests/test/com/google/common/base/JoinerTest.java,JoinerTest.java,MisleadingSizeList,23,18,125,11,0,11,true,false,false,true,false,false,false,false,false,true
GitHub,relation_test_code_smell_ML,C:\Users\ismak\Documents\GitHub\relation_test_code_smell_ML\dataset\projects\guava\guava-tests\test\com\google\common\base\MoreObjectsTest.java,dataset/projects/guava/guava-tests/test/com/google/common/base/MoreObjectsTest.java,MoreObjectsTest.java,TestClass,8,3,14,3,0,3,true,true,false,true,false,false,false,false,false,false
GitHub,relation_test_code_smell_ML,C:\Users\ismak\Documents\GitHub\relation_test_code_smell_ML\dataset\projects\guava\guava-tests\test\com\google\common\base\ObjectsTest.java,dataset/projects/guava/guava-tests/test/com/google/common/base/ObjectsTest.java,ObjectsTest.java,ObjectsTest,6,3,19,3,0,3,true,true,false,true,false,false,false,false,false,false
GitHub,relation_test_code_smell_ML,C:\Users\ismak\Documents\GitHub\relation_test_code_smell_ML\dataset\projects\guava\guava-tests\test\com\google\common\base\OptionalTest.java,dataset/projects/guava/guava-tests/test/com/google/common/base/OptionalTest.java,OptionalTest.java,OptionalTest,16,46,77,44,0,44,true,true,false,true,false,false,false,false,false,true
GitHub,relation_test_code_smell_ML,C:\Users\ismak\Documents\GitHub\relation_test_code_smell_ML\dataset\projects\guava\guava-tests\test\com\google\common\base\PackageSanityTests.java,dataset/projects/guava/guava-tests/test/com/google/common/base/PackageSanityTests.java,PackageSanityTests.java,PackageSanityTests,4,0,0,0,0,0,true,true,false,false,false,false,false,false,false,false
GitHub,relation_test_code_smell_ML,C:\Users\ismak\Documents\GitHub\relation_test_code_smell_ML\dataset\projects\guava\guava-tests\test\com\google\common\base\PreconditionsTest.java,dataset/projects/guava/guava-tests/test/com/google/common/base/PreconditionsTest.java,PreconditionsTest.java,Message,25,55,108,47,0,47,true,false,false,true,false,false,false,false,false,true
GitHub,relation_test_code_smell_ML,C:\Users\ismak\Documents\GitHub\relation_test_code_smell_ML\dataset\projects\guava\guava-tests\test\com\google\common\base\PredicatesTest.java,dataset/projects/guava/guava-tests/test/com/google/common/base/PredicatesTest.java,PredicatesTest.java,CollectionThatThrowsClassCastException,29,104,259,87,0,87,true,false,false,true,false,false,false,false,false,true
GitHub,relation_test_code_smell_ML,C:\Users\ismak\Documents\GitHub\relation_test_code_smell_ML\dataset\projects\guava\guava-tests\test\com\google\common\base\SplitterTest.java,dataset/projects/guava/guava-tests/test/com/google/common/base/SplitterTest.java,SplitterTest.java,SplitterTest,15,107,288,104,0,104,true,true,false,true,false,false,false,false,false,true
GitHub,relation_test_code_smell_ML,C:\Users\ismak\Documents\GitHub\relation_test_code_smell_ML\dataset\projects\guava\guava-tests\test\com\google\common\base\StandardSystemPropertyTest.java,dataset/projects/guava/guava-tests/test/com/google/common/base/StandardSystemPropertyTest.java,StandardSystemPropertyTest.java,StandardSystemPropertyTest,8,4,4,4,0,4,true,true,false,true,false,false,false,false,false,false
GitHub,relation_test_code_smell_ML,C:\Users\ismak\Documents\GitHub\relation_test_code_smell_ML\dataset\projects\guava\guava-tests\test\com\google\common\base\StopwatchTest.java,dataset/projects/guava/guava-tests/test/com/google/common/base/StopwatchTest.java,StopwatchTest.java,StopwatchTest,12,17,107,17,0,17,true,true,false,true,false,false,false,false,false,true
GitHub,relation_test_code_smell_ML,C:\Users\ismak\Documents\GitHub\relation_test_code_smell_ML\dataset\projects\guava\guava-tests\test\com\google\common\base\StringsTest.java,dataset/projects/guava/guava-tests/test/com/google/common/base/StringsTest.java,StringsTest.java,ThrowsOnToString,9,22,108,21,0,21,true,false,false,true,false,false,false,false,false,true
GitHub,relation_test_code_smell_ML,C:\Users\ismak\Documents\GitHub\relation_test_code_smell_ML\dataset\projects\guava\guava-tests\test\com\google\common\base\SuppliersTest.java,dataset/projects/guava/guava-tests/test/com/google/common/base/SuppliersTest.java,SuppliersTest.java,SerializableThrowingSupplier,23,38,130,24,0,24,true,false,false,true,false,false,false,false,false,true
GitHub,relation_test_code_smell_ML,C:\Users\ismak\Documents\GitHub\relation_test_code_smell_ML\dataset\projects\guava\guava-tests\test\com\google\common\base\TestExceptions.java,dataset/projects/guava/guava-tests/test/com/google/common/base/TestExceptions.java,TestExceptions.java,SomeChainingException,2,0,0,0,0,0,true,false,false,false,false,false,false,false,false,false
GitHub,relation_test_code_smell_ML,C:\Users\ismak\Documents\GitHub\relation_test_code_smell_ML\dataset\projects\guava\guava-tests\test\com\google\common\base\ThrowablesTest.java,dataset/projects/guava/guava-tests/test/com/google/common/base/ThrowablesTest.java,ThrowablesTest.java,StackTraceException,29,40,81,40,0,40,true,false,false,true,false,false,false,false,false,true
GitHub,relation_test_code_smell_ML,C:\Users\ismak\Documents\GitHub\relation_test_code_smell_ML\dataset\projects\guava\guava-tests\test\com\google\common\base\ToStringHelperTest.java,dataset/projects/guava/guava-tests/test/com/google/common/base/ToStringHelperTest.java,ToStringHelperTest.java,TestClass,17,52,152,52,0,52,true,true,false,true,false,false,false,false,false,false
GitHub,relation_test_code_smell_ML,C:\Users\ismak\Documents\GitHub\relation_test_code_smell_ML\dataset\projects\guava\guava-tests\test\com\google\common\base\Utf8Test.java,dataset/projects/guava/guava-tests/test/com/google/common/base/Utf8Test.java,Utf8Test.java,Utf8Test,18,17,66,12,0,12,true,true,false,true,false,false,false,false,false,false
GitHub,relation_test_code_smell_ML,C:\Users\ismak\Documents\GitHub\relation_test_code_smell_ML\dataset\projects\guava\guava-tests\test\com\google\common\base\VerifyTest.java,dataset/projects/guava/guava-tests/test/com/google/common/base/VerifyTest.java,VerifyTest.java,VerifyTest,10,13,17,11,0,11,true,true,false,true,false,false,false,false,false,false
GitHub,relation_test_code_smell_ML,C:\Users\ismak\Documents\GitHub\relation_test_code_smell_ML\dataset\projects\guava\guava-tests\test\com\google\common\cache\AbstractCacheTest.java,dataset/projects/guava/guava-tests/test/com/google/common/cache/AbstractCacheTest.java,AbstractCacheTest.java,AbstractCacheTest,10,13,75,8,0,8,true,true,false,true,false,false,false,false,false,false
GitHub,relation_test_code_smell_ML,C:\Users\ismak\Documents\GitHub\relation_test_code_smell_ML\dataset\projects\guava\guava-tests\test\com\google\common\cache\AbstractLoadingCacheTest.java,dataset/projects/guava/guava-tests/test/com/google/common/cache/AbstractLoadingCacheTest.java,AbstractLoadingCacheTest.java,AbstractLoadingCacheTest,11,12,48,4,0,4,true,true,false,true,false,false,false,false,false,false
GitHub,relation_test_code_smell_ML,C:\Users\ismak\Documents\GitHub\relation_test_code_smell_ML\dataset\projects\guava\guava-tests\test\com\google\common\cache\CacheBuilderGwtTest.java,dataset/projects/guava/guava-tests/test/com/google/common/cache/CacheBuilderGwtTest.java,CacheBuilderGwtTest.java,CacheBuilderGwtTest,20,22,231,19,19,0,true,true,false,false,true,false,false,false,false,true
GitHub,relation_test_code_smell_ML,C:\Users\ismak\Documents\GitHub\relation_test_code_smell_ML\dataset\projects\guava\guava-tests\test\com\google\common\cache\CacheBuilderSpecTest.java,dataset/projects/guava/guava-tests/test/com/google/common/cache/CacheBuilderSpecTest.java,CacheBuilderSpecTest.java,CacheBuilderSpecTest,16,44,214,43,0,43,true,true,false,true,false,false,false,false,false,true
GitHub,relation_test_code_smell_ML,C:\Users\ismak\Documents\GitHub\relation_test_code_smell_ML\dataset\projects\guava\guava-tests\test\com\google\common\cache\CacheBuilderTest.java,dataset/projects/guava/guava-tests/test/com/google/common/cache/CacheBuilderTest.java,CacheBuilderTest.java,DelayingIdentityLoader,35,49,182,46,0,46,true,false,false,true,false,false,false,false,false,true
GitHub,relation_test_code_smell_ML,C:\Users\ismak\Documents\GitHub\relation_test_code_smell_ML\dataset\projects\guava\guava-tests\test\com\google\common\cache\CacheEvictionTest.java,dataset/projects/guava/guava-tests/test/com/google/common/cache/CacheEvictionTest.java,CacheEvictionTest.java,CacheEvictionTest,17,20,161,15,0,15,true,true,false,true,false,false,false,false,false,false
GitHub,relation_test_code_smell_ML,C:\Users\ismak\Documents\GitHub\relation_test_code_smell_ML\dataset\projects\guava\guava-tests\test\com\google\common\cache\CacheExpirationTest.java,dataset/projects/guava/guava-tests/test/com/google/common/cache/CacheExpirationTest.java,CacheExpirationTest.java,WatchedCreatorLoader,22,22,181,12,0,12,true,false,false,true,false,false,false,false,false,false
GitHub,relation_test_code_smell_ML,C:\Users\ismak\Documents\GitHub\relation_test_code_smell_ML\dataset\projects\guava\guava-tests\test\com\google\common\cache\CacheLoaderTest.java,dataset/projects/guava/guava-tests/test/com/google/common/cache/CacheLoaderTest.java,CacheLoaderTest.java,QueuingExecutor,14,6,33,1,0,1,true,false,false,true,false,false,false,false,false,false
GitHub,relation_test_code_smell_ML,C:\Users\ismak\Documents\GitHub\relation_test_code_smell_ML\dataset\projects\guava\guava-tests\test\com\google\common\cache\CacheLoadingTest.java,dataset/projects/guava/guava-tests/test/com/google/common/cache/CacheLoadingTest.java,CacheLoadingTest.java,CacheLoadingTest,43,126,1351,51,0,51,true,true,false,true,false,false,false,false,false,true
GitHub,relation_test_code_smell_ML,C:\Users\ismak\Documents\GitHub\relation_test_code_smell_ML\dataset\projects\guava\guava-tests\test\com\google\common\cache\CacheManualTest.java,dataset/projects/guava/guava-tests/test/com/google/common/cache/CacheManualTest.java,CacheManualTest.java,CacheManualTest,8,2,103,2,0,2,true,true,false,true,false,false,false,false,false,false
GitHub,relation_test_code_smell_ML,C:\Users\ismak\Documents\GitHub\relation_test_code_smell_ML\dataset\projects\guava\guava-tests\test\com\google\common\cache\CacheReferencesTest.java,dataset/projects/guava/guava-tests/test/com/google/common/cache/CacheReferencesTest.java,CacheReferencesTest.java,Key,11,8,13,4,0,4,true,false,false,true,false,false,false,false,false,false
GitHub,relation_test_code_smell_ML,C:\Users\ismak\Documents\GitHub\relation_test_code_smell_ML\dataset\projects\guava\guava-tests\test\com\google\common\cache\CacheRefreshTest.java,dataset/projects/guava/guava-tests/test/com/google/common/cache/CacheRefreshTest.java,CacheRefreshTest.java,CacheRefreshTest,9,1,46,1,0,1,true,true,false,true,false,false,false,false,false,false
GitHub,relation_test_code_smell_ML,C:\Users\ismak\Documents\GitHub\relation_test_code_smell_ML\dataset\projects\guava\guava-tests\test\com\google\common\cache\CacheStatsTest.java,dataset/projects/guava/guava-tests/test/com/google/common/cache/CacheStatsTest.java,CacheStatsTest.java,CacheStatsTest,3,5,74,5,0,5,true,true,false,true,false,false,false,false,false,false
GitHub,relation_test_code_smell_ML,C:\Users\ismak\Documents\GitHub\relation_test_code_smell_ML\dataset\projects\guava\guava-tests\test\com\google\common\cache\EmptyCachesTest.java,dataset/projects/guava/guava-tests/test/com/google/common/cache/EmptyCachesTest.java,EmptyCachesTest.java,EmptyCachesTest,20,26,27,22,0,22,true,true,false,true,false,false,false,false,false,false
GitHub,relation_test_code_smell_ML,C:\Users\ismak\Documents\GitHub\relation_test_code_smell_ML\dataset\projects\guava\guava-tests\test\com\google\common\cache\ForwardingCacheTest.java,dataset/projects/guava/guava-tests/test/com/google/common/cache/ForwardingCacheTest.java,ForwardingCacheTest.java,OnlyGet,12,12,24,9,0,9,true,false,false,true,false,false,false,false,false,false
GitHub,relation_test_code_smell_ML,C:\Users\ismak\Documents\GitHub\relation_test_code_smell_ML\dataset\projects\guava\guava-tests\test\com\google\common\cache\ForwardingLoadingCacheTest.java,dataset/projects/guava/guava-tests/test/com/google/common/cache/ForwardingLoadingCacheTest.java,ForwardingLoadingCacheTest.java,OnlyGet,13,14,28,11,0,11,true,false,false,true,false,false,false,false,false,false
GitHub,relation_test_code_smell_ML,C:\Users\ismak\Documents\GitHub\relation_test_code_smell_ML\dataset\projects\guava\guava-tests\test\com\google\common\cache\LocalCacheMapComputeTest.java,dataset/projects/guava/guava-tests/test/com/google/common/cache/LocalCacheMapComputeTest.java,LocalCacheMapComputeTest.java,LocalCacheMapComputeTest,15,12,48,10,0,10,true,true,false,true,false,false,false,false,false,false
GitHub,relation_test_code_smell_ML,C:\Users\ismak\Documents\GitHub\relation_test_code_smell_ML\dataset\projects\guava\guava-tests\test\com\google\common\cache\LocalCacheTest.java,dataset/projects/guava/guava-tests/test/com/google/common/cache/LocalCacheTest.java,LocalCacheTest.java,SerializableWeigher,73,165,1219,79,0,79,true,false,true,true,false,false,false,false,false,true
GitHub,relation_test_code_smell_ML,C:\Users\ismak\Documents\GitHub\relation_test_code_smell_ML\dataset\projects\guava\guava-tests\test\com\google\common\cache\LocalLoadingCacheTest.java,dataset/projects/guava/guava-tests/test/com/google/common/cache/LocalLoadingCacheTest.java,LocalLoadingCacheTest.java,LocalLoadingCacheTest,19,15,191,9,0,9,true,true,false,true,false,false,false,false,false,true
GitHub,relation_test_code_smell_ML,C:\Users\ismak\Documents\GitHub\relation_test_code_smell_ML\dataset\projects\guava\guava-tests\test\com\google\common\cache\NullCacheTest.java,dataset/projects/guava/guava-tests/test/com/google/common/cache/NullCacheTest.java,NullCacheTest.java,NullCacheTest,14,6,41,5,0,5,true,true,false,true,false,false,false,false,false,false
GitHub,relation_test_code_smell_ML,C:\Users\ismak\Documents\GitHub\relation_test_code_smell_ML\dataset\projects\guava\guava-tests\test\com\google\common\cache\PackageSanityTests.java,dataset/projects/guava/guava-tests/test/com/google/common/cache/PackageSanityTests.java,PackageSanityTests.java,PackageSanityTests,4,1,1,0,0,0,true,true,false,false,false,false,false,false,false,false
GitHub,relation_test_code_smell_ML,C:\Users\ismak\Documents\GitHub\relation_test_code_smell_ML\dataset\projects\guava\guava-tests\test\com\google\common\cache\PopulatedCachesTest.java,dataset/projects/guava/guava-tests/test/com/google/common/cache/PopulatedCachesTest.java,PopulatedCachesTest.java,PopulatedCachesTest,28,19,29,12,0,12,true,true,false,true,false,false,false,false,false,false
GitHub,relation_test_code_smell_ML,C:\Users\ismak\Documents\GitHub\relation_test_code_smell_ML\dataset\projects\guava\guava-tests\test\com\google\common\cache\RemovalNotificationTest.java,dataset/projects/guava/guava-tests/test/com/google/common/cache/RemovalNotificationTest.java,RemovalNotificationTest.java,RemovalNotificationTest,3,1,1,1,0,1,true,true,false,true,false,false,false,false,false,false
GitHub,relation_test_code_smell_ML,C:\Users\ismak\Documents\GitHub\relation_test_code_smell_ML\dataset\projects\guava\guava-tests\test\com\google\common\cache\TestingCacheLoaders.java,dataset/projects/guava/guava-tests/test/com/google/common/cache/TestingCacheLoaders.java,TestingCacheLoaders.java,IdentityLoader,12,18,26,0,0,0,true,false,false,false,false,false,false,false,false,false
GitHub,relation_test_code_smell_ML,C:\Users\ismak\Documents\GitHub\relation_test_code_smell_ML\dataset\projects\guava\guava-tests\test\com\google\common\cache\TestingRemovalListeners.java,dataset/projects/guava/guava-tests/test/com/google/common/cache/TestingRemovalListeners.java,TestingRemovalListeners.java,NullRemovalListener,7,10,10,0,0,0,true,false,false,false,false,false,false,false,false,false
GitHub,relation_test_code_smell_ML,C:\Users\ismak\Documents\GitHub\relation_test_code_smell_ML\dataset\projects\guava\guava-tests\test\com\google\common\cache\TestingWeighers.java,dataset/projects/guava/guava-tests/test/com/google/common/cache/TestingWeighers.java,TestingWeighers.java,IntValueWeigher,3,6,6,0,0,0,true,false,false,false,false,false,false,false,false,false
GitHub,relation_test_code_smell_ML,C:\Users\ismak\Documents\GitHub\relation_test_code_smell_ML\dataset\projects\guava\guava-tests\test\com\google\common\collect\AbstractBiMapTest.java,dataset/projects/guava/guava-tests/test/com/google/common/collect/AbstractBiMapTest.java,AbstractBiMapTest.java,AbstractBiMapTest,5,2,24,2,0,2,true,true,false,true,false,false,false,false,false,false
GitHub,relation_test_code_smell_ML,C:\Users\ismak\Documents\GitHub\relation_test_code_smell_ML\dataset\projects\guava\guava-tests\test\com\google\common\collect\AbstractFilteredMapTest.java,dataset/projects/guava/guava-tests/test/com/google/common/collect/AbstractFilteredMapTest.java,AbstractFilteredMapTest.java,AbstractFilteredMapTest,12,12,95,11,0,11,true,true,false,true,false,false,false,false,false,false
GitHub,relation_test_code_smell_ML,C:\Users\ismak\Documents\GitHub\relation_test_code_smell_ML\dataset\projects\guava\guava-tests\test\com\google\common\collect\AbstractHashFloodingTest.java,dataset/projects/guava/guava-tests/test/com/google/common/collect/AbstractHashFloodingTest.java,AbstractHashFloodingTest.java,QueryOp,18,18,41,2,0,2,true,false,false,true,false,false,false,false,false,false
GitHub,relation_test_code_smell_ML,C:\Users\ismak\Documents\GitHub\relation_test_code_smell_ML\dataset\projects\guava\guava-tests\test\com\google\common\collect\AbstractImmutableBiMapMapInterfaceTest.java,dataset/projects/guava/guava-tests/test/com/google/common/collect/AbstractImmutableBiMapMapInterfaceTest.java,AbstractImmutableBiMapMapInterfaceTest.java,AbstractImmutableBiMapMapInterfaceTest,8,2,9,0,0,0,true,true,false,false,false,false,false,false,false,false
GitHub,relation_test_code_smell_ML,C:\Users\ismak\Documents\GitHub\relation_test_code_smell_ML\dataset\projects\guava\guava-tests\test\com\google\common\collect\AbstractImmutableMapMapInterfaceTest.java,dataset/projects/guava/guava-tests/test/com/google/common/collect/AbstractImmutableMapMapInterfaceTest.java,AbstractImmutableMapMapInterfaceTest.java,AbstractImmutableMapMapInterfaceTest,9,2,8,0,0,0,true,true,false,false,false,false,false,false,false,true
GitHub,relation_test_code_smell_ML,C:\Users\ismak\Documents\GitHub\relation_test_code_smell_ML\dataset\projects\guava\guava-tests\test\com\google\common\collect\AbstractImmutableSetTest.java,dataset/projects/guava/guava-tests/test/com/google/common/collect/AbstractImmutableSetTest.java,AbstractImmutableSetTest.java,MutatedOnQueryList,27,61,145,43,0,43,true,false,false,true,false,false,false,false,false,true
GitHub,relation_test_code_smell_ML,C:\Users\ismak\Documents\GitHub\relation_test_code_smell_ML\dataset\projects\guava\guava-tests\test\com\google\common\collect\AbstractImmutableSortedMapMapInterfaceTest.java,dataset/projects/guava/guava-tests/test/com/google/common/collect/AbstractImmutableSortedMapMapInterfaceTest.java,AbstractImmutableSortedMapMapInterfaceTest.java,AbstractImmutableSortedMapMapInterfaceTest,9,2,8,0,0,0,true,true,false,false,false,false,false,false,false,true
GitHub,relation_test_code_smell_ML,C:\Users\ismak\Documents\GitHub\relation_test_code_smell_ML\dataset\projects\guava\guava-tests\test\com\google\common\collect\AbstractImmutableTableTest.java,dataset/projects/guava/guava-tests/test/com/google/common/collect/AbstractImmutableTableTest.java,AbstractImmutableTableTest.java,AbstractImmutableTableTest,5,7,6,6,0,6,true,true,false,true,false,false,false,false,false,false
GitHub,relation_test_code_smell_ML,C:\Users\ismak\Documents\GitHub\relation_test_code_smell_ML\dataset\projects\guava\guava-tests\test\com\google\common\collect\AbstractIteratorTest.java,dataset/projects/guava/guava-tests/test/com/google/common/collect/AbstractIteratorTest.java,AbstractIteratorTest.java,AbstractIteratorTest,15,19,58,9,0,9,true,true,false,true,false,false,false,false,false,false
GitHub,relation_test_code_smell_ML,C:\Users\ismak\Documents\GitHub\relation_test_code_smell_ML\dataset\projects\guava\guava-tests\test\com\google\common\collect\AbstractMapEntryTest.java,dataset/projects/guava/guava-tests/test/com/google/common/collect/AbstractMapEntryTest.java,AbstractMapEntryTest.java,AbstractMapEntryTest,8,7,9,3,0,3,true,true,false,true,false,false,false,false,false,false
GitHub,relation_test_code_smell_ML,C:\Users\ismak\Documents\GitHub\relation_test_code_smell_ML\dataset\projects\guava\guava-tests\test\com\google\common\collect\AbstractMapsTransformValuesTest.java,dataset/projects/guava/guava-tests/test/com/google/common/collect/AbstractMapsTransformValuesTest.java,AbstractMapsTransformValuesTest.java,AbstractMapsTransformValuesTest,18,17,115,12,0,12,true,true,false,false,false,false,false,false,false,false
GitHub,relation_test_code_smell_ML,C:\Users\ismak\Documents\GitHub\relation_test_code_smell_ML\dataset\projects\guava\guava-tests\test\com\google\common\collect\AbstractMultimapAsMapImplementsMapTest.java,dataset/projects/guava/guava-tests/test/com/google/common/collect/AbstractMultimapAsMapImplementsMapTest.java,AbstractMultimapAsMapImplementsMapTest.java,AbstractMultimapAsMapImplementsMapTest,7,4,13,1,0,1,true,true,false,false,false,false,false,false,false,false
GitHub,relation_test_code_smell_ML,C:\Users\ismak\Documents\GitHub\relation_test_code_smell_ML\dataset\projects\guava\guava-tests\test\com\google\common\collect\AbstractRangeSetTest.java,dataset/projects/guava/guava-tests/test/com/google/common/collect/AbstractRangeSetTest.java,AbstractRangeSetTest.java,AbstractRangeSetTest,8,2,14,2,0,2,true,true,false,true,false,false,false,false,false,false
GitHub,relation_test_code_smell_ML,C:\Users\ismak\Documents\GitHub\relation_test_code_smell_ML\dataset\projects\guava\guava-tests\test\com\google\common\collect\AbstractSequentialIteratorTest.java,dataset/projects/guava/guava-tests/test/com/google/common/collect/AbstractSequentialIteratorTest.java,AbstractSequentialIteratorTest.java,BrokenAbstractSequentialIterator,13,13,22,5,0,5,true,false,false,true,false,false,false,false,false,false
GitHub,relation_test_code_smell_ML,C:\Users\ismak\Documents\GitHub\relation_test_code_smell_ML\dataset\projects\guava\guava-tests\test\com\google\common\collect\AbstractTableReadTest.java,dataset/projects/guava/guava-tests/test/com/google/common/collect/AbstractTableReadTest.java,AbstractTableReadTest.java,AbstractTableReadTest,11,19,69,16,0,16,true,true,false,true,false,false,false,false,false,false
GitHub,relation_test_code_smell_ML,C:\Users\ismak\Documents\GitHub\relation_test_code_smell_ML\dataset\projects\guava\guava-tests\test\com\google\common\collect\AbstractTableTest.java,dataset/projects/guava/guava-tests/test/com/google/common/collect/AbstractTableTest.java,AbstractTableTest.java,AbstractTableTest,8,12,41,7,0,7,true,true,false,false,false,false,false,false,false,false
GitHub,relation_test_code_smell_ML,C:\Users\ismak\Documents\GitHub\relation_test_code_smell_ML\dataset\projects\guava\guava-tests\test\com\google\common\collect\ArrayListMultimapTest.java,dataset/projects/guava/guava-tests/test/com/google/common/collect/ArrayListMultimapTest.java,ArrayListMultimapTest.java,ArrayListMultimapTest,19,14,59,11,0,11,true,true,true,true,false,false,false,false,false,false
GitHub,relation_test_code_smell_ML,C:\Users\ismak\Documents\GitHub\relation_test_code_smell_ML\dataset\projects\guava\guava-tests\test\com\google\common\collect\ArrayTableColumnMapTest.java,dataset/projects/guava/guava-tests/test/com/google/common/collect/ArrayTableColumnMapTest.java,ArrayTableColumnMapTest.java,ArrayTableColumnMapTest,5,2,2,0,0,0,true,true,false,false,false,false,false,false,false,true
GitHub,relation_test_code_smell_ML,C:\Users\ismak\Documents\GitHub\relation_test_code_smell_ML\dataset\projects\guava\guava-tests\test\com\google\common\collect\ArrayTableColumnTest.java,dataset/projects/guava/guava-tests/test/com/google/common/collect/ArrayTableColumnTest.java,ArrayTableColumnTest.java,ArrayTableColumnTest,5,3,3,0,0,0,true,true,false,false,false,false,false,false,false,true
GitHub,relation_test_code_smell_ML,C:\Users\ismak\Documents\GitHub\relation_test_code_smell_ML\dataset\projects\guava\guava-tests\test\com\google\common\collect\ArrayTableRowMapTest.java,dataset/projects/guava/guava-tests/test/com/google/common/collect/ArrayTableRowMapTest.java,ArrayTableRowMapTest.java,ArrayTableRowMapTest,5,2,2,0,0,0,true,true,false,false,false,false,false,false,false,true
GitHub,relation_test_code_smell_ML,C:\Users\ismak\Documents\GitHub\relation_test_code_smell_ML\dataset\projects\guava\guava-tests\test\com\google\common\collect\ArrayTableRowTest.java,dataset/projects/guava/guava-tests/test/com/google/common/collect/ArrayTableRowTest.java,ArrayTableRowTest.java,ArrayTableRowTest,5,3,3,0,0,0,true,true,false,false,false,false,false,false,false,true
GitHub,relation_test_code_smell_ML,C:\Users\ismak\Documents\GitHub\relation_test_code_smell_ML\dataset\projects\guava\guava-tests\test\com\google\common\collect\ArrayTableTest.java,dataset/projects/guava/guava-tests/test/com/google/common/collect/ArrayTableTest.java,ArrayTableTest.java,ArrayTableTest,17,47,213,43,0,43,true,true,false,false,false,false,false,false,false,true
GitHub,relation_test_code_smell_ML,C:\Users\ismak\Documents\GitHub\relation_test_code_smell_ML\dataset\projects\guava\guava-tests\test\com\google\common\collect\Collections2FilterArrayListTest.java,dataset/projects/guava/guava-tests/test/com/google/common/collect/Collections2FilterArrayListTest.java,Collections2FilterArrayListTest.java,Collections2FilterArrayListTest,5,2,2,0,0,0,true,true,false,false,false,false,false,false,false,false
GitHub,relation_test_code_smell_ML,C:\Users\ismak\Documents\GitHub\relation_test_code_smell_ML\dataset\projects\guava\guava-tests\test\com\google\common\collect\Collections2Test.java,dataset/projects/guava/guava-tests/test/com/google/common/collect/Collections2Test.java,Collections2Test.java,Collections2Test,28,35,181,25,0,25,true,true,true,true,false,false,false,false,false,false
GitHub,relation_test_code_smell_ML,C:\Users\ismak\Documents\GitHub\relation_test_code_smell_ML\dataset\projects\guava\guava-tests\test\com\google\common\collect\CollectSpliteratorsTest.java,dataset/projects/guava/guava-tests/test/com/google/common/collect/CollectSpliteratorsTest.java,CollectSpliteratorsTest.java,CollectSpliteratorsTest,15,7,13,7,0,7,true,true,false,true,false,false,false,false,false,false
GitHub,relation_test_code_smell_ML,C:\Users\ismak\Documents\GitHub\relation_test_code_smell_ML\dataset\projects\guava\guava-tests\test\com\google\common\collect\CompactHashMapFloodingTest.java,dataset/projects/guava/guava-tests/test/com/google/common/collect/CompactHashMapFloodingTest.java,CompactHashMapFloodingTest.java,CompactHashMapFloodingTest,4,0,0,0,0,0,true,true,false,false,false,false,false,false,false,false
GitHub,relation_test_code_smell_ML,C:\Users\ismak\Documents\GitHub\relation_test_code_smell_ML\dataset\projects\guava\guava-tests\test\com\google\common\collect\CompactHashMapTest.java,dataset/projects/guava/guava-tests/test/com/google/common/collect/CompactHashMapTest.java,CompactHashMapTest.java,CompactHashMapTest,14,7,37,4,0,4,true,true,true,true,false,false,false,false,false,false
GitHub,relation_test_code_smell_ML,C:\Users\ismak\Documents\GitHub\relation_test_code_smell_ML\dataset\projects\guava\guava-tests\test\com\google\common\collect\CompactHashSetFloodingTest.java,dataset/projects/guava/guava-tests/test/com/google/common/collect/CompactHashSetFloodingTest.java,CompactHashSetFloodingTest.java,CompactHashSetFloodingTest,4,0,0,0,0,0,true,true,false,false,false,false,false,false,false,false
GitHub,relation_test_code_smell_ML,C:\Users\ismak\Documents\GitHub\relation_test_code_smell_ML\dataset\projects\guava\guava-tests\test\com\google\common\collect\CompactHashSetTest.java,dataset/projects/guava/guava-tests/test/com/google/common/collect/CompactHashSetTest.java,CompactHashSetTest.java,CompactHashSetTest,17,6,24,2,0,2,true,true,true,true,false,false,false,false,false,false
GitHub,relation_test_code_smell_ML,C:\Users\ismak\Documents\GitHub\relation_test_code_smell_ML\dataset\projects\guava\guava-tests\test\com\google\common\collect\CompactLinkedHashMapFloodingTest.java,dataset/projects/guava/guava-tests/test/com/google/common/collect/CompactLinkedHashMapFloodingTest.java,CompactLinkedHashMapFloodingTest.java,CompactLinkedHashMapFloodingTest,4,0,0,0,0,0,true,true,false,false,false,false,false,false,false,false
GitHub,relation_test_code_smell_ML,C:\Users\ismak\Documents\GitHub\relation_test_code_smell_ML\dataset\projects\guava\guava-tests\test\com\google\common\collect\CompactLinkedHashMapTest.java,dataset/projects/guava/guava-tests/test/com/google/common/collect/CompactLinkedHashMapTest.java,CompactLinkedHashMapTest.java,CompactLinkedHashMapTest,16,12,78,9,0,9,true,true,true,true,false,false,false,false,false,false
GitHub,relation_test_code_smell_ML,C:\Users\ismak\Documents\GitHub\relation_test_code_smell_ML\dataset\projects\guava\guava-tests\test\com\google\common\collect\CompactLinkedHashSetFloodingTest.java,dataset/projects/guava/guava-tests/test/com/google/common/collect/CompactLinkedHashSetFloodingTest.java,CompactLinkedHashSetFloodingTest.java,CompactLinkedHashSetFloodingTest,4,0,0,0,0,0,true,true,false,false,false,false,false,false,false,false
GitHub,relation_test_code_smell_ML,C:\Users\ismak\Documents\GitHub\relation_test_code_smell_ML\dataset\projects\guava\guava-tests\test\com\google\common\collect\CompactLinkedHashSetTest.java,dataset/projects/guava/guava-tests/test/com/google/common/collect/CompactLinkedHashSetTest.java,CompactLinkedHashSetTest.java,CompactLinkedHashSetTest,17,5,18,2,0,2,true,true,true,true,false,false,false,false,false,false
GitHub,relation_test_code_smell_ML,C:\Users\ismak\Documents\GitHub\relation_test_code_smell_ML\dataset\projects\guava\guava-tests\test\com\google\common\collect\ComparatorsTest.java,dataset/projects/guava/guava-tests/test/com/google/common/collect/ComparatorsTest.java,ComparatorsTest.java,Foo,21,13,64,10,0,10,true,false,false,true,false,false,false,false,false,false
GitHub,relation_test_code_smell_ML,C:\Users\ismak\Documents\GitHub\relation_test_code_smell_ML\dataset\projects\guava\guava-tests\test\com\google\common\collect\ComparisonChainTest.java,dataset/projects/guava/guava-tests/test/com/google/common/collect/ComparisonChainTest.java,ComparisonChainTest.java,Bar,15,15,31,12,0,12,true,false,false,true,false,false,false,false,false,true
GitHub,relation_test_code_smell_ML,C:\Users\ismak\Documents\GitHub\relation_test_code_smell_ML\dataset\projects\guava\guava-tests\test\com\google\common\collect\ConcurrentHashMultisetBasherTest.java,dataset/projects/guava/guava-tests/test/com/google/common/collect/ConcurrentHashMultisetBasherTest.java,ConcurrentHashMultisetBasherTest.java,MutateTask,17,5,19,4,0,4,true,false,false,true,false,false,false,false,false,false
GitHub,relation_test_code_smell_ML,C:\Users\ismak\Documents\GitHub\relation_test_code_smell_ML\dataset\projects\guava\guava-tests\test\com\google\common\collect\ConcurrentHashMultisetTest.java,dataset/projects/guava/guava-tests/test/com/google/common/collect/ConcurrentHashMultisetTest.java,ConcurrentHashMultisetTest.java,ContainsBothWithContainsMultisetFirst,27,37,183,30,0,30,true,false,true,true,false,false,false,false,false,false
GitHub,relation_test_code_smell_ML,C:\Users\ismak\Documents\GitHub\relation_test_code_smell_ML\dataset\projects\guava\guava-tests\test\com\google\common\collect\ContiguousSetTest.java,dataset/projects/guava/guava-tests/test/com/google/common/collect/ContiguousSetTest.java,ContiguousSetTest.java,BuiltTests,31,35,142,26,0,26,true,true,true,true,false,false,false,false,false,true
GitHub,relation_test_code_smell_ML,C:\Users\ismak\Documents\GitHub\relation_test_code_smell_ML\dataset\projects\guava\guava-tests\test\com\google\common\collect\CountTest.java,dataset/projects/guava/guava-tests/test/com/google/common/collect/CountTest.java,CountTest.java,CountTest,3,5,13,5,0,5,true,true,false,true,false,false,false,false,false,false
GitHub,relation_test_code_smell_ML,C:\Users\ismak\Documents\GitHub\relation_test_code_smell_ML\dataset\projects\guava\guava-tests\test\com\google\common\collect\DiscreteDomainTest.java,dataset/projects/guava/guava-tests/test/com/google/common/collect/DiscreteDomainTest.java,DiscreteDomainTest.java,MyIntegerDomain,6,13,21,8,0,8,true,false,false,true,false,false,false,false,false,false
GitHub,relation_test_code_smell_ML,C:\Users\ismak\Documents\GitHub\relation_test_code_smell_ML\dataset\projects\guava\guava-tests\test\com\google\common\collect\EmptyImmutableTableTest.java,dataset/projects/guava/guava-tests/test/com/google/common/collect/EmptyImmutableTableTest.java,EmptyImmutableTableTest.java,EmptyImmutableTableTest,5,20,22,19,0,19,true,true,false,false,false,false,false,false,false,false
GitHub,relation_test_code_smell_ML,C:\Users\ismak\Documents\GitHub\relation_test_code_smell_ML\dataset\projects\guava\guava-tests\test\com\google\common\collect\EnumBiMapTest.java,dataset/projects/guava/guava-tests/test/com/google/common/collect/EnumBiMapTest.java,EnumBiMapTest.java,EnumBiMapGenerator,27,19,78,12,0,12,true,false,true,true,false,false,false,false,false,false
GitHub,relation_test_code_smell_ML,C:\Users\ismak\Documents\GitHub\relation_test_code_smell_ML\dataset\projects\guava\guava-tests\test\com\google\common\collect\EnumHashBiMapTest.java,dataset/projects/guava/guava-tests/test/com/google/common/collect/EnumHashBiMapTest.java,EnumHashBiMapTest.java,EnumHashBiMapGenerator,24,15,64,8,0,8,true,false,true,true,false,false,false,false,false,false
GitHub,relation_test_code_smell_ML,C:\Users\ismak\Documents\GitHub\relation_test_code_smell_ML\dataset\projects\guava\guava-tests\test\com\google\common\collect\EnumMultisetTest.java,dataset/projects/guava/guava-tests/test/com/google/common/collect/EnumMultisetTest.java,EnumMultisetTest.java,EnumMultisetFactory,24,14,39,10,0,10,true,false,true,true,false,false,false,false,false,false
GitHub,relation_test_code_smell_ML,C:\Users\ismak\Documents\GitHub\relation_test_code_smell_ML\dataset\projects\guava\guava-tests\test\com\google\common\collect\EvictingQueueTest.java,dataset/projects/guava/guava-tests/test/com/google/common/collect/EvictingQueueTest.java,EvictingQueueTest.java,EvictingQueueTest,12,13,104,11,0,11,true,true,false,true,false,false,false,false,false,false
GitHub,relation_test_code_smell_ML,C:\Users\ismak\Documents\GitHub\relation_test_code_smell_ML\dataset\projects\guava\guava-tests\test\com\google\common\collect\FauxveridesTest.java,dataset/projects/guava/guava-tests/test/com/google/common/collect/FauxveridesTest.java,FauxveridesTest.java,TypeParameterSignature,21,29,46,9,0,9,true,false,false,true,false,false,false,false,false,false
GitHub,relation_test_code_smell_ML,C:\Users\ismak\Documents\GitHub\relation_test_code_smell_ML\dataset\projects\guava\guava-tests\test\com\google\common\collect\FilteredBiMapTest.java,dataset/projects/guava/guava-tests/test/com/google/common/collect/FilteredBiMapTest.java,FilteredBiMapTest.java,FilteredBiMapTest,2,1,1,0,0,0,true,true,false,false,false,false,false,false,false,false
GitHub,relation_test_code_smell_ML,C:\Users\ismak\Documents\GitHub\relation_test_code_smell_ML\dataset\projects\guava\guava-tests\test\com\google\common\collect\FilteredMapTest.java,dataset/projects/guava/guava-tests/test/com/google/common/collect/FilteredMapTest.java,FilteredMapTest.java,FilteredMapTest,4,1,1,0,0,0,true,true,false,false,false,false,false,false,false,false
GitHub,relation_test_code_smell_ML,C:\Users\ismak\Documents\GitHub\relation_test_code_smell_ML\dataset\projects\guava\guava-tests\test\com\google\common\collect\FilteredMultimapTest.java,dataset/projects/guava/guava-tests/test/com/google/common/collect/FilteredMultimapTest.java,FilteredMultimapTest.java,FilteredMultimapTest,9,4,27,3,0,3,true,true,false,true,false,false,false,false,false,true
GitHub,relation_test_code_smell_ML,C:\Users\ismak\Documents\GitHub\relation_test_code_smell_ML\dataset\projects\guava\guava-tests\test\com\google\common\collect\FilteredSortedMapTest.java,dataset/projects/guava/guava-tests/test/com/google/common/collect/FilteredSortedMapTest.java,FilteredSortedMapTest.java,FilteredSortedMapTest,6,3,22,2,0,2,true,true,false,false,false,false,false,false,false,false
GitHub,relation_test_code_smell_ML,C:\Users\ismak\Documents\GitHub\relation_test_code_smell_ML\dataset\projects\guava\guava-tests\test\com\google\common\collect\FluentIterableTest.java,dataset/projects/guava/guava-tests/test/com/google/common/collect/FluentIterableTest.java,FluentIterableTest.java,RepeatedStringValueOfWildcardFunction,37,122,287,105,0,105,true,false,false,true,false,false,false,false,false,false
GitHub,relation_test_code_smell_ML,C:\Users\ismak\Documents\GitHub\relation_test_code_smell_ML\dataset\projects\guava\guava-tests\test\com\google\common\collect\ForMapMultimapAsMapImplementsMapTest.java,dataset/projects/guava/guava-tests/test/com/google/common/collect/ForMapMultimapAsMapImplementsMapTest.java,ForMapMultimapAsMapImplementsMapTest.java,ForMapMultimapAsMapImplementsMapTest,6,8,13,6,0,6,true,true,false,false,false,false,false,false,false,false
GitHub,relation_test_code_smell_ML,C:\Users\ismak\Documents\GitHub\relation_test_code_smell_ML\dataset\projects\guava\guava-tests\test\com\google\common\collect\ForwardingCollectionTest.java,dataset/projects/guava/guava-tests/test/com/google/common/collect/ForwardingCollectionTest.java,ForwardingCollectionTest.java,StandardImplForwardingCollection,14,18,22,1,0,1,true,false,true,true,false,false,false,false,false,false
GitHub,relation_test_code_smell_ML,C:\Users\ismak\Documents\GitHub\relation_test_code_smell_ML\dataset\projects\guava\guava-tests\test\com\google\common\collect\ForwardingConcurrentMapTest.java,dataset/projects/guava/guava-tests/test/com/google/common/collect/ForwardingConcurrentMapTest.java,ForwardingConcurrentMapTest.java,TestMap,5,5,28,4,0,4,true,true,false,true,false,false,false,false,false,false
GitHub,relation_test_code_smell_ML,C:\Users\ismak\Documents\GitHub\relation_test_code_smell_ML\dataset\projects\guava\guava-tests\test\com\google\common\collect\ForwardingDequeTest.java,dataset/projects/guava/guava-tests/test/com/google/common/collect/ForwardingDequeTest.java,ForwardingDequeTest.java,ForwardingDequeTest,5,4,4,1,0,1,true,true,false,true,false,false,false,false,false,false
GitHub,relation_test_code_smell_ML,C:\Users\ismak\Documents\GitHub\relation_test_code_smell_ML\dataset\projects\guava\guava-tests\test\com\google\common\collect\ForwardingListIteratorTest.java,dataset/projects/guava/guava-tests/test/com/google/common/collect/ForwardingListIteratorTest.java,ForwardingListIteratorTest.java,ForwardingListIteratorTest,5,4,4,1,0,1,true,true,false,true,false,false,false,false,false,false
GitHub,relation_test_code_smell_ML,C:\Users\ismak\Documents\GitHub\relation_test_code_smell_ML\dataset\projects\guava\guava-tests\test\com\google\common\collect\ForwardingListMultimapTest.java,dataset/projects/guava/guava-tests/test/com/google/common/collect/ForwardingListMultimapTest.java,ForwardingListMultimapTest.java,ForwardingListMultimapTest,5,5,7,2,0,2,true,true,false,true,false,false,false,false,false,false
GitHub,relation_test_code_smell_ML,C:\Users\ismak\Documents\GitHub\relation_test_code_smell_ML\dataset\projects\guava\guava-tests\test\com\google\common\collect\ForwardingListTest.java,dataset/projects/guava/guava-tests/test/com/google/common/collect/ForwardingListTest.java,ForwardingListTest.java,StandardImplForwardingList,18,29,35,2,0,2,true,false,true,true,false,false,false,false,false,false
GitHub,relation_test_code_smell_ML,C:\Users\ismak\Documents\GitHub\relation_test_code_smell_ML\dataset\projects\guava\guava-tests\test\com\google\common\collect\ForwardingMapTest.java,dataset/projects/guava/guava-tests/test/com/google/common/collect/ForwardingMapTest.java,ForwardingMapTest.java,StandardImplForwardingMap,37,37,88,7,0,7,true,false,true,true,false,false,false,false,false,true
GitHub,relation_test_code_smell_ML,C:\Users\ismak\Documents\GitHub\relation_test_code_smell_ML\dataset\projects\guava\guava-tests\test\com\google\common\collect\ForwardingMultimapTest.java,dataset/projects/guava/guava-tests/test/com/google/common/collect/ForwardingMultimapTest.java,ForwardingMultimapTest.java,ForwardingMultimapTest,5,5,7,2,0,2,true,true,false,true,false,false,false,false,false,false
GitHub,relation_test_code_smell_ML,C:\Users\ismak\Documents\GitHub\relation_test_code_smell_ML\dataset\projects\guava\guava-tests\test\com\google\common\collect\ForwardingMultisetTest.java,dataset/projects/guava/guava-tests/test/com/google/common/collect/ForwardingMultisetTest.java,ForwardingMultisetTest.java,StandardImplForwardingMultiset,19,54,63,2,0,2,true,false,true,true,false,false,false,false,false,false
GitHub,relation_test_code_smell_ML,C:\Users\ismak\Documents\GitHub\relation_test_code_smell_ML\dataset\projects\guava\guava-tests\test\com\google\common\collect\ForwardingNavigableMapTest.java,dataset/projects/guava/guava-tests/test/com/google/common/collect/ForwardingNavigableMapTest.java,ForwardingNavigableMapTest.java,StandardLastEntryForwardingNavigableMap,25,43,59,3,0,3,true,false,true,true,false,false,false,false,false,true
GitHub,relation_test_code_smell_ML,C:\Users\ismak\Documents\GitHub\relation_test_code_smell_ML\dataset\projects\guava\guava-tests\test\com\google\common\collect\ForwardingNavigableSetTest.java,dataset/projects/guava/guava-tests/test/com/google/common/collect/ForwardingNavigableSetTest.java,ForwardingNavigableSetTest.java,StandardImplForwardingNavigableSet,22,32,40,2,0,2,true,false,true,true,false,false,false,false,false,false
GitHub,relation_test_code_smell_ML,C:\Users\ismak\Documents\GitHub\relation_test_code_smell_ML\dataset\projects\guava\guava-tests\test\com\google\common\collect\ForwardingObjectTest.java,dataset/projects/guava/guava-tests/test/com/google/common/collect/ForwardingObjectTest.java,ForwardingObjectTest.java,ForwardingObjectTest,5,4,8,2,0,2,true,true,false,true,false,false,false,false,false,false
GitHub,relation_test_code_smell_ML,C:\Users\ismak\Documents\GitHub\relation_test_code_smell_ML\dataset\projects\guava\guava-tests\test\com\google\common\collect\ForwardingQueueTest.java,dataset/projects/guava/guava-tests/test/com/google/common/collect/ForwardingQueueTest.java,ForwardingQueueTest.java,StandardImplForwardingQueue,15,20,23,1,0,1,true,false,true,true,false,false,false,false,false,false
GitHub,relation_test_code_smell_ML,C:\Users\ismak\Documents\GitHub\relation_test_code_smell_ML\dataset\projects\guava\guava-tests\test\com\google\common\collect\ForwardingSetMultimapTest.java,dataset/projects/guava/guava-tests/test/com/google/common/collect/ForwardingSetMultimapTest.java,ForwardingSetMultimapTest.java,ForwardingSetMultimapTest,5,5,7,2,0,2,true,true,false,true,false,false,false,false,false,false
GitHub,relation_test_code_smell_ML,C:\Users\ismak\Documents\GitHub\relation_test_code_smell_ML\dataset\projects\guava\guava-tests\test\com\google\common\collect\ForwardingSetTest.java,dataset/projects/guava/guava-tests/test/com/google/common/collect/ForwardingSetTest.java,ForwardingSetTest.java,StandardImplForwardingSet,17,21,27,2,0,2,true,false,true,true,false,false,false,false,false,false
GitHub,relation_test_code_smell_ML,C:\Users\ismak\Documents\GitHub\relation_test_code_smell_ML\dataset\projects\guava\guava-tests\test\com\google\common\collect\ForwardingSortedMapImplementsMapTest.java,dataset/projects/guava/guava-tests/test/com/google/common/collect/ForwardingSortedMapImplementsMapTest.java,ForwardingSortedMapImplementsMapTest.java,SimpleForwardingSortedMap,7,13,17,8,0,8,true,false,false,false,false,false,false,false,false,false
GitHub,relation_test_code_smell_ML,C:\Users\ismak\Documents\GitHub\relation_test_code_smell_ML\dataset\projects\guava\guava-tests\test\com\google\common\collect\ForwardingSortedMapTest.java,dataset/projects/guava/guava-tests/test/com/google/common/collect/ForwardingSortedMapTest.java,ForwardingSortedMapTest.java,StandardImplForwardingSortedMap,22,24,37,2,0,2,true,false,true,true,false,false,false,false,false,false
GitHub,relation_test_code_smell_ML,C:\Users\ismak\Documents\GitHub\relation_test_code_smell_ML\dataset\projects\guava\guava-tests\test\com\google\common\collect\ForwardingSortedMultisetTest.java,dataset/projects/guava/guava-tests/test/com/google/common/collect/ForwardingSortedMultisetTest.java,ForwardingSortedMultisetTest.java,StandardImplForwardingSortedMultiset,18,33,38,2,0,2,true,false,true,true,false,false,false,false,false,false
GitHub,relation_test_code_smell_ML,C:\Users\ismak\Documents\GitHub\relation_test_code_smell_ML\dataset\projects\guava\guava-tests\test\com\google\common\collect\ForwardingSortedSetMultimapTest.java,dataset/projects/guava/guava-tests/test/com/google/common/collect/ForwardingSortedSetMultimapTest.java,ForwardingSortedSetMultimapTest.java,ForwardingSortedSetMultimapTest,5,5,7,2,0,2,true,true,false,true,false,false,false,false,false,false
GitHub,relation_test_code_smell_ML,C:\Users\ismak\Documents\GitHub\relation_test_code_smell_ML\dataset\projects\guava\guava-tests\test\com\google\common\collect\ForwardingSortedSetTest.java,dataset/projects/guava/guava-tests/test/com/google/common/collect/ForwardingSortedSetTest.java,ForwardingSortedSetTest.java,StandardImplForwardingSortedSet,19,22,27,2,0,2,true,false,true,true,false,false,false,false,false,false
GitHub,relation_test_code_smell_ML,C:\Users\ismak\Documents\GitHub\relation_test_code_smell_ML\dataset\projects\guava\guava-tests\test\com\google\common\collect\ForwardingTableTest.java,dataset/projects/guava/guava-tests/test/com/google/common/collect/ForwardingTableTest.java,ForwardingTableTest.java,ForwardingTableTest,5,5,7,2,0,2,true,true,false,true,false,false,false,false,false,false
GitHub,relation_test_code_smell_ML,C:\Users\ismak\Documents\GitHub\relation_test_code_smell_ML\dataset\projects\guava\guava-tests\test\com\google\common\collect\GeneralRangeTest.java,dataset/projects/guava/guava-tests/test/com/google/common/collect/GeneralRangeTest.java,GeneralRangeTest.java,GeneralRangeTest,14,19,32,19,0,19,true,true,false,true,false,false,false,false,false,false
GitHub,relation_test_code_smell_ML,C:\Users\ismak\Documents\GitHub\relation_test_code_smell_ML\dataset\projects\guava\guava-tests\test\com\google\common\collect\HashBasedTableColumnMapTest.java,dataset/projects/guava/guava-tests/test/com/google/common/collect/HashBasedTableColumnMapTest.java,HashBasedTableColumnMapTest.java,HashBasedTableColumnMapTest,3,1,1,0,0,0,true,true,false,false,false,false,false,false,false,false
GitHub,relation_test_code_smell_ML,C:\Users\ismak\Documents\GitHub\relation_test_code_smell_ML\dataset\projects\guava\guava-tests\test\com\google\common\collect\HashBasedTableColumnTest.java,dataset/projects/guava/guava-tests/test/com/google/common/collect/HashBasedTableColumnTest.java,HashBasedTableColumnTest.java,HashBasedTableColumnTest,3,1,1,0,0,0,true,true,false,false,false,false,false,false,false,false
GitHub,relation_test_code_smell_ML,C:\Users\ismak\Documents\GitHub\relation_test_code_smell_ML\dataset\projects\guava\guava-tests\test\com\google\common\collect\HashBasedTableRowMapTest.java,dataset/projects/guava/guava-tests/test/com/google/common/collect/HashBasedTableRowMapTest.java,HashBasedTableRowMapTest.java,HashBasedTableRowMapTest,3,1,1,0,0,0,true,true,false,false,false,false,false,false,false,false
GitHub,relation_test_code_smell_ML,C:\Users\ismak\Documents\GitHub\relation_test_code_smell_ML\dataset\projects\guava\guava-tests\test\com\google\common\collect\HashBasedTableRowTest.java,dataset/projects/guava/guava-tests/test/com/google/common/collect/HashBasedTableRowTest.java,HashBasedTableRowTest.java,HashBasedTableRowTest,3,1,1,0,0,0,true,true,false,false,false,false,false,false,false,false
GitHub,relation_test_code_smell_ML,C:\Users\ismak\Documents\GitHub\relation_test_code_smell_ML\dataset\projects\guava\guava-tests\test\com\google\common\collect\HashBasedTableTest.java,dataset/projects/guava/guava-tests/test/com/google/common/collect/HashBasedTableTest.java,HashBasedTableTest.java,HashBasedTableTest,9,7,32,6,0,6,true,true,false,false,false,false,false,false,false,false
GitHub,relation_test_code_smell_ML,C:\Users\ismak\Documents\GitHub\relation_test_code_smell_ML\dataset\projects\guava\guava-tests\test\com\google\common\collect\HashBiMapTest.java,dataset/projects/guava/guava-tests/test/com/google/common/collect/HashBiMapTest.java,HashBiMapTest.java,HashBiMapGenerator,18,15,93,13,0,13,true,false,true,true,false,false,false,false,false,false
GitHub,relation_test_code_smell_ML,C:\Users\ismak\Documents\GitHub\relation_test_code_smell_ML\dataset\projects\guava\guava-tests\test\com\google\common\collect\HashingTest.java,dataset/projects/guava/guava-tests/test/com/google/common/collect/HashingTest.java,HashingTest.java,HashingTest,4,1,105,1,0,1,true,true,false,true,false,false,false,false,false,false
GitHub,relation_test_code_smell_ML,C:\Users\ismak\Documents\GitHub\relation_test_code_smell_ML\dataset\projects\guava\guava-tests\test\com\google\common\collect\HashMultimapTest.java,dataset/projects/guava/guava-tests/test/com/google/common/collect/HashMultimapTest.java,HashMultimapTest.java,HashMultimapTest,14,7,32,5,0,5,true,true,true,true,false,false,false,false,false,false
GitHub,relation_test_code_smell_ML,C:\Users\ismak\Documents\GitHub\relation_test_code_smell_ML\dataset\projects\guava\guava-tests\test\com\google\common\collect\HashMultisetTest.java,dataset/projects/guava/guava-tests/test/com/google/common/collect/HashMultisetTest.java,HashMultisetTest.java,MultisetHolder,16,8,30,5,0,5,true,false,true,true,false,false,false,false,false,false
GitHub,relation_test_code_smell_ML,C:\Users\ismak\Documents\GitHub\relation_test_code_smell_ML\dataset\projects\guava\guava-tests\test\com\google\common\collect\ImmutableBiMapFloodingTest.java,dataset/projects/guava/guava-tests/test/com/google/common/collect/ImmutableBiMapFloodingTest.java,ImmutableBiMapFloodingTest.java,ImmutableBiMapFloodingTest,13,7,14,0,0,0,true,true,false,false,false,false,false,false,false,false
GitHub,relation_test_code_smell_ML,C:\Users\ismak\Documents\GitHub\relation_test_code_smell_ML\dataset\projects\guava\guava-tests\test\com\google\common\collect\ImmutableBiMapInverseMapInterfaceTest.java,dataset/projects/guava/guava-tests/test/com/google/common/collect/ImmutableBiMapInverseMapInterfaceTest.java,ImmutableBiMapInverseMapInterfaceTest.java,ImmutableBiMapInverseMapInterfaceTest,3,4,4,0,0,0,true,true,false,false,false,false,false,false,false,false
GitHub,relation_test_code_smell_ML,C:\Users\ismak\Documents\GitHub\relation_test_code_smell_ML\dataset\projects\guava\guava-tests\test\com\google\common\collect\ImmutableBiMapMapInterfaceTest.java,dataset/projects/guava/guava-tests/test/com/google/common/collect/ImmutableBiMapMapInterfaceTest.java,ImmutableBiMapMapInterfaceTest.java,ImmutableBiMapMapInterfaceTest,3,4,4,0,0,0,true,true,false,false,false,false,false,false,false,false
GitHub,relation_test_code_smell_ML,C:\Users\ismak\Documents\GitHub\relation_test_code_smell_ML\dataset\projects\guava\guava-tests\test\com\google\common\collect\ImmutableBiMapTest.java,dataset/projects/guava/guava-tests/test/com/google/common/collect/ImmutableBiMapTest.java,ImmutableBiMapTest.java,ImmutableBiMapTest,37,43,156,39,0,39,true,true,true,true,false,false,false,false,false,true
GitHub,relation_test_code_smell_ML,C:\Users\ismak\Documents\GitHub\relation_test_code_smell_ML\dataset\projects\guava\guava-tests\test\com\google\common\collect\ImmutableClassToInstanceMapTest.java,dataset/projects/guava/guava-tests/test/com/google/common/collect/ImmutableClassToInstanceMapTest.java,ImmutableClassToInstanceMapTest.java,ImmutableClassToInstanceMapTest,18,11,44,9,0,9,true,true,true,true,false,false,false,false,false,false
GitHub,relation_test_code_smell_ML,C:\Users\ismak\Documents\GitHub\relation_test_code_smell_ML\dataset\projects\guava\guava-tests\test\com\google\common\collect\ImmutableCollectionTest.java,dataset/projects/guava/guava-tests/test/com/google/common/collect/ImmutableCollectionTest.java,ImmutableCollectionTest.java,ImmutableCollectionTest,2,1,7,1,0,1,true,true,false,true,false,false,false,false,false,false
GitHub,relation_test_code_smell_ML,C:\Users\ismak\Documents\GitHub\relation_test_code_smell_ML\dataset\projects\guava\guava-tests\test\com\google\common\collect\ImmutableEnumMapTest.java,dataset/projects/guava/guava-tests/test/com/google/common/collect/ImmutableEnumMapTest.java,ImmutableEnumMapTest.java,ImmutableEnumMapGenerator,30,11,30,8,0,8,true,false,true,true,false,false,false,false,false,false
GitHub,relation_test_code_smell_ML,C:\Users\ismak\Documents\GitHub\relation_test_code_smell_ML\dataset\projects\guava\guava-tests\test\com\google\common\collect\ImmutableListCopyOfConcurrentlyModifiedInputTest.java,dataset/projects/guava/guava-tests/test/com/google/common/collect/ImmutableListCopyOfConcurrentlyModifiedInputTest.java,ImmutableListCopyOfConcurrentlyModifiedInputTest.java,ConcurrentlyMutatedList,16,19,33,2,0,2,true,false,false,true,false,false,false,false,false,true
GitHub,relation_test_code_smell_ML,C:\Users\ismak\Documents\GitHub\relation_test_code_smell_ML\dataset\projects\guava\guava-tests\test\com\google\common\collect\ImmutableListMultimapTest.java,dataset/projects/guava/guava-tests/test/com/google/common/collect/ImmutableListMultimapTest.java,ImmutableListMultimapTest.java,StringHolder,37,49,274,41,0,41,true,false,true,true,false,false,false,false,false,false
GitHub,relation_test_code_smell_ML,C:\Users\ismak\Documents\GitHub\relation_test_code_smell_ML\dataset\projects\guava\guava-tests\test\com\google\common\collect\ImmutableListTest.java,dataset/projects/guava/guava-tests/test/com/google/common/collect/ImmutableListTest.java,ImmutableListTest.java,CountingIterable,41,67,205,65,0,65,true,false,true,true,false,false,false,false,false,false
GitHub,relation_test_code_smell_ML,C:\Users\ismak\Documents\GitHub\relation_test_code_smell_ML\dataset\projects\guava\guava-tests\test\com\google\common\collect\ImmutableMapFloodingTest.java,dataset/projects/guava/guava-tests/test/com/google/common/collect/ImmutableMapFloodingTest.java,ImmutableMapFloodingTest.java,ImmutableMapFloodingTest,9,7,17,0,0,0,true,true,false,false,false,false,false,false,false,false
GitHub,relation_test_code_smell_ML,C:\Users\ismak\Documents\GitHub\relation_test_code_smell_ML\dataset\projects\guava\guava-tests\test\com\google\common\collect\ImmutableMapTest.java,dataset/projects/guava/guava-tests/test/com/google/common/collect/ImmutableMapTest.java,ImmutableMapTest.java,NonSerializableClass,57,77,296,59,0,59,true,false,true,true,false,false,false,false,false,true
GitHub,relation_test_code_smell_ML,C:\Users\ismak\Documents\GitHub\relation_test_code_smell_ML\dataset\projects\guava\guava-tests\test\com\google\common\collect\ImmutableMapWithBadHashesMapInterfaceTest.java,dataset/projects/guava/guava-tests/test/com/google/common/collect/ImmutableMapWithBadHashesMapInterfaceTest.java,ImmutableMapWithBadHashesMapInterfaceTest.java,ImmutableMapWithBadHashesMapInterfaceTest,4,4,5,0,0,0,true,true,false,false,false,false,false,false,false,false
GitHub,relation_test_code_smell_ML,C:\Users\ismak\Documents\GitHub\relation_test_code_smell_ML\dataset\projects\guava\guava-tests\test\com\google\common\collect\ImmutableMultimapAsMapImplementsMapTest.java,dataset/projects/guava/guava-tests/test/com/google/common/collect/ImmutableMultimapAsMapImplementsMapTest.java,ImmutableMultimapAsMapImplementsMapTest.java,ImmutableMultimapAsMapImplementsMapTest,5,2,4,0,0,0,true,true,false,false,false,false,false,false,false,false
GitHub,relation_test_code_smell_ML,C:\Users\ismak\Documents\GitHub\relation_test_code_smell_ML\dataset\projects\guava\guava-tests\test\com\google\common\collect\ImmutableMultimapTest.java,dataset/projects/guava/guava-tests/test/com/google/common/collect/ImmutableMultimapTest.java,ImmutableMultimapTest.java,StringHolder,18,16,50,14,0,14,true,false,false,true,false,false,false,false,false,true
GitHub,relation_test_code_smell_ML,C:\Users\ismak\Documents\GitHub\relation_test_code_smell_ML\dataset\projects\guava\guava-tests\test\com\google\common\collect\ImmutableMultisetFloodingTest.java,dataset/projects/guava/guava-tests/test/com/google/common/collect/ImmutableMultisetFloodingTest.java,ImmutableMultisetFloodingTest.java,ImmutableMultisetFloodingTest,6,5,8,0,0,0,true,true,false,false,false,false,false,false,false,false
GitHub,relation_test_code_smell_ML,C:\Users\ismak\Documents\GitHub\relation_test_code_smell_ML\dataset\projects\guava\guava-tests\test\com\google\common\collect\ImmutableMultisetTest.java,dataset/projects/guava/guava-tests/test/com/google/common/collect/ImmutableMultisetTest.java,ImmutableMultisetTest.java,CountingIterable,39,70,191,59,0,59,true,false,true,true,false,false,false,false,false,true
GitHub,relation_test_code_smell_ML,C:\Users\ismak\Documents\GitHub\relation_test_code_smell_ML\dataset\projects\guava\guava-tests\test\com\google\common\collect\ImmutableRangeMapTest.java,dataset/projects/guava/guava-tests/test/com/google/common/collect/ImmutableRangeMapTest.java,ImmutableRangeMapTest.java,ImmutableRangeMapTest,10,12,24,12,0,12,true,true,false,true,false,false,false,false,false,false
GitHub,relation_test_code_smell_ML,C:\Users\ismak\Documents\GitHub\relation_test_code_smell_ML\dataset\projects\guava\guava-tests\test\com\google\common\collect\ImmutableRangeSetTest.java,dataset/projects/guava/guava-tests/test/com/google/common/collect/ImmutableRangeSetTest.java,ImmutableRangeSetTest.java,ImmutableRangeSetBigIntegerAsSetGenerator,17,31,164,22,0,22,true,false,true,false,false,false,false,false,false,false
GitHub,relation_test_code_smell_ML,C:\Users\ismak\Documents\GitHub\relation_test_code_smell_ML\dataset\projects\guava\guava-tests\test\com\google\common\collect\ImmutableSetFloodingTest.java,dataset/projects/guava/guava-tests/test/com/google/common/collect/ImmutableSetFloodingTest.java,ImmutableSetFloodingTest.java,ImmutableSetFloodingTest,6,6,19,0,0,0,true,true,false,false,false,false,false,false,false,false
GitHub,relation_test_code_smell_ML,C:\Users\ismak\Documents\GitHub\relation_test_code_smell_ML\dataset\projects\guava\guava-tests\test\com\google\common\collect\ImmutableSetMultimapAsMapImplementsMapTest.java,dataset/projects/guava/guava-tests/test/com/google/common/collect/ImmutableSetMultimapAsMapImplementsMapTest.java,ImmutableSetMultimapAsMapImplementsMapTest.java,ImmutableSetMultimapAsMapImplementsMapTest,5,2,4,0,0,0,true,true,false,false,false,false,false,false,false,false
GitHub,relation_test_code_smell_ML,C:\Users\ismak\Documents\GitHub\relation_test_code_smell_ML\dataset\projects\guava\guava-tests\test\com\google\common\collect\ImmutableSetMultimapTest.java,dataset/projects/guava/guava-tests/test/com/google/common/collect/ImmutableSetMultimapTest.java,ImmutableSetMultimapTest.java,StringHolder,35,55,301,45,0,45,true,false,true,true,false,false,false,false,false,false
GitHub,relation_test_code_smell_ML,C:\Users\ismak\Documents\GitHub\relation_test_code_smell_ML\dataset\projects\guava\guava-tests\test\com\google\common\collect\ImmutableSetTest.java,dataset/projects/guava/guava-tests/test/com/google/common/collect/ImmutableSetTest.java,ImmutableSetTest.java,TypeWithDuplicates,35,30,80,11,0,11,true,false,true,false,false,false,false,false,false,false
GitHub,relation_test_code_smell_ML,C:\Users\ismak\Documents\GitHub\relation_test_code_smell_ML\dataset\projects\guava\guava-tests\test\com\google\common\collect\ImmutableSortedMapHeadMapInclusiveMapInterfaceTest.java,dataset/projects/guava/guava-tests/test/com/google/common/collect/ImmutableSortedMapHeadMapInclusiveMapInterfaceTest.java,ImmutableSortedMapHeadMapInclusiveMapInterfaceTest.java,ImmutableSortedMapHeadMapInclusiveMapInterfaceTest,3,3,3,0,0,0,true,true,false,false,false,false,false,false,false,false
GitHub,relation_test_code_smell_ML,C:\Users\ismak\Documents\GitHub\relation_test_code_smell_ML\dataset\projects\guava\guava-tests\test\com\google\common\collect\ImmutableSortedMapHeadMapMapInterfaceTest.java,dataset/projects/guava/guava-tests/test/com/google/common/collect/ImmutableSortedMapHeadMapMapInterfaceTest.java,ImmutableSortedMapHeadMapMapInterfaceTest.java,ImmutableSortedMapHeadMapMapInterfaceTest,3,3,3,0,0,0,true,true,false,false,false,false,false,false,false,false
GitHub,relation_test_code_smell_ML,C:\Users\ismak\Documents\GitHub\relation_test_code_smell_ML\dataset\projects\guava\guava-tests\test\com\google\common\collect\ImmutableSortedMapSubMapMapInterfaceTest.java,dataset/projects/guava/guava-tests/test/com/google/common/collect/ImmutableSortedMapSubMapMapInterfaceTest.java,ImmutableSortedMapSubMapMapInterfaceTest.java,ImmutableSortedMapSubMapMapInterfaceTest,3,3,3,0,0,0,true,true,false,false,false,false,false,false,false,false
GitHub,relation_test_code_smell_ML,C:\Users\ismak\Documents\GitHub\relation_test_code_smell_ML\dataset\projects\guava\guava-tests\test\com\google\common\collect\ImmutableSortedMapTailMapExclusiveMapInterfaceTest.java,dataset/projects/guava/guava-tests/test/com/google/common/collect/ImmutableSortedMapTailMapExclusiveMapInterfaceTest.java,ImmutableSortedMapTailMapExclusiveMapInterfaceTest.java,ImmutableSortedMapTailMapExclusiveMapInterfaceTest,3,3,3,0,0,0,true,true,false,false,false,false,false,false,false,false
GitHub,relation_test_code_smell_ML,C:\Users\ismak\Documents\GitHub\relation_test_code_smell_ML\dataset\projects\guava\guava-tests\test\com\google\common\collect\ImmutableSortedMapTailMapMapInterfaceTest.java,dataset/projects/guava/guava-tests/test/com/google/common/collect/ImmutableSortedMapTailMapMapInterfaceTest.java,ImmutableSortedMapTailMapMapInterfaceTest.java,ImmutableSortedMapTailMapMapInterfaceTest,3,3,3,0,0,0,true,true,false,false,false,false,false,false,false,false
GitHub,relation_test_code_smell_ML,C:\Users\ismak\Documents\GitHub\relation_test_code_smell_ML\dataset\projects\guava\guava-tests\test\com\google\common\collect\ImmutableSortedMapTest.java,dataset/projects/guava/guava-tests/test/com/google/common/collect/ImmutableSortedMapTest.java,ImmutableSortedMapTest.java,SuperComparableExample,44,61,205,52,0,52,true,false,true,true,false,false,false,false,false,true
GitHub,relation_test_code_smell_ML,C:\Users\ismak\Documents\GitHub\relation_test_code_smell_ML\dataset\projects\guava\guava-tests\test\com\google\common\collect\ImmutableSortedMultisetTest.java,dataset/projects/guava/guava-tests/test/com/google/common/collect/ImmutableSortedMultisetTest.java,ImmutableSortedMultisetTest.java,IntegerDiv10,35,69,179,55,0,55,true,false,true,true,false,false,false,false,false,false
GitHub,relation_test_code_smell_ML,C:\Users\ismak\Documents\GitHub\relation_test_code_smell_ML\dataset\projects\guava\guava-tests\test\com\google\common\collect\ImmutableSortedSetTest.java,dataset/projects/guava/guava-tests/test/com/google/common/collect/ImmutableSortedSetTest.java,ImmutableSortedSetTest.java,SuperComparableExample,48,125,407,102,0,102,true,false,true,false,false,false,false,false,false,true
GitHub,relation_test_code_smell_ML,C:\Users\ismak\Documents\GitHub\relation_test_code_smell_ML\dataset\projects\guava\guava-tests\test\com\google\common\collect\ImmutableTableTest.java,dataset/projects/guava/guava-tests/test/com/google/common/collect/ImmutableTableTest.java,ImmutableTableTest.java,StringHolder,13,36,259,29,0,29,true,false,false,false,false,false,false,false,false,false
GitHub,relation_test_code_smell_ML,C:\Users\ismak\Documents\GitHub\relation_test_code_smell_ML\dataset\projects\guava\guava-tests\test\com\google\common\collect\InternersTest.java,dataset/projects/guava/guava-tests/test/com/google/common/collect/InternersTest.java,InternersTest.java,InternersTest,10,11,41,11,0,11,true,true,false,true,false,false,false,false,false,false
GitHub,relation_test_code_smell_ML,C:\Users\ismak\Documents\GitHub\relation_test_code_smell_ML\dataset\projects\guava\guava-tests\test\com\google\common\collect\IterablesFilterArrayListTest.java,dataset/projects/guava/guava-tests/test/com/google/common/collect/IterablesFilterArrayListTest.java,IterablesFilterArrayListTest.java,IterablesFilterArrayListTest,4,2,2,0,0,0,true,true,false,false,false,false,false,false,false,false
GitHub,relation_test_code_smell_ML,C:\Users\ismak\Documents\GitHub\relation_test_code_smell_ML\dataset\projects\guava\guava-tests\test\com\google\common\collect\IterablesTest.java,dataset/projects/guava/guava-tests/test/com/google/common/collect/IterablesTest.java,IterablesTest.java,UnIterableQueue,57,164,539,133,0,133,true,false,false,true,false,false,false,false,false,true
GitHub,relation_test_code_smell_ML,C:\Users\ismak\Documents\GitHub\relation_test_code_smell_ML\dataset\projects\guava\guava-tests\test\com\google\common\collect\IteratorsTest.java,dataset/projects/guava/guava-tests/test/com/google/common/collect/IteratorsTest.java,IteratorsTest.java,TestDatum,67,184,690,146,0,146,true,true,true,true,false,false,false,false,false,true
GitHub,relation_test_code_smell_ML,C:\Users\ismak\Documents\GitHub\relation_test_code_smell_ML\dataset\projects\guava\guava-tests\test\com\google\common\collect\LinkedHashMultimapTest.java,dataset/projects/guava/guava-tests/test/com/google/common/collect/LinkedHashMultimapTest.java,LinkedHashMultimapTest.java,LinkedHashMultimapTest,34,40,183,24,0,24,true,true,true,true,false,false,false,false,false,false
GitHub,relation_test_code_smell_ML,C:\Users\ismak\Documents\GitHub\relation_test_code_smell_ML\dataset\projects\guava\guava-tests\test\com\google\common\collect\LinkedHashMultisetTest.java,dataset/projects/guava/guava-tests/test/com/google/common/collect/LinkedHashMultisetTest.java,LinkedHashMultisetTest.java,LinkedHashMultisetTest,16,9,42,5,0,5,true,true,true,true,false,false,false,false,false,false
GitHub,relation_test_code_smell_ML,C:\Users\ismak\Documents\GitHub\relation_test_code_smell_ML\dataset\projects\guava\guava-tests\test\com\google\common\collect\LinkedListMultimapTest.java,dataset/projects/guava/guava-tests/test/com/google/common/collect/LinkedListMultimapTest.java,LinkedListMultimapTest.java,LinkedListMultimapTest,36,38,221,25,0,25,true,true,true,true,false,false,false,false,false,false
GitHub,relation_test_code_smell_ML,C:\Users\ismak\Documents\GitHub\relation_test_code_smell_ML\dataset\projects\guava\guava-tests\test\com\google\common\collect\ListsImplTest.java,dataset/projects/guava/guava-tests/test/com/google/common/collect/ListsImplTest.java,ListsImplTest.java,CopyOnWriteListExample,24,23,70,7,0,7,true,false,true,true,false,false,false,false,false,true
GitHub,relation_test_code_smell_ML,C:\Users\ismak\Documents\GitHub\relation_test_code_smell_ML\dataset\projects\guava\guava-tests\test\com\google\common\collect\ListsTest.java,dataset/projects/guava/guava-tests/test/com/google/common/collect/ListsTest.java,ListsTest.java,ListIterationOnlyList,49,90,351,60,0,60,true,false,true,true,false,false,false,false,false,true
GitHub,relation_test_code_smell_ML,C:\Users\ismak\Documents\GitHub\relation_test_code_smell_ML\dataset\projects\guava\guava-tests\test\com\google\common\collect\MapMakerInternalMapTest.java,dataset/projects/guava/guava-tests/test/com/google/common/collect/MapMakerInternalMapTest.java,MapMakerInternalMapTest.java,MapMakerInternalMapTest,13,37,398,27,0,27,true,true,false,true,false,false,false,false,false,true
GitHub,relation_test_code_smell_ML,C:\Users\ismak\Documents\GitHub\relation_test_code_smell_ML\dataset\projects\guava\guava-tests\test\com\google\common\collect\MapMakerTest.java,dataset/projects/guava/guava-tests/test/com/google/common/collect/MapMakerTest.java,MapMakerTest.java,DelayingIdentityLoader,13,5,10,3,0,3,true,false,false,true,false,false,false,false,false,true
GitHub,relation_test_code_smell_ML,C:\Users\ismak\Documents\GitHub\relation_test_code_smell_ML\dataset\projects\guava\guava-tests\test\com\google\common\collect\MapsCollectionTest.java,dataset/projects/guava/guava-tests/test/com/google/common/collect/MapsCollectionTest.java,MapsCollectionTest.java,NonNavigableSortedMap,49,66,176,0,0,0,true,false,true,true,false,false,false,false,false,false
GitHub,relation_test_code_smell_ML,C:\Users\ismak\Documents\GitHub\relation_test_code_smell_ML\dataset\projects\guava\guava-tests\test\com\google\common\collect\MapsSortedTransformValuesTest.java,dataset/projects/guava/guava-tests/test/com/google/common/collect/MapsSortedTransformValuesTest.java,MapsSortedTransformValuesTest.java,MapsSortedTransformValuesTest,7,2,6,0,0,0,true,true,false,false,false,false,false,false,false,false
GitHub,relation_test_code_smell_ML,C:\Users\ismak\Documents\GitHub\relation_test_code_smell_ML\dataset\projects\guava\guava-tests\test\com\google\common\collect\MapsTest.java,dataset/projects/guava/guava-tests/test/com/google/common/collect/MapsTest.java,MapsTest.java,NonNavigableSortedSet,58,107,681,92,0,92,true,false,false,true,false,false,false,false,false,false
GitHub,relation_test_code_smell_ML,C:\Users\ismak\Documents\GitHub\relation_test_code_smell_ML\dataset\projects\guava\guava-tests\test\com\google\common\collect\MapsTransformValuesTest.java,dataset/projects/guava/guava-tests/test/com/google/common/collect/MapsTransformValuesTest.java,MapsTransformValuesTest.java,MapsTransformValuesTest,7,2,6,0,0,0,true,true,false,false,false,false,false,false,false,false
GitHub,relation_test_code_smell_ML,C:\Users\ismak\Documents\GitHub\relation_test_code_smell_ML\dataset\projects\guava\guava-tests\test\com\google\common\collect\MapsTransformValuesUnmodifiableIteratorTest.java,dataset/projects/guava/guava-tests/test/com/google/common/collect/MapsTransformValuesUnmodifiableIteratorTest.java,MapsTransformValuesUnmodifiableIteratorTest.java,UnmodifiableIteratorMap,19,35,138,12,0,12,true,false,false,false,false,false,false,false,false,true
GitHub,relation_test_code_smell_ML,C:\Users\ismak\Documents\GitHub\relation_test_code_smell_ML\dataset\projects\guava\guava-tests\test\com\google\common\collect\MinMaxPriorityQueueTest.java,dataset/projects/guava/guava-tests/test/com/google/common/collect/MinMaxPriorityQueueTest.java,MinMaxPriorityQueueTest.java,MinMaxPriorityQueueTest,43,66,369,46,0,46,true,true,true,true,false,false,false,false,false,true
GitHub,relation_test_code_smell_ML,C:\Users\ismak\Documents\GitHub\relation_test_code_smell_ML\dataset\projects\guava\guava-tests\test\com\google\common\collect\MoreCollectorsTest.java,dataset/projects/guava/guava-tests/test/com/google/common/collect/MoreCollectorsTest.java,MoreCollectorsTest.java,MoreCollectorsTest,10,11,16,11,0,11,true,true,false,true,false,false,false,false,false,false
GitHub,relation_test_code_smell_ML,C:\Users\ismak\Documents\GitHub\relation_test_code_smell_ML\dataset\projects\guava\guava-tests\test\com\google\common\collect\MultimapBuilderTest.java,dataset/projects/guava/guava-tests/test/com/google/common/collect/MultimapBuilderTest.java,MultimapBuilderTest.java,MultimapBuilderTest,16,9,21,5,0,5,true,true,false,true,false,false,false,false,false,false
GitHub,relation_test_code_smell_ML,C:\Users\ismak\Documents\GitHub\relation_test_code_smell_ML\dataset\projects\guava\guava-tests\test\com\google\common\collect\MultimapsCollectionTest.java,dataset/projects/guava/guava-tests/test/com/google/common/collect/MultimapsCollectionTest.java,MultimapsCollectionTest.java,FilteredListMultimapGenerator,54,59,119,0,0,0,true,false,true,true,false,false,false,false,false,true
GitHub,relation_test_code_smell_ML,C:\Users\ismak\Documents\GitHub\relation_test_code_smell_ML\dataset\projects\guava\guava-tests\test\com\google\common\collect\MultimapsFilterEntriesAsMapTest.java,dataset/projects/guava/guava-tests/test/com/google/common/collect/MultimapsFilterEntriesAsMapTest.java,MultimapsFilterEntriesAsMapTest.java,MultimapsFilterEntriesAsMapTest,7,4,11,0,0,0,true,true,false,false,false,false,false,false,false,false
GitHub,relation_test_code_smell_ML,C:\Users\ismak\Documents\GitHub\relation_test_code_smell_ML\dataset\projects\guava\guava-tests\test\com\google\common\collect\MultimapsTest.java,dataset/projects/guava/guava-tests/test/com/google/common/collect/MultimapsTest.java,MultimapsTest.java,SortedSetSupplier,65,83,414,58,0,58,true,false,false,true,false,false,false,false,false,false
GitHub,relation_test_code_smell_ML,C:\Users\ismak\Documents\GitHub\relation_test_code_smell_ML\dataset\projects\guava\guava-tests\test\com\google\common\collect\MultimapsTransformValuesAsMapTest.java,dataset/projects/guava/guava-tests/test/com/google/common/collect/MultimapsTransformValuesAsMapTest.java,MultimapsTransformValuesAsMapTest.java,MultimapsTransformValuesAsMapTest,5,2,4,0,0,0,true,true,false,false,false,false,false,false,false,false
GitHub,relation_test_code_smell_ML,C:\Users\ismak\Documents\GitHub\relation_test_code_smell_ML\dataset\projects\guava\guava-tests\test\com\google\common\collect\MultisetsCollectionTest.java,dataset/projects/guava/guava-tests/test/com/google/common/collect/MultisetsCollectionTest.java,MultisetsCollectionTest.java,MultisetsCollectionTest,24,18,53,0,0,0,true,true,true,true,false,false,false,false,false,true
GitHub,relation_test_code_smell_ML,C:\Users\ismak\Documents\GitHub\relation_test_code_smell_ML\dataset\projects\guava\guava-tests\test\com\google\common\collect\MultisetsImmutableEntryTest.java,dataset/projects/guava/guava-tests/test/com/google/common/collect/MultisetsImmutableEntryTest.java,MultisetsImmutableEntryTest.java,MultisetsImmutableEntryTest,9,6,8,4,0,4,true,true,false,true,false,false,false,false,false,false
GitHub,relation_test_code_smell_ML,C:\Users\ismak\Documents\GitHub\relation_test_code_smell_ML\dataset\projects\guava\guava-tests\test\com\google\common\collect\MultisetsTest.java,dataset/projects/guava/guava-tests/test/com/google/common/collect/MultisetsTest.java,MultisetsTest.java,MultisetsTest,20,34,136,34,0,34,true,true,false,true,false,false,false,false,false,false
GitHub,relation_test_code_smell_ML,C:\Users\ismak\Documents\GitHub\relation_test_code_smell_ML\dataset\projects\guava\guava-tests\test\com\google\common\collect\MutableClassToInstanceMapTest.java,dataset/projects/guava/guava-tests/test/com/google/common/collect/MutableClassToInstanceMapTest.java,MutableClassToInstanceMapTest.java,MutableClassToInstanceMapTest,14,7,34,4,0,4,true,true,true,true,false,false,false,false,false,false
GitHub,relation_test_code_smell_ML,C:\Users\ismak\Documents\GitHub\relation_test_code_smell_ML\dataset\projects\guava\guava-tests\test\com\google\common\collect\NewCustomTableTest.java,dataset/projects/guava/guava-tests/test/com/google/common/collect/NewCustomTableTest.java,NewCustomTableTest.java,NewCustomTableTest,10,4,10,2,0,2,true,true,false,false,false,false,false,false,false,false
GitHub,relation_test_code_smell_ML,C:\Users\ismak\Documents\GitHub\relation_test_code_smell_ML\dataset\projects\guava\guava-tests\test\com\google\common\collect\ObjectArraysTest.java,dataset/projects/guava/guava-tests/test/com/google/common/collect/ObjectArraysTest.java,ObjectArraysTest.java,ObjectArraysTest,12,30,84,25,0,25,true,true,false,true,false,false,false,false,false,false
GitHub,relation_test_code_smell_ML,C:\Users\ismak\Documents\GitHub\relation_test_code_smell_ML\dataset\projects\guava\guava-tests\test\com\google\common\collect\OrderingTest.java,dataset/projects/guava/guava-tests/test/com/google/common/collect/OrderingTest.java,OrderingTest.java,Composite,37,99,418,76,0,76,true,false,false,true,false,false,false,false,false,true
GitHub,relation_test_code_smell_ML,C:\Users\ismak\Documents\GitHub\relation_test_code_smell_ML\dataset\projects\guava\guava-tests\test\com\google\common\collect\PackageSanityTests.java,dataset/projects/guava/guava-tests/test/com/google/common/collect/PackageSanityTests.java,PackageSanityTests.java,PackageSanityTests,2,0,0,0,0,0,true,true,false,false,false,false,false,false,false,false
GitHub,relation_test_code_smell_ML,C:\Users\ismak\Documents\GitHub\relation_test_code_smell_ML\dataset\projects\guava\guava-tests\test\com\google\common\collect\PeekingIteratorTest.java,dataset/projects/guava/guava-tests/test/com/google/common/collect/PeekingIteratorTest.java,PeekingIteratorTest.java,ThrowsAtEndIterator,18,16,57,8,0,8,true,false,false,true,false,false,false,false,false,true
GitHub,relation_test_code_smell_ML,C:\Users\ismak\Documents\GitHub\relation_test_code_smell_ML\dataset\projects\guava\guava-tests\test\com\google\common\collect\QueuesTest.java,dataset/projects/guava/guava-tests/test/com/google/common/collect/QueuesTest.java,QueuesTest.java,Interrupter,31,28,57,13,0,13,true,false,false,true,false,false,false,false,false,true
GitHub,relation_test_code_smell_ML,C:\Users\ismak\Documents\GitHub\relation_test_code_smell_ML\dataset\projects\guava\guava-tests\test\com\google\common\collect\RangeNonGwtTest.java,dataset/projects/guava/guava-tests/test/com/google/common/collect/RangeNonGwtTest.java,RangeNonGwtTest.java,RangeNonGwtTest,3,1,5,1,0,1,true,true,false,true,false,false,false,false,false,false
GitHub,relation_test_code_smell_ML,C:\Users\ismak\Documents\GitHub\relation_test_code_smell_ML\dataset\projects\guava\guava-tests\test\com\google\common\collect\RangeTest.java,dataset/projects/guava/guava-tests/test/com/google/common/collect/RangeTest.java,RangeTest.java,RangeTest,19,43,318,37,0,37,true,true,false,true,false,false,false,false,false,true
GitHub,relation_test_code_smell_ML,C:\Users\ismak\Documents\GitHub\relation_test_code_smell_ML\dataset\projects\guava\guava-tests\test\com\google\common\collect\RegularImmutableAsListTest.java,dataset/projects/guava/guava-tests/test/com/google/common/collect/RegularImmutableAsListTest.java,RegularImmutableAsListTest.java,RegularImmutableAsListTest,4,1,2,1,0,1,true,true,false,true,false,false,false,false,false,false
GitHub,relation_test_code_smell_ML,C:\Users\ismak\Documents\GitHub\relation_test_code_smell_ML\dataset\projects\guava\guava-tests\test\com\google\common\collect\RegularImmutableMapMapInterfaceTest.java,dataset/projects/guava/guava-tests/test/com/google/common/collect/RegularImmutableMapMapInterfaceTest.java,RegularImmutableMapMapInterfaceTest.java,RegularImmutableMapMapInterfaceTest,3,4,4,0,0,0,true,true,false,false,false,false,false,false,false,false
GitHub,relation_test_code_smell_ML,C:\Users\ismak\Documents\GitHub\relation_test_code_smell_ML\dataset\projects\guava\guava-tests\test\com\google\common\collect\RegularImmutableMapWithUnhashableValuesMapInterfaceTest.java,dataset/projects/guava/guava-tests/test/com/google/common/collect/RegularImmutableMapWithUnhashableValuesMapInterfaceTest.java,RegularImmutableMapWithUnhashableValuesMapInterfaceTest.java,RegularImmutableMapWithUnhashableValuesMapInterfaceTest,5,4,5,0,0,0,true,true,false,false,false,false,false,false,false,false
GitHub,relation_test_code_smell_ML,C:\Users\ismak\Documents\GitHub\relation_test_code_smell_ML\dataset\projects\guava\guava-tests\test\com\google\common\collect\RegularImmutableSortedMapMapInterfaceTest.java,dataset/projects/guava/guava-tests/test/com/google/common/collect/RegularImmutableSortedMapMapInterfaceTest.java,RegularImmutableSortedMapMapInterfaceTest.java,RegularImmutableSortedMapMapInterfaceTest,3,4,4,0,0,0,true,true,false,false,false,false,false,false,false,false
GitHub,relation_test_code_smell_ML,C:\Users\ismak\Documents\GitHub\relation_test_code_smell_ML\dataset\projects\guava\guava-tests\test\com\google\common\collect\RegularImmutableTableTest.java,dataset/projects/guava/guava-tests/test/com/google/common/collect/RegularImmutableTableTest.java,RegularImmutableTableTest.java,RegularImmutableTableTest,5,17,18,16,0,16,true,true,false,false,false,false,false,false,false,false
GitHub,relation_test_code_smell_ML,C:\Users\ismak\Documents\GitHub\relation_test_code_smell_ML\dataset\projects\guava\guava-tests\test\com\google\common\collect\ReserializedImmutableMapMapInterfaceTest.java,dataset/projects/guava/guava-tests/test/com/google/common/collect/ReserializedImmutableMapMapInterfaceTest.java,ReserializedImmutableMapMapInterfaceTest.java,ReserializedImmutableMapMapInterfaceTest,4,3,3,0,0,0,true,true,false,false,false,false,false,false,false,false
GitHub,relation_test_code_smell_ML,C:\Users\ismak\Documents\GitHub\relation_test_code_smell_ML\dataset\projects\guava\guava-tests\test\com\google\common\collect\ReserializedImmutableSortedMapMapInterfaceTest.java,dataset/projects/guava/guava-tests/test/com/google/common/collect/ReserializedImmutableSortedMapMapInterfaceTest.java,ReserializedImmutableSortedMapMapInterfaceTest.java,ReserializedImmutableSortedMapMapInterfaceTest,4,3,3,0,0,0,true,true,false,false,false,false,false,false,false,false
GitHub,relation_test_code_smell_ML,C:\Users\ismak\Documents\GitHub\relation_test_code_smell_ML\dataset\projects\guava\guava-tests\test\com\google\common\collect\SetsFilterHashSetTest.java,dataset/projects/guava/guava-tests/test/com/google/common/collect/SetsFilterHashSetTest.java,SetsFilterHashSetTest.java,SetsFilterHashSetTest,5,2,2,0,0,0,true,true,false,false,false,false,false,false,false,false
GitHub,relation_test_code_smell_ML,C:\Users\ismak\Documents\GitHub\relation_test_code_smell_ML\dataset\projects\guava\guava-tests\test\com\google\common\collect\SetsFilterNavigableSetTest.java,dataset/projects/guava/guava-tests/test/com/google/common/collect/SetsFilterNavigableSetTest.java,SetsFilterNavigableSetTest.java,SetsFilterNavigableSetTest,5,2,2,0,0,0,true,true,false,false,false,false,false,false,false,false
GitHub,relation_test_code_smell_ML,C:\Users\ismak\Documents\GitHub\relation_test_code_smell_ML\dataset\projects\guava\guava-tests\test\com\google\common\collect\SetsFilterSortedSetTest.java,dataset/projects/guava/guava-tests/test/com/google/common/collect/SetsFilterSortedSetTest.java,SetsFilterSortedSetTest.java,SetsFilterSortedSetTest,6,3,4,0,0,0,true,true,false,false,false,false,false,false,false,false
GitHub,relation_test_code_smell_ML,C:\Users\ismak\Documents\GitHub\relation_test_code_smell_ML\dataset\projects\guava\guava-tests\test\com\google\common\collect\SetsTest.java,dataset/projects/guava/guava-tests/test/com/google/common/collect/SetsTest.java,SetsTest.java,SetsTest,73,116,440,82,0,82,true,true,true,true,false,false,false,false,false,true
GitHub,relation_test_code_smell_ML,C:\Users\ismak\Documents\GitHub\relation_test_code_smell_ML\dataset\projects\guava\guava-tests\test\com\google\common\collect\SetViewTest.java,dataset/projects/guava/guava-tests/test/com/google/common/collect/SetViewTest.java,SetViewTest.java,SetContainsThrows,31,58,204,21,0,21,true,false,true,true,false,false,false,false,false,false
GitHub,relation_test_code_smell_ML,C:\Users\ismak\Documents\GitHub\relation_test_code_smell_ML\dataset\projects\guava\guava-tests\test\com\google\common\collect\SimpleAbstractMultisetTest.java,dataset/projects/guava/guava-tests/test/com/google/common/collect/SimpleAbstractMultisetTest.java,SimpleAbstractMultisetTest.java,NoRemoveMultiset,21,17,39,2,0,2,true,false,true,true,false,false,false,false,false,false
GitHub,relation_test_code_smell_ML,C:\Users\ismak\Documents\GitHub\relation_test_code_smell_ML\dataset\projects\guava\guava-tests\test\com\google\common\collect\SingletonImmutableMapMapInterfaceTest.java,dataset/projects/guava/guava-tests/test/com/google/common/collect/SingletonImmutableMapMapInterfaceTest.java,SingletonImmutableMapMapInterfaceTest.java,SingletonImmutableMapMapInterfaceTest,3,3,3,0,0,0,true,true,false,false,false,false,false,false,false,false
GitHub,relation_test_code_smell_ML,C:\Users\ismak\Documents\GitHub\relation_test_code_smell_ML\dataset\projects\guava\guava-tests\test\com\google\common\collect\SingletonImmutableMapWithUnhashableValueMapInterfaceTest.java,dataset/projects/guava/guava-tests/test/com/google/common/collect/SingletonImmutableMapWithUnhashableValueMapInterfaceTest.java,SingletonImmutableMapWithUnhashableValueMapInterfaceTest.java,SingletonImmutableMapWithUnhashableValueMapInterfaceTest,5,1,2,0,0,0,true,true,false,false,false,false,false,false,false,false
GitHub,relation_test_code_smell_ML,C:\Users\ismak\Documents\GitHub\relation_test_code_smell_ML\dataset\projects\guava\guava-tests\test\com\google\common\collect\SingletonImmutableSortedMapMapInterfaceTest.java,dataset/projects/guava/guava-tests/test/com/google/common/collect/SingletonImmutableSortedMapMapInterfaceTest.java,SingletonImmutableSortedMapMapInterfaceTest.java,SingletonImmutableSortedMapMapInterfaceTest,3,3,3,0,0,0,true,true,false,false,false,false,false,false,false,false
GitHub,relation_test_code_smell_ML,C:\Users\ismak\Documents\GitHub\relation_test_code_smell_ML\dataset\projects\guava\guava-tests\test\com\google\common\collect\SingletonImmutableTableTest.java,dataset/projects/guava/guava-tests/test/com/google/common/collect/SingletonImmutableTableTest.java,SingletonImmutableTableTest.java,SingletonImmutableTableTest,7,20,31,19,0,19,true,true,false,false,false,false,false,false,false,false
GitHub,relation_test_code_smell_ML,C:\Users\ismak\Documents\GitHub\relation_test_code_smell_ML\dataset\projects\guava\guava-tests\test\com\google\common\collect\SortedIterablesTest.java,dataset/projects/guava/guava-tests/test/com/google/common/collect/SortedIterablesTest.java,SortedIterablesTest.java,SortedIterablesTest,5,2,4,2,0,2,true,true,false,true,false,false,false,false,false,false
GitHub,relation_test_code_smell_ML,C:\Users\ismak\Documents\GitHub\relation_test_code_smell_ML\dataset\projects\guava\guava-tests\test\com\google\common\collect\SortedListsTest.java,dataset/projects/guava/guava-tests/test/com/google/common/collect/SortedListsTest.java,SortedListsTest.java,SortedListsTest,9,4,8,3,0,3,true,true,false,true,false,false,false,false,false,false
GitHub,relation_test_code_smell_ML,C:\Users\ismak\Documents\GitHub\relation_test_code_smell_ML\dataset\projects\guava\guava-tests\test\com\google\common\collect\StreamsTest.java,dataset/projects/guava/guava-tests/test/com/google/common/collect/StreamsTest.java,StreamsTest.java,StreamsTest,27,57,146,51,0,51,true,true,false,true,false,false,false,false,false,true
GitHub,relation_test_code_smell_ML,C:\Users\ismak\Documents\GitHub\relation_test_code_smell_ML\dataset\projects\guava\guava-tests\test\com\google\common\collect\SubMapMultimapAsMapImplementsMapTest.java,dataset/projects/guava/guava-tests/test/com/google/common/collect/SubMapMultimapAsMapImplementsMapTest.java,SubMapMultimapAsMapImplementsMapTest.java,SubMapMultimapAsMapImplementsMapTest,6,11,20,6,0,6,true,true,false,false,false,false,false,false,false,false
GitHub,relation_test_code_smell_ML,C:\Users\ismak\Documents\GitHub\relation_test_code_smell_ML\dataset\projects\guava\guava-tests\test\com\google\common\collect\SynchronizedBiMapTest.java,dataset/projects/guava/guava-tests/test/com/google/common/collect/SynchronizedBiMapTest.java,SynchronizedBiMapTest.java,TestBiMap,17,11,33,3,0,3,true,true,false,false,false,false,false,false,false,false
GitHub,relation_test_code_smell_ML,C:\Users\ismak\Documents\GitHub\relation_test_code_smell_ML\dataset\projects\guava\guava-tests\test\com\google\common\collect\SynchronizedDequeTest.java,dataset/projects/guava/guava-tests/test/com/google/common/collect/SynchronizedDequeTest.java,SynchronizedDequeTest.java,TestDeque,8,37,111,1,0,1,true,true,false,true,false,false,false,false,false,false
GitHub,relation_test_code_smell_ML,C:\Users\ismak\Documents\GitHub\relation_test_code_smell_ML\dataset\projects\guava\guava-tests\test\com\google\common\collect\SynchronizedMapTest.java,dataset/projects/guava/guava-tests/test/com/google/common/collect/SynchronizedMapTest.java,SynchronizedMapTest.java,TestMap,16,32,58,15,0,15,true,true,false,true,false,false,false,false,false,false
GitHub,relation_test_code_smell_ML,C:\Users\ismak\Documents\GitHub\relation_test_code_smell_ML\dataset\projects\guava\guava-tests\test\com\google\common\collect\SynchronizedMultimapTest.java,dataset/projects/guava/guava-tests/test/com/google/common/collect/SynchronizedMultimapTest.java,SynchronizedMultimapTest.java,TestMultimap,20,28,77,4,0,4,true,true,true,true,false,false,false,false,false,true
GitHub,relation_test_code_smell_ML,C:\Users\ismak\Documents\GitHub\relation_test_code_smell_ML\dataset\projects\guava\guava-tests\test\com\google\common\collect\SynchronizedNavigableMapTest.java,dataset/projects/guava/guava-tests/test/com/google/common/collect/SynchronizedNavigableMapTest.java,SynchronizedNavigableMapTest.java,TestMap,20,59,126,25,0,25,true,true,false,false,false,false,false,false,false,false
GitHub,relation_test_code_smell_ML,C:\Users\ismak\Documents\GitHub\relation_test_code_smell_ML\dataset\projects\guava\guava-tests\test\com\google\common\collect\SynchronizedNavigableSetTest.java,dataset/projects/guava/guava-tests/test/com/google/common/collect/SynchronizedNavigableSetTest.java,SynchronizedNavigableSetTest.java,LockHeldAssertingNavigableSet,19,29,71,7,0,7,true,false,false,true,false,false,false,false,false,false
GitHub,relation_test_code_smell_ML,C:\Users\ismak\Documents\GitHub\relation_test_code_smell_ML\dataset\projects\guava\guava-tests\test\com\google\common\collect\SynchronizedQueueTest.java,dataset/projects/guava/guava-tests/test/com/google/common/collect/SynchronizedQueueTest.java,SynchronizedQueueTest.java,TestQueue,8,20,60,1,0,1,true,true,false,true,false,false,false,false,false,false
GitHub,relation_test_code_smell_ML,C:\Users\ismak\Documents\GitHub\relation_test_code_smell_ML\dataset\projects\guava\guava-tests\test\com\google\common\collect\SynchronizedSetTest.java,dataset/projects/guava/guava-tests/test/com/google/common/collect/SynchronizedSetTest.java,SynchronizedSetTest.java,SynchronizedSetTest,10,2,5,0,0,0,true,true,true,true,false,false,false,false,false,false
GitHub,relation_test_code_smell_ML,C:\Users\ismak\Documents\GitHub\relation_test_code_smell_ML\dataset\projects\guava\guava-tests\test\com\google\common\collect\SynchronizedTableTest.java,dataset/projects/guava/guava-tests/test/com/google/common/collect/SynchronizedTableTest.java,SynchronizedTableTest.java,TestTable,6,23,48,0,0,0,true,true,false,false,false,false,false,false,false,true
GitHub,relation_test_code_smell_ML,C:\Users\ismak\Documents\GitHub\relation_test_code_smell_ML\dataset\projects\guava\guava-tests\test\com\google\common\collect\TableCollectionTest.java,dataset/projects/guava/guava-tests/test/com/google/common/collect/TableCollectionTest.java,TableCollectionTest.java,ColumnMapTests,37,70,193,1,0,1,true,true,true,true,false,false,false,false,false,false
GitHub,relation_test_code_smell_ML,C:\Users\ismak\Documents\GitHub\relation_test_code_smell_ML\dataset\projects\guava\guava-tests\test\com\google\common\collect\TableCollectorsTest.java,dataset/projects/guava/guava-tests/test/com/google/common/collect/TableCollectorsTest.java,TableCollectorsTest.java,TableCollectorsTest,17,16,39,15,0,15,true,true,false,true,false,false,false,false,false,true
GitHub,relation_test_code_smell_ML,C:\Users\ismak\Documents\GitHub\relation_test_code_smell_ML\dataset\projects\guava\guava-tests\test\com\google\common\collect\TablesTest.java,dataset/projects/guava/guava-tests/test/com/google/common/collect/TablesTest.java,TablesTest.java,TablesTest,10,4,10,4,0,4,true,true,false,true,false,false,false,false,false,false
GitHub,relation_test_code_smell_ML,C:\Users\ismak\Documents\GitHub\relation_test_code_smell_ML\dataset\projects\guava\guava-tests\test\com\google\common\collect\TablesTransformValuesColumnMapTest.java,dataset/projects/guava/guava-tests/test/com/google/common/collect/TablesTransformValuesColumnMapTest.java,TablesTransformValuesColumnMapTest.java,TablesTransformValuesColumnMapTest,6,2,7,0,0,0,true,true,false,false,false,false,false,false,false,false
GitHub,relation_test_code_smell_ML,C:\Users\ismak\Documents\GitHub\relation_test_code_smell_ML\dataset\projects\guava\guava-tests\test\com\google\common\collect\TablesTransformValuesColumnTest.java,dataset/projects/guava/guava-tests/test/com/google/common/collect/TablesTransformValuesColumnTest.java,TablesTransformValuesColumnTest.java,TablesTransformValuesColumnTest,6,2,8,0,0,0,true,true,false,false,false,false,false,false,false,false
GitHub,relation_test_code_smell_ML,C:\Users\ismak\Documents\GitHub\relation_test_code_smell_ML\dataset\projects\guava\guava-tests\test\com\google\common\collect\TablesTransformValuesRowMapTest.java,dataset/projects/guava/guava-tests/test/com/google/common/collect/TablesTransformValuesRowMapTest.java,TablesTransformValuesRowMapTest.java,TablesTransformValuesRowMapTest,5,2,7,0,0,0,true,true,false,false,false,false,false,false,false,false
GitHub,relation_test_code_smell_ML,C:\Users\ismak\Documents\GitHub\relation_test_code_smell_ML\dataset\projects\guava\guava-tests\test\com\google\common\collect\TablesTransformValuesRowTest.java,dataset/projects/guava/guava-tests/test/com/google/common/collect/TablesTransformValuesRowTest.java,TablesTransformValuesRowTest.java,TablesTransformValuesRowTest,5,2,8,0,0,0,true,true,false,false,false,false,false,false,false,false
GitHub,relation_test_code_smell_ML,C:\Users\ismak\Documents\GitHub\relation_test_code_smell_ML\dataset\projects\guava\guava-tests\test\com\google\common\collect\TablesTransformValuesTest.java,dataset/projects/guava/guava-tests/test/com/google/common/collect/TablesTransformValuesTest.java,TablesTransformValuesTest.java,TablesTransformValuesTest,9,8,17,6,0,6,true,true,false,false,false,false,false,false,false,false
GitHub,relation_test_code_smell_ML,C:\Users\ismak\Documents\GitHub\relation_test_code_smell_ML\dataset\projects\guava\guava-tests\test\com\google\common\collect\TablesTransposeColumnTest.java,dataset/projects/guava/guava-tests/test/com/google/common/collect/TablesTransposeColumnTest.java,TablesTransposeColumnTest.java,TablesTransposeColumnTest,4,1,2,0,0,0,true,true,false,false,false,false,false,false,false,false
GitHub,relation_test_code_smell_ML,C:\Users\ismak\Documents\GitHub\relation_test_code_smell_ML\dataset\projects\guava\guava-tests\test\com\google\common\collect\TablesTransposeRowTest.java,dataset/projects/guava/guava-tests/test/com/google/common/collect/TablesTransposeRowTest.java,TablesTransposeRowTest.java,TablesTransposeRowTest,4,1,2,0,0,0,true,true,false,false,false,false,false,false,false,false
GitHub,relation_test_code_smell_ML,C:\Users\ismak\Documents\GitHub\relation_test_code_smell_ML\dataset\projects\guava\guava-tests\test\com\google\common\collect\TestExceptions.java,dataset/projects/guava/guava-tests/test/com/google/common/collect/TestExceptions.java,TestExceptions.java,SomeChainingException,2,0,0,0,0,0,true,false,false,false,false,false,false,false,false,false
GitHub,relation_test_code_smell_ML,C:\Users\ismak\Documents\GitHub\relation_test_code_smell_ML\dataset\projects\guava\guava-tests\test\com\google\common\collect\TopKSelectorTest.java,dataset/projects/guava/guava-tests/test/com/google/common/collect/TopKSelectorTest.java,TopKSelectorTest.java,TopKSelectorTest,12,10,33,9,0,9,true,true,false,true,false,false,false,false,false,false
GitHub,relation_test_code_smell_ML,C:\Users\ismak\Documents\GitHub\relation_test_code_smell_ML\dataset\projects\guava\guava-tests\test\com\google\common\collect\TransposedTableTest.java,dataset/projects/guava/guava-tests/test/com/google/common/collect/TransposedTableTest.java,TransposedTableTest.java,TransposedTableTest,5,5,27,4,0,4,true,true,false,false,false,false,false,false,false,false
GitHub,relation_test_code_smell_ML,C:\Users\ismak\Documents\GitHub\relation_test_code_smell_ML\dataset\projects\guava\guava-tests\test\com\google\common\collect\TreeBasedTableColumnMapTest.java,dataset/projects/guava/guava-tests/test/com/google/common/collect/TreeBasedTableColumnMapTest.java,TreeBasedTableColumnMapTest.java,TreeBasedTableColumnMapTest,3,1,1,0,0,0,true,true,false,false,false,false,false,false,false,false
GitHub,relation_test_code_smell_ML,C:\Users\ismak\Documents\GitHub\relation_test_code_smell_ML\dataset\projects\guava\guava-tests\test\com\google\common\collect\TreeBasedTableColumnTest.java,dataset/projects/guava/guava-tests/test/com/google/common/collect/TreeBasedTableColumnTest.java,TreeBasedTableColumnTest.java,TreeBasedTableColumnTest,3,1,1,0,0,0,true,true,false,false,false,false,false,false,false,false
GitHub,relation_test_code_smell_ML,C:\Users\ismak\Documents\GitHub\relation_test_code_smell_ML\dataset\projects\guava\guava-tests\test\com\google\common\collect\TreeBasedTableRowMapHeadMapTest.java,dataset/projects/guava/guava-tests/test/com/google/common/collect/TreeBasedTableRowMapHeadMapTest.java,TreeBasedTableRowMapHeadMapTest.java,TreeBasedTableRowMapHeadMapTest,4,4,8,0,0,0,true,true,false,false,false,false,false,false,false,false
GitHub,relation_test_code_smell_ML,C:\Users\ismak\Documents\GitHub\relation_test_code_smell_ML\dataset\projects\guava\guava-tests\test\com\google\common\collect\TreeBasedTableRowMapInterfaceTest.java,dataset/projects/guava/guava-tests/test/com/google/common/collect/TreeBasedTableRowMapInterfaceTest.java,TreeBasedTableRowMapInterfaceTest.java,TreeBasedTableRowMapInterfaceTest,4,5,27,1,0,1,true,true,false,false,false,false,false,false,false,false
GitHub,relation_test_code_smell_ML,C:\Users\ismak\Documents\GitHub\relation_test_code_smell_ML\dataset\projects\guava\guava-tests\test\com\google\common\collect\TreeBasedTableRowMapSubMapTest.java,dataset/projects/guava/guava-tests/test/com/google/common/collect/TreeBasedTableRowMapSubMapTest.java,TreeBasedTableRowMapSubMapTest.java,TreeBasedTableRowMapSubMapTest,4,4,9,0,0,0,true,true,false,false,false,false,false,false,false,false
GitHub,relation_test_code_smell_ML,C:\Users\ismak\Documents\GitHub\relation_test_code_smell_ML\dataset\projects\guava\guava-tests\test\com\google\common\collect\TreeBasedTableRowMapTailMapTest.java,dataset/projects/guava/guava-tests/test/com/google/common/collect/TreeBasedTableRowMapTailMapTest.java,TreeBasedTableRowMapTailMapTest.java,TreeBasedTableRowMapTailMapTest,4,4,8,0,0,0,true,true,false,false,false,false,false,false,false,false
GitHub,relation_test_code_smell_ML,C:\Users\ismak\Documents\GitHub\relation_test_code_smell_ML\dataset\projects\guava\guava-tests\test\com\google\common\collect\TreeBasedTableRowMapTest.java,dataset/projects/guava/guava-tests/test/com/google/common/collect/TreeBasedTableRowMapTest.java,TreeBasedTableRowMapTest.java,TreeBasedTableRowMapTest,3,1,1,0,0,0,true,true,false,false,false,false,false,false,false,false
GitHub,relation_test_code_smell_ML,C:\Users\ismak\Documents\GitHub\relation_test_code_smell_ML\dataset\projects\guava\guava-tests\test\com\google\common\collect\TreeBasedTableRowTest.java,dataset/projects/guava/guava-tests/test/com/google/common/collect/TreeBasedTableRowTest.java,TreeBasedTableRowTest.java,TreeBasedTableRowTest,3,1,1,0,0,0,true,true,false,false,false,false,false,false,false,false
GitHub,relation_test_code_smell_ML,C:\Users\ismak\Documents\GitHub\relation_test_code_smell_ML\dataset\projects\guava\guava-tests\test\com\google\common\collect\TreeBasedTableTest.java,dataset/projects/guava/guava-tests/test/com/google/common/collect/TreeBasedTableTest.java,TreeBasedTableTest.java,TreeBasedTableTest,22,36,173,32,0,32,true,true,true,false,false,false,false,false,false,false
GitHub,relation_test_code_smell_ML,C:\Users\ismak\Documents\GitHub\relation_test_code_smell_ML\dataset\projects\guava\guava-tests\test\com\google\common\collect\TreeMultimapExplicitTest.java,dataset/projects/guava/guava-tests/test/com/google/common/collect/TreeMultimapExplicitTest.java,TreeMultimapExplicitTest.java,TreeMultimapExplicitTest,15,15,84,12,0,12,true,true,false,true,false,false,false,false,false,false
GitHub,relation_test_code_smell_ML,C:\Users\ismak\Documents\GitHub\relation_test_code_smell_ML\dataset\projects\guava\guava-tests\test\com\google\common\collect\TreeMultimapNaturalTest.java,dataset/projects/guava/guava-tests/test/com/google/common/collect/TreeMultimapNaturalTest.java,TreeMultimapNaturalTest.java,TreeMultimapNaturalTest,36,42,172,19,0,19,true,true,true,true,false,false,false,false,false,true
GitHub,relation_test_code_smell_ML,C:\Users\ismak\Documents\GitHub\relation_test_code_smell_ML\dataset\projects\guava\guava-tests\test\com\google\common\collect\TreeMultisetTest.java,dataset/projects/guava/guava-tests/test/com/google/common/collect/TreeMultisetTest.java,TreeMultisetTest.java,TreeMultisetTest,28,23,171,14,0,14,true,true,true,true,false,false,false,false,false,false
GitHub,relation_test_code_smell_ML,C:\Users\ismak\Documents\GitHub\relation_test_code_smell_ML\dataset\projects\guava\guava-tests\test\com\google\common\collect\TreeRangeMapTest.java,dataset/projects/guava/guava-tests/test/com/google/common/collect/TreeRangeMapTest.java,TreeRangeMapTest.java,TreeRangeMapTest,22,60,199,31,0,31,true,true,true,true,false,false,false,false,false,false
GitHub,relation_test_code_smell_ML,C:\Users\ismak\Documents\GitHub\relation_test_code_smell_ML\dataset\projects\guava\guava-tests\test\com\google\common\collect\TreeRangeSetTest.java,dataset/projects/guava/guava-tests/test/com/google/common/collect/TreeRangeSetTest.java,TreeRangeSetTest.java,TreeRangeSetTest,11,53,209,50,0,50,true,true,false,false,false,false,false,false,false,true
GitHub,relation_test_code_smell_ML,C:\Users\ismak\Documents\GitHub\relation_test_code_smell_ML\dataset\projects\guava\guava-tests\test\com\google\common\collect\TreeTraverserTest.java,dataset/projects/guava/guava-tests/test/com/google/common/collect/TreeTraverserTest.java,TreeTraverserTest.java,Tree,10,8,14,5,0,5,true,false,false,true,false,false,false,false,false,false
GitHub,relation_test_code_smell_ML,C:\Users\ismak\Documents\GitHub\relation_test_code_smell_ML\dataset\projects\guava\guava-tests\test\com\google\common\collect\UnmodifiableIteratorTest.java,dataset/projects/guava/guava-tests/test/com/google/common/collect/UnmodifiableIteratorTest.java,UnmodifiableIteratorTest.java,UnmodifiableIteratorTest,7,3,8,1,0,1,true,true,false,true,false,false,false,false,false,false
GitHub,relation_test_code_smell_ML,C:\Users\ismak\Documents\GitHub\relation_test_code_smell_ML\dataset\projects\guava\guava-tests\test\com\google\common\collect\UnmodifiableListIteratorTest.java,dataset/projects/guava/guava-tests/test/com/google/common/collect/UnmodifiableListIteratorTest.java,UnmodifiableListIteratorTest.java,UnmodifiableListIteratorTest,8,10,26,3,0,3,true,true,false,true,false,false,false,false,false,false
GitHub,relation_test_code_smell_ML,C:\Users\ismak\Documents\GitHub\relation_test_code_smell_ML\dataset\projects\guava\guava-tests\test\com\google\common\collect\UnmodifiableMultimapAsMapImplementsMapTest.java,dataset/projects/guava/guava-tests/test/com/google/common/collect/UnmodifiableMultimapAsMapImplementsMapTest.java,UnmodifiableMultimapAsMapImplementsMapTest.java,UnmodifiableMultimapAsMapImplementsMapTest,5,2,4,0,0,0,true,true,false,false,false,false,false,false,false,false
GitHub,relation_test_code_smell_ML,C:\Users\ismak\Documents\GitHub\relation_test_code_smell_ML\dataset\projects\guava\guava-tests\test\com\google\common\collect\UnmodifiableRowSortedTableColumnMapTest.java,dataset/projects/guava/guava-tests/test/com/google/common/collect/UnmodifiableRowSortedTableColumnMapTest.java,UnmodifiableRowSortedTableColumnMapTest.java,UnmodifiableRowSortedTableColumnMapTest,5,2,7,0,0,0,true,true,false,false,false,false,false,false,false,false
GitHub,relation_test_code_smell_ML,C:\Users\ismak\Documents\GitHub\relation_test_code_smell_ML\dataset\projects\guava\guava-tests\test\com\google\common\collect\UnmodifiableRowSortedTableColumnTest.java,dataset/projects/guava/guava-tests/test/com/google/common/collect/UnmodifiableRowSortedTableColumnTest.java,UnmodifiableRowSortedTableColumnTest.java,UnmodifiableRowSortedTableColumnTest,5,2,8,0,0,0,true,true,false,false,false,false,false,false,false,false
GitHub,relation_test_code_smell_ML,C:\Users\ismak\Documents\GitHub\relation_test_code_smell_ML\dataset\projects\guava\guava-tests\test\com\google\common\collect\UnmodifiableRowSortedTableRowMapTest.java,dataset/projects/guava/guava-tests/test/com/google/common/collect/UnmodifiableRowSortedTableRowMapTest.java,UnmodifiableRowSortedTableRowMapTest.java,UnmodifiableRowSortedTableRowMapTest,6,2,7,0,0,0,true,true,false,false,false,false,false,false,false,false
GitHub,relation_test_code_smell_ML,C:\Users\ismak\Documents\GitHub\relation_test_code_smell_ML\dataset\projects\guava\guava-tests\test\com\google\common\collect\UnmodifiableRowSortedTableRowTest.java,dataset/projects/guava/guava-tests/test/com/google/common/collect/UnmodifiableRowSortedTableRowTest.java,UnmodifiableRowSortedTableRowTest.java,UnmodifiableRowSortedTableRowTest,5,2,8,0,0,0,true,true,false,false,false,false,false,false,false,false
GitHub,relation_test_code_smell_ML,C:\Users\ismak\Documents\GitHub\relation_test_code_smell_ML\dataset\projects\guava\guava-tests\test\com\google\common\collect\UnmodifiableTableColumnMapTest.java,dataset/projects/guava/guava-tests/test/com/google/common/collect/UnmodifiableTableColumnMapTest.java,UnmodifiableTableColumnMapTest.java,UnmodifiableTableColumnMapTest,5,2,7,0,0,0,true,true,false,false,false,false,false,false,false,false
GitHub,relation_test_code_smell_ML,C:\Users\ismak\Documents\GitHub\relation_test_code_smell_ML\dataset\projects\guava\guava-tests\test\com\google\common\collect\UnmodifiableTableColumnTest.java,dataset/projects/guava/guava-tests/test/com/google/common/collect/UnmodifiableTableColumnTest.java,UnmodifiableTableColumnTest.java,UnmodifiableTableColumnTest,5,2,8,0,0,0,true,true,false,false,false,false,false,false,false,false
GitHub,relation_test_code_smell_ML,C:\Users\ismak\Documents\GitHub\relation_test_code_smell_ML\dataset\projects\guava\guava-tests\test\com\google\common\collect\UnmodifiableTableRowMapTest.java,dataset/projects/guava/guava-tests/test/com/google/common/collect/UnmodifiableTableRowMapTest.java,UnmodifiableTableRowMapTest.java,UnmodifiableTableRowMapTest,5,2,7,0,0,0,true,true,false,false,false,false,false,false,false,false
GitHub,relation_test_code_smell_ML,C:\Users\ismak\Documents\GitHub\relation_test_code_smell_ML\dataset\projects\guava\guava-tests\test\com\google\common\collect\UnmodifiableTableRowTest.java,dataset/projects/guava/guava-tests/test/com/google/common/collect/UnmodifiableTableRowTest.java,UnmodifiableTableRowTest.java,UnmodifiableTableRowTest,5,2,8,0,0,0,true,true,false,false,false,false,false,false,false,false
GitHub,relation_test_code_smell_ML,C:\Users\ismak\Documents\GitHub\relation_test_code_smell_ML\dataset\projects\guava\guava-tests\test\com\google\common\collect\WriteReplaceOverridesTest.java,dataset/projects/guava/guava-tests/test/com/google/common/collect/WriteReplaceOverridesTest.java,WriteReplaceOverridesTest.java,WriteReplaceOverridesTest,12,1,1,1,0,1,true,true,false,true,false,false,false,false,false,false
GitHub,relation_test_code_smell_ML,C:\Users\ismak\Documents\GitHub\relation_test_code_smell_ML\dataset\projects\guava\guava-tests\test\com\google\common\escape\ArrayBasedCharEscaperTest.java,dataset/projects/guava/guava-tests/test/com/google/common/escape/ArrayBasedCharEscaperTest.java,ArrayBasedCharEscaperTest.java,ArrayBasedCharEscaperTest,6,8,16,4,0,4,true,true,false,true,false,false,false,false,false,false
GitHub,relation_test_code_smell_ML,C:\Users\ismak\Documents\GitHub\relation_test_code_smell_ML\dataset\projects\guava\guava-tests\test\com\google\common\escape\ArrayBasedEscaperMapTest.java,dataset/projects/guava/guava-tests/test/com/google/common/escape/ArrayBasedEscaperMapTest.java,ArrayBasedEscaperMapTest.java,ArrayBasedEscaperMapTest,7,4,13,4,0,4,true,true,false,true,false,false,false,false,false,false
GitHub,relation_test_code_smell_ML,C:\Users\ismak\Documents\GitHub\relation_test_code_smell_ML\dataset\projects\guava\guava-tests\test\com\google\common\escape\ArrayBasedUnicodeEscaperTest.java,dataset/projects/guava/guava-tests/test/com/google/common/escape/ArrayBasedUnicodeEscaperTest.java,ArrayBasedUnicodeEscaperTest.java,ArrayBasedUnicodeEscaperTest,7,10,27,5,0,5,true,true,false,true,false,false,false,false,false,false
GitHub,relation_test_code_smell_ML,C:\Users\ismak\Documents\GitHub\relation_test_code_smell_ML\dataset\projects\guava\guava-tests\test\com\google\common\escape\CharEscaperBuilderTest.java,dataset/projects/guava/guava-tests/test/com/google/common/escape/CharEscaperBuilderTest.java,CharEscaperBuilderTest.java,CharEscaperBuilderTest,3,1,4,1,0,1,true,true,false,true,false,false,false,false,false,false
GitHub,relation_test_code_smell_ML,C:\Users\ismak\Documents\GitHub\relation_test_code_smell_ML\dataset\projects\guava\guava-tests\test\com\google\common\escape\EscapersTest.java,dataset/projects/guava/guava-tests/test/com/google/common/escape/EscapersTest.java,EscapersTest.java,EscapersTest,6,5,28,5,0,5,true,true,false,true,false,false,false,false,false,false
GitHub,relation_test_code_smell_ML,C:\Users\ismak\Documents\GitHub\relation_test_code_smell_ML\dataset\projects\guava\guava-tests\test\com\google\common\escape\PackageSanityTest.java,dataset/projects/guava/guava-tests/test/com/google/common/escape/PackageSanityTest.java,PackageSanityTest.java,PackageSanityTest,4,0,0,0,0,0,true,true,false,false,false,false,false,false,false,false
GitHub,relation_test_code_smell_ML,C:\Users\ismak\Documents\GitHub\relation_test_code_smell_ML\dataset\projects\guava\guava-tests\test\com\google\common\escape\UnicodeEscaperTest.java,dataset/projects/guava/guava-tests/test/com/google/common/escape/UnicodeEscaperTest.java,UnicodeEscaperTest.java,UnicodeEscaperTest,7,14,44,9,0,9,true,true,false,true,false,false,false,false,false,false
GitHub,relation_test_code_smell_ML,C:\Users\ismak\Documents\GitHub\relation_test_code_smell_ML\dataset\projects\guava\guava-tests\test\com\google\common\eventbus\AsyncEventBusTest.java,dataset/projects/guava/guava-tests/test/com/google/common/eventbus/AsyncEventBusTest.java,AsyncEventBusTest.java,FakeExecutor,6,4,15,1,0,1,true,false,false,true,false,false,false,false,false,false
GitHub,relation_test_code_smell_ML,C:\Users\ismak\Documents\GitHub\relation_test_code_smell_ML\dataset\projects\guava\guava-tests\test\com\google\common\eventbus\DispatcherTest.java,dataset/projects/guava/guava-tests/test/com/google/common/eventbus/DispatcherTest.java,DispatcherTest.java,StringSubscriber,9,8,19,3,0,3,true,false,false,true,false,false,false,false,false,false
GitHub,relation_test_code_smell_ML,C:\Users\ismak\Documents\GitHub\relation_test_code_smell_ML\dataset\projects\guava\guava-tests\test\com\google\common\eventbus\EventBusTest.java,dataset/projects/guava/guava-tests/test/com/google/common/eventbus/EventBusTest.java,EventBusTest.java,Callback,14,25,111,12,0,12,true,false,false,true,false,false,false,false,false,false
GitHub,relation_test_code_smell_ML,C:\Users\ismak\Documents\GitHub\relation_test_code_smell_ML\dataset\projects\guava\guava-tests\test\com\google\common\eventbus\outside\AbstractEventBusTest.java,dataset/projects/guava/guava-tests/test/com/google/common/eventbus/outside/AbstractEventBusTest.java,AbstractEventBusTest.java,AbstractEventBusTest,3,4,6,0,0,0,true,true,false,true,false,false,false,false,false,false
GitHub,relation_test_code_smell_ML,C:\Users\ismak\Documents\GitHub\relation_test_code_smell_ML\dataset\projects\guava\guava-tests\test\com\google\common\eventbus\outside\AbstractNotAnnotatedInSuperclassTest.java,dataset/projects/guava/guava-tests/test/com/google/common/eventbus/outside/AbstractNotAnnotatedInSuperclassTest.java,AbstractNotAnnotatedInSuperclassTest.java,SubClass,5,7,5,2,0,2,true,false,false,false,false,false,false,false,false,false
GitHub,relation_test_code_smell_ML,C:\Users\ismak\Documents\GitHub\relation_test_code_smell_ML\dataset\projects\guava\guava-tests\test\com\google\common\eventbus\outside\AnnotatedAndAbstractInSuperclassTest.java,dataset/projects/guava/guava-tests/test/com/google/common/eventbus/outside/AnnotatedAndAbstractInSuperclassTest.java,AnnotatedAndAbstractInSuperclassTest.java,SubClass,5,7,5,2,0,2,true,false,false,false,false,false,false,false,false,false
GitHub,relation_test_code_smell_ML,C:\Users\ismak\Documents\GitHub\relation_test_code_smell_ML\dataset\projects\guava\guava-tests\test\com\google\common\eventbus\outside\AnnotatedNotAbstractInSuperclassTest.java,dataset/projects/guava/guava-tests/test/com/google/common/eventbus/outside/AnnotatedNotAbstractInSuperclassTest.java,AnnotatedNotAbstractInSuperclassTest.java,SubClass,5,15,17,5,0,5,true,false,false,false,false,false,false,false,false,false
GitHub,relation_test_code_smell_ML,C:\Users\ismak\Documents\GitHub\relation_test_code_smell_ML\dataset\projects\guava\guava-tests\test\com\google\common\eventbus\outside\BaseSubscriberFinderTest.java,dataset/projects/guava/guava-tests/test/com/google/common/eventbus/outside/BaseSubscriberFinderTest.java,BaseSubscriberFinderTest.java,Subscriber,5,5,5,2,0,2,true,false,false,false,false,false,false,false,false,false
GitHub,relation_test_code_smell_ML,C:\Users\ismak\Documents\GitHub\relation_test_code_smell_ML\dataset\projects\guava\guava-tests\test\com\google\common\eventbus\outside\DeepInterfaceTest.java,dataset/projects/guava/guava-tests/test/com/google/common/eventbus/outside/DeepInterfaceTest.java,DeepInterfaceTest.java,SubscriberClass,5,28,17,8,0,8,true,false,false,false,false,false,false,false,false,false
GitHub,relation_test_code_smell_ML,C:\Users\ismak\Documents\GitHub\relation_test_code_smell_ML\dataset\projects\guava\guava-tests\test\com\google\common\eventbus\outside\NeitherAbstractNorAnnotatedInSuperclassTest.java,dataset/projects/guava/guava-tests/test/com/google/common/eventbus/outside/NeitherAbstractNorAnnotatedInSuperclassTest.java,NeitherAbstractNorAnnotatedInSuperclassTest.java,SubClass,5,9,9,3,0,3,true,false,false,false,false,false,false,false,false,false
GitHub,relation_test_code_smell_ML,C:\Users\ismak\Documents\GitHub\relation_test_code_smell_ML\dataset\projects\guava\guava-tests\test\com\google\common\eventbus\outside\OutsideEventBusTest.java,dataset/projects/guava/guava-tests/test/com/google/common/eventbus/outside/OutsideEventBusTest.java,OutsideEventBusTest.java,OutsideEventBusTest,6,2,10,1,0,1,true,true,false,true,false,false,false,false,false,false
GitHub,relation_test_code_smell_ML,C:\Users\ismak\Documents\GitHub\relation_test_code_smell_ML\dataset\projects\guava\guava-tests\test\com\google\common\eventbus\PackageSanityTests.java,dataset/projects/guava/guava-tests/test/com/google/common/eventbus/PackageSanityTests.java,PackageSanityTests.java,DummySubscriber,4,4,3,0,0,0,true,false,false,false,false,false,false,false,false,false
GitHub,relation_test_code_smell_ML,C:\Users\ismak\Documents\GitHub\relation_test_code_smell_ML\dataset\projects\guava\guava-tests\test\com\google\common\eventbus\ReentrantEventsTest.java,dataset/projects/guava/guava-tests/test/com/google/common/eventbus/ReentrantEventsTest.java,ReentrantEventsTest.java,EventRecorder,5,6,17,2,0,2,true,false,false,true,false,false,false,false,false,false
GitHub,relation_test_code_smell_ML,C:\Users\ismak\Documents\GitHub\relation_test_code_smell_ML\dataset\projects\guava\guava-tests\test\com\google\common\eventbus\SubscriberRegistryTest.java,dataset/projects/guava/guava-tests/test/com/google/common/eventbus/SubscriberRegistryTest.java,SubscriberRegistryTest.java,HierarchyFixture,6,9,67,6,0,6,true,false,false,true,false,false,false,false,false,false
GitHub,relation_test_code_smell_ML,C:\Users\ismak\Documents\GitHub\relation_test_code_smell_ML\dataset\projects\guava\guava-tests\test\com\google\common\eventbus\SubscriberTest.java,dataset/projects/guava/guava-tests/test/com/google/common/eventbus/SubscriberTest.java,SubscriberTest.java,JudgmentError,8,11,28,5,0,5,true,false,false,true,false,false,false,false,false,false
GitHub,relation_test_code_smell_ML,C:\Users\ismak\Documents\GitHub\relation_test_code_smell_ML\dataset\projects\guava\guava-tests\test\com\google\common\graph\AbstractGraphTest.java,dataset/projects/guava/guava-tests/test/com/google/common/graph/AbstractGraphTest.java,AbstractGraphTest.java,AbstractGraphTest,14,41,144,34,34,0,true,true,false,false,true,false,false,false,false,true
GitHub,relation_test_code_smell_ML,C:\Users\ismak\Documents\GitHub\relation_test_code_smell_ML\dataset\projects\guava\guava-tests\test\com\google\common\graph\AbstractNetworkTest.java,dataset/projects/guava/guava-tests/test/com/google/common/graph/AbstractNetworkTest.java,AbstractNetworkTest.java,AbstractNetworkTest,21,60,227,53,53,0,true,true,false,false,true,false,false,false,false,true
GitHub,relation_test_code_smell_ML,C:\Users\ismak\Documents\GitHub\relation_test_code_smell_ML\dataset\projects\guava\guava-tests\test\com\google\common\graph\AbstractStandardDirectedGraphTest.java,dataset/projects/guava/guava-tests/test/com/google/common/graph/AbstractStandardDirectedGraphTest.java,AbstractStandardDirectedGraphTest.java,AbstractStandardDirectedGraphTest,7,39,180,38,38,0,true,true,false,false,true,false,false,false,false,false
GitHub,relation_test_code_smell_ML,C:\Users\ismak\Documents\GitHub\relation_test_code_smell_ML\dataset\projects\guava\guava-tests\test\com\google\common\graph\AbstractStandardDirectedNetworkTest.java,dataset/projects/guava/guava-tests/test/com/google/common/graph/AbstractStandardDirectedNetworkTest.java,AbstractStandardDirectedNetworkTest.java,AbstractStandardDirectedNetworkTest,13,57,262,55,55,0,true,true,false,false,true,false,false,false,false,false
GitHub,relation_test_code_smell_ML,C:\Users\ismak\Documents\GitHub\relation_test_code_smell_ML\dataset\projects\guava\guava-tests\test\com\google\common\graph\AbstractStandardUndirectedGraphTest.java,dataset/projects/guava/guava-tests/test/com/google/common/graph/AbstractStandardUndirectedGraphTest.java,AbstractStandardUndirectedGraphTest.java,AbstractStandardUndirectedGraphTest,8,37,164,35,35,0,true,true,false,false,true,false,false,false,false,false
GitHub,relation_test_code_smell_ML,C:\Users\ismak\Documents\GitHub\relation_test_code_smell_ML\dataset\projects\guava\guava-tests\test\com\google\common\graph\AbstractStandardUndirectedNetworkTest.java,dataset/projects/guava/guava-tests/test/com/google/common/graph/AbstractStandardUndirectedNetworkTest.java,AbstractStandardUndirectedNetworkTest.java,AbstractStandardUndirectedNetworkTest,12,50,237,48,48,0,true,true,false,false,true,false,false,false,false,false
GitHub,relation_test_code_smell_ML,C:\Users\ismak\Documents\GitHub\relation_test_code_smell_ML\dataset\projects\guava\guava-tests\test\com\google\common\graph\DefaultNetworkImplementationsTest.java,dataset/projects/guava/guava-tests/test/com/google/common/graph/DefaultNetworkImplementationsTest.java,DefaultNetworkImplementationsTest.java,NetworkForTest,15,25,52,7,7,0,true,true,false,false,true,false,false,false,false,true
GitHub,relation_test_code_smell_ML,C:\Users\ismak\Documents\GitHub\relation_test_code_smell_ML\dataset\projects\guava\guava-tests\test\com\google\common\graph\ElementOrderTest.java,dataset/projects/guava/guava-tests/test/com/google/common/graph/ElementOrderTest.java,ElementOrderTest.java,ComparableSubClass,10,17,78,13,13,0,true,false,false,false,true,false,false,false,false,false
GitHub,relation_test_code_smell_ML,C:\Users\ismak\Documents\GitHub\relation_test_code_smell_ML\dataset\projects\guava\guava-tests\test\com\google\common\graph\EndpointPairTest.java,dataset/projects/guava/guava-tests/test/com/google/common/graph/EndpointPairTest.java,EndpointPairTest.java,EndpointPairTest,11,13,95,12,12,0,true,true,false,false,true,false,false,false,false,true
GitHub,relation_test_code_smell_ML,C:\Users\ismak\Documents\GitHub\relation_test_code_smell_ML\dataset\projects\guava\guava-tests\test\com\google\common\graph\GraphEquivalenceTest.java,dataset/projects/guava/guava-tests/test/com/google/common/graph/GraphEquivalenceTest.java,GraphEquivalenceTest.java,GraphEquivalenceTest,11,9,33,6,6,0,true,true,false,false,true,false,false,false,false,true
GitHub,relation_test_code_smell_ML,C:\Users\ismak\Documents\GitHub\relation_test_code_smell_ML\dataset\projects\guava\guava-tests\test\com\google\common\graph\GraphMutationTest.java,dataset/projects/guava/guava-tests/test/com/google/common/graph/GraphMutationTest.java,GraphMutationTest.java,GraphMutationTest,11,6,8,3,2,1,true,true,false,false,true,false,false,false,false,false
GitHub,relation_test_code_smell_ML,C:\Users\ismak\Documents\GitHub\relation_test_code_smell_ML\dataset\projects\guava\guava-tests\test\com\google\common\graph\GraphPropertiesTest.java,dataset/projects/guava/guava-tests/test/com/google/common/graph/GraphPropertiesTest.java,GraphPropertiesTest.java,GraphPropertiesTest,8,15,51,14,14,0,true,true,false,false,true,false,false,false,false,true
GitHub,relation_test_code_smell_ML,C:\Users\ismak\Documents\GitHub\relation_test_code_smell_ML\dataset\projects\guava\guava-tests\test\com\google\common\graph\GraphsTest.java,dataset/projects/guava/guava-tests/test/com/google/common/graph/GraphsTest.java,GraphsTest.java,GraphsTest,14,45,414,39,39,0,true,true,false,false,true,false,false,false,false,true
GitHub,relation_test_code_smell_ML,C:\Users\ismak\Documents\GitHub\relation_test_code_smell_ML\dataset\projects\guava\guava-tests\test\com\google\common\graph\ImmutableNetworkTest.java,dataset/projects/guava/guava-tests/test/com/google/common/graph/ImmutableNetworkTest.java,ImmutableNetworkTest.java,ImmutableNetworkTest,5,9,46,9,9,0,true,true,false,false,true,false,false,false,false,false
GitHub,relation_test_code_smell_ML,C:\Users\ismak\Documents\GitHub\relation_test_code_smell_ML\dataset\projects\guava\guava-tests\test\com\google\common\graph\ImmutableValueGraphTest.java,dataset/projects/guava/guava-tests/test/com/google/common/graph/ImmutableValueGraphTest.java,ImmutableValueGraphTest.java,ImmutableValueGraphTest,5,12,42,12,12,0,true,true,false,false,true,false,false,false,false,false
GitHub,relation_test_code_smell_ML,C:\Users\ismak\Documents\GitHub\relation_test_code_smell_ML\dataset\projects\guava\guava-tests\test\com\google\common\graph\InvalidatableSetTest.java,dataset/projects/guava/guava-tests/test/com/google/common/graph/InvalidatableSetTest.java,InvalidatableSetTest.java,InvalidatableSetTest,11,2,19,1,1,0,true,true,false,false,true,false,false,false,false,false
GitHub,relation_test_code_smell_ML,C:\Users\ismak\Documents\GitHub\relation_test_code_smell_ML\dataset\projects\guava\guava-tests\test\com\google\common\graph\MapCacheTest.java,dataset/projects/guava/guava-tests/test/com/google/common/graph/MapCacheTest.java,MapCacheTest.java,MapCacheTest,13,5,19,3,3,0,true,true,false,false,true,false,false,false,false,true
GitHub,relation_test_code_smell_ML,C:\Users\ismak\Documents\GitHub\relation_test_code_smell_ML\dataset\projects\guava\guava-tests\test\com\google\common\graph\NetworkEquivalenceTest.java,dataset/projects/guava/guava-tests/test/com/google/common/graph/NetworkEquivalenceTest.java,NetworkEquivalenceTest.java,NetworkEquivalenceTest,11,11,43,8,8,0,true,true,false,false,true,false,false,false,false,true
GitHub,relation_test_code_smell_ML,C:\Users\ismak\Documents\GitHub\relation_test_code_smell_ML\dataset\projects\guava\guava-tests\test\com\google\common\graph\NetworkMutationTest.java,dataset/projects/guava/guava-tests/test/com/google/common/graph/NetworkMutationTest.java,NetworkMutationTest.java,NetworkMutationTest,11,4,5,3,2,1,true,true,false,false,true,false,false,false,false,false
GitHub,relation_test_code_smell_ML,C:\Users\ismak\Documents\GitHub\relation_test_code_smell_ML\dataset\projects\guava\guava-tests\test\com\google\common\graph\PackageSanityTests.java,dataset/projects/guava/guava-tests/test/com/google/common/graph/PackageSanityTests.java,PackageSanityTests.java,PackageSanityTests,4,1,1,1,0,1,true,true,false,false,false,false,false,false,false,false
GitHub,relation_test_code_smell_ML,C:\Users\ismak\Documents\GitHub\relation_test_code_smell_ML\dataset\projects\guava\guava-tests\test\com\google\common\graph\StandardImmutableDirectedGraphTest.java,dataset/projects/guava/guava-tests/test/com/google/common/graph/StandardImmutableDirectedGraphTest.java,StandardImmutableDirectedGraphTest.java,StandardImmutableDirectedGraphTest,6,4,7,0,0,0,true,true,false,false,false,false,false,false,false,false
GitHub,relation_test_code_smell_ML,C:\Users\ismak\Documents\GitHub\relation_test_code_smell_ML\dataset\projects\guava\guava-tests\test\com\google\common\graph\StandardImmutableDirectedNetworkTest.java,dataset/projects/guava/guava-tests/test/com/google/common/graph/StandardImmutableDirectedNetworkTest.java,StandardImmutableDirectedNetworkTest.java,StandardImmutableDirectedNetworkTest,7,4,8,0,0,0,true,true,false,false,false,false,false,false,false,false
GitHub,relation_test_code_smell_ML,C:\Users\ismak\Documents\GitHub\relation_test_code_smell_ML\dataset\projects\guava\guava-tests\test\com\google\common\graph\StandardImmutableGraphAdditionalTest.java,dataset/projects/guava/guava-tests/test/com/google/common/graph/StandardImmutableGraphAdditionalTest.java,StandardImmutableGraphAdditionalTest.java,StandardImmutableGraphAdditionalTest,5,9,34,9,9,0,true,true,false,false,true,false,false,false,false,false
GitHub,relation_test_code_smell_ML,C:\Users\ismak\Documents\GitHub\relation_test_code_smell_ML\dataset\projects\guava\guava-tests\test\com\google\common\graph\StandardImmutableUndirectedGraphTest.java,dataset/projects/guava/guava-tests/test/com/google/common/graph/StandardImmutableUndirectedGraphTest.java,StandardImmutableUndirectedGraphTest.java,StandardImmutableUndirectedGraphTest,6,4,7,0,0,0,true,true,false,false,false,false,false,false,false,false
GitHub,relation_test_code_smell_ML,C:\Users\ismak\Documents\GitHub\relation_test_code_smell_ML\dataset\projects\guava\guava-tests\test\com\google\common\graph\StandardMutableDirectedGraphTest.java,dataset/projects/guava/guava-tests/test/com/google/common/graph/StandardMutableDirectedGraphTest.java,StandardMutableDirectedGraphTest.java,StandardMutableDirectedGraphTest,6,4,4,0,0,0,true,true,false,false,false,false,false,false,false,false
GitHub,relation_test_code_smell_ML,C:\Users\ismak\Documents\GitHub\relation_test_code_smell_ML\dataset\projects\guava\guava-tests\test\com\google\common\graph\StandardMutableDirectedNetworkTest.java,dataset/projects/guava/guava-tests/test/com/google/common/graph/StandardMutableDirectedNetworkTest.java,StandardMutableDirectedNetworkTest.java,StandardMutableDirectedNetworkTest,7,4,5,0,0,0,true,true,false,false,false,false,false,false,false,false
GitHub,relation_test_code_smell_ML,C:\Users\ismak\Documents\GitHub\relation_test_code_smell_ML\dataset\projects\guava\guava-tests\test\com\google\common\graph\StandardMutableUndirectedGraphTest.java,dataset/projects/guava/guava-tests/test/com/google/common/graph/StandardMutableUndirectedGraphTest.java,StandardMutableUndirectedGraphTest.java,StandardMutableUndirectedGraphTest,6,4,4,0,0,0,true,true,false,false,false,false,false,false,false,false
GitHub,relation_test_code_smell_ML,C:\Users\ismak\Documents\GitHub\relation_test_code_smell_ML\dataset\projects\guava\guava-tests\test\com\google\common\graph\StandardMutableUndirectedNetworkTest.java,dataset/projects/guava/guava-tests/test/com/google/common/graph/StandardMutableUndirectedNetworkTest.java,StandardMutableUndirectedNetworkTest.java,StandardMutableUndirectedNetworkTest,7,4,5,0,0,0,true,true,false,false,false,false,false,false,false,false
GitHub,relation_test_code_smell_ML,C:\Users\ismak\Documents\GitHub\relation_test_code_smell_ML\dataset\projects\guava\guava-tests\test\com\google\common\graph\TestUtil.java,dataset/projects/guava/guava-tests/test/com/google/common/graph/TestUtil.java,TestUtil.java,TestUtil,7,8,24,0,0,0,true,true,false,false,false,false,false,false,false,true
GitHub,relation_test_code_smell_ML,C:\Users\ismak\Documents\GitHub\relation_test_code_smell_ML\dataset\projects\guava\guava-tests\test\com\google\common\graph\TraverserTest.java,dataset/projects/guava/guava-tests/test/com/google/common/graph/TraverserTest.java,TraverserTest.java,RequestSavingGraph,15,121,420,112,112,0,true,false,false,false,true,false,false,false,false,false
GitHub,relation_test_code_smell_ML,C:\Users\ismak\Documents\GitHub\relation_test_code_smell_ML\dataset\projects\guava\guava-tests\test\com\google\common\graph\ValueGraphTest.java,dataset/projects/guava/guava-tests/test/com/google/common/graph/ValueGraphTest.java,ValueGraphTest.java,ValueGraphTest,16,36,232,35,35,0,true,true,false,false,true,false,false,false,false,true
GitHub,relation_test_code_smell_ML,C:\Users\ismak\Documents\GitHub\relation_test_code_smell_ML\dataset\projects\guava\guava-tests\test\com\google\common\hash\AbstractByteHasherTest.java,dataset/projects/guava/guava-tests/test/com/google/common/hash/AbstractByteHasherTest.java,AbstractByteHasherTest.java,TestHasher,8,14,37,9,0,9,true,true,false,true,false,false,false,false,false,false
GitHub,relation_test_code_smell_ML,C:\Users\ismak\Documents\GitHub\relation_test_code_smell_ML\dataset\projects\guava\guava-tests\test\com\google\common\hash\AbstractNonStreamingHashFunctionTest.java,dataset/projects/guava/guava-tests/test/com/google/common/hash/AbstractNonStreamingHashFunctionTest.java,AbstractNonStreamingHashFunctionTest.java,NonStreamingVersion,10,15,24,6,0,6,true,false,false,true,false,false,false,false,false,false
GitHub,relation_test_code_smell_ML,C:\Users\ismak\Documents\GitHub\relation_test_code_smell_ML\dataset\projects\guava\guava-tests\test\com\google\common\hash\AbstractStreamingHasherTest.java,dataset/projects/guava/guava-tests/test/com/google/common/hash/AbstractStreamingHasherTest.java,AbstractStreamingHasherTest.java,Control,16,18,72,10,0,10,true,false,false,true,false,false,false,false,false,true
GitHub,relation_test_code_smell_ML,C:\Users\ismak\Documents\GitHub\relation_test_code_smell_ML\dataset\projects\guava\guava-tests\test\com\google\common\hash\BloomFilterTest.java,dataset/projects/guava/guava-tests/test/com/google/common/hash/BloomFilterTest.java,BloomFilterTest.java,CustomFunnel,33,41,199,33,0,33,true,false,false,true,false,false,false,false,false,false
GitHub,relation_test_code_smell_ML,C:\Users\ismak\Documents\GitHub\relation_test_code_smell_ML\dataset\projects\guava\guava-tests\test\com\google\common\hash\ChecksumHashFunctionTest.java,dataset/projects/guava/guava-tests/test/com/google/common/hash/ChecksumHashFunctionTest.java,ChecksumHashFunctionTest.java,ChecksumHashFunctionTest,7,6,35,4,0,4,true,true,false,true,false,false,false,false,false,false
GitHub,relation_test_code_smell_ML,C:\Users\ismak\Documents\GitHub\relation_test_code_smell_ML\dataset\projects\guava\guava-tests\test\com\google\common\hash\Crc32cHashFunctionTest.java,dataset/projects/guava/guava-tests/test/com/google/common/hash/Crc32cHashFunctionTest.java,Crc32cHashFunctionTest.java,Crc32cHashFunctionTest,7,16,47,13,0,13,true,true,false,true,false,false,false,false,false,false
GitHub,relation_test_code_smell_ML,C:\Users\ismak\Documents\GitHub\relation_test_code_smell_ML\dataset\projects\guava\guava-tests\test\com\google\common\hash\FarmHashFingerprint64Test.java,dataset/projects/guava/guava-tests/test/com/google/common/hash/FarmHashFingerprint64Test.java,FarmHashFingerprint64Test.java,FarmHashFingerprint64Test,8,10,49,6,0,6,true,true,false,true,false,false,false,false,false,false
GitHub,relation_test_code_smell_ML,C:\Users\ismak\Documents\GitHub\relation_test_code_smell_ML\dataset\projects\guava\guava-tests\test\com\google\common\hash\Fingerprint2011Test.java,dataset/projects/guava/guava-tests/test/com/google/common/hash/Fingerprint2011Test.java,Fingerprint2011Test.java,Fingerprint2011Test,12,11,53,7,0,7,true,true,false,true,false,false,false,false,false,false
GitHub,relation_test_code_smell_ML,C:\Users\ismak\Documents\GitHub\relation_test_code_smell_ML\dataset\projects\guava\guava-tests\test\com\google\common\hash\FunnelsTest.java,dataset/projects/guava/guava-tests/test/com/google/common/hash/FunnelsTest.java,FunnelsTest.java,FunnelsTest,23,17,49,14,0,14,true,true,false,true,false,false,false,false,false,false
GitHub,relation_test_code_smell_ML,C:\Users\ismak\Documents\GitHub\relation_test_code_smell_ML\dataset\projects\guava\guava-tests\test\com\google\common\hash\HashCodeTest.java,dataset/projects/guava/guava-tests/test/com/google/common/hash/HashCodeTest.java,HashCodeTest.java,ExpectedHashCode,13,36,108,31,0,31,true,false,false,true,false,false,false,false,false,false
GitHub,relation_test_code_smell_ML,C:\Users\ismak\Documents\GitHub\relation_test_code_smell_ML\dataset\projects\guava\guava-tests\test\com\google\common\hash\HashingInputStreamTest.java,dataset/projects/guava/guava-tests/test/com/google/common/hash/HashingInputStreamTest.java,HashingInputStreamTest.java,HashingInputStreamTest,12,9,62,8,0,8,true,true,false,true,false,false,false,false,false,false
GitHub,relation_test_code_smell_ML,C:\Users\ismak\Documents\GitHub\relation_test_code_smell_ML\dataset\projects\guava\guava-tests\test\com\google\common\hash\HashingOutputStreamTest.java,dataset/projects/guava/guava-tests/test/com/google/common/hash/HashingOutputStreamTest.java,HashingOutputStreamTest.java,HashingOutputStreamTest,10,6,31,5,0,5,true,true,false,true,false,false,false,false,false,false
GitHub,relation_test_code_smell_ML,C:\Users\ismak\Documents\GitHub\relation_test_code_smell_ML\dataset\projects\guava\guava-tests\test\com\google\common\hash\HashingTest.java,dataset/projects/guava/guava-tests/test/com/google/common/hash/HashingTest.java,HashingTest.java,HashingTest,24,46,172,40,0,40,true,true,false,true,false,false,false,false,false,true
GitHub,relation_test_code_smell_ML,C:\Users\ismak\Documents\GitHub\relation_test_code_smell_ML\dataset\projects\guava\guava-tests\test\com\google\common\hash\MacHashFunctionTest.java,dataset/projects/guava/guava-tests/test/com/google/common/hash/MacHashFunctionTest.java,MacHashFunctionTest.java,MacHashFunctionTest,23,41,126,28,0,28,true,true,false,true,false,false,false,false,false,true
GitHub,relation_test_code_smell_ML,C:\Users\ismak\Documents\GitHub\relation_test_code_smell_ML\dataset\projects\guava\guava-tests\test\com\google\common\hash\MessageDigestHashFunctionTest.java,dataset/projects/guava/guava-tests/test/com/google/common/hash/MessageDigestHashFunctionTest.java,MessageDigestHashFunctionTest.java,MessageDigestHashFunctionTest,12,5,17,4,0,4,true,true,false,true,false,false,false,false,false,false
GitHub,relation_test_code_smell_ML,C:\Users\ismak\Documents\GitHub\relation_test_code_smell_ML\dataset\projects\guava\guava-tests\test\com\google\common\hash\Murmur3Hash128Test.java,dataset/projects/guava/guava-tests/test/com/google/common/hash/Murmur3Hash128Test.java,Murmur3Hash128Test.java,Murmur3Hash128Test,10,6,23,3,0,3,true,true,false,true,false,false,false,false,false,false
GitHub,relation_test_code_smell_ML,C:\Users\ismak\Documents\GitHub\relation_test_code_smell_ML\dataset\projects\guava\guava-tests\test\com\google\common\hash\Murmur3Hash32Test.java,dataset/projects/guava/guava-tests/test/com/google/common/hash/Murmur3Hash32Test.java,Murmur3Hash32Test.java,Murmur3Hash32Test,12,16,63,11,0,11,true,true,false,true,false,false,false,false,false,false
GitHub,relation_test_code_smell_ML,C:\Users\ismak\Documents\GitHub\relation_test_code_smell_ML\dataset\projects\guava\guava-tests\test\com\google\common\hash\PackageSanityTests.java,dataset/projects/guava/guava-tests/test/com/google/common/hash/PackageSanityTests.java,PackageSanityTests.java,PackageSanityTests,4,0,0,0,0,0,true,true,false,false,false,false,false,false,false,false
GitHub,relation_test_code_smell_ML,C:\Users\ismak\Documents\GitHub\relation_test_code_smell_ML\dataset\projects\guava\guava-tests\test\com\google\common\hash\SipHashFunctionTest.java,dataset/projects/guava/guava-tests/test/com/google/common/hash/SipHashFunctionTest.java,SipHashFunctionTest.java,SipHashFunctionTest,7,7,27,5,0,5,true,true,false,true,false,false,false,false,false,false
GitHub,relation_test_code_smell_ML,C:\Users\ismak\Documents\GitHub\relation_test_code_smell_ML\dataset\projects\guava\guava-tests\test\com\google\common\hash\TestPlatform.java,dataset/projects/guava/guava-tests/test/com/google/common/hash/TestPlatform.java,TestPlatform.java,TestPlatform,10,3,3,0,0,0,true,true,false,false,false,false,false,false,false,false
GitHub,relation_test_code_smell_ML,C:\Users\ismak\Documents\GitHub\relation_test_code_smell_ML\dataset\projects\guava\guava-tests\test\com\google\common\html\HtmlEscapersTest.java,dataset/projects/guava/guava-tests/test/com/google/common/html/HtmlEscapersTest.java,HtmlEscapersTest.java,HtmlEscapersTest,5,1,15,1,0,1,true,true,false,true,false,false,false,false,false,false
GitHub,relation_test_code_smell_ML,C:\Users\ismak\Documents\GitHub\relation_test_code_smell_ML\dataset\projects\guava\guava-tests\test\com\google\common\io\AppendableWriterTest.java,dataset/projects/guava/guava-tests/test/com/google/common/io/AppendableWriterTest.java,AppendableWriterTest.java,SpyAppendable,7,9,42,4,0,4,true,false,false,false,false,false,false,false,false,false
GitHub,relation_test_code_smell_ML,C:\Users\ismak\Documents\GitHub\relation_test_code_smell_ML\dataset\projects\guava\guava-tests\test\com\google\common\io\BaseEncodingTest.java,dataset/projects/guava/guava-tests/test/com/google/common/io/BaseEncodingTest.java,BaseEncodingTest.java,BaseEncodingTest,24,59,236,52,0,52,true,true,false,true,false,false,false,false,false,false
GitHub,relation_test_code_smell_ML,C:\Users\ismak\Documents\GitHub\relation_test_code_smell_ML\dataset\projects\guava\guava-tests\test\com\google\common\io\ByteSinkTest.java,dataset/projects/guava/guava-tests/test/com/google/common/io/ByteSinkTest.java,ByteSinkTest.java,ByteSinkTest,11,8,28,7,0,7,true,true,false,false,false,false,false,false,false,false
GitHub,relation_test_code_smell_ML,C:\Users\ismak\Documents\GitHub\relation_test_code_smell_ML\dataset\projects\guava\guava-tests\test\com\google\common\io\ByteSourceTest.java,dataset/projects/guava/guava-tests/test/com/google/common/io/ByteSourceTest.java,ByteSourceTest.java,In,28,34,129,19,0,19,true,false,false,false,false,false,false,false,false,true
GitHub,relation_test_code_smell_ML,C:\Users\ismak\Documents\GitHub\relation_test_code_smell_ML\dataset\projects\guava\guava-tests\test\com\google\common\io\ByteStreamsTest.java,dataset/projects/guava/guava-tests/test/com/google/common/io/ByteStreamsTest.java,ByteStreamsTest.java,UnmarkableInputStream,25,66,298,57,0,57,true,false,false,false,false,false,false,false,false,false
GitHub,relation_test_code_smell_ML,C:\Users\ismak\Documents\GitHub\relation_test_code_smell_ML\dataset\projects\guava\guava-tests\test\com\google\common\io\CharSequenceReaderTest.java,dataset/projects/guava/guava-tests/test/com/google/common/io/CharSequenceReaderTest.java,CharSequenceReaderTest.java,CharSequenceReaderTest,6,8,81,5,0,5,true,true,false,true,false,false,false,false,false,false
GitHub,relation_test_code_smell_ML,C:\Users\ismak\Documents\GitHub\relation_test_code_smell_ML\dataset\projects\guava\guava-tests\test\com\google\common\io\CharSinkTest.java,dataset/projects/guava/guava-tests/test/com/google/common/io/CharSinkTest.java,CharSinkTest.java,CharSinkTest,13,12,37,11,0,11,true,true,false,false,false,false,false,false,false,false
GitHub,relation_test_code_smell_ML,C:\Users\ismak\Documents\GitHub\relation_test_code_smell_ML\dataset\projects\guava\guava-tests\test\com\google\common\io\CharSourceTest.java,dataset/projects/guava/guava-tests/test/com/google/common/io/CharSourceTest.java,CharSourceTest.java,CharSourceTest,21,27,96,17,0,17,true,true,false,false,false,false,false,false,false,true
GitHub,relation_test_code_smell_ML,C:\Users\ismak\Documents\GitHub\relation_test_code_smell_ML\dataset\projects\guava\guava-tests\test\com\google\common\io\CharStreamsTest.java,dataset/projects/guava/guava-tests/test/com/google/common/io/CharStreamsTest.java,CharStreamsTest.java,CharStreamsTest,15,29,123,15,0,15,true,true,false,false,false,false,false,false,false,false
GitHub,relation_test_code_smell_ML,C:\Users\ismak\Documents\GitHub\relation_test_code_smell_ML\dataset\projects\guava\guava-tests\test\com\google\common\io\CloseablesTest.java,dataset/projects/guava/guava-tests/test/com/google/common/io/CloseablesTest.java,CloseablesTest.java,CloseablesTest,9,10,23,9,0,9,true,true,false,true,false,false,false,false,false,false
GitHub,relation_test_code_smell_ML,C:\Users\ismak\Documents\GitHub\relation_test_code_smell_ML\dataset\projects\guava\guava-tests\test\com\google\common\io\CloserTest.java,dataset/projects/guava/guava-tests/test/com/google/common/io/CloserTest.java,CloserTest.java,TestCloseable,14,22,117,11,0,11,true,true,false,true,false,false,false,false,false,true
GitHub,relation_test_code_smell_ML,C:\Users\ismak\Documents\GitHub\relation_test_code_smell_ML\dataset\projects\guava\guava-tests\test\com\google\common\io\CountingInputStreamTest.java,dataset/projects/guava/guava-tests/test/com/google/common/io/CountingInputStreamTest.java,CountingInputStreamTest.java,UnmarkableInputStream,6,12,38,9,0,9,true,false,false,false,false,false,false,false,false,false
GitHub,relation_test_code_smell_ML,C:\Users\ismak\Documents\GitHub\relation_test_code_smell_ML\dataset\projects\guava\guava-tests\test\com\google\common\io\CountingOutputStreamTest.java,dataset/projects/guava/guava-tests/test/com/google/common/io/CountingOutputStreamTest.java,CountingOutputStreamTest.java,CountingOutputStreamTest,3,1,25,1,0,1,true,true,false,false,false,false,false,false,false,false
GitHub,relation_test_code_smell_ML,C:\Users\ismak\Documents\GitHub\relation_test_code_smell_ML\dataset\projects\guava\guava-tests\test\com\google\common\io\FileBackedOutputStreamTest.java,dataset/projects/guava/guava-tests/test/com/google/common/io/FileBackedOutputStreamTest.java,FileBackedOutputStreamTest.java,FileAndWeakByteSource,17,11,77,7,0,7,true,false,false,false,false,false,false,false,false,true
GitHub,relation_test_code_smell_ML,C:\Users\ismak\Documents\GitHub\relation_test_code_smell_ML\dataset\projects\guava\guava-tests\test\com\google\common\io\FilesCreateTempDirTest.java,dataset/projects/guava/guava-tests/test/com/google/common/io/FilesCreateTempDirTest.java,FilesCreateTempDirTest.java,FilesCreateTempDirTest,12,5,9,2,0,2,true,true,false,true,false,false,false,false,false,false
GitHub,relation_test_code_smell_ML,C:\Users\ismak\Documents\GitHub\relation_test_code_smell_ML\dataset\projects\guava\guava-tests\test\com\google\common\io\FilesFileTraverserTest.java,dataset/projects/guava/guava-tests/test/com/google/common/io/FilesFileTraverserTest.java,FilesFileTraverserTest.java,FilesFileTraverserTest,6,11,31,8,0,8,true,true,false,false,false,false,false,false,false,false
GitHub,relation_test_code_smell_ML,C:\Users\ismak\Documents\GitHub\relation_test_code_smell_ML\dataset\projects\guava\guava-tests\test\com\google\common\io\FilesSimplifyPathTest.java,dataset/projects/guava/guava-tests/test/com/google/common/io/FilesSimplifyPathTest.java,FilesSimplifyPathTest.java,FilesSimplifyPathTest,10,35,110,34,0,34,true,true,false,true,false,false,false,false,false,false
GitHub,relation_test_code_smell_ML,C:\Users\ismak\Documents\GitHub\relation_test_code_smell_ML\dataset\projects\guava\guava-tests\test\com\google\common\io\FilesTest.java,dataset/projects/guava/guava-tests/test/com/google/common/io/FilesTest.java,FilesTest.java,UnmovableFile,24,56,289,39,0,39,true,false,false,false,false,false,false,false,false,false
GitHub,relation_test_code_smell_ML,C:\Users\ismak\Documents\GitHub\relation_test_code_smell_ML\dataset\projects\guava\guava-tests\test\com\google\common\io\FlushablesTest.java,dataset/projects/guava/guava-tests/test/com/google/common/io/FlushablesTest.java,FlushablesTest.java,FlushablesTest,7,5,15,5,0,5,true,true,false,true,false,false,false,false,false,false
GitHub,relation_test_code_smell_ML,C:\Users\ismak\Documents\GitHub\relation_test_code_smell_ML\dataset\projects\guava\guava-tests\test\com\google\common\io\LineBufferTest.java,dataset/projects/guava/guava-tests/test/com/google/common/io/LineBufferTest.java,LineBufferTest.java,LineBufferTest,14,10,42,1,0,1,true,true,false,false,false,false,false,false,false,false
GitHub,relation_test_code_smell_ML,C:\Users\ismak\Documents\GitHub\relation_test_code_smell_ML\dataset\projects\guava\guava-tests\test\com\google\common\io\LittleEndianDataInputStreamTest.java,dataset/projects/guava/guava-tests/test/com/google/common/io/LittleEndianDataInputStreamTest.java,LittleEndianDataInputStreamTest.java,LittleEndianDataInputStreamTest,11,8,63,6,0,6,true,true,false,true,false,false,false,false,false,false
GitHub,relation_test_code_smell_ML,C:\Users\ismak\Documents\GitHub\relation_test_code_smell_ML\dataset\projects\guava\guava-tests\test\com\google\common\io\LittleEndianDataOutputStreamTest.java,dataset/projects/guava/guava-tests/test/com/google/common/io/LittleEndianDataOutputStreamTest.java,LittleEndianDataOutputStreamTest.java,LittleEndianDataOutputStreamTest,10,5,64,4,0,4,true,true,false,true,false,false,false,false,false,false
GitHub,relation_test_code_smell_ML,C:\Users\ismak\Documents\GitHub\relation_test_code_smell_ML\dataset\projects\guava\guava-tests\test\com\google\common\io\MoreFilesFileTraverserTest.java,dataset/projects/guava/guava-tests/test/com/google/common/io/MoreFilesFileTraverserTest.java,MoreFilesFileTraverserTest.java,MoreFilesFileTraverserTest,10,12,33,8,0,8,true,true,false,true,false,false,false,false,false,false
GitHub,relation_test_code_smell_ML,C:\Users\ismak\Documents\GitHub\relation_test_code_smell_ML\dataset\projects\guava\guava-tests\test\com\google\common\io\MoreFilesTest.java,dataset/projects/guava/guava-tests/test/com/google/common/io/MoreFilesTest.java,MoreFilesTest.java,MoreFilesTest,31,47,135,30,0,30,true,true,false,true,false,false,false,false,false,true
GitHub,relation_test_code_smell_ML,C:\Users\ismak\Documents\GitHub\relation_test_code_smell_ML\dataset\projects\guava\guava-tests\test\com\google\common\io\MultiInputStreamTest.java,dataset/projects/guava/guava-tests/test/com/google/common/io/MultiInputStreamTest.java,MultiInputStreamTest.java,MultiInputStreamTest,10,14,46,6,0,6,true,true,false,false,false,false,false,false,false,false
GitHub,relation_test_code_smell_ML,C:\Users\ismak\Documents\GitHub\relation_test_code_smell_ML\dataset\projects\guava\guava-tests\test\com\google\common\io\MultiReaderTest.java,dataset/projects/guava/guava-tests/test/com/google/common/io/MultiReaderTest.java,MultiReaderTest.java,MultiReaderTest,8,9,42,5,0,5,true,true,false,true,false,false,false,false,false,false
GitHub,relation_test_code_smell_ML,C:\Users\ismak\Documents\GitHub\relation_test_code_smell_ML\dataset\projects\guava\guava-tests\test\com\google\common\io\PackageSanityTests.java,dataset/projects/guava/guava-tests/test/com/google/common/io/PackageSanityTests.java,PackageSanityTests.java,PackageSanityTests,6,0,0,0,0,0,true,true,false,false,false,false,false,false,false,false
GitHub,relation_test_code_smell_ML,C:\Users\ismak\Documents\GitHub\relation_test_code_smell_ML\dataset\projects\guava\guava-tests\test\com\google\common\io\PatternFilenameFilterTest.java,dataset/projects/guava/guava-tests/test/com/google/common/io/PatternFilenameFilterTest.java,PatternFilenameFilterTest.java,PatternFilenameFilterTest,8,3,12,3,0,3,true,true,false,true,false,false,false,false,false,false
GitHub,relation_test_code_smell_ML,C:\Users\ismak\Documents\GitHub\relation_test_code_smell_ML\dataset\projects\guava\guava-tests\test\com\google\common\io\ResourcesTest.java,dataset/projects/guava/guava-tests/test/com/google/common/io/ResourcesTest.java,ResourcesTest.java,ResourcesTest,17,16,44,12,0,12,true,true,false,false,false,false,false,false,false,true
GitHub,relation_test_code_smell_ML,C:\Users\ismak\Documents\GitHub\relation_test_code_smell_ML\dataset\projects\guava\guava-tests\test\com\google\common\io\TestByteSink.java,dataset/projects/guava/guava-tests/test/com/google/common/io/TestByteSink.java,TestByteSink.java,TestByteSink,6,4,6,0,0,0,true,true,false,false,false,false,false,false,false,false
GitHub,relation_test_code_smell_ML,C:\Users\ismak\Documents\GitHub\relation_test_code_smell_ML\dataset\projects\guava\guava-tests\test\com\google\common\io\TestByteSource.java,dataset/projects/guava/guava-tests/test/com/google/common/io/TestByteSource.java,TestByteSource.java,TestByteSource,8,3,4,0,0,0,true,true,false,false,false,false,false,false,false,false
GitHub,relation_test_code_smell_ML,C:\Users\ismak\Documents\GitHub\relation_test_code_smell_ML\dataset\projects\guava\guava-tests\test\com\google\common\io\TestCharSink.java,dataset/projects/guava/guava-tests/test/com/google/common/io/TestCharSink.java,TestCharSink.java,TestCharSink,6,7,10,0,0,0,true,true,false,false,false,false,false,false,false,false
GitHub,relation_test_code_smell_ML,C:\Users\ismak\Documents\GitHub\relation_test_code_smell_ML\dataset\projects\guava\guava-tests\test\com\google\common\io\TestCharSource.java,dataset/projects/guava/guava-tests/test/com/google/common/io/TestCharSource.java,TestCharSource.java,TestCharSource,5,3,3,0,0,0,true,true,false,false,false,false,false,false,false,false
GitHub,relation_test_code_smell_ML,C:\Users\ismak\Documents\GitHub\relation_test_code_smell_ML\dataset\projects\guava\guava-tests\test\com\google\common\io\TestInputStream.java,dataset/projects/guava/guava-tests/test/com/google/common/io/TestInputStream.java,TestInputStream.java,TestInputStream,11,9,20,0,0,0,true,true,false,false,false,false,false,false,false,false
GitHub,relation_test_code_smell_ML,C:\Users\ismak\Documents\GitHub\relation_test_code_smell_ML\dataset\projects\guava\guava-tests\test\com\google\common\io\TestOutputStream.java,dataset/projects/guava/guava-tests/test/com/google/common/io/TestOutputStream.java,TestOutputStream.java,TestOutputStream,10,9,20,0,0,0,true,true,false,false,false,false,false,false,false,false
GitHub,relation_test_code_smell_ML,C:\Users\ismak\Documents\GitHub\relation_test_code_smell_ML\dataset\projects\guava\guava-tests\test\com\google\common\io\TestReader.java,dataset/projects/guava/guava-tests/test/com/google/common/io/TestReader.java,TestReader.java,TestReader,7,1,1,0,0,0,true,true,false,false,false,false,false,false,false,false
GitHub,relation_test_code_smell_ML,C:\Users\ismak\Documents\GitHub\relation_test_code_smell_ML\dataset\projects\guava\guava-tests\test\com\google\common\io\TestStreamSupplier.java,dataset/projects/guava/guava-tests/test/com/google/common/io/TestStreamSupplier.java,TestStreamSupplier.java,TestStreamSupplier,1,2,0,0,0,0,true,true,false,false,false,false,false,false,false,false
GitHub,relation_test_code_smell_ML,C:\Users\ismak\Documents\GitHub\relation_test_code_smell_ML\dataset\projects\guava\guava-tests\test\com\google\common\io\TestWriter.java,dataset/projects/guava/guava-tests/test/com/google/common/io/TestWriter.java,TestWriter.java,TestWriter,6,4,7,0,0,0,true,true,false,false,false,false,false,false,false,false
GitHub,relation_test_code_smell_ML,C:\Users\ismak\Documents\GitHub\relation_test_code_smell_ML\dataset\projects\guava\guava-tests\test\com\google\common\math\BigDecimalMathTest.java,dataset/projects/guava/guava-tests/test/com/google/common/math/BigDecimalMathTest.java,BigDecimalMathTest.java,RoundToDoubleTester,24,26,44,24,0,24,true,false,false,true,false,false,false,false,false,false
GitHub,relation_test_code_smell_ML,C:\Users\ismak\Documents\GitHub\relation_test_code_smell_ML\dataset\projects\guava\guava-tests\test\com\google\common\math\BigIntegerMathTest.java,dataset/projects/guava/guava-tests/test/com/google/common/math/BigIntegerMathTest.java,BigIntegerMathTest.java,RoundToDoubleTester,38,68,89,64,0,64,true,false,false,true,false,false,false,false,false,true
GitHub,relation_test_code_smell_ML,C:\Users\ismak\Documents\GitHub\relation_test_code_smell_ML\dataset\projects\guava\guava-tests\test\com\google\common\math\DoubleMathTest.java,dataset/projects/guava/guava-tests/test/com/google/common/math/DoubleMathTest.java,DoubleMathTest.java,DoubleMathTest,36,70,100,68,0,68,true,true,false,true,false,false,false,false,false,false
GitHub,relation_test_code_smell_ML,C:\Users\ismak\Documents\GitHub\relation_test_code_smell_ML\dataset\projects\guava\guava-tests\test\com\google\common\math\DoubleUtilsTest.java,dataset/projects/guava/guava-tests/test/com/google/common/math/DoubleUtilsTest.java,DoubleUtilsTest.java,DoubleUtilsTest,9,4,8,3,0,3,true,true,false,true,false,false,false,false,false,true
GitHub,relation_test_code_smell_ML,C:\Users\ismak\Documents\GitHub\relation_test_code_smell_ML\dataset\projects\guava\guava-tests\test\com\google\common\math\IntMathTest.java,dataset/projects/guava/guava-tests/test/com/google/common/math/IntMathTest.java,IntMathTest.java,IntMathTest,30,67,109,59,0,59,true,true,false,true,false,false,false,false,false,true
GitHub,relation_test_code_smell_ML,C:\Users\ismak\Documents\GitHub\relation_test_code_smell_ML\dataset\projects\guava\guava-tests\test\com\google\common\math\LinearTransformationTest.java,dataset/projects/guava/guava-tests/test/com/google/common/math/LinearTransformationTest.java,LinearTransformationTest.java,LinearTransformationTest,10,25,68,25,0,25,true,true,false,true,false,false,false,false,false,false
GitHub,relation_test_code_smell_ML,C:\Users\ismak\Documents\GitHub\relation_test_code_smell_ML\dataset\projects\guava\guava-tests\test\com\google\common\math\LongMathTest.java,dataset/projects/guava/guava-tests/test/com/google/common/math/LongMathTest.java,LongMathTest.java,LongMathTest,32,81,136,72,0,72,true,true,false,true,false,false,false,false,false,true
GitHub,relation_test_code_smell_ML,C:\Users\ismak\Documents\GitHub\relation_test_code_smell_ML\dataset\projects\guava\guava-tests\test\com\google\common\math\MathPreconditionsTest.java,dataset/projects/guava/guava-tests/test/com/google/common/math/MathPreconditionsTest.java,MathPreconditionsTest.java,MathPreconditionsTest,7,45,47,45,0,45,true,true,false,true,false,false,false,false,false,false
GitHub,relation_test_code_smell_ML,C:\Users\ismak\Documents\GitHub\relation_test_code_smell_ML\dataset\projects\guava\guava-tests\test\com\google\common\math\PackageSanityTests.java,dataset/projects/guava/guava-tests/test/com/google/common/math/PackageSanityTests.java,PackageSanityTests.java,PackageSanityTests,4,0,0,0,0,0,true,true,false,false,false,false,false,false,false,false
GitHub,relation_test_code_smell_ML,C:\Users\ismak\Documents\GitHub\relation_test_code_smell_ML\dataset\projects\guava\guava-tests\test\com\google\common\math\PairedStatsAccumulatorTest.java,dataset/projects/guava/guava-tests/test/com/google/common/math/PairedStatsAccumulatorTest.java,PairedStatsAccumulatorTest.java,PairedStatsAccumulatorTest,35,9,106,8,0,8,true,true,false,true,false,false,false,false,false,false
GitHub,relation_test_code_smell_ML,C:\Users\ismak\Documents\GitHub\relation_test_code_smell_ML\dataset\projects\guava\guava-tests\test\com\google\common\math\PairedStatsTest.java,dataset/projects/guava/guava-tests/test/com/google/common/math/PairedStatsTest.java,PairedStatsTest.java,PairedStatsTest,44,16,60,15,0,15,true,true,false,true,false,false,false,false,false,false
GitHub,relation_test_code_smell_ML,C:\Users\ismak\Documents\GitHub\relation_test_code_smell_ML\dataset\projects\guava\guava-tests\test\com\google\common\math\QuantilesAlgorithmTest.java,dataset/projects/guava/guava-tests/test/com/google/common/math/QuantilesAlgorithmTest.java,QuantilesAlgorithmTest.java,QuantilesAlgorithmTest,10,4,10,3,0,3,true,true,false,true,false,false,false,false,false,false
GitHub,relation_test_code_smell_ML,C:\Users\ismak\Documents\GitHub\relation_test_code_smell_ML\dataset\projects\guava\guava-tests\test\com\google\common\math\QuantilesTest.java,dataset/projects/guava/guava-tests/test/com/google/common/math/QuantilesTest.java,QuantilesTest.java,QuantilesTest,30,61,126,58,0,58,true,true,false,true,false,false,false,false,false,false
GitHub,relation_test_code_smell_ML,C:\Users\ismak\Documents\GitHub\relation_test_code_smell_ML\dataset\projects\guava\guava-tests\test\com\google\common\math\StatsAccumulatorTest.java,dataset/projects/guava/guava-tests/test/com/google/common/math/StatsAccumulatorTest.java,StatsAccumulatorTest.java,StatsAccumulatorTest,48,16,229,14,0,14,true,true,false,true,false,false,false,false,false,false
GitHub,relation_test_code_smell_ML,C:\Users\ismak\Documents\GitHub\relation_test_code_smell_ML\dataset\projects\guava\guava-tests\test\com\google\common\math\StatsTest.java,dataset/projects/guava/guava-tests/test/com/google/common/math/StatsTest.java,StatsTest.java,StatsTest,77,25,184,24,0,24,true,true,false,true,false,false,false,false,false,false
GitHub,relation_test_code_smell_ML,C:\Users\ismak\Documents\GitHub\relation_test_code_smell_ML\dataset\projects\guava\guava-tests\test\com\google\common\math\TestPlatform.java,dataset/projects/guava/guava-tests/test/com/google/common/math/TestPlatform.java,TestPlatform.java,TestPlatform,2,2,2,0,0,0,true,true,false,false,false,false,false,false,false,false
GitHub,relation_test_code_smell_ML,C:\Users\ismak\Documents\GitHub\relation_test_code_smell_ML\dataset\projects\guava\guava-tests\test\com\google\common\net\HostAndPortTest.java,dataset/projects/guava/guava-tests/test/com/google/common/net/HostAndPortTest.java,HostAndPortTest.java,HostAndPortTest,8,16,98,15,0,15,true,true,false,true,false,false,false,false,false,true
GitHub,relation_test_code_smell_ML,C:\Users\ismak\Documents\GitHub\relation_test_code_smell_ML\dataset\projects\guava\guava-tests\test\com\google\common\net\HostSpecifierTest.java,dataset/projects/guava/guava-tests/test/com/google/common/net/HostSpecifierTest.java,HostSpecifierTest.java,HostSpecifierTest,10,9,16,6,0,6,true,true,false,true,false,false,false,false,false,false
GitHub,relation_test_code_smell_ML,C:\Users\ismak\Documents\GitHub\relation_test_code_smell_ML\dataset\projects\guava\guava-tests\test\com\google\common\net\HttpHeadersTest.java,dataset/projects/guava/guava-tests/test/com/google/common/net/HttpHeadersTest.java,HttpHeadersTest.java,HttpHeadersTest,14,4,13,2,0,2,true,true,false,true,false,false,false,false,false,false
GitHub,relation_test_code_smell_ML,C:\Users\ismak\Documents\GitHub\relation_test_code_smell_ML\dataset\projects\guava\guava-tests\test\com\google\common\net\InetAddressesTest.java,dataset/projects/guava/guava-tests/test/com/google/common/net/InetAddressesTest.java,InetAddressesTest.java,InetAddressesTest,18,47,266,45,0,45,true,true,false,true,false,false,false,false,false,false
GitHub,relation_test_code_smell_ML,C:\Users\ismak\Documents\GitHub\relation_test_code_smell_ML\dataset\projects\guava\guava-tests\test\com\google\common\net\InternetDomainNameTest.java,dataset/projects/guava/guava-tests/test/com/google/common/net/InternetDomainNameTest.java,InternetDomainNameTest.java,InternetDomainNameTest,13,24,58,23,0,23,true,true,false,true,false,false,false,false,false,false
GitHub,relation_test_code_smell_ML,C:\Users\ismak\Documents\GitHub\relation_test_code_smell_ML\dataset\projects\guava\guava-tests\test\com\google\common\net\MediaTypeTest.java,dataset/projects/guava/guava-tests/test/com/google/common/net/MediaTypeTest.java,MediaTypeTest.java,MediaTypeTest,32,52,136,50,0,50,true,true,false,true,false,false,false,false,false,false
GitHub,relation_test_code_smell_ML,C:\Users\ismak\Documents\GitHub\relation_test_code_smell_ML\dataset\projects\guava\guava-tests\test\com\google\common\net\PackageSanityTests.java,dataset/projects/guava/guava-tests/test/com/google/common/net/PackageSanityTests.java,PackageSanityTests.java,PackageSanityTests,4,0,0,0,0,0,true,true,false,false,false,false,false,false,false,false
GitHub,relation_test_code_smell_ML,C:\Users\ismak\Documents\GitHub\relation_test_code_smell_ML\dataset\projects\guava\guava-tests\test\com\google\common\net\PercentEscaperTest.java,dataset/projects/guava/guava-tests/test/com/google/common/net/PercentEscaperTest.java,PercentEscaperTest.java,PercentEscaperTest,10,8,36,7,0,7,true,true,false,true,false,false,false,false,false,false
GitHub,relation_test_code_smell_ML,C:\Users\ismak\Documents\GitHub\relation_test_code_smell_ML\dataset\projects\guava\guava-tests\test\com\google\common\net\UrlEscapersTest.java,dataset/projects/guava/guava-tests/test/com/google/common/net/UrlEscapersTest.java,UrlEscapersTest.java,UrlEscapersTest,12,3,20,3,0,3,true,true,false,true,false,false,false,false,false,false
GitHub,relation_test_code_smell_ML,C:\Users\ismak\Documents\GitHub\relation_test_code_smell_ML\dataset\projects\guava\guava-tests\test\com\google\common\primitives\BooleansTest.java,dataset/projects/guava/guava-tests/test/com/google/common/primitives/BooleansTest.java,BooleansTest.java,BooleansTest,19,40,233,40,0,40,true,true,false,true,false,false,false,false,false,false
GitHub,relation_test_code_smell_ML,C:\Users\ismak\Documents\GitHub\relation_test_code_smell_ML\dataset\projects\guava\guava-tests\test\com\google\common\primitives\ByteArrayAsListTest.java,dataset/projects/guava/guava-tests/test/com/google/common/primitives/ByteArrayAsListTest.java,ByteArrayAsListTest.java,SampleBytes,17,12,29,0,0,0,true,false,true,true,false,false,false,false,false,false
GitHub,relation_test_code_smell_ML,C:\Users\ismak\Documents\GitHub\relation_test_code_smell_ML\dataset\projects\guava\guava-tests\test\com\google\common\primitives\BytesTest.java,dataset/projects/guava/guava-tests/test/com/google/common/primitives/BytesTest.java,BytesTest.java,BytesTest,15,28,198,28,0,28,true,true,false,true,false,false,false,false,false,false
GitHub,relation_test_code_smell_ML,C:\Users\ismak\Documents\GitHub\relation_test_code_smell_ML\dataset\projects\guava\guava-tests\test\com\google\common\primitives\CharArrayAsListTest.java,dataset/projects/guava/guava-tests/test/com/google/common/primitives/CharArrayAsListTest.java,CharArrayAsListTest.java,SampleChars,17,12,29,0,0,0,true,false,true,true,false,false,false,false,false,false
GitHub,relation_test_code_smell_ML,C:\Users\ismak\Documents\GitHub\relation_test_code_smell_ML\dataset\projects\guava\guava-tests\test\com\google\common\primitives\CharsTest.java,dataset/projects/guava/guava-tests/test/com/google/common/primitives/CharsTest.java,CharsTest.java,CharsTest,20,48,247,47,0,47,true,true,false,true,false,false,false,false,false,false
GitHub,relation_test_code_smell_ML,C:\Users\ismak\Documents\GitHub\relation_test_code_smell_ML\dataset\projects\guava\guava-tests\test\com\google\common\primitives\DoubleArrayAsListTest.java,dataset/projects/guava/guava-tests/test/com/google/common/primitives/DoubleArrayAsListTest.java,DoubleArrayAsListTest.java,SampleDoubles,17,12,29,0,0,0,true,false,true,true,false,false,false,false,false,false
GitHub,relation_test_code_smell_ML,C:\Users\ismak\Documents\GitHub\relation_test_code_smell_ML\dataset\projects\guava\guava-tests\test\com\google\common\primitives\DoublesTest.java,dataset/projects/guava/guava-tests/test/com/google/common/primitives/DoublesTest.java,DoublesTest.java,DoublesTest,26,60,304,57,0,57,true,true,false,true,false,false,false,false,false,true
GitHub,relation_test_code_smell_ML,C:\Users\ismak\Documents\GitHub\relation_test_code_smell_ML\dataset\projects\guava\guava-tests\test\com\google\common\primitives\FloatArrayAsListTest.java,dataset/projects/guava/guava-tests/test/com/google/common/primitives/FloatArrayAsListTest.java,FloatArrayAsListTest.java,SampleFloats,17,12,29,0,0,0,true,false,true,true,false,false,false,false,false,false
GitHub,relation_test_code_smell_ML,C:\Users\ismak\Documents\GitHub\relation_test_code_smell_ML\dataset\projects\guava\guava-tests\test\com\google\common\primitives\FloatsTest.java,dataset/projects/guava/guava-tests/test/com/google/common/primitives/FloatsTest.java,FloatsTest.java,FloatsTest,25,59,297,56,0,56,true,true,false,true,false,false,false,false,false,false
GitHub,relation_test_code_smell_ML,C:\Users\ismak\Documents\GitHub\relation_test_code_smell_ML\dataset\projects\guava\guava-tests\test\com\google\common\primitives\ImmutableDoubleArrayTest.java,dataset/projects/guava/guava-tests/test/com/google/common/primitives/ImmutableDoubleArrayTest.java,ImmutableDoubleArrayTest.java,SampleDoubles,31,60,180,35,0,35,true,false,true,true,false,false,false,false,false,false
GitHub,relation_test_code_smell_ML,C:\Users\ismak\Documents\GitHub\relation_test_code_smell_ML\dataset\projects\guava\guava-tests\test\com\google\common\primitives\ImmutableIntArrayTest.java,dataset/projects/guava/guava-tests/test/com/google/common/primitives/ImmutableIntArrayTest.java,ImmutableIntArrayTest.java,SampleIntegers,31,59,174,34,0,34,true,false,true,true,false,false,false,false,false,false
GitHub,relation_test_code_smell_ML,C:\Users\ismak\Documents\GitHub\relation_test_code_smell_ML\dataset\projects\guava\guava-tests\test\com\google\common\primitives\ImmutableLongArrayTest.java,dataset/projects/guava/guava-tests/test/com/google/common/primitives/ImmutableLongArrayTest.java,ImmutableLongArrayTest.java,SampleLongs,31,59,174,34,0,34,true,false,true,true,false,false,false,false,false,false
GitHub,relation_test_code_smell_ML,C:\Users\ismak\Documents\GitHub\relation_test_code_smell_ML\dataset\projects\guava\guava-tests\test\com\google\common\primitives\IntArrayAsListTest.java,dataset/projects/guava/guava-tests/test/com/google/common/primitives/IntArrayAsListTest.java,IntArrayAsListTest.java,SampleIntegers,17,12,29,0,0,0,true,false,true,true,false,false,false,false,false,false
GitHub,relation_test_code_smell_ML,C:\Users\ismak\Documents\GitHub\relation_test_code_smell_ML\dataset\projects\guava\guava-tests\test\com\google\common\primitives\IntsTest.java,dataset/projects/guava/guava-tests/test/com/google/common/primitives/IntsTest.java,IntsTest.java,IntsTest,24,62,312,59,0,59,true,true,false,true,false,false,false,false,false,false
GitHub,relation_test_code_smell_ML,C:\Users\ismak\Documents\GitHub\relation_test_code_smell_ML\dataset\projects\guava\guava-tests\test\com\google\common\primitives\LongArrayAsListTest.java,dataset/projects/guava/guava-tests/test/com/google/common/primitives/LongArrayAsListTest.java,LongArrayAsListTest.java,SampleLongs,17,12,29,0,0,0,true,false,true,true,false,false,false,false,false,false
GitHub,relation_test_code_smell_ML,C:\Users\ismak\Documents\GitHub\relation_test_code_smell_ML\dataset\projects\guava\guava-tests\test\com\google\common\primitives\LongsTest.java,dataset/projects/guava/guava-tests/test/com/google/common/primitives/LongsTest.java,LongsTest.java,LongsTest,27,60,302,57,0,57,true,true,false,true,false,false,false,false,false,false
GitHub,relation_test_code_smell_ML,C:\Users\ismak\Documents\GitHub\relation_test_code_smell_ML\dataset\projects\guava\guava-tests\test\com\google\common\primitives\PackageSanityTests.java,dataset/projects/guava/guava-tests/test/com/google/common/primitives/PackageSanityTests.java,PackageSanityTests.java,PackageSanityTests,4,0,0,0,0,0,true,true,false,false,false,false,false,false,false,false
GitHub,relation_test_code_smell_ML,C:\Users\ismak\Documents\GitHub\relation_test_code_smell_ML\dataset\projects\guava\guava-tests\test\com\google\common\primitives\PrimitivesTest.java,dataset/projects/guava/guava-tests/test/com/google/common/primitives/PrimitivesTest.java,PrimitivesTest.java,PrimitivesTest,9,6,16,6,0,6,true,true,false,true,false,false,false,false,false,false
GitHub,relation_test_code_smell_ML,C:\Users\ismak\Documents\GitHub\relation_test_code_smell_ML\dataset\projects\guava\guava-tests\test\com\google\common\primitives\ShortArrayAsListTest.java,dataset/projects/guava/guava-tests/test/com/google/common/primitives/ShortArrayAsListTest.java,ShortArrayAsListTest.java,SampleShorts,17,12,29,0,0,0,true,false,true,true,false,false,false,false,false,false
GitHub,relation_test_code_smell_ML,C:\Users\ismak\Documents\GitHub\relation_test_code_smell_ML\dataset\projects\guava\guava-tests\test\com\google\common\primitives\ShortsTest.java,dataset/projects/guava/guava-tests/test/com/google/common/primitives/ShortsTest.java,ShortsTest.java,ShortsTest,24,55,284,54,0,54,true,true,false,true,false,false,false,false,false,false
GitHub,relation_test_code_smell_ML,C:\Users\ismak\Documents\GitHub\relation_test_code_smell_ML\dataset\projects\guava\guava-tests\test\com\google\common\primitives\SignedBytesTest.java,dataset/projects/guava/guava-tests/test/com/google/common/primitives/SignedBytesTest.java,SignedBytesTest.java,SignedBytesTest,17,16,49,15,0,15,true,true,false,true,false,false,false,false,false,false
GitHub,relation_test_code_smell_ML,C:\Users\ismak\Documents\GitHub\relation_test_code_smell_ML\dataset\projects\guava\guava-tests\test\com\google\common\primitives\TestPlatform.java,dataset/projects/guava/guava-tests/test/com/google/common/primitives/TestPlatform.java,TestPlatform.java,TestPlatform,2,1,1,0,0,0,true,true,false,false,false,false,false,false,false,false
GitHub,relation_test_code_smell_ML,C:\Users\ismak\Documents\GitHub\relation_test_code_smell_ML\dataset\projects\guava\guava-tests\test\com\google\common\primitives\UnsignedBytesTest.java,dataset/projects/guava/guava-tests/test/com/google/common/primitives/UnsignedBytesTest.java,UnsignedBytesTest.java,UnsignedBytesTest,22,33,102,28,0,28,true,true,false,true,false,false,false,false,false,false
GitHub,relation_test_code_smell_ML,C:\Users\ismak\Documents\GitHub\relation_test_code_smell_ML\dataset\projects\guava\guava-tests\test\com\google\common\primitives\UnsignedIntegerTest.java,dataset/projects/guava/guava-tests/test/com/google/common/primitives/UnsignedIntegerTest.java,UnsignedIntegerTest.java,UnsignedIntegerTest,13,22,29,21,0,21,true,true,false,true,false,false,false,false,false,false
GitHub,relation_test_code_smell_ML,C:\Users\ismak\Documents\GitHub\relation_test_code_smell_ML\dataset\projects\guava\guava-tests\test\com\google\common\primitives\UnsignedIntsTest.java,dataset/projects/guava/guava-tests/test/com/google/common/primitives/UnsignedIntsTest.java,UnsignedIntsTest.java,UnsignedIntsTest,16,32,87,30,0,30,true,true,false,true,false,false,false,false,false,false
GitHub,relation_test_code_smell_ML,C:\Users\ismak\Documents\GitHub\relation_test_code_smell_ML\dataset\projects\guava\guava-tests\test\com\google\common\primitives\UnsignedLongsTest.java,dataset/projects/guava/guava-tests/test/com/google/common/primitives/UnsignedLongsTest.java,UnsignedLongsTest.java,UnsignedLongsTest,18,28,103,28,0,28,true,true,false,true,false,false,false,false,false,false
GitHub,relation_test_code_smell_ML,C:\Users\ismak\Documents\GitHub\relation_test_code_smell_ML\dataset\projects\guava\guava-tests\test\com\google\common\primitives\UnsignedLongTest.java,dataset/projects/guava/guava-tests/test/com/google/common/primitives/UnsignedLongTest.java,UnsignedLongTest.java,UnsignedLongTest,13,21,26,21,0,21,true,true,false,true,false,false,false,false,false,false
GitHub,relation_test_code_smell_ML,C:\Users\ismak\Documents\GitHub\relation_test_code_smell_ML\dataset\projects\guava\guava-tests\test\com\google\common\reflect\AbstractInvocationHandlerTest.java,dataset/projects/guava/guava-tests/test/com/google/common/reflect/AbstractInvocationHandlerTest.java,AbstractInvocationHandlerTest.java,SubHandler2,12,14,16,3,0,3,true,false,false,true,false,false,false,false,false,false
GitHub,relation_test_code_smell_ML,C:\Users\ismak\Documents\GitHub\relation_test_code_smell_ML\dataset\projects\guava\guava-tests\test\com\google\common\reflect\ClassPathTest.java,dataset/projects/guava/guava-tests/test/com/google/common/reflect/ClassPathTest.java,ClassPathTest.java,Nested,39,56,162,43,0,43,true,false,false,true,true,false,false,false,false,true
GitHub,relation_test_code_smell_ML,C:\Users\ismak\Documents\GitHub\relation_test_code_smell_ML\dataset\projects\guava\guava-tests\test\com\google\common\reflect\ImmutableTypeToInstanceMapTest.java,dataset/projects/guava/guava-tests/test/com/google/common/reflect/ImmutableTypeToInstanceMapTest.java,ImmutableTypeToInstanceMapTest.java,TestTypeToInstanceMapGenerator,17,16,38,7,0,7,true,true,true,true,false,false,false,false,false,true
GitHub,relation_test_code_smell_ML,C:\Users\ismak\Documents\GitHub\relation_test_code_smell_ML\dataset\projects\guava\guava-tests\test\com\google\common\reflect\InvokableTest.java,dataset/projects/guava/guava-tests/test/com/google/common/reflect/InvokableTest.java,InvokableTest.java,SubPrepender,21,89,251,62,0,62,true,false,false,true,false,false,false,false,false,true
GitHub,relation_test_code_smell_ML,C:\Users\ismak\Documents\GitHub\relation_test_code_smell_ML\dataset\projects\guava\guava-tests\test\com\google\common\reflect\MutableTypeToInstanceMapTest.java,dataset/projects/guava/guava-tests/test/com/google/common/reflect/MutableTypeToInstanceMapTest.java,MutableTypeToInstanceMapTest.java,MutableTypeToInstanceMapTest,16,17,69,13,0,13,true,true,true,true,false,false,false,false,false,false
GitHub,relation_test_code_smell_ML,C:\Users\ismak\Documents\GitHub\relation_test_code_smell_ML\dataset\projects\guava\guava-tests\test\com\google\common\reflect\PackageSanityTests.java,dataset/projects/guava/guava-tests/test/com/google/common/reflect/PackageSanityTests.java,PackageSanityTests.java,PackageSanityTests,2,0,0,0,0,0,true,true,false,false,false,false,false,false,false,false
GitHub,relation_test_code_smell_ML,C:\Users\ismak\Documents\GitHub\relation_test_code_smell_ML\dataset\projects\guava\guava-tests\test\com\google\common\reflect\ParameterTest.java,dataset/projects/guava/guava-tests/test/com/google/common/reflect/ParameterTest.java,ParameterTest.java,ParameterTest,5,4,5,2,0,2,true,true,false,true,false,false,false,false,false,false
GitHub,relation_test_code_smell_ML,C:\Users\ismak\Documents\GitHub\relation_test_code_smell_ML\dataset\projects\guava\guava-tests\test\com\google\common\reflect\ReflectionTest.java,dataset/projects/guava/guava-tests/test/com/google/common/reflect/ReflectionTest.java,ReflectionTest.java,C,9,6,15,5,0,5,true,false,false,true,false,false,false,false,false,false
GitHub,relation_test_code_smell_ML,C:\Users\ismak\Documents\GitHub\relation_test_code_smell_ML\dataset\projects\guava\guava-tests\test\com\google\common\reflect\TypeParameterTest.java,dataset/projects/guava/guava-tests/test/com/google/common/reflect/TypeParameterTest.java,TypeParameterTest.java,TypeParameterTest,6,4,6,4,0,4,true,true,false,true,false,false,false,false,false,false
GitHub,relation_test_code_smell_ML,C:\Users\ismak\Documents\GitHub\relation_test_code_smell_ML\dataset\projects\guava\guava-tests\test\com\google\common\reflect\TypeResolverTest.java,dataset/projects/guava/guava-tests/test/com/google/common/reflect/TypeResolverTest.java,TypeResolverTest.java,TypedListKeyMap,9,29,59,27,0,27,true,false,false,true,false,false,false,false,false,true
GitHub,relation_test_code_smell_ML,C:\Users\ismak\Documents\GitHub\relation_test_code_smell_ML\dataset\projects\guava\guava-tests\test\com\google\common\reflect\TypesTest.java,dataset/projects/guava/guava-tests/test/com/google/common/reflect/TypesTest.java,TypesTest.java,TypeVariableEqualsTester,27,42,120,28,0,28,true,false,false,true,false,false,false,false,false,false
GitHub,relation_test_code_smell_ML,C:\Users\ismak\Documents\GitHub\relation_test_code_smell_ML\dataset\projects\guava\guava-tests\test\com\google\common\reflect\TypeTokenResolutionTest.java,dataset/projects/guava/guava-tests/test/com/google/common/reflect/TypeTokenResolutionTest.java,TypeTokenResolutionTest.java,ForTwoStageResolution,17,79,156,36,0,36,true,false,false,true,false,false,false,false,false,false
GitHub,relation_test_code_smell_ML,C:\Users\ismak\Documents\GitHub\relation_test_code_smell_ML\dataset\projects\guava\guava-tests\test\com\google\common\reflect\TypeTokenSubtypeTest.java,dataset/projects/guava/guava-tests/test/com/google/common/reflect/TypeTokenSubtypeTest.java,TypeTokenSubtypeTest.java,MyTypeBoundUsesImplicitBound,7,72,87,10,0,10,true,false,false,true,false,false,false,false,false,true
GitHub,relation_test_code_smell_ML,C:\Users\ismak\Documents\GitHub\relation_test_code_smell_ML\dataset\projects\guava\guava-tests\test\com\google\common\reflect\TypeTokenTest.java,dataset/projects/guava/guava-tests/test/com/google/common/reflect/TypeTokenTest.java,TypeTokenTest.java,Base,34,211,746,172,0,172,true,false,false,true,false,false,false,false,false,true
GitHub,relation_test_code_smell_ML,C:\Users\ismak\Documents\GitHub\relation_test_code_smell_ML\dataset\projects\guava\guava-tests\test\com\google\common\reflect\TypeVisitorTest.java,dataset/projects/guava/guava-tests/test/com/google/common/reflect/TypeVisitorTest.java,TypeVisitorTest.java,BaseTypeVisitor,11,20,28,7,0,7,true,false,false,true,false,false,false,false,false,false
GitHub,relation_test_code_smell_ML,C:\Users\ismak\Documents\GitHub\relation_test_code_smell_ML\dataset\projects\guava\guava-tests\test\com\google\common\util\concurrent\AbstractAbstractFutureTest.java,dataset/projects/guava/guava-tests/test/com/google/common/util/concurrent/AbstractAbstractFutureTest.java,AbstractAbstractFutureTest.java,CountingRunnable,21,48,205,35,0,35,true,false,false,true,false,false,false,false,false,true
GitHub,relation_test_code_smell_ML,C:\Users\ismak\Documents\GitHub\relation_test_code_smell_ML\dataset\projects\guava\guava-tests\test\com\google\common\util\concurrent\AbstractChainedListenableFutureTest.java,dataset/projects/guava/guava-tests/test/com/google/common/util/concurrent/AbstractChainedListenableFutureTest.java,AbstractChainedListenableFutureTest.java,AbstractChainedListenableFutureTest,10,9,15,6,0,6,true,true,false,true,false,false,false,false,false,true
GitHub,relation_test_code_smell_ML,C:\Users\ismak\Documents\GitHub\relation_test_code_smell_ML\dataset\projects\guava\guava-tests\test\com\google\common\util\concurrent\AbstractClosingFutureTest.java,dataset/projects/guava/guava-tests/test/com/google/common/util/concurrent/AbstractClosingFutureTest.java,AbstractClosingFutureTest.java,NoOpValueAndCloserConsumer,61,100,357,62,0,62,true,false,false,true,false,false,false,false,false,true
GitHub,relation_test_code_smell_ML,C:\Users\ismak\Documents\GitHub\relation_test_code_smell_ML\dataset\projects\guava\guava-tests\test\com\google\common\util\concurrent\AbstractExecutionThreadServiceTest.java,dataset/projects/guava/guava-tests/test/com/google/common/util/concurrent/AbstractExecutionThreadServiceTest.java,AbstractExecutionThreadServiceTest.java,FakeService,17,40,147,12,0,12,true,false,false,true,false,false,false,false,false,false
GitHub,relation_test_code_smell_ML,C:\Users\ismak\Documents\GitHub\relation_test_code_smell_ML\dataset\projects\guava\guava-tests\test\com\google\common\util\concurrent\AbstractFutureCancellationCauseTest.java,dataset/projects/guava/guava-tests/test/com/google/common/util/concurrent/AbstractFutureCancellationCauseTest.java,AbstractFutureCancellationCauseTest.java,AbstractFutureCancellationCauseTest,15,14,43,3,0,3,true,true,false,true,false,false,false,false,false,true
GitHub,relation_test_code_smell_ML,C:\Users\ismak\Documents\GitHub\relation_test_code_smell_ML\dataset\projects\guava\guava-tests\test\com\google\common\util\concurrent\AbstractFutureDefaultAtomicHelperTest.java,dataset/projects/guava/guava-tests/test/com/google/common/util/concurrent/AbstractFutureDefaultAtomicHelperTest.java,AbstractFutureDefaultAtomicHelperTest.java,AbstractFutureDefaultAtomicHelperTest,6,3,3,1,0,1,true,true,false,true,false,false,false,false,false,false
GitHub,relation_test_code_smell_ML,C:\Users\ismak\Documents\GitHub\relation_test_code_smell_ML\dataset\projects\guava\guava-tests\test\com\google\common\util\concurrent\AbstractFutureFallbackAtomicHelperTest.java,dataset/projects/guava/guava-tests/test/com/google/common/util/concurrent/AbstractFutureFallbackAtomicHelperTest.java,AbstractFutureFallbackAtomicHelperTest.java,AbstractFutureFallbackAtomicHelperTest,13,7,24,0,0,0,true,true,false,true,false,false,false,false,false,true
GitHub,relation_test_code_smell_ML,C:\Users\ismak\Documents\GitHub\relation_test_code_smell_ML\dataset\projects\guava\guava-tests\test\com\google\common\util\concurrent\AbstractFutureTest.java,dataset/projects/guava/guava-tests/test/com/google/common/util/concurrent/AbstractFutureTest.java,AbstractFutureTest.java,InterruptibleFuture,56,98,342,45,0,45,true,false,false,true,false,false,false,false,false,true
GitHub,relation_test_code_smell_ML,C:\Users\ismak\Documents\GitHub\relation_test_code_smell_ML\dataset\projects\guava\guava-tests\test\com\google\common\util\concurrent\AbstractIdleServiceTest.java,dataset/projects/guava/guava-tests/test/com/google/common/util/concurrent/AbstractIdleServiceTest.java,AbstractIdleServiceTest.java,DefaultService,12,22,83,10,0,10,true,false,false,true,false,false,false,false,false,false
GitHub,relation_test_code_smell_ML,C:\Users\ismak\Documents\GitHub\relation_test_code_smell_ML\dataset\projects\guava\guava-tests\test\com\google\common\util\concurrent\AbstractListeningExecutorServiceTest.java,dataset/projects/guava/guava-tests/test/com/google/common/util/concurrent/AbstractListeningExecutorServiceTest.java,AbstractListeningExecutorServiceTest.java,TestListeningExecutorService,8,9,24,1,0,1,true,true,false,true,false,false,false,false,false,false
GitHub,relation_test_code_smell_ML,C:\Users\ismak\Documents\GitHub\relation_test_code_smell_ML\dataset\projects\guava\guava-tests\test\com\google\common\util\concurrent\AbstractScheduledServiceTest.java,dataset/projects/guava/guava-tests/test/com/google/common/util/concurrent/AbstractScheduledServiceTest.java,AbstractScheduledServiceTest.java,TestFailingCustomScheduledService,31,68,211,20,0,20,true,true,false,true,false,false,false,false,false,false
GitHub,relation_test_code_smell_ML,C:\Users\ismak\Documents\GitHub\relation_test_code_smell_ML\dataset\projects\guava\guava-tests\test\com\google\common\util\concurrent\AbstractServiceTest.java,dataset/projects/guava/guava-tests/test/com/google/common/util/concurrent/AbstractServiceTest.java,AbstractServiceTest.java,DefaultService,20,76,347,38,0,38,true,false,false,true,false,false,false,false,false,false
GitHub,relation_test_code_smell_ML,C:\Users\ismak\Documents\GitHub\relation_test_code_smell_ML\dataset\projects\guava\guava-tests\test\com\google\common\util\concurrent\AggregateFutureStateDefaultAtomicHelperTest.java,dataset/projects/guava/guava-tests/test/com/google/common/util/concurrent/AggregateFutureStateDefaultAtomicHelperTest.java,AggregateFutureStateDefaultAtomicHelperTest.java,AggregateFutureStateDefaultAtomicHelperTest,5,1,1,1,0,1,true,true,false,true,false,false,false,false,false,false
GitHub,relation_test_code_smell_ML,C:\Users\ismak\Documents\GitHub\relation_test_code_smell_ML\dataset\projects\guava\guava-tests\test\com\google\common\util\concurrent\AggregateFutureStateFallbackAtomicHelperTest.java,dataset/projects/guava/guava-tests/test/com/google/common/util/concurrent/AggregateFutureStateFallbackAtomicHelperTest.java,AggregateFutureStateFallbackAtomicHelperTest.java,AggregateFutureStateFallbackAtomicHelperTest,14,6,19,0,0,0,true,true,false,true,false,false,false,false,false,true
GitHub,relation_test_code_smell_ML,C:\Users\ismak\Documents\GitHub\relation_test_code_smell_ML\dataset\projects\guava\guava-tests\test\com\google\common\util\concurrent\AtomicDoubleArrayTest.java,dataset/projects/guava/guava-tests/test/com/google/common/util/concurrent/AtomicDoubleArrayTest.java,AtomicDoubleArrayTest.java,Counter,13,29,79,27,0,27,true,false,false,false,false,false,false,false,false,false
GitHub,relation_test_code_smell_ML,C:\Users\ismak\Documents\GitHub\relation_test_code_smell_ML\dataset\projects\guava\guava-tests\test\com\google\common\util\concurrent\AtomicDoubleTest.java,dataset/projects/guava/guava-tests/test/com/google/common/util/concurrent/AtomicDoubleTest.java,AtomicDoubleTest.java,AtomicDoubleTest,6,26,70,25,0,25,true,true,false,false,false,false,false,false,false,false
GitHub,relation_test_code_smell_ML,C:\Users\ismak\Documents\GitHub\relation_test_code_smell_ML\dataset\projects\guava\guava-tests\test\com\google\common\util\concurrent\AtomicLongMapBasherTest.java,dataset/projects/guava/guava-tests/test/com/google/common/util/concurrent/AtomicLongMapBasherTest.java,AtomicLongMapBasherTest.java,AtomicLongMapBasherTest,11,2,17,1,0,1,true,true,false,true,false,false,false,false,false,false
GitHub,relation_test_code_smell_ML,C:\Users\ismak\Documents\GitHub\relation_test_code_smell_ML\dataset\projects\guava\guava-tests\test\com\google\common\util\concurrent\AtomicLongMapTest.java,dataset/projects/guava/guava-tests/test/com/google/common/util/concurrent/AtomicLongMapTest.java,AtomicLongMapTest.java,AtomicLongMapTest,13,31,290,31,0,31,true,true,false,true,false,false,false,false,false,false
GitHub,relation_test_code_smell_ML,C:\Users\ismak\Documents\GitHub\relation_test_code_smell_ML\dataset\projects\guava\guava-tests\test\com\google\common\util\concurrent\AtomicsTest.java,dataset/projects/guava/guava-tests/test/com/google/common/util/concurrent/AtomicsTest.java,AtomicsTest.java,AtomicsTest,8,7,16,7,0,7,true,true,false,true,false,false,false,false,false,false
GitHub,relation_test_code_smell_ML,C:\Users\ismak\Documents\GitHub\relation_test_code_smell_ML\dataset\projects\guava\guava-tests\test\com\google\common\util\concurrent\CallablesTest.java,dataset/projects/guava/guava-tests/test/com/google/common/util/concurrent/CallablesTest.java,CallablesTest.java,CallablesTest,14,5,26,5,0,5,true,true,false,true,false,false,false,false,false,true
GitHub,relation_test_code_smell_ML,C:\Users\ismak\Documents\GitHub\relation_test_code_smell_ML\dataset\projects\guava\guava-tests\test\com\google\common\util\concurrent\ClosingFutureFinishToFutureTest.java,dataset/projects/guava/guava-tests/test/com/google/common/util/concurrent/ClosingFutureFinishToFutureTest.java,ClosingFutureFinishToFutureTest.java,ClosingFutureFinishToFutureTest,10,7,15,3,0,3,true,true,false,false,false,false,false,false,false,false
GitHub,relation_test_code_smell_ML,C:\Users\ismak\Documents\GitHub\relation_test_code_smell_ML\dataset\projects\guava\guava-tests\test\com\google\common\util\concurrent\ClosingFutureFinishToValueAndCloserTest.java,dataset/projects/guava/guava-tests/test/com/google/common/util/concurrent/ClosingFutureFinishToValueAndCloserTest.java,ClosingFutureFinishToValueAndCloserTest.java,ClosingFutureFinishToValueAndCloserTest,17,9,26,2,0,2,true,true,false,false,false,false,false,false,false,false
GitHub,relation_test_code_smell_ML,C:\Users\ismak\Documents\GitHub\relation_test_code_smell_ML\dataset\projects\guava\guava-tests\test\com\google\common\util\concurrent\ClosingFutureLeakTest.java,dataset/projects/guava/guava-tests/test/com/google/common/util/concurrent/ClosingFutureLeakTest.java,ClosingFutureLeakTest.java,ClosingFutureLeakTest,9,2,5,1,0,1,true,true,false,true,false,false,false,false,false,false
GitHub,relation_test_code_smell_ML,C:\Users\ismak\Documents\GitHub\relation_test_code_smell_ML\dataset\projects\guava\guava-tests\test\com\google\common\util\concurrent\CycleDetectingLockFactoryTest.java,dataset/projects/guava/guava-tests/test/com/google/common/util/concurrent/CycleDetectingLockFactoryTest.java,CycleDetectingLockFactoryTest.java,LockingThread,15,29,207,23,0,23,true,false,false,true,false,false,false,false,false,false
GitHub,relation_test_code_smell_ML,C:\Users\ismak\Documents\GitHub\relation_test_code_smell_ML\dataset\projects\guava\guava-tests\test\com\google\common\util\concurrent\ExecutionListTest.java,dataset/projects/guava/guava-tests/test/com/google/common/util/concurrent/ExecutionListTest.java,ExecutionListTest.java,MockRunnable,11,9,41,7,0,7,true,false,false,true,false,false,false,false,false,false
GitHub,relation_test_code_smell_ML,C:\Users\ismak\Documents\GitHub\relation_test_code_smell_ML\dataset\projects\guava\guava-tests\test\com\google\common\util\concurrent\ExecutionSequencerTest.java,dataset/projects/guava/guava-tests/test/com/google/common/util/concurrent/ExecutionSequencerTest.java,ExecutionSequencerTest.java,TestCallable,24,20,108,11,0,11,true,true,false,true,false,false,false,false,false,true
GitHub,relation_test_code_smell_ML,C:\Users\ismak\Documents\GitHub\relation_test_code_smell_ML\dataset\projects\guava\guava-tests\test\com\google\common\util\concurrent\FakeTimeLimiterTest.java,dataset/projects/guava/guava-tests/test/com/google/common/util/concurrent/FakeTimeLimiterTest.java,FakeTimeLimiterTest.java,SampleCheckedException,9,10,21,7,0,7,true,false,false,true,false,false,false,false,false,false
GitHub,relation_test_code_smell_ML,C:\Users\ismak\Documents\GitHub\relation_test_code_smell_ML\dataset\projects\guava\guava-tests\test\com\google\common\util\concurrent\FluentFutureTest.java,dataset/projects/guava/guava-tests/test/com/google/common/util/concurrent/FluentFutureTest.java,FluentFutureTest.java,CustomRuntimeException,17,11,22,9,0,9,true,false,false,true,false,false,false,false,false,true
GitHub,relation_test_code_smell_ML,C:\Users\ismak\Documents\GitHub\relation_test_code_smell_ML\dataset\projects\guava\guava-tests\test\com\google\common\util\concurrent\ForwardingBlockingDequeTest.java,dataset/projects/guava/guava-tests/test/com/google/common/util/concurrent/ForwardingBlockingDequeTest.java,ForwardingBlockingDequeTest.java,ForwardingBlockingDequeTest,4,1,1,1,0,1,true,true,false,true,false,false,false,false,false,false
GitHub,relation_test_code_smell_ML,C:\Users\ismak\Documents\GitHub\relation_test_code_smell_ML\dataset\projects\guava\guava-tests\test\com\google\common\util\concurrent\ForwardingBlockingQueueTest.java,dataset/projects/guava/guava-tests/test/com/google/common/util/concurrent/ForwardingBlockingQueueTest.java,ForwardingBlockingQueueTest.java,ForwardingBlockingQueueTest,4,1,1,1,0,1,true,true,false,true,false,false,false,false,false,false
GitHub,relation_test_code_smell_ML,C:\Users\ismak\Documents\GitHub\relation_test_code_smell_ML\dataset\projects\guava\guava-tests\test\com\google\common\util\concurrent\ForwardingExecutorServiceTest.java,dataset/projects/guava/guava-tests/test/com/google/common/util/concurrent/ForwardingExecutorServiceTest.java,ForwardingExecutorServiceTest.java,ForwardingExecutorServiceTest,12,6,11,2,0,2,true,true,false,true,false,false,false,false,false,false
GitHub,relation_test_code_smell_ML,C:\Users\ismak\Documents\GitHub\relation_test_code_smell_ML\dataset\projects\guava\guava-tests\test\com\google\common\util\concurrent\ForwardingFutureTest.java,dataset/projects/guava/guava-tests/test/com/google/common/util/concurrent/ForwardingFutureTest.java,ForwardingFutureTest.java,ForwardingFutureTest,4,1,1,1,0,1,true,true,false,true,false,false,false,false,false,false
GitHub,relation_test_code_smell_ML,C:\Users\ismak\Documents\GitHub\relation_test_code_smell_ML\dataset\projects\guava\guava-tests\test\com\google\common\util\concurrent\ForwardingListenableFutureTest.java,dataset/projects/guava/guava-tests/test/com/google/common/util/concurrent/ForwardingListenableFutureTest.java,ForwardingListenableFutureTest.java,ForwardingListenableFutureTest,4,1,1,1,0,1,true,true,false,true,false,false,false,false,false,false
GitHub,relation_test_code_smell_ML,C:\Users\ismak\Documents\GitHub\relation_test_code_smell_ML\dataset\projects\guava\guava-tests\test\com\google\common\util\concurrent\ForwardingListeningExecutorServiceTest.java,dataset/projects/guava/guava-tests/test/com/google/common/util/concurrent/ForwardingListeningExecutorServiceTest.java,ForwardingListeningExecutorServiceTest.java,ForwardingListeningExecutorServiceTest,4,1,1,1,0,1,true,true,false,true,false,false,false,false,false,false
GitHub,relation_test_code_smell_ML,C:\Users\ismak\Documents\GitHub\relation_test_code_smell_ML\dataset\projects\guava\guava-tests\test\com\google\common\util\concurrent\ForwardingObjectTesterTest.java,dataset/projects/guava/guava-tests/test/com/google/common/util/concurrent/ForwardingObjectTesterTest.java,ForwardingObjectTesterTest.java,ForwardToDelegate,6,5,4,2,0,2,true,false,false,true,false,false,false,false,false,true
GitHub,relation_test_code_smell_ML,C:\Users\ismak\Documents\GitHub\relation_test_code_smell_ML\dataset\projects\guava\guava-tests\test\com\google\common\util\concurrent\FutureCallbackTest.java,dataset/projects/guava/guava-tests/test/com/google/common/util/concurrent/FutureCallbackTest.java,FutureCallbackTest.java,MockCallback,11,20,66,9,0,9,true,false,false,true,false,false,false,false,false,false
GitHub,relation_test_code_smell_ML,C:\Users\ismak\Documents\GitHub\relation_test_code_smell_ML\dataset\projects\guava\guava-tests\test\com\google\common\util\concurrent\FuturesGetCheckedTest.java,dataset/projects/guava/guava-tests/test/com/google/common/util/concurrent/FuturesGetCheckedTest.java,FuturesGetCheckedTest.java,WillBeUnloadedException,37,34,68,33,0,33,true,false,false,true,false,false,false,false,false,true
GitHub,relation_test_code_smell_ML,C:\Users\ismak\Documents\GitHub\relation_test_code_smell_ML\dataset\projects\guava\guava-tests\test\com\google\common\util\concurrent\FuturesGetDoneTest.java,dataset/projects/guava/guava-tests/test/com/google/common/util/concurrent/FuturesGetDoneTest.java,FuturesGetDoneTest.java,FuturesGetDoneTest,12,5,7,5,0,5,true,true,false,true,false,false,false,false,false,false
GitHub,relation_test_code_smell_ML,C:\Users\ismak\Documents\GitHub\relation_test_code_smell_ML\dataset\projects\guava\guava-tests\test\com\google\common\util\concurrent\FuturesGetUncheckedTest.java,dataset/projects/guava/guava-tests/test/com/google/common/util/concurrent/FuturesGetUncheckedTest.java,FuturesGetUncheckedTest.java,FuturesGetUncheckedTest,22,9,18,9,0,9,true,true,false,true,false,false,false,false,false,false
GitHub,relation_test_code_smell_ML,C:\Users\ismak\Documents\GitHub\relation_test_code_smell_ML\dataset\projects\guava\guava-tests\test\com\google\common\util\concurrent\FuturesTest.java,dataset/projects/guava/guava-tests/test/com/google/common/util/concurrent/FuturesTest.java,FuturesTest.java,MapperFunction,79,230,1278,160,0,160,true,false,false,true,false,false,false,false,false,true
GitHub,relation_test_code_smell_ML,C:\Users\ismak\Documents\GitHub\relation_test_code_smell_ML\dataset\projects\guava\guava-tests\test\com\google\common\util\concurrent\FuturesTransformAsyncTest.java,dataset/projects/guava/guava-tests/test/com/google/common/util/concurrent/FuturesTransformAsyncTest.java,FuturesTransformAsyncTest.java,BadFutureRuntimeException,17,14,48,9,0,9,true,false,false,false,false,false,false,false,false,false
GitHub,relation_test_code_smell_ML,C:\Users\ismak\Documents\GitHub\relation_test_code_smell_ML\dataset\projects\guava\guava-tests\test\com\google\common\util\concurrent\FuturesTransformTest.java,dataset/projects/guava/guava-tests/test/com/google/common/util/concurrent/FuturesTransformTest.java,FuturesTransformTest.java,ComposeFunction,9,4,5,1,0,1,true,false,false,false,false,false,false,false,false,false
GitHub,relation_test_code_smell_ML,C:\Users\ismak\Documents\GitHub\relation_test_code_smell_ML\dataset\projects\guava\guava-tests\test\com\google\common\util\concurrent\GeneratedMonitorTest.java,dataset/projects/guava/guava-tests/test/com/google/common/util/concurrent/GeneratedMonitorTest.java,GeneratedMonitorTest.java,FlagGuard,23,37,101,0,0,0,true,false,false,true,false,false,false,false,false,false
GitHub,relation_test_code_smell_ML,C:\Users\ismak\Documents\GitHub\relation_test_code_smell_ML\dataset\projects\guava\guava-tests\test\com\google\common\util\concurrent\InterruptibleMonitorTest.java,dataset/projects/guava/guava-tests/test/com/google/common/util/concurrent/InterruptibleMonitorTest.java,InterruptibleMonitorTest.java,InterruptibleMonitorTest,3,0,0,0,0,0,true,true,false,false,false,false,false,false,false,false
GitHub,relation_test_code_smell_ML,C:\Users\ismak\Documents\GitHub\relation_test_code_smell_ML\dataset\projects\guava\guava-tests\test\com\google\common\util\concurrent\InterruptibleTaskTest.java,dataset/projects/guava/guava-tests/test/com/google/common/util/concurrent/InterruptibleTaskTest.java,InterruptibleTaskTest.java,SlowChannel,14,19,47,2,0,2,true,false,false,true,false,false,false,false,false,true
GitHub,relation_test_code_smell_ML,C:\Users\ismak\Documents\GitHub\relation_test_code_smell_ML\dataset\projects\guava\guava-tests\test\com\google\common\util\concurrent\JdkFutureAdaptersTest.java,dataset/projects/guava/guava-tests/test/com/google/common/util/concurrent/JdkFutureAdaptersTest.java,JdkFutureAdaptersTest.java,RecordingRunnable,21,20,79,6,0,6,true,false,false,true,false,false,false,false,false,false
GitHub,relation_test_code_smell_ML,C:\Users\ismak\Documents\GitHub\relation_test_code_smell_ML\dataset\projects\guava\guava-tests\test\com\google\common\util\concurrent\ListenableFutureTaskTest.java,dataset/projects/guava/guava-tests/test/com/google/common/util/concurrent/ListenableFutureTaskTest.java,ListenableFutureTaskTest.java,ListenableFutureTaskTest,12,6,45,4,0,4,true,true,false,true,false,false,false,false,false,false
GitHub,relation_test_code_smell_ML,C:\Users\ismak\Documents\GitHub\relation_test_code_smell_ML\dataset\projects\guava\guava-tests\test\com\google\common\util\concurrent\ListenableFutureTest.java,dataset/projects/guava/guava-tests/test/com/google/common/util/concurrent/ListenableFutureTest.java,ListenableFutureTest.java,ListenableFutureTest,7,1,2,1,0,1,true,true,false,true,false,false,false,false,false,false
GitHub,relation_test_code_smell_ML,C:\Users\ismak\Documents\GitHub\relation_test_code_smell_ML\dataset\projects\guava\guava-tests\test\com\google\common\util\concurrent\ListenerCallQueueTest.java,dataset/projects/guava/guava-tests/test/com/google/common/util/concurrent/ListenerCallQueueTest.java,ListenerCallQueueTest.java,MyListener,18,19,74,6,0,6,true,false,false,true,false,false,false,false,false,false
GitHub,relation_test_code_smell_ML,C:\Users\ismak\Documents\GitHub\relation_test_code_smell_ML\dataset\projects\guava\guava-tests\test\com\google\common\util\concurrent\ListeningExecutorServiceTest.java,dataset/projects/guava/guava-tests/test/com/google/common/util/concurrent/ListeningExecutorServiceTest.java,ListeningExecutorServiceTest.java,FakeExecutorService,19,11,33,3,0,3,true,false,false,true,false,false,false,false,false,false
GitHub,relation_test_code_smell_ML,C:\Users\ismak\Documents\GitHub\relation_test_code_smell_ML\dataset\projects\guava\guava-tests\test\com\google\common\util\concurrent\ListeningScheduledExecutorServiceTest.java,dataset/projects/guava/guava-tests/test/com/google/common/util/concurrent/ListeningScheduledExecutorServiceTest.java,ListeningScheduledExecutorServiceTest.java,ImmediateScheduledFuture,15,18,52,4,0,4,true,false,false,true,false,false,false,false,false,false
GitHub,relation_test_code_smell_ML,C:\Users\ismak\Documents\GitHub\relation_test_code_smell_ML\dataset\projects\guava\guava-tests\test\com\google\common\util\concurrent\MoreExecutorsTest.java,dataset/projects/guava/guava-tests/test/com/google/common/util/concurrent/MoreExecutorsTest.java,MoreExecutorsTest.java,TestApplication,53,47,238,34,0,34,true,true,false,true,false,false,false,false,false,true
GitHub,relation_test_code_smell_ML,C:\Users\ismak\Documents\GitHub\relation_test_code_smell_ML\dataset\projects\guava\guava-tests\test\com\google\common\util\concurrent\RateLimiterTest.java,dataset/projects/guava/guava-tests/test/com/google/common/util/concurrent/RateLimiterTest.java,RateLimiterTest.java,FakeStopwatch,25,39,217,30,0,30,true,false,false,true,false,false,false,false,false,false
GitHub,relation_test_code_smell_ML,C:\Users\ismak\Documents\GitHub\relation_test_code_smell_ML\dataset\projects\guava\guava-tests\test\com\google\common\util\concurrent\RunnablesTest.java,dataset/projects/guava/guava-tests/test/com/google/common/util/concurrent/RunnablesTest.java,RunnablesTest.java,RunnablesTest,4,1,1,1,0,1,true,true,false,true,false,false,false,false,false,false
GitHub,relation_test_code_smell_ML,C:\Users\ismak\Documents\GitHub\relation_test_code_smell_ML\dataset\projects\guava\guava-tests\test\com\google\common\util\concurrent\SequentialExecutorTest.java,dataset/projects/guava/guava-tests/test/com/google/common/util/concurrent/SequentialExecutorTest.java,SequentialExecutorTest.java,MyError,25,23,98,11,0,11,true,false,false,true,false,false,false,false,false,true
GitHub,relation_test_code_smell_ML,C:\Users\ismak\Documents\GitHub\relation_test_code_smell_ML\dataset\projects\guava\guava-tests\test\com\google\common\util\concurrent\ServiceManagerTest.java,dataset/projects/guava/guava-tests/test/com/google/common/util/concurrent/ServiceManagerTest.java,ServiceManagerTest.java,RecordingListener,37,63,255,21,0,21,true,false,false,true,false,false,false,false,false,false
GitHub,relation_test_code_smell_ML,C:\Users\ismak\Documents\GitHub\relation_test_code_smell_ML\dataset\projects\guava\guava-tests\test\com\google\common\util\concurrent\ServiceTest.java,dataset/projects/guava/guava-tests/test/com/google/common/util/concurrent/ServiceTest.java,ServiceTest.java,ServiceTest,11,2,10,1,0,1,true,true,false,true,false,false,false,false,false,false
GitHub,relation_test_code_smell_ML,C:\Users\ismak\Documents\GitHub\relation_test_code_smell_ML\dataset\projects\guava\guava-tests\test\com\google\common\util\concurrent\SettableFutureTest.java,dataset/projects/guava/guava-tests/test/com/google/common/util/concurrent/SettableFutureTest.java,SettableFutureTest.java,FooChild,10,16,111,16,0,16,true,false,false,true,false,false,false,false,false,false
GitHub,relation_test_code_smell_ML,C:\Users\ismak\Documents\GitHub\relation_test_code_smell_ML\dataset\projects\guava\guava-tests\test\com\google\common\util\concurrent\SimpleTimeLimiterTest.java,dataset/projects/guava/guava-tests/test/com/google/common/util/concurrent/SimpleTimeLimiterTest.java,SimpleTimeLimiterTest.java,SampleImpl,15,21,56,16,0,16,true,false,false,true,false,false,false,false,false,false
GitHub,relation_test_code_smell_ML,C:\Users\ismak\Documents\GitHub\relation_test_code_smell_ML\dataset\projects\guava\guava-tests\test\com\google\common\util\concurrent\StripedTest.java,dataset/projects/guava/guava-tests/test/com/google/common/util/concurrent/StripedTest.java,StripedTest.java,StripedTest,26,15,32,9,0,9,true,true,false,true,false,false,false,false,false,false
GitHub,relation_test_code_smell_ML,C:\Users\ismak\Documents\GitHub\relation_test_code_smell_ML\dataset\projects\guava\guava-tests\test\com\google\common\util\concurrent\SupplementalMonitorTest.java,dataset/projects/guava/guava-tests/test/com/google/common/util/concurrent/SupplementalMonitorTest.java,SupplementalMonitorTest.java,SupplementalMonitorTest,12,8,32,6,0,6,true,true,false,true,false,false,false,false,false,false
GitHub,relation_test_code_smell_ML,C:\Users\ismak\Documents\GitHub\relation_test_code_smell_ML\dataset\projects\guava\guava-tests\test\com\google\common\util\concurrent\TestExceptions.java,dataset/projects/guava/guava-tests/test/com/google/common/util/concurrent/TestExceptions.java,TestExceptions.java,SomeChainingException,2,0,0,0,0,0,true,false,false,false,false,false,false,false,false,false
GitHub,relation_test_code_smell_ML,C:\Users\ismak\Documents\GitHub\relation_test_code_smell_ML\dataset\projects\guava\guava-tests\test\com\google\common\util\concurrent\TestPlatform.java,dataset/projects/guava/guava-tests/test/com/google/common/util/concurrent/TestPlatform.java,TestPlatform.java,TestPlatform,13,5,8,0,0,0,true,true,false,false,false,false,false,false,false,false
GitHub,relation_test_code_smell_ML,C:\Users\ismak\Documents\GitHub\relation_test_code_smell_ML\dataset\projects\guava\guava-tests\test\com\google\common\util\concurrent\TestThread.java,dataset/projects/guava/guava-tests/test/com/google/common/util/concurrent/TestThread.java,TestThread.java,Response,14,17,49,0,0,0,true,false,false,false,false,false,false,false,false,true
GitHub,relation_test_code_smell_ML,C:\Users\ismak\Documents\GitHub\relation_test_code_smell_ML\dataset\projects\guava\guava-tests\test\com\google\common\util\concurrent\ThreadFactoryBuilderTest.java,dataset/projects/guava/guava-tests/test/com/google/common/util/concurrent/ThreadFactoryBuilderTest.java,ThreadFactoryBuilderTest.java,ThreadFactoryBuilderTest,12,18,74,14,0,14,true,true,false,true,false,false,false,false,false,false
GitHub,relation_test_code_smell_ML,C:\Users\ismak\Documents\GitHub\relation_test_code_smell_ML\dataset\projects\guava\guava-tests\test\com\google\common\util\concurrent\TrustedInputFutureTest.java,dataset/projects/guava/guava-tests/test/com/google/common/util/concurrent/TrustedInputFutureTest.java,TrustedInputFutureTest.java,TrustedInputFutureTest,5,1,3,0,0,0,true,true,false,false,false,false,false,false,false,false
GitHub,relation_test_code_smell_ML,C:\Users\ismak\Documents\GitHub\relation_test_code_smell_ML\dataset\projects\guava\guava-tests\test\com\google\common\util\concurrent\TrustedListenableFutureTaskTest.java,dataset/projects/guava/guava-tests/test/com/google/common/util/concurrent/TrustedListenableFutureTaskTest.java,TrustedListenableFutureTaskTest.java,TrustedListenableFutureTaskTest,20,7,54,6,0,6,true,true,false,true,false,false,false,false,false,false
GitHub,relation_test_code_smell_ML,C:\Users\ismak\Documents\GitHub\relation_test_code_smell_ML\dataset\projects\guava\guava-tests\test\com\google\common\util\concurrent\UncaughtExceptionHandlersTest.java,dataset/projects/guava/guava-tests/test/com/google/common/util/concurrent/UncaughtExceptionHandlersTest.java,UncaughtExceptionHandlersTest.java,UncaughtExceptionHandlersTest,6,1,3,1,0,1,true,true,false,true,false,false,false,false,false,false
GitHub,relation_test_code_smell_ML,C:\Users\ismak\Documents\GitHub\relation_test_code_smell_ML\dataset\projects\guava\guava-tests\test\com\google\common\util\concurrent\UninterruptibleFutureTest.java,dataset/projects/guava/guava-tests/test/com/google/common/util/concurrent/UninterruptibleFutureTest.java,UninterruptibleFutureTest.java,SleepingRunnable,18,19,54,11,0,11,true,false,false,true,false,false,false,false,false,false
GitHub,relation_test_code_smell_ML,C:\Users\ismak\Documents\GitHub\relation_test_code_smell_ML\dataset\projects\guava\guava-tests\test\com\google\common\util\concurrent\UninterruptibleMonitorTest.java,dataset/projects/guava/guava-tests/test/com/google/common/util/concurrent/UninterruptibleMonitorTest.java,UninterruptibleMonitorTest.java,UninterruptibleMonitorTest,3,0,0,0,0,0,true,true,false,false,false,false,false,false,false,false
GitHub,relation_test_code_smell_ML,C:\Users\ismak\Documents\GitHub\relation_test_code_smell_ML\dataset\projects\guava\guava-tests\test\com\google\common\util\concurrent\UninterruptiblesTest.java,dataset/projects/guava/guava-tests/test/com/google/common/util/concurrent/UninterruptiblesTest.java,UninterruptiblesTest.java,TestCondition,36,115,379,60,0,60,true,true,false,true,false,false,false,false,false,true
GitHub,relation_test_code_smell_ML,C:\Users\ismak\Documents\GitHub\relation_test_code_smell_ML\dataset\projects\guava\guava-tests\test\com\google\common\util\concurrent\UntrustedInputFutureTest.java,dataset/projects/guava/guava-tests/test/com/google/common/util/concurrent/UntrustedInputFutureTest.java,UntrustedInputFutureTest.java,UntrustedInputFutureTest,6,1,3,0,0,0,true,true,false,false,false,false,false,false,false,false
GitHub,relation_test_code_smell_ML,C:\Users\ismak\Documents\GitHub\relation_test_code_smell_ML\dataset\projects\guava\guava-tests\test\com\google\common\util\concurrent\WrappingExecutorServiceTest.java,dataset/projects/guava/guava-tests/test/com/google/common/util/concurrent/WrappingExecutorServiceTest.java,WrappingExecutorServiceTest.java,MockExecutor,23,27,74,5,0,5,true,false,false,true,false,false,false,false,false,true
GitHub,relation_test_code_smell_ML,C:\Users\ismak\Documents\GitHub\relation_test_code_smell_ML\dataset\projects\guava\guava-tests\test\com\google\common\util\concurrent\WrappingScheduledExecutorServiceTest.java,dataset/projects/guava/guava-tests/test/com/google/common/util/concurrent/WrappingScheduledExecutorServiceTest.java,WrappingScheduledExecutorServiceTest.java,MockExecutor,14,25,58,2,0,2,true,false,false,true,false,false,false,false,false,false
GitHub,relation_test_code_smell_ML,C:\Users\ismak\Documents\GitHub\relation_test_code_smell_ML\dataset\projects\guava\guava-tests\test\com\google\common\xml\XmlEscapersTest.java,dataset/projects/guava/guava-tests/test/com/google/common/xml/XmlEscapersTest.java,XmlEscapersTest.java,XmlEscapersTest,8,3,23,2,0,2,true,true,false,true,false,false,false,false,false,false
GitHub,relation_test_code_smell_ML,C:\Users\ismak\Documents\GitHub\relation_test_code_smell_ML\dataset\projects\guava\guava-tests\test\com\google\thirdparty\publicsuffix\PublicSuffixTrieTest.java,dataset/projects/guava/guava-tests/test/com/google/thirdparty/publicsuffix/PublicSuffixTrieTest.java,PublicSuffixTrieTest.java,PublicSuffixTrieTest,5,4,16,4,4,0,true,true,false,false,true,false,false,false,false,false
