App,Tag,FilePath,RelativeFilePath,FileName,ClassName,Comment
GitHub,relation_test_code_smell_ML,C:\Users\ismak\Documents\GitHub\relation_test_code_smell_ML\dataset\projects\elasticsearch\build-tools-internal\src\main\java\org\elasticsearch\gradle\internal\precommit\TestingConventionsCheckTask.java,dataset/projects/elasticsearch/build-tools-internal/src/main/java/org/elasticsearch/gradle/internal/precommit/TestingConventionsCheckTask.java,TestingConventionsCheckTask.java,Parameters,""" Don't initialize the class to save time. Not needed for this test and this doesn't share a VM with any other tests."""
GitHub,relation_test_code_smell_ML,C:\Users\ismak\Documents\GitHub\relation_test_code_smell_ML\dataset\projects\elasticsearch\build-tools-internal\src\main\java\org\elasticsearch\gradle\internal\precommit\TestingConventionsCheckTask.java,dataset/projects/elasticsearch/build-tools-internal/src/main/java/org/elasticsearch/gradle/internal/precommit/TestingConventionsCheckTask.java,TestingConventionsCheckTask.java,Parameters,""" Don't initialize the class to save time. Not needed for this test and this doesn't share a VM with any other tests."""
GitHub,relation_test_code_smell_ML,C:\Users\ismak\Documents\GitHub\relation_test_code_smell_ML\dataset\projects\elasticsearch\build-tools-internal\src\main\java\org\elasticsearch\gradle\internal\test\TestWithDependenciesPlugin.java,dataset/projects/elasticsearch/build-tools-internal/src/main/java/org/elasticsearch/gradle/internal/test/TestWithDependenciesPlugin.java,TestWithDependenciesPlugin.java,TestWithDependenciesPlugin,""" The changes this plugin makes both break and aren't needed by
             * Eclipse. This is because Eclipse flattens main and test
             * dependencies into a single dependency. Because Eclipse is
             *  special .... """
GitHub,relation_test_code_smell_ML,C:\Users\ismak\Documents\GitHub\relation_test_code_smell_ML\dataset\projects\elasticsearch\build-tools-internal\src\test\java\org\elasticsearch\gradle\internal\precommit\DependencyLicensesTaskTests.java,dataset/projects/elasticsearch/build-tools-internal/src/test/java/org/elasticsearch/gradle/internal/precommit/DependencyLicensesTaskTests.java,DependencyLicensesTaskTests.java,DependencyLicensesTaskTests,""" Add two unused files"""
GitHub,relation_test_code_smell_ML,C:\Users\ismak\Documents\GitHub\relation_test_code_smell_ML\dataset\projects\elasticsearch\build-tools-internal\src\test\java\org\elasticsearch\gradle\internal\precommit\DependencyLicensesTaskTests.java,dataset/projects/elasticsearch/build-tools-internal/src/test/java/org/elasticsearch/gradle/internal/precommit/DependencyLicensesTaskTests.java,DependencyLicensesTaskTests.java,DependencyLicensesTaskTests,""" Should collect both unused file problems"""
GitHub,relation_test_code_smell_ML,C:\Users\ismak\Documents\GitHub\relation_test_code_smell_ML\dataset\projects\elasticsearch\build-tools-internal\src\test\java\org\elasticsearch\gradle\internal\release\PruneChangelogsTaskTests.java,dataset/projects/elasticsearch/build-tools-internal/src/test/java/org/elasticsearch/gradle/internal/release/PruneChangelogsTaskTests.java,PruneChangelogsTaskTests.java,PruneChangelogsTaskTests,""" TODO: Muted on windows until resolved: https://github.com/elastic/elasticsearch/issues/78318"""
GitHub,relation_test_code_smell_ML,C:\Users\ismak\Documents\GitHub\relation_test_code_smell_ML\dataset\projects\elasticsearch\client\rest\src\test\java\org\elasticsearch\client\RestClientGzipCompressionTests.java,dataset/projects/elasticsearch/client/rest/src/test/java/org/elasticsearch/client/RestClientGzipCompressionTests.java,RestClientGzipCompressionTests.java,FutureResponse,""" Encode response if needed"""
GitHub,relation_test_code_smell_ML,C:\Users\ismak\Documents\GitHub\relation_test_code_smell_ML\dataset\projects\elasticsearch\client\rest\src\test\java\org\elasticsearch\client\RestClientGzipCompressionTests.java,dataset/projects/elasticsearch/client/rest/src/test/java/org/elasticsearch/client/RestClientGzipCompressionTests.java,RestClientGzipCompressionTests.java,FutureResponse,""" Encode response if needed"""
GitHub,relation_test_code_smell_ML,C:\Users\ismak\Documents\GitHub\relation_test_code_smell_ML\dataset\projects\elasticsearch\client\sniffer\src\test\java\org\elasticsearch\client\sniff\SnifferTests.java,dataset/projects/elasticsearch/client/sniffer/src/test/java/org/elasticsearch/client/sniff/SnifferTests.java,SnifferTests.java,CountingNodesSniffer,"""
     * Wraps a {@link Sniffer.Task} and allows to wait for its completion. This is needed to verify
     * that tasks are either never started or always completed. Calling {@link Future#get()} against a cancelled future will
     * throw {@link CancellationException} straight-away but the execution of the task will continue if it had already started,
     * in which case {@link Future#cancel(boolean)} returns true which is not very helpful.
     """
GitHub,relation_test_code_smell_ML,C:\Users\ismak\Documents\GitHub\relation_test_code_smell_ML\dataset\projects\elasticsearch\client\sniffer\src\test\java\org\elasticsearch\client\sniff\SnifferTests.java,dataset/projects/elasticsearch/client/sniffer/src/test/java/org/elasticsearch/client/sniff/SnifferTests.java,SnifferTests.java,CountingNodesSniffer,"""
     * Wraps a {@link Sniffer.Task} and allows to wait for its completion. This is needed to verify
     * that tasks are either never started or always completed. Calling {@link Future#get()} against a cancelled future will
     * throw {@link CancellationException} straight-away but the execution of the task will continue if it had already started,
     * in which case {@link Future#cancel(boolean)} returns true which is not very helpful.
     """
GitHub,relation_test_code_smell_ML,C:\Users\ismak\Documents\GitHub\relation_test_code_smell_ML\dataset\projects\elasticsearch\client\sniffer\src\test\java\org\elasticsearch\client\sniff\SnifferTests.java,dataset/projects/elasticsearch/client/sniffer/src/test/java/org/elasticsearch/client/sniff/SnifferTests.java,SnifferTests.java,CountingNodesSniffer,"""
     * Wraps a {@link Sniffer.Task} and allows to wait for its completion. This is needed to verify
     * that tasks are either never started or always completed. Calling {@link Future#get()} against a cancelled future will
     * throw {@link CancellationException} straight-away but the execution of the task will continue if it had already started,
     * in which case {@link Future#cancel(boolean)} returns true which is not very helpful.
     """
GitHub,relation_test_code_smell_ML,C:\Users\ismak\Documents\GitHub\relation_test_code_smell_ML\dataset\projects\elasticsearch\libs\entitlement\qa\entitlement-test-plugin\src\test\java\org\elasticsearch\entitlement\qa\test\NetworkAccessCheckActionsTests.java,dataset/projects/elasticsearch/libs/entitlement/qa/entitlement-test-plugin/src/test/java/org/elasticsearch/entitlement/qa/test/NetworkAccessCheckActionsTests.java,NetworkAccessCheckActionsTests.java,NetworkAccessCheckActionsTests,"""
     * Reproduces the FIPS failure: when the LDAP CertStore provider is absent,
     * {@code createLDAPCertStore()} must complete normally instead of propagating
     * {@link NoSuchAlgorithmException}.
     * <p>
     * On a standard JVM the SUN provider supplies LDAP CertStore; we simulate the FIPS
     * environment by temporarily removing it. On a FIPS JVM the provider is already absent
     * and no manipulation is needed.
     """
GitHub,relation_test_code_smell_ML,C:\Users\ismak\Documents\GitHub\relation_test_code_smell_ML\dataset\projects\elasticsearch\libs\entitlement\src\test\java\org\elasticsearch\entitlement\runtime\policy\PolicyCheckerImplTests.java,dataset/projects/elasticsearch/libs/entitlement/src/test/java/org/elasticsearch/entitlement/runtime/policy/PolicyCheckerImplTests.java,PolicyCheckerImplTests.java,PolicyCheckerImplTests,""" TODO: TEST_PATH_LOOKUP is always null at this point!"""
GitHub,relation_test_code_smell_ML,C:\Users\ismak\Documents\GitHub\relation_test_code_smell_ML\dataset\projects\elasticsearch\libs\exponential-histogram\src\test\java\org\elasticsearch\exponentialhistogram\ExponentialHistogramMergerTests.java,dataset/projects/elasticsearch/libs/exponential-histogram/src/test/java/org/elasticsearch/exponentialhistogram/ExponentialHistogramMergerTests.java,ExponentialHistogramMergerTests.java,ExponentialHistogramMergerTests,""" ensure buckets of the accumulated histogram are collapsed too if needed"""
GitHub,relation_test_code_smell_ML,C:\Users\ismak\Documents\GitHub\relation_test_code_smell_ML\dataset\projects\elasticsearch\libs\geo\src\test\java\org\elasticsearch\geometry\CircleTests.java,dataset/projects/elasticsearch/libs/geo/src/test/java/org/elasticsearch/geometry/CircleTests.java,CircleTests.java,CircleTests,""" TODO implement https://github.com/elastic/elasticsearch/issues/25929"""
GitHub,relation_test_code_smell_ML,C:\Users\ismak\Documents\GitHub\relation_test_code_smell_ML\dataset\projects\elasticsearch\libs\geo\src\test\java\org\elasticsearch\geometry\LineTests.java,dataset/projects/elasticsearch/libs/geo/src/test/java/org/elasticsearch/geometry/LineTests.java,LineTests.java,LineTests,""" TODO implement https://github.com/elastic/elasticsearch/issues/25929"""
GitHub,relation_test_code_smell_ML,C:\Users\ismak\Documents\GitHub\relation_test_code_smell_ML\dataset\projects\elasticsearch\libs\geo\src\test\java\org\elasticsearch\geometry\MultiLineTests.java,dataset/projects/elasticsearch/libs/geo/src/test/java/org/elasticsearch/geometry/MultiLineTests.java,MultiLineTests.java,MultiLineTests,""" TODO implement https://github.com/elastic/elasticsearch/issues/25929"""
GitHub,relation_test_code_smell_ML,C:\Users\ismak\Documents\GitHub\relation_test_code_smell_ML\dataset\projects\elasticsearch\libs\geo\src\test\java\org\elasticsearch\geometry\MultiPointTests.java,dataset/projects/elasticsearch/libs/geo/src/test/java/org/elasticsearch/geometry/MultiPointTests.java,MultiPointTests.java,MultiPointTests,""" TODO implement https://github.com/elastic/elasticsearch/issues/25929"""
GitHub,relation_test_code_smell_ML,C:\Users\ismak\Documents\GitHub\relation_test_code_smell_ML\dataset\projects\elasticsearch\libs\geo\src\test\java\org\elasticsearch\geometry\MultiPolygonTests.java,dataset/projects/elasticsearch/libs/geo/src/test/java/org/elasticsearch/geometry/MultiPolygonTests.java,MultiPolygonTests.java,MultiPolygonTests,""" TODO implement https://github.com/elastic/elasticsearch/issues/25929"""
GitHub,relation_test_code_smell_ML,C:\Users\ismak\Documents\GitHub\relation_test_code_smell_ML\dataset\projects\elasticsearch\libs\geo\src\test\java\org\elasticsearch\geometry\PointTests.java,dataset/projects/elasticsearch/libs/geo/src/test/java/org/elasticsearch/geometry/PointTests.java,PointTests.java,PointTests,""" TODO implement https://github.com/elastic/elasticsearch/issues/25929"""
GitHub,relation_test_code_smell_ML,C:\Users\ismak\Documents\GitHub\relation_test_code_smell_ML\dataset\projects\elasticsearch\libs\geo\src\test\java\org\elasticsearch\geometry\PolygonTests.java,dataset/projects/elasticsearch/libs/geo/src/test/java/org/elasticsearch/geometry/PolygonTests.java,PolygonTests.java,PolygonTests,""" TODO implement https://github.com/elastic/elasticsearch/issues/25929"""
GitHub,relation_test_code_smell_ML,C:\Users\ismak\Documents\GitHub\relation_test_code_smell_ML\dataset\projects\elasticsearch\libs\geo\src\test\java\org\elasticsearch\geometry\RectangleTests.java,dataset/projects/elasticsearch/libs/geo/src/test/java/org/elasticsearch/geometry/RectangleTests.java,RectangleTests.java,RectangleTests,""" TODO implement https://github.com/elastic/elasticsearch/issues/25929"""
GitHub,relation_test_code_smell_ML,C:\Users\ismak\Documents\GitHub\relation_test_code_smell_ML\dataset\projects\elasticsearch\libs\geo\src\test\java\org\elasticsearch\geometry\simplify\Vector3DTests.java,dataset/projects/elasticsearch/libs/geo/src/test/java/org/elasticsearch/geometry/simplify/Vector3DTests.java,Vector3DTests.java,TestPoint3DMatcher,""" TODO: fix"""
GitHub,relation_test_code_smell_ML,C:\Users\ismak\Documents\GitHub\relation_test_code_smell_ML\dataset\projects\elasticsearch\libs\geo\src\test\java\org\elasticsearch\geometry\simplify\Vector3DTests.java,dataset/projects/elasticsearch/libs/geo/src/test/java/org/elasticsearch/geometry/simplify/Vector3DTests.java,Vector3DTests.java,TestPoint3DMatcher,""" TODO: fix to be more accurate"""
GitHub,relation_test_code_smell_ML,C:\Users\ismak\Documents\GitHub\relation_test_code_smell_ML\dataset\projects\elasticsearch\libs\geo\src\test\java\org\elasticsearch\geometry\utils\SpatialEnvelopeVisitorTests.java,dataset/projects/elasticsearch/libs/geo/src/test/java/org/elasticsearch/geometry/utils/SpatialEnvelopeVisitorTests.java,SpatialEnvelopeVisitorTests.java,SpatialEnvelopeVisitorTests,""" TODO this should be WRAP instead"""
GitHub,relation_test_code_smell_ML,C:\Users\ismak\Documents\GitHub\relation_test_code_smell_ML\dataset\projects\elasticsearch\libs\gpu-codec\src\test\java\org\elasticsearch\gpu\codec\DatasetUtilsTests.java,dataset/projects/elasticsearch/libs/gpu-codec/src/test/java/org/elasticsearch/gpu/codec/DatasetUtilsTests.java,DatasetUtilsTests.java,DatasetUtilsTests,""" TODO: abstract out setup in to common GPUTestcase"""
GitHub,relation_test_code_smell_ML,C:\Users\ismak\Documents\GitHub\relation_test_code_smell_ML\dataset\projects\elasticsearch\libs\gpu-codec\src\test\java\org\elasticsearch\gpu\codec\DatasetUtilsTests.java,dataset/projects/elasticsearch/libs/gpu-codec/src/test/java/org/elasticsearch/gpu/codec/DatasetUtilsTests.java,DatasetUtilsTests.java,DatasetUtilsTests,""" TODO: make this non-null"""
GitHub,relation_test_code_smell_ML,C:\Users\ismak\Documents\GitHub\relation_test_code_smell_ML\dataset\projects\elasticsearch\modules\aggregations\src\test\java\org\elasticsearch\aggregations\bucket\histogram\AutoDateHistogramAggregatorTests.java,dataset/projects/elasticsearch/modules/aggregations/src/test/java/org/elasticsearch/aggregations/bucket/histogram/AutoDateHistogramAggregatorTests.java,AutoDateHistogramAggregatorTests.java,AutoDateHistogramAggregatorTests,""" TODO: remove when moving DateHistogramAggregatorTestCase to aggregations module"""
GitHub,relation_test_code_smell_ML,C:\Users\ismak\Documents\GitHub\relation_test_code_smell_ML\dataset\projects\elasticsearch\modules\aggregations\src\test\java\org\elasticsearch\aggregations\bucket\histogram\AutoDateHistogramTests.java,dataset/projects/elasticsearch/modules/aggregations/src/test/java/org/elasticsearch/aggregations/bucket/histogram/AutoDateHistogramTests.java,AutoDateHistogramTests.java,AutoDateHistogramTests,""" TODO[PCS]: add builder pattern here"""
GitHub,relation_test_code_smell_ML,C:\Users\ismak\Documents\GitHub\relation_test_code_smell_ML\dataset\projects\elasticsearch\modules\aggregations\src\test\java\org\elasticsearch\aggregations\bucket\timeseries\InternalTimeSeriesTests.java,dataset/projects/elasticsearch/modules/aggregations/src/test/java/org/elasticsearch/aggregations/bucket/timeseries/InternalTimeSeriesTests.java,InternalTimeSeriesTests.java,InternalTimeSeriesTests,""" TODO implement https://github.com/elastic/elasticsearch/issues/25929"""
GitHub,relation_test_code_smell_ML,C:\Users\ismak\Documents\GitHub\relation_test_code_smell_ML\dataset\projects\elasticsearch\modules\analysis-common\src\test\java\org\elasticsearch\analysis\common\CommonAnalysisFactoryTests.java,dataset/projects/elasticsearch/modules/analysis-common/src/test/java/org/elasticsearch/analysis/common/CommonAnalysisFactoryTests.java,CommonAnalysisFactoryTests.java,CommonAnalysisFactoryTests,""" TODO: these charfilters are not yet exposed: useful?"""
GitHub,relation_test_code_smell_ML,C:\Users\ismak\Documents\GitHub\relation_test_code_smell_ML\dataset\projects\elasticsearch\modules\analysis-common\src\test\java\org\elasticsearch\analysis\common\CommonAnalysisFactoryTests.java,dataset/projects/elasticsearch/modules/analysis-common/src/test/java/org/elasticsearch/analysis/common/CommonAnalysisFactoryTests.java,CommonAnalysisFactoryTests.java,CommonAnalysisFactoryTests,""" TODO drop aliases once they are moved to module"""
GitHub,relation_test_code_smell_ML,C:\Users\ismak\Documents\GitHub\relation_test_code_smell_ML\dataset\projects\elasticsearch\modules\analysis-common\src\test\java\org\elasticsearch\analysis\common\FlattenGraphTokenFilterFactoryTests.java,dataset/projects/elasticsearch/modules/analysis-common/src/test/java/org/elasticsearch/analysis/common/FlattenGraphTokenFilterFactoryTests.java,FlattenGraphTokenFilterFactoryTests.java,FlattenGraphTokenFilterFactoryTests,"""  wow that's funny  and  what the fudge  are separate side paths, in parallel with  wtf , on input:"""
GitHub,relation_test_code_smell_ML,C:\Users\ismak\Documents\GitHub\relation_test_code_smell_ML\dataset\projects\elasticsearch\modules\analysis-common\src\test\java\org\elasticsearch\analysis\common\FlattenGraphTokenFilterFactoryTests.java,dataset/projects/elasticsearch/modules/analysis-common/src/test/java/org/elasticsearch/analysis/common/FlattenGraphTokenFilterFactoryTests.java,FlattenGraphTokenFilterFactoryTests.java,FlattenGraphTokenFilterFactoryTests,""" ... but on output, it's flattened to wtf/what/wow that's/the fudge/funny happened:"""
GitHub,relation_test_code_smell_ML,C:\Users\ismak\Documents\GitHub\relation_test_code_smell_ML\dataset\projects\elasticsearch\modules\data-streams\src\test\java\org\elasticsearch\datastreams\action\CreateDataStreamRequestTests.java,dataset/projects/elasticsearch/modules/data-streams/src/test/java/org/elasticsearch/datastreams/action/CreateDataStreamRequestTests.java,CreateDataStreamRequestTests.java,CreateDataStreamRequestTests,""" TODO implement https://github.com/elastic/elasticsearch/issues/25929"""
GitHub,relation_test_code_smell_ML,C:\Users\ismak\Documents\GitHub\relation_test_code_smell_ML\dataset\projects\elasticsearch\modules\data-streams\src\test\java\org\elasticsearch\datastreams\action\DataStreamsStatsResponseTests.java,dataset/projects/elasticsearch/modules/data-streams/src/test/java/org/elasticsearch/datastreams/action/DataStreamsStatsResponseTests.java,DataStreamsStatsResponseTests.java,DataStreamsStatsResponseTests,""" TODO implement https://github.com/elastic/elasticsearch/issues/25929"""
GitHub,relation_test_code_smell_ML,C:\Users\ismak\Documents\GitHub\relation_test_code_smell_ML\dataset\projects\elasticsearch\modules\data-streams\src\test\java\org\elasticsearch\datastreams\action\DeleteDataStreamRequestTests.java,dataset/projects/elasticsearch/modules/data-streams/src/test/java/org/elasticsearch/datastreams/action/DeleteDataStreamRequestTests.java,DeleteDataStreamRequestTests.java,DeleteDataStreamRequestTests,""" TODO implement https://github.com/elastic/elasticsearch/issues/25929"""
GitHub,relation_test_code_smell_ML,C:\Users\ismak\Documents\GitHub\relation_test_code_smell_ML\dataset\projects\elasticsearch\modules\ip-location\src\test\java\org\elasticsearch\ingest\geoip\EnterpriseGeoIpDownloaderTests.java,dataset/projects/elasticsearch/modules/ip-location/src/test/java/org/elasticsearch/ingest/geoip/EnterpriseGeoIpDownloaderTests.java,EnterpriseGeoIpDownloaderTests.java,MockClient,""" TODO: change to random projectId"""
GitHub,relation_test_code_smell_ML,C:\Users\ismak\Documents\GitHub\relation_test_code_smell_ML\dataset\projects\elasticsearch\modules\ip-location\src\test\java\org\elasticsearch\ingest\geoip\GeoIpTaskStateSerializationTests.java,dataset/projects/elasticsearch/modules/ip-location/src/test/java/org/elasticsearch/ingest/geoip/GeoIpTaskStateSerializationTests.java,GeoIpTaskStateSerializationTests.java,GeoIpTaskStateSerializationTests,""" TODO implement https://github.com/elastic/elasticsearch/issues/25929"""
GitHub,relation_test_code_smell_ML,C:\Users\ismak\Documents\GitHub\relation_test_code_smell_ML\dataset\projects\elasticsearch\modules\ip-location\src\test\java\org\elasticsearch\ingest\geoip\IpinfoIpDataLookupsTests.java,dataset/projects/elasticsearch/modules/ip-location/src/test/java/org/elasticsearch/ingest/geoip/IpinfoIpDataLookupsTests.java,IpinfoIpDataLookupsTests.java,PlusResultBuilder,""" lazy-populates the shared dir on first miss, so no per-test copies are needed up front."""
GitHub,relation_test_code_smell_ML,C:\Users\ismak\Documents\GitHub\relation_test_code_smell_ML\dataset\projects\elasticsearch\modules\ip-location\src\test\java\org\elasticsearch\ingest\geoip\IpinfoIpDataLookupsTests.java,dataset/projects/elasticsearch/modules/ip-location/src/test/java/org/elasticsearch/ingest/geoip/IpinfoIpDataLookupsTests.java,IpinfoIpDataLookupsTests.java,PlusResultBuilder,"""
     * Builder that confines the verbose positional {@link IpinfoIpDataLookups.PlusResult} record constructor to a single place. Every
     * component defaults to {@code null}; setters are provided only for the fields exercised by tests, and can be added as needed.
     * {@code build()} fills the remaining components with {@code null}
     """
GitHub,relation_test_code_smell_ML,C:\Users\ismak\Documents\GitHub\relation_test_code_smell_ML\dataset\projects\elasticsearch\modules\ip-location\src\test\java\org\elasticsearch\ingest\geoip\IpinfoIpDataLookupsTests.java,dataset/projects/elasticsearch/modules/ip-location/src/test/java/org/elasticsearch/ingest/geoip/IpinfoIpDataLookupsTests.java,IpinfoIpDataLookupsTests.java,PlusResultBuilder,"""
     * Builder that confines the verbose positional {@link IpinfoIpDataLookups.PlusResult} record constructor to a single place. Every
     * component defaults to {@code null}; setters are provided only for the fields exercised by tests, and can be added as needed.
     * {@code build()} fills the remaining components with {@code null}
     """
GitHub,relation_test_code_smell_ML,C:\Users\ismak\Documents\GitHub\relation_test_code_smell_ML\dataset\projects\elasticsearch\modules\ip-location\src\test\java\org\elasticsearch\ingest\geoip\IpinfoIpDataLookupsTests.java,dataset/projects/elasticsearch/modules/ip-location/src/test/java/org/elasticsearch/ingest/geoip/IpinfoIpDataLookupsTests.java,IpinfoIpDataLookupsTests.java,PlusResultBuilder,"""
     * Builder that confines the verbose positional {@link IpinfoIpDataLookups.PlusResult} record constructor to a single place. Every
     * component defaults to {@code null}; setters are provided only for the fields exercised by tests, and can be added as needed.
     * {@code build()} fills the remaining components with {@code null}
     """
GitHub,relation_test_code_smell_ML,C:\Users\ismak\Documents\GitHub\relation_test_code_smell_ML\dataset\projects\elasticsearch\modules\ip-location\src\test\java\org\elasticsearch\ingest\geoip\MaxmindIpDataLookupsTests.java,dataset/projects/elasticsearch/modules/ip-location/src/test/java/org/elasticsearch/ingest/geoip/MaxmindIpDataLookupsTests.java,MaxmindIpDataLookupsTests.java,MaxmindIpDataLookupsTests,""" lazy-populates the shared dir on first miss, so no per-test copies are needed up front."""
GitHub,relation_test_code_smell_ML,C:\Users\ismak\Documents\GitHub\relation_test_code_smell_ML\dataset\projects\elasticsearch\modules\ip-location\src\test\java\org\elasticsearch\ingest\geoip\stats\GeoIpDownloaderStatsSerializingTests.java,dataset/projects/elasticsearch/modules/ip-location/src/test/java/org/elasticsearch/ingest/geoip/stats/GeoIpDownloaderStatsSerializingTests.java,GeoIpDownloaderStatsSerializingTests.java,GeoIpDownloaderStatsSerializingTests,""" TODO implement https://github.com/elastic/elasticsearch/issues/25929"""
GitHub,relation_test_code_smell_ML,C:\Users\ismak\Documents\GitHub\relation_test_code_smell_ML\dataset\projects\elasticsearch\modules\ip-location\src\test\java\org\elasticsearch\ingest\geoip\stats\GeoIpStatsActionNodeResponseSerializingTests.java,dataset/projects/elasticsearch/modules/ip-location/src/test/java/org/elasticsearch/ingest/geoip/stats/GeoIpStatsActionNodeResponseSerializingTests.java,GeoIpStatsActionNodeResponseSerializingTests.java,GeoIpStatsActionNodeResponseSerializingTests,""" TODO implement https://github.com/elastic/elasticsearch/issues/25929"""
GitHub,relation_test_code_smell_ML,C:\Users\ismak\Documents\GitHub\relation_test_code_smell_ML\dataset\projects\elasticsearch\modules\ip-location\src\test\java\org\elasticsearch\ingest\geoip\stats\GeoIpStatsActionResponseSerializingTests.java,dataset/projects/elasticsearch/modules/ip-location/src/test/java/org/elasticsearch/ingest/geoip/stats/GeoIpStatsActionResponseSerializingTests.java,GeoIpStatsActionResponseSerializingTests.java,GeoIpStatsActionResponseSerializingTests,""" TODO implement https://github.com/elastic/elasticsearch/issues/25929"""
GitHub,relation_test_code_smell_ML,C:\Users\ismak\Documents\GitHub\relation_test_code_smell_ML\dataset\projects\elasticsearch\modules\lang-painless\src\test\java\org\elasticsearch\painless\action\ContextInfoTests.java,dataset/projects/elasticsearch/modules/lang-painless/src/test/java/org/elasticsearch/painless/action/ContextInfoTests.java,ContextInfoTests.java,ContextInfoTests,""" TODO implement https://github.com/elastic/elasticsearch/issues/25929"""
GitHub,relation_test_code_smell_ML,C:\Users\ismak\Documents\GitHub\relation_test_code_smell_ML\dataset\projects\elasticsearch\modules\lang-painless\src\test\java\org\elasticsearch\painless\action\PainlessExecuteRequestTests.java,dataset/projects/elasticsearch/modules/lang-painless/src/test/java/org/elasticsearch/painless/action/PainlessExecuteRequestTests.java,PainlessExecuteRequestTests.java,PainlessExecuteRequestTests,""" TODO implement https://github.com/elastic/elasticsearch/issues/25929"""
GitHub,relation_test_code_smell_ML,C:\Users\ismak\Documents\GitHub\relation_test_code_smell_ML\dataset\projects\elasticsearch\modules\lang-painless\src\test\java\org\elasticsearch\painless\AdditionTests.java,dataset/projects/elasticsearch/modules/lang-painless/src/test/java/org/elasticsearch/painless/AdditionTests.java,AdditionTests.java,AdditionTests,""" TODO: NaN/Inf/overflow/..."""
GitHub,relation_test_code_smell_ML,C:\Users\ismak\Documents\GitHub\relation_test_code_smell_ML\dataset\projects\elasticsearch\modules\lang-painless\src\test\java\org\elasticsearch\painless\DefOptimizationTests.java,dataset/projects/elasticsearch/modules/lang-painless/src/test/java/org/elasticsearch/painless/DefOptimizationTests.java,DefOptimizationTests.java,DefOptimizationTests,""" a primitive argument is present: no null guard needed"""
GitHub,relation_test_code_smell_ML,C:\Users\ismak\Documents\GitHub\relation_test_code_smell_ML\dataset\projects\elasticsearch\modules\lang-painless\src\test\java\org\elasticsearch\painless\DivisionTests.java,dataset/projects/elasticsearch/modules/lang-painless/src/test/java/org/elasticsearch/painless/DivisionTests.java,DivisionTests.java,DivisionTests,""" TODO: byte,short,char"""
GitHub,relation_test_code_smell_ML,C:\Users\ismak\Documents\GitHub\relation_test_code_smell_ML\dataset\projects\elasticsearch\modules\lang-painless\src\test\java\org\elasticsearch\painless\DivisionTests.java,dataset/projects/elasticsearch/modules/lang-painless/src/test/java/org/elasticsearch/painless/DivisionTests.java,DivisionTests.java,DivisionTests,""" TODO: NaN/Inf/overflow/..."""
GitHub,relation_test_code_smell_ML,C:\Users\ismak\Documents\GitHub\relation_test_code_smell_ML\dataset\projects\elasticsearch\modules\lang-painless\src\test\java\org\elasticsearch\painless\DivisionTests.java,dataset/projects/elasticsearch/modules/lang-painless/src/test/java/org/elasticsearch/painless/DivisionTests.java,DivisionTests.java,DivisionTests,""" TODO: byte,short,char"""
GitHub,relation_test_code_smell_ML,C:\Users\ismak\Documents\GitHub\relation_test_code_smell_ML\dataset\projects\elasticsearch\modules\lang-painless\src\test\java\org\elasticsearch\painless\ElvisTests.java,dataset/projects/elasticsearch/modules/lang-painless/src/test/java/org/elasticsearch/painless/ElvisTests.java,ElvisTests.java,ElvisTests,""" TODO This could be expanded to allow primitives where neither of the two operations allow them alone"""
GitHub,relation_test_code_smell_ML,C:\Users\ismak\Documents\GitHub\relation_test_code_smell_ML\dataset\projects\elasticsearch\modules\lang-painless\src\test\java\org\elasticsearch\painless\MultiplicationTests.java,dataset/projects/elasticsearch/modules/lang-painless/src/test/java/org/elasticsearch/painless/MultiplicationTests.java,MultiplicationTests.java,MultiplicationTests,""" TODO: short,byte,char"""
GitHub,relation_test_code_smell_ML,C:\Users\ismak\Documents\GitHub\relation_test_code_smell_ML\dataset\projects\elasticsearch\modules\lang-painless\src\test\java\org\elasticsearch\painless\MultiplicationTests.java,dataset/projects/elasticsearch/modules/lang-painless/src/test/java/org/elasticsearch/painless/MultiplicationTests.java,MultiplicationTests.java,MultiplicationTests,""" TODO: NaN/Inf/overflow/..."""
GitHub,relation_test_code_smell_ML,C:\Users\ismak\Documents\GitHub\relation_test_code_smell_ML\dataset\projects\elasticsearch\modules\lang-painless\src\test\java\org\elasticsearch\painless\MultiplicationTests.java,dataset/projects/elasticsearch/modules/lang-painless/src/test/java/org/elasticsearch/painless/MultiplicationTests.java,MultiplicationTests.java,MultiplicationTests,""" TODO: short,byte,char"""
GitHub,relation_test_code_smell_ML,C:\Users\ismak\Documents\GitHub\relation_test_code_smell_ML\dataset\projects\elasticsearch\modules\lang-painless\src\test\java\org\elasticsearch\painless\NeedsScoreTests.java,dataset/projects/elasticsearch/modules/lang-painless/src/test/java/org/elasticsearch/painless/NeedsScoreTests.java,NeedsScoreTests.java,NeedsScoreTests,""" TODO: can we test this better? this is a port of the ExpressionsTests method."""
GitHub,relation_test_code_smell_ML,C:\Users\ismak\Documents\GitHub\relation_test_code_smell_ML\dataset\projects\elasticsearch\modules\lang-painless\src\test\java\org\elasticsearch\painless\RemainderTests.java,dataset/projects/elasticsearch/modules/lang-painless/src/test/java/org/elasticsearch/painless/RemainderTests.java,RemainderTests.java,RemainderTests,""" TODO: byte,short,char"""
GitHub,relation_test_code_smell_ML,C:\Users\ismak\Documents\GitHub\relation_test_code_smell_ML\dataset\projects\elasticsearch\modules\lang-painless\src\test\java\org\elasticsearch\painless\RemainderTests.java,dataset/projects/elasticsearch/modules/lang-painless/src/test/java/org/elasticsearch/painless/RemainderTests.java,RemainderTests.java,RemainderTests,""" TODO: NaN/Inf/overflow/..."""
GitHub,relation_test_code_smell_ML,C:\Users\ismak\Documents\GitHub\relation_test_code_smell_ML\dataset\projects\elasticsearch\modules\lang-painless\src\test\java\org\elasticsearch\painless\RemainderTests.java,dataset/projects/elasticsearch/modules/lang-painless/src/test/java/org/elasticsearch/painless/RemainderTests.java,RemainderTests.java,RemainderTests,""" TODO: byte,short,char"""
GitHub,relation_test_code_smell_ML,C:\Users\ismak\Documents\GitHub\relation_test_code_smell_ML\dataset\projects\elasticsearch\modules\lang-painless\src\test\java\org\elasticsearch\painless\SubtractionTests.java,dataset/projects/elasticsearch/modules/lang-painless/src/test/java/org/elasticsearch/painless/SubtractionTests.java,SubtractionTests.java,SubtractionTests,""" TODO: NaN/Inf/overflow/..."""
GitHub,relation_test_code_smell_ML,C:\Users\ismak\Documents\GitHub\relation_test_code_smell_ML\dataset\projects\elasticsearch\modules\legacy-geo\src\test\java\org\elasticsearch\legacygeo\GeoWKTShapeParserTests.java,dataset/projects/elasticsearch/modules/legacy-geo/src/test/java/org/elasticsearch/legacygeo/GeoWKTShapeParserTests.java,GeoWKTShapeParserTests.java,GeoWKTShapeParserTests,""" TODO generate more malformed WKT"""
GitHub,relation_test_code_smell_ML,C:\Users\ismak\Documents\GitHub\relation_test_code_smell_ML\dataset\projects\elasticsearch\modules\legacy-geo\src\test\java\org\elasticsearch\legacygeo\mapper\LegacyGeoShapeFieldMapperTests.java,dataset/projects/elasticsearch/modules/legacy-geo/src/test/java/org/elasticsearch/legacygeo/mapper/LegacyGeoShapeFieldMapperTests.java,LegacyGeoShapeFieldMapperTests.java,LegacyGeoShapeFieldMapperTests,""" TODO - distance_error_pct ends up being subsumed into a calculated value, how to test"""
GitHub,relation_test_code_smell_ML,C:\Users\ismak\Documents\GitHub\relation_test_code_smell_ML\dataset\projects\elasticsearch\modules\mapper-extras\src\test\java\org\elasticsearch\index\mapper\extras\RankFeaturesFieldMapperTests.java,dataset/projects/elasticsearch/modules/mapper-extras/src/test/java/org/elasticsearch/index/mapper/extras/RankFeaturesFieldMapperTests.java,RankFeaturesFieldMapperTests.java,RankFeaturesFieldMapperTests,""" TODO should this allow null values?"""
GitHub,relation_test_code_smell_ML,C:\Users\ismak\Documents\GitHub\relation_test_code_smell_ML\dataset\projects\elasticsearch\modules\mapper-extras\src\test\java\org\elasticsearch\index\mapper\extras\TokenCountFieldMapperTests.java,dataset/projects/elasticsearch/modules/mapper-extras/src/test/java/org/elasticsearch/index/mapper/extras/TokenCountFieldMapperTests.java,TokenCountFieldMapperTests.java,TokenCountFieldMapperTests,""" TODO: we have no CannedAnalyzer?"""
GitHub,relation_test_code_smell_ML,C:\Users\ismak\Documents\GitHub\relation_test_code_smell_ML\dataset\projects\elasticsearch\modules\repository-azure\src\internalClusterTest\java\org\elasticsearch\repositories\azure\AzureBlobStoreRepositoryTests.java,dataset/projects/elasticsearch/modules/repository-azure/src/internalClusterTest/java/org/elasticsearch/repositories/azure/AzureBlobStoreRepositoryTests.java,AzureBlobStoreRepositoryTests.java,AzureHTTPStatsCollectorHandler,""" no auth header validation - sometimes it's omitted in these tests (TODO why?) """
GitHub,relation_test_code_smell_ML,C:\Users\ismak\Documents\GitHub\relation_test_code_smell_ML\dataset\projects\elasticsearch\modules\repository-azure\src\internalClusterTest\java\org\elasticsearch\repositories\azure\AzureBlobStoreRepositoryTests.java,dataset/projects/elasticsearch/modules/repository-azure/src/internalClusterTest/java/org/elasticsearch/repositories/azure/AzureBlobStoreRepositoryTests.java,AzureBlobStoreRepositoryTests.java,AzureHTTPStatsCollectorHandler,""" no auth header validation - sometimes it's omitted in these tests (TODO why?) """
GitHub,relation_test_code_smell_ML,C:\Users\ismak\Documents\GitHub\relation_test_code_smell_ML\dataset\projects\elasticsearch\modules\repository-s3\src\internalClusterTest\java\org\elasticsearch\repositories\s3\S3BlobStoreRepositoryTimeoutTests.java,dataset/projects/elasticsearch/modules/repository-s3/src/internalClusterTest/java/org/elasticsearch/repositories/s3/S3BlobStoreRepositoryTimeoutTests.java,S3BlobStoreRepositoryTimeoutTests.java,S3StallingHttpHandler,""" TODO: AWS SDK classifies ApiCallTimeoutException as  Other  which seems to be a bug. Update the test once it is fixed."""
GitHub,relation_test_code_smell_ML,C:\Users\ismak\Documents\GitHub\relation_test_code_smell_ML\dataset\projects\elasticsearch\modules\repository-s3\src\test\java\org\elasticsearch\repositories\s3\AwsS3ServiceImplTests.java,dataset/projects/elasticsearch/modules/repository-s3/src/test/java/org/elasticsearch/repositories/s3/AwsS3ServiceImplTests.java,AwsS3ServiceImplTests.java,AwsS3ServiceImplTests,""" workaround."""
GitHub,relation_test_code_smell_ML,C:\Users\ismak\Documents\GitHub\relation_test_code_smell_ML\dataset\projects\elasticsearch\modules\repository-s3\src\test\java\org\elasticsearch\repositories\s3\S3RepositoryTests.java,dataset/projects/elasticsearch/modules/repository-s3/src/test/java/org/elasticsearch/repositories/s3/S3RepositoryTests.java,S3RepositoryTests.java,DummyS3Service,""" TODO check is closed"""
GitHub,relation_test_code_smell_ML,C:\Users\ismak\Documents\GitHub\relation_test_code_smell_ML\dataset\projects\elasticsearch\modules\repository-s3\src\test\java\org\elasticsearch\repositories\s3\S3RepositoryTests.java,dataset/projects/elasticsearch/modules/repository-s3/src/test/java/org/elasticsearch/repositories/s3/S3RepositoryTests.java,S3RepositoryTests.java,DummyS3Service,""" TODO check is closed"""
GitHub,relation_test_code_smell_ML,C:\Users\ismak\Documents\GitHub\relation_test_code_smell_ML\dataset\projects\elasticsearch\modules\workload-identity\src\test\java\org\elasticsearch\workloadidentity\WorkloadIdentityHttpClientManagerTests.java,dataset/projects/elasticsearch/modules/workload-identity/src/test/java/org/elasticsearch/workloadidentity/WorkloadIdentityHttpClientManagerTests.java,WorkloadIdentityHttpClientManagerTests.java,WorkloadIdentityHttpClientManagerTests,""" manager.reload() directly where a populated delegate is needed; sslConfig.start() here"""
GitHub,relation_test_code_smell_ML,C:\Users\ismak\Documents\GitHub\relation_test_code_smell_ML\dataset\projects\elasticsearch\plugins\analysis-stempel\src\test\java\org\elasticsearch\index\analysis\AnalysisPolishFactoryTests.java,dataset/projects/elasticsearch/plugins/analysis-stempel/src/test/java/org/elasticsearch/index/analysis/AnalysisPolishFactoryTests.java,AnalysisPolishFactoryTests.java,AnalysisPolishFactoryTests,""" TODO: is this the right boilerplate? I forked this out of TransportAnalyzeAction.java:"""
GitHub,relation_test_code_smell_ML,C:\Users\ismak\Documents\GitHub\relation_test_code_smell_ML\dataset\projects\elasticsearch\plugins\analysis-stempel\src\test\java\org\elasticsearch\index\analysis\AnalysisPolishFactoryTests.java,dataset/projects/elasticsearch/plugins/analysis-stempel/src/test/java/org/elasticsearch/index/analysis/AnalysisPolishFactoryTests.java,AnalysisPolishFactoryTests.java,AnalysisPolishFactoryTests,""" TODO: move to AnalysisFactoryTestCase so we can more easily test thread safety for all factories"""
GitHub,relation_test_code_smell_ML,C:\Users\ismak\Documents\GitHub\relation_test_code_smell_ML\dataset\projects\elasticsearch\qa\packaging\src\test\java\org\elasticsearch\packaging\test\ArchiveTests.java,dataset/projects/elasticsearch/qa/packaging/src/test/java/org/elasticsearch/packaging/test/ArchiveTests.java,ArchiveTests.java,ArchiveTests,""" min compat JDK is JDK17, we can remove this hack and use the standard security properties file."""
GitHub,relation_test_code_smell_ML,C:\Users\ismak\Documents\GitHub\relation_test_code_smell_ML\dataset\projects\elasticsearch\qa\packaging\src\test\java\org\elasticsearch\packaging\test\EnrollmentProcessTests.java,dataset/projects/elasticsearch/qa/packaging/src/test/java/org/elasticsearch/packaging/test/EnrollmentProcessTests.java,EnrollmentProcessTests.java,EnrollmentProcessTests,""" ugly hack, wait for the second node to actually start and join the cluster, all of our current tooling expects/assumes"""
GitHub,relation_test_code_smell_ML,C:\Users\ismak\Documents\GitHub\relation_test_code_smell_ML\dataset\projects\elasticsearch\qa\packaging\src\test\java\org\elasticsearch\packaging\test\EnrollmentProcessTests.java,dataset/projects/elasticsearch/qa/packaging/src/test/java/org/elasticsearch/packaging/test/EnrollmentProcessTests.java,EnrollmentProcessTests.java,EnrollmentProcessTests,""" TODO Make our packaging test methods aware of multiple installations, see https://github.com/elastic/elasticsearch/issues/79688"""
GitHub,relation_test_code_smell_ML,C:\Users\ismak\Documents\GitHub\relation_test_code_smell_ML\dataset\projects\elasticsearch\qa\packaging\src\test\java\org\elasticsearch\packaging\test\EnrollmentProcessTests.java,dataset/projects/elasticsearch/qa/packaging/src/test/java/org/elasticsearch/packaging/test/EnrollmentProcessTests.java,EnrollmentProcessTests.java,EnrollmentProcessTests,""" TODO Make our packaging test methods aware of multiple installations, see https://github.com/elastic/elasticsearch/issues/79688"""
GitHub,relation_test_code_smell_ML,C:\Users\ismak\Documents\GitHub\relation_test_code_smell_ML\dataset\projects\elasticsearch\qa\packaging\src\test\java\org\elasticsearch\packaging\test\EnrollNodeToClusterTests.java,dataset/projects/elasticsearch/qa/packaging/src/test/java/org/elasticsearch/packaging/test/EnrollNodeToClusterTests.java,EnrollNodeToClusterTests.java,EnrollNodeToClusterTests,""" TODO investigate this and remove this guard"""
GitHub,relation_test_code_smell_ML,C:\Users\ismak\Documents\GitHub\relation_test_code_smell_ML\dataset\projects\elasticsearch\qa\packaging\src\test\java\org\elasticsearch\packaging\test\EnrollNodeToClusterTests.java,dataset/projects/elasticsearch/qa/packaging/src/test/java/org/elasticsearch/packaging/test/EnrollNodeToClusterTests.java,EnrollNodeToClusterTests.java,EnrollNodeToClusterTests,""" TODO investigate this and remove this guard"""
GitHub,relation_test_code_smell_ML,C:\Users\ismak\Documents\GitHub\relation_test_code_smell_ML\dataset\projects\elasticsearch\qa\packaging\src\test\java\org\elasticsearch\packaging\test\EnrollNodeToClusterTests.java,dataset/projects/elasticsearch/qa/packaging/src/test/java/org/elasticsearch/packaging/test/EnrollNodeToClusterTests.java,EnrollNodeToClusterTests.java,EnrollNodeToClusterTests,""" TODO investigate this and remove this guard"""
GitHub,relation_test_code_smell_ML,C:\Users\ismak\Documents\GitHub\relation_test_code_smell_ML\dataset\projects\elasticsearch\qa\packaging\src\test\java\org\elasticsearch\packaging\test\MemoryLockingTests.java,dataset/projects/elasticsearch/qa/packaging/src/test/java/org/elasticsearch/packaging/test/MemoryLockingTests.java,MemoryLockingTests.java,MemoryLockingTests,""" TODO: very locking worked. logs? check memory of process? at least we know the process started successfully"""
GitHub,relation_test_code_smell_ML,C:\Users\ismak\Documents\GitHub\relation_test_code_smell_ML\dataset\projects\elasticsearch\qa\packaging\src\test\java\org\elasticsearch\packaging\test\PackageUpgradeTests.java,dataset/projects/elasticsearch/qa/packaging/src/test/java/org/elasticsearch/packaging/test/PackageUpgradeTests.java,PackageUpgradeTests.java,PackageUpgradeTests,""" TODO: Explicitly add testing for these versions that validates that starting the node after upgrade fails"""
GitHub,relation_test_code_smell_ML,C:\Users\ismak\Documents\GitHub\relation_test_code_smell_ML\dataset\projects\elasticsearch\qa\packaging\src\test\java\org\elasticsearch\packaging\test\PackageUpgradeTests.java,dataset/projects/elasticsearch/qa/packaging/src/test/java/org/elasticsearch/packaging/test/PackageUpgradeTests.java,PackageUpgradeTests.java,PackageUpgradeTests,""" TODO Modify tests below to work with security when BWC version is after 8.0.0"""
GitHub,relation_test_code_smell_ML,C:\Users\ismak\Documents\GitHub\relation_test_code_smell_ML\dataset\projects\elasticsearch\qa\packaging\src\test\java\org\elasticsearch\packaging\test\PackageUpgradeTests.java,dataset/projects/elasticsearch/qa/packaging/src/test/java/org/elasticsearch/packaging/test/PackageUpgradeTests.java,PackageUpgradeTests.java,PackageUpgradeTests,""" TODO modify tests to work with Security"""
GitHub,relation_test_code_smell_ML,C:\Users\ismak\Documents\GitHub\relation_test_code_smell_ML\dataset\projects\elasticsearch\qa\packaging\src\test\java\org\elasticsearch\packaging\test\PasswordToolsTests.java,dataset/projects/elasticsearch/qa/packaging/src/test/java/org/elasticsearch/packaging/test/PasswordToolsTests.java,PasswordToolsTests.java,PasswordToolsTests,""" HACK: windows asynchronously releases file locks after processes exit. Unfortunately there is no clear way to wait on"""
GitHub,relation_test_code_smell_ML,C:\Users\ismak\Documents\GitHub\relation_test_code_smell_ML\dataset\projects\elasticsearch\qa\packaging\src\test\java\org\elasticsearch\packaging\test\RpmMetadataTests.java,dataset/projects/elasticsearch/qa/packaging/src/test/java/org/elasticsearch/packaging/test/RpmMetadataTests.java,RpmMetadataTests.java,RpmMetadataTests,""" TODO: rewrite this test to not use a real second distro to try and install"""
GitHub,relation_test_code_smell_ML,C:\Users\ismak\Documents\GitHub\relation_test_code_smell_ML\dataset\projects\elasticsearch\qa\packaging\src\test\java\org\elasticsearch\packaging\test\WindowsServiceTests.java,dataset/projects/elasticsearch/qa/packaging/src/test/java/org/elasticsearch/packaging/test/WindowsServiceTests.java,WindowsServiceTests.java,WindowsServiceTests,""" TODO:"""
GitHub,relation_test_code_smell_ML,C:\Users\ismak\Documents\GitHub\relation_test_code_smell_ML\dataset\projects\elasticsearch\qa\packaging\src\test\java\org\elasticsearch\packaging\test\WindowsServiceTests.java,dataset/projects/elasticsearch/qa/packaging/src/test/java/org/elasticsearch/packaging/test/WindowsServiceTests.java,WindowsServiceTests.java,WindowsServiceTests,""" TODO:"""
GitHub,relation_test_code_smell_ML,C:\Users\ismak\Documents\GitHub\relation_test_code_smell_ML\dataset\projects\elasticsearch\server\src\test\java\org\elasticsearch\action\admin\cluster\snapshots\status\SnapshotsStatusResponseTests.java,dataset/projects/elasticsearch/server/src/test/java/org/elasticsearch/action/admin/cluster/snapshots/status/SnapshotsStatusResponseTests.java,SnapshotsStatusResponseTests.java,SnapshotsStatusResponseTests,""" TODO implement https://github.com/elastic/elasticsearch/issues/25929"""
GitHub,relation_test_code_smell_ML,C:\Users\ismak\Documents\GitHub\relation_test_code_smell_ML\dataset\projects\elasticsearch\server\src\test\java\org\elasticsearch\action\admin\cluster\state\ClusterStateResponseTests.java,dataset/projects/elasticsearch/server/src/test/java/org/elasticsearch/action/admin/cluster/state/ClusterStateResponseTests.java,ClusterStateResponseTests.java,ClusterStateResponseTests,""" TODO implement https://github.com/elastic/elasticsearch/issues/25929"""
GitHub,relation_test_code_smell_ML,C:\Users\ismak\Documents\GitHub\relation_test_code_smell_ML\dataset\projects\elasticsearch\server\src\test\java\org\elasticsearch\action\admin\cluster\stats\ExtendedSearchUsageStatsTests.java,dataset/projects/elasticsearch/server/src/test/java/org/elasticsearch/action/admin/cluster/stats/ExtendedSearchUsageStatsTests.java,ExtendedSearchUsageStatsTests.java,ExtendedSearchUsageStatsTests,""" TODO: Gate this behind a randomBoolean() in the future when we have other categories to add."""
GitHub,relation_test_code_smell_ML,C:\Users\ismak\Documents\GitHub\relation_test_code_smell_ML\dataset\projects\elasticsearch\server\src\test\java\org\elasticsearch\action\admin\cluster\stats\ExtendedSearchUsageStatsTests.java,dataset/projects/elasticsearch/server/src/test/java/org/elasticsearch/action/admin/cluster/stats/ExtendedSearchUsageStatsTests.java,ExtendedSearchUsageStatsTests.java,ExtendedSearchUsageStatsTests,""" TODO: Gate this behind a randomBoolean() in the future when we have other values to add."""
GitHub,relation_test_code_smell_ML,C:\Users\ismak\Documents\GitHub\relation_test_code_smell_ML\dataset\projects\elasticsearch\server\src\test\java\org\elasticsearch\action\admin\cluster\storedscripts\GetStoredScriptResponseTests.java,dataset/projects/elasticsearch/server/src/test/java/org/elasticsearch/action/admin/cluster/storedscripts/GetStoredScriptResponseTests.java,GetStoredScriptResponseTests.java,GetStoredScriptResponseTests,""" TODO implement https://github.com/elastic/elasticsearch/issues/25929"""
GitHub,relation_test_code_smell_ML,C:\Users\ismak\Documents\GitHub\relation_test_code_smell_ML\dataset\projects\elasticsearch\server\src\test\java\org\elasticsearch\action\admin\indices\mapping\get\GetFieldMappingsResponseTests.java,dataset/projects/elasticsearch/server/src/test/java/org/elasticsearch/action/admin/indices/mapping/get/GetFieldMappingsResponseTests.java,GetFieldMappingsResponseTests.java,GetFieldMappingsResponseTests,""" TODO implement https://github.com/elastic/elasticsearch/issues/25929"""
GitHub,relation_test_code_smell_ML,C:\Users\ismak\Documents\GitHub\relation_test_code_smell_ML\dataset\projects\elasticsearch\server\src\test\java\org\elasticsearch\action\admin\indices\resolve\ResolveIndexRequestTests.java,dataset/projects/elasticsearch/server/src/test/java/org/elasticsearch/action/admin/indices/resolve/ResolveIndexRequestTests.java,ResolveIndexRequestTests.java,ResolveIndexRequestTests,""" TODO implement https://github.com/elastic/elasticsearch/issues/25929"""
GitHub,relation_test_code_smell_ML,C:\Users\ismak\Documents\GitHub\relation_test_code_smell_ML\dataset\projects\elasticsearch\server\src\test\java\org\elasticsearch\action\admin\indices\resolve\ResolveIndexResponseTests.java,dataset/projects/elasticsearch/server/src/test/java/org/elasticsearch/action/admin/indices/resolve/ResolveIndexResponseTests.java,ResolveIndexResponseTests.java,ResolveIndexResponseTests,""" TODO implement https://github.com/elastic/elasticsearch/issues/25929"""
GitHub,relation_test_code_smell_ML,C:\Users\ismak\Documents\GitHub\relation_test_code_smell_ML\dataset\projects\elasticsearch\server\src\test\java\org\elasticsearch\action\admin\indices\validate\query\QueryExplanationTests.java,dataset/projects/elasticsearch/server/src/test/java/org/elasticsearch/action/admin/indices/validate/query/QueryExplanationTests.java,QueryExplanationTests.java,QueryExplanationTests,""" TODO implement https://github.com/elastic/elasticsearch/issues/25929"""
GitHub,relation_test_code_smell_ML,C:\Users\ismak\Documents\GitHub\relation_test_code_smell_ML\dataset\projects\elasticsearch\server\src\test\java\org\elasticsearch\action\bulk\BulkItemResponseTests.java,dataset/projects/elasticsearch/server/src/test/java/org/elasticsearch/action/bulk/BulkItemResponseTests.java,BulkItemResponseTests.java,BulkItemResponseTests,"""
     * Parse the output of the {@link DocWriteResponse#innerToXContent(XContentBuilder, ToXContent.Params)} method.
     *
     * This method is intended to be called by subclasses and must be called multiple times to parse all the information concerning
     * {@link DocWriteResponse} objects. It always parses the current token, updates the given parsing context accordingly
     * if needed and then immediately returns.
     """
GitHub,relation_test_code_smell_ML,C:\Users\ismak\Documents\GitHub\relation_test_code_smell_ML\dataset\projects\elasticsearch\server\src\test\java\org\elasticsearch\action\bulk\TransportBulkActionIngestTests.java,dataset/projects/elasticsearch/server/src/test/java/org/elasticsearch/action/bulk/TransportBulkActionIngestTests.java,TransportBulkActionIngestTests.java,NamedDirectExecutorService,""" Services needed by bulk action """
GitHub,relation_test_code_smell_ML,C:\Users\ismak\Documents\GitHub\relation_test_code_smell_ML\dataset\projects\elasticsearch\server\src\test\java\org\elasticsearch\action\search\CanMatchPreFilterSearchPhaseTests.java,dataset/projects/elasticsearch/server/src/test/java/org/elasticsearch/action/search/CanMatchPreFilterSearchPhaseTests.java,CanMatchPreFilterSearchPhaseTests.java,StaticCoordinatorRewriteContextProviderBuilder,""" FIXME - fails here with expected 1 but was 11 OR"""
GitHub,relation_test_code_smell_ML,C:\Users\ismak\Documents\GitHub\relation_test_code_smell_ML\dataset\projects\elasticsearch\server\src\test\java\org\elasticsearch\action\search\CanMatchPreFilterSearchPhaseTests.java,dataset/projects/elasticsearch/server/src/test/java/org/elasticsearch/action/search/CanMatchPreFilterSearchPhaseTests.java,CanMatchPreFilterSearchPhaseTests.java,StaticCoordinatorRewriteContextProviderBuilder,""" FIXME - OR fails here with  false """
GitHub,relation_test_code_smell_ML,C:\Users\ismak\Documents\GitHub\relation_test_code_smell_ML\dataset\projects\elasticsearch\server\src\test\java\org\elasticsearch\action\search\ClearScrollControllerTests.java,dataset/projects/elasticsearch/server/src/test/java/org/elasticsearch/action/search/ClearScrollControllerTests.java,ClearScrollControllerTests.java,ClearScrollControllerTests,""" response is unused"""
GitHub,relation_test_code_smell_ML,C:\Users\ismak\Documents\GitHub\relation_test_code_smell_ML\dataset\projects\elasticsearch\server\src\test\java\org\elasticsearch\action\search\SearchContextIdTests.java,dataset/projects/elasticsearch/server/src/test/java/org/elasticsearch/action/search/SearchContextIdTests.java,SearchContextIdTests.java,SearchContextIdTests,""" TODO assertThat(context.failedShards().keySet(), hasSize(shardsFailed));"""
GitHub,relation_test_code_smell_ML,C:\Users\ismak\Documents\GitHub\relation_test_code_smell_ML\dataset\projects\elasticsearch\server\src\test\java\org\elasticsearch\action\support\replication\ReplicationSplitHelperTests.java,dataset/projects/elasticsearch/server/src/test/java/org/elasticsearch/action/support/replication/ReplicationSplitHelperTests.java,ReplicationSplitHelperTests.java,TestTransportReplicationAction,""" primaryRequestSender not needed since we're not delegating"""
GitHub,relation_test_code_smell_ML,C:\Users\ismak\Documents\GitHub\relation_test_code_smell_ML\dataset\projects\elasticsearch\server\src\test\java\org\elasticsearch\cluster\coordination\AtomicRegisterCoordinatorTests.java,dataset/projects/elasticsearch/server/src/test/java/org/elasticsearch/cluster/coordination/AtomicRegisterCoordinatorTests.java,AtomicRegisterCoordinatorTests.java,AtomicRegisterPersistedState,""" TODO: Move into a fixed dummy VotingConfiguration"""
GitHub,relation_test_code_smell_ML,C:\Users\ismak\Documents\GitHub\relation_test_code_smell_ML\dataset\projects\elasticsearch\server\src\test\java\org\elasticsearch\cluster\coordination\AtomicRegisterCoordinatorTests.java,dataset/projects/elasticsearch/server/src/test/java/org/elasticsearch/cluster/coordination/AtomicRegisterCoordinatorTests.java,AtomicRegisterCoordinatorTests.java,AtomicRegisterPersistedState,""" TODO: add a test to ensure that this gets called"""
GitHub,relation_test_code_smell_ML,C:\Users\ismak\Documents\GitHub\relation_test_code_smell_ML\dataset\projects\elasticsearch\server\src\test\java\org\elasticsearch\cluster\coordination\AtomicRegisterCoordinatorTests.java,dataset/projects/elasticsearch/server/src/test/java/org/elasticsearch/cluster/coordination/AtomicRegisterCoordinatorTests.java,AtomicRegisterCoordinatorTests.java,AtomicRegisterPersistedState,""" TODO: Move into a fixed dummy VotingConfiguration"""
GitHub,relation_test_code_smell_ML,C:\Users\ismak\Documents\GitHub\relation_test_code_smell_ML\dataset\projects\elasticsearch\server\src\test\java\org\elasticsearch\cluster\coordination\AtomicRegisterCoordinatorTests.java,dataset/projects/elasticsearch/server/src/test/java/org/elasticsearch/cluster/coordination/AtomicRegisterCoordinatorTests.java,AtomicRegisterCoordinatorTests.java,AtomicRegisterPersistedState,""" TODO: add a test to ensure that this gets called"""
GitHub,relation_test_code_smell_ML,C:\Users\ismak\Documents\GitHub\relation_test_code_smell_ML\dataset\projects\elasticsearch\server\src\test\java\org\elasticsearch\cluster\metadata\DesiredNodesMetadataSerializationTests.java,dataset/projects/elasticsearch/server/src/test/java/org/elasticsearch/cluster/metadata/DesiredNodesMetadataSerializationTests.java,DesiredNodesMetadataSerializationTests.java,DesiredNodesMetadataSerializationTests,""" TODO implement https://github.com/elastic/elasticsearch/issues/25929"""
GitHub,relation_test_code_smell_ML,C:\Users\ismak\Documents\GitHub\relation_test_code_smell_ML\dataset\projects\elasticsearch\server\src\test\java\org\elasticsearch\cluster\metadata\ItemUsageTests.java,dataset/projects/elasticsearch/server/src/test/java/org/elasticsearch/cluster/metadata/ItemUsageTests.java,ItemUsageTests.java,ItemUsageTests,""" TODO implement https://github.com/elastic/elasticsearch/issues/25929"""
GitHub,relation_test_code_smell_ML,C:\Users\ismak\Documents\GitHub\relation_test_code_smell_ML\dataset\projects\elasticsearch\server\src\test\java\org\elasticsearch\cluster\routing\allocation\allocator\DesiredBalanceReconcilerTests.java,dataset/projects/elasticsearch/server/src/test/java/org/elasticsearch/cluster/routing/allocation/allocator/DesiredBalanceReconcilerTests.java,DesiredBalanceReconcilerTests.java,NoOpExistingShardsAllocator,""" movement needed"""
GitHub,relation_test_code_smell_ML,C:\Users\ismak\Documents\GitHub\relation_test_code_smell_ML\dataset\projects\elasticsearch\server\src\test\java\org\elasticsearch\cluster\routing\allocation\allocator\DesiredBalanceReconcilerTests.java,dataset/projects/elasticsearch/server/src/test/java/org/elasticsearch/cluster/routing/allocation/allocator/DesiredBalanceReconcilerTests.java,DesiredBalanceReconcilerTests.java,NoOpExistingShardsAllocator,""" All still on desired nodes, no movement needed, cluster state remains the same."""
GitHub,relation_test_code_smell_ML,C:\Users\ismak\Documents\GitHub\relation_test_code_smell_ML\dataset\projects\elasticsearch\server\src\test\java\org\elasticsearch\cluster\routing\allocation\BalanceConfigurationTests.java,dataset/projects/elasticsearch/server/src/test/java/org/elasticsearch/cluster/routing/allocation/BalanceConfigurationTests.java,BalanceConfigurationTests.java,BalanceConfigurationTests,""" TODO maybe we can randomize these numbers somehow"""
GitHub,relation_test_code_smell_ML,C:\Users\ismak\Documents\GitHub\relation_test_code_smell_ML\dataset\projects\elasticsearch\server\src\test\java\org\elasticsearch\cluster\routing\allocation\ClusterRebalanceRoutingTests.java,dataset/projects/elasticsearch/server/src/test/java/org/elasticsearch/cluster/routing/allocation/ClusterRebalanceRoutingTests.java,ClusterRebalanceRoutingTests.java,ClusterRebalanceRoutingTests,""" TODO fix for desired_balance"""
GitHub,relation_test_code_smell_ML,C:\Users\ismak\Documents\GitHub\relation_test_code_smell_ML\dataset\projects\elasticsearch\server\src\test\java\org\elasticsearch\cluster\routing\allocation\DiskThresholdMonitorTests.java,dataset/projects/elasticsearch/server/src/test/java/org/elasticsearch/cluster/routing/allocation/DiskThresholdMonitorTests.java,DiskThresholdMonitorTests.java,DiskThresholdMonitorTests,""" no new nodes so no reroute delay needed"""
GitHub,relation_test_code_smell_ML,C:\Users\ismak\Documents\GitHub\relation_test_code_smell_ML\dataset\projects\elasticsearch\server\src\test\java\org\elasticsearch\cluster\routing\allocation\ResizeSourceIndexSettingsUpdaterTests.java,dataset/projects/elasticsearch/server/src/test/java/org/elasticsearch/cluster/routing/allocation/ResizeSourceIndexSettingsUpdaterTests.java,ResizeSourceIndexSettingsUpdaterTests.java,ResizeSourceIndexSettingsUpdaterTests,""" TODO: Include additional projects once reroute works"""
GitHub,relation_test_code_smell_ML,C:\Users\ismak\Documents\GitHub\relation_test_code_smell_ML\dataset\projects\elasticsearch\server\src\test\java\org\elasticsearch\cluster\service\ClusterApplierRecordingServiceStatsTests.java,dataset/projects/elasticsearch/server/src/test/java/org/elasticsearch/cluster/service/ClusterApplierRecordingServiceStatsTests.java,ClusterApplierRecordingServiceStatsTests.java,ClusterApplierRecordingServiceStatsTests,""" TODO implement https://github.com/elastic/elasticsearch/issues/25929"""
GitHub,relation_test_code_smell_ML,C:\Users\ismak\Documents\GitHub\relation_test_code_smell_ML\dataset\projects\elasticsearch\server\src\test\java\org\elasticsearch\common\compress\DeflateCompressedXContentTests.java,dataset/projects/elasticsearch/server/src/test/java/org/elasticsearch/common/compress/DeflateCompressedXContentTests.java,DeflateCompressedXContentTests.java,DeflateCompressedXContentTests,""" hack to make it detected as YAML"""
GitHub,relation_test_code_smell_ML,C:\Users\ismak\Documents\GitHub\relation_test_code_smell_ML\dataset\projects\elasticsearch\server\src\test\java\org\elasticsearch\common\file\AbstractFileWatchingServiceTests.java,dataset/projects/elasticsearch/server/src/test/java/org/elasticsearch/common/file/AbstractFileWatchingServiceTests.java,AbstractFileWatchingServiceTests.java,TestFileWatchingService,""" the following methods are a workaround to ensure exclusive access for files"""
GitHub,relation_test_code_smell_ML,C:\Users\ismak\Documents\GitHub\relation_test_code_smell_ML\dataset\projects\elasticsearch\server\src\test\java\org\elasticsearch\common\file\AbstractFileWatchingServiceTests.java,dataset/projects/elasticsearch/server/src/test/java/org/elasticsearch/common/file/AbstractFileWatchingServiceTests.java,AbstractFileWatchingServiceTests.java,TestFileWatchingService,""" the following methods are a workaround to ensure exclusive access for files"""
GitHub,relation_test_code_smell_ML,C:\Users\ismak\Documents\GitHub\relation_test_code_smell_ML\dataset\projects\elasticsearch\server\src\test\java\org\elasticsearch\common\file\AbstractFileWatchingServiceTests.java,dataset/projects/elasticsearch/server/src/test/java/org/elasticsearch/common/file/AbstractFileWatchingServiceTests.java,AbstractFileWatchingServiceTests.java,TestFileWatchingService,""" the following methods are a workaround to ensure exclusive access for files"""
GitHub,relation_test_code_smell_ML,C:\Users\ismak\Documents\GitHub\relation_test_code_smell_ML\dataset\projects\elasticsearch\server\src\test\java\org\elasticsearch\common\file\MasterNodeFileWatchingServiceTests.java,dataset/projects/elasticsearch/server/src/test/java/org/elasticsearch/common/file/MasterNodeFileWatchingServiceTests.java,MasterNodeFileWatchingServiceTests.java,MasterNodeFileWatchingServiceTests,""" the following methods are a workaround to ensure exclusive access for files"""
GitHub,relation_test_code_smell_ML,C:\Users\ismak\Documents\GitHub\relation_test_code_smell_ML\dataset\projects\elasticsearch\server\src\test\java\org\elasticsearch\common\logging\HeaderWarningTests.java,dataset/projects/elasticsearch/server/src/test/java/org/elasticsearch/common/logging/HeaderWarningTests.java,HeaderWarningTests.java,HeaderWarningTests,""" when no encoding is needed, the original string is returned (optimization)"""
GitHub,relation_test_code_smell_ML,C:\Users\ismak\Documents\GitHub\relation_test_code_smell_ML\dataset\projects\elasticsearch\server\src\test\java\org\elasticsearch\common\logging\HeaderWarningTests.java,dataset/projects/elasticsearch/server/src/test/java/org/elasticsearch/common/logging/HeaderWarningTests.java,HeaderWarningTests.java,HeaderWarningTests,""" TODO 95972: As this uses the same regex as the assertion in HeaderWarning#addWarning() this also causes a StackOverflowError"""
GitHub,relation_test_code_smell_ML,C:\Users\ismak\Documents\GitHub\relation_test_code_smell_ML\dataset\projects\elasticsearch\server\src\test\java\org\elasticsearch\common\lucene\index\ESDirectoryReaderTests.java,dataset/projects/elasticsearch/server/src/test/java/org/elasticsearch/common/lucene/index/ESDirectoryReaderTests.java,ESDirectoryReaderTests.java,ESDirectoryReaderTests,""" Test that core cache key (needed for NRT) is working """
GitHub,relation_test_code_smell_ML,C:\Users\ismak\Documents\GitHub\relation_test_code_smell_ML\dataset\projects\elasticsearch\server\src\test\java\org\elasticsearch\common\RoundingTests.java,dataset/projects/elasticsearch/server/src/test/java/org/elasticsearch/common/RoundingTests.java,RoundingTests.java,RoundingTests,""" FIXME this was copy pasted from the other impl and not used. breaks the nasty date actually gets assigned"""
GitHub,relation_test_code_smell_ML,C:\Users\ismak\Documents\GitHub\relation_test_code_smell_ML\dataset\projects\elasticsearch\server\src\test\java\org\elasticsearch\common\RoundingWireTests.java,dataset/projects/elasticsearch/server/src/test/java/org/elasticsearch/common/RoundingWireTests.java,RoundingWireTests.java,RoundingWireTests,""" TODO implement https://github.com/elastic/elasticsearch/issues/25929"""
GitHub,relation_test_code_smell_ML,C:\Users\ismak\Documents\GitHub\relation_test_code_smell_ML\dataset\projects\elasticsearch\server\src\test\java\org\elasticsearch\common\util\concurrent\AsyncIOProcessorTests.java,dataset/projects/elasticsearch/server/src/test/java/org/elasticsearch/common/util/concurrent/AsyncIOProcessorTests.java,AsyncIOProcessorTests.java,AsyncIOProcessorTests,""" TODO: check why we need a loop, can't we just use received.addAndGet(candidates.size())"""
GitHub,relation_test_code_smell_ML,C:\Users\ismak\Documents\GitHub\relation_test_code_smell_ML\dataset\projects\elasticsearch\server\src\test\java\org\elasticsearch\common\xcontent\XContentTypeTests.java,dataset/projects/elasticsearch/server/src/test/java/org/elasticsearch/common/xcontent/XContentTypeTests.java,XContentTypeTests.java,XContentTypeTests,""" TODO do not allow parsing unrecognized parameter value https://github.com/elastic/elasticsearch/issues/63080"""
GitHub,relation_test_code_smell_ML,C:\Users\ismak\Documents\GitHub\relation_test_code_smell_ML\dataset\projects\elasticsearch\server\src\test\java\org\elasticsearch\discovery\PeerFinderMessagesTests.java,dataset/projects/elasticsearch/server/src/test/java/org/elasticsearch/discovery/PeerFinderMessagesTests.java,PeerFinderMessagesTests.java,PeerFinderMessagesTests,""" Note: the explicit cast of the CopyFunction is needed for some IDE (specifically Eclipse 4.8.0) to infer the right type"""
GitHub,relation_test_code_smell_ML,C:\Users\ismak\Documents\GitHub\relation_test_code_smell_ML\dataset\projects\elasticsearch\server\src\test\java\org\elasticsearch\discovery\PeerFinderMessagesTests.java,dataset/projects/elasticsearch/server/src/test/java/org/elasticsearch/discovery/PeerFinderMessagesTests.java,PeerFinderMessagesTests.java,PeerFinderMessagesTests,""" Note: the explicit cast of the CopyFunction is needed for some IDE (specifically Eclipse 4.8.0) to infer the right type"""
GitHub,relation_test_code_smell_ML,C:\Users\ismak\Documents\GitHub\relation_test_code_smell_ML\dataset\projects\elasticsearch\server\src\test\java\org\elasticsearch\gateway\GatewayMetaStatePersistedStateTests.java,dataset/projects/elasticsearch/server/src/test/java/org/elasticsearch/gateway/GatewayMetaStatePersistedStateTests.java,GatewayMetaStatePersistedStateTests.java,TestComedicError,""" a new node environment is needed to pick up the fake filesystem"""
GitHub,relation_test_code_smell_ML,C:\Users\ismak\Documents\GitHub\relation_test_code_smell_ML\dataset\projects\elasticsearch\server\src\test\java\org\elasticsearch\health\GetHealthResponseTests.java,dataset/projects/elasticsearch/server/src/test/java/org/elasticsearch/health/GetHealthResponseTests.java,GetHealthResponseTests.java,GetHealthResponseTests,""" TODO add some methods to handle the id and xcontent id transitions"""
GitHub,relation_test_code_smell_ML,C:\Users\ismak\Documents\GitHub\relation_test_code_smell_ML\dataset\projects\elasticsearch\server\src\test\java\org\elasticsearch\health\HealthStatusTests.java,dataset/projects/elasticsearch/server/src/test/java/org/elasticsearch/health/HealthStatusTests.java,HealthStatusTests.java,HealthStatusTests,""" TODO implement https://github.com/elastic/elasticsearch/issues/25929"""
GitHub,relation_test_code_smell_ML,C:\Users\ismak\Documents\GitHub\relation_test_code_smell_ML\dataset\projects\elasticsearch\server\src\test\java\org\elasticsearch\health\node\selection\HealthNodeTaskParamsTests.java,dataset/projects/elasticsearch/server/src/test/java/org/elasticsearch/health/node/selection/HealthNodeTaskParamsTests.java,HealthNodeTaskParamsTests.java,HealthNodeTaskParamsTests,""" TODO implement https://github.com/elastic/elasticsearch/issues/25929"""
GitHub,relation_test_code_smell_ML,C:\Users\ismak\Documents\GitHub\relation_test_code_smell_ML\dataset\projects\elasticsearch\server\src\test\java\org\elasticsearch\index\analysis\CoreAnalysisFactoryTests.java,dataset/projects/elasticsearch/server/src/test/java/org/elasticsearch/index/analysis/CoreAnalysisFactoryTests.java,CoreAnalysisFactoryTests.java,CoreAnalysisFactoryTests,"""
 * Checks on the analysis components that are part of core to make sure that any that are added
 * to lucene are either enabled or explicitly not enabled. During the migration of analysis
 * components to the {@code analysis-common} module this test ignores many components that are
 * available to es-core but mapping in {@code analysis-common}. When the migration is complete
 * no such ignoring will be needed because the analysis components won't be available to core.
 """
GitHub,relation_test_code_smell_ML,C:\Users\ismak\Documents\GitHub\relation_test_code_smell_ML\dataset\projects\elasticsearch\server\src\test\java\org\elasticsearch\index\analysis\CoreAnalysisFactoryTests.java,dataset/projects/elasticsearch/server/src/test/java/org/elasticsearch/index/analysis/CoreAnalysisFactoryTests.java,CoreAnalysisFactoryTests.java,CoreAnalysisFactoryTests,"""
 * Checks on the analysis components that are part of core to make sure that any that are added
 * to lucene are either enabled or explicitly not enabled. During the migration of analysis
 * components to the {@code analysis-common} module this test ignores many components that are
 * available to es-core but mapping in {@code analysis-common}. When the migration is complete
 * no such ignoring will be needed because the analysis components won't be available to core.
 """
GitHub,relation_test_code_smell_ML,C:\Users\ismak\Documents\GitHub\relation_test_code_smell_ML\dataset\projects\elasticsearch\server\src\test\java\org\elasticsearch\index\codec\tsdb\DISIAccumulatorTests.java,dataset/projects/elasticsearch/server/src/test/java/org/elasticsearch/index/codec/tsdb/DISIAccumulatorTests.java,DISIAccumulatorTests.java,DISIAccumulatorTests,""" TODO: can this be toned down?"""
GitHub,relation_test_code_smell_ML,C:\Users\ismak\Documents\GitHub\relation_test_code_smell_ML\dataset\projects\elasticsearch\server\src\test\java\org\elasticsearch\index\engine\ThreadPoolMergeExecutorServiceTests.java,dataset/projects/elasticsearch/server/src/test/java/org/elasticsearch/index/engine/ThreadPoolMergeExecutorServiceTests.java,ThreadPoolMergeExecutorServiceTests.java,CountingMergeEventListener,""" hack: avoid blocking for unavailable merge task by running one re-enqueuing task now"""
GitHub,relation_test_code_smell_ML,C:\Users\ismak\Documents\GitHub\relation_test_code_smell_ML\dataset\projects\elasticsearch\server\src\test\java\org\elasticsearch\index\fielddata\GeoFieldDataTests.java,dataset/projects/elasticsearch/server/src/test/java/org/elasticsearch/index/fielddata/GeoFieldDataTests.java,GeoFieldDataTests.java,GeoFieldDataTests,"""
 * Basic Unit Test for GeoPointField data
 * todo include backcompat testing - see ISSUE #14562
 """
GitHub,relation_test_code_smell_ML,C:\Users\ismak\Documents\GitHub\relation_test_code_smell_ML\dataset\projects\elasticsearch\server\src\test\java\org\elasticsearch\index\fielddata\GeoFieldDataTests.java,dataset/projects/elasticsearch/server/src/test/java/org/elasticsearch/index/fielddata/GeoFieldDataTests.java,GeoFieldDataTests.java,GeoFieldDataTests,"""
 * Basic Unit Test for GeoPointField data
 * todo include backcompat testing - see ISSUE #14562
 """
GitHub,relation_test_code_smell_ML,C:\Users\ismak\Documents\GitHub\relation_test_code_smell_ML\dataset\projects\elasticsearch\server\src\test\java\org\elasticsearch\index\fielddata\SortedNumericDoubleFieldDataTests.java,dataset/projects/elasticsearch/server/src/test/java/org/elasticsearch/index/fielddata/SortedNumericDoubleFieldDataTests.java,SortedNumericDoubleFieldDataTests.java,SortedNumericDoubleFieldDataTests,""" TODO: Have tests with more docs for sorting"""
GitHub,relation_test_code_smell_ML,C:\Users\ismak\Documents\GitHub\relation_test_code_smell_ML\dataset\projects\elasticsearch\server\src\test\java\org\elasticsearch\index\fielddata\SortedNumericFieldDataTests.java,dataset/projects/elasticsearch/server/src/test/java/org/elasticsearch/index/fielddata/SortedNumericFieldDataTests.java,SortedNumericFieldDataTests.java,SortedNumericFieldDataTests,""" TODO: Have tests with more docs for sorting"""
GitHub,relation_test_code_smell_ML,C:\Users\ismak\Documents\GitHub\relation_test_code_smell_ML\dataset\projects\elasticsearch\server\src\test\java\org\elasticsearch\index\mapper\HalfFloatFieldMapperTests.java,dataset/projects/elasticsearch/server/src/test/java/org/elasticsearch/index/mapper/HalfFloatFieldMapperTests.java,HalfFloatFieldMapperTests.java,HalfFloatFieldMapperTests,""" TODO enable pruning here"""
GitHub,relation_test_code_smell_ML,C:\Users\ismak\Documents\GitHub\relation_test_code_smell_ML\dataset\projects\elasticsearch\server\src\test\java\org\elasticsearch\index\mapper\LongFieldMapperTests.java,dataset/projects/elasticsearch/server/src/test/java/org/elasticsearch/index/mapper/LongFieldMapperTests.java,LongFieldMapperTests.java,LongFieldMapperTests,""" TODO: increase the range back to full LONG range once https://github.com/elastic/elasticsearch/issues/132893 is fixed"""
GitHub,relation_test_code_smell_ML,C:\Users\ismak\Documents\GitHub\relation_test_code_smell_ML\dataset\projects\elasticsearch\server\src\test\java\org\elasticsearch\index\mapper\MultiValuedBinaryDocValuesFieldTests.java,dataset/projects/elasticsearch/server/src/test/java/org/elasticsearch/index/mapper/MultiValuedBinaryDocValuesFieldTests.java,MultiValuedBinaryDocValuesFieldTests.java,MultiValuedBinaryDocValuesFieldTests,""" count field is added to the fields list un-keyed (no second keyedFields put needed)"""
GitHub,relation_test_code_smell_ML,C:\Users\ismak\Documents\GitHub\relation_test_code_smell_ML\dataset\projects\elasticsearch\server\src\test\java\org\elasticsearch\index\mapper\RangeFieldMapperTests.java,dataset/projects/elasticsearch/server/src/test/java/org/elasticsearch/index/mapper/RangeFieldMapperTests.java,RangeFieldMapperTests.java,TestRange,""" TODO when we fix doc values fetcher we should add tests for date and ip ranges."""
GitHub,relation_test_code_smell_ML,C:\Users\ismak\Documents\GitHub\relation_test_code_smell_ML\dataset\projects\elasticsearch\server\src\test\java\org\elasticsearch\index\query\functionscore\FunctionScoreTests.java,dataset/projects/elasticsearch/server/src/test/java/org/elasticsearch/index/query/functionscore/FunctionScoreTests.java,FunctionScoreTests.java,DummyScoreFunction,"""
     * Stub for IndexFieldData. Needed by some score functions. Returns 1 as count always.
     """
GitHub,relation_test_code_smell_ML,C:\Users\ismak\Documents\GitHub\relation_test_code_smell_ML\dataset\projects\elasticsearch\server\src\test\java\org\elasticsearch\index\query\functionscore\FunctionScoreTests.java,dataset/projects/elasticsearch/server/src/test/java/org/elasticsearch/index/query/functionscore/FunctionScoreTests.java,FunctionScoreTests.java,DummyScoreFunction,"""
     * Stub for IndexNumericFieldData needed by some score functions. Returns 1 as value always.
     """
GitHub,relation_test_code_smell_ML,C:\Users\ismak\Documents\GitHub\relation_test_code_smell_ML\dataset\projects\elasticsearch\server\src\test\java\org\elasticsearch\index\query\functionscore\FunctionScoreTests.java,dataset/projects/elasticsearch/server/src/test/java/org/elasticsearch/index/query/functionscore/FunctionScoreTests.java,FunctionScoreTests.java,DummyScoreFunction,"""
     * Stub for IndexFieldData. Needed by some score functions. Returns 1 as count always.
     """
GitHub,relation_test_code_smell_ML,C:\Users\ismak\Documents\GitHub\relation_test_code_smell_ML\dataset\projects\elasticsearch\server\src\test\java\org\elasticsearch\index\query\functionscore\FunctionScoreTests.java,dataset/projects/elasticsearch/server/src/test/java/org/elasticsearch/index/query/functionscore/FunctionScoreTests.java,FunctionScoreTests.java,DummyScoreFunction,"""
     * Stub for IndexFieldData. Needed by some score functions. Returns 1 as count always.
     """
GitHub,relation_test_code_smell_ML,C:\Users\ismak\Documents\GitHub\relation_test_code_smell_ML\dataset\projects\elasticsearch\server\src\test\java\org\elasticsearch\index\query\functionscore\FunctionScoreTests.java,dataset/projects/elasticsearch/server/src/test/java/org/elasticsearch/index/query/functionscore/FunctionScoreTests.java,FunctionScoreTests.java,DummyScoreFunction,"""
     * Stub for IndexNumericFieldData needed by some score functions. Returns 1 as value always.
     """
GitHub,relation_test_code_smell_ML,C:\Users\ismak\Documents\GitHub\relation_test_code_smell_ML\dataset\projects\elasticsearch\server\src\test\java\org\elasticsearch\index\query\functionscore\FunctionScoreTests.java,dataset/projects/elasticsearch/server/src/test/java/org/elasticsearch/index/query/functionscore/FunctionScoreTests.java,FunctionScoreTests.java,DummyScoreFunction,"""
     * Stub for IndexNumericFieldData needed by some score functions. Returns 1 as value always.
     """
GitHub,relation_test_code_smell_ML,C:\Users\ismak\Documents\GitHub\relation_test_code_smell_ML\dataset\projects\elasticsearch\server\src\test\java\org\elasticsearch\index\query\QueryRewriteAsyncActionTests.java,dataset/projects/elasticsearch/server/src/test/java/org/elasticsearch/index/query/QueryRewriteAsyncActionTests.java,QueryRewriteAsyncActionTests.java,TestRewritable,""" pick a random consumer that we should fail if needed"""
GitHub,relation_test_code_smell_ML,C:\Users\ismak\Documents\GitHub\relation_test_code_smell_ML\dataset\projects\elasticsearch\server\src\test\java\org\elasticsearch\index\query\QueryRewriteAsyncActionTests.java,dataset/projects/elasticsearch/server/src/test/java/org/elasticsearch/index/query/QueryRewriteAsyncActionTests.java,QueryRewriteAsyncActionTests.java,TestRewritable,""" pick a random consumer that we should fail if needed"""
GitHub,relation_test_code_smell_ML,C:\Users\ismak\Documents\GitHub\relation_test_code_smell_ML\dataset\projects\elasticsearch\server\src\test\java\org\elasticsearch\index\reindex\DeleteByQueryRequestTests.java,dataset/projects/elasticsearch/server/src/test/java/org/elasticsearch/index/reindex/DeleteByQueryRequestTests.java,DeleteByQueryRequestTests.java,DeleteByQueryRequestTests,""" TODO: Implement standard to/from x-content parsing tests"""
GitHub,relation_test_code_smell_ML,C:\Users\ismak\Documents\GitHub\relation_test_code_smell_ML\dataset\projects\elasticsearch\server\src\test\java\org\elasticsearch\index\reindex\DeleteByQueryRequestTests.java,dataset/projects/elasticsearch/server/src/test/java/org/elasticsearch/index/reindex/DeleteByQueryRequestTests.java,DeleteByQueryRequestTests.java,DeleteByQueryRequestTests,""" No extra assertions needed"""
GitHub,relation_test_code_smell_ML,C:\Users\ismak\Documents\GitHub\relation_test_code_smell_ML\dataset\projects\elasticsearch\server\src\test\java\org\elasticsearch\index\reindex\DeleteByQueryRequestTests.java,dataset/projects/elasticsearch/server/src/test/java/org/elasticsearch/index/reindex/DeleteByQueryRequestTests.java,DeleteByQueryRequestTests.java,DeleteByQueryRequestTests,""" TODO: Implement standard to/from x-content parsing tests"""
GitHub,relation_test_code_smell_ML,C:\Users\ismak\Documents\GitHub\relation_test_code_smell_ML\dataset\projects\elasticsearch\server\src\test\java\org\elasticsearch\index\reindex\UpdateByQueryRequestTests.java,dataset/projects/elasticsearch/server/src/test/java/org/elasticsearch/index/reindex/UpdateByQueryRequestTests.java,UpdateByQueryRequestTests.java,UpdateByQueryRequestTests,""" TODO: Implement standard to/from x-content parsing tests"""
GitHub,relation_test_code_smell_ML,C:\Users\ismak\Documents\GitHub\relation_test_code_smell_ML\dataset\projects\elasticsearch\server\src\test\java\org\elasticsearch\index\reindex\UpdateByQueryRequestTests.java,dataset/projects/elasticsearch/server/src/test/java/org/elasticsearch/index/reindex/UpdateByQueryRequestTests.java,UpdateByQueryRequestTests.java,UpdateByQueryRequestTests,""" TODO: Implement standard to/from x-content parsing tests"""
GitHub,relation_test_code_smell_ML,C:\Users\ismak\Documents\GitHub\relation_test_code_smell_ML\dataset\projects\elasticsearch\server\src\test\java\org\elasticsearch\index\seqno\RetentionLeaseStatsWireSerializingTests.java,dataset/projects/elasticsearch/server/src/test/java/org/elasticsearch/index/seqno/RetentionLeaseStatsWireSerializingTests.java,RetentionLeaseStatsWireSerializingTests.java,RetentionLeaseStatsWireSerializingTests,""" TODO implement https://github.com/elastic/elasticsearch/issues/25929"""
GitHub,relation_test_code_smell_ML,C:\Users\ismak\Documents\GitHub\relation_test_code_smell_ML\dataset\projects\elasticsearch\server\src\test\java\org\elasticsearch\index\shard\ShardCountStatsTest.java,dataset/projects/elasticsearch/server/src/test/java/org/elasticsearch/index/shard/ShardCountStatsTest.java,ShardCountStatsTest.java,ShardCountStatsTest,""" TODO implement https://github.com/elastic/elasticsearch/issues/25929"""
GitHub,relation_test_code_smell_ML,C:\Users\ismak\Documents\GitHub\relation_test_code_smell_ML\dataset\projects\elasticsearch\server\src\test\java\org\elasticsearch\indices\cluster\IndicesClusterStateServiceRandomUpdatesTests.java,dataset/projects/elasticsearch/server/src/test/java/org/elasticsearch/indices/cluster/IndicesClusterStateServiceRandomUpdatesTests.java,IndicesClusterStateServiceRandomUpdatesTests.java,RecordingIndicesService,""" TODO: check if we can go to green by starting all shards and finishing all iterations"""
GitHub,relation_test_code_smell_ML,C:\Users\ismak\Documents\GitHub\relation_test_code_smell_ML\dataset\projects\elasticsearch\server\src\test\java\org\elasticsearch\indices\cluster\IndicesClusterStateServiceRandomUpdatesTests.java,dataset/projects/elasticsearch/server/src/test/java/org/elasticsearch/indices/cluster/IndicesClusterStateServiceRandomUpdatesTests.java,IndicesClusterStateServiceRandomUpdatesTests.java,RecordingIndicesService,""" TODO: go masterless?"""
GitHub,relation_test_code_smell_ML,C:\Users\ismak\Documents\GitHub\relation_test_code_smell_ML\dataset\projects\elasticsearch\server\src\test\java\org\elasticsearch\ingest\CompoundProcessorTests.java,dataset/projects/elasticsearch/server/src/test/java/org/elasticsearch/ingest/CompoundProcessorTests.java,CompoundProcessorTests.java,CompoundProcessorTests,""" ugly hack to assert current count = 1"""
GitHub,relation_test_code_smell_ML,C:\Users\ismak\Documents\GitHub\relation_test_code_smell_ML\dataset\projects\elasticsearch\server\src\test\java\org\elasticsearch\lucene\spatial\GeoCentroidCalculatorTests.java,dataset/projects/elasticsearch/server/src/test/java/org/elasticsearch/lucene/spatial/GeoCentroidCalculatorTests.java,GeoCentroidCalculatorTests.java,GeoCentroidCalculatorTests,"""
 * The GeoCentroidCalculatorTests were moved to server, as part of the work to move the doc-values components needed by ESQL to server,
 * this test class was split in two, most moving to server, but one test remaining in xpack.spatial because it depends on GeoShapeValues.
 * See GeoCentroidCalculatorExtraTests.java for that.
 """
GitHub,relation_test_code_smell_ML,C:\Users\ismak\Documents\GitHub\relation_test_code_smell_ML\dataset\projects\elasticsearch\server\src\test\java\org\elasticsearch\lucene\spatial\GeoCentroidCalculatorTests.java,dataset/projects/elasticsearch/server/src/test/java/org/elasticsearch/lucene/spatial/GeoCentroidCalculatorTests.java,GeoCentroidCalculatorTests.java,GeoCentroidCalculatorTests,"""
 * The GeoCentroidCalculatorTests were moved to server, as part of the work to move the doc-values components needed by ESQL to server,
 * this test class was split in two, most moving to server, but one test remaining in xpack.spatial because it depends on GeoShapeValues.
 * See GeoCentroidCalculatorExtraTests.java for that.
 """
GitHub,relation_test_code_smell_ML,C:\Users\ismak\Documents\GitHub\relation_test_code_smell_ML\dataset\projects\elasticsearch\server\src\test\java\org\elasticsearch\node\NodeTests.java,dataset/projects/elasticsearch/server/src/test/java/org/elasticsearch/node/NodeTests.java,NodeTests.java,TestClusterCoordinationPlugin2,"""
     * TODO: Remove this test once classpath plugins are fully moved to MockNode.
     * In production, plugin name clashes are checked in a completely different way.
     * See {@link PluginsServiceTests#testPluginNameClash()}
     """
GitHub,relation_test_code_smell_ML,C:\Users\ismak\Documents\GitHub\relation_test_code_smell_ML\dataset\projects\elasticsearch\server\src\test\java\org\elasticsearch\persistent\BasePersistentTasksCustomMetadataTests.java,dataset/projects/elasticsearch/server/src/test/java/org/elasticsearch/persistent/BasePersistentTasksCustomMetadataTests.java,BasePersistentTasksCustomMetadataTests.java,BasePersistentTasksCustomMetadataTests,""" TODO implement https://github.com/elastic/elasticsearch/issues/25929"""
GitHub,relation_test_code_smell_ML,C:\Users\ismak\Documents\GitHub\relation_test_code_smell_ML\dataset\projects\elasticsearch\server\src\test\java\org\elasticsearch\persistent\CancelPersistentTaskRequestTests.java,dataset/projects/elasticsearch/server/src/test/java/org/elasticsearch/persistent/CancelPersistentTaskRequestTests.java,CancelPersistentTaskRequestTests.java,CancelPersistentTaskRequestTests,""" TODO implement https://github.com/elastic/elasticsearch/issues/25929"""
GitHub,relation_test_code_smell_ML,C:\Users\ismak\Documents\GitHub\relation_test_code_smell_ML\dataset\projects\elasticsearch\server\src\test\java\org\elasticsearch\persistent\CompletionPersistentTaskRequestTests.java,dataset/projects/elasticsearch/server/src/test/java/org/elasticsearch/persistent/CompletionPersistentTaskRequestTests.java,CompletionPersistentTaskRequestTests.java,CompletionPersistentTaskRequestTests,""" TODO implement https://github.com/elastic/elasticsearch/issues/25929"""
GitHub,relation_test_code_smell_ML,C:\Users\ismak\Documents\GitHub\relation_test_code_smell_ML\dataset\projects\elasticsearch\server\src\test\java\org\elasticsearch\persistent\PersistentTasksExecutorResponseTests.java,dataset/projects/elasticsearch/server/src/test/java/org/elasticsearch/persistent/PersistentTasksExecutorResponseTests.java,PersistentTasksExecutorResponseTests.java,PersistentTasksExecutorResponseTests,""" TODO implement https://github.com/elastic/elasticsearch/issues/25929"""
GitHub,relation_test_code_smell_ML,C:\Users\ismak\Documents\GitHub\relation_test_code_smell_ML\dataset\projects\elasticsearch\server\src\test\java\org\elasticsearch\persistent\PersistentTasksNodeServiceStatusTests.java,dataset/projects/elasticsearch/server/src/test/java/org/elasticsearch/persistent/PersistentTasksNodeServiceStatusTests.java,PersistentTasksNodeServiceStatusTests.java,PersistentTasksNodeServiceStatusTests,""" TODO implement https://github.com/elastic/elasticsearch/issues/25929"""
GitHub,relation_test_code_smell_ML,C:\Users\ismak\Documents\GitHub\relation_test_code_smell_ML\dataset\projects\elasticsearch\server\src\test\java\org\elasticsearch\persistent\StartPersistentActionRequestTests.java,dataset/projects/elasticsearch/server/src/test/java/org/elasticsearch/persistent/StartPersistentActionRequestTests.java,StartPersistentActionRequestTests.java,StartPersistentActionRequestTests,""" TODO implement https://github.com/elastic/elasticsearch/issues/25929"""
GitHub,relation_test_code_smell_ML,C:\Users\ismak\Documents\GitHub\relation_test_code_smell_ML\dataset\projects\elasticsearch\server\src\test\java\org\elasticsearch\persistent\UpdatePersistentTaskRequestTests.java,dataset/projects/elasticsearch/server/src/test/java/org/elasticsearch/persistent/UpdatePersistentTaskRequestTests.java,UpdatePersistentTaskRequestTests.java,UpdatePersistentTaskRequestTests,""" TODO implement https://github.com/elastic/elasticsearch/issues/25929"""
GitHub,relation_test_code_smell_ML,C:\Users\ismak\Documents\GitHub\relation_test_code_smell_ML\dataset\projects\elasticsearch\server\src\test\java\org\elasticsearch\reservedstate\service\FileSettingsServiceTests.java,dataset/projects/elasticsearch/server/src/test/java/org/elasticsearch/reservedstate/service/FileSettingsServiceTests.java,FileSettingsServiceTests.java,FileSettingsServiceTests,""" TODO remove me once https://github.com/elastic/elasticsearch/issues/115280 is closed"""
GitHub,relation_test_code_smell_ML,C:\Users\ismak\Documents\GitHub\relation_test_code_smell_ML\dataset\projects\elasticsearch\server\src\test\java\org\elasticsearch\reservedstate\service\FileSettingsServiceTests.java,dataset/projects/elasticsearch/server/src/test/java/org/elasticsearch/reservedstate/service/FileSettingsServiceTests.java,FileSettingsServiceTests.java,FileSettingsServiceTests,""" TODO remove me once https://github.com/elastic/elasticsearch/issues/115280 is closed"""
GitHub,relation_test_code_smell_ML,C:\Users\ismak\Documents\GitHub\relation_test_code_smell_ML\dataset\projects\elasticsearch\server\src\test\java\org\elasticsearch\script\field\SourceMapFieldTests.java,dataset/projects/elasticsearch/server/src/test/java/org/elasticsearch/script/field/SourceMapFieldTests.java,SourceMapFieldTests.java,SourceMapFieldTests,""" TODO(stu): this should be inaccessible"""
GitHub,relation_test_code_smell_ML,C:\Users\ismak\Documents\GitHub\relation_test_code_smell_ML\dataset\projects\elasticsearch\server\src\test\java\org\elasticsearch\search\aggregations\AdaptingAggregatorTests.java,dataset/projects/elasticsearch/server/src/test/java/org/elasticsearch/search/aggregations/AdaptingAggregatorTests.java,AdaptingAggregatorTests.java,DummyAggregator,""" TODO Auto-generated method stub"""
GitHub,relation_test_code_smell_ML,C:\Users\ismak\Documents\GitHub\relation_test_code_smell_ML\dataset\projects\elasticsearch\server\src\test\java\org\elasticsearch\search\aggregations\AdaptingAggregatorTests.java,dataset/projects/elasticsearch/server/src/test/java/org/elasticsearch/search/aggregations/AdaptingAggregatorTests.java,AdaptingAggregatorTests.java,DummyAggregator,""" TODO Auto-generated method stub"""
GitHub,relation_test_code_smell_ML,C:\Users\ismak\Documents\GitHub\relation_test_code_smell_ML\dataset\projects\elasticsearch\server\src\test\java\org\elasticsearch\search\aggregations\AdaptingAggregatorTests.java,dataset/projects/elasticsearch/server/src/test/java/org/elasticsearch/search/aggregations/AdaptingAggregatorTests.java,AdaptingAggregatorTests.java,DummyAggregator,""" TODO Auto-generated method stub"""
GitHub,relation_test_code_smell_ML,C:\Users\ismak\Documents\GitHub\relation_test_code_smell_ML\dataset\projects\elasticsearch\server\src\test\java\org\elasticsearch\search\aggregations\AdaptingAggregatorTests.java,dataset/projects/elasticsearch/server/src/test/java/org/elasticsearch/search/aggregations/AdaptingAggregatorTests.java,AdaptingAggregatorTests.java,DummyAggregator,""" TODO Auto-generated method stub"""
GitHub,relation_test_code_smell_ML,C:\Users\ismak\Documents\GitHub\relation_test_code_smell_ML\dataset\projects\elasticsearch\server\src\test\java\org\elasticsearch\search\aggregations\bucket\nested\ReverseNestedAggregatorTests.java,dataset/projects/elasticsearch/server/src/test/java/org/elasticsearch/search/aggregations/bucket/nested/ReverseNestedAggregatorTests.java,ReverseNestedAggregatorTests.java,ReverseNestedAggregatorTests,""" No docs needed"""
GitHub,relation_test_code_smell_ML,C:\Users\ismak\Documents\GitHub\relation_test_code_smell_ML\dataset\projects\elasticsearch\server\src\test\java\org\elasticsearch\search\aggregations\bucket\prefix\InternalIpPrefixTests.java,dataset/projects/elasticsearch/server/src/test/java/org/elasticsearch/search/aggregations/bucket/prefix/InternalIpPrefixTests.java,InternalIpPrefixTests.java,InternalIpPrefixTests,""" TODO implement https://github.com/elastic/elasticsearch/issues/25929"""
GitHub,relation_test_code_smell_ML,C:\Users\ismak\Documents\GitHub\relation_test_code_smell_ML\dataset\projects\elasticsearch\server\src\test\java\org\elasticsearch\search\aggregations\metrics\HDRPercentilesAggregatorTests.java,dataset/projects/elasticsearch/server/src/test/java/org/elasticsearch/search/aggregations/metrics/HDRPercentilesAggregatorTests.java,HDRPercentilesAggregatorTests.java,HDRPercentilesAggregatorTests,""" TODO this randomization path should be removed when the old settings are removed"""
GitHub,relation_test_code_smell_ML,C:\Users\ismak\Documents\GitHub\relation_test_code_smell_ML\dataset\projects\elasticsearch\server\src\test\java\org\elasticsearch\search\aggregations\metrics\StatsAggregatorTests.java,dataset/projects/elasticsearch/server/src/test/java/org/elasticsearch/search/aggregations/metrics/StatsAggregatorTests.java,StatsAggregatorTests.java,SimpleStatsAggregator,""" TODO: Script tests, should fail with defaultValuesSourceType disabled."""
GitHub,relation_test_code_smell_ML,C:\Users\ismak\Documents\GitHub\relation_test_code_smell_ML\dataset\projects\elasticsearch\server\src\test\java\org\elasticsearch\search\aggregations\metrics\StatsAggregatorTests.java,dataset/projects/elasticsearch/server/src/test/java/org/elasticsearch/search/aggregations/metrics/StatsAggregatorTests.java,StatsAggregatorTests.java,SimpleStatsAggregator,""" TODO: Script tests, should fail with defaultValuesSourceType disabled."""
GitHub,relation_test_code_smell_ML,C:\Users\ismak\Documents\GitHub\relation_test_code_smell_ML\dataset\projects\elasticsearch\server\src\test\java\org\elasticsearch\search\aggregations\metrics\TDigestPercentileRanksAggregatorTests.java,dataset/projects/elasticsearch/server/src/test/java/org/elasticsearch/search/aggregations/metrics/TDigestPercentileRanksAggregatorTests.java,TDigestPercentileRanksAggregatorTests.java,TDigestPercentileRanksAggregatorTests,""" TODO: Fix T-Digest: this assertion should pass but we currently get ~15"""
GitHub,relation_test_code_smell_ML,C:\Users\ismak\Documents\GitHub\relation_test_code_smell_ML\dataset\projects\elasticsearch\server\src\test\java\org\elasticsearch\search\aggregations\metrics\TDigestPercentileRanksAggregatorTests.java,dataset/projects/elasticsearch/server/src/test/java/org/elasticsearch/search/aggregations/metrics/TDigestPercentileRanksAggregatorTests.java,TDigestPercentileRanksAggregatorTests.java,TDigestPercentileRanksAggregatorTests,""" TODO: Fix T-Digest: this assertion should pass but we currently get ~59"""
GitHub,relation_test_code_smell_ML,C:\Users\ismak\Documents\GitHub\relation_test_code_smell_ML\dataset\projects\elasticsearch\server\src\test\java\org\elasticsearch\search\aggregations\metrics\TDigestPercentilesAggregatorTests.java,dataset/projects/elasticsearch/server/src/test/java/org/elasticsearch/search/aggregations/metrics/TDigestPercentilesAggregatorTests.java,TDigestPercentilesAggregatorTests.java,TDigestPercentilesAggregatorTests,""" TODO this randomization path should be removed when the old settings are removed"""
GitHub,relation_test_code_smell_ML,C:\Users\ismak\Documents\GitHub\relation_test_code_smell_ML\dataset\projects\elasticsearch\server\src\test\java\org\elasticsearch\search\aggregations\metrics\weighted_avg\WeightedAvgAggregationBuilderTests.java,dataset/projects/elasticsearch/server/src/test/java/org/elasticsearch/search/aggregations/metrics/weighted_avg/WeightedAvgAggregationBuilderTests.java,WeightedAvgAggregationBuilderTests.java,WeightedAvgAggregationBuilderTests,""" TODO implement https://github.com/elastic/elasticsearch/issues/25929"""
GitHub,relation_test_code_smell_ML,C:\Users\ismak\Documents\GitHub\relation_test_code_smell_ML\dataset\projects\elasticsearch\server\src\test\java\org\elasticsearch\search\aggregations\pipeline\AvgBucketAggregatorTests.java,dataset/projects/elasticsearch/server/src/test/java/org/elasticsearch/search/aggregations/pipeline/AvgBucketAggregatorTests.java,AvgBucketAggregatorTests.java,AvgBucketAggregatorTests,"""
     * Test for issue #30608.  Under the following circumstances:
     *
     * A. Multi-bucket agg in the first entry of our internal list
     * B. Regular agg as the immediate child of the multi-bucket in A
     * C. Regular agg with the same name as B at the top level, listed as the second entry in our internal list
     * D. Finally, a pipeline agg with the path down to B
     *
     * BucketMetrics reduction would throw a class cast exception due to bad subpathing.  This test ensures
     * it is fixed.
     *
     * Note: we have this test inside of the `avg_bucket` package so that we can get access to the package-private
     * `reduce()` needed for testing this
     """
GitHub,relation_test_code_smell_ML,C:\Users\ismak\Documents\GitHub\relation_test_code_smell_ML\dataset\projects\elasticsearch\server\src\test\java\org\elasticsearch\search\aggregations\support\MultiValuesSourceFieldConfigTests.java,dataset/projects/elasticsearch/server/src/test/java/org/elasticsearch/search/aggregations/support/MultiValuesSourceFieldConfigTests.java,MultiValuesSourceFieldConfigTests.java,MultiValuesSourceFieldConfigTests,""" TODO implement https://github.com/elastic/elasticsearch/issues/25929"""
GitHub,relation_test_code_smell_ML,C:\Users\ismak\Documents\GitHub\relation_test_code_smell_ML\dataset\projects\elasticsearch\server\src\test\java\org\elasticsearch\search\builder\PointInTimeBuilderTests.java,dataset/projects/elasticsearch/server/src/test/java/org/elasticsearch/search/builder/PointInTimeBuilderTests.java,PointInTimeBuilderTests.java,PointInTimeBuilderTests,""" TODO implement https://github.com/elastic/elasticsearch/issues/25929"""
GitHub,relation_test_code_smell_ML,C:\Users\ismak\Documents\GitHub\relation_test_code_smell_ML\dataset\projects\elasticsearch\server\src\test\java\org\elasticsearch\search\internal\ContextIndexSearcherTests.java,dataset/projects/elasticsearch/server/src/test/java/org/elasticsearch/search/internal/ContextIndexSearcherTests.java,ContextIndexSearcherTests.java,CreateScorerOnceQuery,""" apply deletes when needed:"""
GitHub,relation_test_code_smell_ML,C:\Users\ismak\Documents\GitHub\relation_test_code_smell_ML\dataset\projects\elasticsearch\server\src\test\java\org\elasticsearch\search\internal\ContextIndexSearcherTests.java,dataset/projects/elasticsearch/server/src/test/java/org/elasticsearch/search/internal/ContextIndexSearcherTests.java,ContextIndexSearcherTests.java,CreateScorerOnceQuery,""" apply deletes when needed:"""
GitHub,relation_test_code_smell_ML,C:\Users\ismak\Documents\GitHub\relation_test_code_smell_ML\dataset\projects\elasticsearch\server\src\test\java\org\elasticsearch\search\profile\query\QueryProfilerTests.java,dataset/projects/elasticsearch/server/src/test/java/org/elasticsearch/search/profile/query/QueryProfilerTests.java,QueryProfilerTests.java,DummyQuery,""" scores are not needed"""
GitHub,relation_test_code_smell_ML,C:\Users\ismak\Documents\GitHub\relation_test_code_smell_ML\dataset\projects\elasticsearch\server\src\test\java\org\elasticsearch\search\profile\query\QueryProfileShardResultTests.java,dataset/projects/elasticsearch/server/src/test/java/org/elasticsearch/search/profile/query/QueryProfileShardResultTests.java,QueryProfileShardResultTests.java,QueryProfileShardResultTests,""" TODO implement https://github.com/elastic/elasticsearch/issues/25929"""
GitHub,relation_test_code_smell_ML,C:\Users\ismak\Documents\GitHub\relation_test_code_smell_ML\dataset\projects\elasticsearch\server\src\test\java\org\elasticsearch\search\profile\SearchProfileDfsPhaseResultTests.java,dataset/projects/elasticsearch/server/src/test/java/org/elasticsearch/search/profile/SearchProfileDfsPhaseResultTests.java,SearchProfileDfsPhaseResultTests.java,SearchProfileDfsPhaseResultTests,""" TODO implement https://github.com/elastic/elasticsearch/issues/25929"""
GitHub,relation_test_code_smell_ML,C:\Users\ismak\Documents\GitHub\relation_test_code_smell_ML\dataset\projects\elasticsearch\server\src\test\java\org\elasticsearch\search\profile\SearchProfileQueryPhaseResultTests.java,dataset/projects/elasticsearch/server/src/test/java/org/elasticsearch/search/profile/SearchProfileQueryPhaseResultTests.java,SearchProfileQueryPhaseResultTests.java,SearchProfileQueryPhaseResultTests,""" TODO implement https://github.com/elastic/elasticsearch/issues/25929"""
GitHub,relation_test_code_smell_ML,C:\Users\ismak\Documents\GitHub\relation_test_code_smell_ML\dataset\projects\elasticsearch\server\src\test\java\org\elasticsearch\search\profile\SearchProfileShardResultTests.java,dataset/projects/elasticsearch/server/src/test/java/org/elasticsearch/search/profile/SearchProfileShardResultTests.java,SearchProfileShardResultTests.java,SearchProfileShardResultTests,""" TODO implement https://github.com/elastic/elasticsearch/issues/25929"""
GitHub,relation_test_code_smell_ML,C:\Users\ismak\Documents\GitHub\relation_test_code_smell_ML\dataset\projects\elasticsearch\server\src\test\java\org\elasticsearch\search\query\QueryPhaseTests.java,dataset/projects/elasticsearch/server/src/test/java/org/elasticsearch/search/query/QueryPhaseTests.java,QueryPhaseTests.java,QueryPhaseTests,""" TODO this looks off, it should probably be GREATER_THAN_OR_EQUAL_TO"""
GitHub,relation_test_code_smell_ML,C:\Users\ismak\Documents\GitHub\relation_test_code_smell_ML\dataset\projects\elasticsearch\server\src\test\java\org\elasticsearch\search\SearchServiceSingleNodeTests.java,dataset/projects/elasticsearch/server/src/test/java/org/elasticsearch/search/SearchServiceSingleNodeTests.java,SearchServiceSingleNodeTests.java,TestRewriteCounterQueryBuilder,""" the difference in how we do assertions here is needed because once the transport service sends back the response"""
GitHub,relation_test_code_smell_ML,C:\Users\ismak\Documents\GitHub\relation_test_code_smell_ML\dataset\projects\elasticsearch\server\src\test\java\org\elasticsearch\snapshots\InternalSnapshotsInfoServiceTests.java,dataset/projects/elasticsearch/server/src/test/java/org/elasticsearch/snapshots/InternalSnapshotsInfoServiceTests.java,InternalSnapshotsInfoServiceTests.java,InternalSnapshotsInfoServiceTests,""" TODO fix for desired_balance"""
GitHub,relation_test_code_smell_ML,C:\Users\ismak\Documents\GitHub\relation_test_code_smell_ML\dataset\projects\elasticsearch\server\src\test\java\org\elasticsearch\snapshots\SnapshotResiliencyTests.java,dataset/projects/elasticsearch/server/src/test/java/org/elasticsearch/snapshots/SnapshotResiliencyTests.java,SnapshotResiliencyTests.java,ShardSnapshotUpdatesSequencer,"""
     * A device for allowing a test precise control over the order in which shard-snapshot updates are processed by the master. The test
     * must install the result of {@link #newTransportInterceptor} on the master node and may then call {@link #releaseBlock} as needed to
     * release blocks on the processing of individual shard snapshot updates.
     """
GitHub,relation_test_code_smell_ML,C:\Users\ismak\Documents\GitHub\relation_test_code_smell_ML\dataset\projects\elasticsearch\server\src\test\java\org\elasticsearch\snapshots\SnapshotResiliencyTests.java,dataset/projects/elasticsearch/server/src/test/java/org/elasticsearch/snapshots/SnapshotResiliencyTests.java,SnapshotResiliencyTests.java,ShardSnapshotUpdatesSequencer,""" TODO: randomize replica count settings once recovery operations aren't blocking anymore"""
GitHub,relation_test_code_smell_ML,C:\Users\ismak\Documents\GitHub\relation_test_code_smell_ML\dataset\projects\elasticsearch\server\src\test\java\org\elasticsearch\snapshots\SnapshotResiliencyTests.java,dataset/projects/elasticsearch/server/src/test/java/org/elasticsearch/snapshots/SnapshotResiliencyTests.java,SnapshotResiliencyTests.java,ShardSnapshotUpdatesSequencer,"""
     * A device for allowing a test precise control over the order in which shard-snapshot updates are processed by the master. The test
     * must install the result of {@link #newTransportInterceptor} on the master node and may then call {@link #releaseBlock} as needed to
     * release blocks on the processing of individual shard snapshot updates.
     """
GitHub,relation_test_code_smell_ML,C:\Users\ismak\Documents\GitHub\relation_test_code_smell_ML\dataset\projects\elasticsearch\server\src\test\java\org\elasticsearch\snapshots\SnapshotResiliencyTests.java,dataset/projects/elasticsearch/server/src/test/java/org/elasticsearch/snapshots/SnapshotResiliencyTests.java,SnapshotResiliencyTests.java,ShardSnapshotUpdatesSequencer,"""
     * A device for allowing a test precise control over the order in which shard-snapshot updates are processed by the master. The test
     * must install the result of {@link #newTransportInterceptor} on the master node and may then call {@link #releaseBlock} as needed to
     * release blocks on the processing of individual shard snapshot updates.
     """
GitHub,relation_test_code_smell_ML,C:\Users\ismak\Documents\GitHub\relation_test_code_smell_ML\dataset\projects\elasticsearch\server\src\test\java\org\elasticsearch\TransportVersionTests.java,dataset/projects/elasticsearch/server/src/test/java/org/elasticsearch/TransportVersionTests.java,TransportVersionTests.java,DuplicatedIdFakeVersion,""" TODO: once placeholder is removed, test the latest known version can be found fromName"""
GitHub,relation_test_code_smell_ML,C:\Users\ismak\Documents\GitHub\relation_test_code_smell_ML\dataset\projects\elasticsearch\server\src\test\java\org\elasticsearch\VersionTests.java,dataset/projects/elasticsearch/server/src/test/java/org/elasticsearch/VersionTests.java,VersionTests.java,VersionTests,""" TODO: remove this once min compat version is a constant instead of method"""
GitHub,relation_test_code_smell_ML,C:\Users\ismak\Documents\GitHub\relation_test_code_smell_ML\dataset\projects\elasticsearch\test\framework\src\main\java\org\elasticsearch\entitlement\runtime\policy\TestPolicyManager.java,dataset/projects/elasticsearch/test/framework/src/main/java/org/elasticsearch/entitlement/runtime/policy/TestPolicyManager.java,TestPolicyManager.java,TestPolicyManager,""" TODO: Cache this? It's expensive"""
GitHub,relation_test_code_smell_ML,C:\Users\ismak\Documents\GitHub\relation_test_code_smell_ML\dataset\projects\elasticsearch\test\framework\src\main\java\org\elasticsearch\index\mapper\TestDocumentParserContext.java,dataset/projects/elasticsearch/test/framework/src/main/java/org/elasticsearch/index/mapper/TestDocumentParserContext.java,TestDocumentParserContext.java,TestDocumentParserContext,"""
     * The shortest and easiest way to create a context, to be used when none of the constructor arguments are needed.
     * Use with caution as it can cause {@link NullPointerException}s down the line.
     """
GitHub,relation_test_code_smell_ML,C:\Users\ismak\Documents\GitHub\relation_test_code_smell_ML\dataset\projects\elasticsearch\test\framework\src\main\java\org\elasticsearch\index\mapper\TestDocumentParserContext.java,dataset/projects/elasticsearch/test/framework/src/main/java/org/elasticsearch/index/mapper/TestDocumentParserContext.java,TestDocumentParserContext.java,TestDocumentParserContext,"""
     * More verbose way to create a context, to be used when one or more constructor arguments are needed as final methods
     * that depend on them are called while executing tests.
     """
GitHub,relation_test_code_smell_ML,C:\Users\ismak\Documents\GitHub\relation_test_code_smell_ML\dataset\projects\elasticsearch\test\framework\src\main\java\org\elasticsearch\index\mapper\TestDocumentParserContext.java,dataset/projects/elasticsearch/test/framework/src/main/java/org/elasticsearch/index/mapper/TestDocumentParserContext.java,TestDocumentParserContext.java,TestDocumentParserContext,"""
 * Simplified version of {@link DocumentParserContext} to be used in tests.
 * Every non final method throws {@link UnsupportedOperationException} and can be implemented as needed.
 * {@link #doc()} and {@link #path()} are defined and final, as their behaviour is standard and they
 * are both needed in almost every situation.
 * The methods defined final in {@link DocumentParserContext} depend on the provided constructor arguments.
 """
GitHub,relation_test_code_smell_ML,C:\Users\ismak\Documents\GitHub\relation_test_code_smell_ML\dataset\projects\elasticsearch\test\framework\src\main\java\org\elasticsearch\index\mapper\TestDocumentParserContext.java,dataset/projects/elasticsearch/test/framework/src/main/java/org/elasticsearch/index/mapper/TestDocumentParserContext.java,TestDocumentParserContext.java,TestDocumentParserContext,"""
 * Simplified version of {@link DocumentParserContext} to be used in tests.
 * Every non final method throws {@link UnsupportedOperationException} and can be implemented as needed.
 * {@link #doc()} and {@link #path()} are defined and final, as their behaviour is standard and they
 * are both needed in almost every situation.
 * The methods defined final in {@link DocumentParserContext} depend on the provided constructor arguments.
 """
GitHub,relation_test_code_smell_ML,C:\Users\ismak\Documents\GitHub\relation_test_code_smell_ML\dataset\projects\elasticsearch\test\framework\src\main\java\org\elasticsearch\test\TestCluster.java,dataset/projects/elasticsearch/test/framework/src/main/java/org/elasticsearch/test/TestCluster.java,TestCluster.java,TestCluster,""" TODO: implement me once views are used in integration tests"""
GitHub,relation_test_code_smell_ML,C:\Users\ismak\Documents\GitHub\relation_test_code_smell_ML\dataset\projects\elasticsearch\test\framework\src\main\java\org\elasticsearch\test\TestCluster.java,dataset/projects/elasticsearch/test/framework/src/main/java/org/elasticsearch/test/TestCluster.java,TestCluster.java,TestCluster,""" TODO: this is clearly wrong but at least"""
GitHub,relation_test_code_smell_ML,C:\Users\ismak\Documents\GitHub\relation_test_code_smell_ML\dataset\projects\elasticsearch\test\framework\src\main\java\org\elasticsearch\test\TestCluster.java,dataset/projects/elasticsearch/test/framework/src/main/java/org/elasticsearch/test/TestCluster.java,TestCluster.java,TestCluster,"""
     * Returns this clusters {@link NamedWriteableRegistry} this is needed to
     * deserialize binary content from this cluster that might include custom named writeables
     """
GitHub,relation_test_code_smell_ML,C:\Users\ismak\Documents\GitHub\relation_test_code_smell_ML\dataset\projects\elasticsearch\test\framework\src\test\java\org\elasticsearch\test\VersionUtilsTests.java,dataset/projects/elasticsearch/test/framework/src/test/java/org/elasticsearch/test/VersionUtilsTests.java,VersionUtilsTests.java,VersionUtilsTests,""" TODO: rework this test to use a dummy Version class so these don't need to change with each release"""
GitHub,relation_test_code_smell_ML,C:\Users\ismak\Documents\GitHub\relation_test_code_smell_ML\dataset\projects\elasticsearch\x-pack\plugin\analytics\src\test\java\org\elasticsearch\xpack\analytics\action\AnalyticsStatsActionNodeResponseTests.java,dataset/projects/elasticsearch/x-pack/plugin/analytics/src/test/java/org/elasticsearch/xpack/analytics/action/AnalyticsStatsActionNodeResponseTests.java,AnalyticsStatsActionNodeResponseTests.java,AnalyticsStatsActionNodeResponseTests,""" TODO implement https://github.com/elastic/elasticsearch/issues/25929"""
GitHub,relation_test_code_smell_ML,C:\Users\ismak\Documents\GitHub\relation_test_code_smell_ML\dataset\projects\elasticsearch\x-pack\plugin\analytics\src\test\java\org\elasticsearch\xpack\analytics\aggregations\metrics\TDigestPreAggregatedPercentileRanksAggregatorTests.java,dataset/projects/elasticsearch/x-pack/plugin/analytics/src/test/java/org/elasticsearch/xpack/analytics/aggregations/metrics/TDigestPreAggregatedPercentileRanksAggregatorTests.java,TDigestPreAggregatedPercentileRanksAggregatorTests.java,TDigestPreAggregatedPercentileRanksAggregatorTests,""" TODO: Fix T-Digest: this assertion should pass but we currently get ~15"""
GitHub,relation_test_code_smell_ML,C:\Users\ismak\Documents\GitHub\relation_test_code_smell_ML\dataset\projects\elasticsearch\x-pack\plugin\analytics\src\test\java\org\elasticsearch\xpack\analytics\aggregations\metrics\TDigestPreAggregatedPercentileRanksAggregatorTests.java,dataset/projects/elasticsearch/x-pack/plugin/analytics/src/test/java/org/elasticsearch/xpack/analytics/aggregations/metrics/TDigestPreAggregatedPercentileRanksAggregatorTests.java,TDigestPreAggregatedPercentileRanksAggregatorTests.java,TDigestPreAggregatedPercentileRanksAggregatorTests,""" TODO: Fix T-Digest: this assertion should pass but we currently get ~59"""
GitHub,relation_test_code_smell_ML,C:\Users\ismak\Documents\GitHub\relation_test_code_smell_ML\dataset\projects\elasticsearch\x-pack\plugin\analytics\src\test\java\org\elasticsearch\xpack\analytics\boxplot\BoxplotAggregationBuilderTests.java,dataset/projects/elasticsearch/x-pack/plugin/analytics/src/test/java/org/elasticsearch/xpack/analytics/boxplot/BoxplotAggregationBuilderTests.java,BoxplotAggregationBuilderTests.java,BoxplotAggregationBuilderTests,""" TODO implement https://github.com/elastic/elasticsearch/issues/25929"""
GitHub,relation_test_code_smell_ML,C:\Users\ismak\Documents\GitHub\relation_test_code_smell_ML\dataset\projects\elasticsearch\x-pack\plugin\analytics\src\test\java\org\elasticsearch\xpack\analytics\multiterms\MultiTermsAggregationBuilderTests.java,dataset/projects/elasticsearch/x-pack/plugin/analytics/src/test/java/org/elasticsearch/xpack/analytics/multiterms/MultiTermsAggregationBuilderTests.java,MultiTermsAggregationBuilderTests.java,MultiTermsAggregationBuilderTests,""" TODO implement https://github.com/elastic/elasticsearch/issues/25929"""
GitHub,relation_test_code_smell_ML,C:\Users\ismak\Documents\GitHub\relation_test_code_smell_ML\dataset\projects\elasticsearch\x-pack\plugin\analytics\src\test\java\org\elasticsearch\xpack\analytics\rate\InternalResetTrackingRateTests.java,dataset/projects/elasticsearch/x-pack/plugin/analytics/src/test/java/org/elasticsearch/xpack/analytics/rate/InternalResetTrackingRateTests.java,InternalResetTrackingRateTests.java,InternalResetTrackingRateTests,""" TODO implement https://github.com/elastic/elasticsearch/issues/25929"""
GitHub,relation_test_code_smell_ML,C:\Users\ismak\Documents\GitHub\relation_test_code_smell_ML\dataset\projects\elasticsearch\x-pack\plugin\analytics\src\test\java\org\elasticsearch\xpack\analytics\rate\RateAggregationBuilderTests.java,dataset/projects/elasticsearch/x-pack/plugin/analytics/src/test/java/org/elasticsearch/xpack/analytics/rate/RateAggregationBuilderTests.java,RateAggregationBuilderTests.java,RateAggregationBuilderTests,""" TODO implement https://github.com/elastic/elasticsearch/issues/25929"""
GitHub,relation_test_code_smell_ML,C:\Users\ismak\Documents\GitHub\relation_test_code_smell_ML\dataset\projects\elasticsearch\x-pack\plugin\analytics\src\test\java\org\elasticsearch\xpack\analytics\topmetrics\TopMetricsAggregationBuilderTests.java,dataset/projects/elasticsearch/x-pack/plugin/analytics/src/test/java/org/elasticsearch/xpack/analytics/topmetrics/TopMetricsAggregationBuilderTests.java,TopMetricsAggregationBuilderTests.java,TopMetricsAggregationBuilderTests,""" TODO implement https://github.com/elastic/elasticsearch/issues/25929"""
GitHub,relation_test_code_smell_ML,C:\Users\ismak\Documents\GitHub\relation_test_code_smell_ML\dataset\projects\elasticsearch\x-pack\plugin\analytics\src\test\java\org\elasticsearch\xpack\analytics\ttest\TTestAggregationBuilderTests.java,dataset/projects/elasticsearch/x-pack/plugin/analytics/src/test/java/org/elasticsearch/xpack/analytics/ttest/TTestAggregationBuilderTests.java,TTestAggregationBuilderTests.java,TTestAggregationBuilderTests,""" TODO implement https://github.com/elastic/elasticsearch/issues/25929"""
GitHub,relation_test_code_smell_ML,C:\Users\ismak\Documents\GitHub\relation_test_code_smell_ML\dataset\projects\elasticsearch\x-pack\plugin\async-search\src\test\java\org\elasticsearch\xpack\search\DeleteAsyncSearchRequestTests.java,dataset/projects/elasticsearch/x-pack/plugin/async-search/src/test/java/org/elasticsearch/xpack/search/DeleteAsyncSearchRequestTests.java,DeleteAsyncSearchRequestTests.java,DeleteAsyncSearchRequestTests,""" TODO implement https://github.com/elastic/elasticsearch/issues/25929"""
GitHub,relation_test_code_smell_ML,C:\Users\ismak\Documents\GitHub\relation_test_code_smell_ML\dataset\projects\elasticsearch\x-pack\plugin\async-search\src\test\java\org\elasticsearch\xpack\search\SubmitAsyncSearchRequestTests.java,dataset/projects/elasticsearch/x-pack/plugin/async-search/src/test/java/org/elasticsearch/xpack/search/SubmitAsyncSearchRequestTests.java,SubmitAsyncSearchRequestTests.java,SubmitAsyncSearchRequestTests,""" TODO implement https://github.com/elastic/elasticsearch/issues/25929"""
GitHub,relation_test_code_smell_ML,C:\Users\ismak\Documents\GitHub\relation_test_code_smell_ML\dataset\projects\elasticsearch\x-pack\plugin\autoscaling\src\test\java\org\elasticsearch\xpack\autoscaling\action\DeleteAutoscalingPolicyActionRequestWireSerializingTests.java,dataset/projects/elasticsearch/x-pack/plugin/autoscaling/src/test/java/org/elasticsearch/xpack/autoscaling/action/DeleteAutoscalingPolicyActionRequestWireSerializingTests.java,DeleteAutoscalingPolicyActionRequestWireSerializingTests.java,DeleteAutoscalingPolicyActionRequestWireSerializingTests,""" TODO implement https://github.com/elastic/elasticsearch/issues/25929"""
GitHub,relation_test_code_smell_ML,C:\Users\ismak\Documents\GitHub\relation_test_code_smell_ML\dataset\projects\elasticsearch\x-pack\plugin\autoscaling\src\test\java\org\elasticsearch\xpack\autoscaling\action\GetAutoscalingCapacityActionRequestWireSerializingTests.java,dataset/projects/elasticsearch/x-pack/plugin/autoscaling/src/test/java/org/elasticsearch/xpack/autoscaling/action/GetAutoscalingCapacityActionRequestWireSerializingTests.java,GetAutoscalingCapacityActionRequestWireSerializingTests.java,GetAutoscalingCapacityActionRequestWireSerializingTests,""" TODO implement https://github.com/elastic/elasticsearch/issues/25929"""
GitHub,relation_test_code_smell_ML,C:\Users\ismak\Documents\GitHub\relation_test_code_smell_ML\dataset\projects\elasticsearch\x-pack\plugin\autoscaling\src\test\java\org\elasticsearch\xpack\autoscaling\action\GetAutoscalingCapacityActionResponseWireSerializingTests.java,dataset/projects/elasticsearch/x-pack/plugin/autoscaling/src/test/java/org/elasticsearch/xpack/autoscaling/action/GetAutoscalingCapacityActionResponseWireSerializingTests.java,GetAutoscalingCapacityActionResponseWireSerializingTests.java,GetAutoscalingCapacityActionResponseWireSerializingTests,""" TODO implement https://github.com/elastic/elasticsearch/issues/25929"""
GitHub,relation_test_code_smell_ML,C:\Users\ismak\Documents\GitHub\relation_test_code_smell_ML\dataset\projects\elasticsearch\x-pack\plugin\autoscaling\src\test\java\org\elasticsearch\xpack\autoscaling\action\GetAutoscalingPolicyActionRequestWireSerializingTests.java,dataset/projects/elasticsearch/x-pack/plugin/autoscaling/src/test/java/org/elasticsearch/xpack/autoscaling/action/GetAutoscalingPolicyActionRequestWireSerializingTests.java,GetAutoscalingPolicyActionRequestWireSerializingTests.java,GetAutoscalingPolicyActionRequestWireSerializingTests,""" TODO implement https://github.com/elastic/elasticsearch/issues/25929"""
GitHub,relation_test_code_smell_ML,C:\Users\ismak\Documents\GitHub\relation_test_code_smell_ML\dataset\projects\elasticsearch\x-pack\plugin\autoscaling\src\test\java\org\elasticsearch\xpack\autoscaling\action\GetAutoscalingPolicyActionResponseWireSerializingTests.java,dataset/projects/elasticsearch/x-pack/plugin/autoscaling/src/test/java/org/elasticsearch/xpack/autoscaling/action/GetAutoscalingPolicyActionResponseWireSerializingTests.java,GetAutoscalingPolicyActionResponseWireSerializingTests.java,GetAutoscalingPolicyActionResponseWireSerializingTests,""" TODO implement https://github.com/elastic/elasticsearch/issues/25929"""
GitHub,relation_test_code_smell_ML,C:\Users\ismak\Documents\GitHub\relation_test_code_smell_ML\dataset\projects\elasticsearch\x-pack\plugin\autoscaling\src\test\java\org\elasticsearch\xpack\autoscaling\action\PutAutoscalingPolicyActionRequestWireSerializingTests.java,dataset/projects/elasticsearch/x-pack/plugin/autoscaling/src/test/java/org/elasticsearch/xpack/autoscaling/action/PutAutoscalingPolicyActionRequestWireSerializingTests.java,PutAutoscalingPolicyActionRequestWireSerializingTests.java,PutAutoscalingPolicyActionRequestWireSerializingTests,""" TODO implement https://github.com/elastic/elasticsearch/issues/25929"""
GitHub,relation_test_code_smell_ML,C:\Users\ismak\Documents\GitHub\relation_test_code_smell_ML\dataset\projects\elasticsearch\x-pack\plugin\autoscaling\src\test\java\org\elasticsearch\xpack\autoscaling\capacity\AutoscalingDeciderResultsWireSerializingTests.java,dataset/projects/elasticsearch/x-pack/plugin/autoscaling/src/test/java/org/elasticsearch/xpack/autoscaling/capacity/AutoscalingDeciderResultsWireSerializingTests.java,AutoscalingDeciderResultsWireSerializingTests.java,AutoscalingDeciderResultsWireSerializingTests,""" TODO implement https://github.com/elastic/elasticsearch/issues/25929"""
GitHub,relation_test_code_smell_ML,C:\Users\ismak\Documents\GitHub\relation_test_code_smell_ML\dataset\projects\elasticsearch\x-pack\plugin\autoscaling\src\test\java\org\elasticsearch\xpack\autoscaling\capacity\AutoscalingDeciderResultWireSerializingTests.java,dataset/projects/elasticsearch/x-pack/plugin/autoscaling/src/test/java/org/elasticsearch/xpack/autoscaling/capacity/AutoscalingDeciderResultWireSerializingTests.java,AutoscalingDeciderResultWireSerializingTests.java,AutoscalingDeciderResultWireSerializingTests,""" TODO implement https://github.com/elastic/elasticsearch/issues/25929"""
GitHub,relation_test_code_smell_ML,C:\Users\ismak\Documents\GitHub\relation_test_code_smell_ML\dataset\projects\elasticsearch\x-pack\plugin\ccr\src\test\java\org\elasticsearch\xpack\ccr\action\ActivateAutoFollowPatternActionRequestTests.java,dataset/projects/elasticsearch/x-pack/plugin/ccr/src/test/java/org/elasticsearch/xpack/ccr/action/ActivateAutoFollowPatternActionRequestTests.java,ActivateAutoFollowPatternActionRequestTests.java,ActivateAutoFollowPatternActionRequestTests,""" TODO implement https://github.com/elastic/elasticsearch/issues/25929"""
GitHub,relation_test_code_smell_ML,C:\Users\ismak\Documents\GitHub\relation_test_code_smell_ML\dataset\projects\elasticsearch\x-pack\plugin\ccr\src\test\java\org\elasticsearch\xpack\ccr\action\AutoFollowStatsResponseTests.java,dataset/projects/elasticsearch/x-pack/plugin/ccr/src/test/java/org/elasticsearch/xpack/ccr/action/AutoFollowStatsResponseTests.java,AutoFollowStatsResponseTests.java,AutoFollowStatsResponseTests,""" TODO implement https://github.com/elastic/elasticsearch/issues/25929"""
GitHub,relation_test_code_smell_ML,C:\Users\ismak\Documents\GitHub\relation_test_code_smell_ML\dataset\projects\elasticsearch\x-pack\plugin\ccr\src\test\java\org\elasticsearch\xpack\ccr\action\AutoFollowStatsTests.java,dataset/projects/elasticsearch/x-pack/plugin/ccr/src/test/java/org/elasticsearch/xpack/ccr/action/AutoFollowStatsTests.java,AutoFollowStatsTests.java,AutoFollowStatsTests,""" TODO implement https://github.com/elastic/elasticsearch/issues/25929"""
GitHub,relation_test_code_smell_ML,C:\Users\ismak\Documents\GitHub\relation_test_code_smell_ML\dataset\projects\elasticsearch\x-pack\plugin\ccr\src\test\java\org\elasticsearch\xpack\ccr\action\DeleteAutoFollowPatternRequestTests.java,dataset/projects/elasticsearch/x-pack/plugin/ccr/src/test/java/org/elasticsearch/xpack/ccr/action/DeleteAutoFollowPatternRequestTests.java,DeleteAutoFollowPatternRequestTests.java,DeleteAutoFollowPatternRequestTests,""" TODO implement https://github.com/elastic/elasticsearch/issues/25929"""
GitHub,relation_test_code_smell_ML,C:\Users\ismak\Documents\GitHub\relation_test_code_smell_ML\dataset\projects\elasticsearch\x-pack\plugin\ccr\src\test\java\org\elasticsearch\xpack\ccr\action\FollowInfoRequestTests.java,dataset/projects/elasticsearch/x-pack/plugin/ccr/src/test/java/org/elasticsearch/xpack/ccr/action/FollowInfoRequestTests.java,FollowInfoRequestTests.java,FollowInfoRequestTests,""" TODO implement https://github.com/elastic/elasticsearch/issues/25929"""
GitHub,relation_test_code_smell_ML,C:\Users\ismak\Documents\GitHub\relation_test_code_smell_ML\dataset\projects\elasticsearch\x-pack\plugin\ccr\src\test\java\org\elasticsearch\xpack\ccr\action\FollowInfoResponseTests.java,dataset/projects/elasticsearch/x-pack/plugin/ccr/src/test/java/org/elasticsearch/xpack/ccr/action/FollowInfoResponseTests.java,FollowInfoResponseTests.java,FollowInfoResponseTests,""" TODO implement https://github.com/elastic/elasticsearch/issues/25929"""
GitHub,relation_test_code_smell_ML,C:\Users\ismak\Documents\GitHub\relation_test_code_smell_ML\dataset\projects\elasticsearch\x-pack\plugin\ccr\src\test\java\org\elasticsearch\xpack\ccr\action\GetAutoFollowPatternRequestTests.java,dataset/projects/elasticsearch/x-pack/plugin/ccr/src/test/java/org/elasticsearch/xpack/ccr/action/GetAutoFollowPatternRequestTests.java,GetAutoFollowPatternRequestTests.java,GetAutoFollowPatternRequestTests,""" TODO implement https://github.com/elastic/elasticsearch/issues/25929"""
GitHub,relation_test_code_smell_ML,C:\Users\ismak\Documents\GitHub\relation_test_code_smell_ML\dataset\projects\elasticsearch\x-pack\plugin\ccr\src\test\java\org\elasticsearch\xpack\ccr\action\GetAutoFollowPatternResponseTests.java,dataset/projects/elasticsearch/x-pack/plugin/ccr/src/test/java/org/elasticsearch/xpack/ccr/action/GetAutoFollowPatternResponseTests.java,GetAutoFollowPatternResponseTests.java,GetAutoFollowPatternResponseTests,""" TODO implement https://github.com/elastic/elasticsearch/issues/25929"""
GitHub,relation_test_code_smell_ML,C:\Users\ismak\Documents\GitHub\relation_test_code_smell_ML\dataset\projects\elasticsearch\x-pack\plugin\ccr\src\test\java\org\elasticsearch\xpack\ccr\action\PutAutoFollowPatternRequestTests.java,dataset/projects/elasticsearch/x-pack/plugin/ccr/src/test/java/org/elasticsearch/xpack/ccr/action/PutAutoFollowPatternRequestTests.java,PutAutoFollowPatternRequestTests.java,PutAutoFollowPatternRequestTests,""" TODO implement https://github.com/elastic/elasticsearch/issues/25929"""
GitHub,relation_test_code_smell_ML,C:\Users\ismak\Documents\GitHub\relation_test_code_smell_ML\dataset\projects\elasticsearch\x-pack\plugin\ccr\src\test\java\org\elasticsearch\xpack\ccr\action\PutFollowActionResponseTests.java,dataset/projects/elasticsearch/x-pack/plugin/ccr/src/test/java/org/elasticsearch/xpack/ccr/action/PutFollowActionResponseTests.java,PutFollowActionResponseTests.java,PutFollowActionResponseTests,""" TODO implement https://github.com/elastic/elasticsearch/issues/25929"""
GitHub,relation_test_code_smell_ML,C:\Users\ismak\Documents\GitHub\relation_test_code_smell_ML\dataset\projects\elasticsearch\x-pack\plugin\ccr\src\test\java\org\elasticsearch\xpack\ccr\action\ResumeFollowActionRequestTests.java,dataset/projects/elasticsearch/x-pack/plugin/ccr/src/test/java/org/elasticsearch/xpack/ccr/action/ResumeFollowActionRequestTests.java,ResumeFollowActionRequestTests.java,ResumeFollowActionRequestTests,""" TODO implement https://github.com/elastic/elasticsearch/issues/25929"""
GitHub,relation_test_code_smell_ML,C:\Users\ismak\Documents\GitHub\relation_test_code_smell_ML\dataset\projects\elasticsearch\x-pack\plugin\ccr\src\test\java\org\elasticsearch\xpack\ccr\action\ShardChangesRequestTests.java,dataset/projects/elasticsearch/x-pack/plugin/ccr/src/test/java/org/elasticsearch/xpack/ccr/action/ShardChangesRequestTests.java,ShardChangesRequestTests.java,ShardChangesRequestTests,""" TODO implement https://github.com/elastic/elasticsearch/issues/25929"""
GitHub,relation_test_code_smell_ML,C:\Users\ismak\Documents\GitHub\relation_test_code_smell_ML\dataset\projects\elasticsearch\x-pack\plugin\ccr\src\test\java\org\elasticsearch\xpack\ccr\action\ShardChangesResponseTests.java,dataset/projects/elasticsearch/x-pack/plugin/ccr/src/test/java/org/elasticsearch/xpack/ccr/action/ShardChangesResponseTests.java,ShardChangesResponseTests.java,ShardChangesResponseTests,""" TODO implement https://github.com/elastic/elasticsearch/issues/25929"""
GitHub,relation_test_code_smell_ML,C:\Users\ismak\Documents\GitHub\relation_test_code_smell_ML\dataset\projects\elasticsearch\x-pack\plugin\ccr\src\test\java\org\elasticsearch\xpack\ccr\action\ShardFollowNodeTaskStatusTests.java,dataset/projects/elasticsearch/x-pack/plugin/ccr/src/test/java/org/elasticsearch/xpack/ccr/action/ShardFollowNodeTaskStatusTests.java,ShardFollowNodeTaskStatusTests.java,ShardFollowNodeTaskStatusTests,""" TODO implement https://github.com/elastic/elasticsearch/issues/25929"""
GitHub,relation_test_code_smell_ML,C:\Users\ismak\Documents\GitHub\relation_test_code_smell_ML\dataset\projects\elasticsearch\x-pack\plugin\ccr\src\test\java\org\elasticsearch\xpack\ccr\action\StatsRequestTests.java,dataset/projects/elasticsearch/x-pack/plugin/ccr/src/test/java/org/elasticsearch/xpack/ccr/action/StatsRequestTests.java,StatsRequestTests.java,StatsRequestTests,""" TODO implement https://github.com/elastic/elasticsearch/issues/25929"""
GitHub,relation_test_code_smell_ML,C:\Users\ismak\Documents\GitHub\relation_test_code_smell_ML\dataset\projects\elasticsearch\x-pack\plugin\ccr\src\test\java\org\elasticsearch\xpack\ccr\action\StatsResponsesTests.java,dataset/projects/elasticsearch/x-pack/plugin/ccr/src/test/java/org/elasticsearch/xpack/ccr/action/StatsResponsesTests.java,StatsResponsesTests.java,StatsResponsesTests,""" TODO implement https://github.com/elastic/elasticsearch/issues/25929"""
GitHub,relation_test_code_smell_ML,C:\Users\ismak\Documents\GitHub\relation_test_code_smell_ML\dataset\projects\elasticsearch\x-pack\plugin\ccr\src\test\java\org\elasticsearch\xpack\ccr\AutoFollowMetadataTests.java,dataset/projects/elasticsearch/x-pack/plugin/ccr/src/test/java/org/elasticsearch/xpack/ccr/AutoFollowMetadataTests.java,AutoFollowMetadataTests.java,AutoFollowMetadataTests,""" TODO implement https://github.com/elastic/elasticsearch/issues/25929"""
GitHub,relation_test_code_smell_ML,C:\Users\ismak\Documents\GitHub\relation_test_code_smell_ML\dataset\projects\elasticsearch\x-pack\plugin\ccr\src\test\java\org\elasticsearch\xpack\ccr\CCRFeatureSetUsageTests.java,dataset/projects/elasticsearch/x-pack/plugin/ccr/src/test/java/org/elasticsearch/xpack/ccr/CCRFeatureSetUsageTests.java,CCRFeatureSetUsageTests.java,CCRFeatureSetUsageTests,""" TODO implement https://github.com/elastic/elasticsearch/issues/25929"""
GitHub,relation_test_code_smell_ML,C:\Users\ismak\Documents\GitHub\relation_test_code_smell_ML\dataset\projects\elasticsearch\x-pack\plugin\core\src\test\java\org\elasticsearch\license\LicensesManagerServiceTests.java,dataset/projects/elasticsearch/x-pack/plugin/core/src/test/java/org/elasticsearch/license/LicensesManagerServiceTests.java,LicensesManagerServiceTests.java,LicensesManagerServiceTests,""" TODO: Add test/feature blocking the registration of basic license"""
GitHub,relation_test_code_smell_ML,C:\Users\ismak\Documents\GitHub\relation_test_code_smell_ML\dataset\projects\elasticsearch\x-pack\plugin\core\src\test\java\org\elasticsearch\license\LicensesManagerServiceTests.java,dataset/projects/elasticsearch/x-pack/plugin/core/src/test/java/org/elasticsearch/license/LicensesManagerServiceTests.java,LicensesManagerServiceTests.java,LicensesManagerServiceTests,""" TODO: Add test/feature blocking the registration of basic license"""
GitHub,relation_test_code_smell_ML,C:\Users\ismak\Documents\GitHub\relation_test_code_smell_ML\dataset\projects\elasticsearch\x-pack\plugin\core\src\test\java\org\elasticsearch\license\XPackLicenseStateTests.java,dataset/projects/elasticsearch/x-pack/plugin/core/src/test/java/org/elasticsearch/license/XPackLicenseStateTests.java,XPackLicenseStateTests.java,XPackLicenseStateTests,"""
     * Checks the ack message going from the  {@code from} license type to {@code to} license type.
     * TODO: check the actual messages, not just the number of them! This was copied from previous license tests...
     """
GitHub,relation_test_code_smell_ML,C:\Users\ismak\Documents\GitHub\relation_test_code_smell_ML\dataset\projects\elasticsearch\x-pack\plugin\core\src\test\java\org\elasticsearch\license\XPackLicenseStateTests.java,dataset/projects/elasticsearch/x-pack/plugin/core/src/test/java/org/elasticsearch/license/XPackLicenseStateTests.java,XPackLicenseStateTests.java,XPackLicenseStateTests,"""
        TODO: this does not yet work because the active comes before expiry check as a chance
        String warningExpired =  warning: license expired ;
        licenseState.update(licenseLevel, false, warningExpired);
        feature.check(licenseState);
        assertWarnings(warningExpired);
         """
GitHub,relation_test_code_smell_ML,C:\Users\ismak\Documents\GitHub\relation_test_code_smell_ML\dataset\projects\elasticsearch\x-pack\plugin\core\src\test\java\org\elasticsearch\xpack\core\action\SetResetModeActionRequestTests.java,dataset/projects/elasticsearch/x-pack/plugin/core/src/test/java/org/elasticsearch/xpack/core/action/SetResetModeActionRequestTests.java,SetResetModeActionRequestTests.java,SetResetModeActionRequestTests,""" TODO implement https://github.com/elastic/elasticsearch/issues/25929"""
GitHub,relation_test_code_smell_ML,C:\Users\ismak\Documents\GitHub\relation_test_code_smell_ML\dataset\projects\elasticsearch\x-pack\plugin\core\src\test\java\org\elasticsearch\xpack\core\action\TimeSeriesUsageTransportActionTests.java,dataset/projects/elasticsearch/x-pack/plugin/core/src/test/java/org/elasticsearch/xpack/core/action/TimeSeriesUsageTransportActionTests.java,TimeSeriesUsageTransportActionTests.java,TimeSeriesUsageTransportActionTests,""" ... but not needed"""
GitHub,relation_test_code_smell_ML,C:\Users\ismak\Documents\GitHub\relation_test_code_smell_ML\dataset\projects\elasticsearch\x-pack\plugin\core\src\test\java\org\elasticsearch\xpack\core\action\TimeSeriesUsageTransportActionTests.java,dataset/projects/elasticsearch/x-pack/plugin/core/src/test/java/org/elasticsearch/xpack/core/action/TimeSeriesUsageTransportActionTests.java,TimeSeriesUsageTransportActionTests.java,TimeSeriesUsageTransportActionTests,""" Explicitly disabled but not needed"""
GitHub,relation_test_code_smell_ML,C:\Users\ismak\Documents\GitHub\relation_test_code_smell_ML\dataset\projects\elasticsearch\x-pack\plugin\core\src\test\java\org\elasticsearch\xpack\core\action\TimeSeriesUsageTransportActionTests.java,dataset/projects/elasticsearch/x-pack/plugin/core/src/test/java/org/elasticsearch/xpack/core/action/TimeSeriesUsageTransportActionTests.java,TimeSeriesUsageTransportActionTests.java,TimeSeriesUsageTransportActionTests,""" Unspecified and needed"""
GitHub,relation_test_code_smell_ML,C:\Users\ismak\Documents\GitHub\relation_test_code_smell_ML\dataset\projects\elasticsearch\x-pack\plugin\core\src\test\java\org\elasticsearch\xpack\core\action\TimeSeriesUsageTransportActionTests.java,dataset/projects/elasticsearch/x-pack/plugin/core/src/test/java/org/elasticsearch/xpack/core/action/TimeSeriesUsageTransportActionTests.java,TimeSeriesUsageTransportActionTests.java,TimeSeriesUsageTransportActionTests,""" Unspecified and not needed"""
GitHub,relation_test_code_smell_ML,C:\Users\ismak\Documents\GitHub\relation_test_code_smell_ML\dataset\projects\elasticsearch\x-pack\plugin\core\src\test\java\org\elasticsearch\xpack\core\analytics\mapper\TDigestFieldBlockLoaderTests.java,dataset/projects/elasticsearch/x-pack/plugin/core/src/test/java/org/elasticsearch/xpack/core/analytics/mapper/TDigestFieldBlockLoaderTests.java,TDigestFieldBlockLoaderTests.java,TDigestFieldBlockLoaderTests,""" TODO - refactor this, it's duplicated from the parser"""
GitHub,relation_test_code_smell_ML,C:\Users\ismak\Documents\GitHub\relation_test_code_smell_ML\dataset\projects\elasticsearch\x-pack\plugin\core\src\test\java\org\elasticsearch\xpack\core\async\AsyncSearchIndexServiceTests.java,dataset/projects/elasticsearch/x-pack/plugin/core/src/test/java/org/elasticsearch/xpack/core/async/AsyncSearchIndexServiceTests.java,AsyncSearchIndexServiceTests.java,AdjustableLimitCircuitBreaker,""" TODO: test CRUD operations"""
GitHub,relation_test_code_smell_ML,C:\Users\ismak\Documents\GitHub\relation_test_code_smell_ML\dataset\projects\elasticsearch\x-pack\plugin\core\src\test\java\org\elasticsearch\xpack\core\async\AsyncTaskServiceTests.java,dataset/projects/elasticsearch/x-pack/plugin/core/src/test/java/org/elasticsearch/xpack/core/async/AsyncTaskServiceTests.java,AsyncTaskServiceTests.java,TestPlugin,""" TODO: test CRUD operations"""
GitHub,relation_test_code_smell_ML,C:\Users\ismak\Documents\GitHub\relation_test_code_smell_ML\dataset\projects\elasticsearch\x-pack\plugin\core\src\test\java\org\elasticsearch\xpack\core\async\GetAsyncResultRequestTests.java,dataset/projects/elasticsearch/x-pack/plugin/core/src/test/java/org/elasticsearch/xpack/core/async/GetAsyncResultRequestTests.java,GetAsyncResultRequestTests.java,GetAsyncResultRequestTests,""" TODO implement https://github.com/elastic/elasticsearch/issues/25929"""
GitHub,relation_test_code_smell_ML,C:\Users\ismak\Documents\GitHub\relation_test_code_smell_ML\dataset\projects\elasticsearch\x-pack\plugin\core\src\test\java\org\elasticsearch\xpack\core\ccr\action\ShardFollowTaskTests.java,dataset/projects/elasticsearch/x-pack/plugin/core/src/test/java/org/elasticsearch/xpack/core/ccr/action/ShardFollowTaskTests.java,ShardFollowTaskTests.java,ShardFollowTaskTests,""" TODO implement https://github.com/elastic/elasticsearch/issues/25929"""
GitHub,relation_test_code_smell_ML,C:\Users\ismak\Documents\GitHub\relation_test_code_smell_ML\dataset\projects\elasticsearch\x-pack\plugin\core\src\test\java\org\elasticsearch\xpack\core\common\notifications\AbstractAuditorTests.java,dataset/projects/elasticsearch/x-pack/plugin/core/src/test/java/org/elasticsearch/xpack/core/common/notifications/AbstractAuditorTests.java,AbstractAuditorTests.java,TestAuditor,""" mock was needed for the first round to avoid blocking the test thread, but"""
GitHub,relation_test_code_smell_ML,C:\Users\ismak\Documents\GitHub\relation_test_code_smell_ML\dataset\projects\elasticsearch\x-pack\plugin\core\src\test\java\org\elasticsearch\xpack\core\common\stats\EnumCountersTests.java,dataset/projects/elasticsearch/x-pack/plugin/core/src/test/java/org/elasticsearch/xpack/core/common/stats/EnumCountersTests.java,EnumCountersTests.java,EnumCountersTests,""" TODO implement https://github.com/elastic/elasticsearch/issues/25929"""
GitHub,relation_test_code_smell_ML,C:\Users\ismak\Documents\GitHub\relation_test_code_smell_ML\dataset\projects\elasticsearch\x-pack\plugin\core\src\test\java\org\elasticsearch\xpack\core\downsample\DownsampleShardPersistentTaskStateTests.java,dataset/projects/elasticsearch/x-pack/plugin/core/src/test/java/org/elasticsearch/xpack/core/downsample/DownsampleShardPersistentTaskStateTests.java,DownsampleShardPersistentTaskStateTests.java,DownsampleShardPersistentTaskStateTests,""" TODO implement https://github.com/elastic/elasticsearch/issues/25929"""
GitHub,relation_test_code_smell_ML,C:\Users\ismak\Documents\GitHub\relation_test_code_smell_ML\dataset\projects\elasticsearch\x-pack\plugin\core\src\test\java\org\elasticsearch\xpack\core\downsample\DownsampleShardStatusSerializingTests.java,dataset/projects/elasticsearch/x-pack/plugin/core/src/test/java/org/elasticsearch/xpack/core/downsample/DownsampleShardStatusSerializingTests.java,DownsampleShardStatusSerializingTests.java,DownsampleShardStatusSerializingTests,""" TODO implement https://github.com/elastic/elasticsearch/issues/25929"""
GitHub,relation_test_code_smell_ML,C:\Users\ismak\Documents\GitHub\relation_test_code_smell_ML\dataset\projects\elasticsearch\x-pack\plugin\core\src\test\java\org\elasticsearch\xpack\core\ilm\DeleteActionTests.java,dataset/projects/elasticsearch/x-pack/plugin/core/src/test/java/org/elasticsearch/xpack/core/ilm/DeleteActionTests.java,DeleteActionTests.java,DeleteActionTests,""" TODO implement https://github.com/elastic/elasticsearch/issues/25929"""
GitHub,relation_test_code_smell_ML,C:\Users\ismak\Documents\GitHub\relation_test_code_smell_ML\dataset\projects\elasticsearch\x-pack\plugin\core\src\test\java\org\elasticsearch\xpack\core\ilm\ReadOnlyActionTests.java,dataset/projects/elasticsearch/x-pack/plugin/core/src/test/java/org/elasticsearch/xpack/core/ilm/ReadOnlyActionTests.java,ReadOnlyActionTests.java,ReadOnlyActionTests,""" TODO implement https://github.com/elastic/elasticsearch/issues/25929"""
GitHub,relation_test_code_smell_ML,C:\Users\ismak\Documents\GitHub\relation_test_code_smell_ML\dataset\projects\elasticsearch\x-pack\plugin\core\src\test\java\org\elasticsearch\xpack\core\ilm\SetPriorityActionTests.java,dataset/projects/elasticsearch/x-pack/plugin/core/src/test/java/org/elasticsearch/xpack/core/ilm/SetPriorityActionTests.java,SetPriorityActionTests.java,SetPriorityActionTests,""" TODO implement https://github.com/elastic/elasticsearch/issues/25929"""
GitHub,relation_test_code_smell_ML,C:\Users\ismak\Documents\GitHub\relation_test_code_smell_ML\dataset\projects\elasticsearch\x-pack\plugin\core\src\test\java\org\elasticsearch\xpack\core\ilm\StartILMRequestTests.java,dataset/projects/elasticsearch/x-pack/plugin/core/src/test/java/org/elasticsearch/xpack/core/ilm/StartILMRequestTests.java,StartILMRequestTests.java,StartILMRequestTests,""" TODO implement https://github.com/elastic/elasticsearch/issues/25929"""
GitHub,relation_test_code_smell_ML,C:\Users\ismak\Documents\GitHub\relation_test_code_smell_ML\dataset\projects\elasticsearch\x-pack\plugin\core\src\test\java\org\elasticsearch\xpack\core\ilm\StopILMRequestTests.java,dataset/projects/elasticsearch/x-pack/plugin/core/src/test/java/org/elasticsearch/xpack/core/ilm/StopILMRequestTests.java,StopILMRequestTests.java,StopILMRequestTests,""" TODO implement https://github.com/elastic/elasticsearch/issues/25929"""
GitHub,relation_test_code_smell_ML,C:\Users\ismak\Documents\GitHub\relation_test_code_smell_ML\dataset\projects\elasticsearch\x-pack\plugin\core\src\test\java\org\elasticsearch\xpack\core\ilm\UnfollowActionTests.java,dataset/projects/elasticsearch/x-pack/plugin/core/src/test/java/org/elasticsearch/xpack/core/ilm/UnfollowActionTests.java,UnfollowActionTests.java,UnfollowActionTests,""" TODO implement https://github.com/elastic/elasticsearch/issues/25929"""
GitHub,relation_test_code_smell_ML,C:\Users\ismak\Documents\GitHub\relation_test_code_smell_ML\dataset\projects\elasticsearch\x-pack\plugin\core\src\test\java\org\elasticsearch\xpack\core\ml\action\CacheInfoTests.java,dataset/projects/elasticsearch/x-pack/plugin/core/src/test/java/org/elasticsearch/xpack/core/ml/action/CacheInfoTests.java,CacheInfoTests.java,CacheInfoTests,""" TODO implement https://github.com/elastic/elasticsearch/issues/25929"""
GitHub,relation_test_code_smell_ML,C:\Users\ismak\Documents\GitHub\relation_test_code_smell_ML\dataset\projects\elasticsearch\x-pack\plugin\core\src\test\java\org\elasticsearch\xpack\core\ml\action\CancelJobModelSnapshotUpgradeActionRequestTests.java,dataset/projects/elasticsearch/x-pack/plugin/core/src/test/java/org/elasticsearch/xpack/core/ml/action/CancelJobModelSnapshotUpgradeActionRequestTests.java,CancelJobModelSnapshotUpgradeActionRequestTests.java,CancelJobModelSnapshotUpgradeActionRequestTests,""" TODO implement https://github.com/elastic/elasticsearch/issues/25929"""
GitHub,relation_test_code_smell_ML,C:\Users\ismak\Documents\GitHub\relation_test_code_smell_ML\dataset\projects\elasticsearch\x-pack\plugin\core\src\test\java\org\elasticsearch\xpack\core\ml\action\CancelJobModelSnapshotUpgradeActionResponseTests.java,dataset/projects/elasticsearch/x-pack/plugin/core/src/test/java/org/elasticsearch/xpack/core/ml/action/CancelJobModelSnapshotUpgradeActionResponseTests.java,CancelJobModelSnapshotUpgradeActionResponseTests.java,CancelJobModelSnapshotUpgradeActionResponseTests,""" TODO implement https://github.com/elastic/elasticsearch/issues/25929"""
GitHub,relation_test_code_smell_ML,C:\Users\ismak\Documents\GitHub\relation_test_code_smell_ML\dataset\projects\elasticsearch\x-pack\plugin\core\src\test\java\org\elasticsearch\xpack\core\ml\action\ClearDeploymentCacheActionRequestTests.java,dataset/projects/elasticsearch/x-pack/plugin/core/src/test/java/org/elasticsearch/xpack/core/ml/action/ClearDeploymentCacheActionRequestTests.java,ClearDeploymentCacheActionRequestTests.java,ClearDeploymentCacheActionRequestTests,""" TODO implement https://github.com/elastic/elasticsearch/issues/25929"""
GitHub,relation_test_code_smell_ML,C:\Users\ismak\Documents\GitHub\relation_test_code_smell_ML\dataset\projects\elasticsearch\x-pack\plugin\core\src\test\java\org\elasticsearch\xpack\core\ml\action\ClearDeploymentCacheActionResponseTests.java,dataset/projects/elasticsearch/x-pack/plugin/core/src/test/java/org/elasticsearch/xpack/core/ml/action/ClearDeploymentCacheActionResponseTests.java,ClearDeploymentCacheActionResponseTests.java,ClearDeploymentCacheActionResponseTests,""" TODO implement https://github.com/elastic/elasticsearch/issues/25929"""
GitHub,relation_test_code_smell_ML,C:\Users\ismak\Documents\GitHub\relation_test_code_smell_ML\dataset\projects\elasticsearch\x-pack\plugin\core\src\test\java\org\elasticsearch\xpack\core\ml\action\CloseJobActionRequestTests.java,dataset/projects/elasticsearch/x-pack/plugin/core/src/test/java/org/elasticsearch/xpack/core/ml/action/CloseJobActionRequestTests.java,CloseJobActionRequestTests.java,CloseJobActionRequestTests,""" TODO implement https://github.com/elastic/elasticsearch/issues/25929"""
GitHub,relation_test_code_smell_ML,C:\Users\ismak\Documents\GitHub\relation_test_code_smell_ML\dataset\projects\elasticsearch\x-pack\plugin\core\src\test\java\org\elasticsearch\xpack\core\ml\action\CloseJobActionResponseTests.java,dataset/projects/elasticsearch/x-pack/plugin/core/src/test/java/org/elasticsearch/xpack/core/ml/action/CloseJobActionResponseTests.java,CloseJobActionResponseTests.java,CloseJobActionResponseTests,""" TODO implement https://github.com/elastic/elasticsearch/issues/25929"""
GitHub,relation_test_code_smell_ML,C:\Users\ismak\Documents\GitHub\relation_test_code_smell_ML\dataset\projects\elasticsearch\x-pack\plugin\core\src\test\java\org\elasticsearch\xpack\core\ml\action\CreateTrainedModelAssignmentActionRequestTests.java,dataset/projects/elasticsearch/x-pack/plugin/core/src/test/java/org/elasticsearch/xpack/core/ml/action/CreateTrainedModelAssignmentActionRequestTests.java,CreateTrainedModelAssignmentActionRequestTests.java,CreateTrainedModelAssignmentActionRequestTests,""" TODO implement https://github.com/elastic/elasticsearch/issues/25929"""
GitHub,relation_test_code_smell_ML,C:\Users\ismak\Documents\GitHub\relation_test_code_smell_ML\dataset\projects\elasticsearch\x-pack\plugin\core\src\test\java\org\elasticsearch\xpack\core\ml\action\CreateTrainedModelAssignmentActionResponseTests.java,dataset/projects/elasticsearch/x-pack/plugin/core/src/test/java/org/elasticsearch/xpack/core/ml/action/CreateTrainedModelAssignmentActionResponseTests.java,CreateTrainedModelAssignmentActionResponseTests.java,CreateTrainedModelAssignmentActionResponseTests,""" TODO implement https://github.com/elastic/elasticsearch/issues/25929"""
GitHub,relation_test_code_smell_ML,C:\Users\ismak\Documents\GitHub\relation_test_code_smell_ML\dataset\projects\elasticsearch\x-pack\plugin\core\src\test\java\org\elasticsearch\xpack\core\ml\action\DatafeedParamsTests.java,dataset/projects/elasticsearch/x-pack/plugin/core/src/test/java/org/elasticsearch/xpack/core/ml/action/DatafeedParamsTests.java,DatafeedParamsTests.java,DatafeedParamsTests,""" TODO implement https://github.com/elastic/elasticsearch/issues/25929"""
GitHub,relation_test_code_smell_ML,C:\Users\ismak\Documents\GitHub\relation_test_code_smell_ML\dataset\projects\elasticsearch\x-pack\plugin\core\src\test\java\org\elasticsearch\xpack\core\ml\action\DeleteCalendarEventActionRequestTests.java,dataset/projects/elasticsearch/x-pack/plugin/core/src/test/java/org/elasticsearch/xpack/core/ml/action/DeleteCalendarEventActionRequestTests.java,DeleteCalendarEventActionRequestTests.java,DeleteCalendarEventActionRequestTests,""" TODO implement https://github.com/elastic/elasticsearch/issues/25929"""
GitHub,relation_test_code_smell_ML,C:\Users\ismak\Documents\GitHub\relation_test_code_smell_ML\dataset\projects\elasticsearch\x-pack\plugin\core\src\test\java\org\elasticsearch\xpack\core\ml\action\DeleteDatafeedRequestTests.java,dataset/projects/elasticsearch/x-pack/plugin/core/src/test/java/org/elasticsearch/xpack/core/ml/action/DeleteDatafeedRequestTests.java,DeleteDatafeedRequestTests.java,DeleteDatafeedRequestTests,""" TODO implement https://github.com/elastic/elasticsearch/issues/25929"""
GitHub,relation_test_code_smell_ML,C:\Users\ismak\Documents\GitHub\relation_test_code_smell_ML\dataset\projects\elasticsearch\x-pack\plugin\core\src\test\java\org\elasticsearch\xpack\core\ml\action\DeleteDataFrameAnalyticsActionRequestTests.java,dataset/projects/elasticsearch/x-pack/plugin/core/src/test/java/org/elasticsearch/xpack/core/ml/action/DeleteDataFrameAnalyticsActionRequestTests.java,DeleteDataFrameAnalyticsActionRequestTests.java,DeleteDataFrameAnalyticsActionRequestTests,""" TODO implement https://github.com/elastic/elasticsearch/issues/25929"""
GitHub,relation_test_code_smell_ML,C:\Users\ismak\Documents\GitHub\relation_test_code_smell_ML\dataset\projects\elasticsearch\x-pack\plugin\core\src\test\java\org\elasticsearch\xpack\core\ml\action\DeleteExpiredDataActionRequestTests.java,dataset/projects/elasticsearch/x-pack/plugin/core/src/test/java/org/elasticsearch/xpack/core/ml/action/DeleteExpiredDataActionRequestTests.java,DeleteExpiredDataActionRequestTests.java,DeleteExpiredDataActionRequestTests,""" TODO implement https://github.com/elastic/elasticsearch/issues/25929"""
GitHub,relation_test_code_smell_ML,C:\Users\ismak\Documents\GitHub\relation_test_code_smell_ML\dataset\projects\elasticsearch\x-pack\plugin\core\src\test\java\org\elasticsearch\xpack\core\ml\action\DeleteExpiredDataActionResponseTests.java,dataset/projects/elasticsearch/x-pack/plugin/core/src/test/java/org/elasticsearch/xpack/core/ml/action/DeleteExpiredDataActionResponseTests.java,DeleteExpiredDataActionResponseTests.java,DeleteExpiredDataActionResponseTests,""" TODO implement https://github.com/elastic/elasticsearch/issues/25929"""
GitHub,relation_test_code_smell_ML,C:\Users\ismak\Documents\GitHub\relation_test_code_smell_ML\dataset\projects\elasticsearch\x-pack\plugin\core\src\test\java\org\elasticsearch\xpack\core\ml\action\DeleteJobRequestTests.java,dataset/projects/elasticsearch/x-pack/plugin/core/src/test/java/org/elasticsearch/xpack/core/ml/action/DeleteJobRequestTests.java,DeleteJobRequestTests.java,DeleteJobRequestTests,""" TODO implement https://github.com/elastic/elasticsearch/issues/25929"""
GitHub,relation_test_code_smell_ML,C:\Users\ismak\Documents\GitHub\relation_test_code_smell_ML\dataset\projects\elasticsearch\x-pack\plugin\core\src\test\java\org\elasticsearch\xpack\core\ml\action\DeleteTrainedModelAliasActionRequestTests.java,dataset/projects/elasticsearch/x-pack/plugin/core/src/test/java/org/elasticsearch/xpack/core/ml/action/DeleteTrainedModelAliasActionRequestTests.java,DeleteTrainedModelAliasActionRequestTests.java,DeleteTrainedModelAliasActionRequestTests,""" TODO implement https://github.com/elastic/elasticsearch/issues/25929"""
GitHub,relation_test_code_smell_ML,C:\Users\ismak\Documents\GitHub\relation_test_code_smell_ML\dataset\projects\elasticsearch\x-pack\plugin\core\src\test\java\org\elasticsearch\xpack\core\ml\action\DeleteTrainedModelAssignmentActionRequestTests.java,dataset/projects/elasticsearch/x-pack/plugin/core/src/test/java/org/elasticsearch/xpack/core/ml/action/DeleteTrainedModelAssignmentActionRequestTests.java,DeleteTrainedModelAssignmentActionRequestTests.java,DeleteTrainedModelAssignmentActionRequestTests,""" TODO implement https://github.com/elastic/elasticsearch/issues/25929"""
GitHub,relation_test_code_smell_ML,C:\Users\ismak\Documents\GitHub\relation_test_code_smell_ML\dataset\projects\elasticsearch\x-pack\plugin\core\src\test\java\org\elasticsearch\xpack\core\ml\action\DeleteTrainedModelsRequestTests.java,dataset/projects/elasticsearch/x-pack/plugin/core/src/test/java/org/elasticsearch/xpack/core/ml/action/DeleteTrainedModelsRequestTests.java,DeleteTrainedModelsRequestTests.java,DeleteTrainedModelsRequestTests,""" TODO implement https://github.com/elastic/elasticsearch/issues/25929"""
GitHub,relation_test_code_smell_ML,C:\Users\ismak\Documents\GitHub\relation_test_code_smell_ML\dataset\projects\elasticsearch\x-pack\plugin\core\src\test\java\org\elasticsearch\xpack\core\ml\action\EvaluateDataFrameActionRequestTests.java,dataset/projects/elasticsearch/x-pack/plugin/core/src/test/java/org/elasticsearch/xpack/core/ml/action/EvaluateDataFrameActionRequestTests.java,EvaluateDataFrameActionRequestTests.java,EvaluateDataFrameActionRequestTests,""" TODO implement https://github.com/elastic/elasticsearch/issues/25929"""
GitHub,relation_test_code_smell_ML,C:\Users\ismak\Documents\GitHub\relation_test_code_smell_ML\dataset\projects\elasticsearch\x-pack\plugin\core\src\test\java\org\elasticsearch\xpack\core\ml\action\ExplainDataFrameAnalyticsActionResponseTests.java,dataset/projects/elasticsearch/x-pack/plugin/core/src/test/java/org/elasticsearch/xpack/core/ml/action/ExplainDataFrameAnalyticsActionResponseTests.java,ExplainDataFrameAnalyticsActionResponseTests.java,ExplainDataFrameAnalyticsActionResponseTests,""" TODO implement https://github.com/elastic/elasticsearch/issues/25929"""
GitHub,relation_test_code_smell_ML,C:\Users\ismak\Documents\GitHub\relation_test_code_smell_ML\dataset\projects\elasticsearch\x-pack\plugin\core\src\test\java\org\elasticsearch\xpack\core\ml\action\FlushJobActionRequestTests.java,dataset/projects/elasticsearch/x-pack/plugin/core/src/test/java/org/elasticsearch/xpack/core/ml/action/FlushJobActionRequestTests.java,FlushJobActionRequestTests.java,FlushJobActionRequestTests,""" TODO implement https://github.com/elastic/elasticsearch/issues/25929"""
GitHub,relation_test_code_smell_ML,C:\Users\ismak\Documents\GitHub\relation_test_code_smell_ML\dataset\projects\elasticsearch\x-pack\plugin\core\src\test\java\org\elasticsearch\xpack\core\ml\action\ForecastJobActionRequestTests.java,dataset/projects/elasticsearch/x-pack/plugin/core/src/test/java/org/elasticsearch/xpack/core/ml/action/ForecastJobActionRequestTests.java,ForecastJobActionRequestTests.java,ForecastJobActionRequestTests,""" TODO implement https://github.com/elastic/elasticsearch/issues/25929"""
GitHub,relation_test_code_smell_ML,C:\Users\ismak\Documents\GitHub\relation_test_code_smell_ML\dataset\projects\elasticsearch\x-pack\plugin\core\src\test\java\org\elasticsearch\xpack\core\ml\action\ForecastJobActionResponseTests.java,dataset/projects/elasticsearch/x-pack/plugin/core/src/test/java/org/elasticsearch/xpack/core/ml/action/ForecastJobActionResponseTests.java,ForecastJobActionResponseTests.java,ForecastJobActionResponseTests,""" TODO implement https://github.com/elastic/elasticsearch/issues/25929"""
GitHub,relation_test_code_smell_ML,C:\Users\ismak\Documents\GitHub\relation_test_code_smell_ML\dataset\projects\elasticsearch\x-pack\plugin\core\src\test\java\org\elasticsearch\xpack\core\ml\action\GetBucketActionRequestTests.java,dataset/projects/elasticsearch/x-pack/plugin/core/src/test/java/org/elasticsearch/xpack/core/ml/action/GetBucketActionRequestTests.java,GetBucketActionRequestTests.java,GetBucketActionRequestTests,""" TODO implement https://github.com/elastic/elasticsearch/issues/25929"""
GitHub,relation_test_code_smell_ML,C:\Users\ismak\Documents\GitHub\relation_test_code_smell_ML\dataset\projects\elasticsearch\x-pack\plugin\core\src\test\java\org\elasticsearch\xpack\core\ml\action\GetBucketActionResponseTests.java,dataset/projects/elasticsearch/x-pack/plugin/core/src/test/java/org/elasticsearch/xpack/core/ml/action/GetBucketActionResponseTests.java,GetBucketActionResponseTests.java,GetBucketActionResponseTests,""" TODO implement https://github.com/elastic/elasticsearch/issues/25929"""
GitHub,relation_test_code_smell_ML,C:\Users\ismak\Documents\GitHub\relation_test_code_smell_ML\dataset\projects\elasticsearch\x-pack\plugin\core\src\test\java\org\elasticsearch\xpack\core\ml\action\GetCalendarEventsActionRequestTests.java,dataset/projects/elasticsearch/x-pack/plugin/core/src/test/java/org/elasticsearch/xpack/core/ml/action/GetCalendarEventsActionRequestTests.java,GetCalendarEventsActionRequestTests.java,GetCalendarEventsActionRequestTests,""" TODO implement https://github.com/elastic/elasticsearch/issues/25929"""
GitHub,relation_test_code_smell_ML,C:\Users\ismak\Documents\GitHub\relation_test_code_smell_ML\dataset\projects\elasticsearch\x-pack\plugin\core\src\test\java\org\elasticsearch\xpack\core\ml\action\GetCalendarsActionRequestTests.java,dataset/projects/elasticsearch/x-pack/plugin/core/src/test/java/org/elasticsearch/xpack/core/ml/action/GetCalendarsActionRequestTests.java,GetCalendarsActionRequestTests.java,GetCalendarsActionRequestTests,""" TODO implement https://github.com/elastic/elasticsearch/issues/25929"""
GitHub,relation_test_code_smell_ML,C:\Users\ismak\Documents\GitHub\relation_test_code_smell_ML\dataset\projects\elasticsearch\x-pack\plugin\core\src\test\java\org\elasticsearch\xpack\core\ml\action\GetCategoriesRequestTests.java,dataset/projects/elasticsearch/x-pack/plugin/core/src/test/java/org/elasticsearch/xpack/core/ml/action/GetCategoriesRequestTests.java,GetCategoriesRequestTests.java,GetCategoriesRequestTests,""" TODO implement https://github.com/elastic/elasticsearch/issues/25929"""
GitHub,relation_test_code_smell_ML,C:\Users\ismak\Documents\GitHub\relation_test_code_smell_ML\dataset\projects\elasticsearch\x-pack\plugin\core\src\test\java\org\elasticsearch\xpack\core\ml\action\GetCategoriesResponseTests.java,dataset/projects/elasticsearch/x-pack/plugin/core/src/test/java/org/elasticsearch/xpack/core/ml/action/GetCategoriesResponseTests.java,GetCategoriesResponseTests.java,GetCategoriesResponseTests,""" TODO implement https://github.com/elastic/elasticsearch/issues/25929"""
GitHub,relation_test_code_smell_ML,C:\Users\ismak\Documents\GitHub\relation_test_code_smell_ML\dataset\projects\elasticsearch\x-pack\plugin\core\src\test\java\org\elasticsearch\xpack\core\ml\action\GetDatafeedRunningStateActionResponseTests.java,dataset/projects/elasticsearch/x-pack/plugin/core/src/test/java/org/elasticsearch/xpack/core/ml/action/GetDatafeedRunningStateActionResponseTests.java,GetDatafeedRunningStateActionResponseTests.java,GetDatafeedRunningStateActionResponseTests,""" TODO implement https://github.com/elastic/elasticsearch/issues/25929"""
GitHub,relation_test_code_smell_ML,C:\Users\ismak\Documents\GitHub\relation_test_code_smell_ML\dataset\projects\elasticsearch\x-pack\plugin\core\src\test\java\org\elasticsearch\xpack\core\ml\action\GetDatafeedsActionRequestTests.java,dataset/projects/elasticsearch/x-pack/plugin/core/src/test/java/org/elasticsearch/xpack/core/ml/action/GetDatafeedsActionRequestTests.java,GetDatafeedsActionRequestTests.java,GetDatafeedsActionRequestTests,""" TODO implement https://github.com/elastic/elasticsearch/issues/25929"""
GitHub,relation_test_code_smell_ML,C:\Users\ismak\Documents\GitHub\relation_test_code_smell_ML\dataset\projects\elasticsearch\x-pack\plugin\core\src\test\java\org\elasticsearch\xpack\core\ml\action\GetDatafeedsActionResponseTests.java,dataset/projects/elasticsearch/x-pack/plugin/core/src/test/java/org/elasticsearch/xpack/core/ml/action/GetDatafeedsActionResponseTests.java,GetDatafeedsActionResponseTests.java,GetDatafeedsActionResponseTests,""" TODO implement https://github.com/elastic/elasticsearch/issues/25929"""
GitHub,relation_test_code_smell_ML,C:\Users\ismak\Documents\GitHub\relation_test_code_smell_ML\dataset\projects\elasticsearch\x-pack\plugin\core\src\test\java\org\elasticsearch\xpack\core\ml\action\GetDatafeedStatsActionRequestTests.java,dataset/projects/elasticsearch/x-pack/plugin/core/src/test/java/org/elasticsearch/xpack/core/ml/action/GetDatafeedStatsActionRequestTests.java,GetDatafeedStatsActionRequestTests.java,GetDatafeedStatsActionRequestTests,""" TODO implement https://github.com/elastic/elasticsearch/issues/25929"""
GitHub,relation_test_code_smell_ML,C:\Users\ismak\Documents\GitHub\relation_test_code_smell_ML\dataset\projects\elasticsearch\x-pack\plugin\core\src\test\java\org\elasticsearch\xpack\core\ml\action\GetDatafeedStatsActionResponseTests.java,dataset/projects/elasticsearch/x-pack/plugin/core/src/test/java/org/elasticsearch/xpack/core/ml/action/GetDatafeedStatsActionResponseTests.java,GetDatafeedStatsActionResponseTests.java,GetDatafeedStatsActionResponseTests,""" TODO implement https://github.com/elastic/elasticsearch/issues/25929"""
GitHub,relation_test_code_smell_ML,C:\Users\ismak\Documents\GitHub\relation_test_code_smell_ML\dataset\projects\elasticsearch\x-pack\plugin\core\src\test\java\org\elasticsearch\xpack\core\ml\action\GetDataFrameAnalyticsActionResponseTests.java,dataset/projects/elasticsearch/x-pack/plugin/core/src/test/java/org/elasticsearch/xpack/core/ml/action/GetDataFrameAnalyticsActionResponseTests.java,GetDataFrameAnalyticsActionResponseTests.java,GetDataFrameAnalyticsActionResponseTests,""" TODO implement https://github.com/elastic/elasticsearch/issues/25929"""
GitHub,relation_test_code_smell_ML,C:\Users\ismak\Documents\GitHub\relation_test_code_smell_ML\dataset\projects\elasticsearch\x-pack\plugin\core\src\test\java\org\elasticsearch\xpack\core\ml\action\GetDataFrameAnalyticsRequestTests.java,dataset/projects/elasticsearch/x-pack/plugin/core/src/test/java/org/elasticsearch/xpack/core/ml/action/GetDataFrameAnalyticsRequestTests.java,GetDataFrameAnalyticsRequestTests.java,GetDataFrameAnalyticsRequestTests,""" TODO implement https://github.com/elastic/elasticsearch/issues/25929"""
GitHub,relation_test_code_smell_ML,C:\Users\ismak\Documents\GitHub\relation_test_code_smell_ML\dataset\projects\elasticsearch\x-pack\plugin\core\src\test\java\org\elasticsearch\xpack\core\ml\action\GetDataFrameAnalyticsStatsActionResponseTests.java,dataset/projects/elasticsearch/x-pack/plugin/core/src/test/java/org/elasticsearch/xpack/core/ml/action/GetDataFrameAnalyticsStatsActionResponseTests.java,GetDataFrameAnalyticsStatsActionResponseTests.java,GetDataFrameAnalyticsStatsActionResponseTests,""" TODO implement https://github.com/elastic/elasticsearch/issues/25929"""
GitHub,relation_test_code_smell_ML,C:\Users\ismak\Documents\GitHub\relation_test_code_smell_ML\dataset\projects\elasticsearch\x-pack\plugin\core\src\test\java\org\elasticsearch\xpack\core\ml\action\GetDataFrameAnalyticsStatsRequestTests.java,dataset/projects/elasticsearch/x-pack/plugin/core/src/test/java/org/elasticsearch/xpack/core/ml/action/GetDataFrameAnalyticsStatsRequestTests.java,GetDataFrameAnalyticsStatsRequestTests.java,GetDataFrameAnalyticsStatsRequestTests,""" TODO implement https://github.com/elastic/elasticsearch/issues/25929"""
GitHub,relation_test_code_smell_ML,C:\Users\ismak\Documents\GitHub\relation_test_code_smell_ML\dataset\projects\elasticsearch\x-pack\plugin\core\src\test\java\org\elasticsearch\xpack\core\ml\action\GetDeploymentStatsActionRequestTests.java,dataset/projects/elasticsearch/x-pack/plugin/core/src/test/java/org/elasticsearch/xpack/core/ml/action/GetDeploymentStatsActionRequestTests.java,GetDeploymentStatsActionRequestTests.java,GetDeploymentStatsActionRequestTests,""" TODO implement https://github.com/elastic/elasticsearch/issues/25929"""
GitHub,relation_test_code_smell_ML,C:\Users\ismak\Documents\GitHub\relation_test_code_smell_ML\dataset\projects\elasticsearch\x-pack\plugin\core\src\test\java\org\elasticsearch\xpack\core\ml\action\GetDeploymentStatsActionResponseTests.java,dataset/projects/elasticsearch/x-pack/plugin/core/src/test/java/org/elasticsearch/xpack/core/ml/action/GetDeploymentStatsActionResponseTests.java,GetDeploymentStatsActionResponseTests.java,GetDeploymentStatsActionResponseTests,""" TODO implement https://github.com/elastic/elasticsearch/issues/25929"""
GitHub,relation_test_code_smell_ML,C:\Users\ismak\Documents\GitHub\relation_test_code_smell_ML\dataset\projects\elasticsearch\x-pack\plugin\core\src\test\java\org\elasticsearch\xpack\core\ml\action\GetFiltersActionRequestTests.java,dataset/projects/elasticsearch/x-pack/plugin/core/src/test/java/org/elasticsearch/xpack/core/ml/action/GetFiltersActionRequestTests.java,GetFiltersActionRequestTests.java,GetFiltersActionRequestTests,""" TODO implement https://github.com/elastic/elasticsearch/issues/25929"""
GitHub,relation_test_code_smell_ML,C:\Users\ismak\Documents\GitHub\relation_test_code_smell_ML\dataset\projects\elasticsearch\x-pack\plugin\core\src\test\java\org\elasticsearch\xpack\core\ml\action\GetFiltersActionResponseTests.java,dataset/projects/elasticsearch/x-pack/plugin/core/src/test/java/org/elasticsearch/xpack/core/ml/action/GetFiltersActionResponseTests.java,GetFiltersActionResponseTests.java,GetFiltersActionResponseTests,""" TODO implement https://github.com/elastic/elasticsearch/issues/25929"""
GitHub,relation_test_code_smell_ML,C:\Users\ismak\Documents\GitHub\relation_test_code_smell_ML\dataset\projects\elasticsearch\x-pack\plugin\core\src\test\java\org\elasticsearch\xpack\core\ml\action\GetInfluencersActionRequestTests.java,dataset/projects/elasticsearch/x-pack/plugin/core/src/test/java/org/elasticsearch/xpack/core/ml/action/GetInfluencersActionRequestTests.java,GetInfluencersActionRequestTests.java,GetInfluencersActionRequestTests,""" TODO implement https://github.com/elastic/elasticsearch/issues/25929"""
GitHub,relation_test_code_smell_ML,C:\Users\ismak\Documents\GitHub\relation_test_code_smell_ML\dataset\projects\elasticsearch\x-pack\plugin\core\src\test\java\org\elasticsearch\xpack\core\ml\action\GetInfluencersActionResponseTests.java,dataset/projects/elasticsearch/x-pack/plugin/core/src/test/java/org/elasticsearch/xpack/core/ml/action/GetInfluencersActionResponseTests.java,GetInfluencersActionResponseTests.java,GetInfluencersActionResponseTests,""" TODO implement https://github.com/elastic/elasticsearch/issues/25929"""
GitHub,relation_test_code_smell_ML,C:\Users\ismak\Documents\GitHub\relation_test_code_smell_ML\dataset\projects\elasticsearch\x-pack\plugin\core\src\test\java\org\elasticsearch\xpack\core\ml\action\GetJobModelSnapshotsUpgradeStatsActionRequestTests.java,dataset/projects/elasticsearch/x-pack/plugin/core/src/test/java/org/elasticsearch/xpack/core/ml/action/GetJobModelSnapshotsUpgradeStatsActionRequestTests.java,GetJobModelSnapshotsUpgradeStatsActionRequestTests.java,GetJobModelSnapshotsUpgradeStatsActionRequestTests,""" TODO implement https://github.com/elastic/elasticsearch/issues/25929"""
GitHub,relation_test_code_smell_ML,C:\Users\ismak\Documents\GitHub\relation_test_code_smell_ML\dataset\projects\elasticsearch\x-pack\plugin\core\src\test\java\org\elasticsearch\xpack\core\ml\action\GetJobModelSnapshotsUpgradeStatsActionResponseTests.java,dataset/projects/elasticsearch/x-pack/plugin/core/src/test/java/org/elasticsearch/xpack/core/ml/action/GetJobModelSnapshotsUpgradeStatsActionResponseTests.java,GetJobModelSnapshotsUpgradeStatsActionResponseTests.java,GetJobModelSnapshotsUpgradeStatsActionResponseTests,""" TODO implement https://github.com/elastic/elasticsearch/issues/25929"""
GitHub,relation_test_code_smell_ML,C:\Users\ismak\Documents\GitHub\relation_test_code_smell_ML\dataset\projects\elasticsearch\x-pack\plugin\core\src\test\java\org\elasticsearch\xpack\core\ml\action\GetJobsActionRequestTests.java,dataset/projects/elasticsearch/x-pack/plugin/core/src/test/java/org/elasticsearch/xpack/core/ml/action/GetJobsActionRequestTests.java,GetJobsActionRequestTests.java,GetJobsActionRequestTests,""" TODO implement https://github.com/elastic/elasticsearch/issues/25929"""
GitHub,relation_test_code_smell_ML,C:\Users\ismak\Documents\GitHub\relation_test_code_smell_ML\dataset\projects\elasticsearch\x-pack\plugin\core\src\test\java\org\elasticsearch\xpack\core\ml\action\GetJobsActionResponseTests.java,dataset/projects/elasticsearch/x-pack/plugin/core/src/test/java/org/elasticsearch/xpack/core/ml/action/GetJobsActionResponseTests.java,GetJobsActionResponseTests.java,GetJobsActionResponseTests,""" TODO implement https://github.com/elastic/elasticsearch/issues/25929"""
GitHub,relation_test_code_smell_ML,C:\Users\ismak\Documents\GitHub\relation_test_code_smell_ML\dataset\projects\elasticsearch\x-pack\plugin\core\src\test\java\org\elasticsearch\xpack\core\ml\action\GetJobStatsActionRequestTests.java,dataset/projects/elasticsearch/x-pack/plugin/core/src/test/java/org/elasticsearch/xpack/core/ml/action/GetJobStatsActionRequestTests.java,GetJobStatsActionRequestTests.java,GetJobStatsActionRequestTests,""" TODO implement https://github.com/elastic/elasticsearch/issues/25929"""
GitHub,relation_test_code_smell_ML,C:\Users\ismak\Documents\GitHub\relation_test_code_smell_ML\dataset\projects\elasticsearch\x-pack\plugin\core\src\test\java\org\elasticsearch\xpack\core\ml\action\GetJobStatsActionResponseTests.java,dataset/projects/elasticsearch/x-pack/plugin/core/src/test/java/org/elasticsearch/xpack/core/ml/action/GetJobStatsActionResponseTests.java,GetJobStatsActionResponseTests.java,GetJobStatsActionResponseTests,""" TODO implement https://github.com/elastic/elasticsearch/issues/25929"""
GitHub,relation_test_code_smell_ML,C:\Users\ismak\Documents\GitHub\relation_test_code_smell_ML\dataset\projects\elasticsearch\x-pack\plugin\core\src\test\java\org\elasticsearch\xpack\core\ml\action\GetMlAutoscalingStatsResponseTests.java,dataset/projects/elasticsearch/x-pack/plugin/core/src/test/java/org/elasticsearch/xpack/core/ml/action/GetMlAutoscalingStatsResponseTests.java,GetMlAutoscalingStatsResponseTests.java,GetMlAutoscalingStatsResponseTests,""" TODO"""
GitHub,relation_test_code_smell_ML,C:\Users\ismak\Documents\GitHub\relation_test_code_smell_ML\dataset\projects\elasticsearch\x-pack\plugin\core\src\test\java\org\elasticsearch\xpack\core\ml\action\GetModelSnapshotsActionRequestTests.java,dataset/projects/elasticsearch/x-pack/plugin/core/src/test/java/org/elasticsearch/xpack/core/ml/action/GetModelSnapshotsActionRequestTests.java,GetModelSnapshotsActionRequestTests.java,GetModelSnapshotsActionRequestTests,""" TODO implement https://github.com/elastic/elasticsearch/issues/25929"""
GitHub,relation_test_code_smell_ML,C:\Users\ismak\Documents\GitHub\relation_test_code_smell_ML\dataset\projects\elasticsearch\x-pack\plugin\core\src\test\java\org\elasticsearch\xpack\core\ml\action\GetModelSnapshotsActionResponseTests.java,dataset/projects/elasticsearch/x-pack/plugin/core/src/test/java/org/elasticsearch/xpack/core/ml/action/GetModelSnapshotsActionResponseTests.java,GetModelSnapshotsActionResponseTests.java,GetModelSnapshotsActionResponseTests,""" TODO implement https://github.com/elastic/elasticsearch/issues/25929"""
GitHub,relation_test_code_smell_ML,C:\Users\ismak\Documents\GitHub\relation_test_code_smell_ML\dataset\projects\elasticsearch\x-pack\plugin\core\src\test\java\org\elasticsearch\xpack\core\ml\action\GetOverallBucketsActionRequestTests.java,dataset/projects/elasticsearch/x-pack/plugin/core/src/test/java/org/elasticsearch/xpack/core/ml/action/GetOverallBucketsActionRequestTests.java,GetOverallBucketsActionRequestTests.java,GetOverallBucketsActionRequestTests,""" TODO implement https://github.com/elastic/elasticsearch/issues/25929"""
GitHub,relation_test_code_smell_ML,C:\Users\ismak\Documents\GitHub\relation_test_code_smell_ML\dataset\projects\elasticsearch\x-pack\plugin\core\src\test\java\org\elasticsearch\xpack\core\ml\action\GetOverallBucketsActionResponseTests.java,dataset/projects/elasticsearch/x-pack/plugin/core/src/test/java/org/elasticsearch/xpack/core/ml/action/GetOverallBucketsActionResponseTests.java,GetOverallBucketsActionResponseTests.java,GetOverallBucketsActionResponseTests,""" TODO implement https://github.com/elastic/elasticsearch/issues/25929"""
GitHub,relation_test_code_smell_ML,C:\Users\ismak\Documents\GitHub\relation_test_code_smell_ML\dataset\projects\elasticsearch\x-pack\plugin\core\src\test\java\org\elasticsearch\xpack\core\ml\action\GetRecordsActionRequestTests.java,dataset/projects/elasticsearch/x-pack/plugin/core/src/test/java/org/elasticsearch/xpack/core/ml/action/GetRecordsActionRequestTests.java,GetRecordsActionRequestTests.java,GetRecordsActionRequestTests,""" TODO implement https://github.com/elastic/elasticsearch/issues/25929"""
GitHub,relation_test_code_smell_ML,C:\Users\ismak\Documents\GitHub\relation_test_code_smell_ML\dataset\projects\elasticsearch\x-pack\plugin\core\src\test\java\org\elasticsearch\xpack\core\ml\action\GetRecordsActionResponseTests.java,dataset/projects/elasticsearch/x-pack/plugin/core/src/test/java/org/elasticsearch/xpack/core/ml/action/GetRecordsActionResponseTests.java,GetRecordsActionResponseTests.java,GetRecordsActionResponseTests,""" TODO implement https://github.com/elastic/elasticsearch/issues/25929"""
GitHub,relation_test_code_smell_ML,C:\Users\ismak\Documents\GitHub\relation_test_code_smell_ML\dataset\projects\elasticsearch\x-pack\plugin\core\src\test\java\org\elasticsearch\xpack\core\ml\action\GetTrainedModelsRequestTests.java,dataset/projects/elasticsearch/x-pack/plugin/core/src/test/java/org/elasticsearch/xpack/core/ml/action/GetTrainedModelsRequestTests.java,GetTrainedModelsRequestTests.java,GetTrainedModelsRequestTests,""" TODO implement https://github.com/elastic/elasticsearch/issues/25929"""
GitHub,relation_test_code_smell_ML,C:\Users\ismak\Documents\GitHub\relation_test_code_smell_ML\dataset\projects\elasticsearch\x-pack\plugin\core\src\test\java\org\elasticsearch\xpack\core\ml\action\GetTrainedModelsStatsActionResponseTests.java,dataset/projects/elasticsearch/x-pack/plugin/core/src/test/java/org/elasticsearch/xpack/core/ml/action/GetTrainedModelsStatsActionResponseTests.java,GetTrainedModelsStatsActionResponseTests.java,GetTrainedModelsStatsActionResponseTests,""" TODO implement https://github.com/elastic/elasticsearch/issues/25929"""
GitHub,relation_test_code_smell_ML,C:\Users\ismak\Documents\GitHub\relation_test_code_smell_ML\dataset\projects\elasticsearch\x-pack\plugin\core\src\test\java\org\elasticsearch\xpack\core\ml\action\InferTrainedModelDeploymentRequestsTests.java,dataset/projects/elasticsearch/x-pack/plugin/core/src/test/java/org/elasticsearch/xpack/core/ml/action/InferTrainedModelDeploymentRequestsTests.java,InferTrainedModelDeploymentRequestsTests.java,InferTrainedModelDeploymentRequestsTests,""" TODO implement https://github.com/elastic/elasticsearch/issues/25929"""
GitHub,relation_test_code_smell_ML,C:\Users\ismak\Documents\GitHub\relation_test_code_smell_ML\dataset\projects\elasticsearch\x-pack\plugin\core\src\test\java\org\elasticsearch\xpack\core\ml\action\InferTrainedModelDeploymentResponseTests.java,dataset/projects/elasticsearch/x-pack/plugin/core/src/test/java/org/elasticsearch/xpack/core/ml/action/InferTrainedModelDeploymentResponseTests.java,InferTrainedModelDeploymentResponseTests.java,InferTrainedModelDeploymentResponseTests,""" TODO implement https://github.com/elastic/elasticsearch/issues/25929"""
GitHub,relation_test_code_smell_ML,C:\Users\ismak\Documents\GitHub\relation_test_code_smell_ML\dataset\projects\elasticsearch\x-pack\plugin\core\src\test\java\org\elasticsearch\xpack\core\ml\action\JobParamsTests.java,dataset/projects/elasticsearch/x-pack/plugin/core/src/test/java/org/elasticsearch/xpack/core/ml/action/JobParamsTests.java,JobParamsTests.java,JobParamsTests,""" TODO implement https://github.com/elastic/elasticsearch/issues/25929"""
GitHub,relation_test_code_smell_ML,C:\Users\ismak\Documents\GitHub\relation_test_code_smell_ML\dataset\projects\elasticsearch\x-pack\plugin\core\src\test\java\org\elasticsearch\xpack\core\ml\action\MlMemoryActionRequestTests.java,dataset/projects/elasticsearch/x-pack/plugin/core/src/test/java/org/elasticsearch/xpack/core/ml/action/MlMemoryActionRequestTests.java,MlMemoryActionRequestTests.java,MlMemoryActionRequestTests,""" TODO implement https://github.com/elastic/elasticsearch/issues/25929"""
GitHub,relation_test_code_smell_ML,C:\Users\ismak\Documents\GitHub\relation_test_code_smell_ML\dataset\projects\elasticsearch\x-pack\plugin\core\src\test\java\org\elasticsearch\xpack\core\ml\action\MlMemoryActionResponseTests.java,dataset/projects/elasticsearch/x-pack/plugin/core/src/test/java/org/elasticsearch/xpack/core/ml/action/MlMemoryActionResponseTests.java,MlMemoryActionResponseTests.java,MlMemoryActionResponseTests,""" TODO implement https://github.com/elastic/elasticsearch/issues/25929"""
GitHub,relation_test_code_smell_ML,C:\Users\ismak\Documents\GitHub\relation_test_code_smell_ML\dataset\projects\elasticsearch\x-pack\plugin\core\src\test\java\org\elasticsearch\xpack\core\ml\action\MlMemoryStatsTests.java,dataset/projects/elasticsearch/x-pack/plugin/core/src/test/java/org/elasticsearch/xpack/core/ml/action/MlMemoryStatsTests.java,MlMemoryStatsTests.java,MlMemoryStatsTests,""" TODO implement https://github.com/elastic/elasticsearch/issues/25929"""
GitHub,relation_test_code_smell_ML,C:\Users\ismak\Documents\GitHub\relation_test_code_smell_ML\dataset\projects\elasticsearch\x-pack\plugin\core\src\test\java\org\elasticsearch\xpack\core\ml\action\OpenJobActionRequestTests.java,dataset/projects/elasticsearch/x-pack/plugin/core/src/test/java/org/elasticsearch/xpack/core/ml/action/OpenJobActionRequestTests.java,OpenJobActionRequestTests.java,OpenJobActionRequestTests,""" TODO implement https://github.com/elastic/elasticsearch/issues/25929"""
GitHub,relation_test_code_smell_ML,C:\Users\ismak\Documents\GitHub\relation_test_code_smell_ML\dataset\projects\elasticsearch\x-pack\plugin\core\src\test\java\org\elasticsearch\xpack\core\ml\action\PersistJobActionRequestTests.java,dataset/projects/elasticsearch/x-pack/plugin/core/src/test/java/org/elasticsearch/xpack/core/ml/action/PersistJobActionRequestTests.java,PersistJobActionRequestTests.java,PersistJobActionRequestTests,""" TODO implement https://github.com/elastic/elasticsearch/issues/25929"""
GitHub,relation_test_code_smell_ML,C:\Users\ismak\Documents\GitHub\relation_test_code_smell_ML\dataset\projects\elasticsearch\x-pack\plugin\core\src\test\java\org\elasticsearch\xpack\core\ml\action\PersistJobActionResponseTests.java,dataset/projects/elasticsearch/x-pack/plugin/core/src/test/java/org/elasticsearch/xpack/core/ml/action/PersistJobActionResponseTests.java,PersistJobActionResponseTests.java,PersistJobActionResponseTests,""" TODO implement https://github.com/elastic/elasticsearch/issues/25929"""
GitHub,relation_test_code_smell_ML,C:\Users\ismak\Documents\GitHub\relation_test_code_smell_ML\dataset\projects\elasticsearch\x-pack\plugin\core\src\test\java\org\elasticsearch\xpack\core\ml\action\PostCalendarEventActionRequestTests.java,dataset/projects/elasticsearch/x-pack/plugin/core/src/test/java/org/elasticsearch/xpack/core/ml/action/PostCalendarEventActionRequestTests.java,PostCalendarEventActionRequestTests.java,PostCalendarEventActionRequestTests,""" TODO implement https://github.com/elastic/elasticsearch/issues/25929"""
GitHub,relation_test_code_smell_ML,C:\Users\ismak\Documents\GitHub\relation_test_code_smell_ML\dataset\projects\elasticsearch\x-pack\plugin\core\src\test\java\org\elasticsearch\xpack\core\ml\action\PostDataActionRequestTests.java,dataset/projects/elasticsearch/x-pack/plugin/core/src/test/java/org/elasticsearch/xpack/core/ml/action/PostDataActionRequestTests.java,PostDataActionRequestTests.java,PostDataActionRequestTests,""" TODO implement https://github.com/elastic/elasticsearch/issues/25929"""
GitHub,relation_test_code_smell_ML,C:\Users\ismak\Documents\GitHub\relation_test_code_smell_ML\dataset\projects\elasticsearch\x-pack\plugin\core\src\test\java\org\elasticsearch\xpack\core\ml\action\PostDataActionResponseTests.java,dataset/projects/elasticsearch/x-pack/plugin/core/src/test/java/org/elasticsearch/xpack/core/ml/action/PostDataActionResponseTests.java,PostDataActionResponseTests.java,PostDataActionResponseTests,""" TODO implement https://github.com/elastic/elasticsearch/issues/25929"""
GitHub,relation_test_code_smell_ML,C:\Users\ismak\Documents\GitHub\relation_test_code_smell_ML\dataset\projects\elasticsearch\x-pack\plugin\core\src\test\java\org\elasticsearch\xpack\core\ml\action\PostDataFlushRequestTests.java,dataset/projects/elasticsearch/x-pack/plugin/core/src/test/java/org/elasticsearch/xpack/core/ml/action/PostDataFlushRequestTests.java,PostDataFlushRequestTests.java,PostDataFlushRequestTests,""" TODO implement https://github.com/elastic/elasticsearch/issues/25929"""
GitHub,relation_test_code_smell_ML,C:\Users\ismak\Documents\GitHub\relation_test_code_smell_ML\dataset\projects\elasticsearch\x-pack\plugin\core\src\test\java\org\elasticsearch\xpack\core\ml\action\PostDataFlushResponseTests.java,dataset/projects/elasticsearch/x-pack/plugin/core/src/test/java/org/elasticsearch/xpack/core/ml/action/PostDataFlushResponseTests.java,PostDataFlushResponseTests.java,PostDataFlushResponseTests,""" TODO implement https://github.com/elastic/elasticsearch/issues/25929"""
GitHub,relation_test_code_smell_ML,C:\Users\ismak\Documents\GitHub\relation_test_code_smell_ML\dataset\projects\elasticsearch\x-pack\plugin\core\src\test\java\org\elasticsearch\xpack\core\ml\action\PreviewDataFrameAnalyticsActionRequestTests.java,dataset/projects/elasticsearch/x-pack/plugin/core/src/test/java/org/elasticsearch/xpack/core/ml/action/PreviewDataFrameAnalyticsActionRequestTests.java,PreviewDataFrameAnalyticsActionRequestTests.java,PreviewDataFrameAnalyticsActionRequestTests,""" TODO implement https://github.com/elastic/elasticsearch/issues/25929"""
GitHub,relation_test_code_smell_ML,C:\Users\ismak\Documents\GitHub\relation_test_code_smell_ML\dataset\projects\elasticsearch\x-pack\plugin\core\src\test\java\org\elasticsearch\xpack\core\ml\action\PreviewDataFrameAnalyticsActionResponseTests.java,dataset/projects/elasticsearch/x-pack/plugin/core/src/test/java/org/elasticsearch/xpack/core/ml/action/PreviewDataFrameAnalyticsActionResponseTests.java,PreviewDataFrameAnalyticsActionResponseTests.java,PreviewDataFrameAnalyticsActionResponseTests,""" TODO implement https://github.com/elastic/elasticsearch/issues/25929"""
GitHub,relation_test_code_smell_ML,C:\Users\ismak\Documents\GitHub\relation_test_code_smell_ML\dataset\projects\elasticsearch\x-pack\plugin\core\src\test\java\org\elasticsearch\xpack\core\ml\action\PutCalendarActionRequestTests.java,dataset/projects/elasticsearch/x-pack/plugin/core/src/test/java/org/elasticsearch/xpack/core/ml/action/PutCalendarActionRequestTests.java,PutCalendarActionRequestTests.java,PutCalendarActionRequestTests,""" TODO implement https://github.com/elastic/elasticsearch/issues/25929"""
GitHub,relation_test_code_smell_ML,C:\Users\ismak\Documents\GitHub\relation_test_code_smell_ML\dataset\projects\elasticsearch\x-pack\plugin\core\src\test\java\org\elasticsearch\xpack\core\ml\action\PutDatafeedActionRequestTests.java,dataset/projects/elasticsearch/x-pack/plugin/core/src/test/java/org/elasticsearch/xpack/core/ml/action/PutDatafeedActionRequestTests.java,PutDatafeedActionRequestTests.java,PutDatafeedActionRequestTests,""" TODO implement https://github.com/elastic/elasticsearch/issues/25929"""
GitHub,relation_test_code_smell_ML,C:\Users\ismak\Documents\GitHub\relation_test_code_smell_ML\dataset\projects\elasticsearch\x-pack\plugin\core\src\test\java\org\elasticsearch\xpack\core\ml\action\PutDatafeedActionResponseTests.java,dataset/projects/elasticsearch/x-pack/plugin/core/src/test/java/org/elasticsearch/xpack/core/ml/action/PutDatafeedActionResponseTests.java,PutDatafeedActionResponseTests.java,PutDatafeedActionResponseTests,""" TODO implement https://github.com/elastic/elasticsearch/issues/25929"""
GitHub,relation_test_code_smell_ML,C:\Users\ismak\Documents\GitHub\relation_test_code_smell_ML\dataset\projects\elasticsearch\x-pack\plugin\core\src\test\java\org\elasticsearch\xpack\core\ml\action\PutDataFrameAnalyticsActionRequestTests.java,dataset/projects/elasticsearch/x-pack/plugin/core/src/test/java/org/elasticsearch/xpack/core/ml/action/PutDataFrameAnalyticsActionRequestTests.java,PutDataFrameAnalyticsActionRequestTests.java,PutDataFrameAnalyticsActionRequestTests,""" TODO implement https://github.com/elastic/elasticsearch/issues/25929"""
GitHub,relation_test_code_smell_ML,C:\Users\ismak\Documents\GitHub\relation_test_code_smell_ML\dataset\projects\elasticsearch\x-pack\plugin\core\src\test\java\org\elasticsearch\xpack\core\ml\action\PutDataFrameAnalyticsActionResponseTests.java,dataset/projects/elasticsearch/x-pack/plugin/core/src/test/java/org/elasticsearch/xpack/core/ml/action/PutDataFrameAnalyticsActionResponseTests.java,PutDataFrameAnalyticsActionResponseTests.java,PutDataFrameAnalyticsActionResponseTests,""" TODO implement https://github.com/elastic/elasticsearch/issues/25929"""
GitHub,relation_test_code_smell_ML,C:\Users\ismak\Documents\GitHub\relation_test_code_smell_ML\dataset\projects\elasticsearch\x-pack\plugin\core\src\test\java\org\elasticsearch\xpack\core\ml\action\PutFilterActionRequestTests.java,dataset/projects/elasticsearch/x-pack/plugin/core/src/test/java/org/elasticsearch/xpack/core/ml/action/PutFilterActionRequestTests.java,PutFilterActionRequestTests.java,PutFilterActionRequestTests,""" TODO implement https://github.com/elastic/elasticsearch/issues/25929"""
GitHub,relation_test_code_smell_ML,C:\Users\ismak\Documents\GitHub\relation_test_code_smell_ML\dataset\projects\elasticsearch\x-pack\plugin\core\src\test\java\org\elasticsearch\xpack\core\ml\action\PutFilterActionResponseTests.java,dataset/projects/elasticsearch/x-pack/plugin/core/src/test/java/org/elasticsearch/xpack/core/ml/action/PutFilterActionResponseTests.java,PutFilterActionResponseTests.java,PutFilterActionResponseTests,""" TODO implement https://github.com/elastic/elasticsearch/issues/25929"""
GitHub,relation_test_code_smell_ML,C:\Users\ismak\Documents\GitHub\relation_test_code_smell_ML\dataset\projects\elasticsearch\x-pack\plugin\core\src\test\java\org\elasticsearch\xpack\core\ml\action\PutJobActionRequestTests.java,dataset/projects/elasticsearch/x-pack/plugin/core/src/test/java/org/elasticsearch/xpack/core/ml/action/PutJobActionRequestTests.java,PutJobActionRequestTests.java,PutJobActionRequestTests,""" TODO implement https://github.com/elastic/elasticsearch/issues/25929"""
GitHub,relation_test_code_smell_ML,C:\Users\ismak\Documents\GitHub\relation_test_code_smell_ML\dataset\projects\elasticsearch\x-pack\plugin\core\src\test\java\org\elasticsearch\xpack\core\ml\action\PutJobActionResponseTests.java,dataset/projects/elasticsearch/x-pack/plugin/core/src/test/java/org/elasticsearch/xpack/core/ml/action/PutJobActionResponseTests.java,PutJobActionResponseTests.java,PutJobActionResponseTests,""" TODO implement https://github.com/elastic/elasticsearch/issues/25929"""
GitHub,relation_test_code_smell_ML,C:\Users\ismak\Documents\GitHub\relation_test_code_smell_ML\dataset\projects\elasticsearch\x-pack\plugin\core\src\test\java\org\elasticsearch\xpack\core\ml\action\PutTrainedModelActionRequestTests.java,dataset/projects/elasticsearch/x-pack/plugin/core/src/test/java/org/elasticsearch/xpack/core/ml/action/PutTrainedModelActionRequestTests.java,PutTrainedModelActionRequestTests.java,PutTrainedModelActionRequestTests,""" TODO implement https://github.com/elastic/elasticsearch/issues/25929"""
GitHub,relation_test_code_smell_ML,C:\Users\ismak\Documents\GitHub\relation_test_code_smell_ML\dataset\projects\elasticsearch\x-pack\plugin\core\src\test\java\org\elasticsearch\xpack\core\ml\action\PutTrainedModelActionResponseTests.java,dataset/projects/elasticsearch/x-pack/plugin/core/src/test/java/org/elasticsearch/xpack/core/ml/action/PutTrainedModelActionResponseTests.java,PutTrainedModelActionResponseTests.java,PutTrainedModelActionResponseTests,""" TODO implement https://github.com/elastic/elasticsearch/issues/25929"""
GitHub,relation_test_code_smell_ML,C:\Users\ismak\Documents\GitHub\relation_test_code_smell_ML\dataset\projects\elasticsearch\x-pack\plugin\core\src\test\java\org\elasticsearch\xpack\core\ml\action\PutTrainedModelDefinitionPartActionRequestTests.java,dataset/projects/elasticsearch/x-pack/plugin/core/src/test/java/org/elasticsearch/xpack/core/ml/action/PutTrainedModelDefinitionPartActionRequestTests.java,PutTrainedModelDefinitionPartActionRequestTests.java,PutTrainedModelDefinitionPartActionRequestTests,""" TODO implement https://github.com/elastic/elasticsearch/issues/25929"""
GitHub,relation_test_code_smell_ML,C:\Users\ismak\Documents\GitHub\relation_test_code_smell_ML\dataset\projects\elasticsearch\x-pack\plugin\core\src\test\java\org\elasticsearch\xpack\core\ml\action\PutTrainedModelVocabularyActionRequestTests.java,dataset/projects/elasticsearch/x-pack/plugin/core/src/test/java/org/elasticsearch/xpack/core/ml/action/PutTrainedModelVocabularyActionRequestTests.java,PutTrainedModelVocabularyActionRequestTests.java,PutTrainedModelVocabularyActionRequestTests,""" TODO implement https://github.com/elastic/elasticsearch/issues/25929"""
GitHub,relation_test_code_smell_ML,C:\Users\ismak\Documents\GitHub\relation_test_code_smell_ML\dataset\projects\elasticsearch\x-pack\plugin\core\src\test\java\org\elasticsearch\xpack\core\ml\action\ResetJobRequestTests.java,dataset/projects/elasticsearch/x-pack/plugin/core/src/test/java/org/elasticsearch/xpack/core/ml/action/ResetJobRequestTests.java,ResetJobRequestTests.java,ResetJobRequestTests,""" TODO implement https://github.com/elastic/elasticsearch/issues/25929"""
GitHub,relation_test_code_smell_ML,C:\Users\ismak\Documents\GitHub\relation_test_code_smell_ML\dataset\projects\elasticsearch\x-pack\plugin\core\src\test\java\org\elasticsearch\xpack\core\ml\action\RevertModelSnapshotActionRequestTests.java,dataset/projects/elasticsearch/x-pack/plugin/core/src/test/java/org/elasticsearch/xpack/core/ml/action/RevertModelSnapshotActionRequestTests.java,RevertModelSnapshotActionRequestTests.java,RevertModelSnapshotActionRequestTests,""" TODO implement https://github.com/elastic/elasticsearch/issues/25929"""
GitHub,relation_test_code_smell_ML,C:\Users\ismak\Documents\GitHub\relation_test_code_smell_ML\dataset\projects\elasticsearch\x-pack\plugin\core\src\test\java\org\elasticsearch\xpack\core\ml\action\RevertModelSnapshotActionResponseTests.java,dataset/projects/elasticsearch/x-pack/plugin/core/src/test/java/org/elasticsearch/xpack/core/ml/action/RevertModelSnapshotActionResponseTests.java,RevertModelSnapshotActionResponseTests.java,RevertModelSnapshotActionResponseTests,""" TODO implement https://github.com/elastic/elasticsearch/issues/25929"""
GitHub,relation_test_code_smell_ML,C:\Users\ismak\Documents\GitHub\relation_test_code_smell_ML\dataset\projects\elasticsearch\x-pack\plugin\core\src\test\java\org\elasticsearch\xpack\core\ml\action\SetUpgradeModeActionRequestTests.java,dataset/projects/elasticsearch/x-pack/plugin/core/src/test/java/org/elasticsearch/xpack/core/ml/action/SetUpgradeModeActionRequestTests.java,SetUpgradeModeActionRequestTests.java,SetUpgradeModeActionRequestTests,""" TODO implement https://github.com/elastic/elasticsearch/issues/25929"""
GitHub,relation_test_code_smell_ML,C:\Users\ismak\Documents\GitHub\relation_test_code_smell_ML\dataset\projects\elasticsearch\x-pack\plugin\core\src\test\java\org\elasticsearch\xpack\core\ml\action\StartDatafeedActionRequestTests.java,dataset/projects/elasticsearch/x-pack/plugin/core/src/test/java/org/elasticsearch/xpack/core/ml/action/StartDatafeedActionRequestTests.java,StartDatafeedActionRequestTests.java,StartDatafeedActionRequestTests,""" TODO implement https://github.com/elastic/elasticsearch/issues/25929"""
GitHub,relation_test_code_smell_ML,C:\Users\ismak\Documents\GitHub\relation_test_code_smell_ML\dataset\projects\elasticsearch\x-pack\plugin\core\src\test\java\org\elasticsearch\xpack\core\ml\action\StartDataFrameAnalyticsActionTaskParamsTests.java,dataset/projects/elasticsearch/x-pack/plugin/core/src/test/java/org/elasticsearch/xpack/core/ml/action/StartDataFrameAnalyticsActionTaskParamsTests.java,StartDataFrameAnalyticsActionTaskParamsTests.java,StartDataFrameAnalyticsActionTaskParamsTests,""" TODO implement https://github.com/elastic/elasticsearch/issues/25929"""
GitHub,relation_test_code_smell_ML,C:\Users\ismak\Documents\GitHub\relation_test_code_smell_ML\dataset\projects\elasticsearch\x-pack\plugin\core\src\test\java\org\elasticsearch\xpack\core\ml\action\StartDataFrameAnalyticsRequestTests.java,dataset/projects/elasticsearch/x-pack/plugin/core/src/test/java/org/elasticsearch/xpack/core/ml/action/StartDataFrameAnalyticsRequestTests.java,StartDataFrameAnalyticsRequestTests.java,StartDataFrameAnalyticsRequestTests,""" TODO implement https://github.com/elastic/elasticsearch/issues/25929"""
GitHub,relation_test_code_smell_ML,C:\Users\ismak\Documents\GitHub\relation_test_code_smell_ML\dataset\projects\elasticsearch\x-pack\plugin\core\src\test\java\org\elasticsearch\xpack\core\ml\action\StartTrainedModelDeploymentRequestTests.java,dataset/projects/elasticsearch/x-pack/plugin/core/src/test/java/org/elasticsearch/xpack/core/ml/action/StartTrainedModelDeploymentRequestTests.java,StartTrainedModelDeploymentRequestTests.java,StartTrainedModelDeploymentRequestTests,""" TODO implement https://github.com/elastic/elasticsearch/issues/25929"""
GitHub,relation_test_code_smell_ML,C:\Users\ismak\Documents\GitHub\relation_test_code_smell_ML\dataset\projects\elasticsearch\x-pack\plugin\core\src\test\java\org\elasticsearch\xpack\core\ml\action\StartTrainedModelDeploymentTaskParamsTests.java,dataset/projects/elasticsearch/x-pack/plugin/core/src/test/java/org/elasticsearch/xpack/core/ml/action/StartTrainedModelDeploymentTaskParamsTests.java,StartTrainedModelDeploymentTaskParamsTests.java,StartTrainedModelDeploymentTaskParamsTests,""" TODO implement https://github.com/elastic/elasticsearch/issues/25929"""
GitHub,relation_test_code_smell_ML,C:\Users\ismak\Documents\GitHub\relation_test_code_smell_ML\dataset\projects\elasticsearch\x-pack\plugin\core\src\test\java\org\elasticsearch\xpack\core\ml\action\StopDatafeedActionRequestTests.java,dataset/projects/elasticsearch/x-pack/plugin/core/src/test/java/org/elasticsearch/xpack/core/ml/action/StopDatafeedActionRequestTests.java,StopDatafeedActionRequestTests.java,StopDatafeedActionRequestTests,""" TODO implement https://github.com/elastic/elasticsearch/issues/25929"""
GitHub,relation_test_code_smell_ML,C:\Users\ismak\Documents\GitHub\relation_test_code_smell_ML\dataset\projects\elasticsearch\x-pack\plugin\core\src\test\java\org\elasticsearch\xpack\core\ml\action\StopDataFrameAnalyticsActionResponseTests.java,dataset/projects/elasticsearch/x-pack/plugin/core/src/test/java/org/elasticsearch/xpack/core/ml/action/StopDataFrameAnalyticsActionResponseTests.java,StopDataFrameAnalyticsActionResponseTests.java,StopDataFrameAnalyticsActionResponseTests,""" TODO implement https://github.com/elastic/elasticsearch/issues/25929"""
GitHub,relation_test_code_smell_ML,C:\Users\ismak\Documents\GitHub\relation_test_code_smell_ML\dataset\projects\elasticsearch\x-pack\plugin\core\src\test\java\org\elasticsearch\xpack\core\ml\action\StopDataFrameAnalyticsRequestTests.java,dataset/projects/elasticsearch/x-pack/plugin/core/src/test/java/org/elasticsearch/xpack/core/ml/action/StopDataFrameAnalyticsRequestTests.java,StopDataFrameAnalyticsRequestTests.java,StopDataFrameAnalyticsRequestTests,""" TODO implement https://github.com/elastic/elasticsearch/issues/25929"""
GitHub,relation_test_code_smell_ML,C:\Users\ismak\Documents\GitHub\relation_test_code_smell_ML\dataset\projects\elasticsearch\x-pack\plugin\core\src\test\java\org\elasticsearch\xpack\core\ml\action\StopTrainedModelDeploymentRequestTests.java,dataset/projects/elasticsearch/x-pack/plugin/core/src/test/java/org/elasticsearch/xpack/core/ml/action/StopTrainedModelDeploymentRequestTests.java,StopTrainedModelDeploymentRequestTests.java,StopTrainedModelDeploymentRequestTests,""" TODO implement https://github.com/elastic/elasticsearch/issues/25929"""
GitHub,relation_test_code_smell_ML,C:\Users\ismak\Documents\GitHub\relation_test_code_smell_ML\dataset\projects\elasticsearch\x-pack\plugin\core\src\test\java\org\elasticsearch\xpack\core\ml\action\TrainedModelCacheInfoResponseTests.java,dataset/projects/elasticsearch/x-pack/plugin/core/src/test/java/org/elasticsearch/xpack/core/ml/action/TrainedModelCacheInfoResponseTests.java,TrainedModelCacheInfoResponseTests.java,TrainedModelCacheInfoResponseTests,""" TODO implement https://github.com/elastic/elasticsearch/issues/25929"""
GitHub,relation_test_code_smell_ML,C:\Users\ismak\Documents\GitHub\relation_test_code_smell_ML\dataset\projects\elasticsearch\x-pack\plugin\core\src\test\java\org\elasticsearch\xpack\core\ml\action\UpdateCalendarJobActionResquestTests.java,dataset/projects/elasticsearch/x-pack/plugin/core/src/test/java/org/elasticsearch/xpack/core/ml/action/UpdateCalendarJobActionResquestTests.java,UpdateCalendarJobActionResquestTests.java,UpdateCalendarJobActionResquestTests,""" TODO implement https://github.com/elastic/elasticsearch/issues/25929"""
GitHub,relation_test_code_smell_ML,C:\Users\ismak\Documents\GitHub\relation_test_code_smell_ML\dataset\projects\elasticsearch\x-pack\plugin\core\src\test\java\org\elasticsearch\xpack\core\ml\action\UpdateDatafeedActionRequestTests.java,dataset/projects/elasticsearch/x-pack/plugin/core/src/test/java/org/elasticsearch/xpack/core/ml/action/UpdateDatafeedActionRequestTests.java,UpdateDatafeedActionRequestTests.java,UpdateDatafeedActionRequestTests,""" TODO implement https://github.com/elastic/elasticsearch/issues/25929"""
GitHub,relation_test_code_smell_ML,C:\Users\ismak\Documents\GitHub\relation_test_code_smell_ML\dataset\projects\elasticsearch\x-pack\plugin\core\src\test\java\org\elasticsearch\xpack\core\ml\action\UpdateDataFrameAnalyticsActionRequestTests.java,dataset/projects/elasticsearch/x-pack/plugin/core/src/test/java/org/elasticsearch/xpack/core/ml/action/UpdateDataFrameAnalyticsActionRequestTests.java,UpdateDataFrameAnalyticsActionRequestTests.java,UpdateDataFrameAnalyticsActionRequestTests,""" TODO implement https://github.com/elastic/elasticsearch/issues/25929"""
GitHub,relation_test_code_smell_ML,C:\Users\ismak\Documents\GitHub\relation_test_code_smell_ML\dataset\projects\elasticsearch\x-pack\plugin\core\src\test\java\org\elasticsearch\xpack\core\ml\action\UpdateFilterActionRequestTests.java,dataset/projects/elasticsearch/x-pack/plugin/core/src/test/java/org/elasticsearch/xpack/core/ml/action/UpdateFilterActionRequestTests.java,UpdateFilterActionRequestTests.java,UpdateFilterActionRequestTests,""" TODO implement https://github.com/elastic/elasticsearch/issues/25929"""
GitHub,relation_test_code_smell_ML,C:\Users\ismak\Documents\GitHub\relation_test_code_smell_ML\dataset\projects\elasticsearch\x-pack\plugin\core\src\test\java\org\elasticsearch\xpack\core\ml\action\UpdateJobActionRequestTests.java,dataset/projects/elasticsearch/x-pack/plugin/core/src/test/java/org/elasticsearch/xpack/core/ml/action/UpdateJobActionRequestTests.java,UpdateJobActionRequestTests.java,UpdateJobActionRequestTests,""" TODO implement https://github.com/elastic/elasticsearch/issues/25929"""
GitHub,relation_test_code_smell_ML,C:\Users\ismak\Documents\GitHub\relation_test_code_smell_ML\dataset\projects\elasticsearch\x-pack\plugin\core\src\test\java\org\elasticsearch\xpack\core\ml\action\UpdateModelSnapshotActionRequestTests.java,dataset/projects/elasticsearch/x-pack/plugin/core/src/test/java/org/elasticsearch/xpack/core/ml/action/UpdateModelSnapshotActionRequestTests.java,UpdateModelSnapshotActionRequestTests.java,UpdateModelSnapshotActionRequestTests,""" TODO implement https://github.com/elastic/elasticsearch/issues/25929"""
GitHub,relation_test_code_smell_ML,C:\Users\ismak\Documents\GitHub\relation_test_code_smell_ML\dataset\projects\elasticsearch\x-pack\plugin\core\src\test\java\org\elasticsearch\xpack\core\ml\action\UpdateModelSnapshotActionResponseTests.java,dataset/projects/elasticsearch/x-pack/plugin/core/src/test/java/org/elasticsearch/xpack/core/ml/action/UpdateModelSnapshotActionResponseTests.java,UpdateModelSnapshotActionResponseTests.java,UpdateModelSnapshotActionResponseTests,""" TODO implement https://github.com/elastic/elasticsearch/issues/25929"""
GitHub,relation_test_code_smell_ML,C:\Users\ismak\Documents\GitHub\relation_test_code_smell_ML\dataset\projects\elasticsearch\x-pack\plugin\core\src\test\java\org\elasticsearch\xpack\core\ml\action\UpdateProcessActionRequestTests.java,dataset/projects/elasticsearch/x-pack/plugin/core/src/test/java/org/elasticsearch/xpack/core/ml/action/UpdateProcessActionRequestTests.java,UpdateProcessActionRequestTests.java,UpdateProcessActionRequestTests,""" TODO implement https://github.com/elastic/elasticsearch/issues/25929"""
GitHub,relation_test_code_smell_ML,C:\Users\ismak\Documents\GitHub\relation_test_code_smell_ML\dataset\projects\elasticsearch\x-pack\plugin\core\src\test\java\org\elasticsearch\xpack\core\ml\action\UpdateTrainedModelAssignmentRoutingInfoActionRequestTests.java,dataset/projects/elasticsearch/x-pack/plugin/core/src/test/java/org/elasticsearch/xpack/core/ml/action/UpdateTrainedModelAssignmentRoutingInfoActionRequestTests.java,UpdateTrainedModelAssignmentRoutingInfoActionRequestTests.java,UpdateTrainedModelAssignmentRoutingInfoActionRequestTests,""" TODO implement https://github.com/elastic/elasticsearch/issues/25929"""
GitHub,relation_test_code_smell_ML,C:\Users\ismak\Documents\GitHub\relation_test_code_smell_ML\dataset\projects\elasticsearch\x-pack\plugin\core\src\test\java\org\elasticsearch\xpack\core\ml\action\UpdateTrainedModelDeploymentRequestTests.java,dataset/projects/elasticsearch/x-pack/plugin/core/src/test/java/org/elasticsearch/xpack/core/ml/action/UpdateTrainedModelDeploymentRequestTests.java,UpdateTrainedModelDeploymentRequestTests.java,UpdateTrainedModelDeploymentRequestTests,""" TODO implement https://github.com/elastic/elasticsearch/issues/25929"""
GitHub,relation_test_code_smell_ML,C:\Users\ismak\Documents\GitHub\relation_test_code_smell_ML\dataset\projects\elasticsearch\x-pack\plugin\core\src\test\java\org\elasticsearch\xpack\core\ml\action\UpgradeJobModelSnapshotRequestTests.java,dataset/projects/elasticsearch/x-pack/plugin/core/src/test/java/org/elasticsearch/xpack/core/ml/action/UpgradeJobModelSnapshotRequestTests.java,UpgradeJobModelSnapshotRequestTests.java,UpgradeJobModelSnapshotRequestTests,""" TODO implement https://github.com/elastic/elasticsearch/issues/25929"""
GitHub,relation_test_code_smell_ML,C:\Users\ismak\Documents\GitHub\relation_test_code_smell_ML\dataset\projects\elasticsearch\x-pack\plugin\core\src\test\java\org\elasticsearch\xpack\core\ml\action\UpgradeJobModelSnapshotResponseTests.java,dataset/projects/elasticsearch/x-pack/plugin/core/src/test/java/org/elasticsearch/xpack/core/ml/action/UpgradeJobModelSnapshotResponseTests.java,UpgradeJobModelSnapshotResponseTests.java,UpgradeJobModelSnapshotResponseTests,""" TODO implement https://github.com/elastic/elasticsearch/issues/25929"""
GitHub,relation_test_code_smell_ML,C:\Users\ismak\Documents\GitHub\relation_test_code_smell_ML\dataset\projects\elasticsearch\x-pack\plugin\core\src\test\java\org\elasticsearch\xpack\core\ml\action\ValidateDetectorActionRequestTests.java,dataset/projects/elasticsearch/x-pack/plugin/core/src/test/java/org/elasticsearch/xpack/core/ml/action/ValidateDetectorActionRequestTests.java,ValidateDetectorActionRequestTests.java,ValidateDetectorActionRequestTests,""" TODO implement https://github.com/elastic/elasticsearch/issues/25929"""
GitHub,relation_test_code_smell_ML,C:\Users\ismak\Documents\GitHub\relation_test_code_smell_ML\dataset\projects\elasticsearch\x-pack\plugin\core\src\test\java\org\elasticsearch\xpack\core\ml\action\ValidateJobConfigActionRequestTests.java,dataset/projects/elasticsearch/x-pack/plugin/core/src/test/java/org/elasticsearch/xpack/core/ml/action/ValidateJobConfigActionRequestTests.java,ValidateJobConfigActionRequestTests.java,ValidateJobConfigActionRequestTests,""" TODO implement https://github.com/elastic/elasticsearch/issues/25929"""
GitHub,relation_test_code_smell_ML,C:\Users\ismak\Documents\GitHub\relation_test_code_smell_ML\dataset\projects\elasticsearch\x-pack\plugin\core\src\test\java\org\elasticsearch\xpack\core\ml\annotations\AnnotationTests.java,dataset/projects/elasticsearch/x-pack/plugin/core/src/test/java/org/elasticsearch/xpack/core/ml/annotations/AnnotationTests.java,AnnotationTests.java,AnnotationTests,""" TODO implement https://github.com/elastic/elasticsearch/issues/25929"""
GitHub,relation_test_code_smell_ML,C:\Users\ismak\Documents\GitHub\relation_test_code_smell_ML\dataset\projects\elasticsearch\x-pack\plugin\core\src\test\java\org\elasticsearch\xpack\core\ml\autoscaling\MlAutoscalingStatsTests.java,dataset/projects/elasticsearch/x-pack/plugin/core/src/test/java/org/elasticsearch/xpack/core/ml/autoscaling/MlAutoscalingStatsTests.java,MlAutoscalingStatsTests.java,MlAutoscalingStatsTests,""" TODO"""
GitHub,relation_test_code_smell_ML,C:\Users\ismak\Documents\GitHub\relation_test_code_smell_ML\dataset\projects\elasticsearch\x-pack\plugin\core\src\test\java\org\elasticsearch\xpack\core\ml\calendars\CalendarTests.java,dataset/projects/elasticsearch/x-pack/plugin/core/src/test/java/org/elasticsearch/xpack/core/ml/calendars/CalendarTests.java,CalendarTests.java,CalendarTests,""" TODO implement https://github.com/elastic/elasticsearch/issues/25929"""
GitHub,relation_test_code_smell_ML,C:\Users\ismak\Documents\GitHub\relation_test_code_smell_ML\dataset\projects\elasticsearch\x-pack\plugin\core\src\test\java\org\elasticsearch\xpack\core\ml\calendars\ScheduledEventTests.java,dataset/projects/elasticsearch/x-pack/plugin/core/src/test/java/org/elasticsearch/xpack/core/ml/calendars/ScheduledEventTests.java,ScheduledEventTests.java,ScheduledEventTests,""" TODO implement https://github.com/elastic/elasticsearch/issues/25929"""
GitHub,relation_test_code_smell_ML,C:\Users\ismak\Documents\GitHub\relation_test_code_smell_ML\dataset\projects\elasticsearch\x-pack\plugin\core\src\test\java\org\elasticsearch\xpack\core\ml\datafeed\AggProviderWireSerializationTests.java,dataset/projects/elasticsearch/x-pack/plugin/core/src/test/java/org/elasticsearch/xpack/core/ml/datafeed/AggProviderWireSerializationTests.java,AggProviderWireSerializationTests.java,AggProviderWireSerializationTests,""" TODO implement https://github.com/elastic/elasticsearch/issues/25929"""
GitHub,relation_test_code_smell_ML,C:\Users\ismak\Documents\GitHub\relation_test_code_smell_ML\dataset\projects\elasticsearch\x-pack\plugin\core\src\test\java\org\elasticsearch\xpack\core\ml\datafeed\DatafeedConfigBuilderTests.java,dataset/projects/elasticsearch/x-pack/plugin/core/src/test/java/org/elasticsearch/xpack/core/ml/datafeed/DatafeedConfigBuilderTests.java,DatafeedConfigBuilderTests.java,DatafeedConfigBuilderTests,""" TODO implement https://github.com/elastic/elasticsearch/issues/25929"""
GitHub,relation_test_code_smell_ML,C:\Users\ismak\Documents\GitHub\relation_test_code_smell_ML\dataset\projects\elasticsearch\x-pack\plugin\core\src\test\java\org\elasticsearch\xpack\core\ml\datafeed\SearchIntervalTests.java,dataset/projects/elasticsearch/x-pack/plugin/core/src/test/java/org/elasticsearch/xpack/core/ml/datafeed/SearchIntervalTests.java,SearchIntervalTests.java,SearchIntervalTests,""" TODO implement https://github.com/elastic/elasticsearch/issues/25929"""
GitHub,relation_test_code_smell_ML,C:\Users\ismak\Documents\GitHub\relation_test_code_smell_ML\dataset\projects\elasticsearch\x-pack\plugin\core\src\test\java\org\elasticsearch\xpack\core\ml\dataframe\analyses\BoostedTreeParamsTests.java,dataset/projects/elasticsearch/x-pack/plugin/core/src/test/java/org/elasticsearch/xpack/core/ml/dataframe/analyses/BoostedTreeParamsTests.java,BoostedTreeParamsTests.java,BoostedTreeParamsTests,""" TODO implement https://github.com/elastic/elasticsearch/issues/25929"""
GitHub,relation_test_code_smell_ML,C:\Users\ismak\Documents\GitHub\relation_test_code_smell_ML\dataset\projects\elasticsearch\x-pack\plugin\core\src\test\java\org\elasticsearch\xpack\core\ml\dataframe\analyses\OutlierDetectionTests.java,dataset/projects/elasticsearch/x-pack/plugin/core/src/test/java/org/elasticsearch/xpack/core/ml/dataframe/analyses/OutlierDetectionTests.java,OutlierDetectionTests.java,OutlierDetectionTests,""" TODO implement https://github.com/elastic/elasticsearch/issues/25929"""
GitHub,relation_test_code_smell_ML,C:\Users\ismak\Documents\GitHub\relation_test_code_smell_ML\dataset\projects\elasticsearch\x-pack\plugin\core\src\test\java\org\elasticsearch\xpack\core\ml\dataframe\DataFrameAnalyticsConfigUpdateTests.java,dataset/projects/elasticsearch/x-pack/plugin/core/src/test/java/org/elasticsearch/xpack/core/ml/dataframe/DataFrameAnalyticsConfigUpdateTests.java,DataFrameAnalyticsConfigUpdateTests.java,DataFrameAnalyticsConfigUpdateTests,""" TODO implement https://github.com/elastic/elasticsearch/issues/25929"""
GitHub,relation_test_code_smell_ML,C:\Users\ismak\Documents\GitHub\relation_test_code_smell_ML\dataset\projects\elasticsearch\x-pack\plugin\core\src\test\java\org\elasticsearch\xpack\core\ml\dataframe\DataFrameAnalyticsDestTests.java,dataset/projects/elasticsearch/x-pack/plugin/core/src/test/java/org/elasticsearch/xpack/core/ml/dataframe/DataFrameAnalyticsDestTests.java,DataFrameAnalyticsDestTests.java,DataFrameAnalyticsDestTests,""" TODO implement https://github.com/elastic/elasticsearch/issues/25929"""
GitHub,relation_test_code_smell_ML,C:\Users\ismak\Documents\GitHub\relation_test_code_smell_ML\dataset\projects\elasticsearch\x-pack\plugin\core\src\test\java\org\elasticsearch\xpack\core\ml\dataframe\DataFrameAnalyticsSourceTests.java,dataset/projects/elasticsearch/x-pack/plugin/core/src/test/java/org/elasticsearch/xpack/core/ml/dataframe/DataFrameAnalyticsSourceTests.java,DataFrameAnalyticsSourceTests.java,DataFrameAnalyticsSourceTests,""" TODO implement https://github.com/elastic/elasticsearch/issues/25929"""
GitHub,relation_test_code_smell_ML,C:\Users\ismak\Documents\GitHub\relation_test_code_smell_ML\dataset\projects\elasticsearch\x-pack\plugin\core\src\test\java\org\elasticsearch\xpack\core\ml\dataframe\DataFrameAnalyticsTaskStateTests.java,dataset/projects/elasticsearch/x-pack/plugin/core/src/test/java/org/elasticsearch/xpack/core/ml/dataframe/DataFrameAnalyticsTaskStateTests.java,DataFrameAnalyticsTaskStateTests.java,DataFrameAnalyticsTaskStateTests,""" TODO implement https://github.com/elastic/elasticsearch/issues/25929"""
GitHub,relation_test_code_smell_ML,C:\Users\ismak\Documents\GitHub\relation_test_code_smell_ML\dataset\projects\elasticsearch\x-pack\plugin\core\src\test\java\org\elasticsearch\xpack\core\ml\dataframe\evaluation\classification\AccuracyResultTests.java,dataset/projects/elasticsearch/x-pack/plugin/core/src/test/java/org/elasticsearch/xpack/core/ml/dataframe/evaluation/classification/AccuracyResultTests.java,AccuracyResultTests.java,AccuracyResultTests,""" TODO implement https://github.com/elastic/elasticsearch/issues/25929"""
GitHub,relation_test_code_smell_ML,C:\Users\ismak\Documents\GitHub\relation_test_code_smell_ML\dataset\projects\elasticsearch\x-pack\plugin\core\src\test\java\org\elasticsearch\xpack\core\ml\dataframe\evaluation\classification\AccuracyTests.java,dataset/projects/elasticsearch/x-pack/plugin/core/src/test/java/org/elasticsearch/xpack/core/ml/dataframe/evaluation/classification/AccuracyTests.java,AccuracyTests.java,AccuracyTests,""" TODO implement https://github.com/elastic/elasticsearch/issues/25929"""
GitHub,relation_test_code_smell_ML,C:\Users\ismak\Documents\GitHub\relation_test_code_smell_ML\dataset\projects\elasticsearch\x-pack\plugin\core\src\test\java\org\elasticsearch\xpack\core\ml\dataframe\evaluation\classification\AucRocResultTests.java,dataset/projects/elasticsearch/x-pack/plugin/core/src/test/java/org/elasticsearch/xpack/core/ml/dataframe/evaluation/classification/AucRocResultTests.java,AucRocResultTests.java,AucRocResultTests,""" TODO implement https://github.com/elastic/elasticsearch/issues/25929"""
GitHub,relation_test_code_smell_ML,C:\Users\ismak\Documents\GitHub\relation_test_code_smell_ML\dataset\projects\elasticsearch\x-pack\plugin\core\src\test\java\org\elasticsearch\xpack\core\ml\dataframe\evaluation\classification\AucRocTests.java,dataset/projects/elasticsearch/x-pack/plugin/core/src/test/java/org/elasticsearch/xpack/core/ml/dataframe/evaluation/classification/AucRocTests.java,AucRocTests.java,AucRocTests,""" TODO implement https://github.com/elastic/elasticsearch/issues/25929"""
GitHub,relation_test_code_smell_ML,C:\Users\ismak\Documents\GitHub\relation_test_code_smell_ML\dataset\projects\elasticsearch\x-pack\plugin\core\src\test\java\org\elasticsearch\xpack\core\ml\dataframe\evaluation\classification\ClassificationTests.java,dataset/projects/elasticsearch/x-pack/plugin/core/src/test/java/org/elasticsearch/xpack/core/ml/dataframe/evaluation/classification/ClassificationTests.java,ClassificationTests.java,FakeClassificationMetric,""" TODO implement https://github.com/elastic/elasticsearch/issues/25929"""
GitHub,relation_test_code_smell_ML,C:\Users\ismak\Documents\GitHub\relation_test_code_smell_ML\dataset\projects\elasticsearch\x-pack\plugin\core\src\test\java\org\elasticsearch\xpack\core\ml\dataframe\evaluation\classification\MulticlassConfusionMatrixResultTests.java,dataset/projects/elasticsearch/x-pack/plugin/core/src/test/java/org/elasticsearch/xpack/core/ml/dataframe/evaluation/classification/MulticlassConfusionMatrixResultTests.java,MulticlassConfusionMatrixResultTests.java,MulticlassConfusionMatrixResultTests,""" TODO implement https://github.com/elastic/elasticsearch/issues/25929"""
GitHub,relation_test_code_smell_ML,C:\Users\ismak\Documents\GitHub\relation_test_code_smell_ML\dataset\projects\elasticsearch\x-pack\plugin\core\src\test\java\org\elasticsearch\xpack\core\ml\dataframe\evaluation\classification\MulticlassConfusionMatrixTests.java,dataset/projects/elasticsearch/x-pack/plugin/core/src/test/java/org/elasticsearch/xpack/core/ml/dataframe/evaluation/classification/MulticlassConfusionMatrixTests.java,MulticlassConfusionMatrixTests.java,MulticlassConfusionMatrixTests,""" TODO implement https://github.com/elastic/elasticsearch/issues/25929"""
GitHub,relation_test_code_smell_ML,C:\Users\ismak\Documents\GitHub\relation_test_code_smell_ML\dataset\projects\elasticsearch\x-pack\plugin\core\src\test\java\org\elasticsearch\xpack\core\ml\dataframe\evaluation\classification\PerClassSingleValueTests.java,dataset/projects/elasticsearch/x-pack/plugin/core/src/test/java/org/elasticsearch/xpack/core/ml/dataframe/evaluation/classification/PerClassSingleValueTests.java,PerClassSingleValueTests.java,PerClassSingleValueTests,""" TODO implement https://github.com/elastic/elasticsearch/issues/25929"""
GitHub,relation_test_code_smell_ML,C:\Users\ismak\Documents\GitHub\relation_test_code_smell_ML\dataset\projects\elasticsearch\x-pack\plugin\core\src\test\java\org\elasticsearch\xpack\core\ml\dataframe\evaluation\classification\PrecisionResultTests.java,dataset/projects/elasticsearch/x-pack/plugin/core/src/test/java/org/elasticsearch/xpack/core/ml/dataframe/evaluation/classification/PrecisionResultTests.java,PrecisionResultTests.java,PrecisionResultTests,""" TODO implement https://github.com/elastic/elasticsearch/issues/25929"""
GitHub,relation_test_code_smell_ML,C:\Users\ismak\Documents\GitHub\relation_test_code_smell_ML\dataset\projects\elasticsearch\x-pack\plugin\core\src\test\java\org\elasticsearch\xpack\core\ml\dataframe\evaluation\classification\PrecisionTests.java,dataset/projects/elasticsearch/x-pack/plugin/core/src/test/java/org/elasticsearch/xpack/core/ml/dataframe/evaluation/classification/PrecisionTests.java,PrecisionTests.java,PrecisionTests,""" TODO implement https://github.com/elastic/elasticsearch/issues/25929"""
GitHub,relation_test_code_smell_ML,C:\Users\ismak\Documents\GitHub\relation_test_code_smell_ML\dataset\projects\elasticsearch\x-pack\plugin\core\src\test\java\org\elasticsearch\xpack\core\ml\dataframe\evaluation\classification\RecallResultTests.java,dataset/projects/elasticsearch/x-pack/plugin/core/src/test/java/org/elasticsearch/xpack/core/ml/dataframe/evaluation/classification/RecallResultTests.java,RecallResultTests.java,RecallResultTests,""" TODO implement https://github.com/elastic/elasticsearch/issues/25929"""
GitHub,relation_test_code_smell_ML,C:\Users\ismak\Documents\GitHub\relation_test_code_smell_ML\dataset\projects\elasticsearch\x-pack\plugin\core\src\test\java\org\elasticsearch\xpack\core\ml\dataframe\evaluation\classification\RecallTests.java,dataset/projects/elasticsearch/x-pack/plugin/core/src/test/java/org/elasticsearch/xpack/core/ml/dataframe/evaluation/classification/RecallTests.java,RecallTests.java,RecallTests,""" TODO implement https://github.com/elastic/elasticsearch/issues/25929"""
GitHub,relation_test_code_smell_ML,C:\Users\ismak\Documents\GitHub\relation_test_code_smell_ML\dataset\projects\elasticsearch\x-pack\plugin\core\src\test\java\org\elasticsearch\xpack\core\ml\dataframe\evaluation\outlierdetection\AucRocTests.java,dataset/projects/elasticsearch/x-pack/plugin/core/src/test/java/org/elasticsearch/xpack/core/ml/dataframe/evaluation/outlierdetection/AucRocTests.java,AucRocTests.java,AucRocTests,""" TODO implement https://github.com/elastic/elasticsearch/issues/25929"""
GitHub,relation_test_code_smell_ML,C:\Users\ismak\Documents\GitHub\relation_test_code_smell_ML\dataset\projects\elasticsearch\x-pack\plugin\core\src\test\java\org\elasticsearch\xpack\core\ml\dataframe\evaluation\outlierdetection\OutlierDetectionTests.java,dataset/projects/elasticsearch/x-pack/plugin/core/src/test/java/org/elasticsearch/xpack/core/ml/dataframe/evaluation/outlierdetection/OutlierDetectionTests.java,OutlierDetectionTests.java,OutlierDetectionTests,""" TODO implement https://github.com/elastic/elasticsearch/issues/25929"""
GitHub,relation_test_code_smell_ML,C:\Users\ismak\Documents\GitHub\relation_test_code_smell_ML\dataset\projects\elasticsearch\x-pack\plugin\core\src\test\java\org\elasticsearch\xpack\core\ml\dataframe\evaluation\regression\HuberTests.java,dataset/projects/elasticsearch/x-pack/plugin/core/src/test/java/org/elasticsearch/xpack/core/ml/dataframe/evaluation/regression/HuberTests.java,HuberTests.java,HuberTests,""" TODO implement https://github.com/elastic/elasticsearch/issues/25929"""
GitHub,relation_test_code_smell_ML,C:\Users\ismak\Documents\GitHub\relation_test_code_smell_ML\dataset\projects\elasticsearch\x-pack\plugin\core\src\test\java\org\elasticsearch\xpack\core\ml\dataframe\evaluation\regression\MeanSquaredErrorTests.java,dataset/projects/elasticsearch/x-pack/plugin/core/src/test/java/org/elasticsearch/xpack/core/ml/dataframe/evaluation/regression/MeanSquaredErrorTests.java,MeanSquaredErrorTests.java,MeanSquaredErrorTests,""" TODO implement https://github.com/elastic/elasticsearch/issues/25929"""
GitHub,relation_test_code_smell_ML,C:\Users\ismak\Documents\GitHub\relation_test_code_smell_ML\dataset\projects\elasticsearch\x-pack\plugin\core\src\test\java\org\elasticsearch\xpack\core\ml\dataframe\evaluation\regression\MeanSquaredLogarithmicErrorTests.java,dataset/projects/elasticsearch/x-pack/plugin/core/src/test/java/org/elasticsearch/xpack/core/ml/dataframe/evaluation/regression/MeanSquaredLogarithmicErrorTests.java,MeanSquaredLogarithmicErrorTests.java,MeanSquaredLogarithmicErrorTests,""" TODO implement https://github.com/elastic/elasticsearch/issues/25929"""
GitHub,relation_test_code_smell_ML,C:\Users\ismak\Documents\GitHub\relation_test_code_smell_ML\dataset\projects\elasticsearch\x-pack\plugin\core\src\test\java\org\elasticsearch\xpack\core\ml\dataframe\evaluation\regression\RegressionTests.java,dataset/projects/elasticsearch/x-pack/plugin/core/src/test/java/org/elasticsearch/xpack/core/ml/dataframe/evaluation/regression/RegressionTests.java,RegressionTests.java,RegressionTests,""" TODO implement https://github.com/elastic/elasticsearch/issues/25929"""
GitHub,relation_test_code_smell_ML,C:\Users\ismak\Documents\GitHub\relation_test_code_smell_ML\dataset\projects\elasticsearch\x-pack\plugin\core\src\test\java\org\elasticsearch\xpack\core\ml\dataframe\evaluation\regression\RSquaredTests.java,dataset/projects/elasticsearch/x-pack/plugin/core/src/test/java/org/elasticsearch/xpack/core/ml/dataframe/evaluation/regression/RSquaredTests.java,RSquaredTests.java,RSquaredTests,""" TODO implement https://github.com/elastic/elasticsearch/issues/25929"""
GitHub,relation_test_code_smell_ML,C:\Users\ismak\Documents\GitHub\relation_test_code_smell_ML\dataset\projects\elasticsearch\x-pack\plugin\core\src\test\java\org\elasticsearch\xpack\core\ml\dataframe\explain\FieldSelectionTests.java,dataset/projects/elasticsearch/x-pack/plugin/core/src/test/java/org/elasticsearch/xpack/core/ml/dataframe/explain/FieldSelectionTests.java,FieldSelectionTests.java,FieldSelectionTests,""" TODO implement https://github.com/elastic/elasticsearch/issues/25929"""
GitHub,relation_test_code_smell_ML,C:\Users\ismak\Documents\GitHub\relation_test_code_smell_ML\dataset\projects\elasticsearch\x-pack\plugin\core\src\test\java\org\elasticsearch\xpack\core\ml\dataframe\explain\MemoryEstimationTests.java,dataset/projects/elasticsearch/x-pack/plugin/core/src/test/java/org/elasticsearch/xpack/core/ml/dataframe/explain/MemoryEstimationTests.java,MemoryEstimationTests.java,MemoryEstimationTests,""" TODO implement https://github.com/elastic/elasticsearch/issues/25929"""
GitHub,relation_test_code_smell_ML,C:\Users\ismak\Documents\GitHub\relation_test_code_smell_ML\dataset\projects\elasticsearch\x-pack\plugin\core\src\test\java\org\elasticsearch\xpack\core\ml\dataframe\stats\classification\ClassificationStatsTests.java,dataset/projects/elasticsearch/x-pack/plugin/core/src/test/java/org/elasticsearch/xpack/core/ml/dataframe/stats/classification/ClassificationStatsTests.java,ClassificationStatsTests.java,ClassificationStatsTests,""" TODO implement https://github.com/elastic/elasticsearch/issues/25929"""
GitHub,relation_test_code_smell_ML,C:\Users\ismak\Documents\GitHub\relation_test_code_smell_ML\dataset\projects\elasticsearch\x-pack\plugin\core\src\test\java\org\elasticsearch\xpack\core\ml\dataframe\stats\classification\HyperparametersTests.java,dataset/projects/elasticsearch/x-pack/plugin/core/src/test/java/org/elasticsearch/xpack/core/ml/dataframe/stats/classification/HyperparametersTests.java,HyperparametersTests.java,HyperparametersTests,""" TODO implement https://github.com/elastic/elasticsearch/issues/25929"""
GitHub,relation_test_code_smell_ML,C:\Users\ismak\Documents\GitHub\relation_test_code_smell_ML\dataset\projects\elasticsearch\x-pack\plugin\core\src\test\java\org\elasticsearch\xpack\core\ml\dataframe\stats\classification\TimingStatsTests.java,dataset/projects/elasticsearch/x-pack/plugin/core/src/test/java/org/elasticsearch/xpack/core/ml/dataframe/stats/classification/TimingStatsTests.java,TimingStatsTests.java,TimingStatsTests,""" TODO implement https://github.com/elastic/elasticsearch/issues/25929"""
GitHub,relation_test_code_smell_ML,C:\Users\ismak\Documents\GitHub\relation_test_code_smell_ML\dataset\projects\elasticsearch\x-pack\plugin\core\src\test\java\org\elasticsearch\xpack\core\ml\dataframe\stats\classification\ValidationLossTests.java,dataset/projects/elasticsearch/x-pack/plugin/core/src/test/java/org/elasticsearch/xpack/core/ml/dataframe/stats/classification/ValidationLossTests.java,ValidationLossTests.java,ValidationLossTests,""" TODO implement https://github.com/elastic/elasticsearch/issues/25929"""
GitHub,relation_test_code_smell_ML,C:\Users\ismak\Documents\GitHub\relation_test_code_smell_ML\dataset\projects\elasticsearch\x-pack\plugin\core\src\test\java\org\elasticsearch\xpack\core\ml\dataframe\stats\common\DataCountsTests.java,dataset/projects/elasticsearch/x-pack/plugin/core/src/test/java/org/elasticsearch/xpack/core/ml/dataframe/stats/common/DataCountsTests.java,DataCountsTests.java,DataCountsTests,""" TODO implement https://github.com/elastic/elasticsearch/issues/25929"""
GitHub,relation_test_code_smell_ML,C:\Users\ismak\Documents\GitHub\relation_test_code_smell_ML\dataset\projects\elasticsearch\x-pack\plugin\core\src\test\java\org\elasticsearch\xpack\core\ml\dataframe\stats\common\FoldValuesTests.java,dataset/projects/elasticsearch/x-pack/plugin/core/src/test/java/org/elasticsearch/xpack/core/ml/dataframe/stats/common/FoldValuesTests.java,FoldValuesTests.java,FoldValuesTests,""" TODO implement https://github.com/elastic/elasticsearch/issues/25929"""
GitHub,relation_test_code_smell_ML,C:\Users\ismak\Documents\GitHub\relation_test_code_smell_ML\dataset\projects\elasticsearch\x-pack\plugin\core\src\test\java\org\elasticsearch\xpack\core\ml\dataframe\stats\outlierdetection\OutlierDetectionStatsTests.java,dataset/projects/elasticsearch/x-pack/plugin/core/src/test/java/org/elasticsearch/xpack/core/ml/dataframe/stats/outlierdetection/OutlierDetectionStatsTests.java,OutlierDetectionStatsTests.java,OutlierDetectionStatsTests,""" TODO implement https://github.com/elastic/elasticsearch/issues/25929"""
GitHub,relation_test_code_smell_ML,C:\Users\ismak\Documents\GitHub\relation_test_code_smell_ML\dataset\projects\elasticsearch\x-pack\plugin\core\src\test\java\org\elasticsearch\xpack\core\ml\dataframe\stats\outlierdetection\ParametersTests.java,dataset/projects/elasticsearch/x-pack/plugin/core/src/test/java/org/elasticsearch/xpack/core/ml/dataframe/stats/outlierdetection/ParametersTests.java,ParametersTests.java,ParametersTests,""" TODO implement https://github.com/elastic/elasticsearch/issues/25929"""
GitHub,relation_test_code_smell_ML,C:\Users\ismak\Documents\GitHub\relation_test_code_smell_ML\dataset\projects\elasticsearch\x-pack\plugin\core\src\test\java\org\elasticsearch\xpack\core\ml\dataframe\stats\outlierdetection\TimingStatsTests.java,dataset/projects/elasticsearch/x-pack/plugin/core/src/test/java/org/elasticsearch/xpack/core/ml/dataframe/stats/outlierdetection/TimingStatsTests.java,TimingStatsTests.java,TimingStatsTests,""" TODO implement https://github.com/elastic/elasticsearch/issues/25929"""
GitHub,relation_test_code_smell_ML,C:\Users\ismak\Documents\GitHub\relation_test_code_smell_ML\dataset\projects\elasticsearch\x-pack\plugin\core\src\test\java\org\elasticsearch\xpack\core\ml\dataframe\stats\regression\HyperparametersTests.java,dataset/projects/elasticsearch/x-pack/plugin/core/src/test/java/org/elasticsearch/xpack/core/ml/dataframe/stats/regression/HyperparametersTests.java,HyperparametersTests.java,HyperparametersTests,""" TODO implement https://github.com/elastic/elasticsearch/issues/25929"""
GitHub,relation_test_code_smell_ML,C:\Users\ismak\Documents\GitHub\relation_test_code_smell_ML\dataset\projects\elasticsearch\x-pack\plugin\core\src\test\java\org\elasticsearch\xpack\core\ml\dataframe\stats\regression\RegressionStatsTests.java,dataset/projects/elasticsearch/x-pack/plugin/core/src/test/java/org/elasticsearch/xpack/core/ml/dataframe/stats/regression/RegressionStatsTests.java,RegressionStatsTests.java,RegressionStatsTests,""" TODO implement https://github.com/elastic/elasticsearch/issues/25929"""
GitHub,relation_test_code_smell_ML,C:\Users\ismak\Documents\GitHub\relation_test_code_smell_ML\dataset\projects\elasticsearch\x-pack\plugin\core\src\test\java\org\elasticsearch\xpack\core\ml\dataframe\stats\regression\TimingStatsTests.java,dataset/projects/elasticsearch/x-pack/plugin/core/src/test/java/org/elasticsearch/xpack/core/ml/dataframe/stats/regression/TimingStatsTests.java,TimingStatsTests.java,TimingStatsTests,""" TODO implement https://github.com/elastic/elasticsearch/issues/25929"""
GitHub,relation_test_code_smell_ML,C:\Users\ismak\Documents\GitHub\relation_test_code_smell_ML\dataset\projects\elasticsearch\x-pack\plugin\core\src\test\java\org\elasticsearch\xpack\core\ml\dataframe\stats\regression\ValidationLossTests.java,dataset/projects/elasticsearch/x-pack/plugin/core/src/test/java/org/elasticsearch/xpack/core/ml/dataframe/stats/regression/ValidationLossTests.java,ValidationLossTests.java,ValidationLossTests,""" TODO implement https://github.com/elastic/elasticsearch/issues/25929"""
GitHub,relation_test_code_smell_ML,C:\Users\ismak\Documents\GitHub\relation_test_code_smell_ML\dataset\projects\elasticsearch\x-pack\plugin\core\src\test\java\org\elasticsearch\xpack\core\ml\inference\assignment\AllocationStatusTests.java,dataset/projects/elasticsearch/x-pack/plugin/core/src/test/java/org/elasticsearch/xpack/core/ml/inference/assignment/AllocationStatusTests.java,AllocationStatusTests.java,AllocationStatusTests,""" TODO implement https://github.com/elastic/elasticsearch/issues/25929"""
GitHub,relation_test_code_smell_ML,C:\Users\ismak\Documents\GitHub\relation_test_code_smell_ML\dataset\projects\elasticsearch\x-pack\plugin\core\src\test\java\org\elasticsearch\xpack\core\ml\inference\assignment\AssignmentStatsTests.java,dataset/projects/elasticsearch/x-pack/plugin/core/src/test/java/org/elasticsearch/xpack/core/ml/inference/assignment/AssignmentStatsTests.java,AssignmentStatsTests.java,AssignmentStatsTests,""" TODO implement https://github.com/elastic/elasticsearch/issues/25929"""
GitHub,relation_test_code_smell_ML,C:\Users\ismak\Documents\GitHub\relation_test_code_smell_ML\dataset\projects\elasticsearch\x-pack\plugin\core\src\test\java\org\elasticsearch\xpack\core\ml\inference\assignment\RoutingInfoTests.java,dataset/projects/elasticsearch/x-pack/plugin/core/src/test/java/org/elasticsearch/xpack/core/ml/inference/assignment/RoutingInfoTests.java,RoutingInfoTests.java,RoutingInfoTests,""" TODO implement https://github.com/elastic/elasticsearch/issues/25929"""
GitHub,relation_test_code_smell_ML,C:\Users\ismak\Documents\GitHub\relation_test_code_smell_ML\dataset\projects\elasticsearch\x-pack\plugin\core\src\test\java\org\elasticsearch\xpack\core\ml\inference\assignment\RoutingInfoUpdateTests.java,dataset/projects/elasticsearch/x-pack/plugin/core/src/test/java/org/elasticsearch/xpack/core/ml/inference/assignment/RoutingInfoUpdateTests.java,RoutingInfoUpdateTests.java,RoutingInfoUpdateTests,""" TODO implement https://github.com/elastic/elasticsearch/issues/25929"""
GitHub,relation_test_code_smell_ML,C:\Users\ismak\Documents\GitHub\relation_test_code_smell_ML\dataset\projects\elasticsearch\x-pack\plugin\core\src\test\java\org\elasticsearch\xpack\core\ml\inference\assignment\RoutingStateAndReasonTests.java,dataset/projects/elasticsearch/x-pack/plugin/core/src/test/java/org/elasticsearch/xpack/core/ml/inference/assignment/RoutingStateAndReasonTests.java,RoutingStateAndReasonTests.java,RoutingStateAndReasonTests,""" TODO implement https://github.com/elastic/elasticsearch/issues/25929"""
GitHub,relation_test_code_smell_ML,C:\Users\ismak\Documents\GitHub\relation_test_code_smell_ML\dataset\projects\elasticsearch\x-pack\plugin\core\src\test\java\org\elasticsearch\xpack\core\ml\inference\assignment\TrainedModelAssignmentTests.java,dataset/projects/elasticsearch/x-pack/plugin/core/src/test/java/org/elasticsearch/xpack/core/ml/inference/assignment/TrainedModelAssignmentTests.java,TrainedModelAssignmentTests.java,TrainedModelAssignmentTests,""" TODO implement https://github.com/elastic/elasticsearch/issues/25929"""
GitHub,relation_test_code_smell_ML,C:\Users\ismak\Documents\GitHub\relation_test_code_smell_ML\dataset\projects\elasticsearch\x-pack\plugin\core\src\test\java\org\elasticsearch\xpack\core\ml\inference\NamedXContentObjectsTests.java,dataset/projects/elasticsearch/x-pack/plugin/core/src/test/java/org/elasticsearch/xpack/core/ml/inference/NamedXContentObjectsTests.java,NamedXContentObjectsTests.java,NamedObjectContainer,"""TODO these tests are temporary until the named objects are actually used by an encompassing class (i.e. ModelInferer)"""
GitHub,relation_test_code_smell_ML,C:\Users\ismak\Documents\GitHub\relation_test_code_smell_ML\dataset\projects\elasticsearch\x-pack\plugin\core\src\test\java\org\elasticsearch\xpack\core\ml\inference\preprocessing\CustomWordEmbeddingTests.java,dataset/projects/elasticsearch/x-pack/plugin/core/src/test/java/org/elasticsearch/xpack/core/ml/inference/preprocessing/CustomWordEmbeddingTests.java,CustomWordEmbeddingTests.java,CustomWordEmbeddingTests,""" TODO implement https://github.com/elastic/elasticsearch/issues/25929"""
GitHub,relation_test_code_smell_ML,C:\Users\ismak\Documents\GitHub\relation_test_code_smell_ML\dataset\projects\elasticsearch\x-pack\plugin\core\src\test\java\org\elasticsearch\xpack\core\ml\inference\preprocessing\FrequencyEncodingTests.java,dataset/projects/elasticsearch/x-pack/plugin/core/src/test/java/org/elasticsearch/xpack/core/ml/inference/preprocessing/FrequencyEncodingTests.java,FrequencyEncodingTests.java,FrequencyEncodingTests,""" TODO implement https://github.com/elastic/elasticsearch/issues/25929"""
GitHub,relation_test_code_smell_ML,C:\Users\ismak\Documents\GitHub\relation_test_code_smell_ML\dataset\projects\elasticsearch\x-pack\plugin\core\src\test\java\org\elasticsearch\xpack\core\ml\inference\preprocessing\MultiTests.java,dataset/projects/elasticsearch/x-pack/plugin/core/src/test/java/org/elasticsearch/xpack/core/ml/inference/preprocessing/MultiTests.java,MultiTests.java,MultiTests,""" TODO implement https://github.com/elastic/elasticsearch/issues/25929"""
GitHub,relation_test_code_smell_ML,C:\Users\ismak\Documents\GitHub\relation_test_code_smell_ML\dataset\projects\elasticsearch\x-pack\plugin\core\src\test\java\org\elasticsearch\xpack\core\ml\inference\preprocessing\NGramTests.java,dataset/projects/elasticsearch/x-pack/plugin/core/src/test/java/org/elasticsearch/xpack/core/ml/inference/preprocessing/NGramTests.java,NGramTests.java,NGramTests,""" TODO implement https://github.com/elastic/elasticsearch/issues/25929"""
GitHub,relation_test_code_smell_ML,C:\Users\ismak\Documents\GitHub\relation_test_code_smell_ML\dataset\projects\elasticsearch\x-pack\plugin\core\src\test\java\org\elasticsearch\xpack\core\ml\inference\preprocessing\OneHotEncodingTests.java,dataset/projects/elasticsearch/x-pack/plugin/core/src/test/java/org/elasticsearch/xpack/core/ml/inference/preprocessing/OneHotEncodingTests.java,OneHotEncodingTests.java,OneHotEncodingTests,""" TODO implement https://github.com/elastic/elasticsearch/issues/25929"""
GitHub,relation_test_code_smell_ML,C:\Users\ismak\Documents\GitHub\relation_test_code_smell_ML\dataset\projects\elasticsearch\x-pack\plugin\core\src\test\java\org\elasticsearch\xpack\core\ml\inference\preprocessing\PreProcessingTests.java,dataset/projects/elasticsearch/x-pack/plugin/core/src/test/java/org/elasticsearch/xpack/core/ml/inference/preprocessing/PreProcessingTests.java,PreProcessingTests.java,PreProcessingTests,""" TODO implement https://github.com/elastic/elasticsearch/issues/25929"""
GitHub,relation_test_code_smell_ML,C:\Users\ismak\Documents\GitHub\relation_test_code_smell_ML\dataset\projects\elasticsearch\x-pack\plugin\core\src\test\java\org\elasticsearch\xpack\core\ml\inference\preprocessing\TargetMeanEncodingTests.java,dataset/projects/elasticsearch/x-pack/plugin/core/src/test/java/org/elasticsearch/xpack/core/ml/inference/preprocessing/TargetMeanEncodingTests.java,TargetMeanEncodingTests.java,TargetMeanEncodingTests,""" TODO implement https://github.com/elastic/elasticsearch/issues/25929"""
GitHub,relation_test_code_smell_ML,C:\Users\ismak\Documents\GitHub\relation_test_code_smell_ML\dataset\projects\elasticsearch\x-pack\plugin\core\src\test\java\org\elasticsearch\xpack\core\ml\inference\results\ClassificationFeatureImportanceTests.java,dataset/projects/elasticsearch/x-pack/plugin/core/src/test/java/org/elasticsearch/xpack/core/ml/inference/results/ClassificationFeatureImportanceTests.java,ClassificationFeatureImportanceTests.java,ClassificationFeatureImportanceTests,""" TODO implement https://github.com/elastic/elasticsearch/issues/25929"""
GitHub,relation_test_code_smell_ML,C:\Users\ismak\Documents\GitHub\relation_test_code_smell_ML\dataset\projects\elasticsearch\x-pack\plugin\core\src\test\java\org\elasticsearch\xpack\core\ml\inference\results\ErrorInferenceResultsTests.java,dataset/projects/elasticsearch/x-pack/plugin/core/src/test/java/org/elasticsearch/xpack/core/ml/inference/results/ErrorInferenceResultsTests.java,ErrorInferenceResultsTests.java,ErrorInferenceResultsTests,""" TODO implement https://github.com/elastic/elasticsearch/issues/25929"""
GitHub,relation_test_code_smell_ML,C:\Users\ismak\Documents\GitHub\relation_test_code_smell_ML\dataset\projects\elasticsearch\x-pack\plugin\core\src\test\java\org\elasticsearch\xpack\core\ml\inference\results\FillMaskResultsTests.java,dataset/projects/elasticsearch/x-pack/plugin/core/src/test/java/org/elasticsearch/xpack/core/ml/inference/results/FillMaskResultsTests.java,FillMaskResultsTests.java,FillMaskResultsTests,""" TODO implement https://github.com/elastic/elasticsearch/issues/25929"""
GitHub,relation_test_code_smell_ML,C:\Users\ismak\Documents\GitHub\relation_test_code_smell_ML\dataset\projects\elasticsearch\x-pack\plugin\core\src\test\java\org\elasticsearch\xpack\core\ml\inference\results\MlDenseEmbeddingResultsTests.java,dataset/projects/elasticsearch/x-pack/plugin/core/src/test/java/org/elasticsearch/xpack/core/ml/inference/results/MlDenseEmbeddingResultsTests.java,MlDenseEmbeddingResultsTests.java,MlDenseEmbeddingResultsTests,""" TODO implement https://github.com/elastic/elasticsearch/issues/25929"""
GitHub,relation_test_code_smell_ML,C:\Users\ismak\Documents\GitHub\relation_test_code_smell_ML\dataset\projects\elasticsearch\x-pack\plugin\core\src\test\java\org\elasticsearch\xpack\core\ml\inference\results\NerResultsTests.java,dataset/projects/elasticsearch/x-pack/plugin/core/src/test/java/org/elasticsearch/xpack/core/ml/inference/results/NerResultsTests.java,NerResultsTests.java,NerResultsTests,""" TODO implement https://github.com/elastic/elasticsearch/issues/25929"""
GitHub,relation_test_code_smell_ML,C:\Users\ismak\Documents\GitHub\relation_test_code_smell_ML\dataset\projects\elasticsearch\x-pack\plugin\core\src\test\java\org\elasticsearch\xpack\core\ml\inference\results\NlpClassificationInferenceResultsTests.java,dataset/projects/elasticsearch/x-pack/plugin/core/src/test/java/org/elasticsearch/xpack/core/ml/inference/results/NlpClassificationInferenceResultsTests.java,NlpClassificationInferenceResultsTests.java,NlpClassificationInferenceResultsTests,""" TODO implement https://github.com/elastic/elasticsearch/issues/25929"""
GitHub,relation_test_code_smell_ML,C:\Users\ismak\Documents\GitHub\relation_test_code_smell_ML\dataset\projects\elasticsearch\x-pack\plugin\core\src\test\java\org\elasticsearch\xpack\core\ml\inference\results\PyTorchPassThroughResultsTests.java,dataset/projects/elasticsearch/x-pack/plugin/core/src/test/java/org/elasticsearch/xpack/core/ml/inference/results/PyTorchPassThroughResultsTests.java,PyTorchPassThroughResultsTests.java,PyTorchPassThroughResultsTests,""" TODO implement https://github.com/elastic/elasticsearch/issues/25929"""
GitHub,relation_test_code_smell_ML,C:\Users\ismak\Documents\GitHub\relation_test_code_smell_ML\dataset\projects\elasticsearch\x-pack\plugin\core\src\test\java\org\elasticsearch\xpack\core\ml\inference\results\QuestionAnsweringInferenceResultsTests.java,dataset/projects/elasticsearch/x-pack/plugin/core/src/test/java/org/elasticsearch/xpack/core/ml/inference/results/QuestionAnsweringInferenceResultsTests.java,QuestionAnsweringInferenceResultsTests.java,QuestionAnsweringInferenceResultsTests,""" TODO implement https://github.com/elastic/elasticsearch/issues/25929"""
GitHub,relation_test_code_smell_ML,C:\Users\ismak\Documents\GitHub\relation_test_code_smell_ML\dataset\projects\elasticsearch\x-pack\plugin\core\src\test\java\org\elasticsearch\xpack\core\ml\inference\results\RegressionFeatureImportanceTests.java,dataset/projects/elasticsearch/x-pack/plugin/core/src/test/java/org/elasticsearch/xpack/core/ml/inference/results/RegressionFeatureImportanceTests.java,RegressionFeatureImportanceTests.java,RegressionFeatureImportanceTests,""" TODO implement https://github.com/elastic/elasticsearch/issues/25929"""
GitHub,relation_test_code_smell_ML,C:\Users\ismak\Documents\GitHub\relation_test_code_smell_ML\dataset\projects\elasticsearch\x-pack\plugin\core\src\test\java\org\elasticsearch\xpack\core\ml\inference\results\TextSimilarityInferenceResultsTests.java,dataset/projects/elasticsearch/x-pack/plugin/core/src/test/java/org/elasticsearch/xpack/core/ml/inference/results/TextSimilarityInferenceResultsTests.java,TextSimilarityInferenceResultsTests.java,TextSimilarityInferenceResultsTests,""" TODO implement https://github.com/elastic/elasticsearch/issues/25929"""
GitHub,relation_test_code_smell_ML,C:\Users\ismak\Documents\GitHub\relation_test_code_smell_ML\dataset\projects\elasticsearch\x-pack\plugin\core\src\test\java\org\elasticsearch\xpack\core\ml\inference\results\TopAnswerEntryTests.java,dataset/projects/elasticsearch/x-pack/plugin/core/src/test/java/org/elasticsearch/xpack/core/ml/inference/results/TopAnswerEntryTests.java,TopAnswerEntryTests.java,TopAnswerEntryTests,""" TODO implement https://github.com/elastic/elasticsearch/issues/25929"""
GitHub,relation_test_code_smell_ML,C:\Users\ismak\Documents\GitHub\relation_test_code_smell_ML\dataset\projects\elasticsearch\x-pack\plugin\core\src\test\java\org\elasticsearch\xpack\core\ml\inference\results\TopClassEntryTests.java,dataset/projects/elasticsearch/x-pack/plugin/core/src/test/java/org/elasticsearch/xpack/core/ml/inference/results/TopClassEntryTests.java,TopClassEntryTests.java,TopClassEntryTests,""" TODO implement https://github.com/elastic/elasticsearch/issues/25929"""
GitHub,relation_test_code_smell_ML,C:\Users\ismak\Documents\GitHub\relation_test_code_smell_ML\dataset\projects\elasticsearch\x-pack\plugin\core\src\test\java\org\elasticsearch\xpack\core\ml\inference\results\WarningInferenceResultsTests.java,dataset/projects/elasticsearch/x-pack/plugin/core/src/test/java/org/elasticsearch/xpack/core/ml/inference/results/WarningInferenceResultsTests.java,WarningInferenceResultsTests.java,WarningInferenceResultsTests,""" TODO implement https://github.com/elastic/elasticsearch/issues/25929"""
GitHub,relation_test_code_smell_ML,C:\Users\ismak\Documents\GitHub\relation_test_code_smell_ML\dataset\projects\elasticsearch\x-pack\plugin\core\src\test\java\org\elasticsearch\xpack\core\ml\inference\trainedmodel\BertJapaneseTokenizationTests.java,dataset/projects/elasticsearch/x-pack/plugin/core/src/test/java/org/elasticsearch/xpack/core/ml/inference/trainedmodel/BertJapaneseTokenizationTests.java,BertJapaneseTokenizationTests.java,BertJapaneseTokenizationTests,""" TODO implement https://github.com/elastic/elasticsearch/issues/25929"""
GitHub,relation_test_code_smell_ML,C:\Users\ismak\Documents\GitHub\relation_test_code_smell_ML\dataset\projects\elasticsearch\x-pack\plugin\core\src\test\java\org\elasticsearch\xpack\core\ml\inference\trainedmodel\BertJapaneseTokenizationUpdateTests.java,dataset/projects/elasticsearch/x-pack/plugin/core/src/test/java/org/elasticsearch/xpack/core/ml/inference/trainedmodel/BertJapaneseTokenizationUpdateTests.java,BertJapaneseTokenizationUpdateTests.java,BertJapaneseTokenizationUpdateTests,""" TODO implement https://github.com/elastic/elasticsearch/issues/25929"""
GitHub,relation_test_code_smell_ML,C:\Users\ismak\Documents\GitHub\relation_test_code_smell_ML\dataset\projects\elasticsearch\x-pack\plugin\core\src\test\java\org\elasticsearch\xpack\core\ml\inference\trainedmodel\BertTokenizationTests.java,dataset/projects/elasticsearch/x-pack/plugin/core/src/test/java/org/elasticsearch/xpack/core/ml/inference/trainedmodel/BertTokenizationTests.java,BertTokenizationTests.java,BertTokenizationTests,""" TODO implement https://github.com/elastic/elasticsearch/issues/25929"""
GitHub,relation_test_code_smell_ML,C:\Users\ismak\Documents\GitHub\relation_test_code_smell_ML\dataset\projects\elasticsearch\x-pack\plugin\core\src\test\java\org\elasticsearch\xpack\core\ml\inference\trainedmodel\BertTokenizationUpdateTests.java,dataset/projects/elasticsearch/x-pack/plugin/core/src/test/java/org/elasticsearch/xpack/core/ml/inference/trainedmodel/BertTokenizationUpdateTests.java,BertTokenizationUpdateTests.java,BertTokenizationUpdateTests,""" TODO implement https://github.com/elastic/elasticsearch/issues/25929"""
GitHub,relation_test_code_smell_ML,C:\Users\ismak\Documents\GitHub\relation_test_code_smell_ML\dataset\projects\elasticsearch\x-pack\plugin\core\src\test\java\org\elasticsearch\xpack\core\ml\inference\trainedmodel\ClassificationConfigTests.java,dataset/projects/elasticsearch/x-pack/plugin/core/src/test/java/org/elasticsearch/xpack/core/ml/inference/trainedmodel/ClassificationConfigTests.java,ClassificationConfigTests.java,ClassificationConfigTests,""" TODO implement https://github.com/elastic/elasticsearch/issues/25929"""
GitHub,relation_test_code_smell_ML,C:\Users\ismak\Documents\GitHub\relation_test_code_smell_ML\dataset\projects\elasticsearch\x-pack\plugin\core\src\test\java\org\elasticsearch\xpack\core\ml\inference\trainedmodel\ClassificationConfigUpdateTests.java,dataset/projects/elasticsearch/x-pack/plugin/core/src/test/java/org/elasticsearch/xpack/core/ml/inference/trainedmodel/ClassificationConfigUpdateTests.java,ClassificationConfigUpdateTests.java,ClassificationConfigUpdateTests,""" TODO implement https://github.com/elastic/elasticsearch/issues/25929"""
GitHub,relation_test_code_smell_ML,C:\Users\ismak\Documents\GitHub\relation_test_code_smell_ML\dataset\projects\elasticsearch\x-pack\plugin\core\src\test\java\org\elasticsearch\xpack\core\ml\inference\trainedmodel\EmptyConfigUpdateTests.java,dataset/projects/elasticsearch/x-pack/plugin/core/src/test/java/org/elasticsearch/xpack/core/ml/inference/trainedmodel/EmptyConfigUpdateTests.java,EmptyConfigUpdateTests.java,EmptyConfigUpdateTests,""" TODO implement https://github.com/elastic/elasticsearch/issues/25929"""
GitHub,relation_test_code_smell_ML,C:\Users\ismak\Documents\GitHub\relation_test_code_smell_ML\dataset\projects\elasticsearch\x-pack\plugin\core\src\test\java\org\elasticsearch\xpack\core\ml\inference\trainedmodel\ensemble\EnsembleTests.java,dataset/projects/elasticsearch/x-pack/plugin/core/src/test/java/org/elasticsearch/xpack/core/ml/inference/trainedmodel/ensemble/EnsembleTests.java,EnsembleTests.java,EnsembleTests,""" TODO implement https://github.com/elastic/elasticsearch/issues/25929"""
GitHub,relation_test_code_smell_ML,C:\Users\ismak\Documents\GitHub\relation_test_code_smell_ML\dataset\projects\elasticsearch\x-pack\plugin\core\src\test\java\org\elasticsearch\xpack\core\ml\inference\trainedmodel\ensemble\ExponentTests.java,dataset/projects/elasticsearch/x-pack/plugin/core/src/test/java/org/elasticsearch/xpack/core/ml/inference/trainedmodel/ensemble/ExponentTests.java,ExponentTests.java,ExponentTests,""" TODO implement https://github.com/elastic/elasticsearch/issues/25929"""
GitHub,relation_test_code_smell_ML,C:\Users\ismak\Documents\GitHub\relation_test_code_smell_ML\dataset\projects\elasticsearch\x-pack\plugin\core\src\test\java\org\elasticsearch\xpack\core\ml\inference\trainedmodel\ensemble\LogisticRegressionTests.java,dataset/projects/elasticsearch/x-pack/plugin/core/src/test/java/org/elasticsearch/xpack/core/ml/inference/trainedmodel/ensemble/LogisticRegressionTests.java,LogisticRegressionTests.java,LogisticRegressionTests,""" TODO implement https://github.com/elastic/elasticsearch/issues/25929"""
GitHub,relation_test_code_smell_ML,C:\Users\ismak\Documents\GitHub\relation_test_code_smell_ML\dataset\projects\elasticsearch\x-pack\plugin\core\src\test\java\org\elasticsearch\xpack\core\ml\inference\trainedmodel\ensemble\WeightedAggregatorTests.java,dataset/projects/elasticsearch/x-pack/plugin/core/src/test/java/org/elasticsearch/xpack/core/ml/inference/trainedmodel/ensemble/WeightedAggregatorTests.java,WeightedAggregatorTests.java,WeightedAggregatorTests,""" TODO implement https://github.com/elastic/elasticsearch/issues/25929"""
GitHub,relation_test_code_smell_ML,C:\Users\ismak\Documents\GitHub\relation_test_code_smell_ML\dataset\projects\elasticsearch\x-pack\plugin\core\src\test\java\org\elasticsearch\xpack\core\ml\inference\trainedmodel\ensemble\WeightedModeTests.java,dataset/projects/elasticsearch/x-pack/plugin/core/src/test/java/org/elasticsearch/xpack/core/ml/inference/trainedmodel/ensemble/WeightedModeTests.java,WeightedModeTests.java,WeightedModeTests,""" TODO implement https://github.com/elastic/elasticsearch/issues/25929"""
GitHub,relation_test_code_smell_ML,C:\Users\ismak\Documents\GitHub\relation_test_code_smell_ML\dataset\projects\elasticsearch\x-pack\plugin\core\src\test\java\org\elasticsearch\xpack\core\ml\inference\trainedmodel\ensemble\WeightedSumTests.java,dataset/projects/elasticsearch/x-pack/plugin/core/src/test/java/org/elasticsearch/xpack/core/ml/inference/trainedmodel/ensemble/WeightedSumTests.java,WeightedSumTests.java,WeightedSumTests,""" TODO implement https://github.com/elastic/elasticsearch/issues/25929"""
GitHub,relation_test_code_smell_ML,C:\Users\ismak\Documents\GitHub\relation_test_code_smell_ML\dataset\projects\elasticsearch\x-pack\plugin\core\src\test\java\org\elasticsearch\xpack\core\ml\inference\trainedmodel\FillMaskConfigTests.java,dataset/projects/elasticsearch/x-pack/plugin/core/src/test/java/org/elasticsearch/xpack/core/ml/inference/trainedmodel/FillMaskConfigTests.java,FillMaskConfigTests.java,FillMaskConfigTests,""" TODO implement https://github.com/elastic/elasticsearch/issues/25929"""
GitHub,relation_test_code_smell_ML,C:\Users\ismak\Documents\GitHub\relation_test_code_smell_ML\dataset\projects\elasticsearch\x-pack\plugin\core\src\test\java\org\elasticsearch\xpack\core\ml\inference\trainedmodel\FillMaskConfigUpdateTests.java,dataset/projects/elasticsearch/x-pack/plugin/core/src/test/java/org/elasticsearch/xpack/core/ml/inference/trainedmodel/FillMaskConfigUpdateTests.java,FillMaskConfigUpdateTests.java,FillMaskConfigUpdateTests,""" TODO implement https://github.com/elastic/elasticsearch/issues/25929"""
GitHub,relation_test_code_smell_ML,C:\Users\ismak\Documents\GitHub\relation_test_code_smell_ML\dataset\projects\elasticsearch\x-pack\plugin\core\src\test\java\org\elasticsearch\xpack\core\ml\inference\trainedmodel\IndexLocationTests.java,dataset/projects/elasticsearch/x-pack/plugin/core/src/test/java/org/elasticsearch/xpack/core/ml/inference/trainedmodel/IndexLocationTests.java,IndexLocationTests.java,IndexLocationTests,""" TODO implement https://github.com/elastic/elasticsearch/issues/25929"""
GitHub,relation_test_code_smell_ML,C:\Users\ismak\Documents\GitHub\relation_test_code_smell_ML\dataset\projects\elasticsearch\x-pack\plugin\core\src\test\java\org\elasticsearch\xpack\core\ml\inference\trainedmodel\InferenceStatsTests.java,dataset/projects/elasticsearch/x-pack/plugin/core/src/test/java/org/elasticsearch/xpack/core/ml/inference/trainedmodel/InferenceStatsTests.java,InferenceStatsTests.java,InferenceStatsTests,""" TODO implement https://github.com/elastic/elasticsearch/issues/25929"""
GitHub,relation_test_code_smell_ML,C:\Users\ismak\Documents\GitHub\relation_test_code_smell_ML\dataset\projects\elasticsearch\x-pack\plugin\core\src\test\java\org\elasticsearch\xpack\core\ml\inference\trainedmodel\langident\LangIdentNeuralNetworkTests.java,dataset/projects/elasticsearch/x-pack/plugin/core/src/test/java/org/elasticsearch/xpack/core/ml/inference/trainedmodel/langident/LangIdentNeuralNetworkTests.java,LangIdentNeuralNetworkTests.java,LangIdentNeuralNetworkTests,""" TODO implement https://github.com/elastic/elasticsearch/issues/25929"""
GitHub,relation_test_code_smell_ML,C:\Users\ismak\Documents\GitHub\relation_test_code_smell_ML\dataset\projects\elasticsearch\x-pack\plugin\core\src\test\java\org\elasticsearch\xpack\core\ml\inference\trainedmodel\langident\LangNetLayerTests.java,dataset/projects/elasticsearch/x-pack/plugin/core/src/test/java/org/elasticsearch/xpack/core/ml/inference/trainedmodel/langident/LangNetLayerTests.java,LangNetLayerTests.java,LangNetLayerTests,""" TODO implement https://github.com/elastic/elasticsearch/issues/25929"""
GitHub,relation_test_code_smell_ML,C:\Users\ismak\Documents\GitHub\relation_test_code_smell_ML\dataset\projects\elasticsearch\x-pack\plugin\core\src\test\java\org\elasticsearch\xpack\core\ml\inference\trainedmodel\metadata\FeatureImportanceBaselineTests.java,dataset/projects/elasticsearch/x-pack/plugin/core/src/test/java/org/elasticsearch/xpack/core/ml/inference/trainedmodel/metadata/FeatureImportanceBaselineTests.java,FeatureImportanceBaselineTests.java,FeatureImportanceBaselineTests,""" TODO implement https://github.com/elastic/elasticsearch/issues/25929"""
GitHub,relation_test_code_smell_ML,C:\Users\ismak\Documents\GitHub\relation_test_code_smell_ML\dataset\projects\elasticsearch\x-pack\plugin\core\src\test\java\org\elasticsearch\xpack\core\ml\inference\trainedmodel\metadata\HyperparametersTests.java,dataset/projects/elasticsearch/x-pack/plugin/core/src/test/java/org/elasticsearch/xpack/core/ml/inference/trainedmodel/metadata/HyperparametersTests.java,HyperparametersTests.java,HyperparametersTests,""" TODO implement https://github.com/elastic/elasticsearch/issues/25929"""
GitHub,relation_test_code_smell_ML,C:\Users\ismak\Documents\GitHub\relation_test_code_smell_ML\dataset\projects\elasticsearch\x-pack\plugin\core\src\test\java\org\elasticsearch\xpack\core\ml\inference\trainedmodel\metadata\TotalFeatureImportanceTests.java,dataset/projects/elasticsearch/x-pack/plugin/core/src/test/java/org/elasticsearch/xpack/core/ml/inference/trainedmodel/metadata/TotalFeatureImportanceTests.java,TotalFeatureImportanceTests.java,TotalFeatureImportanceTests,""" TODO implement https://github.com/elastic/elasticsearch/issues/25929"""
GitHub,relation_test_code_smell_ML,C:\Users\ismak\Documents\GitHub\relation_test_code_smell_ML\dataset\projects\elasticsearch\x-pack\plugin\core\src\test\java\org\elasticsearch\xpack\core\ml\inference\trainedmodel\metadata\TrainedModelMetadataTests.java,dataset/projects/elasticsearch/x-pack/plugin/core/src/test/java/org/elasticsearch/xpack/core/ml/inference/trainedmodel/metadata/TrainedModelMetadataTests.java,TrainedModelMetadataTests.java,TrainedModelMetadataTests,""" TODO implement https://github.com/elastic/elasticsearch/issues/25929"""
GitHub,relation_test_code_smell_ML,C:\Users\ismak\Documents\GitHub\relation_test_code_smell_ML\dataset\projects\elasticsearch\x-pack\plugin\core\src\test\java\org\elasticsearch\xpack\core\ml\inference\trainedmodel\MPNetTokenizationTests.java,dataset/projects/elasticsearch/x-pack/plugin/core/src/test/java/org/elasticsearch/xpack/core/ml/inference/trainedmodel/MPNetTokenizationTests.java,MPNetTokenizationTests.java,MPNetTokenizationTests,""" TODO implement https://github.com/elastic/elasticsearch/issues/25929"""
GitHub,relation_test_code_smell_ML,C:\Users\ismak\Documents\GitHub\relation_test_code_smell_ML\dataset\projects\elasticsearch\x-pack\plugin\core\src\test\java\org\elasticsearch\xpack\core\ml\inference\trainedmodel\MPNetTokenizationUpdateTests.java,dataset/projects/elasticsearch/x-pack/plugin/core/src/test/java/org/elasticsearch/xpack/core/ml/inference/trainedmodel/MPNetTokenizationUpdateTests.java,MPNetTokenizationUpdateTests.java,MPNetTokenizationUpdateTests,""" TODO implement https://github.com/elastic/elasticsearch/issues/25929"""
GitHub,relation_test_code_smell_ML,C:\Users\ismak\Documents\GitHub\relation_test_code_smell_ML\dataset\projects\elasticsearch\x-pack\plugin\core\src\test\java\org\elasticsearch\xpack\core\ml\inference\trainedmodel\NerConfigTests.java,dataset/projects/elasticsearch/x-pack/plugin/core/src/test/java/org/elasticsearch/xpack/core/ml/inference/trainedmodel/NerConfigTests.java,NerConfigTests.java,NerConfigTests,""" TODO implement https://github.com/elastic/elasticsearch/issues/25929"""
GitHub,relation_test_code_smell_ML,C:\Users\ismak\Documents\GitHub\relation_test_code_smell_ML\dataset\projects\elasticsearch\x-pack\plugin\core\src\test\java\org\elasticsearch\xpack\core\ml\inference\trainedmodel\NerConfigUpdateTests.java,dataset/projects/elasticsearch/x-pack/plugin/core/src/test/java/org/elasticsearch/xpack/core/ml/inference/trainedmodel/NerConfigUpdateTests.java,NerConfigUpdateTests.java,NerConfigUpdateTests,""" TODO implement https://github.com/elastic/elasticsearch/issues/25929"""
GitHub,relation_test_code_smell_ML,C:\Users\ismak\Documents\GitHub\relation_test_code_smell_ML\dataset\projects\elasticsearch\x-pack\plugin\core\src\test\java\org\elasticsearch\xpack\core\ml\inference\trainedmodel\PassThroughConfigTests.java,dataset/projects/elasticsearch/x-pack/plugin/core/src/test/java/org/elasticsearch/xpack/core/ml/inference/trainedmodel/PassThroughConfigTests.java,PassThroughConfigTests.java,PassThroughConfigTests,""" TODO implement https://github.com/elastic/elasticsearch/issues/25929"""
GitHub,relation_test_code_smell_ML,C:\Users\ismak\Documents\GitHub\relation_test_code_smell_ML\dataset\projects\elasticsearch\x-pack\plugin\core\src\test\java\org\elasticsearch\xpack\core\ml\inference\trainedmodel\PassThroughConfigUpdateTests.java,dataset/projects/elasticsearch/x-pack/plugin/core/src/test/java/org/elasticsearch/xpack/core/ml/inference/trainedmodel/PassThroughConfigUpdateTests.java,PassThroughConfigUpdateTests.java,PassThroughConfigUpdateTests,""" TODO implement https://github.com/elastic/elasticsearch/issues/25929"""
GitHub,relation_test_code_smell_ML,C:\Users\ismak\Documents\GitHub\relation_test_code_smell_ML\dataset\projects\elasticsearch\x-pack\plugin\core\src\test\java\org\elasticsearch\xpack\core\ml\inference\trainedmodel\QuestionAnsweringConfigTests.java,dataset/projects/elasticsearch/x-pack/plugin/core/src/test/java/org/elasticsearch/xpack/core/ml/inference/trainedmodel/QuestionAnsweringConfigTests.java,QuestionAnsweringConfigTests.java,QuestionAnsweringConfigTests,""" TODO implement https://github.com/elastic/elasticsearch/issues/25929"""
GitHub,relation_test_code_smell_ML,C:\Users\ismak\Documents\GitHub\relation_test_code_smell_ML\dataset\projects\elasticsearch\x-pack\plugin\core\src\test\java\org\elasticsearch\xpack\core\ml\inference\trainedmodel\QuestionAnsweringConfigUpdateTests.java,dataset/projects/elasticsearch/x-pack/plugin/core/src/test/java/org/elasticsearch/xpack/core/ml/inference/trainedmodel/QuestionAnsweringConfigUpdateTests.java,QuestionAnsweringConfigUpdateTests.java,QuestionAnsweringConfigUpdateTests,""" TODO implement https://github.com/elastic/elasticsearch/issues/25929"""
GitHub,relation_test_code_smell_ML,C:\Users\ismak\Documents\GitHub\relation_test_code_smell_ML\dataset\projects\elasticsearch\x-pack\plugin\core\src\test\java\org\elasticsearch\xpack\core\ml\inference\trainedmodel\RegressionConfigTests.java,dataset/projects/elasticsearch/x-pack/plugin/core/src/test/java/org/elasticsearch/xpack/core/ml/inference/trainedmodel/RegressionConfigTests.java,RegressionConfigTests.java,RegressionConfigTests,""" TODO implement https://github.com/elastic/elasticsearch/issues/25929"""
GitHub,relation_test_code_smell_ML,C:\Users\ismak\Documents\GitHub\relation_test_code_smell_ML\dataset\projects\elasticsearch\x-pack\plugin\core\src\test\java\org\elasticsearch\xpack\core\ml\inference\trainedmodel\RegressionConfigUpdateTests.java,dataset/projects/elasticsearch/x-pack/plugin/core/src/test/java/org/elasticsearch/xpack/core/ml/inference/trainedmodel/RegressionConfigUpdateTests.java,RegressionConfigUpdateTests.java,RegressionConfigUpdateTests,""" TODO implement https://github.com/elastic/elasticsearch/issues/25929"""
GitHub,relation_test_code_smell_ML,C:\Users\ismak\Documents\GitHub\relation_test_code_smell_ML\dataset\projects\elasticsearch\x-pack\plugin\core\src\test\java\org\elasticsearch\xpack\core\ml\inference\trainedmodel\ResultsFieldUpdateTests.java,dataset/projects/elasticsearch/x-pack/plugin/core/src/test/java/org/elasticsearch/xpack/core/ml/inference/trainedmodel/ResultsFieldUpdateTests.java,ResultsFieldUpdateTests.java,ResultsFieldUpdateTests,""" TODO implement https://github.com/elastic/elasticsearch/issues/25929"""
GitHub,relation_test_code_smell_ML,C:\Users\ismak\Documents\GitHub\relation_test_code_smell_ML\dataset\projects\elasticsearch\x-pack\plugin\core\src\test\java\org\elasticsearch\xpack\core\ml\inference\trainedmodel\RobertaTokenizationTests.java,dataset/projects/elasticsearch/x-pack/plugin/core/src/test/java/org/elasticsearch/xpack/core/ml/inference/trainedmodel/RobertaTokenizationTests.java,RobertaTokenizationTests.java,RobertaTokenizationTests,""" TODO implement https://github.com/elastic/elasticsearch/issues/25929"""
GitHub,relation_test_code_smell_ML,C:\Users\ismak\Documents\GitHub\relation_test_code_smell_ML\dataset\projects\elasticsearch\x-pack\plugin\core\src\test\java\org\elasticsearch\xpack\core\ml\inference\trainedmodel\RobertaTokenizationUpdateTests.java,dataset/projects/elasticsearch/x-pack/plugin/core/src/test/java/org/elasticsearch/xpack/core/ml/inference/trainedmodel/RobertaTokenizationUpdateTests.java,RobertaTokenizationUpdateTests.java,RobertaTokenizationUpdateTests,""" TODO implement https://github.com/elastic/elasticsearch/issues/25929"""
GitHub,relation_test_code_smell_ML,C:\Users\ismak\Documents\GitHub\relation_test_code_smell_ML\dataset\projects\elasticsearch\x-pack\plugin\core\src\test\java\org\elasticsearch\xpack\core\ml\inference\trainedmodel\TextClassificationConfigTests.java,dataset/projects/elasticsearch/x-pack/plugin/core/src/test/java/org/elasticsearch/xpack/core/ml/inference/trainedmodel/TextClassificationConfigTests.java,TextClassificationConfigTests.java,TextClassificationConfigTests,""" TODO implement https://github.com/elastic/elasticsearch/issues/25929"""
GitHub,relation_test_code_smell_ML,C:\Users\ismak\Documents\GitHub\relation_test_code_smell_ML\dataset\projects\elasticsearch\x-pack\plugin\core\src\test\java\org\elasticsearch\xpack\core\ml\inference\trainedmodel\TextClassificationConfigUpdateTests.java,dataset/projects/elasticsearch/x-pack/plugin/core/src/test/java/org/elasticsearch/xpack/core/ml/inference/trainedmodel/TextClassificationConfigUpdateTests.java,TextClassificationConfigUpdateTests.java,TextClassificationConfigUpdateTests,""" TODO implement https://github.com/elastic/elasticsearch/issues/25929"""
GitHub,relation_test_code_smell_ML,C:\Users\ismak\Documents\GitHub\relation_test_code_smell_ML\dataset\projects\elasticsearch\x-pack\plugin\core\src\test\java\org\elasticsearch\xpack\core\ml\inference\trainedmodel\TextEmbeddingConfigByteLevelBpeBwcTests.java,dataset/projects/elasticsearch/x-pack/plugin/core/src/test/java/org/elasticsearch/xpack/core/ml/inference/trainedmodel/TextEmbeddingConfigByteLevelBpeBwcTests.java,TextEmbeddingConfigByteLevelBpeBwcTests.java,TextEmbeddingConfigByteLevelBpeBwcTests,""" TODO implement https://github.com/elastic/elasticsearch/issues/25929"""
GitHub,relation_test_code_smell_ML,C:\Users\ismak\Documents\GitHub\relation_test_code_smell_ML\dataset\projects\elasticsearch\x-pack\plugin\core\src\test\java\org\elasticsearch\xpack\core\ml\inference\trainedmodel\TextEmbeddingConfigTests.java,dataset/projects/elasticsearch/x-pack/plugin/core/src/test/java/org/elasticsearch/xpack/core/ml/inference/trainedmodel/TextEmbeddingConfigTests.java,TextEmbeddingConfigTests.java,TextEmbeddingConfigTests,""" TODO implement https://github.com/elastic/elasticsearch/issues/25929"""
GitHub,relation_test_code_smell_ML,C:\Users\ismak\Documents\GitHub\relation_test_code_smell_ML\dataset\projects\elasticsearch\x-pack\plugin\core\src\test\java\org\elasticsearch\xpack\core\ml\inference\trainedmodel\TextEmbeddingConfigUpdateTests.java,dataset/projects/elasticsearch/x-pack/plugin/core/src/test/java/org/elasticsearch/xpack/core/ml/inference/trainedmodel/TextEmbeddingConfigUpdateTests.java,TextEmbeddingConfigUpdateTests.java,TextEmbeddingConfigUpdateTests,""" TODO implement https://github.com/elastic/elasticsearch/issues/25929"""
GitHub,relation_test_code_smell_ML,C:\Users\ismak\Documents\GitHub\relation_test_code_smell_ML\dataset\projects\elasticsearch\x-pack\plugin\core\src\test\java\org\elasticsearch\xpack\core\ml\inference\trainedmodel\TextExpansionConfigTests.java,dataset/projects/elasticsearch/x-pack/plugin/core/src/test/java/org/elasticsearch/xpack/core/ml/inference/trainedmodel/TextExpansionConfigTests.java,TextExpansionConfigTests.java,TextExpansionConfigTests,""" TODO implement https://github.com/elastic/elasticsearch/issues/25929"""
GitHub,relation_test_code_smell_ML,C:\Users\ismak\Documents\GitHub\relation_test_code_smell_ML\dataset\projects\elasticsearch\x-pack\plugin\core\src\test\java\org\elasticsearch\xpack\core\ml\inference\trainedmodel\TextExpansionConfigUpdateTests.java,dataset/projects/elasticsearch/x-pack/plugin/core/src/test/java/org/elasticsearch/xpack/core/ml/inference/trainedmodel/TextExpansionConfigUpdateTests.java,TextExpansionConfigUpdateTests.java,TextExpansionConfigUpdateTests,""" TODO implement https://github.com/elastic/elasticsearch/issues/25929"""
GitHub,relation_test_code_smell_ML,C:\Users\ismak\Documents\GitHub\relation_test_code_smell_ML\dataset\projects\elasticsearch\x-pack\plugin\core\src\test\java\org\elasticsearch\xpack\core\ml\inference\trainedmodel\TextSimilarityConfigTests.java,dataset/projects/elasticsearch/x-pack/plugin/core/src/test/java/org/elasticsearch/xpack/core/ml/inference/trainedmodel/TextSimilarityConfigTests.java,TextSimilarityConfigTests.java,TextSimilarityConfigTests,""" TODO implement https://github.com/elastic/elasticsearch/issues/25929"""
GitHub,relation_test_code_smell_ML,C:\Users\ismak\Documents\GitHub\relation_test_code_smell_ML\dataset\projects\elasticsearch\x-pack\plugin\core\src\test\java\org\elasticsearch\xpack\core\ml\inference\trainedmodel\TextSimilarityConfigUpdateTests.java,dataset/projects/elasticsearch/x-pack/plugin/core/src/test/java/org/elasticsearch/xpack/core/ml/inference/trainedmodel/TextSimilarityConfigUpdateTests.java,TextSimilarityConfigUpdateTests.java,TextSimilarityConfigUpdateTests,""" TODO implement https://github.com/elastic/elasticsearch/issues/25929"""
GitHub,relation_test_code_smell_ML,C:\Users\ismak\Documents\GitHub\relation_test_code_smell_ML\dataset\projects\elasticsearch\x-pack\plugin\core\src\test\java\org\elasticsearch\xpack\core\ml\inference\trainedmodel\TrainedModelSizeStatsTests.java,dataset/projects/elasticsearch/x-pack/plugin/core/src/test/java/org/elasticsearch/xpack/core/ml/inference/trainedmodel/TrainedModelSizeStatsTests.java,TrainedModelSizeStatsTests.java,TrainedModelSizeStatsTests,""" TODO implement https://github.com/elastic/elasticsearch/issues/25929"""
GitHub,relation_test_code_smell_ML,C:\Users\ismak\Documents\GitHub\relation_test_code_smell_ML\dataset\projects\elasticsearch\x-pack\plugin\core\src\test\java\org\elasticsearch\xpack\core\ml\inference\trainedmodel\tree\TreeNodeTests.java,dataset/projects/elasticsearch/x-pack/plugin/core/src/test/java/org/elasticsearch/xpack/core/ml/inference/trainedmodel/tree/TreeNodeTests.java,TreeNodeTests.java,TreeNodeTests,""" TODO implement https://github.com/elastic/elasticsearch/issues/25929"""
GitHub,relation_test_code_smell_ML,C:\Users\ismak\Documents\GitHub\relation_test_code_smell_ML\dataset\projects\elasticsearch\x-pack\plugin\core\src\test\java\org\elasticsearch\xpack\core\ml\inference\trainedmodel\tree\TreeTests.java,dataset/projects/elasticsearch/x-pack/plugin/core/src/test/java/org/elasticsearch/xpack/core/ml/inference/trainedmodel/tree/TreeTests.java,TreeTests.java,TreeTests,""" TODO implement https://github.com/elastic/elasticsearch/issues/25929"""
GitHub,relation_test_code_smell_ML,C:\Users\ismak\Documents\GitHub\relation_test_code_smell_ML\dataset\projects\elasticsearch\x-pack\plugin\core\src\test\java\org\elasticsearch\xpack\core\ml\inference\trainedmodel\VocabularyConfigTests.java,dataset/projects/elasticsearch/x-pack/plugin/core/src/test/java/org/elasticsearch/xpack/core/ml/inference/trainedmodel/VocabularyConfigTests.java,VocabularyConfigTests.java,VocabularyConfigTests,""" TODO implement https://github.com/elastic/elasticsearch/issues/25929"""
GitHub,relation_test_code_smell_ML,C:\Users\ismak\Documents\GitHub\relation_test_code_smell_ML\dataset\projects\elasticsearch\x-pack\plugin\core\src\test\java\org\elasticsearch\xpack\core\ml\inference\trainedmodel\XLMRobertaTokenizationTests.java,dataset/projects/elasticsearch/x-pack/plugin/core/src/test/java/org/elasticsearch/xpack/core/ml/inference/trainedmodel/XLMRobertaTokenizationTests.java,XLMRobertaTokenizationTests.java,XLMRobertaTokenizationTests,""" TODO implement https://github.com/elastic/elasticsearch/issues/25929"""
GitHub,relation_test_code_smell_ML,C:\Users\ismak\Documents\GitHub\relation_test_code_smell_ML\dataset\projects\elasticsearch\x-pack\plugin\core\src\test\java\org\elasticsearch\xpack\core\ml\inference\trainedmodel\XLMRobertaTokenizationUpdateTests.java,dataset/projects/elasticsearch/x-pack/plugin/core/src/test/java/org/elasticsearch/xpack/core/ml/inference/trainedmodel/XLMRobertaTokenizationUpdateTests.java,XLMRobertaTokenizationUpdateTests.java,XLMRobertaTokenizationUpdateTests,""" TODO implement https://github.com/elastic/elasticsearch/issues/25929"""
GitHub,relation_test_code_smell_ML,C:\Users\ismak\Documents\GitHub\relation_test_code_smell_ML\dataset\projects\elasticsearch\x-pack\plugin\core\src\test\java\org\elasticsearch\xpack\core\ml\inference\trainedmodel\ZeroShotClassificationConfigTests.java,dataset/projects/elasticsearch/x-pack/plugin/core/src/test/java/org/elasticsearch/xpack/core/ml/inference/trainedmodel/ZeroShotClassificationConfigTests.java,ZeroShotClassificationConfigTests.java,ZeroShotClassificationConfigTests,""" TODO implement https://github.com/elastic/elasticsearch/issues/25929"""
GitHub,relation_test_code_smell_ML,C:\Users\ismak\Documents\GitHub\relation_test_code_smell_ML\dataset\projects\elasticsearch\x-pack\plugin\core\src\test\java\org\elasticsearch\xpack\core\ml\inference\trainedmodel\ZeroShotClassificationConfigUpdateTests.java,dataset/projects/elasticsearch/x-pack/plugin/core/src/test/java/org/elasticsearch/xpack/core/ml/inference/trainedmodel/ZeroShotClassificationConfigUpdateTests.java,ZeroShotClassificationConfigUpdateTests.java,ZeroShotClassificationConfigUpdateTests,""" TODO implement https://github.com/elastic/elasticsearch/issues/25929"""
GitHub,relation_test_code_smell_ML,C:\Users\ismak\Documents\GitHub\relation_test_code_smell_ML\dataset\projects\elasticsearch\x-pack\plugin\core\src\test\java\org\elasticsearch\xpack\core\ml\inference\TrainedModelInputTests.java,dataset/projects/elasticsearch/x-pack/plugin/core/src/test/java/org/elasticsearch/xpack/core/ml/inference/TrainedModelInputTests.java,TrainedModelInputTests.java,TrainedModelInputTests,""" TODO implement https://github.com/elastic/elasticsearch/issues/25929"""
GitHub,relation_test_code_smell_ML,C:\Users\ismak\Documents\GitHub\relation_test_code_smell_ML\dataset\projects\elasticsearch\x-pack\plugin\core\src\test\java\org\elasticsearch\xpack\core\ml\job\config\BlockedTests.java,dataset/projects/elasticsearch/x-pack/plugin/core/src/test/java/org/elasticsearch/xpack/core/ml/job/config/BlockedTests.java,BlockedTests.java,BlockedTests,""" TODO implement https://github.com/elastic/elasticsearch/issues/25929"""
GitHub,relation_test_code_smell_ML,C:\Users\ismak\Documents\GitHub\relation_test_code_smell_ML\dataset\projects\elasticsearch\x-pack\plugin\core\src\test\java\org\elasticsearch\xpack\core\ml\job\config\DetectorTests.java,dataset/projects/elasticsearch/x-pack/plugin/core/src/test/java/org/elasticsearch/xpack/core/ml/job/config/DetectorTests.java,DetectorTests.java,DetectorTests,""" TODO implement https://github.com/elastic/elasticsearch/issues/25929"""
GitHub,relation_test_code_smell_ML,C:\Users\ismak\Documents\GitHub\relation_test_code_smell_ML\dataset\projects\elasticsearch\x-pack\plugin\core\src\test\java\org\elasticsearch\xpack\core\ml\job\config\FilterRefTests.java,dataset/projects/elasticsearch/x-pack/plugin/core/src/test/java/org/elasticsearch/xpack/core/ml/job/config/FilterRefTests.java,FilterRefTests.java,FilterRefTests,""" TODO implement https://github.com/elastic/elasticsearch/issues/25929"""
GitHub,relation_test_code_smell_ML,C:\Users\ismak\Documents\GitHub\relation_test_code_smell_ML\dataset\projects\elasticsearch\x-pack\plugin\core\src\test\java\org\elasticsearch\xpack\core\ml\job\config\JobUpdateTests.java,dataset/projects/elasticsearch/x-pack/plugin/core/src/test/java/org/elasticsearch/xpack/core/ml/job/config/JobUpdateTests.java,JobUpdateTests.java,JobUpdateTests,""" TODO implement https://github.com/elastic/elasticsearch/issues/25929"""
GitHub,relation_test_code_smell_ML,C:\Users\ismak\Documents\GitHub\relation_test_code_smell_ML\dataset\projects\elasticsearch\x-pack\plugin\core\src\test\java\org\elasticsearch\xpack\core\ml\job\config\MlFilterTests.java,dataset/projects/elasticsearch/x-pack/plugin/core/src/test/java/org/elasticsearch/xpack/core/ml/job/config/MlFilterTests.java,MlFilterTests.java,MlFilterTests,""" TODO implement https://github.com/elastic/elasticsearch/issues/25929"""
GitHub,relation_test_code_smell_ML,C:\Users\ismak\Documents\GitHub\relation_test_code_smell_ML\dataset\projects\elasticsearch\x-pack\plugin\core\src\test\java\org\elasticsearch\xpack\core\ml\job\config\ModelPlotConfigTests.java,dataset/projects/elasticsearch/x-pack/plugin/core/src/test/java/org/elasticsearch/xpack/core/ml/job/config/ModelPlotConfigTests.java,ModelPlotConfigTests.java,ModelPlotConfigTests,""" TODO implement https://github.com/elastic/elasticsearch/issues/25929"""
GitHub,relation_test_code_smell_ML,C:\Users\ismak\Documents\GitHub\relation_test_code_smell_ML\dataset\projects\elasticsearch\x-pack\plugin\core\src\test\java\org\elasticsearch\xpack\core\ml\job\config\PerPartitionCategorizationConfigTests.java,dataset/projects/elasticsearch/x-pack/plugin/core/src/test/java/org/elasticsearch/xpack/core/ml/job/config/PerPartitionCategorizationConfigTests.java,PerPartitionCategorizationConfigTests.java,PerPartitionCategorizationConfigTests,""" TODO implement https://github.com/elastic/elasticsearch/issues/25929"""
GitHub,relation_test_code_smell_ML,C:\Users\ismak\Documents\GitHub\relation_test_code_smell_ML\dataset\projects\elasticsearch\x-pack\plugin\core\src\test\java\org\elasticsearch\xpack\core\ml\job\config\RuleConditionTests.java,dataset/projects/elasticsearch/x-pack/plugin/core/src/test/java/org/elasticsearch/xpack/core/ml/job/config/RuleConditionTests.java,RuleConditionTests.java,RuleConditionTests,""" TODO implement https://github.com/elastic/elasticsearch/issues/25929"""
GitHub,relation_test_code_smell_ML,C:\Users\ismak\Documents\GitHub\relation_test_code_smell_ML\dataset\projects\elasticsearch\x-pack\plugin\core\src\test\java\org\elasticsearch\xpack\core\ml\job\config\RuleScopeTests.java,dataset/projects/elasticsearch/x-pack/plugin/core/src/test/java/org/elasticsearch/xpack/core/ml/job/config/RuleScopeTests.java,RuleScopeTests.java,RuleScopeTests,""" TODO implement https://github.com/elastic/elasticsearch/issues/25929"""
GitHub,relation_test_code_smell_ML,C:\Users\ismak\Documents\GitHub\relation_test_code_smell_ML\dataset\projects\elasticsearch\x-pack\plugin\core\src\test\java\org\elasticsearch\xpack\core\ml\job\process\autodetect\state\CategorizerStatsTests.java,dataset/projects/elasticsearch/x-pack/plugin/core/src/test/java/org/elasticsearch/xpack/core/ml/job/process/autodetect/state/CategorizerStatsTests.java,CategorizerStatsTests.java,CategorizerStatsTests,""" TODO implement https://github.com/elastic/elasticsearch/issues/25929"""
GitHub,relation_test_code_smell_ML,C:\Users\ismak\Documents\GitHub\relation_test_code_smell_ML\dataset\projects\elasticsearch\x-pack\plugin\core\src\test\java\org\elasticsearch\xpack\core\ml\job\process\autodetect\state\DataCountsTests.java,dataset/projects/elasticsearch/x-pack/plugin/core/src/test/java/org/elasticsearch/xpack/core/ml/job/process/autodetect/state/DataCountsTests.java,DataCountsTests.java,DataCountsTests,""" TODO implement https://github.com/elastic/elasticsearch/issues/25929"""
GitHub,relation_test_code_smell_ML,C:\Users\ismak\Documents\GitHub\relation_test_code_smell_ML\dataset\projects\elasticsearch\x-pack\plugin\core\src\test\java\org\elasticsearch\xpack\core\ml\job\process\autodetect\state\ModelSizeStatsTests.java,dataset/projects/elasticsearch/x-pack/plugin/core/src/test/java/org/elasticsearch/xpack/core/ml/job/process/autodetect/state/ModelSizeStatsTests.java,ModelSizeStatsTests.java,ModelSizeStatsTests,""" TODO implement https://github.com/elastic/elasticsearch/issues/25929"""
GitHub,relation_test_code_smell_ML,C:\Users\ismak\Documents\GitHub\relation_test_code_smell_ML\dataset\projects\elasticsearch\x-pack\plugin\core\src\test\java\org\elasticsearch\xpack\core\ml\job\process\autodetect\state\ModelSnapshotTests.java,dataset/projects/elasticsearch/x-pack/plugin/core/src/test/java/org/elasticsearch/xpack/core/ml/job/process/autodetect/state/ModelSnapshotTests.java,ModelSnapshotTests.java,ModelSnapshotTests,""" TODO implement https://github.com/elastic/elasticsearch/issues/25929"""
GitHub,relation_test_code_smell_ML,C:\Users\ismak\Documents\GitHub\relation_test_code_smell_ML\dataset\projects\elasticsearch\x-pack\plugin\core\src\test\java\org\elasticsearch\xpack\core\ml\job\process\autodetect\state\TimingStatsTests.java,dataset/projects/elasticsearch/x-pack/plugin/core/src/test/java/org/elasticsearch/xpack/core/ml/job/process/autodetect/state/TimingStatsTests.java,TimingStatsTests.java,TimingStatsTests,""" TODO implement https://github.com/elastic/elasticsearch/issues/25929"""
GitHub,relation_test_code_smell_ML,C:\Users\ismak\Documents\GitHub\relation_test_code_smell_ML\dataset\projects\elasticsearch\x-pack\plugin\core\src\test\java\org\elasticsearch\xpack\core\ml\job\results\AnomalyCauseTests.java,dataset/projects/elasticsearch/x-pack/plugin/core/src/test/java/org/elasticsearch/xpack/core/ml/job/results/AnomalyCauseTests.java,AnomalyCauseTests.java,AnomalyCauseTests,""" TODO implement https://github.com/elastic/elasticsearch/issues/25929"""
GitHub,relation_test_code_smell_ML,C:\Users\ismak\Documents\GitHub\relation_test_code_smell_ML\dataset\projects\elasticsearch\x-pack\plugin\core\src\test\java\org\elasticsearch\xpack\core\ml\job\results\GeoResultsTests.java,dataset/projects/elasticsearch/x-pack/plugin/core/src/test/java/org/elasticsearch/xpack/core/ml/job/results/GeoResultsTests.java,GeoResultsTests.java,GeoResultsTests,""" TODO implement https://github.com/elastic/elasticsearch/issues/25929"""
GitHub,relation_test_code_smell_ML,C:\Users\ismak\Documents\GitHub\relation_test_code_smell_ML\dataset\projects\elasticsearch\x-pack\plugin\core\src\test\java\org\elasticsearch\xpack\core\ml\job\snapshot\upgrade\SnapshotUpgradeTaskParamsTests.java,dataset/projects/elasticsearch/x-pack/plugin/core/src/test/java/org/elasticsearch/xpack/core/ml/job/snapshot/upgrade/SnapshotUpgradeTaskParamsTests.java,SnapshotUpgradeTaskParamsTests.java,SnapshotUpgradeTaskParamsTests,""" TODO implement https://github.com/elastic/elasticsearch/issues/25929"""
GitHub,relation_test_code_smell_ML,C:\Users\ismak\Documents\GitHub\relation_test_code_smell_ML\dataset\projects\elasticsearch\x-pack\plugin\core\src\test\java\org\elasticsearch\xpack\core\ml\stats\CountAccumulatorTests.java,dataset/projects/elasticsearch/x-pack/plugin/core/src/test/java/org/elasticsearch/xpack/core/ml/stats/CountAccumulatorTests.java,CountAccumulatorTests.java,CountAccumulatorTests,""" TODO implement https://github.com/elastic/elasticsearch/issues/25929"""
GitHub,relation_test_code_smell_ML,C:\Users\ismak\Documents\GitHub\relation_test_code_smell_ML\dataset\projects\elasticsearch\x-pack\plugin\core\src\test\java\org\elasticsearch\xpack\core\ml\stats\ForecastStatsTests.java,dataset/projects/elasticsearch/x-pack/plugin/core/src/test/java/org/elasticsearch/xpack/core/ml/stats/ForecastStatsTests.java,ForecastStatsTests.java,ForecastStatsTests,""" TODO implement https://github.com/elastic/elasticsearch/issues/25929"""
GitHub,relation_test_code_smell_ML,C:\Users\ismak\Documents\GitHub\relation_test_code_smell_ML\dataset\projects\elasticsearch\x-pack\plugin\core\src\test\java\org\elasticsearch\xpack\core\ml\stats\StatsAccumulatorTests.java,dataset/projects/elasticsearch/x-pack/plugin/core/src/test/java/org/elasticsearch/xpack/core/ml/stats/StatsAccumulatorTests.java,StatsAccumulatorTests.java,StatsAccumulatorTests,""" TODO implement https://github.com/elastic/elasticsearch/issues/25929"""
GitHub,relation_test_code_smell_ML,C:\Users\ismak\Documents\GitHub\relation_test_code_smell_ML\dataset\projects\elasticsearch\x-pack\plugin\core\src\test\java\org\elasticsearch\xpack\core\ml\utils\ExponentialAverageCalculationContextTests.java,dataset/projects/elasticsearch/x-pack/plugin/core/src/test/java/org/elasticsearch/xpack/core/ml/utils/ExponentialAverageCalculationContextTests.java,ExponentialAverageCalculationContextTests.java,ExponentialAverageCalculationContextTests,""" TODO implement https://github.com/elastic/elasticsearch/issues/25929"""
GitHub,relation_test_code_smell_ML,C:\Users\ismak\Documents\GitHub\relation_test_code_smell_ML\dataset\projects\elasticsearch\x-pack\plugin\core\src\test\java\org\elasticsearch\xpack\core\ml\utils\PhaseProgressTests.java,dataset/projects/elasticsearch/x-pack/plugin/core/src/test/java/org/elasticsearch/xpack/core/ml/utils/PhaseProgressTests.java,PhaseProgressTests.java,PhaseProgressTests,""" TODO implement https://github.com/elastic/elasticsearch/issues/25929"""
GitHub,relation_test_code_smell_ML,C:\Users\ismak\Documents\GitHub\relation_test_code_smell_ML\dataset\projects\elasticsearch\x-pack\plugin\core\src\test\java\org\elasticsearch\xpack\core\rollup\job\DateHistogramGroupConfigSerializingTests.java,dataset/projects/elasticsearch/x-pack/plugin/core/src/test/java/org/elasticsearch/xpack/core/rollup/job/DateHistogramGroupConfigSerializingTests.java,DateHistogramGroupConfigSerializingTests.java,DateHistogramGroupConfigSerializingTests,""" TODO implement https://github.com/elastic/elasticsearch/issues/25929"""
GitHub,relation_test_code_smell_ML,C:\Users\ismak\Documents\GitHub\relation_test_code_smell_ML\dataset\projects\elasticsearch\x-pack\plugin\core\src\test\java\org\elasticsearch\xpack\core\rollup\job\GroupConfigSerializingTests.java,dataset/projects/elasticsearch/x-pack/plugin/core/src/test/java/org/elasticsearch/xpack/core/rollup/job/GroupConfigSerializingTests.java,GroupConfigSerializingTests.java,GroupConfigSerializingTests,""" TODO implement https://github.com/elastic/elasticsearch/issues/25929"""
GitHub,relation_test_code_smell_ML,C:\Users\ismak\Documents\GitHub\relation_test_code_smell_ML\dataset\projects\elasticsearch\x-pack\plugin\core\src\test\java\org\elasticsearch\xpack\core\rollup\job\HistogramGroupConfigSerializingTests.java,dataset/projects/elasticsearch/x-pack/plugin/core/src/test/java/org/elasticsearch/xpack/core/rollup/job/HistogramGroupConfigSerializingTests.java,HistogramGroupConfigSerializingTests.java,HistogramGroupConfigSerializingTests,""" TODO implement https://github.com/elastic/elasticsearch/issues/25929"""
GitHub,relation_test_code_smell_ML,C:\Users\ismak\Documents\GitHub\relation_test_code_smell_ML\dataset\projects\elasticsearch\x-pack\plugin\core\src\test\java\org\elasticsearch\xpack\core\rollup\job\JobWrapperSerializingTests.java,dataset/projects/elasticsearch/x-pack/plugin/core/src/test/java/org/elasticsearch/xpack/core/rollup/job/JobWrapperSerializingTests.java,JobWrapperSerializingTests.java,JobWrapperSerializingTests,""" TODO implement https://github.com/elastic/elasticsearch/issues/25929"""
GitHub,relation_test_code_smell_ML,C:\Users\ismak\Documents\GitHub\relation_test_code_smell_ML\dataset\projects\elasticsearch\x-pack\plugin\core\src\test\java\org\elasticsearch\xpack\core\rollup\job\MetricConfigSerializingTests.java,dataset/projects/elasticsearch/x-pack/plugin/core/src/test/java/org/elasticsearch/xpack/core/rollup/job/MetricConfigSerializingTests.java,MetricConfigSerializingTests.java,MetricConfigSerializingTests,""" TODO implement https://github.com/elastic/elasticsearch/issues/25929"""
GitHub,relation_test_code_smell_ML,C:\Users\ismak\Documents\GitHub\relation_test_code_smell_ML\dataset\projects\elasticsearch\x-pack\plugin\core\src\test\java\org\elasticsearch\xpack\core\rollup\job\RollupIndexerJobStatsTests.java,dataset/projects/elasticsearch/x-pack/plugin/core/src/test/java/org/elasticsearch/xpack/core/rollup/job/RollupIndexerJobStatsTests.java,RollupIndexerJobStatsTests.java,RollupIndexerJobStatsTests,""" TODO implement https://github.com/elastic/elasticsearch/issues/25929"""
GitHub,relation_test_code_smell_ML,C:\Users\ismak\Documents\GitHub\relation_test_code_smell_ML\dataset\projects\elasticsearch\x-pack\plugin\core\src\test\java\org\elasticsearch\xpack\core\rollup\job\RollupJobConfigTests.java,dataset/projects/elasticsearch/x-pack/plugin/core/src/test/java/org/elasticsearch/xpack/core/rollup/job/RollupJobConfigTests.java,RollupJobConfigTests.java,RollupJobConfigTests,""" TODO implement https://github.com/elastic/elasticsearch/issues/25929"""
GitHub,relation_test_code_smell_ML,C:\Users\ismak\Documents\GitHub\relation_test_code_smell_ML\dataset\projects\elasticsearch\x-pack\plugin\core\src\test\java\org\elasticsearch\xpack\core\rollup\job\RollupJobStatusTests.java,dataset/projects/elasticsearch/x-pack/plugin/core/src/test/java/org/elasticsearch/xpack/core/rollup/job/RollupJobStatusTests.java,RollupJobStatusTests.java,RollupJobStatusTests,""" TODO implement https://github.com/elastic/elasticsearch/issues/25929"""
GitHub,relation_test_code_smell_ML,C:\Users\ismak\Documents\GitHub\relation_test_code_smell_ML\dataset\projects\elasticsearch\x-pack\plugin\core\src\test\java\org\elasticsearch\xpack\core\rollup\job\RollupJobTests.java,dataset/projects/elasticsearch/x-pack/plugin/core/src/test/java/org/elasticsearch/xpack/core/rollup/job/RollupJobTests.java,RollupJobTests.java,RollupJobTests,""" TODO implement https://github.com/elastic/elasticsearch/issues/25929"""
GitHub,relation_test_code_smell_ML,C:\Users\ismak\Documents\GitHub\relation_test_code_smell_ML\dataset\projects\elasticsearch\x-pack\plugin\core\src\test\java\org\elasticsearch\xpack\core\rollup\job\TermsGroupConfigSerializingTests.java,dataset/projects/elasticsearch/x-pack/plugin/core/src/test/java/org/elasticsearch/xpack/core/rollup/job/TermsGroupConfigSerializingTests.java,TermsGroupConfigSerializingTests.java,TermsGroupConfigSerializingTests,""" TODO implement https://github.com/elastic/elasticsearch/issues/25929"""
GitHub,relation_test_code_smell_ML,C:\Users\ismak\Documents\GitHub\relation_test_code_smell_ML\dataset\projects\elasticsearch\x-pack\plugin\core\src\test\java\org\elasticsearch\xpack\core\searchablesnapshots\SearchableSnapshotShardStatsTests.java,dataset/projects/elasticsearch/x-pack/plugin/core/src/test/java/org/elasticsearch/xpack/core/searchablesnapshots/SearchableSnapshotShardStatsTests.java,SearchableSnapshotShardStatsTests.java,SearchableSnapshotShardStatsTests,""" TODO implement https://github.com/elastic/elasticsearch/issues/25929"""
GitHub,relation_test_code_smell_ML,C:\Users\ismak\Documents\GitHub\relation_test_code_smell_ML\dataset\projects\elasticsearch\x-pack\plugin\core\src\test\java\org\elasticsearch\xpack\core\security\authc\CrossClusterAccessSubjectInfoTests.java,dataset/projects/elasticsearch/x-pack/plugin/core/src/test/java/org/elasticsearch/xpack/core/security/authc/CrossClusterAccessSubjectInfoTests.java,CrossClusterAccessSubjectInfoTests.java,CrossClusterAccessSubjectInfoTests,""" Hack that allows us to set metadata on a realm authentication"""
GitHub,relation_test_code_smell_ML,C:\Users\ismak\Documents\GitHub\relation_test_code_smell_ML\dataset\projects\elasticsearch\x-pack\plugin\core\src\test\java\org\elasticsearch\xpack\core\security\authc\RealmDomainTests.java,dataset/projects/elasticsearch/x-pack/plugin/core/src/test/java/org/elasticsearch/xpack/core/security/authc/RealmDomainTests.java,RealmDomainTests.java,RealmDomainTests,""" TODO implement https://github.com/elastic/elasticsearch/issues/25929"""
GitHub,relation_test_code_smell_ML,C:\Users\ismak\Documents\GitHub\relation_test_code_smell_ML\dataset\projects\elasticsearch\x-pack\plugin\core\src\test\java\org\elasticsearch\xpack\core\security\authz\accesscontrol\DocumentSubsetReaderTests.java,dataset/projects/elasticsearch/x-pack/plugin/core/src/test/java/org/elasticsearch/xpack/core/security/authz/accesscontrol/DocumentSubsetReaderTests.java,DocumentSubsetReaderTests.java,DocumentSubsetReaderTests,""" Same test as in FieldSubsetReaderTests, test that core cache key (needed for NRT) is working """
GitHub,relation_test_code_smell_ML,C:\Users\ismak\Documents\GitHub\relation_test_code_smell_ML\dataset\projects\elasticsearch\x-pack\plugin\core\src\test\java\org\elasticsearch\xpack\core\security\authz\privilege\ApplicationPrivilegeTests.java,dataset/projects/elasticsearch/x-pack/plugin/core/src/test/java/org/elasticsearch/xpack/core/security/authz/privilege/ApplicationPrivilegeTests.java,ApplicationPrivilegeTests.java,ApplicationPrivilegeTests,""" TODO rewrite this to use `ApplicationPrivilege.get()`"""
GitHub,relation_test_code_smell_ML,C:\Users\ismak\Documents\GitHub\relation_test_code_smell_ML\dataset\projects\elasticsearch\x-pack\plugin\core\src\test\java\org\elasticsearch\xpack\core\security\authz\store\ReservedRolesStoreTests.java,dataset/projects/elasticsearch/x-pack/plugin/core/src/test/java/org/elasticsearch/xpack/core/security/authz/store/ReservedRolesStoreTests.java,ReservedRolesStoreTests.java,ReservedRolesStoreTests,""" Privileges needed for Fleet package upgrades"""
GitHub,relation_test_code_smell_ML,C:\Users\ismak\Documents\GitHub\relation_test_code_smell_ML\dataset\projects\elasticsearch\x-pack\plugin\core\src\test\java\org\elasticsearch\xpack\core\security\authz\store\ReservedRolesStoreTests.java,dataset/projects/elasticsearch/x-pack/plugin/core/src/test/java/org/elasticsearch/xpack/core/security/authz/store/ReservedRolesStoreTests.java,ReservedRolesStoreTests.java,ReservedRolesStoreTests,""" Privileges needed for installing current ILM policy with delete action"""
GitHub,relation_test_code_smell_ML,C:\Users\ismak\Documents\GitHub\relation_test_code_smell_ML\dataset\projects\elasticsearch\x-pack\plugin\core\src\test\java\org\elasticsearch\xpack\core\slm\SnapshotLifecycleMetadataTests.java,dataset/projects/elasticsearch/x-pack/plugin/core/src/test/java/org/elasticsearch/xpack/core/slm/SnapshotLifecycleMetadataTests.java,SnapshotLifecycleMetadataTests.java,SnapshotLifecycleMetadataTests,""" TODO implement https://github.com/elastic/elasticsearch/issues/25929"""
GitHub,relation_test_code_smell_ML,C:\Users\ismak\Documents\GitHub\relation_test_code_smell_ML\dataset\projects\elasticsearch\x-pack\plugin\core\src\test\java\org\elasticsearch\xpack\core\textstructure\structurefinder\FieldStatsTests.java,dataset/projects/elasticsearch/x-pack/plugin/core/src/test/java/org/elasticsearch/xpack/core/textstructure/structurefinder/FieldStatsTests.java,FieldStatsTests.java,FieldStatsTests,""" TODO implement https://github.com/elastic/elasticsearch/issues/25929"""
GitHub,relation_test_code_smell_ML,C:\Users\ismak\Documents\GitHub\relation_test_code_smell_ML\dataset\projects\elasticsearch\x-pack\plugin\core\src\test\java\org\elasticsearch\xpack\core\textstructure\structurefinder\TextStructureTests.java,dataset/projects/elasticsearch/x-pack/plugin/core/src/test/java/org/elasticsearch/xpack/core/textstructure/structurefinder/TextStructureTests.java,TextStructureTests.java,TextStructureTests,""" TODO implement https://github.com/elastic/elasticsearch/issues/25929"""
GitHub,relation_test_code_smell_ML,C:\Users\ismak\Documents\GitHub\relation_test_code_smell_ML\dataset\projects\elasticsearch\x-pack\plugin\core\src\test\java\org\elasticsearch\xpack\core\transform\action\GetCheckpointActionResponseTests.java,dataset/projects/elasticsearch/x-pack/plugin/core/src/test/java/org/elasticsearch/xpack/core/transform/action/GetCheckpointActionResponseTests.java,GetCheckpointActionResponseTests.java,GetCheckpointActionResponseTests,""" TODO implement https://github.com/elastic/elasticsearch/issues/25929"""
GitHub,relation_test_code_smell_ML,C:\Users\ismak\Documents\GitHub\relation_test_code_smell_ML\dataset\projects\elasticsearch\x-pack\plugin\core\src\test\java\org\elasticsearch\xpack\core\transform\action\GetCheckpointNodeActionResponseTests.java,dataset/projects/elasticsearch/x-pack/plugin/core/src/test/java/org/elasticsearch/xpack/core/transform/action/GetCheckpointNodeActionResponseTests.java,GetCheckpointNodeActionResponseTests.java,GetCheckpointNodeActionResponseTests,""" TODO implement https://github.com/elastic/elasticsearch/issues/25929"""
GitHub,relation_test_code_smell_ML,C:\Users\ismak\Documents\GitHub\relation_test_code_smell_ML\dataset\projects\elasticsearch\x-pack\plugin\core\src\test\java\org\elasticsearch\xpack\core\transform\action\GetTransformActionResponseTests.java,dataset/projects/elasticsearch/x-pack/plugin/core/src/test/java/org/elasticsearch/xpack/core/transform/action/GetTransformActionResponseTests.java,GetTransformActionResponseTests.java,GetTransformActionResponseTests,""" TODO implement https://github.com/elastic/elasticsearch/issues/25929"""
GitHub,relation_test_code_smell_ML,C:\Users\ismak\Documents\GitHub\relation_test_code_smell_ML\dataset\projects\elasticsearch\x-pack\plugin\core\src\test\java\org\elasticsearch\xpack\core\transform\action\GetTransformStatsActionRequestTests.java,dataset/projects/elasticsearch/x-pack/plugin/core/src/test/java/org/elasticsearch/xpack/core/transform/action/GetTransformStatsActionRequestTests.java,GetTransformStatsActionRequestTests.java,GetTransformStatsActionRequestTests,""" TODO implement https://github.com/elastic/elasticsearch/issues/25929"""
GitHub,relation_test_code_smell_ML,C:\Users\ismak\Documents\GitHub\relation_test_code_smell_ML\dataset\projects\elasticsearch\x-pack\plugin\core\src\test\java\org\elasticsearch\xpack\core\transform\action\GetTransformStatsActionResponseTests.java,dataset/projects/elasticsearch/x-pack/plugin/core/src/test/java/org/elasticsearch/xpack/core/transform/action/GetTransformStatsActionResponseTests.java,GetTransformStatsActionResponseTests.java,GetTransformStatsActionResponseTests,""" TODO implement https://github.com/elastic/elasticsearch/issues/25929"""
GitHub,relation_test_code_smell_ML,C:\Users\ismak\Documents\GitHub\relation_test_code_smell_ML\dataset\projects\elasticsearch\x-pack\plugin\core\src\test\java\org\elasticsearch\xpack\core\transform\action\PreviewTransformsActionResponseTests.java,dataset/projects/elasticsearch/x-pack/plugin/core/src/test/java/org/elasticsearch/xpack/core/transform/action/PreviewTransformsActionResponseTests.java,PreviewTransformsActionResponseTests.java,PreviewTransformsActionResponseTests,""" TODO implement https://github.com/elastic/elasticsearch/issues/25929"""
GitHub,relation_test_code_smell_ML,C:\Users\ismak\Documents\GitHub\relation_test_code_smell_ML\dataset\projects\elasticsearch\x-pack\plugin\core\src\test\java\org\elasticsearch\xpack\core\transform\action\PreviewTransformsActionResponseWireTests.java,dataset/projects/elasticsearch/x-pack/plugin/core/src/test/java/org/elasticsearch/xpack/core/transform/action/PreviewTransformsActionResponseWireTests.java,PreviewTransformsActionResponseWireTests.java,PreviewTransformsActionResponseWireTests,""" TODO implement https://github.com/elastic/elasticsearch/issues/25929"""
GitHub,relation_test_code_smell_ML,C:\Users\ismak\Documents\GitHub\relation_test_code_smell_ML\dataset\projects\elasticsearch\x-pack\plugin\core\src\test\java\org\elasticsearch\xpack\core\transform\action\StartTransformActionResponseTests.java,dataset/projects/elasticsearch/x-pack/plugin/core/src/test/java/org/elasticsearch/xpack/core/transform/action/StartTransformActionResponseTests.java,StartTransformActionResponseTests.java,StartTransformActionResponseTests,""" TODO implement https://github.com/elastic/elasticsearch/issues/25929"""
GitHub,relation_test_code_smell_ML,C:\Users\ismak\Documents\GitHub\relation_test_code_smell_ML\dataset\projects\elasticsearch\x-pack\plugin\core\src\test\java\org\elasticsearch\xpack\core\transform\action\StopTransformActionRequestTests.java,dataset/projects/elasticsearch/x-pack/plugin/core/src/test/java/org/elasticsearch/xpack/core/transform/action/StopTransformActionRequestTests.java,StopTransformActionRequestTests.java,StopTransformActionRequestTests,""" TODO implement https://github.com/elastic/elasticsearch/issues/25929"""
GitHub,relation_test_code_smell_ML,C:\Users\ismak\Documents\GitHub\relation_test_code_smell_ML\dataset\projects\elasticsearch\x-pack\plugin\core\src\test\java\org\elasticsearch\xpack\core\transform\action\StopTransformActionResponseTests.java,dataset/projects/elasticsearch/x-pack/plugin/core/src/test/java/org/elasticsearch/xpack/core/transform/action/StopTransformActionResponseTests.java,StopTransformActionResponseTests.java,StopTransformActionResponseTests,""" TODO implement https://github.com/elastic/elasticsearch/issues/25929"""
GitHub,relation_test_code_smell_ML,C:\Users\ismak\Documents\GitHub\relation_test_code_smell_ML\dataset\projects\elasticsearch\x-pack\plugin\core\src\test\java\org\elasticsearch\xpack\core\transform\action\UpdateTransformsActionResponseTests.java,dataset/projects/elasticsearch/x-pack/plugin/core/src/test/java/org/elasticsearch/xpack/core/transform/action/UpdateTransformsActionResponseTests.java,UpdateTransformsActionResponseTests.java,UpdateTransformsActionResponseTests,""" TODO implement https://github.com/elastic/elasticsearch/issues/25929"""
GitHub,relation_test_code_smell_ML,C:\Users\ismak\Documents\GitHub\relation_test_code_smell_ML\dataset\projects\elasticsearch\x-pack\plugin\core\src\test\java\org\elasticsearch\xpack\core\transform\action\UpgradeTransformsActionResponseTests.java,dataset/projects/elasticsearch/x-pack/plugin/core/src/test/java/org/elasticsearch/xpack/core/transform/action/UpgradeTransformsActionResponseTests.java,UpgradeTransformsActionResponseTests.java,UpgradeTransformsActionResponseTests,""" TODO implement https://github.com/elastic/elasticsearch/issues/25929"""
GitHub,relation_test_code_smell_ML,C:\Users\ismak\Documents\GitHub\relation_test_code_smell_ML\dataset\projects\elasticsearch\x-pack\plugin\core\src\test\java\org\elasticsearch\xpack\core\transform\action\ValidateTransformActionResponseTests.java,dataset/projects/elasticsearch/x-pack/plugin/core/src/test/java/org/elasticsearch/xpack/core/transform/action/ValidateTransformActionResponseTests.java,ValidateTransformActionResponseTests.java,ValidateTransformActionResponseTests,""" TODO implement https://github.com/elastic/elasticsearch/issues/25929"""
GitHub,relation_test_code_smell_ML,C:\Users\ismak\Documents\GitHub\relation_test_code_smell_ML\dataset\projects\elasticsearch\x-pack\plugin\core\src\test\java\org\elasticsearch\xpack\core\transform\TransformFeatureSetUsageTests.java,dataset/projects/elasticsearch/x-pack/plugin/core/src/test/java/org/elasticsearch/xpack/core/transform/TransformFeatureSetUsageTests.java,TransformFeatureSetUsageTests.java,TransformFeatureSetUsageTests,""" TODO implement https://github.com/elastic/elasticsearch/issues/25929"""
GitHub,relation_test_code_smell_ML,C:\Users\ismak\Documents\GitHub\relation_test_code_smell_ML\dataset\projects\elasticsearch\x-pack\plugin\core\src\test\java\org\elasticsearch\xpack\core\transform\transforms\DestConfigTests.java,dataset/projects/elasticsearch/x-pack/plugin/core/src/test/java/org/elasticsearch/xpack/core/transform/transforms/DestConfigTests.java,DestConfigTests.java,DestConfigTests,""" TODO implement https://github.com/elastic/elasticsearch/issues/25929"""
GitHub,relation_test_code_smell_ML,C:\Users\ismak\Documents\GitHub\relation_test_code_smell_ML\dataset\projects\elasticsearch\x-pack\plugin\core\src\test\java\org\elasticsearch\xpack\core\transform\transforms\NodeAttributeTests.java,dataset/projects/elasticsearch/x-pack/plugin/core/src/test/java/org/elasticsearch/xpack/core/transform/transforms/NodeAttributeTests.java,NodeAttributeTests.java,NodeAttributeTests,""" TODO implement https://github.com/elastic/elasticsearch/issues/25929"""
GitHub,relation_test_code_smell_ML,C:\Users\ismak\Documents\GitHub\relation_test_code_smell_ML\dataset\projects\elasticsearch\x-pack\plugin\core\src\test\java\org\elasticsearch\xpack\core\transform\transforms\pivot\DateHistogramGroupSourceTests.java,dataset/projects/elasticsearch/x-pack/plugin/core/src/test/java/org/elasticsearch/xpack/core/transform/transforms/pivot/DateHistogramGroupSourceTests.java,DateHistogramGroupSourceTests.java,DateHistogramGroupSourceTests,""" TODO implement https://github.com/elastic/elasticsearch/issues/25929"""
GitHub,relation_test_code_smell_ML,C:\Users\ismak\Documents\GitHub\relation_test_code_smell_ML\dataset\projects\elasticsearch\x-pack\plugin\core\src\test\java\org\elasticsearch\xpack\core\transform\transforms\pivot\GeoTileGroupSourceTests.java,dataset/projects/elasticsearch/x-pack/plugin/core/src/test/java/org/elasticsearch/xpack/core/transform/transforms/pivot/GeoTileGroupSourceTests.java,GeoTileGroupSourceTests.java,GeoTileGroupSourceTests,""" TODO implement https://github.com/elastic/elasticsearch/issues/25929"""
GitHub,relation_test_code_smell_ML,C:\Users\ismak\Documents\GitHub\relation_test_code_smell_ML\dataset\projects\elasticsearch\x-pack\plugin\core\src\test\java\org\elasticsearch\xpack\core\transform\transforms\pivot\GroupConfigTests.java,dataset/projects/elasticsearch/x-pack/plugin/core/src/test/java/org/elasticsearch/xpack/core/transform/transforms/pivot/GroupConfigTests.java,GroupConfigTests.java,GroupConfigTests,""" TODO implement https://github.com/elastic/elasticsearch/issues/25929"""
GitHub,relation_test_code_smell_ML,C:\Users\ismak\Documents\GitHub\relation_test_code_smell_ML\dataset\projects\elasticsearch\x-pack\plugin\core\src\test\java\org\elasticsearch\xpack\core\transform\transforms\pivot\HistogramGroupSourceTests.java,dataset/projects/elasticsearch/x-pack/plugin/core/src/test/java/org/elasticsearch/xpack/core/transform/transforms/pivot/HistogramGroupSourceTests.java,HistogramGroupSourceTests.java,HistogramGroupSourceTests,""" TODO implement https://github.com/elastic/elasticsearch/issues/25929"""
GitHub,relation_test_code_smell_ML,C:\Users\ismak\Documents\GitHub\relation_test_code_smell_ML\dataset\projects\elasticsearch\x-pack\plugin\core\src\test\java\org\elasticsearch\xpack\core\transform\transforms\pivot\TermsGroupSourceTests.java,dataset/projects/elasticsearch/x-pack/plugin/core/src/test/java/org/elasticsearch/xpack/core/transform/transforms/pivot/TermsGroupSourceTests.java,TermsGroupSourceTests.java,TermsGroupSourceTests,""" TODO implement https://github.com/elastic/elasticsearch/issues/25929"""
GitHub,relation_test_code_smell_ML,C:\Users\ismak\Documents\GitHub\relation_test_code_smell_ML\dataset\projects\elasticsearch\x-pack\plugin\core\src\test\java\org\elasticsearch\xpack\core\transform\transforms\QueryConfigTests.java,dataset/projects/elasticsearch/x-pack/plugin/core/src/test/java/org/elasticsearch/xpack/core/transform/transforms/QueryConfigTests.java,QueryConfigTests.java,QueryConfigTests,""" TODO implement https://github.com/elastic/elasticsearch/issues/25929"""
GitHub,relation_test_code_smell_ML,C:\Users\ismak\Documents\GitHub\relation_test_code_smell_ML\dataset\projects\elasticsearch\x-pack\plugin\core\src\test\java\org\elasticsearch\xpack\core\transform\transforms\SettingsConfigTests.java,dataset/projects/elasticsearch/x-pack/plugin/core/src/test/java/org/elasticsearch/xpack/core/transform/transforms/SettingsConfigTests.java,SettingsConfigTests.java,SettingsConfigTests,""" TODO implement https://github.com/elastic/elasticsearch/issues/25929"""
GitHub,relation_test_code_smell_ML,C:\Users\ismak\Documents\GitHub\relation_test_code_smell_ML\dataset\projects\elasticsearch\x-pack\plugin\core\src\test\java\org\elasticsearch\xpack\core\transform\transforms\SourceConfigTests.java,dataset/projects/elasticsearch/x-pack/plugin/core/src/test/java/org/elasticsearch/xpack/core/transform/transforms/SourceConfigTests.java,SourceConfigTests.java,SourceConfigTests,""" TODO implement https://github.com/elastic/elasticsearch/issues/25929"""
GitHub,relation_test_code_smell_ML,C:\Users\ismak\Documents\GitHub\relation_test_code_smell_ML\dataset\projects\elasticsearch\x-pack\plugin\core\src\test\java\org\elasticsearch\xpack\core\transform\transforms\TimeRetentionPolicyConfigTests.java,dataset/projects/elasticsearch/x-pack/plugin/core/src/test/java/org/elasticsearch/xpack/core/transform/transforms/TimeRetentionPolicyConfigTests.java,TimeRetentionPolicyConfigTests.java,TimeRetentionPolicyConfigTests,""" TODO implement https://github.com/elastic/elasticsearch/issues/25929"""
GitHub,relation_test_code_smell_ML,C:\Users\ismak\Documents\GitHub\relation_test_code_smell_ML\dataset\projects\elasticsearch\x-pack\plugin\core\src\test\java\org\elasticsearch\xpack\core\transform\transforms\TimeSyncConfigTests.java,dataset/projects/elasticsearch/x-pack/plugin/core/src/test/java/org/elasticsearch/xpack/core/transform/transforms/TimeSyncConfigTests.java,TimeSyncConfigTests.java,TimeSyncConfigTests,""" TODO implement https://github.com/elastic/elasticsearch/issues/25929"""
GitHub,relation_test_code_smell_ML,C:\Users\ismak\Documents\GitHub\relation_test_code_smell_ML\dataset\projects\elasticsearch\x-pack\plugin\core\src\test\java\org\elasticsearch\xpack\core\transform\transforms\TransformCheckpointingInfoTests.java,dataset/projects/elasticsearch/x-pack/plugin/core/src/test/java/org/elasticsearch/xpack/core/transform/transforms/TransformCheckpointingInfoTests.java,TransformCheckpointingInfoTests.java,TransformCheckpointingInfoTests,""" TODO implement https://github.com/elastic/elasticsearch/issues/25929"""
GitHub,relation_test_code_smell_ML,C:\Users\ismak\Documents\GitHub\relation_test_code_smell_ML\dataset\projects\elasticsearch\x-pack\plugin\core\src\test\java\org\elasticsearch\xpack\core\transform\transforms\TransformCheckpointStatsTests.java,dataset/projects/elasticsearch/x-pack/plugin/core/src/test/java/org/elasticsearch/xpack/core/transform/transforms/TransformCheckpointStatsTests.java,TransformCheckpointStatsTests.java,TransformCheckpointStatsTests,""" TODO implement https://github.com/elastic/elasticsearch/issues/25929"""
GitHub,relation_test_code_smell_ML,C:\Users\ismak\Documents\GitHub\relation_test_code_smell_ML\dataset\projects\elasticsearch\x-pack\plugin\core\src\test\java\org\elasticsearch\xpack\core\transform\transforms\TransformCheckpointTests.java,dataset/projects/elasticsearch/x-pack/plugin/core/src/test/java/org/elasticsearch/xpack/core/transform/transforms/TransformCheckpointTests.java,TransformCheckpointTests.java,TransformCheckpointTests,""" TODO implement https://github.com/elastic/elasticsearch/issues/25929"""
GitHub,relation_test_code_smell_ML,C:\Users\ismak\Documents\GitHub\relation_test_code_smell_ML\dataset\projects\elasticsearch\x-pack\plugin\core\src\test\java\org\elasticsearch\xpack\core\transform\transforms\TransformConfigUpdateTests.java,dataset/projects/elasticsearch/x-pack/plugin/core/src/test/java/org/elasticsearch/xpack/core/transform/transforms/TransformConfigUpdateTests.java,TransformConfigUpdateTests.java,FooSync,""" TODO implement https://github.com/elastic/elasticsearch/issues/25929"""
GitHub,relation_test_code_smell_ML,C:\Users\ismak\Documents\GitHub\relation_test_code_smell_ML\dataset\projects\elasticsearch\x-pack\plugin\core\src\test\java\org\elasticsearch\xpack\core\transform\transforms\TransformDestIndexSettingsTests.java,dataset/projects/elasticsearch/x-pack/plugin/core/src/test/java/org/elasticsearch/xpack/core/transform/transforms/TransformDestIndexSettingsTests.java,TransformDestIndexSettingsTests.java,TransformDestIndexSettingsTests,""" TODO implement https://github.com/elastic/elasticsearch/issues/25929"""
GitHub,relation_test_code_smell_ML,C:\Users\ismak\Documents\GitHub\relation_test_code_smell_ML\dataset\projects\elasticsearch\x-pack\plugin\core\src\test\java\org\elasticsearch\xpack\core\transform\transforms\TransformHealthIssueTests.java,dataset/projects/elasticsearch/x-pack/plugin/core/src/test/java/org/elasticsearch/xpack/core/transform/transforms/TransformHealthIssueTests.java,TransformHealthIssueTests.java,TransformHealthIssueTests,""" TODO implement https://github.com/elastic/elasticsearch/issues/25929"""
GitHub,relation_test_code_smell_ML,C:\Users\ismak\Documents\GitHub\relation_test_code_smell_ML\dataset\projects\elasticsearch\x-pack\plugin\core\src\test\java\org\elasticsearch\xpack\core\transform\transforms\TransformHealthTests.java,dataset/projects/elasticsearch/x-pack/plugin/core/src/test/java/org/elasticsearch/xpack/core/transform/transforms/TransformHealthTests.java,TransformHealthTests.java,TransformHealthTests,""" TODO implement https://github.com/elastic/elasticsearch/issues/25929"""
GitHub,relation_test_code_smell_ML,C:\Users\ismak\Documents\GitHub\relation_test_code_smell_ML\dataset\projects\elasticsearch\x-pack\plugin\core\src\test\java\org\elasticsearch\xpack\core\transform\transforms\TransformIndexerPositionTests.java,dataset/projects/elasticsearch/x-pack/plugin/core/src/test/java/org/elasticsearch/xpack/core/transform/transforms/TransformIndexerPositionTests.java,TransformIndexerPositionTests.java,TransformIndexerPositionTests,""" TODO implement https://github.com/elastic/elasticsearch/issues/25929"""
GitHub,relation_test_code_smell_ML,C:\Users\ismak\Documents\GitHub\relation_test_code_smell_ML\dataset\projects\elasticsearch\x-pack\plugin\core\src\test\java\org\elasticsearch\xpack\core\transform\transforms\TransformIndexerStatsTests.java,dataset/projects/elasticsearch/x-pack/plugin/core/src/test/java/org/elasticsearch/xpack/core/transform/transforms/TransformIndexerStatsTests.java,TransformIndexerStatsTests.java,TransformIndexerStatsTests,""" TODO implement https://github.com/elastic/elasticsearch/issues/25929"""
GitHub,relation_test_code_smell_ML,C:\Users\ismak\Documents\GitHub\relation_test_code_smell_ML\dataset\projects\elasticsearch\x-pack\plugin\core\src\test\java\org\elasticsearch\xpack\core\transform\transforms\TransformProgressTests.java,dataset/projects/elasticsearch/x-pack/plugin/core/src/test/java/org/elasticsearch/xpack/core/transform/transforms/TransformProgressTests.java,TransformProgressTests.java,TransformProgressTests,""" TODO implement https://github.com/elastic/elasticsearch/issues/25929"""
GitHub,relation_test_code_smell_ML,C:\Users\ismak\Documents\GitHub\relation_test_code_smell_ML\dataset\projects\elasticsearch\x-pack\plugin\core\src\test\java\org\elasticsearch\xpack\core\transform\transforms\TransformStateTests.java,dataset/projects/elasticsearch/x-pack/plugin/core/src/test/java/org/elasticsearch/xpack/core/transform/transforms/TransformStateTests.java,TransformStateTests.java,TransformStateTests,""" TODO implement https://github.com/elastic/elasticsearch/issues/25929"""
GitHub,relation_test_code_smell_ML,C:\Users\ismak\Documents\GitHub\relation_test_code_smell_ML\dataset\projects\elasticsearch\x-pack\plugin\core\src\test\java\org\elasticsearch\xpack\core\transform\transforms\TransformStatsTests.java,dataset/projects/elasticsearch/x-pack/plugin/core/src/test/java/org/elasticsearch/xpack/core/transform/transforms/TransformStatsTests.java,TransformStatsTests.java,TransformStatsTests,""" TODO implement https://github.com/elastic/elasticsearch/issues/25929"""
GitHub,relation_test_code_smell_ML,C:\Users\ismak\Documents\GitHub\relation_test_code_smell_ML\dataset\projects\elasticsearch\x-pack\plugin\core\src\test\java\org\elasticsearch\xpack\core\transform\transforms\TransformStoredDocTests.java,dataset/projects/elasticsearch/x-pack/plugin/core/src/test/java/org/elasticsearch/xpack/core/transform/transforms/TransformStoredDocTests.java,TransformStoredDocTests.java,TransformStoredDocTests,""" TODO implement https://github.com/elastic/elasticsearch/issues/25929"""
GitHub,relation_test_code_smell_ML,C:\Users\ismak\Documents\GitHub\relation_test_code_smell_ML\dataset\projects\elasticsearch\x-pack\plugin\core\src\test\java\org\elasticsearch\xpack\core\transform\transforms\TransformTaskParamsTests.java,dataset/projects/elasticsearch/x-pack/plugin/core/src/test/java/org/elasticsearch/xpack/core/transform/transforms/TransformTaskParamsTests.java,TransformTaskParamsTests.java,TransformTaskParamsTests,""" TODO implement https://github.com/elastic/elasticsearch/issues/25929"""
GitHub,relation_test_code_smell_ML,C:\Users\ismak\Documents\GitHub\relation_test_code_smell_ML\dataset\projects\elasticsearch\x-pack\plugin\core\src\test\java\org\elasticsearch\xpack\core\transform\transforms\TransformTests.java,dataset/projects/elasticsearch/x-pack/plugin/core/src/test/java/org/elasticsearch/xpack/core/transform/transforms/TransformTests.java,TransformTests.java,TransformTests,""" TODO implement https://github.com/elastic/elasticsearch/issues/25929"""
GitHub,relation_test_code_smell_ML,C:\Users\ismak\Documents\GitHub\relation_test_code_smell_ML\dataset\projects\elasticsearch\x-pack\plugin\deprecation\src\test\java\org\elasticsearch\xpack\deprecation\DeprecationInfoActionRequestTests.java,dataset/projects/elasticsearch/x-pack/plugin/deprecation/src/test/java/org/elasticsearch/xpack/deprecation/DeprecationInfoActionRequestTests.java,DeprecationInfoActionRequestTests.java,DeprecationInfoActionRequestTests,""" TODO implement https://github.com/elastic/elasticsearch/issues/25929"""
GitHub,relation_test_code_smell_ML,C:\Users\ismak\Documents\GitHub\relation_test_code_smell_ML\dataset\projects\elasticsearch\x-pack\plugin\deprecation\src\test\java\org\elasticsearch\xpack\deprecation\MlDeprecationCheckerTests.java,dataset/projects/elasticsearch/x-pack/plugin/deprecation/src/test/java/org/elasticsearch/xpack/deprecation/MlDeprecationCheckerTests.java,MlDeprecationCheckerTests.java,MlDeprecationCheckerTests,""" TODO: once some query syntax has been removed from 8.0 and deprecated in 7.x reinstate this test"""
GitHub,relation_test_code_smell_ML,C:\Users\ismak\Documents\GitHub\relation_test_code_smell_ML\dataset\projects\elasticsearch\x-pack\plugin\encryption\src\test\java\org\elasticsearch\xpack\encryption\ProjectEncryptionKeyServiceTests.java,dataset/projects/elasticsearch/x-pack/plugin/encryption/src/test/java/org/elasticsearch/xpack/encryption/ProjectEncryptionKeyServiceTests.java,ProjectEncryptionKeyServiceTests.java,ProjectEncryptionKeyServiceTests,""" Simulate a secure-settings reload — keys are plaintext, no password needed, cache is unaffected."""
GitHub,relation_test_code_smell_ML,C:\Users\ismak\Documents\GitHub\relation_test_code_smell_ML\dataset\projects\elasticsearch\x-pack\plugin\enrich\src\test\java\org\elasticsearch\xpack\enrich\action\DeleteEnrichPolicyActionRequestTests.java,dataset/projects/elasticsearch/x-pack/plugin/enrich/src/test/java/org/elasticsearch/xpack/enrich/action/DeleteEnrichPolicyActionRequestTests.java,DeleteEnrichPolicyActionRequestTests.java,DeleteEnrichPolicyActionRequestTests,""" TODO implement https://github.com/elastic/elasticsearch/issues/25929"""
GitHub,relation_test_code_smell_ML,C:\Users\ismak\Documents\GitHub\relation_test_code_smell_ML\dataset\projects\elasticsearch\x-pack\plugin\enrich\src\test\java\org\elasticsearch\xpack\enrich\action\ExecuteEnrichPolicyActionRequestTests.java,dataset/projects/elasticsearch/x-pack/plugin/enrich/src/test/java/org/elasticsearch/xpack/enrich/action/ExecuteEnrichPolicyActionRequestTests.java,ExecuteEnrichPolicyActionRequestTests.java,ExecuteEnrichPolicyActionRequestTests,""" TODO implement https://github.com/elastic/elasticsearch/issues/25929"""
GitHub,relation_test_code_smell_ML,C:\Users\ismak\Documents\GitHub\relation_test_code_smell_ML\dataset\projects\elasticsearch\x-pack\plugin\enrich\src\test\java\org\elasticsearch\xpack\enrich\action\PutEnrichPolicyActionRequestTests.java,dataset/projects/elasticsearch/x-pack/plugin/enrich/src/test/java/org/elasticsearch/xpack/enrich/action/PutEnrichPolicyActionRequestTests.java,PutEnrichPolicyActionRequestTests.java,PutEnrichPolicyActionRequestTests,""" TODO implement https://github.com/elastic/elasticsearch/issues/25929"""
GitHub,relation_test_code_smell_ML,C:\Users\ismak\Documents\GitHub\relation_test_code_smell_ML\dataset\projects\elasticsearch\x-pack\plugin\enrich\src\test\java\org\elasticsearch\xpack\enrich\EnrichMetadataTests.java,dataset/projects/elasticsearch/x-pack/plugin/enrich/src/test/java/org/elasticsearch/xpack/enrich/EnrichMetadataTests.java,EnrichMetadataTests.java,EnrichMetadataTests,""" TODO implement https://github.com/elastic/elasticsearch/issues/25929"""
GitHub,relation_test_code_smell_ML,C:\Users\ismak\Documents\GitHub\relation_test_code_smell_ML\dataset\projects\elasticsearch\x-pack\plugin\enrich\src\test\java\org\elasticsearch\xpack\enrich\EnrichPolicyTests.java,dataset/projects/elasticsearch/x-pack/plugin/enrich/src/test/java/org/elasticsearch/xpack/enrich/EnrichPolicyTests.java,EnrichPolicyTests.java,EnrichPolicyTests,""" TODO implement https://github.com/elastic/elasticsearch/issues/25929"""
GitHub,relation_test_code_smell_ML,C:\Users\ismak\Documents\GitHub\relation_test_code_smell_ML\dataset\projects\elasticsearch\x-pack\plugin\enrich\src\test\java\org\elasticsearch\xpack\enrich\EnrichResiliencyTests.java,dataset/projects/elasticsearch/x-pack/plugin/enrich/src/test/java/org/elasticsearch/xpack/enrich/EnrichResiliencyTests.java,EnrichResiliencyTests.java,EnrichResiliencyTests,""" TODO Fix the test so that it runs with security enabled"""
GitHub,relation_test_code_smell_ML,C:\Users\ismak\Documents\GitHub\relation_test_code_smell_ML\dataset\projects\elasticsearch\x-pack\plugin\eql\src\test\java\org\elasticsearch\xpack\eql\analysis\VerifierTests.java,dataset/projects/elasticsearch/x-pack/plugin/eql/src/test/java/org/elasticsearch/xpack/eql/analysis/VerifierTests.java,VerifierTests.java,VerifierTests,""" TODO: add sort test on nodoc field once we have pipes support"""
GitHub,relation_test_code_smell_ML,C:\Users\ismak\Documents\GitHub\relation_test_code_smell_ML\dataset\projects\elasticsearch\x-pack\plugin\eql\src\test\java\org\elasticsearch\xpack\eql\expression\predicate\operator\comparison\InsensitiveBinaryComparisonProcessorTests.java,dataset/projects/elasticsearch/x-pack/plugin/eql/src/test/java/org/elasticsearch/xpack/eql/expression/predicate/operator/comparison/InsensitiveBinaryComparisonProcessorTests.java,InsensitiveBinaryComparisonProcessorTests.java,InsensitiveBinaryComparisonProcessorTests,""" TODO implement https://github.com/elastic/elasticsearch/issues/25929"""
GitHub,relation_test_code_smell_ML,C:\Users\ismak\Documents\GitHub\relation_test_code_smell_ML\dataset\projects\elasticsearch\x-pack\plugin\esql\compute\src\test\java\org\elasticsearch\compute\aggregation\blockhash\PackedValuesBlockHashVariableWidthTests.java,dataset/projects/elasticsearch/x-pack/plugin/esql/compute/src/test/java/org/elasticsearch/compute/aggregation/blockhash/PackedValuesBlockHashVariableWidthTests.java,PackedValuesBlockHashVariableWidthTests.java,NoopAddInput,""" pages, but well below the 1 MB+ needed once keyBuf grows to fit the oversized row."""
GitHub,relation_test_code_smell_ML,C:\Users\ismak\Documents\GitHub\relation_test_code_smell_ML\dataset\projects\elasticsearch\x-pack\plugin\esql\compute\src\test\java\org\elasticsearch\compute\aggregation\blockhash\TopNBlockHashTests.java,dataset/projects/elasticsearch/x-pack/plugin/esql/compute/src/test/java/org/elasticsearch/compute/aggregation/blockhash/TopNBlockHashTests.java,TopNBlockHashTests.java,TopNBlockHashTests,""" TODO: Test adding multiple blocks, as it triggers different logics like:"""
GitHub,relation_test_code_smell_ML,C:\Users\ismak\Documents\GitHub\relation_test_code_smell_ML\dataset\projects\elasticsearch\x-pack\plugin\esql\compute\src\test\java\org\elasticsearch\compute\aggregation\blockhash\TopNBlockHashTests.java,dataset/projects/elasticsearch/x-pack/plugin/esql/compute/src/test/java/org/elasticsearch/compute/aggregation/blockhash/TopNBlockHashTests.java,TopNBlockHashTests.java,TopNBlockHashTests,""" - Keeping older unused ords"""
GitHub,relation_test_code_smell_ML,C:\Users\ismak\Documents\GitHub\relation_test_code_smell_ML\dataset\projects\elasticsearch\x-pack\plugin\esql\compute\src\test\java\org\elasticsearch\compute\aggregation\blockhash\TopNBlockHashTests.java,dataset/projects/elasticsearch/x-pack/plugin/esql/compute/src/test/java/org/elasticsearch/compute/aggregation/blockhash/TopNBlockHashTests.java,TopNBlockHashTests.java,TopNBlockHashTests,""" TODO: Randomize this instead?"""
GitHub,relation_test_code_smell_ML,C:\Users\ismak\Documents\GitHub\relation_test_code_smell_ML\dataset\projects\elasticsearch\x-pack\plugin\esql\compute\src\test\java\org\elasticsearch\compute\aggregation\blockhash\TopNBlockHashTests.java,dataset/projects/elasticsearch/x-pack/plugin/esql/compute/src/test/java/org/elasticsearch/compute/aggregation/blockhash/TopNBlockHashTests.java,TopNBlockHashTests.java,TopNBlockHashTests,""" TODO: Uncomment this  true  when implemented"""
GitHub,relation_test_code_smell_ML,C:\Users\ismak\Documents\GitHub\relation_test_code_smell_ML\dataset\projects\elasticsearch\x-pack\plugin\esql\compute\src\test\java\org\elasticsearch\compute\aggregation\blockhash\TopNBlockHashTests.java,dataset/projects/elasticsearch/x-pack/plugin/esql/compute/src/test/java/org/elasticsearch/compute/aggregation/blockhash/TopNBlockHashTests.java,TopNBlockHashTests.java,TopNBlockHashTests,""" TODO: Not tested yet"""
GitHub,relation_test_code_smell_ML,C:\Users\ismak\Documents\GitHub\relation_test_code_smell_ML\dataset\projects\elasticsearch\x-pack\plugin\esql\compute\src\test\java\org\elasticsearch\compute\aggregation\blockhash\TopNBlockHashTests.java,dataset/projects/elasticsearch/x-pack/plugin/esql/compute/src/test/java/org/elasticsearch/compute/aggregation/blockhash/TopNBlockHashTests.java,TopNBlockHashTests.java,TopNBlockHashTests,""" TODO: Not tested yet"""
GitHub,relation_test_code_smell_ML,C:\Users\ismak\Documents\GitHub\relation_test_code_smell_ML\dataset\projects\elasticsearch\x-pack\plugin\esql\compute\src\test\java\org\elasticsearch\compute\aggregation\blockhash\TopNBlockHashTests.java,dataset/projects/elasticsearch/x-pack/plugin/esql/compute/src/test/java/org/elasticsearch/compute/aggregation/blockhash/TopNBlockHashTests.java,TopNBlockHashTests.java,TopNBlockHashTests,""" TODO: Not tested yet"""
GitHub,relation_test_code_smell_ML,C:\Users\ismak\Documents\GitHub\relation_test_code_smell_ML\dataset\projects\elasticsearch\x-pack\plugin\esql\compute\src\test\java\org\elasticsearch\compute\aggregation\blockhash\TopNBlockHashTests.java,dataset/projects/elasticsearch/x-pack/plugin/esql/compute/src/test/java/org/elasticsearch/compute/aggregation/blockhash/TopNBlockHashTests.java,TopNBlockHashTests.java,TopNBlockHashTests,""" TODO: Not tested yet"""
GitHub,relation_test_code_smell_ML,C:\Users\ismak\Documents\GitHub\relation_test_code_smell_ML\dataset\projects\elasticsearch\x-pack\plugin\esql\compute\src\test\java\org\elasticsearch\compute\aggregation\blockhash\TopNBlockHashTests.java,dataset/projects/elasticsearch/x-pack/plugin/esql/compute/src/test/java/org/elasticsearch/compute/aggregation/blockhash/TopNBlockHashTests.java,TopNBlockHashTests.java,TopNBlockHashTests,""" TODO: Not tested yet"""
GitHub,relation_test_code_smell_ML,C:\Users\ismak\Documents\GitHub\relation_test_code_smell_ML\dataset\projects\elasticsearch\x-pack\plugin\esql\compute\src\test\java\org\elasticsearch\compute\aggregation\blockhash\TopNBlockHashTests.java,dataset/projects/elasticsearch/x-pack/plugin/esql/compute/src/test/java/org/elasticsearch/compute/aggregation/blockhash/TopNBlockHashTests.java,TopNBlockHashTests.java,TopNBlockHashTests,""" TODO: Not tested yet"""
GitHub,relation_test_code_smell_ML,C:\Users\ismak\Documents\GitHub\relation_test_code_smell_ML\dataset\projects\elasticsearch\x-pack\plugin\esql\compute\src\test\java\org\elasticsearch\compute\aggregation\blockhash\TopNBlockHashTests.java,dataset/projects/elasticsearch/x-pack/plugin/esql/compute/src/test/java/org/elasticsearch/compute/aggregation/blockhash/TopNBlockHashTests.java,TopNBlockHashTests.java,TopNBlockHashTests,""" TODO: Not tested yet"""
GitHub,relation_test_code_smell_ML,C:\Users\ismak\Documents\GitHub\relation_test_code_smell_ML\dataset\projects\elasticsearch\x-pack\plugin\esql\compute\src\test\java\org\elasticsearch\compute\aggregation\blockhash\TopNBlockHashTests.java,dataset/projects/elasticsearch/x-pack/plugin/esql/compute/src/test/java/org/elasticsearch/compute/aggregation/blockhash/TopNBlockHashTests.java,TopNBlockHashTests.java,TopNBlockHashTests,""" TODO: Not tested yet"""
GitHub,relation_test_code_smell_ML,C:\Users\ismak\Documents\GitHub\relation_test_code_smell_ML\dataset\projects\elasticsearch\x-pack\plugin\esql\compute\src\test\java\org\elasticsearch\compute\aggregation\blockhash\TopNBlockHashTests.java,dataset/projects/elasticsearch/x-pack/plugin/esql/compute/src/test/java/org/elasticsearch/compute/aggregation/blockhash/TopNBlockHashTests.java,TopNBlockHashTests.java,TopNBlockHashTests,""" TODO: Not tested yet"""
GitHub,relation_test_code_smell_ML,C:\Users\ismak\Documents\GitHub\relation_test_code_smell_ML\dataset\projects\elasticsearch\x-pack\plugin\esql\compute\src\test\java\org\elasticsearch\compute\aggregation\blockhash\TopNBlockHashTests.java,dataset/projects/elasticsearch/x-pack/plugin/esql/compute/src/test/java/org/elasticsearch/compute/aggregation/blockhash/TopNBlockHashTests.java,TopNBlockHashTests.java,TopNBlockHashTests,""" TODO: Not tested yet"""
GitHub,relation_test_code_smell_ML,C:\Users\ismak\Documents\GitHub\relation_test_code_smell_ML\dataset\projects\elasticsearch\x-pack\plugin\esql\compute\src\test\java\org\elasticsearch\compute\aggregation\blockhash\TopNBlockHashTests.java,dataset/projects/elasticsearch/x-pack/plugin/esql/compute/src/test/java/org/elasticsearch/compute/aggregation/blockhash/TopNBlockHashTests.java,TopNBlockHashTests.java,TopNBlockHashTests,""" TODO: Test adding multiple blocks, as it triggers different logics like:"""
GitHub,relation_test_code_smell_ML,C:\Users\ismak\Documents\GitHub\relation_test_code_smell_ML\dataset\projects\elasticsearch\x-pack\plugin\esql\compute\src\test\java\org\elasticsearch\compute\aggregation\blockhash\TopNBlockHashTests.java,dataset/projects/elasticsearch/x-pack/plugin/esql/compute/src/test/java/org/elasticsearch/compute/aggregation/blockhash/TopNBlockHashTests.java,TopNBlockHashTests.java,TopNBlockHashTests,""" - Keeping older unused ords"""
GitHub,relation_test_code_smell_ML,C:\Users\ismak\Documents\GitHub\relation_test_code_smell_ML\dataset\projects\elasticsearch\x-pack\plugin\esql\compute\src\test\java\org\elasticsearch\compute\aggregation\blockhash\TopNBlockHashTests.java,dataset/projects/elasticsearch/x-pack/plugin/esql/compute/src/test/java/org/elasticsearch/compute/aggregation/blockhash/TopNBlockHashTests.java,TopNBlockHashTests.java,TopNBlockHashTests,""" TODO: Randomize this instead?"""
GitHub,relation_test_code_smell_ML,C:\Users\ismak\Documents\GitHub\relation_test_code_smell_ML\dataset\projects\elasticsearch\x-pack\plugin\esql\compute\src\test\java\org\elasticsearch\compute\data\arrow\BooleanArrowBufTests.java,dataset/projects/elasticsearch/x-pack/plugin/esql/compute/src/test/java/org/elasticsearch/compute/data/arrow/BooleanArrowBufTests.java,BooleanArrowBufTests.java,BooleanArrowBufTests,""" assertKeepMask(vector); TODO doesn't return  this """
GitHub,relation_test_code_smell_ML,C:\Users\ismak\Documents\GitHub\relation_test_code_smell_ML\dataset\projects\elasticsearch\x-pack\plugin\esql\compute\src\test\java\org\elasticsearch\compute\data\arrow\BytesRefArrowBufTests.java,dataset/projects/elasticsearch/x-pack/plugin/esql/compute/src/test/java/org/elasticsearch/compute/data/arrow/BytesRefArrowBufTests.java,BytesRefArrowBufTests.java,BytesRefArrowBufTests,""" assertKeepMask(vector); TODO doesn't return  this """
GitHub,relation_test_code_smell_ML,C:\Users\ismak\Documents\GitHub\relation_test_code_smell_ML\dataset\projects\elasticsearch\x-pack\plugin\esql\compute\src\test\java\org\elasticsearch\compute\data\arrow\LongArrowBufTests.java,dataset/projects/elasticsearch/x-pack/plugin/esql/compute/src/test/java/org/elasticsearch/compute/data/arrow/LongArrowBufTests.java,LongArrowBufTests.java,LongArrowBufTests,""" assertKeepMask(vector); TODO doesn't return  this """
GitHub,relation_test_code_smell_ML,C:\Users\ismak\Documents\GitHub\relation_test_code_smell_ML\dataset\projects\elasticsearch\x-pack\plugin\esql\compute\src\test\java\org\elasticsearch\compute\data\FilteredBlockTests.java,dataset/projects/elasticsearch/x-pack/plugin/esql/compute/src/test/java/org/elasticsearch/compute/data/FilteredBlockTests.java,FilteredBlockTests.java,FilteredBlockTests,""" TODO: tired of this sv / mv block here. do more below"""
GitHub,relation_test_code_smell_ML,C:\Users\ismak\Documents\GitHub\relation_test_code_smell_ML\dataset\projects\elasticsearch\x-pack\plugin\esql\compute\src\test\java\org\elasticsearch\compute\lucene\query\LuceneSourceOperatorTests.java,dataset/projects/elasticsearch/x-pack/plugin/esql/compute/src/test/java/org/elasticsearch/compute/lucene/query/LuceneSourceOperatorTests.java,LuceneSourceOperatorTests.java,MockShardContext,""" TODO Reuse this overload in the places that pass 0."""
GitHub,relation_test_code_smell_ML,C:\Users\ismak\Documents\GitHub\relation_test_code_smell_ML\dataset\projects\elasticsearch\x-pack\plugin\esql\compute\src\test\java\org\elasticsearch\compute\lucene\query\LuceneSourceOperatorTests.java,dataset/projects/elasticsearch/x-pack/plugin/esql/compute/src/test/java/org/elasticsearch/compute/lucene/query/LuceneSourceOperatorTests.java,LuceneSourceOperatorTests.java,MockShardContext,""" TODO Reuse this overload in the places that pass 0."""
GitHub,relation_test_code_smell_ML,C:\Users\ismak\Documents\GitHub\relation_test_code_smell_ML\dataset\projects\elasticsearch\x-pack\plugin\esql\compute\src\test\java\org\elasticsearch\compute\lucene\query\LuceneTopNSourceOperatorTests.java,dataset/projects/elasticsearch/x-pack/plugin/esql/compute/src/test/java/org/elasticsearch/compute/lucene/query/LuceneTopNSourceOperatorTests.java,LuceneTopNSourceOperatorTests.java,LuceneTopNSourceOperatorTests,""" TODO tests for the other data partitioning configurations"""
GitHub,relation_test_code_smell_ML,C:\Users\ismak\Documents\GitHub\relation_test_code_smell_ML\dataset\projects\elasticsearch\x-pack\plugin\esql\compute\src\test\java\org\elasticsearch\compute\lucene\query\LuceneTopNSourceOperatorTests.java,dataset/projects/elasticsearch/x-pack/plugin/esql/compute/src/test/java/org/elasticsearch/compute/lucene/query/LuceneTopNSourceOperatorTests.java,LuceneTopNSourceOperatorTests.java,LuceneTopNSourceOperatorTests,""" TODO tests for the other data partitioning configurations"""
GitHub,relation_test_code_smell_ML,C:\Users\ismak\Documents\GitHub\relation_test_code_smell_ML\dataset\projects\elasticsearch\x-pack\plugin\esql\compute\src\test\java\org\elasticsearch\compute\operator\exchange\BatchDriverTests.java,dataset/projects/elasticsearch/x-pack/plugin/esql/compute/src/test/java/org/elasticsearch/compute/operator/exchange/BatchDriverTests.java,BatchDriverTests.java,MarkerFilteringSinkOperator,""" Create BatchDriver - no callback needed since all batches are fed upfront"""
GitHub,relation_test_code_smell_ML,C:\Users\ismak\Documents\GitHub\relation_test_code_smell_ML\dataset\projects\elasticsearch\x-pack\plugin\esql\compute\src\test\java\org\elasticsearch\compute\operator\exchange\BatchDriverTests.java,dataset/projects/elasticsearch/x-pack/plugin/esql/compute/src/test/java/org/elasticsearch/compute/operator/exchange/BatchDriverTests.java,BatchDriverTests.java,MarkerFilteringSinkOperator,""" Create BatchDriver - no callback needed for this error test"""
GitHub,relation_test_code_smell_ML,C:\Users\ismak\Documents\GitHub\relation_test_code_smell_ML\dataset\projects\elasticsearch\x-pack\plugin\esql\compute\src\test\java\org\elasticsearch\compute\operator\exchange\BatchDriverTests.java,dataset/projects/elasticsearch/x-pack/plugin/esql/compute/src/test/java/org/elasticsearch/compute/operator/exchange/BatchDriverTests.java,BatchDriverTests.java,MarkerFilteringSinkOperator,"""
     * A sink operator wrapper that filters out batch marker pages (empty batch signals).
     * This is needed because TestResultPageSinkOperator cannot handle pages with 0 blocks,
     * but PageToBatchPageOperator.flushBatch() sends marker pages for empty batches.
     * Also triggers onBatchEnd callback when a batch ends (detected via isLastPageInBatch).
     """
GitHub,relation_test_code_smell_ML,C:\Users\ismak\Documents\GitHub\relation_test_code_smell_ML\dataset\projects\elasticsearch\x-pack\plugin\esql\compute\src\test\java\org\elasticsearch\compute\operator\exchange\BatchDriverTests.java,dataset/projects/elasticsearch/x-pack/plugin/esql/compute/src/test/java/org/elasticsearch/compute/operator/exchange/BatchDriverTests.java,BatchDriverTests.java,MarkerFilteringSinkOperator,"""
     * A sink operator wrapper that filters out batch marker pages (empty batch signals).
     * This is needed because TestResultPageSinkOperator cannot handle pages with 0 blocks,
     * but PageToBatchPageOperator.flushBatch() sends marker pages for empty batches.
     * Also triggers onBatchEnd callback when a batch ends (detected via isLastPageInBatch).
     """
GitHub,relation_test_code_smell_ML,C:\Users\ismak\Documents\GitHub\relation_test_code_smell_ML\dataset\projects\elasticsearch\x-pack\plugin\esql\compute\src\test\java\org\elasticsearch\compute\operator\exchange\BatchDriverTests.java,dataset/projects/elasticsearch/x-pack/plugin/esql/compute/src/test/java/org/elasticsearch/compute/operator/exchange/BatchDriverTests.java,BatchDriverTests.java,MarkerFilteringSinkOperator,"""
     * A sink operator wrapper that filters out batch marker pages (empty batch signals).
     * This is needed because TestResultPageSinkOperator cannot handle pages with 0 blocks,
     * but PageToBatchPageOperator.flushBatch() sends marker pages for empty batches.
     * Also triggers onBatchEnd callback when a batch ends (detected via isLastPageInBatch).
     """
GitHub,relation_test_code_smell_ML,C:\Users\ismak\Documents\GitHub\relation_test_code_smell_ML\dataset\projects\elasticsearch\x-pack\plugin\esql\src\main\java\org\elasticsearch\xpack\esql\expression\function\scalar\conditional\Greatest.java,dataset/projects/elasticsearch/x-pack/plugin/esql/src/main/java/org/elasticsearch/xpack/esql/expression/function/scalar/conditional/Greatest.java,Greatest.java,Greatest,""" TODO unsigned long"""
GitHub,relation_test_code_smell_ML,C:\Users\ismak\Documents\GitHub\relation_test_code_smell_ML\dataset\projects\elasticsearch\x-pack\plugin\esql\src\main\java\org\elasticsearch\xpack\esql\expression\function\scalar\conditional\Greatest.java,dataset/projects/elasticsearch/x-pack/plugin/esql/src/main/java/org/elasticsearch/xpack/esql/expression/function/scalar/conditional/Greatest.java,Greatest.java,Greatest,""" TODO unsigned long"""
GitHub,relation_test_code_smell_ML,C:\Users\ismak\Documents\GitHub\relation_test_code_smell_ML\dataset\projects\elasticsearch\x-pack\plugin\esql\src\test\java\org\elasticsearch\xpack\esql\analysis\AnalyzerUnmappedEnrichTests.java,dataset/projects/elasticsearch/x-pack/plugin/esql/src/test/java/org/elasticsearch/xpack/esql/analysis/AnalyzerUnmappedEnrichTests.java,AnalyzerUnmappedEnrichTests.java,AnalyzerUnmappedEnrichTests,"""
 * ENRICH + unmapped_fields mode tests.
 *
 * Unlike LOOKUP JOIN, ENRICH has no bilateral key resolution: {@code load()} is orthogonal
 * to the ENRICH itself and simply adds PotentiallyUnmappedKeyword fields to the primary EsRelation when needed.
 """
GitHub,relation_test_code_smell_ML,C:\Users\ismak\Documents\GitHub\relation_test_code_smell_ML\dataset\projects\elasticsearch\x-pack\plugin\esql\src\test\java\org\elasticsearch\xpack\esql\analysis\AnalyzerUnmappedEnrichTests.java,dataset/projects/elasticsearch/x-pack/plugin/esql/src/test/java/org/elasticsearch/xpack/esql/analysis/AnalyzerUnmappedEnrichTests.java,AnalyzerUnmappedEnrichTests.java,AnalyzerUnmappedEnrichTests,"""
 * ENRICH + unmapped_fields mode tests.
 *
 * Unlike LOOKUP JOIN, ENRICH has no bilateral key resolution: {@code load()} is orthogonal
 * to the ENRICH itself and simply adds PotentiallyUnmappedKeyword fields to the primary EsRelation when needed.
 """
GitHub,relation_test_code_smell_ML,C:\Users\ismak\Documents\GitHub\relation_test_code_smell_ML\dataset\projects\elasticsearch\x-pack\plugin\esql\src\test\java\org\elasticsearch\xpack\esql\common\spatial\H3SphericalGeometryTests.java,dataset/projects/elasticsearch/x-pack/plugin/esql/src/test/java/org/elasticsearch/xpack/esql/common/spatial/H3SphericalGeometryTests.java,H3SphericalGeometryTests.java,H3SphericalGeometryTests,"""
 * TODO: This class is a copy of the same class in org.elasticsearch.xpack.spatial.common, we should find a common location for it.
 """
GitHub,relation_test_code_smell_ML,C:\Users\ismak\Documents\GitHub\relation_test_code_smell_ML\dataset\projects\elasticsearch\x-pack\plugin\esql\src\test\java\org\elasticsearch\xpack\esql\common\spatial\H3SphericalGeometryTests.java,dataset/projects/elasticsearch/x-pack/plugin/esql/src/test/java/org/elasticsearch/xpack/esql/common/spatial/H3SphericalGeometryTests.java,H3SphericalGeometryTests.java,H3SphericalGeometryTests,"""
 * TODO: This class is a copy of the same class in org.elasticsearch.xpack.spatial.common, we should find a common location for it.
 """
GitHub,relation_test_code_smell_ML,C:\Users\ismak\Documents\GitHub\relation_test_code_smell_ML\dataset\projects\elasticsearch\x-pack\plugin\esql\src\test\java\org\elasticsearch\xpack\esql\common\spatial\H3SphericalUtilTests.java,dataset/projects/elasticsearch/x-pack/plugin/esql/src/test/java/org/elasticsearch/xpack/esql/common/spatial/H3SphericalUtilTests.java,H3SphericalUtilTests.java,H3SphericalUtilTests,"""
 * TODO: This class is a copy of the same class in org.elasticsearch.xpack.spatial.common, we should find a common location for it.
 """
GitHub,relation_test_code_smell_ML,C:\Users\ismak\Documents\GitHub\relation_test_code_smell_ML\dataset\projects\elasticsearch\x-pack\plugin\esql\src\test\java\org\elasticsearch\xpack\esql\common\spatial\H3SphericalUtilTests.java,dataset/projects/elasticsearch/x-pack/plugin/esql/src/test/java/org/elasticsearch/xpack/esql/common/spatial/H3SphericalUtilTests.java,H3SphericalUtilTests.java,H3SphericalUtilTests,"""
 * TODO: This class is a copy of the same class in org.elasticsearch.xpack.spatial.common, we should find a common location for it.
 """
GitHub,relation_test_code_smell_ML,C:\Users\ismak\Documents\GitHub\relation_test_code_smell_ML\dataset\projects\elasticsearch\x-pack\plugin\esql\src\test\java\org\elasticsearch\xpack\esql\core\async\StoredAsyncResponseTests.java,dataset/projects/elasticsearch/x-pack/plugin/esql/src/test/java/org/elasticsearch/xpack/esql/core/async/StoredAsyncResponseTests.java,StoredAsyncResponseTests.java,TestResponse,""" TODO implement https://github.com/elastic/elasticsearch/issues/25929"""
GitHub,relation_test_code_smell_ML,C:\Users\ismak\Documents\GitHub\relation_test_code_smell_ML\dataset\projects\elasticsearch\x-pack\plugin\esql\src\test\java\org\elasticsearch\xpack\esql\core\tree\NodeSubclassTests.java,dataset/projects/elasticsearch/x-pack/plugin/esql/src/test/java/org/elasticsearch/xpack/esql/core/tree/NodeSubclassTests.java,NodeSubclassTests.java,NodeSubclassTests,""" TODO once Node has been move to ESQL proper remove this shim and these methods."""
GitHub,relation_test_code_smell_ML,C:\Users\ismak\Documents\GitHub\relation_test_code_smell_ML\dataset\projects\elasticsearch\x-pack\plugin\esql\src\test\java\org\elasticsearch\xpack\esql\core\util\TestUtils.java,dataset/projects/elasticsearch/x-pack/plugin/esql/src/test/java/org/elasticsearch/xpack/esql/core/util/TestUtils.java,TestUtils.java,TestUtils,""" TODO: move it to ESRestTestCase?"""
GitHub,relation_test_code_smell_ML,C:\Users\ismak\Documents\GitHub\relation_test_code_smell_ML\dataset\projects\elasticsearch\x-pack\plugin\esql\src\test\java\org\elasticsearch\xpack\esql\datasources\SchemaAdaptingIteratorTests.java,dataset/projects/elasticsearch/x-pack/plugin/esql/src/test/java/org/elasticsearch/xpack/esql/datasources/SchemaAdaptingIteratorTests.java,SchemaAdaptingIteratorTests.java,SchemaAdaptingIteratorTests,"""
     * Regression test for a latent thread-affinity bug. {@link SchemaAdaptingIterator} runs on
     * the producer side of {@link AsyncExternalSourceBuffer} (a generic-pool thread draining
     * pages from the format reader); the driver pins its own thread on the driver-local
     * {@link LocalCircuitBreaker} via {@link LocalCircuitBreaker#assertBeginRunLoop()}. If the
     * iterator were given the driver-local {@link BlockFactory}, its null-fill allocations
     * would trip {@link LocalCircuitBreaker#assertSingleThread()} (debug builds) and silently
     * corrupt the breaker's reserved-bytes accounting (production: assertions stripped).
     * <p>
     * The test pins a {@link LocalCircuitBreaker} to a sentinel  driver  thread, then runs
     * {@link SchemaAdaptingIterator#next()} from the test thread:
     * <ul>
     *   <li>Passing the driver-local factory must trip {@code assertSingleThread} — proving the
     *   pattern is dangerous and the test catches accidental regressions.</li>
     *   <li>Passing the root factory must succeed — proving the production wiring in
     *   {@link AsyncExternalSourceOperatorFactory#adaptSchema} is exactly what's needed.</li>
     * </ul>
     """
GitHub,relation_test_code_smell_ML,C:\Users\ismak\Documents\GitHub\relation_test_code_smell_ML\dataset\projects\elasticsearch\x-pack\plugin\esql\src\test\java\org\elasticsearch\xpack\esql\enrich\LookupExecutionPlannerTests.java,dataset/projects/elasticsearch/x-pack/plugin/esql/src/test/java/org/elasticsearch/xpack/esql/enrich/LookupExecutionPlannerTests.java,LookupExecutionPlannerTests.java,TestLookupService,""" Create mock transport service - only needed for constructor, startServerWithOperators does nothing"""
GitHub,relation_test_code_smell_ML,C:\Users\ismak\Documents\GitHub\relation_test_code_smell_ML\dataset\projects\elasticsearch\x-pack\plugin\esql\src\test\java\org\elasticsearch\xpack\esql\enrich\LookupExecutionPlannerTests.java,dataset/projects/elasticsearch/x-pack/plugin/esql/src/test/java/org/elasticsearch/xpack/esql/enrich/LookupExecutionPlannerTests.java,LookupExecutionPlannerTests.java,TestLookupService,""" Create resources lazily when needed"""
GitHub,relation_test_code_smell_ML,C:\Users\ismak\Documents\GitHub\relation_test_code_smell_ML\dataset\projects\elasticsearch\x-pack\plugin\esql\src\test\java\org\elasticsearch\xpack\esql\expression\function\aggregate\AbsentOverTimeTests.java,dataset/projects/elasticsearch/x-pack/plugin/esql/src/test/java/org/elasticsearch/xpack/esql/expression/function/aggregate/AbsentOverTimeTests.java,AbsentOverTimeTests.java,AbsentOverTimeTests,""" TODO Use AbsentTests.parameters() once absent over time allows for dense_vectors"""
GitHub,relation_test_code_smell_ML,C:\Users\ismak\Documents\GitHub\relation_test_code_smell_ML\dataset\projects\elasticsearch\x-pack\plugin\esql\src\test\java\org\elasticsearch\xpack\esql\expression\function\aggregate\CountOverTimeTests.java,dataset/projects/elasticsearch/x-pack/plugin/esql/src/test/java/org/elasticsearch/xpack/esql/expression/function/aggregate/CountOverTimeTests.java,CountOverTimeTests.java,CountOverTimeTests,""" TODO Use CountTests.parameters() once absent over time allows for dense_vectors"""
GitHub,relation_test_code_smell_ML,C:\Users\ismak\Documents\GitHub\relation_test_code_smell_ML\dataset\projects\elasticsearch\x-pack\plugin\esql\src\test\java\org\elasticsearch\xpack\esql\expression\function\aggregate\PresentOverTimeTests.java,dataset/projects/elasticsearch/x-pack/plugin/esql/src/test/java/org/elasticsearch/xpack/esql/expression/function/aggregate/PresentOverTimeTests.java,PresentOverTimeTests.java,PresentOverTimeTests,""" TODO Use PresentTests.parameters() once absent over time allows for dense_vectors"""
GitHub,relation_test_code_smell_ML,C:\Users\ismak\Documents\GitHub\relation_test_code_smell_ML\dataset\projects\elasticsearch\x-pack\plugin\esql\src\test\java\org\elasticsearch\xpack\esql\expression\function\fulltext\MatchTests.java,dataset/projects/elasticsearch/x-pack/plugin/esql/src/test/java/org/elasticsearch/xpack/esql/expression/function/fulltext/MatchTests.java,MatchTests.java,MatchTests,""" TODO: These should be integrated into the type cross product above, but are currently broken"""
GitHub,relation_test_code_smell_ML,C:\Users\ismak\Documents\GitHub\relation_test_code_smell_ML\dataset\projects\elasticsearch\x-pack\plugin\esql\src\test\java\org\elasticsearch\xpack\esql\expression\function\scalar\conditional\CaseErrorTests.java,dataset/projects/elasticsearch/x-pack/plugin/esql/src/test/java/org/elasticsearch/xpack/esql/expression/function/scalar/conditional/CaseErrorTests.java,CaseErrorTests.java,CaseErrorTests,""" TODO handle longer signatures"""
GitHub,relation_test_code_smell_ML,C:\Users\ismak\Documents\GitHub\relation_test_code_smell_ML\dataset\projects\elasticsearch\x-pack\plugin\esql\src\test\java\org\elasticsearch\xpack\esql\expression\function\scalar\conditional\ClampTests.java,dataset/projects/elasticsearch/x-pack/plugin/esql/src/test/java/org/elasticsearch/xpack/esql/expression/function/scalar/conditional/ClampTests.java,ClampTests.java,ClampTests,""" TODO make sure that we handle nulls properly"""
GitHub,relation_test_code_smell_ML,C:\Users\ismak\Documents\GitHub\relation_test_code_smell_ML\dataset\projects\elasticsearch\x-pack\plugin\esql\src\test\java\org\elasticsearch\xpack\esql\expression\function\scalar\convert\ToCartesianPointTests.java,dataset/projects/elasticsearch/x-pack/plugin/esql/src/test/java/org/elasticsearch/xpack/esql/expression/function/scalar/convert/ToCartesianPointTests.java,ToCartesianPointTests.java,ToCartesianPointTests,""" TODO multivalue fields"""
GitHub,relation_test_code_smell_ML,C:\Users\ismak\Documents\GitHub\relation_test_code_smell_ML\dataset\projects\elasticsearch\x-pack\plugin\esql\src\test\java\org\elasticsearch\xpack\esql\expression\function\scalar\convert\ToCartesianShapeTests.java,dataset/projects/elasticsearch/x-pack/plugin/esql/src/test/java/org/elasticsearch/xpack/esql/expression/function/scalar/convert/ToCartesianShapeTests.java,ToCartesianShapeTests.java,ToCartesianShapeTests,""" TODO multivalue fields"""
GitHub,relation_test_code_smell_ML,C:\Users\ismak\Documents\GitHub\relation_test_code_smell_ML\dataset\projects\elasticsearch\x-pack\plugin\esql\src\test\java\org\elasticsearch\xpack\esql\expression\function\scalar\convert\ToDegreesTests.java,dataset/projects/elasticsearch/x-pack/plugin/esql/src/test/java/org/elasticsearch/xpack/esql/expression/function/scalar/convert/ToDegreesTests.java,ToDegreesTests.java,ToDegreesTests,""" TODO multivalue fields"""
GitHub,relation_test_code_smell_ML,C:\Users\ismak\Documents\GitHub\relation_test_code_smell_ML\dataset\projects\elasticsearch\x-pack\plugin\esql\src\test\java\org\elasticsearch\xpack\esql\expression\function\scalar\convert\ToDoubleTests.java,dataset/projects/elasticsearch/x-pack/plugin/esql/src/test/java/org/elasticsearch/xpack/esql/expression/function/scalar/convert/ToDoubleTests.java,ToDoubleTests.java,ToDoubleTests,""" TODO multivalue fields"""
GitHub,relation_test_code_smell_ML,C:\Users\ismak\Documents\GitHub\relation_test_code_smell_ML\dataset\projects\elasticsearch\x-pack\plugin\esql\src\test\java\org\elasticsearch\xpack\esql\expression\function\scalar\convert\ToGeoPointTests.java,dataset/projects/elasticsearch/x-pack/plugin/esql/src/test/java/org/elasticsearch/xpack/esql/expression/function/scalar/convert/ToGeoPointTests.java,ToGeoPointTests.java,ToGeoPointTests,""" TODO multivalue fields"""
GitHub,relation_test_code_smell_ML,C:\Users\ismak\Documents\GitHub\relation_test_code_smell_ML\dataset\projects\elasticsearch\x-pack\plugin\esql\src\test\java\org\elasticsearch\xpack\esql\expression\function\scalar\convert\ToGeoShapeTests.java,dataset/projects/elasticsearch/x-pack/plugin/esql/src/test/java/org/elasticsearch/xpack/esql/expression/function/scalar/convert/ToGeoShapeTests.java,ToGeoShapeTests.java,ToGeoShapeTests,""" TODO multivalue fields"""
GitHub,relation_test_code_smell_ML,C:\Users\ismak\Documents\GitHub\relation_test_code_smell_ML\dataset\projects\elasticsearch\x-pack\plugin\esql\src\test\java\org\elasticsearch\xpack\esql\expression\function\scalar\convert\ToIntegerTests.java,dataset/projects/elasticsearch/x-pack/plugin/esql/src/test/java/org/elasticsearch/xpack/esql/expression/function/scalar/convert/ToIntegerTests.java,ToIntegerTests.java,ToIntegerTests,""" TODO multivalue fields"""
GitHub,relation_test_code_smell_ML,C:\Users\ismak\Documents\GitHub\relation_test_code_smell_ML\dataset\projects\elasticsearch\x-pack\plugin\esql\src\test\java\org\elasticsearch\xpack\esql\expression\function\scalar\convert\ToLongTests.java,dataset/projects/elasticsearch/x-pack/plugin/esql/src/test/java/org/elasticsearch/xpack/esql/expression/function/scalar/convert/ToLongTests.java,ToLongTests.java,ToLongTests,""" TODO multivalue fields"""
GitHub,relation_test_code_smell_ML,C:\Users\ismak\Documents\GitHub\relation_test_code_smell_ML\dataset\projects\elasticsearch\x-pack\plugin\esql\src\test\java\org\elasticsearch\xpack\esql\expression\function\scalar\convert\ToRadiansTests.java,dataset/projects/elasticsearch/x-pack/plugin/esql/src/test/java/org/elasticsearch/xpack/esql/expression/function/scalar/convert/ToRadiansTests.java,ToRadiansTests.java,ToRadiansTests,""" TODO multivalue fields"""
GitHub,relation_test_code_smell_ML,C:\Users\ismak\Documents\GitHub\relation_test_code_smell_ML\dataset\projects\elasticsearch\x-pack\plugin\esql\src\test\java\org\elasticsearch\xpack\esql\expression\function\scalar\convert\ToStringTests.java,dataset/projects/elasticsearch/x-pack/plugin/esql/src/test/java/org/elasticsearch/xpack/esql/expression/function/scalar/convert/ToStringTests.java,ToStringTests.java,ToStringTests,""" TODO multivalue fields"""
GitHub,relation_test_code_smell_ML,C:\Users\ismak\Documents\GitHub\relation_test_code_smell_ML\dataset\projects\elasticsearch\x-pack\plugin\esql\src\test\java\org\elasticsearch\xpack\esql\expression\function\scalar\convert\ToUnsignedLongTests.java,dataset/projects/elasticsearch/x-pack/plugin/esql/src/test/java/org/elasticsearch/xpack/esql/expression/function/scalar/convert/ToUnsignedLongTests.java,ToUnsignedLongTests.java,ToUnsignedLongTests,""" TODO multivalue fields"""
GitHub,relation_test_code_smell_ML,C:\Users\ismak\Documents\GitHub\relation_test_code_smell_ML\dataset\projects\elasticsearch\x-pack\plugin\esql\src\test\java\org\elasticsearch\xpack\esql\expression\function\scalar\convert\ToVersionTests.java,dataset/projects/elasticsearch/x-pack/plugin/esql/src/test/java/org/elasticsearch/xpack/esql/expression/function/scalar/convert/ToVersionTests.java,ToVersionTests.java,ToVersionTests,""" TODO multivalue fields"""
GitHub,relation_test_code_smell_ML,C:\Users\ismak\Documents\GitHub\relation_test_code_smell_ML\dataset\projects\elasticsearch\x-pack\plugin\esql\src\test\java\org\elasticsearch\xpack\esql\expression\function\scalar\convert\ToVersionTests.java,dataset/projects/elasticsearch/x-pack/plugin/esql/src/test/java/org/elasticsearch/xpack/esql/expression/function/scalar/convert/ToVersionTests.java,ToVersionTests.java,ToVersionTests,""" TODO should this return null with warnings? they aren't version shaped at all."""
GitHub,relation_test_code_smell_ML,C:\Users\ismak\Documents\GitHub\relation_test_code_smell_ML\dataset\projects\elasticsearch\x-pack\plugin\esql\src\test\java\org\elasticsearch\xpack\esql\expression\function\scalar\date\DateDiffTests.java,dataset/projects/elasticsearch/x-pack/plugin/esql/src/test/java/org/elasticsearch/xpack/esql/expression/function/scalar/date/DateDiffTests.java,DateDiffTests.java,DateDiffTests,""" TODO: This function doesn't serialize the Source, and must be fixed."""
GitHub,relation_test_code_smell_ML,C:\Users\ismak\Documents\GitHub\relation_test_code_smell_ML\dataset\projects\elasticsearch\x-pack\plugin\esql\src\test\java\org\elasticsearch\xpack\esql\expression\function\scalar\multivalue\MvSortTests.java,dataset/projects/elasticsearch/x-pack/plugin/esql/src/test/java/org/elasticsearch/xpack/esql/expression/function/scalar/multivalue/MvSortTests.java,MvSortTests.java,MvSortTests,""" TODO move to parameters"""
GitHub,relation_test_code_smell_ML,C:\Users\ismak\Documents\GitHub\relation_test_code_smell_ML\dataset\projects\elasticsearch\x-pack\plugin\esql\src\test\java\org\elasticsearch\xpack\esql\expression\function\scalar\multivalue\MvSumTests.java,dataset/projects/elasticsearch/x-pack/plugin/esql/src/test/java/org/elasticsearch/xpack/esql/expression/function/scalar/multivalue/MvSumTests.java,MvSumTests.java,MvSumTests,""" TODO turn these on once we are summing without overflow"""
GitHub,relation_test_code_smell_ML,C:\Users\ismak\Documents\GitHub\relation_test_code_smell_ML\dataset\projects\elasticsearch\x-pack\plugin\esql\src\test\java\org\elasticsearch\xpack\esql\expression\function\scalar\multivalue\MvSumTests.java,dataset/projects/elasticsearch/x-pack/plugin/esql/src/test/java/org/elasticsearch/xpack/esql/expression/function/scalar/multivalue/MvSumTests.java,MvSumTests.java,MvSumTests,""" TODO: This function doesn't serialize the Source, and must be fixed."""
GitHub,relation_test_code_smell_ML,C:\Users\ismak\Documents\GitHub\relation_test_code_smell_ML\dataset\projects\elasticsearch\x-pack\plugin\esql\src\test\java\org\elasticsearch\xpack\esql\expression\function\scalar\string\ConcatErrorTests.java,dataset/projects/elasticsearch/x-pack/plugin/esql/src/test/java/org/elasticsearch/xpack/esql/expression/function/scalar/string/ConcatErrorTests.java,ConcatErrorTests.java,ConcatErrorTests,""" TODO support longer lists. Though this thing has 100s so we probably can't do them all."""
GitHub,relation_test_code_smell_ML,C:\Users\ismak\Documents\GitHub\relation_test_code_smell_ML\dataset\projects\elasticsearch\x-pack\plugin\esql\src\test\java\org\elasticsearch\xpack\esql\expression\function\scalar\string\ReplaceTests.java,dataset/projects/elasticsearch/x-pack/plugin/esql/src/test/java/org/elasticsearch/xpack/esql/expression/function/scalar/string/ReplaceTests.java,ReplaceTests.java,ReplaceTests,""" TODO: This function doesn't serialize the Source, and must be fixed."""
GitHub,relation_test_code_smell_ML,C:\Users\ismak\Documents\GitHub\relation_test_code_smell_ML\dataset\projects\elasticsearch\x-pack\plugin\esql\src\test\java\org\elasticsearch\xpack\esql\expression\predicate\operator\arithmetic\AddTests.java,dataset/projects/elasticsearch/x-pack/plugin/esql/src/test/java/org/elasticsearch/xpack/esql/expression/predicate/operator/arithmetic/AddTests.java,AddTests.java,DateAdder,""" TODO: These should be integrated into the type cross product above, but are currently broken"""
GitHub,relation_test_code_smell_ML,C:\Users\ismak\Documents\GitHub\relation_test_code_smell_ML\dataset\projects\elasticsearch\x-pack\plugin\esql\src\test\java\org\elasticsearch\xpack\esql\expression\predicate\operator\arithmetic\NegTests.java,dataset/projects/elasticsearch/x-pack/plugin/esql/src/test/java/org/elasticsearch/xpack/esql/expression/predicate/operator/arithmetic/NegTests.java,NegTests.java,NegTests,""" TODO: Probably we don't want to allow negative zeros"""
GitHub,relation_test_code_smell_ML,C:\Users\ismak\Documents\GitHub\relation_test_code_smell_ML\dataset\projects\elasticsearch\x-pack\plugin\esql\src\test\java\org\elasticsearch\xpack\esql\expression\predicate\operator\arithmetic\NegTests.java,dataset/projects/elasticsearch/x-pack/plugin/esql/src/test/java/org/elasticsearch/xpack/esql/expression/predicate/operator/arithmetic/NegTests.java,NegTests.java,NegTests,""" TODO: Wire up edge case generation functions for these"""
GitHub,relation_test_code_smell_ML,C:\Users\ismak\Documents\GitHub\relation_test_code_smell_ML\dataset\projects\elasticsearch\x-pack\plugin\esql\src\test\java\org\elasticsearch\xpack\esql\expression\predicate\operator\arithmetic\NegTests.java,dataset/projects/elasticsearch/x-pack/plugin/esql/src/test/java/org/elasticsearch/xpack/esql/expression/predicate/operator/arithmetic/NegTests.java,NegTests.java,NegTests,""" TODO: These remaining cases should get rolled into generation functions for periods and durations"""
GitHub,relation_test_code_smell_ML,C:\Users\ismak\Documents\GitHub\relation_test_code_smell_ML\dataset\projects\elasticsearch\x-pack\plugin\esql\src\test\java\org\elasticsearch\xpack\esql\expression\predicate\operator\arithmetic\SubTests.java,dataset/projects/elasticsearch/x-pack/plugin/esql/src/test/java/org/elasticsearch/xpack/esql/expression/predicate/operator/arithmetic/SubTests.java,SubTests.java,SubTests,""" new TestCaseSupplier( ULong - ULong , () -> {
            // Ensure we don't have an overflow
            // TODO: we should be able to test values over Long.MAX_VALUE too...
            long rhs = randomLongBetween(0, (Long.MAX_VALUE >> 1) - 1);
            long lhs = randomLongBetween(0, (Long.MAX_VALUE >> 1) - 1);
            BigInteger lhsBI = unsignedLongAsBigInteger(lhs);
            BigInteger rhsBI = unsignedLongAsBigInteger(rhs);
            return new TestCase(
                Source.EMPTY,
                List.of(new TypedData(lhs, DataType.UNSIGNED_LONG,  lhs ), new TypedData(rhs, DataType.UNSIGNED_LONG,  rhs )),
                 SubUnsignedLongsEvaluator[lhs=Attribute[channel=0], rhs=Attribute[channel=1]] ,
                equalTo(asLongUnsigned(lhsBI.subtract(rhsBI).longValue()))
            );
          }) """
GitHub,relation_test_code_smell_ML,C:\Users\ismak\Documents\GitHub\relation_test_code_smell_ML\dataset\projects\elasticsearch\x-pack\plugin\esql\src\test\java\org\elasticsearch\xpack\esql\expression\predicate\operator\comparison\EqualsTests.java,dataset/projects/elasticsearch/x-pack/plugin/esql/src/test/java/org/elasticsearch/xpack/esql/expression/predicate/operator/comparison/EqualsTests.java,EqualsTests.java,EqualsTests,""" TODO: These should be integrated into the type cross product above, but are currently broken"""
GitHub,relation_test_code_smell_ML,C:\Users\ismak\Documents\GitHub\relation_test_code_smell_ML\dataset\projects\elasticsearch\x-pack\plugin\esql\src\test\java\org\elasticsearch\xpack\esql\expression\predicate\operator\comparison\GreaterThanTests.java,dataset/projects/elasticsearch/x-pack/plugin/esql/src/test/java/org/elasticsearch/xpack/esql/expression/predicate/operator/comparison/GreaterThanTests.java,GreaterThanTests.java,GreaterThanTests,""" TODO: These should be integrated into the type cross product above, but are currently broken"""
GitHub,relation_test_code_smell_ML,C:\Users\ismak\Documents\GitHub\relation_test_code_smell_ML\dataset\projects\elasticsearch\x-pack\plugin\esql\src\test\java\org\elasticsearch\xpack\esql\expression\predicate\operator\comparison\LessThanTests.java,dataset/projects/elasticsearch/x-pack/plugin/esql/src/test/java/org/elasticsearch/xpack/esql/expression/predicate/operator/comparison/LessThanTests.java,LessThanTests.java,LessThanTests,""" TODO: These should be integrated into the type cross product above, but are currently broken"""
GitHub,relation_test_code_smell_ML,C:\Users\ismak\Documents\GitHub\relation_test_code_smell_ML\dataset\projects\elasticsearch\x-pack\plugin\esql\src\test\java\org\elasticsearch\xpack\esql\expression\predicate\operator\comparison\NotEqualsTests.java,dataset/projects/elasticsearch/x-pack/plugin/esql/src/test/java/org/elasticsearch/xpack/esql/expression/predicate/operator/comparison/NotEqualsTests.java,NotEqualsTests.java,NotEqualsTests,""" TODO: These should be integrated into the type cross product above, but are currently broken"""
GitHub,relation_test_code_smell_ML,C:\Users\ismak\Documents\GitHub\relation_test_code_smell_ML\dataset\projects\elasticsearch\x-pack\plugin\esql\src\test\java\org\elasticsearch\xpack\esql\optimizer\rules\logical\BooleanFunctionEqualsEliminationTests.java,dataset/projects/elasticsearch/x-pack/plugin/esql/src/test/java/org/elasticsearch/xpack/esql/optimizer/rules/logical/BooleanFunctionEqualsEliminationTests.java,BooleanFunctionEqualsEliminationTests.java,BooleanFunctionEqualsEliminationTests,""" TODO: Replace use of QL Not with ESQL Not"""
GitHub,relation_test_code_smell_ML,C:\Users\ismak\Documents\GitHub\relation_test_code_smell_ML\dataset\projects\elasticsearch\x-pack\plugin\esql\src\test\java\org\elasticsearch\xpack\esql\optimizer\rules\logical\HeterogeneousFromOptimizerTests.java,dataset/projects/elasticsearch/x-pack/plugin/esql/src/test/java/org/elasticsearch/xpack/esql/optimizer/rules/logical/HeterogeneousFromOptimizerTests.java,HeterogeneousFromOptimizerTests.java,HeterogeneousFromOptimizerTests,"""
     * {@link PruneColumns} must prune unused columns from the {@link ExternalRelation} inside a
     * direct-leaf UnionAll while leaving the {@link EsRelation} unchanged (InsertFieldExtraction
     * handles EsRelation column pruning at execution time).
     *
     * <p>The test uses the {@link ExternalRelation}'s own attribute object as the {@link UnionAll}
     * output so that the attribute IDs in the {@code used} set match those in the external relation.
     * This matches the semantics the pruning rule relies on.
     """
GitHub,relation_test_code_smell_ML,C:\Users\ismak\Documents\GitHub\relation_test_code_smell_ML\dataset\projects\elasticsearch\x-pack\plugin\esql\src\test\java\org\elasticsearch\xpack\esql\optimizer\rules\logical\HeterogeneousFromOptimizerTests.java,dataset/projects/elasticsearch/x-pack/plugin/esql/src/test/java/org/elasticsearch/xpack/esql/optimizer/rules/logical/HeterogeneousFromOptimizerTests.java,HeterogeneousFromOptimizerTests.java,HeterogeneousFromOptimizerTests,"""
     * {@link PushAggregateThroughUnionAll} must carry a grouping column through the {@link UnionAll}
     * even when that column has been pruned from the {@link Aggregate}'s output list. This is the
     * shape {@link PruneColumns} produces for {@code FROM idx, ds | STATS c = COUNT(*) BY dept | KEEP c}:
     * {@code dept} is dropped from {@code aggregates()} (unused after KEEP) but kept in
     * {@code groupings()}.
     *
     * <p>Asserts plan validity via the engine's own {@link PlanConsistencyChecker}: every node's
     * attribute references must be produced by its children.
     """
GitHub,relation_test_code_smell_ML,C:\Users\ismak\Documents\GitHub\relation_test_code_smell_ML\dataset\projects\elasticsearch\x-pack\plugin\esql\src\test\java\org\elasticsearch\xpack\esql\optimizer\rules\physical\ReplaceSampledStatsBySampleAndStatsTests.java,dataset/projects/elasticsearch/x-pack/plugin/esql/src/test/java/org/elasticsearch/xpack/esql/optimizer/rules/physical/ReplaceSampledStatsBySampleAndStatsTests.java,ReplaceSampledStatsBySampleAndStatsTests.java,ReplaceSampledStatsBySampleAndStatsTests,""" No sample correction needed for STDDEV, so no Project/Eval wrapper."""
GitHub,relation_test_code_smell_ML,C:\Users\ismak\Documents\GitHub\relation_test_code_smell_ML\dataset\projects\elasticsearch\x-pack\plugin\esql\src\test\java\org\elasticsearch\xpack\esql\plan\logical\AbstractLogicalPlanSerializationTests.java,dataset/projects/elasticsearch/x-pack/plugin/esql/src/test/java/org/elasticsearch/xpack/esql/plan/logical/AbstractLogicalPlanSerializationTests.java,AbstractLogicalPlanSerializationTests.java,AbstractLogicalPlanSerializationTests,""" TODO more random options"""
GitHub,relation_test_code_smell_ML,C:\Users\ismak\Documents\GitHub\relation_test_code_smell_ML\dataset\projects\elasticsearch\x-pack\plugin\esql\src\test\java\org\elasticsearch\xpack\esql\plan\logical\join\SubqueryJoinTests.java,dataset/projects/elasticsearch/x-pack/plugin/esql/src/test/java/org/elasticsearch/xpack/esql/plan/logical/join/SubqueryJoinTests.java,SubqueryJoinTests.java,SubqueryJoinTests,"""
     * Hash-join path with no NULLs on the right side. The surrounding {@code Project / Eval / Join}
     * shape and the {@code filterNullLeftKeysBeforeHashJoin == false} contract (no
     * {@code Filter(IsNotNull(svKey))} above the SV-guard Eval) are pinned by
     * {@link #assertHashJoinPathShape}; this test focuses on the no-null CASE shape:
     * {@code [keyIsNull, NULL, matched, TRUE, FALSE]} — the explicit  key IS NULL ⇒ NULL  branch
     * is needed because the dedup right has no NULL group for the LEFT join to route NULL-keyed
     * left rows to.
     """
GitHub,relation_test_code_smell_ML,C:\Users\ismak\Documents\GitHub\relation_test_code_smell_ML\dataset\projects\elasticsearch\x-pack\plugin\esql\src\test\java\org\elasticsearch\xpack\esql\plan\logical\promql\HistogramQuantileTests.java,dataset/projects/elasticsearch/x-pack/plugin/esql/src/test/java/org/elasticsearch/xpack/esql/plan/logical/promql/HistogramQuantileTests.java,HistogramQuantileTests.java,HistogramQuantileTests,"""
 * Needed to override tests in {@link org.elasticsearch.xpack.esql.tree.EsqlNodeSubclassTests} because
 * {@link HistogramQuantile} is not safe to construct via reflection alone:
 * <ul>
 * <li>The quantile argument is required — the constructor reads {@code parameters.getFirst()}, but
 * {@link org.elasticsearch.xpack.esql.tree.EsqlNodeSubclassTests} typically supplies an empty parameter list.</li>
 * <li>The node uses {@link org.elasticsearch.xpack.esql.expression.function.aggregate.PromqlHistogramQuantile#PROMQL_DEFINITION},
 * not the generic {@code VECTOR} stub that {@link org.elasticsearch.xpack.esql.tree.EsqlNodeSubclassTests} picks for
 * {@link org.elasticsearch.xpack.esql.expression.promql.function.PromqlFunctionDefinition} arguments.</li>
 * <li>{@link HistogramQuantile#output()} filters the {@value HistogramQuantile#LE_LABEL} label, so believable children
 * need classic-histogram bucket dimensions when they expose concrete labels.</li>
 * </ul>
 * Provides {@link #randomHistogramQuantile()} for {@link org.elasticsearch.xpack.esql.tree.EsqlNodeSubclassTests} to delegate to.
 """
GitHub,relation_test_code_smell_ML,C:\Users\ismak\Documents\GitHub\relation_test_code_smell_ML\dataset\projects\elasticsearch\x-pack\plugin\esql\src\test\java\org\elasticsearch\xpack\esql\plan\logical\promql\HistogramQuantileTests.java,dataset/projects/elasticsearch/x-pack/plugin/esql/src/test/java/org/elasticsearch/xpack/esql/plan/logical/promql/HistogramQuantileTests.java,HistogramQuantileTests.java,HistogramQuantileTests,"""
 * Needed to override tests in {@link org.elasticsearch.xpack.esql.tree.EsqlNodeSubclassTests} because
 * {@link HistogramQuantile} is not safe to construct via reflection alone:
 * <ul>
 * <li>The quantile argument is required — the constructor reads {@code parameters.getFirst()}, but
 * {@link org.elasticsearch.xpack.esql.tree.EsqlNodeSubclassTests} typically supplies an empty parameter list.</li>
 * <li>The node uses {@link org.elasticsearch.xpack.esql.expression.function.aggregate.PromqlHistogramQuantile#PROMQL_DEFINITION},
 * not the generic {@code VECTOR} stub that {@link org.elasticsearch.xpack.esql.tree.EsqlNodeSubclassTests} picks for
 * {@link org.elasticsearch.xpack.esql.expression.promql.function.PromqlFunctionDefinition} arguments.</li>
 * <li>{@link HistogramQuantile#output()} filters the {@value HistogramQuantile#LE_LABEL} label, so believable children
 * need classic-histogram bucket dimensions when they expose concrete labels.</li>
 * </ul>
 * Provides {@link #randomHistogramQuantile()} for {@link org.elasticsearch.xpack.esql.tree.EsqlNodeSubclassTests} to delegate to.
 """
GitHub,relation_test_code_smell_ML,C:\Users\ismak\Documents\GitHub\relation_test_code_smell_ML\dataset\projects\elasticsearch\x-pack\plugin\esql\src\test\java\org\elasticsearch\xpack\esql\plan\QueryPlanTests.java,dataset/projects/elasticsearch/x-pack/plugin/esql/src/test/java/org/elasticsearch/xpack/esql/plan/QueryPlanTests.java,QueryPlanTests.java,QueryPlanTests,""" TODO: duplicate of testForEachWithExpressionTopLevel, let's remove it."""
GitHub,relation_test_code_smell_ML,C:\Users\ismak\Documents\GitHub\relation_test_code_smell_ML\dataset\projects\elasticsearch\x-pack\plugin\esql\src\test\java\org\elasticsearch\xpack\esql\plan\QueryPlanTests.java,dataset/projects/elasticsearch/x-pack/plugin/esql/src/test/java/org/elasticsearch/xpack/esql/plan/QueryPlanTests.java,QueryPlanTests.java,QueryPlanTests,""" TODO: duplicate of testForEachWithExpressionTopLevel, let's remove it."""
GitHub,relation_test_code_smell_ML,C:\Users\ismak\Documents\GitHub\relation_test_code_smell_ML\dataset\projects\elasticsearch\x-pack\plugin\esql\src\test\java\org\elasticsearch\xpack\esql\querydsl\query\MatchQueryTests.java,dataset/projects/elasticsearch/x-pack/plugin/esql/src/test/java/org/elasticsearch/xpack/esql/querydsl/query/MatchQueryTests.java,MatchQueryTests.java,MatchQueryTests,""" TODO add the predicate"""
GitHub,relation_test_code_smell_ML,C:\Users\ismak\Documents\GitHub\relation_test_code_smell_ML\dataset\projects\elasticsearch\x-pack\plugin\esql\src\test\java\org\elasticsearch\xpack\esql\querydsl\query\MatchQueryTests.java,dataset/projects/elasticsearch/x-pack/plugin/esql/src/test/java/org/elasticsearch/xpack/esql/querydsl/query/MatchQueryTests.java,MatchQueryTests.java,MatchQueryTests,""" TODO mutate the predicate"""
GitHub,relation_test_code_smell_ML,C:\Users\ismak\Documents\GitHub\relation_test_code_smell_ML\dataset\projects\elasticsearch\x-pack\plugin\esql\src\test\java\org\elasticsearch\xpack\esql\session\EsqlCCSUtilsTests.java,dataset/projects/elasticsearch/x-pack/plugin/esql/src/test/java/org/elasticsearch/xpack/esql/session/EsqlCCSUtilsTests.java,EsqlCCSUtilsTests.java,TestIndicesExpressionGrouper,""" TODO: this logic will be added in the follow-on PR that handles missing indices"""
GitHub,relation_test_code_smell_ML,C:\Users\ismak\Documents\GitHub\relation_test_code_smell_ML\dataset\projects\elasticsearch\x-pack\plugin\esql-datasource-iceberg\src\test\java\org\elasticsearch\xpack\esql\datasource\iceberg\IcebergBloomFilterTests.java,dataset/projects/elasticsearch/x-pack/plugin/esql-datasource-iceberg/src/test/java/org/elasticsearch/xpack/esql/datasource/iceberg/IcebergBloomFilterTests.java,IcebergBloomFilterTests.java,IcebergBloomFilterTests,"""
 * Tests that verify Iceberg's bloom filter support infrastructure is available
 * and that the ESQL → Iceberg filter translation produces bloom-filter-compatible
 * expressions.
 * <p>
 * Iceberg's Parquet reading path includes {@code ParquetBloomRowGroupFilter}
 * which automatically checks bloom filters during row-group selection when a scan
 * has a filter expression. This works through the existing filter pushdown path
 * ({@link IcebergPushdownFilters} → {@code TableScan.filter()}) — no ESQL-side
 * code changes are needed.
 * <p>
 * Requirements for bloom filter usage in Iceberg:
 * <ol>
 *   <li>Parquet data files must be written with bloom filters enabled
 *       (table property: {@code write.parquet.bloom-filter-enabled.column.<col>=true})</li>
 *   <li>Scan must have a filter expression set via {@code scan.filter()}</li>
 *   <li>Filter must be an equality or IN predicate (bloom filters don't help with ranges)</li>
 * </ol>
 """
GitHub,relation_test_code_smell_ML,C:\Users\ismak\Documents\GitHub\relation_test_code_smell_ML\dataset\projects\elasticsearch\x-pack\plugin\esql-datasource-iceberg\src\test\java\org\elasticsearch\xpack\esql\datasource\iceberg\IcebergBloomFilterTests.java,dataset/projects/elasticsearch/x-pack/plugin/esql-datasource-iceberg/src/test/java/org/elasticsearch/xpack/esql/datasource/iceberg/IcebergBloomFilterTests.java,IcebergBloomFilterTests.java,IcebergBloomFilterTests,"""
 * Tests that verify Iceberg's bloom filter support infrastructure is available
 * and that the ESQL → Iceberg filter translation produces bloom-filter-compatible
 * expressions.
 * <p>
 * Iceberg's Parquet reading path includes {@code ParquetBloomRowGroupFilter}
 * which automatically checks bloom filters during row-group selection when a scan
 * has a filter expression. This works through the existing filter pushdown path
 * ({@link IcebergPushdownFilters} → {@code TableScan.filter()}) — no ESQL-side
 * code changes are needed.
 * <p>
 * Requirements for bloom filter usage in Iceberg:
 * <ol>
 *   <li>Parquet data files must be written with bloom filters enabled
 *       (table property: {@code write.parquet.bloom-filter-enabled.column.<col>=true})</li>
 *   <li>Scan must have a filter expression set via {@code scan.filter()}</li>
 *   <li>Filter must be an equality or IN predicate (bloom filters don't help with ranges)</li>
 * </ol>
 """
GitHub,relation_test_code_smell_ML,C:\Users\ismak\Documents\GitHub\relation_test_code_smell_ML\dataset\projects\elasticsearch\x-pack\plugin\esql-datasource-parquet\src\test\java\org\elasticsearch\xpack\esql\datasource\parquet\ParquetFilterPushdownSupportTests.java,dataset/projects/elasticsearch/x-pack/plugin/esql-datasource-parquet/src/test/java/org/elasticsearch/xpack/esql/datasource/parquet/ParquetFilterPushdownSupportTests.java,ParquetFilterPushdownSupportTests.java,ParquetFilterPushdownSupportTests,""" TVL-correct because null rows already map to bit 0); FilterExec is not needed."""
GitHub,relation_test_code_smell_ML,C:\Users\ismak\Documents\GitHub\relation_test_code_smell_ML\dataset\projects\elasticsearch\x-pack\plugin\esql-datasource-parquet\src\test\java\org\elasticsearch\xpack\esql\datasource\parquet\ParquetStorageObjectAdapterTests.java,dataset/projects/elasticsearch/x-pack/plugin/esql-datasource-parquet/src/test/java/org/elasticsearch/xpack/esql/datasource/parquet/ParquetStorageObjectAdapterTests.java,ParquetStorageObjectAdapterTests.java,ParquetStorageObjectAdapterTests,"""
     * A clear that happens after the open stream consumed the pre-warmed bytes must still allow
     * subsequent reads to hit storage when needed. This guards the production sequence of
     * install → row-group filter → clear.
     """
GitHub,relation_test_code_smell_ML,C:\Users\ismak\Documents\GitHub\relation_test_code_smell_ML\dataset\projects\elasticsearch\x-pack\plugin\esql-datasource-parquet\src\test\java\org\elasticsearch\xpack\esql\datasource\parquet\TwoPhaseBlockLifecycleTests.java,dataset/projects/elasticsearch/x-pack/plugin/esql-datasource-parquet/src/test/java/org/elasticsearch/xpack/esql/datasource/parquet/TwoPhaseBlockLifecycleTests.java,TwoPhaseBlockLifecycleTests.java,CountdownArmedTripBreaker,"""
     * Exercises the {@code rowBudget} truncation path inside {@code nextTwoPhaseBatch}: with a
     * tight {@code LIMIT}, the iterator trims the survivor count on the final batch to the
     * remaining budget and re-slices the predicate Blocks accordingly. This is the happy-path
     * accounting check for that path — every Block created during truncation must be closed
     * exactly once (either by emission + caller release, or by sliceBlockHead's source-close on
     * success), so the breaker returns to zero. The defect this complements (truncation running
     * outside the try/catch so a mid-loop failure leaks partially-resliced predicate blocks) is
     * structural and is fixed by the catch placement; no fault injection is needed to assert the
     * structural property — the lifecycle assertion below would fail under any leak.
     """
GitHub,relation_test_code_smell_ML,C:\Users\ismak\Documents\GitHub\relation_test_code_smell_ML\dataset\projects\elasticsearch\x-pack\plugin\esql-datasource-parquet\src\test\java\org\elasticsearch\xpack\esql\datasource\parquet\TwoPhaseBlockLifecycleTests.java,dataset/projects/elasticsearch/x-pack/plugin/esql-datasource-parquet/src/test/java/org/elasticsearch/xpack/esql/datasource/parquet/TwoPhaseBlockLifecycleTests.java,TwoPhaseBlockLifecycleTests.java,CountdownArmedTripBreaker,""" id < 1024: rows 0–511 in batch 1 all pass → positions == null (no compaction needed)."""
GitHub,relation_test_code_smell_ML,C:\Users\ismak\Documents\GitHub\relation_test_code_smell_ML\dataset\projects\elasticsearch\x-pack\plugin\esql-datasource-parquet\src\test\java\org\elasticsearch\xpack\esql\datasource\parquet\TwoPhaseReaderTests.java,dataset/projects/elasticsearch/x-pack/plugin/esql-datasource-parquet/src/test/java/org/elasticsearch/xpack/esql/datasource/parquet/TwoPhaseReaderTests.java,TwoPhaseReaderTests.java,CountingStorageObject,"""
     * Full overlap between filter and projection columns: filter on {@code url}
     * (LIKE  *google* ) AND {@code status < 2}, projection on {@code [url, status]}.
     * All filter columns are already projected. No augmentation needed. Oracle-validated.
     """
GitHub,relation_test_code_smell_ML,C:\Users\ismak\Documents\GitHub\relation_test_code_smell_ML\dataset\projects\elasticsearch\x-pack\plugin\esql-datasource-s3\src\test\java\org\elasticsearch\xpack\esql\datasource\s3\KnownLengthAsyncResponseTransformerTests.java,dataset/projects/elasticsearch/x-pack/plugin/esql-datasource-s3/src/test/java/org/elasticsearch/xpack/esql/datasource/s3/KnownLengthAsyncResponseTransformerTests.java,KnownLengthAsyncResponseTransformerTests.java,TestSubscription,"""
 * Unit tests for {@link KnownLengthAsyncResponseTransformer}. The transformer is exercised
 * directly through its public {@link software.amazon.awssdk.core.async.AsyncResponseTransformer}
 * surface area (no real S3AsyncClient is needed); chunks are emitted via a hand-rolled
 * {@link SdkPublisher} that calls {@code onSubscribe}/{@code onNext}/{@code onComplete}
 * synchronously, mirroring the contract documented in the SDK.
 """
GitHub,relation_test_code_smell_ML,C:\Users\ismak\Documents\GitHub\relation_test_code_smell_ML\dataset\projects\elasticsearch\x-pack\plugin\esql-datasource-s3\src\test\java\org\elasticsearch\xpack\esql\datasource\s3\KnownLengthAsyncResponseTransformerTests.java,dataset/projects/elasticsearch/x-pack/plugin/esql-datasource-s3/src/test/java/org/elasticsearch/xpack/esql/datasource/s3/KnownLengthAsyncResponseTransformerTests.java,KnownLengthAsyncResponseTransformerTests.java,TestSubscription,"""
 * Unit tests for {@link KnownLengthAsyncResponseTransformer}. The transformer is exercised
 * directly through its public {@link software.amazon.awssdk.core.async.AsyncResponseTransformer}
 * surface area (no real S3AsyncClient is needed); chunks are emitted via a hand-rolled
 * {@link SdkPublisher} that calls {@code onSubscribe}/{@code onNext}/{@code onComplete}
 * synchronously, mirroring the contract documented in the SDK.
 """
GitHub,relation_test_code_smell_ML,C:\Users\ismak\Documents\GitHub\relation_test_code_smell_ML\dataset\projects\elasticsearch\x-pack\plugin\esql-datasource-s3\src\test\java\org\elasticsearch\xpack\esql\datasource\s3\S3RequestCountingTests.java,dataset/projects/elasticsearch/x-pack/plugin/esql-datasource-s3/src/test/java/org/elasticsearch/xpack/esql/datasource/s3/S3RequestCountingTests.java,S3RequestCountingTests.java,S3RequestCountingTests,"""
     * When suffix-range GET returns 416 (Range Not Satisfiable), the object is empty (0 bytes).
     * No second request needed — 416 confirms existence with zero length.
     """
