pulsar,C:\Users\ismak\Documents\GitHub\relation_test_code_smell_ML\dataset\projects\pulsar\buildtools\src\main\java\org\apache\pulsar\tests\TestRetrySupport.java,
pulsar,C:\Users\ismak\Documents\GitHub\relation_test_code_smell_ML\dataset\projects\pulsar\buildtools\src\test\java\org\apache\pulsar\tests\AnnotationListenerTest.java,
pulsar,C:\Users\ismak\Documents\GitHub\relation_test_code_smell_ML\dataset\projects\pulsar\buildtools\src\test\java\org\apache\pulsar\tests\BetweenTestClassesListenerAdapterTest.java,
pulsar,C:\Users\ismak\Documents\GitHub\relation_test_code_smell_ML\dataset\projects\pulsar\buildtools\src\test\java\org\apache\pulsar\tests\DefaultTestRetriesTest.java,
pulsar,C:\Users\ismak\Documents\GitHub\relation_test_code_smell_ML\dataset\projects\pulsar\buildtools\src\test\java\org\apache\pulsar\tests\EnumValuesDataProviderTest.java,
pulsar,C:\Users\ismak\Documents\GitHub\relation_test_code_smell_ML\dataset\projects\pulsar\buildtools\src\test\java\org\apache\pulsar\tests\FastThreadLocalStateCleanerTest.java,
pulsar,C:\Users\ismak\Documents\GitHub\relation_test_code_smell_ML\dataset\projects\pulsar\buildtools\src\test\java\org\apache\pulsar\tests\RetryAnalyzerTest.java,
pulsar,C:\Users\ismak\Documents\GitHub\relation_test_code_smell_ML\dataset\projects\pulsar\buildtools\src\test\java\org\apache\pulsar\tests\TestRetrySupportBeforeMethodRetryTest.java,
pulsar,C:\Users\ismak\Documents\GitHub\relation_test_code_smell_ML\dataset\projects\pulsar\buildtools\src\test\java\org\apache\pulsar\tests\TestRetrySupportRetryTest.java,
pulsar,C:\Users\ismak\Documents\GitHub\relation_test_code_smell_ML\dataset\projects\pulsar\buildtools\src\test\java\org\apache\pulsar\tests\TestRetrySupportSuccessTest.java,
pulsar,C:\Users\ismak\Documents\GitHub\relation_test_code_smell_ML\dataset\projects\pulsar\buildtools\src\test\java\org\apache\pulsar\tests\ThreadDumpUtilTest.java,
pulsar,C:\Users\ismak\Documents\GitHub\relation_test_code_smell_ML\dataset\projects\pulsar\buildtools\src\test\java\org\apache\pulsar\tests\ThreadLocalStateCleanerTest.java,
pulsar,C:\Users\ismak\Documents\GitHub\relation_test_code_smell_ML\dataset\projects\pulsar\jetty-upgrade\zookeeper-prometheus-metrics\src\test\java\org\apache\pulsar\metrics\prometheus\zookeeper\ExportJvmInfoTest.java,
pulsar,C:\Users\ismak\Documents\GitHub\relation_test_code_smell_ML\dataset\projects\pulsar\jetty-upgrade\zookeeper-prometheus-metrics\src\test\java\org\apache\pulsar\metrics\prometheus\zookeeper\PrometheusMetricsProviderConfigTest.java,
pulsar,C:\Users\ismak\Documents\GitHub\relation_test_code_smell_ML\dataset\projects\pulsar\jetty-upgrade\zookeeper-prometheus-metrics\src\test\java\org\apache\pulsar\metrics\prometheus\zookeeper\PrometheusMetricsProviderTest.java,
pulsar,C:\Users\ismak\Documents\GitHub\relation_test_code_smell_ML\dataset\projects\pulsar\managed-ledger\src\test\java\org\apache\bookkeeper\mledger\impl\AutomaticOffloadTriggerControllerTest.java,
pulsar,C:\Users\ismak\Documents\GitHub\relation_test_code_smell_ML\dataset\projects\pulsar\managed-ledger\src\test\java\org\apache\bookkeeper\mledger\impl\cache\InflightReadsLimiterTest.java,
pulsar,C:\Users\ismak\Documents\GitHub\relation_test_code_smell_ML\dataset\projects\pulsar\managed-ledger\src\test\java\org\apache\bookkeeper\mledger\impl\cache\PendingReadsManagerTest.java,
pulsar,C:\Users\ismak\Documents\GitHub\relation_test_code_smell_ML\dataset\projects\pulsar\managed-ledger\src\test\java\org\apache\bookkeeper\mledger\impl\cache\RangeCacheRemovalQueueTest.java,
pulsar,C:\Users\ismak\Documents\GitHub\relation_test_code_smell_ML\dataset\projects\pulsar\managed-ledger\src\test\java\org\apache\bookkeeper\mledger\impl\cache\RangeCacheTest.java,
pulsar,C:\Users\ismak\Documents\GitHub\relation_test_code_smell_ML\dataset\projects\pulsar\managed-ledger\src\test\java\org\apache\bookkeeper\mledger\impl\cache\RangeEntryCacheImplTest.java,
pulsar,C:\Users\ismak\Documents\GitHub\relation_test_code_smell_ML\dataset\projects\pulsar\managed-ledger\src\test\java\org\apache\bookkeeper\mledger\impl\EntryCacheManagerTest.java,
pulsar,C:\Users\ismak\Documents\GitHub\relation_test_code_smell_ML\dataset\projects\pulsar\managed-ledger\src\test\java\org\apache\bookkeeper\mledger\impl\EntryCacheTest.java,
pulsar,C:\Users\ismak\Documents\GitHub\relation_test_code_smell_ML\dataset\projects\pulsar\managed-ledger\src\test\java\org\apache\bookkeeper\mledger\impl\EntryCountEstimatorTest.java,
pulsar,C:\Users\ismak\Documents\GitHub\relation_test_code_smell_ML\dataset\projects\pulsar\managed-ledger\src\test\java\org\apache\bookkeeper\mledger\impl\EntryImplTest.java,
pulsar,C:\Users\ismak\Documents\GitHub\relation_test_code_smell_ML\dataset\projects\pulsar\managed-ledger\src\test\java\org\apache\bookkeeper\mledger\impl\InflightReadsLimiterIntegrationTest.java,
pulsar,C:\Users\ismak\Documents\GitHub\relation_test_code_smell_ML\dataset\projects\pulsar\managed-ledger\src\test\java\org\apache\bookkeeper\mledger\impl\ManagedCursorConcurrencyTest.java,
pulsar,C:\Users\ismak\Documents\GitHub\relation_test_code_smell_ML\dataset\projects\pulsar\managed-ledger\src\test\java\org\apache\bookkeeper\mledger\impl\ManagedCursorContainerTest.java,
pulsar,C:\Users\ismak\Documents\GitHub\relation_test_code_smell_ML\dataset\projects\pulsar\managed-ledger\src\test\java\org\apache\bookkeeper\mledger\impl\ManagedCursorIndividualDeletedMessagesTest.java,
pulsar,C:\Users\ismak\Documents\GitHub\relation_test_code_smell_ML\dataset\projects\pulsar\managed-ledger\src\test\java\org\apache\bookkeeper\mledger\impl\ManagedCursorInfoMetadataTest.java,
pulsar,C:\Users\ismak\Documents\GitHub\relation_test_code_smell_ML\dataset\projects\pulsar\managed-ledger\src\test\java\org\apache\bookkeeper\mledger\impl\ManagedCursorListAckTest.java,
pulsar,C:\Users\ismak\Documents\GitHub\relation_test_code_smell_ML\dataset\projects\pulsar\managed-ledger\src\test\java\org\apache\bookkeeper\mledger\impl\ManagedCursorPropertiesTest.java,
pulsar,C:\Users\ismak\Documents\GitHub\relation_test_code_smell_ML\dataset\projects\pulsar\managed-ledger\src\test\java\org\apache\bookkeeper\mledger\impl\ManagedCursorTest.java,
pulsar,C:\Users\ismak\Documents\GitHub\relation_test_code_smell_ML\dataset\projects\pulsar\managed-ledger\src\test\java\org\apache\bookkeeper\mledger\impl\ManagedLedgerBkTest.java,
pulsar,C:\Users\ismak\Documents\GitHub\relation_test_code_smell_ML\dataset\projects\pulsar\managed-ledger\src\test\java\org\apache\bookkeeper\mledger\impl\ManagedLedgerErrorsTest.java,
pulsar,C:\Users\ismak\Documents\GitHub\relation_test_code_smell_ML\dataset\projects\pulsar\managed-ledger\src\test\java\org\apache\bookkeeper\mledger\impl\ManagedLedgerFactoryChangeLedgerPathTest.java,
pulsar,C:\Users\ismak\Documents\GitHub\relation_test_code_smell_ML\dataset\projects\pulsar\managed-ledger\src\test\java\org\apache\bookkeeper\mledger\impl\ManagedLedgerFactoryShutdownTest.java,
pulsar,C:\Users\ismak\Documents\GitHub\relation_test_code_smell_ML\dataset\projects\pulsar\managed-ledger\src\test\java\org\apache\bookkeeper\mledger\impl\ManagedLedgerFactoryTest.java,
pulsar,C:\Users\ismak\Documents\GitHub\relation_test_code_smell_ML\dataset\projects\pulsar\managed-ledger\src\test\java\org\apache\bookkeeper\mledger\impl\ManagedLedgerInfoMetadataTest.java,
pulsar,C:\Users\ismak\Documents\GitHub\relation_test_code_smell_ML\dataset\projects\pulsar\managed-ledger\src\test\java\org\apache\bookkeeper\mledger\impl\ManagedLedgerLoggerContextTest.java,
pulsar,C:\Users\ismak\Documents\GitHub\relation_test_code_smell_ML\dataset\projects\pulsar\managed-ledger\src\test\java\org\apache\bookkeeper\mledger\impl\ManagedLedgerMBeanTest.java,
pulsar,C:\Users\ismak\Documents\GitHub\relation_test_code_smell_ML\dataset\projects\pulsar\managed-ledger\src\test\java\org\apache\bookkeeper\mledger\impl\ManagedLedgerSingleBookieTest.java,
pulsar,C:\Users\ismak\Documents\GitHub\relation_test_code_smell_ML\dataset\projects\pulsar\managed-ledger\src\test\java\org\apache\bookkeeper\mledger\impl\ManagedLedgerTerminationTest.java,
pulsar,C:\Users\ismak\Documents\GitHub\relation_test_code_smell_ML\dataset\projects\pulsar\managed-ledger\src\test\java\org\apache\bookkeeper\mledger\impl\ManagedLedgerTest.java,
pulsar,C:\Users\ismak\Documents\GitHub\relation_test_code_smell_ML\dataset\projects\pulsar\managed-ledger\src\test\java\org\apache\bookkeeper\mledger\impl\MetaStoreImplTest.java,
pulsar,C:\Users\ismak\Documents\GitHub\relation_test_code_smell_ML\dataset\projects\pulsar\managed-ledger\src\test\java\org\apache\bookkeeper\mledger\impl\NonDurableCursorTest.java,
pulsar,C:\Users\ismak\Documents\GitHub\relation_test_code_smell_ML\dataset\projects\pulsar\managed-ledger\src\test\java\org\apache\bookkeeper\mledger\impl\OffloadEvictUnusedLedgersTest.java,
pulsar,C:\Users\ismak\Documents\GitHub\relation_test_code_smell_ML\dataset\projects\pulsar\managed-ledger\src\test\java\org\apache\bookkeeper\mledger\impl\OffloadLedgerDeleteTest.java,
pulsar,C:\Users\ismak\Documents\GitHub\relation_test_code_smell_ML\dataset\projects\pulsar\managed-ledger\src\test\java\org\apache\bookkeeper\mledger\impl\OffloadPrefixReadTest.java,
pulsar,C:\Users\ismak\Documents\GitHub\relation_test_code_smell_ML\dataset\projects\pulsar\managed-ledger\src\test\java\org\apache\bookkeeper\mledger\impl\OffloadPrefixTest.java,
pulsar,C:\Users\ismak\Documents\GitHub\relation_test_code_smell_ML\dataset\projects\pulsar\managed-ledger\src\test\java\org\apache\bookkeeper\mledger\impl\PositionTest.java,
pulsar,C:\Users\ismak\Documents\GitHub\relation_test_code_smell_ML\dataset\projects\pulsar\managed-ledger\src\test\java\org\apache\bookkeeper\mledger\impl\RangeSetWrapperTest.java,
pulsar,C:\Users\ismak\Documents\GitHub\relation_test_code_smell_ML\dataset\projects\pulsar\managed-ledger\src\test\java\org\apache\bookkeeper\mledger\impl\ReadOnlyCursorTest.java,
pulsar,C:\Users\ismak\Documents\GitHub\relation_test_code_smell_ML\dataset\projects\pulsar\managed-ledger\src\test\java\org\apache\bookkeeper\mledger\impl\ReadOnlyManagedLedgerImplTest.java,
pulsar,C:\Users\ismak\Documents\GitHub\relation_test_code_smell_ML\dataset\projects\pulsar\managed-ledger\src\test\java\org\apache\bookkeeper\mledger\impl\ShadowManagedLedgerImplTest.java,
pulsar,C:\Users\ismak\Documents\GitHub\relation_test_code_smell_ML\dataset\projects\pulsar\managed-ledger\src\test\java\org\apache\bookkeeper\mledger\ManagedLedgerReplayTaskTest.java,
pulsar,C:\Users\ismak\Documents\GitHub\relation_test_code_smell_ML\dataset\projects\pulsar\managed-ledger\src\test\java\org\apache\bookkeeper\mledger\offload\OffloadersCacheTest.java,
pulsar,C:\Users\ismak\Documents\GitHub\relation_test_code_smell_ML\dataset\projects\pulsar\managed-ledger\src\test\java\org\apache\bookkeeper\mledger\offload\OffloadUtilsTest.java,
pulsar,C:\Users\ismak\Documents\GitHub\relation_test_code_smell_ML\dataset\projects\pulsar\managed-ledger\src\test\java\org\apache\bookkeeper\mledger\SimpleBookKeeperTest.java,
pulsar,C:\Users\ismak\Documents\GitHub\relation_test_code_smell_ML\dataset\projects\pulsar\managed-ledger\src\test\java\org\apache\bookkeeper\mledger\util\CallbackMutexTest.java,
pulsar,C:\Users\ismak\Documents\GitHub\relation_test_code_smell_ML\dataset\projects\pulsar\managed-ledger\src\test\java\org\apache\bookkeeper\mledger\util\ManagedLedgerImplUtilsTest.java,
pulsar,C:\Users\ismak\Documents\GitHub\relation_test_code_smell_ML\dataset\projects\pulsar\managed-ledger\src\test\java\org\apache\bookkeeper\mledger\util\PositionAckSetUtilTest.java,
pulsar,C:\Users\ismak\Documents\GitHub\relation_test_code_smell_ML\dataset\projects\pulsar\managed-ledger\src\test\java\org\apache\bookkeeper\mledger\util\TestStatsBuckets.java,
pulsar,C:\Users\ismak\Documents\GitHub\relation_test_code_smell_ML\dataset\projects\pulsar\pulsar-broker\src\test\java\org\apache\bookkeeper\mledger\impl\ConsumerUnsubscribeIntegrationTest.java,
pulsar,C:\Users\ismak\Documents\GitHub\relation_test_code_smell_ML\dataset\projects\pulsar\pulsar-broker\src\test\java\org\apache\bookkeeper\mledger\impl\CustomizedManagedLedgerTest.java,
pulsar,C:\Users\ismak\Documents\GitHub\relation_test_code_smell_ML\dataset\projects\pulsar\pulsar-broker\src\test\java\org\apache\bookkeeper\mledger\impl\MangedLedgerInterceptorImpl2Test.java,
pulsar,C:\Users\ismak\Documents\GitHub\relation_test_code_smell_ML\dataset\projects\pulsar\pulsar-broker\src\test\java\org\apache\bookkeeper\mledger\impl\NonEntryCacheKeySharedSubscriptionV30Test.java,
pulsar,C:\Users\ismak\Documents\GitHub\relation_test_code_smell_ML\dataset\projects\pulsar\pulsar-broker\src\test\java\org\apache\bookkeeper\mledger\impl\PersistentMessageExpiryMonitorMockTest.java,
pulsar,C:\Users\ismak\Documents\GitHub\relation_test_code_smell_ML\dataset\projects\pulsar\pulsar-broker\src\test\java\org\apache\bookkeeper\mledger\impl\PersistentMessageExpiryMonitorTest.java,
pulsar,C:\Users\ismak\Documents\GitHub\relation_test_code_smell_ML\dataset\projects\pulsar\pulsar-broker\src\test\java\org\apache\pulsar\broker\admin\AdminApi2Test.java,
pulsar,C:\Users\ismak\Documents\GitHub\relation_test_code_smell_ML\dataset\projects\pulsar\pulsar-broker\src\test\java\org\apache\pulsar\broker\admin\AdminApiClusterTest.java,
pulsar,C:\Users\ismak\Documents\GitHub\relation_test_code_smell_ML\dataset\projects\pulsar\pulsar-broker\src\test\java\org\apache\pulsar\broker\admin\AdminApiDelayedDeliveryTest.java,
pulsar,C:\Users\ismak\Documents\GitHub\relation_test_code_smell_ML\dataset\projects\pulsar\pulsar-broker\src\test\java\org\apache\pulsar\broker\admin\AdminApiDynamicConfigurationsTest.java,
pulsar,C:\Users\ismak\Documents\GitHub\relation_test_code_smell_ML\dataset\projects\pulsar\pulsar-broker\src\test\java\org\apache\pulsar\broker\admin\AdminApiGetLastMessageIdTest.java,
pulsar,C:\Users\ismak\Documents\GitHub\relation_test_code_smell_ML\dataset\projects\pulsar\pulsar-broker\src\test\java\org\apache\pulsar\broker\admin\AdminApiHealthCheckTest.java,
pulsar,C:\Users\ismak\Documents\GitHub\relation_test_code_smell_ML\dataset\projects\pulsar\pulsar-broker\src\test\java\org\apache\pulsar\broker\admin\AdminApiMaxUnackedMessagesTest.java,
pulsar,C:\Users\ismak\Documents\GitHub\relation_test_code_smell_ML\dataset\projects\pulsar\pulsar-broker\src\test\java\org\apache\pulsar\broker\admin\AdminApiMultiBrokersTest.java,
pulsar,C:\Users\ismak\Documents\GitHub\relation_test_code_smell_ML\dataset\projects\pulsar\pulsar-broker\src\test\java\org\apache\pulsar\broker\admin\AdminApiNamespaceIsolationMultiBrokersTest.java,
pulsar,C:\Users\ismak\Documents\GitHub\relation_test_code_smell_ML\dataset\projects\pulsar\pulsar-broker\src\test\java\org\apache\pulsar\broker\admin\AdminApiOffloadTest.java,
pulsar,C:\Users\ismak\Documents\GitHub\relation_test_code_smell_ML\dataset\projects\pulsar\pulsar-broker\src\test\java\org\apache\pulsar\broker\admin\AdminApiSchemaAutoUpdateTest.java,
pulsar,C:\Users\ismak\Documents\GitHub\relation_test_code_smell_ML\dataset\projects\pulsar\pulsar-broker\src\test\java\org\apache\pulsar\broker\admin\AdminApiSchemaJsonValidationTest.java,
pulsar,C:\Users\ismak\Documents\GitHub\relation_test_code_smell_ML\dataset\projects\pulsar\pulsar-broker\src\test\java\org\apache\pulsar\broker\admin\AdminApiSchemaTest.java,
pulsar,C:\Users\ismak\Documents\GitHub\relation_test_code_smell_ML\dataset\projects\pulsar\pulsar-broker\src\test\java\org\apache\pulsar\broker\admin\AdminApiSchemaValidationEnforcedTest.java,
pulsar,C:\Users\ismak\Documents\GitHub\relation_test_code_smell_ML\dataset\projects\pulsar\pulsar-broker\src\test\java\org\apache\pulsar\broker\admin\AdminApiSchemaWithAuthTest.java,
pulsar,C:\Users\ismak\Documents\GitHub\relation_test_code_smell_ML\dataset\projects\pulsar\pulsar-broker\src\test\java\org\apache\pulsar\broker\admin\AdminApiSubscriptionTest.java,
pulsar,C:\Users\ismak\Documents\GitHub\relation_test_code_smell_ML\dataset\projects\pulsar\pulsar-broker\src\test\java\org\apache\pulsar\broker\admin\AdminApiTenantTest.java,
pulsar,C:\Users\ismak\Documents\GitHub\relation_test_code_smell_ML\dataset\projects\pulsar\pulsar-broker\src\test\java\org\apache\pulsar\broker\admin\AdminApiTest.java,
pulsar,C:\Users\ismak\Documents\GitHub\relation_test_code_smell_ML\dataset\projects\pulsar\pulsar-broker\src\test\java\org\apache\pulsar\broker\admin\AdminApiTlsAuthTest.java,
pulsar,C:\Users\ismak\Documents\GitHub\relation_test_code_smell_ML\dataset\projects\pulsar\pulsar-broker\src\test\java\org\apache\pulsar\broker\admin\AdminResourceTest.java,
pulsar,C:\Users\ismak\Documents\GitHub\relation_test_code_smell_ML\dataset\projects\pulsar\pulsar-broker\src\test\java\org\apache\pulsar\broker\admin\AdminRestTest.java,
pulsar,C:\Users\ismak\Documents\GitHub\relation_test_code_smell_ML\dataset\projects\pulsar\pulsar-broker\src\test\java\org\apache\pulsar\broker\admin\AdminTest.java,
pulsar,C:\Users\ismak\Documents\GitHub\relation_test_code_smell_ML\dataset\projects\pulsar\pulsar-broker\src\test\java\org\apache\pulsar\broker\admin\AnalyzeBacklogSubscriptionTest.java,
pulsar,C:\Users\ismak\Documents\GitHub\relation_test_code_smell_ML\dataset\projects\pulsar\pulsar-broker\src\test\java\org\apache\pulsar\broker\admin\AuthZTest.java,
pulsar,C:\Users\ismak\Documents\GitHub\relation_test_code_smell_ML\dataset\projects\pulsar\pulsar-broker\src\test\java\org\apache\pulsar\broker\admin\BookiesApiTest.java,
pulsar,C:\Users\ismak\Documents\GitHub\relation_test_code_smell_ML\dataset\projects\pulsar\pulsar-broker\src\test\java\org\apache\pulsar\broker\admin\BrokerAdminClientTlsAuthTest.java,
pulsar,C:\Users\ismak\Documents\GitHub\relation_test_code_smell_ML\dataset\projects\pulsar\pulsar-broker\src\test\java\org\apache\pulsar\broker\admin\BrokerEndpointsAuthorizationTest.java,
pulsar,C:\Users\ismak\Documents\GitHub\relation_test_code_smell_ML\dataset\projects\pulsar\pulsar-broker\src\test\java\org\apache\pulsar\broker\admin\BrokerStatTest.java,
pulsar,C:\Users\ismak\Documents\GitHub\relation_test_code_smell_ML\dataset\projects\pulsar\pulsar-broker\src\test\java\org\apache\pulsar\broker\admin\ClusterEndpointsAuthorizationTest.java,
pulsar,C:\Users\ismak\Documents\GitHub\relation_test_code_smell_ML\dataset\projects\pulsar\pulsar-broker\src\test\java\org\apache\pulsar\broker\admin\CreateSubscriptionTest.java,
pulsar,C:\Users\ismak\Documents\GitHub\relation_test_code_smell_ML\dataset\projects\pulsar\pulsar-broker\src\test\java\org\apache\pulsar\broker\admin\GetPartitionMetadataMultiBrokerTest.java,
pulsar,C:\Users\ismak\Documents\GitHub\relation_test_code_smell_ML\dataset\projects\pulsar\pulsar-broker\src\test\java\org\apache\pulsar\broker\admin\GetPartitionMetadataTest.java,
pulsar,C:\Users\ismak\Documents\GitHub\relation_test_code_smell_ML\dataset\projects\pulsar\pulsar-broker\src\test\java\org\apache\pulsar\broker\admin\IncrementPartitionsTest.java,
pulsar,C:\Users\ismak\Documents\GitHub\relation_test_code_smell_ML\dataset\projects\pulsar\pulsar-broker\src\test\java\org\apache\pulsar\broker\admin\MaxUnackedMessagesTest.java,
pulsar,C:\Users\ismak\Documents\GitHub\relation_test_code_smell_ML\dataset\projects\pulsar\pulsar-broker\src\test\java\org\apache\pulsar\broker\admin\MetadataStoreTopicPoliciesTest.java,
pulsar,C:\Users\ismak\Documents\GitHub\relation_test_code_smell_ML\dataset\projects\pulsar\pulsar-broker\src\test\java\org\apache\pulsar\broker\admin\NamespaceAuthZTest.java,
pulsar,C:\Users\ismak\Documents\GitHub\relation_test_code_smell_ML\dataset\projects\pulsar\pulsar-broker\src\test\java\org\apache\pulsar\broker\admin\NamespacesTest.java,
pulsar,C:\Users\ismak\Documents\GitHub\relation_test_code_smell_ML\dataset\projects\pulsar\pulsar-broker\src\test\java\org\apache\pulsar\broker\admin\NamespacesV2Test.java,
pulsar,C:\Users\ismak\Documents\GitHub\relation_test_code_smell_ML\dataset\projects\pulsar\pulsar-broker\src\test\java\org\apache\pulsar\broker\admin\PersistentTopicsTest.java,
pulsar,C:\Users\ismak\Documents\GitHub\relation_test_code_smell_ML\dataset\projects\pulsar\pulsar-broker\src\test\java\org\apache\pulsar\broker\admin\PulsarClientImplMultiBrokersTest.java,
pulsar,C:\Users\ismak\Documents\GitHub\relation_test_code_smell_ML\dataset\projects\pulsar\pulsar-broker\src\test\java\org\apache\pulsar\broker\admin\ResourceGroupsTest.java,
pulsar,C:\Users\ismak\Documents\GitHub\relation_test_code_smell_ML\dataset\projects\pulsar\pulsar-broker\src\test\java\org\apache\pulsar\broker\admin\ScalableTopicAutoScalePolicyTest.java,
pulsar,C:\Users\ismak\Documents\GitHub\relation_test_code_smell_ML\dataset\projects\pulsar\pulsar-broker\src\test\java\org\apache\pulsar\broker\admin\ScalableTopicMigrationTest.java,
pulsar,C:\Users\ismak\Documents\GitHub\relation_test_code_smell_ML\dataset\projects\pulsar\pulsar-broker\src\test\java\org\apache\pulsar\broker\admin\ScalableTopicsAuthZTest.java,
pulsar,C:\Users\ismak\Documents\GitHub\relation_test_code_smell_ML\dataset\projects\pulsar\pulsar-broker\src\test\java\org\apache\pulsar\broker\admin\ScalableTopicsListByPropertyTest.java,
pulsar,C:\Users\ismak\Documents\GitHub\relation_test_code_smell_ML\dataset\projects\pulsar\pulsar-broker\src\test\java\org\apache\pulsar\broker\admin\TenantEndpointsAuthorizationTest.java,
pulsar,C:\Users\ismak\Documents\GitHub\relation_test_code_smell_ML\dataset\projects\pulsar\pulsar-broker\src\test\java\org\apache\pulsar\broker\admin\TopicAuthZTest.java,
pulsar,C:\Users\ismak\Documents\GitHub\relation_test_code_smell_ML\dataset\projects\pulsar\pulsar-broker\src\test\java\org\apache\pulsar\broker\admin\TopicAutoCreationTest.java,
pulsar,C:\Users\ismak\Documents\GitHub\relation_test_code_smell_ML\dataset\projects\pulsar\pulsar-broker\src\test\java\org\apache\pulsar\broker\admin\TopicMessageTTLTest.java,
pulsar,C:\Users\ismak\Documents\GitHub\relation_test_code_smell_ML\dataset\projects\pulsar\pulsar-broker\src\test\java\org\apache\pulsar\broker\admin\TopicPoliciesAuthZTest.java,
pulsar,C:\Users\ismak\Documents\GitHub\relation_test_code_smell_ML\dataset\projects\pulsar\pulsar-broker\src\test\java\org\apache\pulsar\broker\admin\TopicPoliciesDisableTest.java,
pulsar,C:\Users\ismak\Documents\GitHub\relation_test_code_smell_ML\dataset\projects\pulsar\pulsar-broker\src\test\java\org\apache\pulsar\broker\admin\TopicPoliciesTest.java,
pulsar,C:\Users\ismak\Documents\GitHub\relation_test_code_smell_ML\dataset\projects\pulsar\pulsar-broker\src\test\java\org\apache\pulsar\broker\admin\TopicPoliciesUpdateTest.java,
pulsar,C:\Users\ismak\Documents\GitHub\relation_test_code_smell_ML\dataset\projects\pulsar\pulsar-broker\src\test\java\org\apache\pulsar\broker\admin\TopicPoliciesWithBrokerRestartTest.java,
pulsar,C:\Users\ismak\Documents\GitHub\relation_test_code_smell_ML\dataset\projects\pulsar\pulsar-broker\src\test\java\org\apache\pulsar\broker\admin\TopicsAuthTest.java,
pulsar,C:\Users\ismak\Documents\GitHub\relation_test_code_smell_ML\dataset\projects\pulsar\pulsar-broker\src\test\java\org\apache\pulsar\broker\admin\TopicsTest.java,
pulsar,C:\Users\ismak\Documents\GitHub\relation_test_code_smell_ML\dataset\projects\pulsar\pulsar-broker\src\test\java\org\apache\pulsar\broker\admin\TopicsWithoutTlsTest.java,
pulsar,C:\Users\ismak\Documents\GitHub\relation_test_code_smell_ML\dataset\projects\pulsar\pulsar-broker\src\test\java\org\apache\pulsar\broker\admin\v3\AdminApiTransactionMultiBrokerTest.java,
pulsar,C:\Users\ismak\Documents\GitHub\relation_test_code_smell_ML\dataset\projects\pulsar\pulsar-broker\src\test\java\org\apache\pulsar\broker\admin\v3\AdminApiTransactionTest.java,
pulsar,C:\Users\ismak\Documents\GitHub\relation_test_code_smell_ML\dataset\projects\pulsar\pulsar-broker\src\test\java\org\apache\pulsar\broker\admin\v3\AsyncResponseTest.java,
pulsar,C:\Users\ismak\Documents\GitHub\relation_test_code_smell_ML\dataset\projects\pulsar\pulsar-broker\src\test\java\org\apache\pulsar\broker\admin\v3\PackagesApiNotEnabledTest.java,
pulsar,C:\Users\ismak\Documents\GitHub\relation_test_code_smell_ML\dataset\projects\pulsar\pulsar-broker\src\test\java\org\apache\pulsar\broker\admin\v3\PackagesApiTest.java,
pulsar,C:\Users\ismak\Documents\GitHub\relation_test_code_smell_ML\dataset\projects\pulsar\pulsar-broker\src\test\java\org\apache\pulsar\broker\auth\AuthenticationServiceTest.java,
pulsar,C:\Users\ismak\Documents\GitHub\relation_test_code_smell_ML\dataset\projects\pulsar\pulsar-broker\src\test\java\org\apache\pulsar\broker\auth\AuthLogsTest.java,
pulsar,C:\Users\ismak\Documents\GitHub\relation_test_code_smell_ML\dataset\projects\pulsar\pulsar-broker\src\test\java\org\apache\pulsar\broker\auth\AuthorizationTest.java,
pulsar,C:\Users\ismak\Documents\GitHub\relation_test_code_smell_ML\dataset\projects\pulsar\pulsar-broker\src\test\java\org\apache\pulsar\broker\auth\AuthorizationWithAuthDataTest.java,
pulsar,C:\Users\ismak\Documents\GitHub\relation_test_code_smell_ML\dataset\projects\pulsar\pulsar-broker\src\test\java\org\apache\pulsar\broker\auth\InvalidBrokerConfigForAuthorizationTest.java,
pulsar,C:\Users\ismak\Documents\GitHub\relation_test_code_smell_ML\dataset\projects\pulsar\pulsar-broker\src\test\java\org\apache\pulsar\broker\auth\MockedPulsarServiceBaseTest.java,
pulsar,C:\Users\ismak\Documents\GitHub\relation_test_code_smell_ML\dataset\projects\pulsar\pulsar-broker\src\test\java\org\apache\pulsar\broker\BookKeeperClientFactoryImplTest.java,
pulsar,C:\Users\ismak\Documents\GitHub\relation_test_code_smell_ML\dataset\projects\pulsar\pulsar-broker\src\test\java\org\apache\pulsar\broker\BrokerAdditionalServletTest.java,
pulsar,C:\Users\ismak\Documents\GitHub\relation_test_code_smell_ML\dataset\projects\pulsar\pulsar-broker\src\test\java\org\apache\pulsar\broker\BrokerMessageDeduplicationTest.java,
pulsar,C:\Users\ismak\Documents\GitHub\relation_test_code_smell_ML\dataset\projects\pulsar\pulsar-broker\src\test\java\org\apache\pulsar\broker\BrokerTestUtilTest.java,
pulsar,C:\Users\ismak\Documents\GitHub\relation_test_code_smell_ML\dataset\projects\pulsar\pulsar-broker\src\test\java\org\apache\pulsar\broker\cache\AbstractBrokerEntryCacheMultiBrokerTest.java,
pulsar,C:\Users\ismak\Documents\GitHub\relation_test_code_smell_ML\dataset\projects\pulsar\pulsar-broker\src\test\java\org\apache\pulsar\broker\cache\BacklogConsumerTest.java,
pulsar,C:\Users\ismak\Documents\GitHub\relation_test_code_smell_ML\dataset\projects\pulsar\pulsar-broker\src\test\java\org\apache\pulsar\broker\cache\BrokerEntryCacheRollingRestartTest.java,
pulsar,C:\Users\ismak\Documents\GitHub\relation_test_code_smell_ML\dataset\projects\pulsar\pulsar-broker\src\test\java\org\apache\pulsar\broker\cache\BrokerEntryCacheTest.java,
pulsar,C:\Users\ismak\Documents\GitHub\relation_test_code_smell_ML\dataset\projects\pulsar\pulsar-broker\src\test\java\org\apache\pulsar\broker\cache\BundlesQuotasTest.java,
pulsar,C:\Users\ismak\Documents\GitHub\relation_test_code_smell_ML\dataset\projects\pulsar\pulsar-broker\src\test\java\org\apache\pulsar\broker\cache\MinimumBacklogCacheStrategyTest.java,
pulsar,C:\Users\ismak\Documents\GitHub\relation_test_code_smell_ML\dataset\projects\pulsar\pulsar-broker\src\test\java\org\apache\pulsar\broker\CustomizedPulsarResourcesExtendedTest.java,
pulsar,C:\Users\ismak\Documents\GitHub\relation_test_code_smell_ML\dataset\projects\pulsar\pulsar-broker\src\test\java\org\apache\pulsar\broker\delayed\AbstractDeliveryTrackerTest.java,
pulsar,C:\Users\ismak\Documents\GitHub\relation_test_code_smell_ML\dataset\projects\pulsar\pulsar-broker\src\test\java\org\apache\pulsar\broker\delayed\BookkeeperBucketSnapshotStorageTest.java,
pulsar,C:\Users\ismak\Documents\GitHub\relation_test_code_smell_ML\dataset\projects\pulsar\pulsar-broker\src\test\java\org\apache\pulsar\broker\delayed\bucket\BucketDelayedDeliveryTrackerThreadSafetyTest.java,
pulsar,C:\Users\ismak\Documents\GitHub\relation_test_code_smell_ML\dataset\projects\pulsar\pulsar-broker\src\test\java\org\apache\pulsar\broker\delayed\bucket\DelayedIndexQueueTest.java,
pulsar,C:\Users\ismak\Documents\GitHub\relation_test_code_smell_ML\dataset\projects\pulsar\pulsar-broker\src\test\java\org\apache\pulsar\broker\delayed\DelayedDeliveryTrackerFactoryTest.java,
pulsar,C:\Users\ismak\Documents\GitHub\relation_test_code_smell_ML\dataset\projects\pulsar\pulsar-broker\src\test\java\org\apache\pulsar\broker\EndToEndMetadataTest.java,
pulsar,C:\Users\ismak\Documents\GitHub\relation_test_code_smell_ML\dataset\projects\pulsar\pulsar-broker\src\test\java\org\apache\pulsar\broker\intercept\BrokerInterceptorTest.java,
pulsar,C:\Users\ismak\Documents\GitHub\relation_test_code_smell_ML\dataset\projects\pulsar\pulsar-broker\src\test\java\org\apache\pulsar\broker\intercept\BrokerInterceptorUtilsTest.java,
pulsar,C:\Users\ismak\Documents\GitHub\relation_test_code_smell_ML\dataset\projects\pulsar\pulsar-broker\src\test\java\org\apache\pulsar\broker\intercept\BrokerInterceptorWithClassLoaderTest.java,
pulsar,C:\Users\ismak\Documents\GitHub\relation_test_code_smell_ML\dataset\projects\pulsar\pulsar-broker\src\test\java\org\apache\pulsar\broker\intercept\ExceptionsBrokerInterceptorTest.java,
pulsar,C:\Users\ismak\Documents\GitHub\relation_test_code_smell_ML\dataset\projects\pulsar\pulsar-broker\src\test\java\org\apache\pulsar\broker\intercept\InterceptFilterOutTest.java,
pulsar,C:\Users\ismak\Documents\GitHub\relation_test_code_smell_ML\dataset\projects\pulsar\pulsar-broker\src\test\java\org\apache\pulsar\broker\intercept\ManagedLedgerInterceptorImplTest.java,
pulsar,C:\Users\ismak\Documents\GitHub\relation_test_code_smell_ML\dataset\projects\pulsar\pulsar-broker\src\test\java\org\apache\pulsar\broker\LedgerLostAndSkipNonRecoverableTest.java,
pulsar,C:\Users\ismak\Documents\GitHub\relation_test_code_smell_ML\dataset\projects\pulsar\pulsar-broker\src\test\java\org\apache\pulsar\broker\loadbalance\AdvertisedListenersMultiBrokerLeaderElectionTest.java,
pulsar,C:\Users\ismak\Documents\GitHub\relation_test_code_smell_ML\dataset\projects\pulsar\pulsar-broker\src\test\java\org\apache\pulsar\broker\loadbalance\AdvertisedListenersTest.java,
pulsar,C:\Users\ismak\Documents\GitHub\relation_test_code_smell_ML\dataset\projects\pulsar\pulsar-broker\src\test\java\org\apache\pulsar\broker\loadbalance\AntiAffinityNamespaceGroupTest.java,
pulsar,C:\Users\ismak\Documents\GitHub\relation_test_code_smell_ML\dataset\projects\pulsar\pulsar-broker\src\test\java\org\apache\pulsar\broker\loadbalance\BrokerVersionFilterTest.java,
pulsar,C:\Users\ismak\Documents\GitHub\relation_test_code_smell_ML\dataset\projects\pulsar\pulsar-broker\src\test\java\org\apache\pulsar\broker\loadbalance\extensions\AntiAffinityNamespaceGroupExtensionTest.java,
pulsar,C:\Users\ismak\Documents\GitHub\relation_test_code_smell_ML\dataset\projects\pulsar\pulsar-broker\src\test\java\org\apache\pulsar\broker\loadbalance\extensions\BrokerRegistryIntegrationTest.java,
pulsar,C:\Users\ismak\Documents\GitHub\relation_test_code_smell_ML\dataset\projects\pulsar\pulsar-broker\src\test\java\org\apache\pulsar\broker\loadbalance\extensions\BrokerRegistryMetadataStoreIntegrationTest.java,
pulsar,C:\Users\ismak\Documents\GitHub\relation_test_code_smell_ML\dataset\projects\pulsar\pulsar-broker\src\test\java\org\apache\pulsar\broker\loadbalance\extensions\BrokerRegistryTest.java,
pulsar,C:\Users\ismak\Documents\GitHub\relation_test_code_smell_ML\dataset\projects\pulsar\pulsar-broker\src\test\java\org\apache\pulsar\broker\loadbalance\extensions\channel\models\SplitTest.java,
pulsar,C:\Users\ismak\Documents\GitHub\relation_test_code_smell_ML\dataset\projects\pulsar\pulsar-broker\src\test\java\org\apache\pulsar\broker\loadbalance\extensions\channel\models\UnloadTest.java,
pulsar,C:\Users\ismak\Documents\GitHub\relation_test_code_smell_ML\dataset\projects\pulsar\pulsar-broker\src\test\java\org\apache\pulsar\broker\loadbalance\extensions\channel\ServiceUnitStateChannelTest.java,
pulsar,C:\Users\ismak\Documents\GitHub\relation_test_code_smell_ML\dataset\projects\pulsar\pulsar-broker\src\test\java\org\apache\pulsar\broker\loadbalance\extensions\channel\ServiceUnitStateDataConflictResolverTest.java,
pulsar,C:\Users\ismak\Documents\GitHub\relation_test_code_smell_ML\dataset\projects\pulsar\pulsar-broker\src\test\java\org\apache\pulsar\broker\loadbalance\extensions\channel\ServiceUnitStateDataTest.java,
pulsar,C:\Users\ismak\Documents\GitHub\relation_test_code_smell_ML\dataset\projects\pulsar\pulsar-broker\src\test\java\org\apache\pulsar\broker\loadbalance\extensions\channel\ServiceUnitStateTest.java,
pulsar,C:\Users\ismak\Documents\GitHub\relation_test_code_smell_ML\dataset\projects\pulsar\pulsar-broker\src\test\java\org\apache\pulsar\broker\loadbalance\extensions\data\BrokerLoadDataTest.java,
pulsar,C:\Users\ismak\Documents\GitHub\relation_test_code_smell_ML\dataset\projects\pulsar\pulsar-broker\src\test\java\org\apache\pulsar\broker\loadbalance\extensions\data\BrokerLookupDataTest.java,
pulsar,C:\Users\ismak\Documents\GitHub\relation_test_code_smell_ML\dataset\projects\pulsar\pulsar-broker\src\test\java\org\apache\pulsar\broker\loadbalance\extensions\ExtensibleLoadManagerCloseTest.java,
pulsar,C:\Users\ismak\Documents\GitHub\relation_test_code_smell_ML\dataset\projects\pulsar\pulsar-broker\src\test\java\org\apache\pulsar\broker\loadbalance\extensions\ExtensibleLoadManagerImplBaseTest.java,
pulsar,C:\Users\ismak\Documents\GitHub\relation_test_code_smell_ML\dataset\projects\pulsar\pulsar-broker\src\test\java\org\apache\pulsar\broker\loadbalance\extensions\ExtensibleLoadManagerImplWithAdvertisedListenersTest.java,
pulsar,C:\Users\ismak\Documents\GitHub\relation_test_code_smell_ML\dataset\projects\pulsar\pulsar-broker\src\test\java\org\apache\pulsar\broker\loadbalance\extensions\ExtensibleLoadManagerImplWithTransactionCoordinatorTest.java,
pulsar,C:\Users\ismak\Documents\GitHub\relation_test_code_smell_ML\dataset\projects\pulsar\pulsar-broker\src\test\java\org\apache\pulsar\broker\loadbalance\extensions\filter\BrokerIsolationPoliciesFilterTest.java,
pulsar,C:\Users\ismak\Documents\GitHub\relation_test_code_smell_ML\dataset\projects\pulsar\pulsar-broker\src\test\java\org\apache\pulsar\broker\loadbalance\extensions\filter\BrokerLoadManagerClassFilterTest.java,
pulsar,C:\Users\ismak\Documents\GitHub\relation_test_code_smell_ML\dataset\projects\pulsar\pulsar-broker\src\test\java\org\apache\pulsar\broker\loadbalance\extensions\filter\BrokerMaxTopicCountFilterTest.java,
pulsar,C:\Users\ismak\Documents\GitHub\relation_test_code_smell_ML\dataset\projects\pulsar\pulsar-broker\src\test\java\org\apache\pulsar\broker\loadbalance\extensions\filter\BrokerVersionFilterTest.java,
pulsar,C:\Users\ismak\Documents\GitHub\relation_test_code_smell_ML\dataset\projects\pulsar\pulsar-broker\src\test\java\org\apache\pulsar\broker\loadbalance\extensions\LoadManagerFailFastTest.java,
pulsar,C:\Users\ismak\Documents\GitHub\relation_test_code_smell_ML\dataset\projects\pulsar\pulsar-broker\src\test\java\org\apache\pulsar\broker\loadbalance\extensions\manager\RedirectManagerForLoadManagerMigrationTest.java,
pulsar,C:\Users\ismak\Documents\GitHub\relation_test_code_smell_ML\dataset\projects\pulsar\pulsar-broker\src\test\java\org\apache\pulsar\broker\loadbalance\extensions\manager\SplitManagerTest.java,
pulsar,C:\Users\ismak\Documents\GitHub\relation_test_code_smell_ML\dataset\projects\pulsar\pulsar-broker\src\test\java\org\apache\pulsar\broker\loadbalance\extensions\manager\UnloadManagerTest.java,
pulsar,C:\Users\ismak\Documents\GitHub\relation_test_code_smell_ML\dataset\projects\pulsar\pulsar-broker\src\test\java\org\apache\pulsar\broker\loadbalance\extensions\models\TopKBundlesTest.java,
pulsar,C:\Users\ismak\Documents\GitHub\relation_test_code_smell_ML\dataset\projects\pulsar\pulsar-broker\src\test\java\org\apache\pulsar\broker\loadbalance\extensions\reporter\BrokerLoadDataReporterTest.java,
pulsar,C:\Users\ismak\Documents\GitHub\relation_test_code_smell_ML\dataset\projects\pulsar\pulsar-broker\src\test\java\org\apache\pulsar\broker\loadbalance\extensions\reporter\TopBundleLoadDataReporterTest.java,
pulsar,C:\Users\ismak\Documents\GitHub\relation_test_code_smell_ML\dataset\projects\pulsar\pulsar-broker\src\test\java\org\apache\pulsar\broker\loadbalance\extensions\scheduler\SplitSchedulerTest.java,
pulsar,C:\Users\ismak\Documents\GitHub\relation_test_code_smell_ML\dataset\projects\pulsar\pulsar-broker\src\test\java\org\apache\pulsar\broker\loadbalance\extensions\scheduler\TransferShedderTest.java,
pulsar,C:\Users\ismak\Documents\GitHub\relation_test_code_smell_ML\dataset\projects\pulsar\pulsar-broker\src\test\java\org\apache\pulsar\broker\loadbalance\extensions\scheduler\UnloadSchedulerTest.java,
pulsar,C:\Users\ismak\Documents\GitHub\relation_test_code_smell_ML\dataset\projects\pulsar\pulsar-broker\src\test\java\org\apache\pulsar\broker\loadbalance\extensions\store\LoadDataStoreTest.java,
pulsar,C:\Users\ismak\Documents\GitHub\relation_test_code_smell_ML\dataset\projects\pulsar\pulsar-broker\src\test\java\org\apache\pulsar\broker\loadbalance\extensions\strategy\CustomBrokerSelectionStrategyTest.java,
pulsar,C:\Users\ismak\Documents\GitHub\relation_test_code_smell_ML\dataset\projects\pulsar\pulsar-broker\src\test\java\org\apache\pulsar\broker\loadbalance\extensions\strategy\DefaultNamespaceBundleSplitStrategyTest.java,
pulsar,C:\Users\ismak\Documents\GitHub\relation_test_code_smell_ML\dataset\projects\pulsar\pulsar-broker\src\test\java\org\apache\pulsar\broker\loadbalance\extensions\strategy\LeastResourceUsageWithWeightTest.java,
pulsar,C:\Users\ismak\Documents\GitHub\relation_test_code_smell_ML\dataset\projects\pulsar\pulsar-broker\src\test\java\org\apache\pulsar\broker\loadbalance\impl\AvgShedderTest.java,
pulsar,C:\Users\ismak\Documents\GitHub\relation_test_code_smell_ML\dataset\projects\pulsar\pulsar-broker\src\test\java\org\apache\pulsar\broker\loadbalance\impl\BrokerLoadManagerClassFilterTest.java,
pulsar,C:\Users\ismak\Documents\GitHub\relation_test_code_smell_ML\dataset\projects\pulsar\pulsar-broker\src\test\java\org\apache\pulsar\broker\loadbalance\impl\BundleSplitterTaskTest.java,
pulsar,C:\Users\ismak\Documents\GitHub\relation_test_code_smell_ML\dataset\projects\pulsar\pulsar-broker\src\test\java\org\apache\pulsar\broker\loadbalance\impl\LinuxBrokerHostUsageImplTest.java,
pulsar,C:\Users\ismak\Documents\GitHub\relation_test_code_smell_ML\dataset\projects\pulsar\pulsar-broker\src\test\java\org\apache\pulsar\broker\loadbalance\impl\LoadManagerSharedTest.java,
pulsar,C:\Users\ismak\Documents\GitHub\relation_test_code_smell_ML\dataset\projects\pulsar\pulsar-broker\src\test\java\org\apache\pulsar\broker\loadbalance\impl\ModularLoadManagerImplTest.java,
pulsar,C:\Users\ismak\Documents\GitHub\relation_test_code_smell_ML\dataset\projects\pulsar\pulsar-broker\src\test\java\org\apache\pulsar\broker\loadbalance\impl\OverloadShedderTest.java,
pulsar,C:\Users\ismak\Documents\GitHub\relation_test_code_smell_ML\dataset\projects\pulsar\pulsar-broker\src\test\java\org\apache\pulsar\broker\loadbalance\impl\PulsarResourceDescriptionTest.java,
pulsar,C:\Users\ismak\Documents\GitHub\relation_test_code_smell_ML\dataset\projects\pulsar\pulsar-broker\src\test\java\org\apache\pulsar\broker\loadbalance\impl\ThresholdShedderTest.java,
pulsar,C:\Users\ismak\Documents\GitHub\relation_test_code_smell_ML\dataset\projects\pulsar\pulsar-broker\src\test\java\org\apache\pulsar\broker\loadbalance\impl\UniformLoadShedderTest.java,
pulsar,C:\Users\ismak\Documents\GitHub\relation_test_code_smell_ML\dataset\projects\pulsar\pulsar-broker\src\test\java\org\apache\pulsar\broker\loadbalance\LeaderElectionServiceTest.java,
pulsar,C:\Users\ismak\Documents\GitHub\relation_test_code_smell_ML\dataset\projects\pulsar\pulsar-broker\src\test\java\org\apache\pulsar\broker\loadbalance\LinuxInfoUtilsTest.java,
pulsar,C:\Users\ismak\Documents\GitHub\relation_test_code_smell_ML\dataset\projects\pulsar\pulsar-broker\src\test\java\org\apache\pulsar\broker\loadbalance\LoadBalancerTest.java,
pulsar,C:\Users\ismak\Documents\GitHub\relation_test_code_smell_ML\dataset\projects\pulsar\pulsar-broker\src\test\java\org\apache\pulsar\broker\loadbalance\LoadReportNetworkLimitTest.java,
pulsar,C:\Users\ismak\Documents\GitHub\relation_test_code_smell_ML\dataset\projects\pulsar\pulsar-broker\src\test\java\org\apache\pulsar\broker\loadbalance\ModularLoadManagerStrategyTest.java,
pulsar,C:\Users\ismak\Documents\GitHub\relation_test_code_smell_ML\dataset\projects\pulsar\pulsar-broker\src\test\java\org\apache\pulsar\broker\loadbalance\MultiBrokerLeaderElectionExpirationTest.java,
pulsar,C:\Users\ismak\Documents\GitHub\relation_test_code_smell_ML\dataset\projects\pulsar\pulsar-broker\src\test\java\org\apache\pulsar\broker\loadbalance\MultiBrokerLeaderElectionTest.java,
pulsar,C:\Users\ismak\Documents\GitHub\relation_test_code_smell_ML\dataset\projects\pulsar\pulsar-broker\src\test\java\org\apache\pulsar\broker\loadbalance\SimpleBrokerStartTest.java,
pulsar,C:\Users\ismak\Documents\GitHub\relation_test_code_smell_ML\dataset\projects\pulsar\pulsar-broker\src\test\java\org\apache\pulsar\broker\loadbalance\SimpleLoadManagerImplTest.java,
pulsar,C:\Users\ismak\Documents\GitHub\relation_test_code_smell_ML\dataset\projects\pulsar\pulsar-broker\src\test\java\org\apache\pulsar\broker\lookup\http\HttpTopicLookupv2Test.java,
pulsar,C:\Users\ismak\Documents\GitHub\relation_test_code_smell_ML\dataset\projects\pulsar\pulsar-broker\src\test\java\org\apache\pulsar\broker\lookup\http\v2\TopicLookupTest.java,
pulsar,C:\Users\ismak\Documents\GitHub\relation_test_code_smell_ML\dataset\projects\pulsar\pulsar-broker\src\test\java\org\apache\pulsar\broker\lookup\LookupResultTest.java,
pulsar,C:\Users\ismak\Documents\GitHub\relation_test_code_smell_ML\dataset\projects\pulsar\pulsar-broker\src\test\java\org\apache\pulsar\broker\MultiBrokerBaseTest.java,
pulsar,C:\Users\ismak\Documents\GitHub\relation_test_code_smell_ML\dataset\projects\pulsar\pulsar-broker\src\test\java\org\apache\pulsar\broker\MultiBrokerTestZKBaseTest.java,
pulsar,C:\Users\ismak\Documents\GitHub\relation_test_code_smell_ML\dataset\projects\pulsar\pulsar-broker\src\test\java\org\apache\pulsar\broker\namespace\NamespaceCreateBundlesTest.java,
pulsar,C:\Users\ismak\Documents\GitHub\relation_test_code_smell_ML\dataset\projects\pulsar\pulsar-broker\src\test\java\org\apache\pulsar\broker\namespace\NamespaceEphemeralDataTest.java,
pulsar,C:\Users\ismak\Documents\GitHub\relation_test_code_smell_ML\dataset\projects\pulsar\pulsar-broker\src\test\java\org\apache\pulsar\broker\namespace\NamespaceOwnershipListenerTest.java,
pulsar,C:\Users\ismak\Documents\GitHub\relation_test_code_smell_ML\dataset\projects\pulsar\pulsar-broker\src\test\java\org\apache\pulsar\broker\namespace\NamespaceServiceListenerResolutionTest.java,
pulsar,C:\Users\ismak\Documents\GitHub\relation_test_code_smell_ML\dataset\projects\pulsar\pulsar-broker\src\test\java\org\apache\pulsar\broker\namespace\NamespaceServiceTest.java,
pulsar,C:\Users\ismak\Documents\GitHub\relation_test_code_smell_ML\dataset\projects\pulsar\pulsar-broker\src\test\java\org\apache\pulsar\broker\namespace\NamespaceUnloadingTest.java,
pulsar,C:\Users\ismak\Documents\GitHub\relation_test_code_smell_ML\dataset\projects\pulsar\pulsar-broker\src\test\java\org\apache\pulsar\broker\namespace\OwnerShipCacheForCurrentServerTest.java,
pulsar,C:\Users\ismak\Documents\GitHub\relation_test_code_smell_ML\dataset\projects\pulsar\pulsar-broker\src\test\java\org\apache\pulsar\broker\namespace\OwnershipCacheTest.java,
pulsar,C:\Users\ismak\Documents\GitHub\relation_test_code_smell_ML\dataset\projects\pulsar\pulsar-broker\src\test\java\org\apache\pulsar\broker\protocol\ProtocolHandlersTest.java,
pulsar,C:\Users\ismak\Documents\GitHub\relation_test_code_smell_ML\dataset\projects\pulsar\pulsar-broker\src\test\java\org\apache\pulsar\broker\protocol\ProtocolHandlerUtilsTest.java,
pulsar,C:\Users\ismak\Documents\GitHub\relation_test_code_smell_ML\dataset\projects\pulsar\pulsar-broker\src\test\java\org\apache\pulsar\broker\protocol\ProtocolHandlerWithClassLoaderTest.java,
pulsar,C:\Users\ismak\Documents\GitHub\relation_test_code_smell_ML\dataset\projects\pulsar\pulsar-broker\src\test\java\org\apache\pulsar\broker\protocol\PulsarClientBasedHandlerTest.java,
pulsar,C:\Users\ismak\Documents\GitHub\relation_test_code_smell_ML\dataset\projects\pulsar\pulsar-broker\src\test\java\org\apache\pulsar\broker\protocol\SimpleProtocolHandlerSeparateThreadPoolTest.java,
pulsar,C:\Users\ismak\Documents\GitHub\relation_test_code_smell_ML\dataset\projects\pulsar\pulsar-broker\src\test\java\org\apache\pulsar\broker\protocol\SimpleProtocolHandlerSharedThreadPoolTest.java,
pulsar,C:\Users\ismak\Documents\GitHub\relation_test_code_smell_ML\dataset\projects\pulsar\pulsar-broker\src\test\java\org\apache\pulsar\broker\PublishWithMLPayloadProcessorTest.java,
pulsar,C:\Users\ismak\Documents\GitHub\relation_test_code_smell_ML\dataset\projects\pulsar\pulsar-broker\src\test\java\org\apache\pulsar\broker\PulsarServiceBrokerIdTest.java,
pulsar,C:\Users\ismak\Documents\GitHub\relation_test_code_smell_ML\dataset\projects\pulsar\pulsar-broker\src\test\java\org\apache\pulsar\broker\PulsarServiceCloseTest.java,
pulsar,C:\Users\ismak\Documents\GitHub\relation_test_code_smell_ML\dataset\projects\pulsar\pulsar-broker\src\test\java\org\apache\pulsar\broker\PulsarServiceTest.java,
pulsar,C:\Users\ismak\Documents\GitHub\relation_test_code_smell_ML\dataset\projects\pulsar\pulsar-broker\src\test\java\org\apache\pulsar\broker\qos\AsyncTokenBucketTest.java,
pulsar,C:\Users\ismak\Documents\GitHub\relation_test_code_smell_ML\dataset\projects\pulsar\pulsar-broker\src\test\java\org\apache\pulsar\broker\resourcegroup\ResourceGroupConfigListenerTest.java,
pulsar,C:\Users\ismak\Documents\GitHub\relation_test_code_smell_ML\dataset\projects\pulsar\pulsar-broker\src\test\java\org\apache\pulsar\broker\resourcegroup\ResourceGroupRateLimiterTest.java,
pulsar,C:\Users\ismak\Documents\GitHub\relation_test_code_smell_ML\dataset\projects\pulsar\pulsar-broker\src\test\java\org\apache\pulsar\broker\resourcegroup\ResourceGroupReportLocalUsageTest.java,
pulsar,C:\Users\ismak\Documents\GitHub\relation_test_code_smell_ML\dataset\projects\pulsar\pulsar-broker\src\test\java\org\apache\pulsar\broker\resourcegroup\ResourceGroupServiceTest.java,
pulsar,C:\Users\ismak\Documents\GitHub\relation_test_code_smell_ML\dataset\projects\pulsar\pulsar-broker\src\test\java\org\apache\pulsar\broker\resourcegroup\ResourceGroupUsageAggregationTest.java,
pulsar,C:\Users\ismak\Documents\GitHub\relation_test_code_smell_ML\dataset\projects\pulsar\pulsar-broker\src\test\java\org\apache\pulsar\broker\resourcegroup\ResourceQuotaCalculatorImplTest.java,
pulsar,C:\Users\ismak\Documents\GitHub\relation_test_code_smell_ML\dataset\projects\pulsar\pulsar-broker\src\test\java\org\apache\pulsar\broker\resourcegroup\ResourceUsageTransportManagerTest.java,
pulsar,C:\Users\ismak\Documents\GitHub\relation_test_code_smell_ML\dataset\projects\pulsar\pulsar-broker\src\test\java\org\apache\pulsar\broker\resourcegroup\RGUsageMTAggrWaitForAllMsgsTest.java,
pulsar,C:\Users\ismak\Documents\GitHub\relation_test_code_smell_ML\dataset\projects\pulsar\pulsar-broker\src\test\java\org\apache\pulsar\broker\resources\ScalableTopicListenerRegistryTest.java,
pulsar,C:\Users\ismak\Documents\GitHub\relation_test_code_smell_ML\dataset\projects\pulsar\pulsar-broker\src\test\java\org\apache\pulsar\broker\resources\ScalableTopicPropertyIndexTest.java,
pulsar,C:\Users\ismak\Documents\GitHub\relation_test_code_smell_ML\dataset\projects\pulsar\pulsar-broker\src\test\java\org\apache\pulsar\broker\SameAuthParamsLookupAutoClusterFailoverTest.java,
pulsar,C:\Users\ismak\Documents\GitHub\relation_test_code_smell_ML\dataset\projects\pulsar\pulsar-broker\src\test\java\org\apache\pulsar\broker\service\AbstractBaseDispatcherTest.java,
pulsar,C:\Users\ismak\Documents\GitHub\relation_test_code_smell_ML\dataset\projects\pulsar\pulsar-broker\src\test\java\org\apache\pulsar\broker\service\AbstractReplicatorTest.java,
pulsar,C:\Users\ismak\Documents\GitHub\relation_test_code_smell_ML\dataset\projects\pulsar\pulsar-broker\src\test\java\org\apache\pulsar\broker\service\AbstractSubscriptionTest.java,
pulsar,C:\Users\ismak\Documents\GitHub\relation_test_code_smell_ML\dataset\projects\pulsar\pulsar-broker\src\test\java\org\apache\pulsar\broker\service\AbstractTopicTest.java,
pulsar,C:\Users\ismak\Documents\GitHub\relation_test_code_smell_ML\dataset\projects\pulsar\pulsar-broker\src\test\java\org\apache\pulsar\broker\service\AdvertisedAddressTest.java,
pulsar,C:\Users\ismak\Documents\GitHub\relation_test_code_smell_ML\dataset\projects\pulsar\pulsar-broker\src\test\java\org\apache\pulsar\broker\service\BacklogQuotaManagerConfigurationTest.java,
pulsar,C:\Users\ismak\Documents\GitHub\relation_test_code_smell_ML\dataset\projects\pulsar\pulsar-broker\src\test\java\org\apache\pulsar\broker\service\BacklogQuotaManagerTest.java,
pulsar,C:\Users\ismak\Documents\GitHub\relation_test_code_smell_ML\dataset\projects\pulsar\pulsar-broker\src\test\java\org\apache\pulsar\broker\service\BatchMessageBrokerRestartTest.java,
pulsar,C:\Users\ismak\Documents\GitHub\relation_test_code_smell_ML\dataset\projects\pulsar\pulsar-broker\src\test\java\org\apache\pulsar\broker\service\BatchMessageTest.java,
pulsar,C:\Users\ismak\Documents\GitHub\relation_test_code_smell_ML\dataset\projects\pulsar\pulsar-broker\src\test\java\org\apache\pulsar\broker\service\BatchMessageWithBatchIndexLevelTest.java,
pulsar,C:\Users\ismak\Documents\GitHub\relation_test_code_smell_ML\dataset\projects\pulsar\pulsar-broker\src\test\java\org\apache\pulsar\broker\service\BkEnsemblesChaosTest.java,
pulsar,C:\Users\ismak\Documents\GitHub\relation_test_code_smell_ML\dataset\projects\pulsar\pulsar-broker\src\test\java\org\apache\pulsar\broker\service\BrokerBkEnsemblesTest.java,
pulsar,C:\Users\ismak\Documents\GitHub\relation_test_code_smell_ML\dataset\projects\pulsar\pulsar-broker\src\test\java\org\apache\pulsar\broker\service\BrokerBookieIsolationTest.java,
pulsar,C:\Users\ismak\Documents\GitHub\relation_test_code_smell_ML\dataset\projects\pulsar\pulsar-broker\src\test\java\org\apache\pulsar\broker\service\BrokerDispatchRateLimiterTest.java,
pulsar,C:\Users\ismak\Documents\GitHub\relation_test_code_smell_ML\dataset\projects\pulsar\pulsar-broker\src\test\java\org\apache\pulsar\broker\service\BrokerEntryMetadataE2ETest.java,
pulsar,C:\Users\ismak\Documents\GitHub\relation_test_code_smell_ML\dataset\projects\pulsar\pulsar-broker\src\test\java\org\apache\pulsar\broker\service\BrokerEventLoopShutdownTest.java,
pulsar,C:\Users\ismak\Documents\GitHub\relation_test_code_smell_ML\dataset\projects\pulsar\pulsar-broker\src\test\java\org\apache\pulsar\broker\service\BrokerInternalClientConfigurationOverrideTest.java,
pulsar,C:\Users\ismak\Documents\GitHub\relation_test_code_smell_ML\dataset\projects\pulsar\pulsar-broker\src\test\java\org\apache\pulsar\broker\service\BrokerServiceAutoSubscriptionCreationTest.java,
pulsar,C:\Users\ismak\Documents\GitHub\relation_test_code_smell_ML\dataset\projects\pulsar\pulsar-broker\src\test\java\org\apache\pulsar\broker\service\BrokerServiceAutoTopicCreationTest.java,
pulsar,C:\Users\ismak\Documents\GitHub\relation_test_code_smell_ML\dataset\projects\pulsar\pulsar-broker\src\test\java\org\apache\pulsar\broker\service\BrokerServiceBundlesCacheInvalidationTest.java,
pulsar,C:\Users\ismak\Documents\GitHub\relation_test_code_smell_ML\dataset\projects\pulsar\pulsar-broker\src\test\java\org\apache\pulsar\broker\service\BrokerServiceChaosTest.java,
pulsar,C:\Users\ismak\Documents\GitHub\relation_test_code_smell_ML\dataset\projects\pulsar\pulsar-broker\src\test\java\org\apache\pulsar\broker\service\BrokerServiceTest.java,
pulsar,C:\Users\ismak\Documents\GitHub\relation_test_code_smell_ML\dataset\projects\pulsar\pulsar-broker\src\test\java\org\apache\pulsar\broker\service\BrokerServiceThrottlingTest.java,
pulsar,C:\Users\ismak\Documents\GitHub\relation_test_code_smell_ML\dataset\projects\pulsar\pulsar-broker\src\test\java\org\apache\pulsar\broker\service\BusyWaitServiceTest.java,
pulsar,C:\Users\ismak\Documents\GitHub\relation_test_code_smell_ML\dataset\projects\pulsar\pulsar-broker\src\test\java\org\apache\pulsar\broker\service\ClusterMigrationTest.java,
pulsar,C:\Users\ismak\Documents\GitHub\relation_test_code_smell_ML\dataset\projects\pulsar\pulsar-broker\src\test\java\org\apache\pulsar\broker\service\ConsistentHashingStickyKeyConsumerSelectorTest.java,
pulsar,C:\Users\ismak\Documents\GitHub\relation_test_code_smell_ML\dataset\projects\pulsar\pulsar-broker\src\test\java\org\apache\pulsar\broker\service\ConsumedLedgersTrimTest.java,
pulsar,C:\Users\ismak\Documents\GitHub\relation_test_code_smell_ML\dataset\projects\pulsar\pulsar-broker\src\test\java\org\apache\pulsar\broker\service\ConsumerHashAssignmentsSnapshotTest.java,
pulsar,C:\Users\ismak\Documents\GitHub\relation_test_code_smell_ML\dataset\projects\pulsar\pulsar-broker\src\test\java\org\apache\pulsar\broker\service\ConsumerIdentityWrapperTest.java,
pulsar,C:\Users\ismak\Documents\GitHub\relation_test_code_smell_ML\dataset\projects\pulsar\pulsar-broker\src\test\java\org\apache\pulsar\broker\service\ConsumerNameIndexTrackerTest.java,
pulsar,C:\Users\ismak\Documents\GitHub\relation_test_code_smell_ML\dataset\projects\pulsar\pulsar-broker\src\test\java\org\apache\pulsar\broker\service\ConsumerTest.java,
pulsar,C:\Users\ismak\Documents\GitHub\relation_test_code_smell_ML\dataset\projects\pulsar\pulsar-broker\src\test\java\org\apache\pulsar\broker\service\CurrentLedgerRolloverIfFullTest.java,
pulsar,C:\Users\ismak\Documents\GitHub\relation_test_code_smell_ML\dataset\projects\pulsar\pulsar-broker\src\test\java\org\apache\pulsar\broker\service\DeduplicationDisabledBrokerLevelTest.java,
pulsar,C:\Users\ismak\Documents\GitHub\relation_test_code_smell_ML\dataset\projects\pulsar\pulsar-broker\src\test\java\org\apache\pulsar\broker\service\DisabledCreateTopicToRemoteClusterForReplicationTest.java,
pulsar,C:\Users\ismak\Documents\GitHub\relation_test_code_smell_ML\dataset\projects\pulsar\pulsar-broker\src\test\java\org\apache\pulsar\broker\service\DispatchRateLimiterOverconsumingTest.java,
pulsar,C:\Users\ismak\Documents\GitHub\relation_test_code_smell_ML\dataset\projects\pulsar\pulsar-broker\src\test\java\org\apache\pulsar\broker\service\DistributedIdGeneratorTest.java,
pulsar,C:\Users\ismak\Documents\GitHub\relation_test_code_smell_ML\dataset\projects\pulsar\pulsar-broker\src\test\java\org\apache\pulsar\broker\service\DrainingHashesTrackerTest.java,
pulsar,C:\Users\ismak\Documents\GitHub\relation_test_code_smell_ML\dataset\projects\pulsar\pulsar-broker\src\test\java\org\apache\pulsar\broker\service\EnableProxyProtocolTest.java,
pulsar,C:\Users\ismak\Documents\GitHub\relation_test_code_smell_ML\dataset\projects\pulsar\pulsar-broker\src\test\java\org\apache\pulsar\broker\service\EntryBatchIndexesAcksTest.java,
pulsar,C:\Users\ismak\Documents\GitHub\relation_test_code_smell_ML\dataset\projects\pulsar\pulsar-broker\src\test\java\org\apache\pulsar\broker\service\ExclusiveProducerTest.java,
pulsar,C:\Users\ismak\Documents\GitHub\relation_test_code_smell_ML\dataset\projects\pulsar\pulsar-broker\src\test\java\org\apache\pulsar\broker\service\GracefulExecutorServicesShutdownTest.java,
pulsar,C:\Users\ismak\Documents\GitHub\relation_test_code_smell_ML\dataset\projects\pulsar\pulsar-broker\src\test\java\org\apache\pulsar\broker\service\HashRangeAutoSplitStickyKeyConsumerSelectorTest.java,
pulsar,C:\Users\ismak\Documents\GitHub\relation_test_code_smell_ML\dataset\projects\pulsar\pulsar-broker\src\test\java\org\apache\pulsar\broker\service\HashRangeExclusiveStickyKeyConsumerSelectorTest.java,
pulsar,C:\Users\ismak\Documents\GitHub\relation_test_code_smell_ML\dataset\projects\pulsar\pulsar-broker\src\test\java\org\apache\pulsar\broker\service\InactiveTopicDeleteTest.java,
pulsar,C:\Users\ismak\Documents\GitHub\relation_test_code_smell_ML\dataset\projects\pulsar\pulsar-broker\src\test\java\org\apache\pulsar\broker\service\InmemoryTopicPoliciesServiceServiceTest.java,
pulsar,C:\Users\ismak\Documents\GitHub\relation_test_code_smell_ML\dataset\projects\pulsar\pulsar-broker\src\test\java\org\apache\pulsar\broker\service\KeyValueTest.java,
pulsar,C:\Users\ismak\Documents\GitHub\relation_test_code_smell_ML\dataset\projects\pulsar\pulsar-broker\src\test\java\org\apache\pulsar\broker\service\LegacyAwareTopicPoliciesServiceTest.java,
pulsar,C:\Users\ismak\Documents\GitHub\relation_test_code_smell_ML\dataset\projects\pulsar\pulsar-broker\src\test\java\org\apache\pulsar\broker\service\ManagedLedgerCompressionTest.java,
pulsar,C:\Users\ismak\Documents\GitHub\relation_test_code_smell_ML\dataset\projects\pulsar\pulsar-broker\src\test\java\org\apache\pulsar\broker\service\ManagedLedgerConfigTest.java,
pulsar,C:\Users\ismak\Documents\GitHub\relation_test_code_smell_ML\dataset\projects\pulsar\pulsar-broker\src\test\java\org\apache\pulsar\broker\service\MaxMessageSizeTest.java,
pulsar,C:\Users\ismak\Documents\GitHub\relation_test_code_smell_ML\dataset\projects\pulsar\pulsar-broker\src\test\java\org\apache\pulsar\broker\service\MessageCumulativeAckTest.java,
pulsar,C:\Users\ismak\Documents\GitHub\relation_test_code_smell_ML\dataset\projects\pulsar\pulsar-broker\src\test\java\org\apache\pulsar\broker\service\MessagePublishBufferThrottleTest.java,
pulsar,C:\Users\ismak\Documents\GitHub\relation_test_code_smell_ML\dataset\projects\pulsar\pulsar-broker\src\test\java\org\apache\pulsar\broker\service\MessageTTLTest.java,
pulsar,C:\Users\ismak\Documents\GitHub\relation_test_code_smell_ML\dataset\projects\pulsar\pulsar-broker\src\test\java\org\apache\pulsar\broker\service\nonpersistent\NonPersistentStickyKeyDispatcherMultipleConsumersTest.java,
pulsar,C:\Users\ismak\Documents\GitHub\relation_test_code_smell_ML\dataset\projects\pulsar\pulsar-broker\src\test\java\org\apache\pulsar\broker\service\nonpersistent\NonPersistentTopicTest.java,
pulsar,C:\Users\ismak\Documents\GitHub\relation_test_code_smell_ML\dataset\projects\pulsar\pulsar-broker\src\test\java\org\apache\pulsar\broker\service\NonPersistentTopicE2ETest.java,
pulsar,C:\Users\ismak\Documents\GitHub\relation_test_code_smell_ML\dataset\projects\pulsar\pulsar-broker\src\test\java\org\apache\pulsar\broker\service\NullValueTest.java,
pulsar,C:\Users\ismak\Documents\GitHub\relation_test_code_smell_ML\dataset\projects\pulsar\pulsar-broker\src\test\java\org\apache\pulsar\broker\service\OneWayReplicatorDeduplicationTest.java,
pulsar,C:\Users\ismak\Documents\GitHub\relation_test_code_smell_ML\dataset\projects\pulsar\pulsar-broker\src\test\java\org\apache\pulsar\broker\service\OneWayReplicatorSchemaValidationEnforcedTest.java,
pulsar,C:\Users\ismak\Documents\GitHub\relation_test_code_smell_ML\dataset\projects\pulsar\pulsar-broker\src\test\java\org\apache\pulsar\broker\service\OneWayReplicatorUsingGlobalPartitionedTest.java,
pulsar,C:\Users\ismak\Documents\GitHub\relation_test_code_smell_ML\dataset\projects\pulsar\pulsar-broker\src\test\java\org\apache\pulsar\broker\service\OneWayReplicatorUsingGlobalZKTest.java,
pulsar,C:\Users\ismak\Documents\GitHub\relation_test_code_smell_ML\dataset\projects\pulsar\pulsar-broker\src\test\java\org\apache\pulsar\broker\service\OpenTelemetryTracingIntegrationTest.java,
pulsar,C:\Users\ismak\Documents\GitHub\relation_test_code_smell_ML\dataset\projects\pulsar\pulsar-broker\src\test\java\org\apache\pulsar\broker\service\OpportunisticStripingTest.java,
pulsar,C:\Users\ismak\Documents\GitHub\relation_test_code_smell_ML\dataset\projects\pulsar\pulsar-broker\src\test\java\org\apache\pulsar\broker\service\PartitionKeyTest.java,
pulsar,C:\Users\ismak\Documents\GitHub\relation_test_code_smell_ML\dataset\projects\pulsar\pulsar-broker\src\test\java\org\apache\pulsar\broker\service\PeerReplicatorTest.java,
pulsar,C:\Users\ismak\Documents\GitHub\relation_test_code_smell_ML\dataset\projects\pulsar\pulsar-broker\src\test\java\org\apache\pulsar\broker\service\PendingAcksMapTest.java,
pulsar,C:\Users\ismak\Documents\GitHub\relation_test_code_smell_ML\dataset\projects\pulsar\pulsar-broker\src\test\java\org\apache\pulsar\broker\service\persistent\BucketDelayedDeliveryTest.java,
pulsar,C:\Users\ismak\Documents\GitHub\relation_test_code_smell_ML\dataset\projects\pulsar\pulsar-broker\src\test\java\org\apache\pulsar\broker\service\persistent\ChecksumTest.java,
pulsar,C:\Users\ismak\Documents\GitHub\relation_test_code_smell_ML\dataset\projects\pulsar\pulsar-broker\src\test\java\org\apache\pulsar\broker\service\persistent\CompactionConcurrencyTest.java,
pulsar,C:\Users\ismak\Documents\GitHub\relation_test_code_smell_ML\dataset\projects\pulsar\pulsar-broker\src\test\java\org\apache\pulsar\broker\service\persistent\DelayedDeliveryTest.java,
pulsar,C:\Users\ismak\Documents\GitHub\relation_test_code_smell_ML\dataset\projects\pulsar\pulsar-broker\src\test\java\org\apache\pulsar\broker\service\persistent\KeySharedLookAheadConfigTest.java,
pulsar,C:\Users\ismak\Documents\GitHub\relation_test_code_smell_ML\dataset\projects\pulsar\pulsar-broker\src\test\java\org\apache\pulsar\broker\service\persistent\MessageDuplicationTest.java,
pulsar,C:\Users\ismak\Documents\GitHub\relation_test_code_smell_ML\dataset\projects\pulsar\pulsar-broker\src\test\java\org\apache\pulsar\broker\service\persistent\MessageRedeliveryControllerTest.java,
pulsar,C:\Users\ismak\Documents\GitHub\relation_test_code_smell_ML\dataset\projects\pulsar\pulsar-broker\src\test\java\org\apache\pulsar\broker\service\persistent\PartitionKeywordCompatibilityTest.java,
pulsar,C:\Users\ismak\Documents\GitHub\relation_test_code_smell_ML\dataset\projects\pulsar\pulsar-broker\src\test\java\org\apache\pulsar\broker\service\persistent\PersistentDispatcherMultipleConsumerMaxEntriesInBatchTest.java,
pulsar,C:\Users\ismak\Documents\GitHub\relation_test_code_smell_ML\dataset\projects\pulsar\pulsar-broker\src\test\java\org\apache\pulsar\broker\service\persistent\PersistentDispatcherMultipleConsumersClassicTest.java,
pulsar,C:\Users\ismak\Documents\GitHub\relation_test_code_smell_ML\dataset\projects\pulsar\pulsar-broker\src\test\java\org\apache\pulsar\broker\service\persistent\PersistentDispatcherMultipleConsumersReadLimitsTest.java,
pulsar,C:\Users\ismak\Documents\GitHub\relation_test_code_smell_ML\dataset\projects\pulsar\pulsar-broker\src\test\java\org\apache\pulsar\broker\service\persistent\PersistentDispatcherMultipleConsumersTest.java,
pulsar,C:\Users\ismak\Documents\GitHub\relation_test_code_smell_ML\dataset\projects\pulsar\pulsar-broker\src\test\java\org\apache\pulsar\broker\service\persistent\PersistentDispatcherSingleActiveConsumerTest.java,
pulsar,C:\Users\ismak\Documents\GitHub\relation_test_code_smell_ML\dataset\projects\pulsar\pulsar-broker\src\test\java\org\apache\pulsar\broker\service\persistent\PersistentDispatcherTotalBytesTest.java,
pulsar,C:\Users\ismak\Documents\GitHub\relation_test_code_smell_ML\dataset\projects\pulsar\pulsar-broker\src\test\java\org\apache\pulsar\broker\service\persistent\PersistentReplicatorInflightTaskTest.java,
pulsar,C:\Users\ismak\Documents\GitHub\relation_test_code_smell_ML\dataset\projects\pulsar\pulsar-broker\src\test\java\org\apache\pulsar\broker\service\persistent\PersistentStickyKeyDispatcherMultipleConsumersClassicTest.java,
pulsar,C:\Users\ismak\Documents\GitHub\relation_test_code_smell_ML\dataset\projects\pulsar\pulsar-broker\src\test\java\org\apache\pulsar\broker\service\persistent\PersistentStickyKeyDispatcherMultipleConsumersTest.java,
pulsar,C:\Users\ismak\Documents\GitHub\relation_test_code_smell_ML\dataset\projects\pulsar\pulsar-broker\src\test\java\org\apache\pulsar\broker\service\persistent\PersistentSubscriptionTest.java,
pulsar,C:\Users\ismak\Documents\GitHub\relation_test_code_smell_ML\dataset\projects\pulsar\pulsar-broker\src\test\java\org\apache\pulsar\broker\service\persistent\PersistentTopicProtectedMethodsTest.java,
pulsar,C:\Users\ismak\Documents\GitHub\relation_test_code_smell_ML\dataset\projects\pulsar\pulsar-broker\src\test\java\org\apache\pulsar\broker\service\persistent\PersistentTopicTest.java,
pulsar,C:\Users\ismak\Documents\GitHub\relation_test_code_smell_ML\dataset\projects\pulsar\pulsar-broker\src\test\java\org\apache\pulsar\broker\service\persistent\ReplicatedSubscriptionConfigTest.java,
pulsar,C:\Users\ismak\Documents\GitHub\relation_test_code_smell_ML\dataset\projects\pulsar\pulsar-broker\src\test\java\org\apache\pulsar\broker\service\persistent\ReplicatedSubscriptionsControllerTest.java,
pulsar,C:\Users\ismak\Documents\GitHub\relation_test_code_smell_ML\dataset\projects\pulsar\pulsar-broker\src\test\java\org\apache\pulsar\broker\service\persistent\ReplicatedSubscriptionSnapshotCacheTest.java,
pulsar,C:\Users\ismak\Documents\GitHub\relation_test_code_smell_ML\dataset\projects\pulsar\pulsar-broker\src\test\java\org\apache\pulsar\broker\service\persistent\ReplicatedSubscriptionsSnapshotBuilderTest.java,
pulsar,C:\Users\ismak\Documents\GitHub\relation_test_code_smell_ML\dataset\projects\pulsar\pulsar-broker\src\test\java\org\apache\pulsar\broker\service\persistent\RescheduleReadHandlerTest.java,
pulsar,C:\Users\ismak\Documents\GitHub\relation_test_code_smell_ML\dataset\projects\pulsar\pulsar-broker\src\test\java\org\apache\pulsar\broker\service\persistent\ShadowReplicatorTest.java,
pulsar,C:\Users\ismak\Documents\GitHub\relation_test_code_smell_ML\dataset\projects\pulsar\pulsar-broker\src\test\java\org\apache\pulsar\broker\service\persistent\ShadowTopicRealBkTest.java,
pulsar,C:\Users\ismak\Documents\GitHub\relation_test_code_smell_ML\dataset\projects\pulsar\pulsar-broker\src\test\java\org\apache\pulsar\broker\service\persistent\ShadowTopicTest.java,
pulsar,C:\Users\ismak\Documents\GitHub\relation_test_code_smell_ML\dataset\projects\pulsar\pulsar-broker\src\test\java\org\apache\pulsar\broker\service\persistent\TopicDuplicationTest.java,
pulsar,C:\Users\ismak\Documents\GitHub\relation_test_code_smell_ML\dataset\projects\pulsar\pulsar-broker\src\test\java\org\apache\pulsar\broker\service\PersistentDispatcherFailoverConsumerTest.java,
pulsar,C:\Users\ismak\Documents\GitHub\relation_test_code_smell_ML\dataset\projects\pulsar\pulsar-broker\src\test\java\org\apache\pulsar\broker\service\PersistentFailoverE2ETest.java,
pulsar,C:\Users\ismak\Documents\GitHub\relation_test_code_smell_ML\dataset\projects\pulsar\pulsar-broker\src\test\java\org\apache\pulsar\broker\service\PersistentMessageFinderTest.java,
pulsar,C:\Users\ismak\Documents\GitHub\relation_test_code_smell_ML\dataset\projects\pulsar\pulsar-broker\src\test\java\org\apache\pulsar\broker\service\PersistentQueueE2ETest.java,
pulsar,C:\Users\ismak\Documents\GitHub\relation_test_code_smell_ML\dataset\projects\pulsar\pulsar-broker\src\test\java\org\apache\pulsar\broker\service\PersistentTopicConcurrentTest.java,
pulsar,C:\Users\ismak\Documents\GitHub\relation_test_code_smell_ML\dataset\projects\pulsar\pulsar-broker\src\test\java\org\apache\pulsar\broker\service\PersistentTopicE2ETest.java,
pulsar,C:\Users\ismak\Documents\GitHub\relation_test_code_smell_ML\dataset\projects\pulsar\pulsar-broker\src\test\java\org\apache\pulsar\broker\service\PersistentTopicInitializeDelayTest.java,
pulsar,C:\Users\ismak\Documents\GitHub\relation_test_code_smell_ML\dataset\projects\pulsar\pulsar-broker\src\test\java\org\apache\pulsar\broker\service\PersistentTopicTest.java,
pulsar,C:\Users\ismak\Documents\GitHub\relation_test_code_smell_ML\dataset\projects\pulsar\pulsar-broker\src\test\java\org\apache\pulsar\broker\service\plugin\EntryFilter2Test.java,
pulsar,C:\Users\ismak\Documents\GitHub\relation_test_code_smell_ML\dataset\projects\pulsar\pulsar-broker\src\test\java\org\apache\pulsar\broker\service\plugin\EntryFilterProducerTest.java,
pulsar,C:\Users\ismak\Documents\GitHub\relation_test_code_smell_ML\dataset\projects\pulsar\pulsar-broker\src\test\java\org\apache\pulsar\broker\service\plugin\EntryFilterProviderTest.java,
pulsar,C:\Users\ismak\Documents\GitHub\relation_test_code_smell_ML\dataset\projects\pulsar\pulsar-broker\src\test\java\org\apache\pulsar\broker\service\plugin\EntryFilterTest.java,
pulsar,C:\Users\ismak\Documents\GitHub\relation_test_code_smell_ML\dataset\projects\pulsar\pulsar-broker\src\test\java\org\apache\pulsar\broker\service\plugin\FilterEntryTest.java,
pulsar,C:\Users\ismak\Documents\GitHub\relation_test_code_smell_ML\dataset\projects\pulsar\pulsar-broker\src\test\java\org\apache\pulsar\broker\service\PublishRateLimiterDisableTest.java,
pulsar,C:\Users\ismak\Documents\GitHub\relation_test_code_smell_ML\dataset\projects\pulsar\pulsar-broker\src\test\java\org\apache\pulsar\broker\service\PublishRateLimiterOverconsumingTest.java,
pulsar,C:\Users\ismak\Documents\GitHub\relation_test_code_smell_ML\dataset\projects\pulsar\pulsar-broker\src\test\java\org\apache\pulsar\broker\service\PublishRateLimiterTest.java,
pulsar,C:\Users\ismak\Documents\GitHub\relation_test_code_smell_ML\dataset\projects\pulsar\pulsar-broker\src\test\java\org\apache\pulsar\broker\service\RackAwareTest.java,
pulsar,C:\Users\ismak\Documents\GitHub\relation_test_code_smell_ML\dataset\projects\pulsar\pulsar-broker\src\test\java\org\apache\pulsar\broker\service\ReplicatedSubscriptionTest.java,
pulsar,C:\Users\ismak\Documents\GitHub\relation_test_code_smell_ML\dataset\projects\pulsar\pulsar-broker\src\test\java\org\apache\pulsar\broker\service\ReplicatedSubscriptionWithTransactionTest.java,
pulsar,C:\Users\ismak\Documents\GitHub\relation_test_code_smell_ML\dataset\projects\pulsar\pulsar-broker\src\test\java\org\apache\pulsar\broker\service\ReplicationTopicGcTest.java,
pulsar,C:\Users\ismak\Documents\GitHub\relation_test_code_smell_ML\dataset\projects\pulsar\pulsar-broker\src\test\java\org\apache\pulsar\broker\service\ReplicationTopicGcUsingGlobalZKTest.java,
pulsar,C:\Users\ismak\Documents\GitHub\relation_test_code_smell_ML\dataset\projects\pulsar\pulsar-broker\src\test\java\org\apache\pulsar\broker\service\ReplicationTxnTest.java,
pulsar,C:\Users\ismak\Documents\GitHub\relation_test_code_smell_ML\dataset\projects\pulsar\pulsar-broker\src\test\java\org\apache\pulsar\broker\service\ReplicatorAdminTlsTest.java,
pulsar,C:\Users\ismak\Documents\GitHub\relation_test_code_smell_ML\dataset\projects\pulsar\pulsar-broker\src\test\java\org\apache\pulsar\broker\service\ReplicatorAdminTlsWithKeyStoreTest.java,
pulsar,C:\Users\ismak\Documents\GitHub\relation_test_code_smell_ML\dataset\projects\pulsar\pulsar-broker\src\test\java\org\apache\pulsar\broker\service\ReplicatorGlobalNSTest.java,
pulsar,C:\Users\ismak\Documents\GitHub\relation_test_code_smell_ML\dataset\projects\pulsar\pulsar-broker\src\test\java\org\apache\pulsar\broker\service\ReplicatorRateLimiterTest.java,
pulsar,C:\Users\ismak\Documents\GitHub\relation_test_code_smell_ML\dataset\projects\pulsar\pulsar-broker\src\test\java\org\apache\pulsar\broker\service\ReplicatorRemoveClusterTest.java,
pulsar,C:\Users\ismak\Documents\GitHub\relation_test_code_smell_ML\dataset\projects\pulsar\pulsar-broker\src\test\java\org\apache\pulsar\broker\service\ReplicatorTlsTest.java,
pulsar,C:\Users\ismak\Documents\GitHub\relation_test_code_smell_ML\dataset\projects\pulsar\pulsar-broker\src\test\java\org\apache\pulsar\broker\service\ReplicatorTopicPoliciesTest.java,
pulsar,C:\Users\ismak\Documents\GitHub\relation_test_code_smell_ML\dataset\projects\pulsar\pulsar-broker\src\test\java\org\apache\pulsar\broker\service\ResendRequestTest.java,
pulsar,C:\Users\ismak\Documents\GitHub\relation_test_code_smell_ML\dataset\projects\pulsar\pulsar-broker\src\test\java\org\apache\pulsar\broker\service\scalable\AutoScaleConfigTest.java,
pulsar,C:\Users\ismak\Documents\GitHub\relation_test_code_smell_ML\dataset\projects\pulsar\pulsar-broker\src\test\java\org\apache\pulsar\broker\service\scalable\AutoScalePolicyEvaluatorTest.java,
pulsar,C:\Users\ismak\Documents\GitHub\relation_test_code_smell_ML\dataset\projects\pulsar\pulsar-broker\src\test\java\org\apache\pulsar\broker\service\scalable\ConsumerSessionTest.java,
pulsar,C:\Users\ismak\Documents\GitHub\relation_test_code_smell_ML\dataset\projects\pulsar\pulsar-broker\src\test\java\org\apache\pulsar\broker\service\scalable\DagWatchSessionTest.java,
pulsar,C:\Users\ismak\Documents\GitHub\relation_test_code_smell_ML\dataset\projects\pulsar\pulsar-broker\src\test\java\org\apache\pulsar\broker\service\scalable\ScalableTopicControllerAutoScaleTest.java,
pulsar,C:\Users\ismak\Documents\GitHub\relation_test_code_smell_ML\dataset\projects\pulsar\pulsar-broker\src\test\java\org\apache\pulsar\broker\service\scalable\ScalableTopicControllerTest.java,
pulsar,C:\Users\ismak\Documents\GitHub\relation_test_code_smell_ML\dataset\projects\pulsar\pulsar-broker\src\test\java\org\apache\pulsar\broker\service\scalable\ScalableTopicServiceTest.java,
pulsar,C:\Users\ismak\Documents\GitHub\relation_test_code_smell_ML\dataset\projects\pulsar\pulsar-broker\src\test\java\org\apache\pulsar\broker\service\scalable\ScalableTopicsWatcherSessionHashTest.java,
pulsar,C:\Users\ismak\Documents\GitHub\relation_test_code_smell_ML\dataset\projects\pulsar\pulsar-broker\src\test\java\org\apache\pulsar\broker\service\scalable\SegmentLayoutTest.java,
pulsar,C:\Users\ismak\Documents\GitHub\relation_test_code_smell_ML\dataset\projects\pulsar\pulsar-broker\src\test\java\org\apache\pulsar\broker\service\scalable\SegmentLoadReporterTest.java,
pulsar,C:\Users\ismak\Documents\GitHub\relation_test_code_smell_ML\dataset\projects\pulsar\pulsar-broker\src\test\java\org\apache\pulsar\broker\service\scalable\SubscriptionCoordinatorTest.java,
pulsar,C:\Users\ismak\Documents\GitHub\relation_test_code_smell_ML\dataset\projects\pulsar\pulsar-broker\src\test\java\org\apache\pulsar\broker\service\ScalableTopicBinaryAuthZTest.java,
pulsar,C:\Users\ismak\Documents\GitHub\relation_test_code_smell_ML\dataset\projects\pulsar\pulsar-broker\src\test\java\org\apache\pulsar\broker\service\schema\AvroSchemaCompatibilityCheckTest.java,
pulsar,C:\Users\ismak\Documents\GitHub\relation_test_code_smell_ML\dataset\projects\pulsar\pulsar-broker\src\test\java\org\apache\pulsar\broker\service\schema\BaseAvroSchemaCompatibilityTest.java,
pulsar,C:\Users\ismak\Documents\GitHub\relation_test_code_smell_ML\dataset\projects\pulsar\pulsar-broker\src\test\java\org\apache\pulsar\broker\service\schema\BookkeeperSchemaStorageTest.java,
pulsar,C:\Users\ismak\Documents\GitHub\relation_test_code_smell_ML\dataset\projects\pulsar\pulsar-broker\src\test\java\org\apache\pulsar\broker\service\schema\ClientGetSchemaTest.java,
pulsar,C:\Users\ismak\Documents\GitHub\relation_test_code_smell_ML\dataset\projects\pulsar\pulsar-broker\src\test\java\org\apache\pulsar\broker\service\schema\ExternalSchemaCompatibilityCheckTest.java,
pulsar,C:\Users\ismak\Documents\GitHub\relation_test_code_smell_ML\dataset\projects\pulsar\pulsar-broker\src\test\java\org\apache\pulsar\broker\service\schema\JsonSchemaCompatibilityCheckTest.java,
pulsar,C:\Users\ismak\Documents\GitHub\relation_test_code_smell_ML\dataset\projects\pulsar\pulsar-broker\src\test\java\org\apache\pulsar\broker\service\schema\KeyValueSchemaCompatibilityCheckTest.java,
pulsar,C:\Users\ismak\Documents\GitHub\relation_test_code_smell_ML\dataset\projects\pulsar\pulsar-broker\src\test\java\org\apache\pulsar\broker\service\schema\PartitionedTopicsSchemaTest.java,
pulsar,C:\Users\ismak\Documents\GitHub\relation_test_code_smell_ML\dataset\projects\pulsar\pulsar-broker\src\test\java\org\apache\pulsar\broker\service\schema\ProtobufNativeSchemaCompatibilityCheckTest.java,
pulsar,C:\Users\ismak\Documents\GitHub\relation_test_code_smell_ML\dataset\projects\pulsar\pulsar-broker\src\test\java\org\apache\pulsar\broker\service\schema\ProtobufSchemaCompatibilityCheckTest.java,
pulsar,C:\Users\ismak\Documents\GitHub\relation_test_code_smell_ML\dataset\projects\pulsar\pulsar-broker\src\test\java\org\apache\pulsar\broker\service\schema\SchemaServiceTest.java,
pulsar,C:\Users\ismak\Documents\GitHub\relation_test_code_smell_ML\dataset\projects\pulsar\pulsar-broker\src\test\java\org\apache\pulsar\broker\service\schema\TopicSchemaTest.java,
pulsar,C:\Users\ismak\Documents\GitHub\relation_test_code_smell_ML\dataset\projects\pulsar\pulsar-broker\src\test\java\org\apache\pulsar\broker\service\schema\validator\SchemaDataValidatorTest.java,
pulsar,C:\Users\ismak\Documents\GitHub\relation_test_code_smell_ML\dataset\projects\pulsar\pulsar-broker\src\test\java\org\apache\pulsar\broker\service\schema\validator\SchemaRegistryServiceWithSchemaDataValidatorTest.java,
pulsar,C:\Users\ismak\Documents\GitHub\relation_test_code_smell_ML\dataset\projects\pulsar\pulsar-broker\src\test\java\org\apache\pulsar\broker\service\ServerCnxNonInjectionTest.java,
pulsar,C:\Users\ismak\Documents\GitHub\relation_test_code_smell_ML\dataset\projects\pulsar\pulsar-broker\src\test\java\org\apache\pulsar\broker\service\ServerCnxTest.java,
pulsar,C:\Users\ismak\Documents\GitHub\relation_test_code_smell_ML\dataset\projects\pulsar\pulsar-broker\src\test\java\org\apache\pulsar\broker\service\SetReplicationClustersValidationTest.java,
pulsar,C:\Users\ismak\Documents\GitHub\relation_test_code_smell_ML\dataset\projects\pulsar\pulsar-broker\src\test\java\org\apache\pulsar\broker\service\SharedConsumerAssignorTest.java,
pulsar,C:\Users\ismak\Documents\GitHub\relation_test_code_smell_ML\dataset\projects\pulsar\pulsar-broker\src\test\java\org\apache\pulsar\broker\service\SharedMultiBrokerPulsarBaseTest.java,
pulsar,C:\Users\ismak\Documents\GitHub\relation_test_code_smell_ML\dataset\projects\pulsar\pulsar-broker\src\test\java\org\apache\pulsar\broker\service\SharedPulsarBaseTest.java,
pulsar,C:\Users\ismak\Documents\GitHub\relation_test_code_smell_ML\dataset\projects\pulsar\pulsar-broker\src\test\java\org\apache\pulsar\broker\service\StandaloneTest.java,
pulsar,C:\Users\ismak\Documents\GitHub\relation_test_code_smell_ML\dataset\projects\pulsar\pulsar-broker\src\test\java\org\apache\pulsar\broker\service\SubscribeDispatchLimiterTest.java,
pulsar,C:\Users\ismak\Documents\GitHub\relation_test_code_smell_ML\dataset\projects\pulsar\pulsar-broker\src\test\java\org\apache\pulsar\broker\service\SubscribeRateTest.java,
pulsar,C:\Users\ismak\Documents\GitHub\relation_test_code_smell_ML\dataset\projects\pulsar\pulsar-broker\src\test\java\org\apache\pulsar\broker\service\SubscriptionConsumerCompatibilityTest.java,
pulsar,C:\Users\ismak\Documents\GitHub\relation_test_code_smell_ML\dataset\projects\pulsar\pulsar-broker\src\test\java\org\apache\pulsar\broker\service\SubscriptionSeekTest.java,
pulsar,C:\Users\ismak\Documents\GitHub\relation_test_code_smell_ML\dataset\projects\pulsar\pulsar-broker\src\test\java\org\apache\pulsar\broker\service\SyncConfigStoreTest.java,
pulsar,C:\Users\ismak\Documents\GitHub\relation_test_code_smell_ML\dataset\projects\pulsar\pulsar-broker\src\test\java\org\apache\pulsar\broker\service\SystemTopicBasedTopicPoliciesServiceTest.java,
pulsar,C:\Users\ismak\Documents\GitHub\relation_test_code_smell_ML\dataset\projects\pulsar\pulsar-broker\src\test\java\org\apache\pulsar\broker\service\TopicDispatchRateLimiterTest.java,
pulsar,C:\Users\ismak\Documents\GitHub\relation_test_code_smell_ML\dataset\projects\pulsar\pulsar-broker\src\test\java\org\apache\pulsar\broker\service\TopicGCTest.java,
pulsar,C:\Users\ismak\Documents\GitHub\relation_test_code_smell_ML\dataset\projects\pulsar\pulsar-broker\src\test\java\org\apache\pulsar\broker\service\TopicListServiceTest.java,
pulsar,C:\Users\ismak\Documents\GitHub\relation_test_code_smell_ML\dataset\projects\pulsar\pulsar-broker\src\test\java\org\apache\pulsar\broker\service\TopicListWatcherTest.java,
pulsar,C:\Users\ismak\Documents\GitHub\relation_test_code_smell_ML\dataset\projects\pulsar\pulsar-broker\src\test\java\org\apache\pulsar\broker\service\TopicOwnerTest.java,
pulsar,C:\Users\ismak\Documents\GitHub\relation_test_code_smell_ML\dataset\projects\pulsar\pulsar-broker\src\test\java\org\apache\pulsar\broker\service\TopicPoliciesServiceDisableTest.java,
pulsar,C:\Users\ismak\Documents\GitHub\relation_test_code_smell_ML\dataset\projects\pulsar\pulsar-broker\src\test\java\org\apache\pulsar\broker\service\TopicPolicyListenerWrapperTest.java,
pulsar,C:\Users\ismak\Documents\GitHub\relation_test_code_smell_ML\dataset\projects\pulsar\pulsar-broker\src\test\java\org\apache\pulsar\broker\service\TopicPublishRateThrottleTest.java,
pulsar,C:\Users\ismak\Documents\GitHub\relation_test_code_smell_ML\dataset\projects\pulsar\pulsar-broker\src\test\java\org\apache\pulsar\broker\service\TopicTerminationTest.java,
pulsar,C:\Users\ismak\Documents\GitHub\relation_test_code_smell_ML\dataset\projects\pulsar\pulsar-broker\src\test\java\org\apache\pulsar\broker\service\TransactionalReplicateSubscriptionTest.java,
pulsar,C:\Users\ismak\Documents\GitHub\relation_test_code_smell_ML\dataset\projects\pulsar\pulsar-broker\src\test\java\org\apache\pulsar\broker\service\TransactionMarkerDeleteTest.java,
pulsar,C:\Users\ismak\Documents\GitHub\relation_test_code_smell_ML\dataset\projects\pulsar\pulsar-broker\src\test\java\org\apache\pulsar\broker\service\TransactionMetadataStoreServiceTest.java,
pulsar,C:\Users\ismak\Documents\GitHub\relation_test_code_smell_ML\dataset\projects\pulsar\pulsar-broker\src\test\java\org\apache\pulsar\broker\service\ZKMetadataStoreBatchIOperationTest.java,
pulsar,C:\Users\ismak\Documents\GitHub\relation_test_code_smell_ML\dataset\projects\pulsar\pulsar-broker\src\test\java\org\apache\pulsar\broker\service\ZkSessionExpireTest.java,
pulsar,C:\Users\ismak\Documents\GitHub\relation_test_code_smell_ML\dataset\projects\pulsar\pulsar-broker\src\test\java\org\apache\pulsar\broker\SLAMonitoringTest.java,
pulsar,C:\Users\ismak\Documents\GitHub\relation_test_code_smell_ML\dataset\projects\pulsar\pulsar-broker\src\test\java\org\apache\pulsar\broker\stats\AuthenticatedConsumerStatsTest.java,
pulsar,C:\Users\ismak\Documents\GitHub\relation_test_code_smell_ML\dataset\projects\pulsar\pulsar-broker\src\test\java\org\apache\pulsar\broker\stats\BookieClientsStatsGeneratorTest.java,
pulsar,C:\Users\ismak\Documents\GitHub\relation_test_code_smell_ML\dataset\projects\pulsar\pulsar-broker\src\test\java\org\apache\pulsar\broker\stats\ConsumerStatsTest.java,
pulsar,C:\Users\ismak\Documents\GitHub\relation_test_code_smell_ML\dataset\projects\pulsar\pulsar-broker\src\test\java\org\apache\pulsar\broker\stats\DimensionStatsTest.java,
pulsar,C:\Users\ismak\Documents\GitHub\relation_test_code_smell_ML\dataset\projects\pulsar\pulsar-broker\src\test\java\org\apache\pulsar\broker\stats\LedgerOffloaderMetricsTest.java,
pulsar,C:\Users\ismak\Documents\GitHub\relation_test_code_smell_ML\dataset\projects\pulsar\pulsar-broker\src\test\java\org\apache\pulsar\broker\stats\ManagedCursorMetricsTest.java,
pulsar,C:\Users\ismak\Documents\GitHub\relation_test_code_smell_ML\dataset\projects\pulsar\pulsar-broker\src\test\java\org\apache\pulsar\broker\stats\ManagedLedgerMetricsTest.java,
pulsar,C:\Users\ismak\Documents\GitHub\relation_test_code_smell_ML\dataset\projects\pulsar\pulsar-broker\src\test\java\org\apache\pulsar\broker\stats\MetadataStoreStatsTest.java,
pulsar,C:\Users\ismak\Documents\GitHub\relation_test_code_smell_ML\dataset\projects\pulsar\pulsar-broker\src\test\java\org\apache\pulsar\broker\stats\MetricsAuthenticationTest.java,
pulsar,C:\Users\ismak\Documents\GitHub\relation_test_code_smell_ML\dataset\projects\pulsar\pulsar-broker\src\test\java\org\apache\pulsar\broker\stats\OpenTelemetryAuthenticationStatsTest.java,
pulsar,C:\Users\ismak\Documents\GitHub\relation_test_code_smell_ML\dataset\projects\pulsar\pulsar-broker\src\test\java\org\apache\pulsar\broker\stats\OpenTelemetryBrokerOperabilityStatsTest.java,
pulsar,C:\Users\ismak\Documents\GitHub\relation_test_code_smell_ML\dataset\projects\pulsar\pulsar-broker\src\test\java\org\apache\pulsar\broker\stats\OpenTelemetryConsumerStatsTest.java,
pulsar,C:\Users\ismak\Documents\GitHub\relation_test_code_smell_ML\dataset\projects\pulsar\pulsar-broker\src\test\java\org\apache\pulsar\broker\stats\OpenTelemetryCustomLabelsTest.java,
pulsar,C:\Users\ismak\Documents\GitHub\relation_test_code_smell_ML\dataset\projects\pulsar\pulsar-broker\src\test\java\org\apache\pulsar\broker\stats\OpenTelemetryManagedLedgerCacheStatsTest.java,
pulsar,C:\Users\ismak\Documents\GitHub\relation_test_code_smell_ML\dataset\projects\pulsar\pulsar-broker\src\test\java\org\apache\pulsar\broker\stats\OpenTelemetryMetadataStoreStatsTest.java,
pulsar,C:\Users\ismak\Documents\GitHub\relation_test_code_smell_ML\dataset\projects\pulsar\pulsar-broker\src\test\java\org\apache\pulsar\broker\stats\OpenTelemetryProducerStatsTest.java,
pulsar,C:\Users\ismak\Documents\GitHub\relation_test_code_smell_ML\dataset\projects\pulsar\pulsar-broker\src\test\java\org\apache\pulsar\broker\stats\OpenTelemetryTopicStatsTest.java,
pulsar,C:\Users\ismak\Documents\GitHub\relation_test_code_smell_ML\dataset\projects\pulsar\pulsar-broker\src\test\java\org\apache\pulsar\broker\stats\prometheus\AggregatedNamespaceStatsTest.java,
pulsar,C:\Users\ismak\Documents\GitHub\relation_test_code_smell_ML\dataset\projects\pulsar\pulsar-broker\src\test\java\org\apache\pulsar\broker\stats\prometheus\metrics\ThreadLocalAccessorTest.java,
pulsar,C:\Users\ismak\Documents\GitHub\relation_test_code_smell_ML\dataset\projects\pulsar\pulsar-broker\src\test\java\org\apache\pulsar\broker\stats\prometheus\NamespaceStatsAggregatorTest.java,
pulsar,C:\Users\ismak\Documents\GitHub\relation_test_code_smell_ML\dataset\projects\pulsar\pulsar-broker\src\test\java\org\apache\pulsar\broker\stats\prometheus\PrometheusMetricsGeneratorTest.java,
pulsar,C:\Users\ismak\Documents\GitHub\relation_test_code_smell_ML\dataset\projects\pulsar\pulsar-broker\src\test\java\org\apache\pulsar\broker\stats\prometheus\PrometheusMetricsGeneratorWithNoUnsafeTest.java,
pulsar,C:\Users\ismak\Documents\GitHub\relation_test_code_smell_ML\dataset\projects\pulsar\pulsar-broker\src\test\java\org\apache\pulsar\broker\stats\prometheus\PrometheusMetricStreamsTest.java,
pulsar,C:\Users\ismak\Documents\GitHub\relation_test_code_smell_ML\dataset\projects\pulsar\pulsar-broker\src\test\java\org\apache\pulsar\broker\stats\PrometheusMetricsLabelsTest.java,
pulsar,C:\Users\ismak\Documents\GitHub\relation_test_code_smell_ML\dataset\projects\pulsar\pulsar-broker\src\test\java\org\apache\pulsar\broker\stats\SubscriptionStatsTest.java,
pulsar,C:\Users\ismak\Documents\GitHub\relation_test_code_smell_ML\dataset\projects\pulsar\pulsar-broker\src\test\java\org\apache\pulsar\broker\stats\TransactionBatchWriterMetricsTest.java,
pulsar,C:\Users\ismak\Documents\GitHub\relation_test_code_smell_ML\dataset\projects\pulsar\pulsar-broker\src\test\java\org\apache\pulsar\broker\stats\TransactionMetricsTest.java,
pulsar,C:\Users\ismak\Documents\GitHub\relation_test_code_smell_ML\dataset\projects\pulsar\pulsar-broker\src\test\java\org\apache\pulsar\broker\systopic\NamespaceEventsSystemTopicServiceTest.java,
pulsar,C:\Users\ismak\Documents\GitHub\relation_test_code_smell_ML\dataset\projects\pulsar\pulsar-broker\src\test\java\org\apache\pulsar\broker\systopic\PartitionedSystemTopicTest.java,
pulsar,C:\Users\ismak\Documents\GitHub\relation_test_code_smell_ML\dataset\projects\pulsar\pulsar-broker\src\test\java\org\apache\pulsar\broker\TimeAverageBrokerDataTest.java,
pulsar,C:\Users\ismak\Documents\GitHub\relation_test_code_smell_ML\dataset\projects\pulsar\pulsar-broker\src\test\java\org\apache\pulsar\broker\tools\BrokerToolTest.java,
pulsar,C:\Users\ismak\Documents\GitHub\relation_test_code_smell_ML\dataset\projects\pulsar\pulsar-broker\src\test\java\org\apache\pulsar\broker\TopicEventsListenerTest.java,
pulsar,C:\Users\ismak\Documents\GitHub\relation_test_code_smell_ML\dataset\projects\pulsar\pulsar-broker\src\test\java\org\apache\pulsar\broker\transaction\AuthenticatedTransactionProducerConsumerTest.java,
pulsar,C:\Users\ismak\Documents\GitHub\relation_test_code_smell_ML\dataset\projects\pulsar\pulsar-broker\src\test\java\org\apache\pulsar\broker\transaction\buffer\impl\DispatchingTransactionBufferProviderTest.java,
pulsar,C:\Users\ismak\Documents\GitHub\relation_test_code_smell_ML\dataset\projects\pulsar\pulsar-broker\src\test\java\org\apache\pulsar\broker\transaction\buffer\impl\MetadataTransactionBufferTest.java,
pulsar,C:\Users\ismak\Documents\GitHub\relation_test_code_smell_ML\dataset\projects\pulsar\pulsar-broker\src\test\java\org\apache\pulsar\broker\transaction\buffer\impl\TransactionPersistentTopicTest.java,
pulsar,C:\Users\ismak\Documents\GitHub\relation_test_code_smell_ML\dataset\projects\pulsar\pulsar-broker\src\test\java\org\apache\pulsar\broker\transaction\buffer\InMemTransactionBufferReaderTest.java,
pulsar,C:\Users\ismak\Documents\GitHub\relation_test_code_smell_ML\dataset\projects\pulsar\pulsar-broker\src\test\java\org\apache\pulsar\broker\transaction\buffer\TopicTransactionBufferTest.java,
pulsar,C:\Users\ismak\Documents\GitHub\relation_test_code_smell_ML\dataset\projects\pulsar\pulsar-broker\src\test\java\org\apache\pulsar\broker\transaction\buffer\TransactionBufferClientTest.java,
pulsar,C:\Users\ismak\Documents\GitHub\relation_test_code_smell_ML\dataset\projects\pulsar\pulsar-broker\src\test\java\org\apache\pulsar\broker\transaction\buffer\TransactionBufferCloseTest.java,
pulsar,C:\Users\ismak\Documents\GitHub\relation_test_code_smell_ML\dataset\projects\pulsar\pulsar-broker\src\test\java\org\apache\pulsar\broker\transaction\buffer\TransactionBufferHandlerImplTest.java,
pulsar,C:\Users\ismak\Documents\GitHub\relation_test_code_smell_ML\dataset\projects\pulsar\pulsar-broker\src\test\java\org\apache\pulsar\broker\transaction\buffer\TransactionBufferTest.java,
pulsar,C:\Users\ismak\Documents\GitHub\relation_test_code_smell_ML\dataset\projects\pulsar\pulsar-broker\src\test\java\org\apache\pulsar\broker\transaction\buffer\TransactionEntryImplTest.java,
pulsar,C:\Users\ismak\Documents\GitHub\relation_test_code_smell_ML\dataset\projects\pulsar\pulsar-broker\src\test\java\org\apache\pulsar\broker\transaction\buffer\TransactionLowWaterMarkTest.java,
pulsar,C:\Users\ismak\Documents\GitHub\relation_test_code_smell_ML\dataset\projects\pulsar\pulsar-broker\src\test\java\org\apache\pulsar\broker\transaction\buffer\TransactionStablePositionTest.java,
pulsar,C:\Users\ismak\Documents\GitHub\relation_test_code_smell_ML\dataset\projects\pulsar\pulsar-broker\src\test\java\org\apache\pulsar\broker\transaction\coordinator\TransactionCoordinatorClientTest.java,
pulsar,C:\Users\ismak\Documents\GitHub\relation_test_code_smell_ML\dataset\projects\pulsar\pulsar-broker\src\test\java\org\apache\pulsar\broker\transaction\coordinator\TransactionCoordinatorConfigTest.java,
pulsar,C:\Users\ismak\Documents\GitHub\relation_test_code_smell_ML\dataset\projects\pulsar\pulsar-broker\src\test\java\org\apache\pulsar\broker\transaction\coordinator\TransactionMetaStoreAssignmentTest.java,
pulsar,C:\Users\ismak\Documents\GitHub\relation_test_code_smell_ML\dataset\projects\pulsar\pulsar-broker\src\test\java\org\apache\pulsar\broker\transaction\coordinator\v5\TransactionCoordinatorV5Test.java,
pulsar,C:\Users\ismak\Documents\GitHub\relation_test_code_smell_ML\dataset\projects\pulsar\pulsar-broker\src\test\java\org\apache\pulsar\broker\transaction\metadata\TxnIdsTest.java,
pulsar,C:\Users\ismak\Documents\GitHub\relation_test_code_smell_ML\dataset\projects\pulsar\pulsar-broker\src\test\java\org\apache\pulsar\broker\transaction\metadata\TxnMetadataStoreTest.java,
pulsar,C:\Users\ismak\Documents\GitHub\relation_test_code_smell_ML\dataset\projects\pulsar\pulsar-broker\src\test\java\org\apache\pulsar\broker\transaction\pendingack\impl\DispatchingTransactionPendingAckStoreProviderTest.java,
pulsar,C:\Users\ismak\Documents\GitHub\relation_test_code_smell_ML\dataset\projects\pulsar\pulsar-broker\src\test\java\org\apache\pulsar\broker\transaction\pendingack\impl\MetadataPendingAckStoreTest.java,
pulsar,C:\Users\ismak\Documents\GitHub\relation_test_code_smell_ML\dataset\projects\pulsar\pulsar-broker\src\test\java\org\apache\pulsar\broker\transaction\pendingack\impl\MLPendingAckStoreTest.java,
pulsar,C:\Users\ismak\Documents\GitHub\relation_test_code_smell_ML\dataset\projects\pulsar\pulsar-broker\src\test\java\org\apache\pulsar\broker\transaction\pendingack\PendingAckInMemoryDeleteTest.java,
pulsar,C:\Users\ismak\Documents\GitHub\relation_test_code_smell_ML\dataset\projects\pulsar\pulsar-broker\src\test\java\org\apache\pulsar\broker\transaction\pendingack\PendingAckMetadataTest.java,
pulsar,C:\Users\ismak\Documents\GitHub\relation_test_code_smell_ML\dataset\projects\pulsar\pulsar-broker\src\test\java\org\apache\pulsar\broker\transaction\pendingack\PendingAckPersistentTest.java,
pulsar,C:\Users\ismak\Documents\GitHub\relation_test_code_smell_ML\dataset\projects\pulsar\pulsar-broker\src\test\java\org\apache\pulsar\broker\transaction\recover\TransactionRecoverTrackerTest.java,
pulsar,C:\Users\ismak\Documents\GitHub\relation_test_code_smell_ML\dataset\projects\pulsar\pulsar-broker\src\test\java\org\apache\pulsar\broker\transaction\SegmentAbortedTxnProcessorTest.java,
pulsar,C:\Users\ismak\Documents\GitHub\relation_test_code_smell_ML\dataset\projects\pulsar\pulsar-broker\src\test\java\org\apache\pulsar\broker\transaction\TopicTransactionBufferRecoverTest.java,
pulsar,C:\Users\ismak\Documents\GitHub\relation_test_code_smell_ML\dataset\projects\pulsar\pulsar-broker\src\test\java\org\apache\pulsar\broker\transaction\TransactionConsumeTest.java,
pulsar,C:\Users\ismak\Documents\GitHub\relation_test_code_smell_ML\dataset\projects\pulsar\pulsar-broker\src\test\java\org\apache\pulsar\broker\transaction\TransactionProduceTest.java,
pulsar,C:\Users\ismak\Documents\GitHub\relation_test_code_smell_ML\dataset\projects\pulsar\pulsar-broker\src\test\java\org\apache\pulsar\broker\transaction\TransactionTest.java,
pulsar,C:\Users\ismak\Documents\GitHub\relation_test_code_smell_ML\dataset\projects\pulsar\pulsar-broker\src\test\java\org\apache\pulsar\broker\web\DynamicBindAddressesIntegrationTest.java,
pulsar,C:\Users\ismak\Documents\GitHub\relation_test_code_smell_ML\dataset\projects\pulsar\pulsar-broker\src\test\java\org\apache\pulsar\broker\web\ExceptionHandlerTest.java,
pulsar,C:\Users\ismak\Documents\GitHub\relation_test_code_smell_ML\dataset\projects\pulsar\pulsar-broker\src\test\java\org\apache\pulsar\broker\web\MaxRequestSizeFilterTest.java,
pulsar,C:\Users\ismak\Documents\GitHub\relation_test_code_smell_ML\dataset\projects\pulsar\pulsar-broker\src\test\java\org\apache\pulsar\broker\web\MultipleInternalBindAddressesTest.java,
pulsar,C:\Users\ismak\Documents\GitHub\relation_test_code_smell_ML\dataset\projects\pulsar\pulsar-broker\src\test\java\org\apache\pulsar\broker\web\plugin\servlet\AdditionalServletWithClassLoaderTest.java,
pulsar,C:\Users\ismak\Documents\GitHub\relation_test_code_smell_ML\dataset\projects\pulsar\pulsar-broker\src\test\java\org\apache\pulsar\broker\web\plugin\servlet\AdditionalServletWithPulsarServiceTest.java,
pulsar,C:\Users\ismak\Documents\GitHub\relation_test_code_smell_ML\dataset\projects\pulsar\pulsar-broker\src\test\java\org\apache\pulsar\broker\web\ProcessHandlerFilterTest.java,
pulsar,C:\Users\ismak\Documents\GitHub\relation_test_code_smell_ML\dataset\projects\pulsar\pulsar-broker\src\test\java\org\apache\pulsar\broker\web\PulsarWebResourceTest.java,
pulsar,C:\Users\ismak\Documents\GitHub\relation_test_code_smell_ML\dataset\projects\pulsar\pulsar-broker\src\test\java\org\apache\pulsar\broker\web\RestExceptionTest.java,
pulsar,C:\Users\ismak\Documents\GitHub\relation_test_code_smell_ML\dataset\projects\pulsar\pulsar-broker\src\test\java\org\apache\pulsar\broker\web\WebServiceOriginalClientIPTest.java,
pulsar,C:\Users\ismak\Documents\GitHub\relation_test_code_smell_ML\dataset\projects\pulsar\pulsar-broker\src\test\java\org\apache\pulsar\broker\web\WebServiceTest.java,
pulsar,C:\Users\ismak\Documents\GitHub\relation_test_code_smell_ML\dataset\projects\pulsar\pulsar-broker\src\test\java\org\apache\pulsar\broker\zookeeper\ClusterMetadataSetupTest.java,
pulsar,C:\Users\ismak\Documents\GitHub\relation_test_code_smell_ML\dataset\projects\pulsar\pulsar-broker\src\test\java\org\apache\pulsar\broker\zookeeper\ClusterMetadataTeardownTest.java,
pulsar,C:\Users\ismak\Documents\GitHub\relation_test_code_smell_ML\dataset\projects\pulsar\pulsar-broker\src\test\java\org\apache\pulsar\broker\zookeeper\MultiBrokerMetadataConsistencyTest.java,
pulsar,C:\Users\ismak\Documents\GitHub\relation_test_code_smell_ML\dataset\projects\pulsar\pulsar-broker\src\test\java\org\apache\pulsar\broker\zookeeper\ZKReconnectTest.java,
pulsar,C:\Users\ismak\Documents\GitHub\relation_test_code_smell_ML\dataset\projects\pulsar\pulsar-broker\src\test\java\org\apache\pulsar\broker\zookeeper\ZooKeeperSessionExpireRecoveryTest.java,
pulsar,C:\Users\ismak\Documents\GitHub\relation_test_code_smell_ML\dataset\projects\pulsar\pulsar-broker\src\test\java\org\apache\pulsar\client\api\AbstractMessageDispatchThrottlingTest.java,
pulsar,C:\Users\ismak\Documents\GitHub\relation_test_code_smell_ML\dataset\projects\pulsar\pulsar-broker\src\test\java\org\apache\pulsar\client\api\AuthenticatedProducerConsumerTest.java,
pulsar,C:\Users\ismak\Documents\GitHub\relation_test_code_smell_ML\dataset\projects\pulsar\pulsar-broker\src\test\java\org\apache\pulsar\client\api\AuthenticationTlsHostnameVerificationTest.java,
pulsar,C:\Users\ismak\Documents\GitHub\relation_test_code_smell_ML\dataset\projects\pulsar\pulsar-broker\src\test\java\org\apache\pulsar\client\api\AuthorizationProducerConsumerTest.java,
pulsar,C:\Users\ismak\Documents\GitHub\relation_test_code_smell_ML\dataset\projects\pulsar\pulsar-broker\src\test\java\org\apache\pulsar\client\api\BytesKeyTest.java,
pulsar,C:\Users\ismak\Documents\GitHub\relation_test_code_smell_ML\dataset\projects\pulsar\pulsar-broker\src\test\java\org\apache\pulsar\client\api\ClientAuthenticationTlsTest.java,
pulsar,C:\Users\ismak\Documents\GitHub\relation_test_code_smell_ML\dataset\projects\pulsar\pulsar-broker\src\test\java\org\apache\pulsar\client\api\ClientDeduplicationFailureTest.java,
pulsar,C:\Users\ismak\Documents\GitHub\relation_test_code_smell_ML\dataset\projects\pulsar\pulsar-broker\src\test\java\org\apache\pulsar\client\api\ClientDeduplicationTest.java,
pulsar,C:\Users\ismak\Documents\GitHub\relation_test_code_smell_ML\dataset\projects\pulsar\pulsar-broker\src\test\java\org\apache\pulsar\client\api\ClientErrorsTest.java,
pulsar,C:\Users\ismak\Documents\GitHub\relation_test_code_smell_ML\dataset\projects\pulsar\pulsar-broker\src\test\java\org\apache\pulsar\client\api\ConsumerAckListTest.java,
pulsar,C:\Users\ismak\Documents\GitHub\relation_test_code_smell_ML\dataset\projects\pulsar\pulsar-broker\src\test\java\org\apache\pulsar\client\api\ConsumerBatchReceiveTest.java,
pulsar,C:\Users\ismak\Documents\GitHub\relation_test_code_smell_ML\dataset\projects\pulsar\pulsar-broker\src\test\java\org\apache\pulsar\client\api\ConsumerCleanupTest.java,
pulsar,C:\Users\ismak\Documents\GitHub\relation_test_code_smell_ML\dataset\projects\pulsar\pulsar-broker\src\test\java\org\apache\pulsar\client\api\ConsumerCreationTest.java,
pulsar,C:\Users\ismak\Documents\GitHub\relation_test_code_smell_ML\dataset\projects\pulsar\pulsar-broker\src\test\java\org\apache\pulsar\client\api\ConsumerRedeliveryTest.java,
pulsar,C:\Users\ismak\Documents\GitHub\relation_test_code_smell_ML\dataset\projects\pulsar\pulsar-broker\src\test\java\org\apache\pulsar\client\api\DeadLetterTopicDefaultMultiPartitionsTest.java,
pulsar,C:\Users\ismak\Documents\GitHub\relation_test_code_smell_ML\dataset\projects\pulsar\pulsar-broker\src\test\java\org\apache\pulsar\client\api\DeadLetterTopicTest.java,
pulsar,C:\Users\ismak\Documents\GitHub\relation_test_code_smell_ML\dataset\projects\pulsar\pulsar-broker\src\test\java\org\apache\pulsar\client\api\DispatcherBlockConsumerTest.java,
pulsar,C:\Users\ismak\Documents\GitHub\relation_test_code_smell_ML\dataset\projects\pulsar\pulsar-broker\src\test\java\org\apache\pulsar\client\api\EnableReplicatedSubscriptionsIsDisabledTest.java,
pulsar,C:\Users\ismak\Documents\GitHub\relation_test_code_smell_ML\dataset\projects\pulsar\pulsar-broker\src\test\java\org\apache\pulsar\client\api\ExposeMessageRedeliveryCountTest.java,
pulsar,C:\Users\ismak\Documents\GitHub\relation_test_code_smell_ML\dataset\projects\pulsar\pulsar-broker\src\test\java\org\apache\pulsar\client\api\FailoverSubscriptionTest.java,
pulsar,C:\Users\ismak\Documents\GitHub\relation_test_code_smell_ML\dataset\projects\pulsar\pulsar-broker\src\test\java\org\apache\pulsar\client\api\HybridTypesAcknowledgeTest.java,
pulsar,C:\Users\ismak\Documents\GitHub\relation_test_code_smell_ML\dataset\projects\pulsar\pulsar-broker\src\test\java\org\apache\pulsar\client\api\InterceptorsTest.java,
pulsar,C:\Users\ismak\Documents\GitHub\relation_test_code_smell_ML\dataset\projects\pulsar\pulsar-broker\src\test\java\org\apache\pulsar\client\api\KeySharedSubscriptionBrokerCacheTest.java,
pulsar,C:\Users\ismak\Documents\GitHub\relation_test_code_smell_ML\dataset\projects\pulsar\pulsar-broker\src\test\java\org\apache\pulsar\client\api\KeySharedSubscriptionDisabledBrokerCacheTest.java,
pulsar,C:\Users\ismak\Documents\GitHub\relation_test_code_smell_ML\dataset\projects\pulsar\pulsar-broker\src\test\java\org\apache\pulsar\client\api\KeySharedSubscriptionTest.java,
pulsar,C:\Users\ismak\Documents\GitHub\relation_test_code_smell_ML\dataset\projects\pulsar\pulsar-broker\src\test\java\org\apache\pulsar\client\api\LookupPropertiesTest.java,
pulsar,C:\Users\ismak\Documents\GitHub\relation_test_code_smell_ML\dataset\projects\pulsar\pulsar-broker\src\test\java\org\apache\pulsar\client\api\MaxProducerTest.java,
pulsar,C:\Users\ismak\Documents\GitHub\relation_test_code_smell_ML\dataset\projects\pulsar\pulsar-broker\src\test\java\org\apache\pulsar\client\api\MemoryLimitTest.java,
pulsar,C:\Users\ismak\Documents\GitHub\relation_test_code_smell_ML\dataset\projects\pulsar\pulsar-broker\src\test\java\org\apache\pulsar\client\api\MessageDispatchThrottlingTest.java,
pulsar,C:\Users\ismak\Documents\GitHub\relation_test_code_smell_ML\dataset\projects\pulsar\pulsar-broker\src\test\java\org\apache\pulsar\client\api\MessageListenerExecutorTest.java,
pulsar,C:\Users\ismak\Documents\GitHub\relation_test_code_smell_ML\dataset\projects\pulsar\pulsar-broker\src\test\java\org\apache\pulsar\client\api\MultiRolesTokenAuthorizationProviderTest.java,
pulsar,C:\Users\ismak\Documents\GitHub\relation_test_code_smell_ML\dataset\projects\pulsar\pulsar-broker\src\test\java\org\apache\pulsar\client\api\MultiTopicsConsumerTest.java,
pulsar,C:\Users\ismak\Documents\GitHub\relation_test_code_smell_ML\dataset\projects\pulsar\pulsar-broker\src\test\java\org\apache\pulsar\client\api\MutualAuthenticationTest.java,
pulsar,C:\Users\ismak\Documents\GitHub\relation_test_code_smell_ML\dataset\projects\pulsar\pulsar-broker\src\test\java\org\apache\pulsar\client\api\NonDurableSubscriptionTest.java,
pulsar,C:\Users\ismak\Documents\GitHub\relation_test_code_smell_ML\dataset\projects\pulsar\pulsar-broker\src\test\java\org\apache\pulsar\client\api\NonPartitionedTopicExpectedTest.java,
pulsar,C:\Users\ismak\Documents\GitHub\relation_test_code_smell_ML\dataset\projects\pulsar\pulsar-broker\src\test\java\org\apache\pulsar\client\api\NonPersistentTopicTest.java,
pulsar,C:\Users\ismak\Documents\GitHub\relation_test_code_smell_ML\dataset\projects\pulsar\pulsar-broker\src\test\java\org\apache\pulsar\client\api\OrphanPersistentTopicTest.java,
pulsar,C:\Users\ismak\Documents\GitHub\relation_test_code_smell_ML\dataset\projects\pulsar\pulsar-broker\src\test\java\org\apache\pulsar\client\api\PartitionCreationTest.java,
pulsar,C:\Users\ismak\Documents\GitHub\relation_test_code_smell_ML\dataset\projects\pulsar\pulsar-broker\src\test\java\org\apache\pulsar\client\api\PartitionedProducerConsumerTest.java,
pulsar,C:\Users\ismak\Documents\GitHub\relation_test_code_smell_ML\dataset\projects\pulsar\pulsar-broker\src\test\java\org\apache\pulsar\client\api\PatternConsumerBackPressureMultipleConsumersHttpLookupTest.java,
pulsar,C:\Users\ismak\Documents\GitHub\relation_test_code_smell_ML\dataset\projects\pulsar\pulsar-broker\src\test\java\org\apache\pulsar\client\api\PatternConsumerBackPressureMultipleConsumersTest.java,
pulsar,C:\Users\ismak\Documents\GitHub\relation_test_code_smell_ML\dataset\projects\pulsar\pulsar-broker\src\test\java\org\apache\pulsar\client\api\PatternConsumerBackPressureTest.java,
pulsar,C:\Users\ismak\Documents\GitHub\relation_test_code_smell_ML\dataset\projects\pulsar\pulsar-broker\src\test\java\org\apache\pulsar\client\api\PatternConsumerTopicWatcherBackPressureMultipleConsumersTest.java,
pulsar,C:\Users\ismak\Documents\GitHub\relation_test_code_smell_ML\dataset\projects\pulsar\pulsar-broker\src\test\java\org\apache\pulsar\client\api\PatternMultiTopicsConsumerTest.java,
pulsar,C:\Users\ismak\Documents\GitHub\relation_test_code_smell_ML\dataset\projects\pulsar\pulsar-broker\src\test\java\org\apache\pulsar\client\api\PersistentTopicTerminateTest.java,
pulsar,C:\Users\ismak\Documents\GitHub\relation_test_code_smell_ML\dataset\projects\pulsar\pulsar-broker\src\test\java\org\apache\pulsar\client\api\ProducerCleanupTest.java,
pulsar,C:\Users\ismak\Documents\GitHub\relation_test_code_smell_ML\dataset\projects\pulsar\pulsar-broker\src\test\java\org\apache\pulsar\client\api\ProducerCreationTest.java,
pulsar,C:\Users\ismak\Documents\GitHub\relation_test_code_smell_ML\dataset\projects\pulsar\pulsar-broker\src\test\java\org\apache\pulsar\client\api\ProducerQueueSizeTest.java,
pulsar,C:\Users\ismak\Documents\GitHub\relation_test_code_smell_ML\dataset\projects\pulsar\pulsar-broker\src\test\java\org\apache\pulsar\client\api\ProxyProtocolTest.java,
pulsar,C:\Users\ismak\Documents\GitHub\relation_test_code_smell_ML\dataset\projects\pulsar\pulsar-broker\src\test\java\org\apache\pulsar\client\api\PulsarMultiListenersWithInternalListenerNameTest.java,
pulsar,C:\Users\ismak\Documents\GitHub\relation_test_code_smell_ML\dataset\projects\pulsar\pulsar-broker\src\test\java\org\apache\pulsar\client\api\PulsarMultiListenersWithoutInternalListenerNameTest.java,
pulsar,C:\Users\ismak\Documents\GitHub\relation_test_code_smell_ML\dataset\projects\pulsar\pulsar-broker\src\test\java\org\apache\pulsar\client\api\ReplicateSubscriptionTest.java,
pulsar,C:\Users\ismak\Documents\GitHub\relation_test_code_smell_ML\dataset\projects\pulsar\pulsar-broker\src\test\java\org\apache\pulsar\client\api\RetryTopicTest.java,
pulsar,C:\Users\ismak\Documents\GitHub\relation_test_code_smell_ML\dataset\projects\pulsar\pulsar-broker\src\test\java\org\apache\pulsar\client\api\ServiceUrlProviderTest.java,
pulsar,C:\Users\ismak\Documents\GitHub\relation_test_code_smell_ML\dataset\projects\pulsar\pulsar-broker\src\test\java\org\apache\pulsar\client\api\SimpleProducerConsumerDisallowAutoCreateTopicTest.java,
pulsar,C:\Users\ismak\Documents\GitHub\relation_test_code_smell_ML\dataset\projects\pulsar\pulsar-broker\src\test\java\org\apache\pulsar\client\api\SimpleProducerConsumerMLInitializeDelayTest.java,
pulsar,C:\Users\ismak\Documents\GitHub\relation_test_code_smell_ML\dataset\projects\pulsar\pulsar-broker\src\test\java\org\apache\pulsar\client\api\SimpleProducerConsumerStatTest.java,
pulsar,C:\Users\ismak\Documents\GitHub\relation_test_code_smell_ML\dataset\projects\pulsar\pulsar-broker\src\test\java\org\apache\pulsar\client\api\SimpleProducerConsumerTest.java,
pulsar,C:\Users\ismak\Documents\GitHub\relation_test_code_smell_ML\dataset\projects\pulsar\pulsar-broker\src\test\java\org\apache\pulsar\client\api\SimpleSchemaTest.java,
pulsar,C:\Users\ismak\Documents\GitHub\relation_test_code_smell_ML\dataset\projects\pulsar\pulsar-broker\src\test\java\org\apache\pulsar\client\api\SimpleTypedProducerConsumerTest.java,
pulsar,C:\Users\ismak\Documents\GitHub\relation_test_code_smell_ML\dataset\projects\pulsar\pulsar-broker\src\test\java\org\apache\pulsar\client\api\SubscriptionMessageDispatchThrottlingTest.java,
pulsar,C:\Users\ismak\Documents\GitHub\relation_test_code_smell_ML\dataset\projects\pulsar\pulsar-broker\src\test\java\org\apache\pulsar\client\api\SubscriptionPauseOnAckStatPersistTest.java,
pulsar,C:\Users\ismak\Documents\GitHub\relation_test_code_smell_ML\dataset\projects\pulsar\pulsar-broker\src\test\java\org\apache\pulsar\client\api\TenantTest.java,
pulsar,C:\Users\ismak\Documents\GitHub\relation_test_code_smell_ML\dataset\projects\pulsar\pulsar-broker\src\test\java\org\apache\pulsar\client\api\TlsHostVerificationTest.java,
pulsar,C:\Users\ismak\Documents\GitHub\relation_test_code_smell_ML\dataset\projects\pulsar\pulsar-broker\src\test\java\org\apache\pulsar\client\api\TlsProducerConsumerTest.java,
pulsar,C:\Users\ismak\Documents\GitHub\relation_test_code_smell_ML\dataset\projects\pulsar\pulsar-broker\src\test\java\org\apache\pulsar\client\api\TlsSniTest.java,
pulsar,C:\Users\ismak\Documents\GitHub\relation_test_code_smell_ML\dataset\projects\pulsar\pulsar-broker\src\test\java\org\apache\pulsar\client\api\TokenAuthenticatedProducerConsumerTest.java,
pulsar,C:\Users\ismak\Documents\GitHub\relation_test_code_smell_ML\dataset\projects\pulsar\pulsar-broker\src\test\java\org\apache\pulsar\client\api\TokenExpirationProduceConsumerTest.java,
pulsar,C:\Users\ismak\Documents\GitHub\relation_test_code_smell_ML\dataset\projects\pulsar\pulsar-broker\src\test\java\org\apache\pulsar\client\api\TokenOauth2AuthenticatedProducerConsumerTest.java,
pulsar,C:\Users\ismak\Documents\GitHub\relation_test_code_smell_ML\dataset\projects\pulsar\pulsar-broker\src\test\java\org\apache\pulsar\client\api\TopicReaderTest.java,
pulsar,C:\Users\ismak\Documents\GitHub\relation_test_code_smell_ML\dataset\projects\pulsar\pulsar-broker\src\test\java\org\apache\pulsar\client\api\UnloadSubscriptionTest.java,
pulsar,C:\Users\ismak\Documents\GitHub\relation_test_code_smell_ML\dataset\projects\pulsar\pulsar-broker\src\test\java\org\apache\pulsar\client\api\v5\V5AsyncApisTest.java,
pulsar,C:\Users\ismak\Documents\GitHub\relation_test_code_smell_ML\dataset\projects\pulsar\pulsar-broker\src\test\java\org\apache\pulsar\client\api\v5\V5CheckpointConsumerBasicTest.java,
pulsar,C:\Users\ismak\Documents\GitHub\relation_test_code_smell_ML\dataset\projects\pulsar\pulsar-broker\src\test\java\org\apache\pulsar\client\api\v5\V5CheckpointConsumerDagReplayTest.java,
pulsar,C:\Users\ismak\Documents\GitHub\relation_test_code_smell_ML\dataset\projects\pulsar\pulsar-broker\src\test\java\org\apache\pulsar\client\api\v5\V5CheckpointConsumerGroupTest.java,
pulsar,C:\Users\ismak\Documents\GitHub\relation_test_code_smell_ML\dataset\projects\pulsar\pulsar-broker\src\test\java\org\apache\pulsar\client\api\v5\V5CheckpointConsumerSkipDeletedSegmentTest.java,
pulsar,C:\Users\ismak\Documents\GitHub\relation_test_code_smell_ML\dataset\projects\pulsar\pulsar-broker\src\test\java\org\apache\pulsar\client\api\v5\V5ClientBaseTest.java,
pulsar,C:\Users\ismak\Documents\GitHub\relation_test_code_smell_ML\dataset\projects\pulsar\pulsar-broker\src\test\java\org\apache\pulsar\client\api\v5\V5ClientBuilderConfigTest.java,
pulsar,C:\Users\ismak\Documents\GitHub\relation_test_code_smell_ML\dataset\projects\pulsar\pulsar-broker\src\test\java\org\apache\pulsar\client\api\v5\V5ClientLifecycleTest.java,
pulsar,C:\Users\ismak\Documents\GitHub\relation_test_code_smell_ML\dataset\projects\pulsar\pulsar-broker\src\test\java\org\apache\pulsar\client\api\v5\V5ConcurrentProducersConsumersTest.java,
pulsar,C:\Users\ismak\Documents\GitHub\relation_test_code_smell_ML\dataset\projects\pulsar\pulsar-broker\src\test\java\org\apache\pulsar\client\api\v5\V5ConsumerPriorityLevelTest.java,
pulsar,C:\Users\ismak\Documents\GitHub\relation_test_code_smell_ML\dataset\projects\pulsar\pulsar-broker\src\test\java\org\apache\pulsar\client\api\v5\V5ConsumerReceiverQueueSizeTest.java,
pulsar,C:\Users\ismak\Documents\GitHub\relation_test_code_smell_ML\dataset\projects\pulsar\pulsar-broker\src\test\java\org\apache\pulsar\client\api\v5\V5ConsumerSubscriptionPropertiesTest.java,
pulsar,C:\Users\ismak\Documents\GitHub\relation_test_code_smell_ML\dataset\projects\pulsar\pulsar-broker\src\test\java\org\apache\pulsar\client\api\v5\V5CumulativeAckTest.java,
pulsar,C:\Users\ismak\Documents\GitHub\relation_test_code_smell_ML\dataset\projects\pulsar\pulsar-broker\src\test\java\org\apache\pulsar\client\api\v5\V5DAGFollowingTest.java,
pulsar,C:\Users\ismak\Documents\GitHub\relation_test_code_smell_ML\dataset\projects\pulsar\pulsar-broker\src\test\java\org\apache\pulsar\client\api\v5\V5DagWatchAutoReconnectTest.java,
pulsar,C:\Users\ismak\Documents\GitHub\relation_test_code_smell_ML\dataset\projects\pulsar\pulsar-broker\src\test\java\org\apache\pulsar\client\api\v5\V5DeadLetterPolicyTest.java,
pulsar,C:\Users\ismak\Documents\GitHub\relation_test_code_smell_ML\dataset\projects\pulsar\pulsar-broker\src\test\java\org\apache\pulsar\client\api\v5\V5EncryptionTest.java,
pulsar,C:\Users\ismak\Documents\GitHub\relation_test_code_smell_ML\dataset\projects\pulsar\pulsar-broker\src\test\java\org\apache\pulsar\client\api\v5\V5KeyRoutingTest.java,
pulsar,C:\Users\ismak\Documents\GitHub\relation_test_code_smell_ML\dataset\projects\pulsar\pulsar-broker\src\test\java\org\apache\pulsar\client\api\v5\V5MessageMetadataTest.java,
pulsar,C:\Users\ismak\Documents\GitHub\relation_test_code_smell_ML\dataset\projects\pulsar\pulsar-broker\src\test\java\org\apache\pulsar\client\api\v5\V5MessageReplicationClustersTest.java,
pulsar,C:\Users\ismak\Documents\GitHub\relation_test_code_smell_ML\dataset\projects\pulsar\pulsar-broker\src\test\java\org\apache\pulsar\client\api\v5\V5MigrationEndToEndTest.java,
pulsar,C:\Users\ismak\Documents\GitHub\relation_test_code_smell_ML\dataset\projects\pulsar\pulsar-broker\src\test\java\org\apache\pulsar\client\api\v5\V5MultiBrokerClientBaseTest.java,
pulsar,C:\Users\ismak\Documents\GitHub\relation_test_code_smell_ML\dataset\projects\pulsar\pulsar-broker\src\test\java\org\apache\pulsar\client\api\v5\V5MultiBrokerScalableTopicTest.java,
pulsar,C:\Users\ismak\Documents\GitHub\relation_test_code_smell_ML\dataset\projects\pulsar\pulsar-broker\src\test\java\org\apache\pulsar\client\api\v5\V5MultipleConsumersTest.java,
pulsar,C:\Users\ismak\Documents\GitHub\relation_test_code_smell_ML\dataset\projects\pulsar\pulsar-broker\src\test\java\org\apache\pulsar\client\api\v5\V5MultiTopicQueueConsumerTest.java,
pulsar,C:\Users\ismak\Documents\GitHub\relation_test_code_smell_ML\dataset\projects\pulsar\pulsar-broker\src\test\java\org\apache\pulsar\client\api\v5\V5MultiTopicStreamConsumerTest.java,
pulsar,C:\Users\ismak\Documents\GitHub\relation_test_code_smell_ML\dataset\projects\pulsar\pulsar-broker\src\test\java\org\apache\pulsar\client\api\v5\V5ProcessingTimeoutTest.java,
pulsar,C:\Users\ismak\Documents\GitHub\relation_test_code_smell_ML\dataset\projects\pulsar\pulsar-broker\src\test\java\org\apache\pulsar\client\api\v5\V5ProducerAccessModeTest.java,
pulsar,C:\Users\ismak\Documents\GitHub\relation_test_code_smell_ML\dataset\projects\pulsar\pulsar-broker\src\test\java\org\apache\pulsar\client\api\v5\V5ProducerBatchingTest.java,
pulsar,C:\Users\ismak\Documents\GitHub\relation_test_code_smell_ML\dataset\projects\pulsar\pulsar-broker\src\test\java\org\apache\pulsar\client\api\v5\V5ProducerCompressionTest.java,
pulsar,C:\Users\ismak\Documents\GitHub\relation_test_code_smell_ML\dataset\projects\pulsar\pulsar-broker\src\test\java\org\apache\pulsar\client\api\v5\V5ProducerFlowControlTest.java,
pulsar,C:\Users\ismak\Documents\GitHub\relation_test_code_smell_ML\dataset\projects\pulsar\pulsar-broker\src\test\java\org\apache\pulsar\client\api\v5\V5ProducerSequenceIdTest.java,
pulsar,C:\Users\ismak\Documents\GitHub\relation_test_code_smell_ML\dataset\projects\pulsar\pulsar-broker\src\test\java\org\apache\pulsar\client\api\v5\V5ProducerSplitRetryTest.java,
pulsar,C:\Users\ismak\Documents\GitHub\relation_test_code_smell_ML\dataset\projects\pulsar\pulsar-broker\src\test\java\org\apache\pulsar\client\api\v5\V5QueueConsumerBasicTest.java,
pulsar,C:\Users\ismak\Documents\GitHub\relation_test_code_smell_ML\dataset\projects\pulsar\pulsar-broker\src\test\java\org\apache\pulsar\client\api\v5\V5QueueConsumerMultiSegmentAckTest.java,
pulsar,C:\Users\ismak\Documents\GitHub\relation_test_code_smell_ML\dataset\projects\pulsar\pulsar-broker\src\test\java\org\apache\pulsar\client\api\v5\V5RegularTopicInteropTest.java,
pulsar,C:\Users\ismak\Documents\GitHub\relation_test_code_smell_ML\dataset\projects\pulsar\pulsar-broker\src\test\java\org\apache\pulsar\client\api\v5\V5ScalableSubscriptionAdminTest.java,
pulsar,C:\Users\ismak\Documents\GitHub\relation_test_code_smell_ML\dataset\projects\pulsar\pulsar-broker\src\test\java\org\apache\pulsar\client\api\v5\V5ScalableTopicAutoCreateTest.java,
pulsar,C:\Users\ismak\Documents\GitHub\relation_test_code_smell_ML\dataset\projects\pulsar\pulsar-broker\src\test\java\org\apache\pulsar\client\api\v5\V5ScalableTopicsWatcherTest.java,
pulsar,C:\Users\ismak\Documents\GitHub\relation_test_code_smell_ML\dataset\projects\pulsar\pulsar-broker\src\test\java\org\apache\pulsar\client\api\v5\V5SeekSubscriptionTest.java,
pulsar,C:\Users\ismak\Documents\GitHub\relation_test_code_smell_ML\dataset\projects\pulsar\pulsar-broker\src\test\java\org\apache\pulsar\client\api\v5\V5SegmentLoadReporterTest.java,
pulsar,C:\Users\ismak\Documents\GitHub\relation_test_code_smell_ML\dataset\projects\pulsar\pulsar-broker\src\test\java\org\apache\pulsar\client\api\v5\V5SegmentMergeTest.java,
pulsar,C:\Users\ismak\Documents\GitHub\relation_test_code_smell_ML\dataset\projects\pulsar\pulsar-broker\src\test\java\org\apache\pulsar\client\api\v5\V5SegmentReconciliationTest.java,
pulsar,C:\Users\ismak\Documents\GitHub\relation_test_code_smell_ML\dataset\projects\pulsar\pulsar-broker\src\test\java\org\apache\pulsar\client\api\v5\V5SegmentSplitTest.java,
pulsar,C:\Users\ismak\Documents\GitHub\relation_test_code_smell_ML\dataset\projects\pulsar\pulsar-broker\src\test\java\org\apache\pulsar\client\api\v5\V5SmokeTest.java,
pulsar,C:\Users\ismak\Documents\GitHub\relation_test_code_smell_ML\dataset\projects\pulsar\pulsar-broker\src\test\java\org\apache\pulsar\client\api\v5\V5StreamConsumerAutoReconnectTest.java,
pulsar,C:\Users\ismak\Documents\GitHub\relation_test_code_smell_ML\dataset\projects\pulsar\pulsar-broker\src\test\java\org\apache\pulsar\client\api\v5\V5StreamConsumerBasicTest.java,
pulsar,C:\Users\ismak\Documents\GitHub\relation_test_code_smell_ML\dataset\projects\pulsar\pulsar-broker\src\test\java\org\apache\pulsar\client\api\v5\V5StreamConsumerDagReplayTest.java,
pulsar,C:\Users\ismak\Documents\GitHub\relation_test_code_smell_ML\dataset\projects\pulsar\pulsar-broker\src\test\java\org\apache\pulsar\client\api\v5\V5SubscriptionInitialPositionTest.java,
pulsar,C:\Users\ismak\Documents\GitHub\relation_test_code_smell_ML\dataset\projects\pulsar\pulsar-broker\src\test\java\org\apache\pulsar\client\api\v5\V5TransactionRecoveryTest.java,
pulsar,C:\Users\ismak\Documents\GitHub\relation_test_code_smell_ML\dataset\projects\pulsar\pulsar-broker\src\test\java\org\apache\pulsar\client\api\v5\V5TransactionScalableTest.java,
pulsar,C:\Users\ismak\Documents\GitHub\relation_test_code_smell_ML\dataset\projects\pulsar\pulsar-broker\src\test\java\org\apache\pulsar\client\api\v5\V5TransactionTest.java,
pulsar,C:\Users\ismak\Documents\GitHub\relation_test_code_smell_ML\dataset\projects\pulsar\pulsar-broker\src\test\java\org\apache\pulsar\client\api\v5\V5TransactionTimeoutTest.java,
pulsar,C:\Users\ismak\Documents\GitHub\relation_test_code_smell_ML\dataset\projects\pulsar\pulsar-broker\src\test\java\org\apache\pulsar\client\impl\AdminApiKeyStoreTlsAuthTest.java,
pulsar,C:\Users\ismak\Documents\GitHub\relation_test_code_smell_ML\dataset\projects\pulsar\pulsar-broker\src\test\java\org\apache\pulsar\client\impl\AutoCloseUselessClientConMultiPartTest.java,
pulsar,C:\Users\ismak\Documents\GitHub\relation_test_code_smell_ML\dataset\projects\pulsar\pulsar-broker\src\test\java\org\apache\pulsar\client\impl\AutoCloseUselessClientConMultiTopicTest.java,
pulsar,C:\Users\ismak\Documents\GitHub\relation_test_code_smell_ML\dataset\projects\pulsar\pulsar-broker\src\test\java\org\apache\pulsar\client\impl\AutoCloseUselessClientConNoPartTest.java,
pulsar,C:\Users\ismak\Documents\GitHub\relation_test_code_smell_ML\dataset\projects\pulsar\pulsar-broker\src\test\java\org\apache\pulsar\client\impl\AutoCloseUselessClientConTopicsPatternConsumerTest.java,
pulsar,C:\Users\ismak\Documents\GitHub\relation_test_code_smell_ML\dataset\projects\pulsar\pulsar-broker\src\test\java\org\apache\pulsar\client\impl\AutoCloseUselessClientConTXTest.java,
pulsar,C:\Users\ismak\Documents\GitHub\relation_test_code_smell_ML\dataset\projects\pulsar\pulsar-broker\src\test\java\org\apache\pulsar\client\impl\AutoScaledReceiverQueueSizeTest.java,
pulsar,C:\Users\ismak\Documents\GitHub\relation_test_code_smell_ML\dataset\projects\pulsar\pulsar-broker\src\test\java\org\apache\pulsar\client\impl\BatchMessageIdImplSerializationTest.java,
pulsar,C:\Users\ismak\Documents\GitHub\relation_test_code_smell_ML\dataset\projects\pulsar\pulsar-broker\src\test\java\org\apache\pulsar\client\impl\BatchMessageIndexAckDisableTest.java,
pulsar,C:\Users\ismak\Documents\GitHub\relation_test_code_smell_ML\dataset\projects\pulsar\pulsar-broker\src\test\java\org\apache\pulsar\client\impl\BatchMessageIndexAckTest.java,
pulsar,C:\Users\ismak\Documents\GitHub\relation_test_code_smell_ML\dataset\projects\pulsar\pulsar-broker\src\test\java\org\apache\pulsar\client\impl\BrokerClientIntegrationTest.java,
pulsar,C:\Users\ismak\Documents\GitHub\relation_test_code_smell_ML\dataset\projects\pulsar\pulsar-broker\src\test\java\org\apache\pulsar\client\impl\ClientCnxTest.java,
pulsar,C:\Users\ismak\Documents\GitHub\relation_test_code_smell_ML\dataset\projects\pulsar\pulsar-broker\src\test\java\org\apache\pulsar\client\impl\ClientInterruptTest.java,
pulsar,C:\Users\ismak\Documents\GitHub\relation_test_code_smell_ML\dataset\projects\pulsar\pulsar-broker\src\test\java\org\apache\pulsar\client\impl\ClientWithSocks5ProxyTest.java,
pulsar,C:\Users\ismak\Documents\GitHub\relation_test_code_smell_ML\dataset\projects\pulsar\pulsar-broker\src\test\java\org\apache\pulsar\client\impl\CompactedOutBatchMessageTest.java,
pulsar,C:\Users\ismak\Documents\GitHub\relation_test_code_smell_ML\dataset\projects\pulsar\pulsar-broker\src\test\java\org\apache\pulsar\client\impl\CompactionReaderImplTest.java,
pulsar,C:\Users\ismak\Documents\GitHub\relation_test_code_smell_ML\dataset\projects\pulsar\pulsar-broker\src\test\java\org\apache\pulsar\client\impl\ConnectionHandlerTest.java,
pulsar,C:\Users\ismak\Documents\GitHub\relation_test_code_smell_ML\dataset\projects\pulsar\pulsar-broker\src\test\java\org\apache\pulsar\client\impl\ConnectionPoolTest.java,
pulsar,C:\Users\ismak\Documents\GitHub\relation_test_code_smell_ML\dataset\projects\pulsar\pulsar-broker\src\test\java\org\apache\pulsar\client\impl\ConsumeBaseExceptionTest.java,
pulsar,C:\Users\ismak\Documents\GitHub\relation_test_code_smell_ML\dataset\projects\pulsar\pulsar-broker\src\test\java\org\apache\pulsar\client\impl\ConsumerAckTest.java,
pulsar,C:\Users\ismak\Documents\GitHub\relation_test_code_smell_ML\dataset\projects\pulsar\pulsar-broker\src\test\java\org\apache\pulsar\client\impl\ConsumerCloseTest.java,
pulsar,C:\Users\ismak\Documents\GitHub\relation_test_code_smell_ML\dataset\projects\pulsar\pulsar-broker\src\test\java\org\apache\pulsar\client\impl\ConsumerConfigurationTest.java,
pulsar,C:\Users\ismak\Documents\GitHub\relation_test_code_smell_ML\dataset\projects\pulsar\pulsar-broker\src\test\java\org\apache\pulsar\client\impl\ConsumerDecryptFailListenerTest.java,
pulsar,C:\Users\ismak\Documents\GitHub\relation_test_code_smell_ML\dataset\projects\pulsar\pulsar-broker\src\test\java\org\apache\pulsar\client\impl\ConsumerDedupPermitsUpdateTest.java,
pulsar,C:\Users\ismak\Documents\GitHub\relation_test_code_smell_ML\dataset\projects\pulsar\pulsar-broker\src\test\java\org\apache\pulsar\client\impl\ConsumerMemoryLimitTest.java,
pulsar,C:\Users\ismak\Documents\GitHub\relation_test_code_smell_ML\dataset\projects\pulsar\pulsar-broker\src\test\java\org\apache\pulsar\client\impl\ConsumerUnsubscribeTest.java,
pulsar,C:\Users\ismak\Documents\GitHub\relation_test_code_smell_ML\dataset\projects\pulsar\pulsar-broker\src\test\java\org\apache\pulsar\client\impl\DisabledSystemTopicTest.java,
pulsar,C:\Users\ismak\Documents\GitHub\relation_test_code_smell_ML\dataset\projects\pulsar\pulsar-broker\src\test\java\org\apache\pulsar\client\impl\DispatchAccordingPermitsTest.java,
pulsar,C:\Users\ismak\Documents\GitHub\relation_test_code_smell_ML\dataset\projects\pulsar\pulsar-broker\src\test\java\org\apache\pulsar\client\impl\DynamicReceiverQueueSizeTest.java,
pulsar,C:\Users\ismak\Documents\GitHub\relation_test_code_smell_ML\dataset\projects\pulsar\pulsar-broker\src\test\java\org\apache\pulsar\client\impl\HierarchyTopicAutoCreationTest.java,
pulsar,C:\Users\ismak\Documents\GitHub\relation_test_code_smell_ML\dataset\projects\pulsar\pulsar-broker\src\test\java\org\apache\pulsar\client\impl\KeySharedSubscriptionMaxUnackedMessagesTest.java,
pulsar,C:\Users\ismak\Documents\GitHub\relation_test_code_smell_ML\dataset\projects\pulsar\pulsar-broker\src\test\java\org\apache\pulsar\client\impl\KeyStoreTlsProducerConsumerTestWithAuthTest.java,
pulsar,C:\Users\ismak\Documents\GitHub\relation_test_code_smell_ML\dataset\projects\pulsar\pulsar-broker\src\test\java\org\apache\pulsar\client\impl\KeyStoreTlsProducerConsumerTestWithoutAuthTest.java,
pulsar,C:\Users\ismak\Documents\GitHub\relation_test_code_smell_ML\dataset\projects\pulsar\pulsar-broker\src\test\java\org\apache\pulsar\client\impl\KeyStoreTlsTest.java,
pulsar,C:\Users\ismak\Documents\GitHub\relation_test_code_smell_ML\dataset\projects\pulsar\pulsar-broker\src\test\java\org\apache\pulsar\client\impl\LookupRetryTest.java,
pulsar,C:\Users\ismak\Documents\GitHub\relation_test_code_smell_ML\dataset\projects\pulsar\pulsar-broker\src\test\java\org\apache\pulsar\client\impl\LookupServiceTest.java,
pulsar,C:\Users\ismak\Documents\GitHub\relation_test_code_smell_ML\dataset\projects\pulsar\pulsar-broker\src\test\java\org\apache\pulsar\client\impl\MessageChecksumTest.java,
pulsar,C:\Users\ismak\Documents\GitHub\relation_test_code_smell_ML\dataset\projects\pulsar\pulsar-broker\src\test\java\org\apache\pulsar\client\impl\MessageChunkingDeduplicationTest.java,
pulsar,C:\Users\ismak\Documents\GitHub\relation_test_code_smell_ML\dataset\projects\pulsar\pulsar-broker\src\test\java\org\apache\pulsar\client\impl\MessageChunkingSharedTest.java,
pulsar,C:\Users\ismak\Documents\GitHub\relation_test_code_smell_ML\dataset\projects\pulsar\pulsar-broker\src\test\java\org\apache\pulsar\client\impl\MessageChunkingTest.java,
pulsar,C:\Users\ismak\Documents\GitHub\relation_test_code_smell_ML\dataset\projects\pulsar\pulsar-broker\src\test\java\org\apache\pulsar\client\impl\MessageIdTest.java,
pulsar,C:\Users\ismak\Documents\GitHub\relation_test_code_smell_ML\dataset\projects\pulsar\pulsar-broker\src\test\java\org\apache\pulsar\client\impl\MessageParserTest.java,
pulsar,C:\Users\ismak\Documents\GitHub\relation_test_code_smell_ML\dataset\projects\pulsar\pulsar-broker\src\test\java\org\apache\pulsar\client\impl\MessagePublishThrottlingTest.java,
pulsar,C:\Users\ismak\Documents\GitHub\relation_test_code_smell_ML\dataset\projects\pulsar\pulsar-broker\src\test\java\org\apache\pulsar\client\impl\MessageRedeliveryTest.java,
pulsar,C:\Users\ismak\Documents\GitHub\relation_test_code_smell_ML\dataset\projects\pulsar\pulsar-broker\src\test\java\org\apache\pulsar\client\impl\MockMessageTest.java,
pulsar,C:\Users\ismak\Documents\GitHub\relation_test_code_smell_ML\dataset\projects\pulsar\pulsar-broker\src\test\java\org\apache\pulsar\client\impl\MultiTopicsReaderTest.java,
pulsar,C:\Users\ismak\Documents\GitHub\relation_test_code_smell_ML\dataset\projects\pulsar\pulsar-broker\src\test\java\org\apache\pulsar\client\impl\NegativeAcksTest.java,
pulsar,C:\Users\ismak\Documents\GitHub\relation_test_code_smell_ML\dataset\projects\pulsar\pulsar-broker\src\test\java\org\apache\pulsar\client\impl\PartialPartitionedProducerTest.java,
pulsar,C:\Users\ismak\Documents\GitHub\relation_test_code_smell_ML\dataset\projects\pulsar\pulsar-broker\src\test\java\org\apache\pulsar\client\impl\PatternTopicsConsumerImplAuthTest.java,
pulsar,C:\Users\ismak\Documents\GitHub\relation_test_code_smell_ML\dataset\projects\pulsar\pulsar-broker\src\test\java\org\apache\pulsar\client\impl\PatternTopicsConsumerImplTest.java,
pulsar,C:\Users\ismak\Documents\GitHub\relation_test_code_smell_ML\dataset\projects\pulsar\pulsar-broker\src\test\java\org\apache\pulsar\client\impl\PerMessageUnAcknowledgedRedeliveryTest.java,
pulsar,C:\Users\ismak\Documents\GitHub\relation_test_code_smell_ML\dataset\projects\pulsar\pulsar-broker\src\test\java\org\apache\pulsar\client\impl\ProducerCloseTest.java,
pulsar,C:\Users\ismak\Documents\GitHub\relation_test_code_smell_ML\dataset\projects\pulsar\pulsar-broker\src\test\java\org\apache\pulsar\client\impl\ProducerConsumerInternalTest.java,
pulsar,C:\Users\ismak\Documents\GitHub\relation_test_code_smell_ML\dataset\projects\pulsar\pulsar-broker\src\test\java\org\apache\pulsar\client\impl\ProducerEmptySchemaCacheTest.java,
pulsar,C:\Users\ismak\Documents\GitHub\relation_test_code_smell_ML\dataset\projects\pulsar\pulsar-broker\src\test\java\org\apache\pulsar\client\impl\ProducerMemoryLeakTest.java,
pulsar,C:\Users\ismak\Documents\GitHub\relation_test_code_smell_ML\dataset\projects\pulsar\pulsar-broker\src\test\java\org\apache\pulsar\client\impl\ProducerMemoryLimitTest.java,
pulsar,C:\Users\ismak\Documents\GitHub\relation_test_code_smell_ML\dataset\projects\pulsar\pulsar-broker\src\test\java\org\apache\pulsar\client\impl\ProducerReconnectionTest.java,
pulsar,C:\Users\ismak\Documents\GitHub\relation_test_code_smell_ML\dataset\projects\pulsar\pulsar-broker\src\test\java\org\apache\pulsar\client\impl\ProducerSemaphoreTest.java,
pulsar,C:\Users\ismak\Documents\GitHub\relation_test_code_smell_ML\dataset\projects\pulsar\pulsar-broker\src\test\java\org\apache\pulsar\client\impl\ProducerSyncRetryTest.java,
pulsar,C:\Users\ismak\Documents\GitHub\relation_test_code_smell_ML\dataset\projects\pulsar\pulsar-broker\src\test\java\org\apache\pulsar\client\impl\ProduceWithMessageIdTest.java,
pulsar,C:\Users\ismak\Documents\GitHub\relation_test_code_smell_ML\dataset\projects\pulsar\pulsar-broker\src\test\java\org\apache\pulsar\client\impl\PulsarClientConfigurationOverrideTest.java,
pulsar,C:\Users\ismak\Documents\GitHub\relation_test_code_smell_ML\dataset\projects\pulsar\pulsar-broker\src\test\java\org\apache\pulsar\client\impl\PulsarMultiHostClientTest.java,
pulsar,C:\Users\ismak\Documents\GitHub\relation_test_code_smell_ML\dataset\projects\pulsar\pulsar-broker\src\test\java\org\apache\pulsar\client\impl\RawBatchMessageContainerImplTest.java,
pulsar,C:\Users\ismak\Documents\GitHub\relation_test_code_smell_ML\dataset\projects\pulsar\pulsar-broker\src\test\java\org\apache\pulsar\client\impl\RawMessageSerDeserTest.java,
pulsar,C:\Users\ismak\Documents\GitHub\relation_test_code_smell_ML\dataset\projects\pulsar\pulsar-broker\src\test\java\org\apache\pulsar\client\impl\RawReaderTest.java,
pulsar,C:\Users\ismak\Documents\GitHub\relation_test_code_smell_ML\dataset\projects\pulsar\pulsar-broker\src\test\java\org\apache\pulsar\client\impl\ReaderTest.java,
pulsar,C:\Users\ismak\Documents\GitHub\relation_test_code_smell_ML\dataset\projects\pulsar\pulsar-broker\src\test\java\org\apache\pulsar\client\impl\SchemaDeleteTest.java,
pulsar,C:\Users\ismak\Documents\GitHub\relation_test_code_smell_ML\dataset\projects\pulsar\pulsar-broker\src\test\java\org\apache\pulsar\client\impl\SequenceIdWithErrorTest.java,
pulsar,C:\Users\ismak\Documents\GitHub\relation_test_code_smell_ML\dataset\projects\pulsar\pulsar-broker\src\test\java\org\apache\pulsar\client\impl\ServiceUrlQuarantineTest.java,
pulsar,C:\Users\ismak\Documents\GitHub\relation_test_code_smell_ML\dataset\projects\pulsar\pulsar-broker\src\test\java\org\apache\pulsar\client\impl\SimpleProduceConsumeIoTest.java,
pulsar,C:\Users\ismak\Documents\GitHub\relation_test_code_smell_ML\dataset\projects\pulsar\pulsar-broker\src\test\java\org\apache\pulsar\client\impl\TableViewTest.java,
pulsar,C:\Users\ismak\Documents\GitHub\relation_test_code_smell_ML\dataset\projects\pulsar\pulsar-broker\src\test\java\org\apache\pulsar\client\impl\TopicDoesNotExistsTest.java,
pulsar,C:\Users\ismak\Documents\GitHub\relation_test_code_smell_ML\dataset\projects\pulsar\pulsar-broker\src\test\java\org\apache\pulsar\client\impl\TopicFromMessageTest.java,
pulsar,C:\Users\ismak\Documents\GitHub\relation_test_code_smell_ML\dataset\projects\pulsar\pulsar-broker\src\test\java\org\apache\pulsar\client\impl\TopicPublishThrottlingInitTest.java,
pulsar,C:\Users\ismak\Documents\GitHub\relation_test_code_smell_ML\dataset\projects\pulsar\pulsar-broker\src\test\java\org\apache\pulsar\client\impl\TopicsConsumerImplTest.java,
pulsar,C:\Users\ismak\Documents\GitHub\relation_test_code_smell_ML\dataset\projects\pulsar\pulsar-broker\src\test\java\org\apache\pulsar\client\impl\TransactionClientConnectTest.java,
pulsar,C:\Users\ismak\Documents\GitHub\relation_test_code_smell_ML\dataset\projects\pulsar\pulsar-broker\src\test\java\org\apache\pulsar\client\impl\TransactionEndToEndTest.java,
pulsar,C:\Users\ismak\Documents\GitHub\relation_test_code_smell_ML\dataset\projects\pulsar\pulsar-broker\src\test\java\org\apache\pulsar\client\impl\TransactionEndToEndWithoutBatchIndexAckTest.java,
pulsar,C:\Users\ismak\Documents\GitHub\relation_test_code_smell_ML\dataset\projects\pulsar\pulsar-broker\src\test\java\org\apache\pulsar\client\impl\UnAcknowledgedMessagesTimeoutTest.java,
pulsar,C:\Users\ismak\Documents\GitHub\relation_test_code_smell_ML\dataset\projects\pulsar\pulsar-broker\src\test\java\org\apache\pulsar\client\impl\v5\V5NamespaceConsumerTopicDeletionTest.java,
pulsar,C:\Users\ismak\Documents\GitHub\relation_test_code_smell_ML\dataset\projects\pulsar\pulsar-broker\src\test\java\org\apache\pulsar\client\impl\ZeroQueueSizeTest.java,
pulsar,C:\Users\ismak\Documents\GitHub\relation_test_code_smell_ML\dataset\projects\pulsar\pulsar-broker\src\test\java\org\apache\pulsar\client\metrics\ClientMetricsTest.java,
pulsar,C:\Users\ismak\Documents\GitHub\relation_test_code_smell_ML\dataset\projects\pulsar\pulsar-broker\src\test\java\org\apache\pulsar\client\processor\MessagePayloadProcessorTest.java,
pulsar,C:\Users\ismak\Documents\GitHub\relation_test_code_smell_ML\dataset\projects\pulsar\pulsar-broker\src\test\java\org\apache\pulsar\common\naming\FlowOrQpsEquallyDivideBundleSplitAlgorithmTest.java,
pulsar,C:\Users\ismak\Documents\GitHub\relation_test_code_smell_ML\dataset\projects\pulsar\pulsar-broker\src\test\java\org\apache\pulsar\common\naming\NamespaceBundleSplitAlgorithmTest.java,
pulsar,C:\Users\ismak\Documents\GitHub\relation_test_code_smell_ML\dataset\projects\pulsar\pulsar-broker\src\test\java\org\apache\pulsar\common\naming\NamespaceBundlesTest.java,
pulsar,C:\Users\ismak\Documents\GitHub\relation_test_code_smell_ML\dataset\projects\pulsar\pulsar-broker\src\test\java\org\apache\pulsar\common\naming\NamespaceBundleTest.java,
pulsar,C:\Users\ismak\Documents\GitHub\relation_test_code_smell_ML\dataset\projects\pulsar\pulsar-broker\src\test\java\org\apache\pulsar\common\naming\RangeEquallyDivideBundleSplitAlgorithmTest.java,
pulsar,C:\Users\ismak\Documents\GitHub\relation_test_code_smell_ML\dataset\projects\pulsar\pulsar-broker\src\test\java\org\apache\pulsar\common\naming\ServiceConfigurationTest.java,
pulsar,C:\Users\ismak\Documents\GitHub\relation_test_code_smell_ML\dataset\projects\pulsar\pulsar-broker\src\test\java\org\apache\pulsar\common\naming\SpecifiedPositionsBundleSplitAlgorithmTest.java,
pulsar,C:\Users\ismak\Documents\GitHub\relation_test_code_smell_ML\dataset\projects\pulsar\pulsar-broker\src\test\java\org\apache\pulsar\common\naming\TopicBundleAssignmentStrategyTest.java,
pulsar,C:\Users\ismak\Documents\GitHub\relation_test_code_smell_ML\dataset\projects\pulsar\pulsar-broker\src\test\java\org\apache\pulsar\common\naming\TopicCountEquallyDivideBundleSplitAlgorithmTest.java,
pulsar,C:\Users\ismak\Documents\GitHub\relation_test_code_smell_ML\dataset\projects\pulsar\pulsar-broker\src\test\java\org\apache\pulsar\common\protocol\ProducerBatchSendTest.java,
pulsar,C:\Users\ismak\Documents\GitHub\relation_test_code_smell_ML\dataset\projects\pulsar\pulsar-broker\src\test\java\org\apache\pulsar\compaction\CompactedTopicImplTest.java,
pulsar,C:\Users\ismak\Documents\GitHub\relation_test_code_smell_ML\dataset\projects\pulsar\pulsar-broker\src\test\java\org\apache\pulsar\compaction\CompactedTopicTest.java,
pulsar,C:\Users\ismak\Documents\GitHub\relation_test_code_smell_ML\dataset\projects\pulsar\pulsar-broker\src\test\java\org\apache\pulsar\compaction\CompactedTopicUtilsTest.java,
pulsar,C:\Users\ismak\Documents\GitHub\relation_test_code_smell_ML\dataset\projects\pulsar\pulsar-broker\src\test\java\org\apache\pulsar\compaction\CompactionRetentionTest.java,
pulsar,C:\Users\ismak\Documents\GitHub\relation_test_code_smell_ML\dataset\projects\pulsar\pulsar-broker\src\test\java\org\apache\pulsar\compaction\CompactionTest.java,
pulsar,C:\Users\ismak\Documents\GitHub\relation_test_code_smell_ML\dataset\projects\pulsar\pulsar-broker\src\test\java\org\apache\pulsar\compaction\CompactorMXBeanImplTest.java,
pulsar,C:\Users\ismak\Documents\GitHub\relation_test_code_smell_ML\dataset\projects\pulsar\pulsar-broker\src\test\java\org\apache\pulsar\compaction\CompactorTest.java,
pulsar,C:\Users\ismak\Documents\GitHub\relation_test_code_smell_ML\dataset\projects\pulsar\pulsar-broker\src\test\java\org\apache\pulsar\compaction\CompactorToolTest.java,
pulsar,C:\Users\ismak\Documents\GitHub\relation_test_code_smell_ML\dataset\projects\pulsar\pulsar-broker\src\test\java\org\apache\pulsar\compaction\EventTimeOrderCompactorTest.java,
pulsar,C:\Users\ismak\Documents\GitHub\relation_test_code_smell_ML\dataset\projects\pulsar\pulsar-broker\src\test\java\org\apache\pulsar\compaction\GetLastMessageIdCompactedTest.java,
pulsar,C:\Users\ismak\Documents\GitHub\relation_test_code_smell_ML\dataset\projects\pulsar\pulsar-broker\src\test\java\org\apache\pulsar\compaction\ServiceUnitStateCompactionTest.java,
pulsar,C:\Users\ismak\Documents\GitHub\relation_test_code_smell_ML\dataset\projects\pulsar\pulsar-broker\src\test\java\org\apache\pulsar\compaction\StrategicCompactionRetentionTest.java,
pulsar,C:\Users\ismak\Documents\GitHub\relation_test_code_smell_ML\dataset\projects\pulsar\pulsar-broker\src\test\java\org\apache\pulsar\compaction\StrategicCompactionTest.java,
pulsar,C:\Users\ismak\Documents\GitHub\relation_test_code_smell_ML\dataset\projects\pulsar\pulsar-broker\src\test\java\org\apache\pulsar\compaction\StrategicCompactorTest.java,
pulsar,C:\Users\ismak\Documents\GitHub\relation_test_code_smell_ML\dataset\projects\pulsar\pulsar-broker\src\test\java\org\apache\pulsar\compaction\TopicCompactionServiceTest.java,
pulsar,C:\Users\ismak\Documents\GitHub\relation_test_code_smell_ML\dataset\projects\pulsar\pulsar-broker\src\test\java\org\apache\pulsar\compaction\TopicCompactionStrategyTest.java,
pulsar,C:\Users\ismak\Documents\GitHub\relation_test_code_smell_ML\dataset\projects\pulsar\pulsar-broker\src\test\java\org\apache\pulsar\functions\worker\PulsarFunctionE2ESecurityTest.java,
pulsar,C:\Users\ismak\Documents\GitHub\relation_test_code_smell_ML\dataset\projects\pulsar\pulsar-broker\src\test\java\org\apache\pulsar\functions\worker\PulsarFunctionLocalRunTest.java,
pulsar,C:\Users\ismak\Documents\GitHub\relation_test_code_smell_ML\dataset\projects\pulsar\pulsar-broker\src\test\java\org\apache\pulsar\functions\worker\PulsarFunctionMetadataStoreTest.java,
pulsar,C:\Users\ismak\Documents\GitHub\relation_test_code_smell_ML\dataset\projects\pulsar\pulsar-broker\src\test\java\org\apache\pulsar\functions\worker\PulsarFunctionPublishTest.java,
pulsar,C:\Users\ismak\Documents\GitHub\relation_test_code_smell_ML\dataset\projects\pulsar\pulsar-broker\src\test\java\org\apache\pulsar\functions\worker\PulsarFunctionTlsTest.java,
pulsar,C:\Users\ismak\Documents\GitHub\relation_test_code_smell_ML\dataset\projects\pulsar\pulsar-broker\src\test\java\org\apache\pulsar\functions\worker\PulsarWorkerAssignmentTest.java,
pulsar,C:\Users\ismak\Documents\GitHub\relation_test_code_smell_ML\dataset\projects\pulsar\pulsar-broker\src\test\java\org\apache\pulsar\functions\worker\TestPulsarFunctionUtils.java,
pulsar,C:\Users\ismak\Documents\GitHub\relation_test_code_smell_ML\dataset\projects\pulsar\pulsar-broker\src\test\java\org\apache\pulsar\io\AbstractPulsarE2ETest.java,
pulsar,C:\Users\ismak\Documents\GitHub\relation_test_code_smell_ML\dataset\projects\pulsar\pulsar-broker\src\test\java\org\apache\pulsar\io\PulsarBatchSourceE2ETest.java,
pulsar,C:\Users\ismak\Documents\GitHub\relation_test_code_smell_ML\dataset\projects\pulsar\pulsar-broker\src\test\java\org\apache\pulsar\io\PulsarFunctionAdminTest.java,
pulsar,C:\Users\ismak\Documents\GitHub\relation_test_code_smell_ML\dataset\projects\pulsar\pulsar-broker\src\test\java\org\apache\pulsar\io\PulsarFunctionE2ETest.java,
pulsar,C:\Users\ismak\Documents\GitHub\relation_test_code_smell_ML\dataset\projects\pulsar\pulsar-broker\src\test\java\org\apache\pulsar\io\PulsarFunctionTlsTest.java,
pulsar,C:\Users\ismak\Documents\GitHub\relation_test_code_smell_ML\dataset\projects\pulsar\pulsar-broker\src\test\java\org\apache\pulsar\io\PulsarSinkE2ETest.java,
pulsar,C:\Users\ismak\Documents\GitHub\relation_test_code_smell_ML\dataset\projects\pulsar\pulsar-broker\src\test\java\org\apache\pulsar\io\PulsarSourceE2ETest.java,
pulsar,C:\Users\ismak\Documents\GitHub\relation_test_code_smell_ML\dataset\projects\pulsar\pulsar-broker\src\test\java\org\apache\pulsar\io\SinkForTest.java,
pulsar,C:\Users\ismak\Documents\GitHub\relation_test_code_smell_ML\dataset\projects\pulsar\pulsar-broker\src\test\java\org\apache\pulsar\PulsarBrokerStarterTest.java,
pulsar,C:\Users\ismak\Documents\GitHub\relation_test_code_smell_ML\dataset\projects\pulsar\pulsar-broker\src\test\java\org\apache\pulsar\PulsarClusterMetadataSetupTest.java,
pulsar,C:\Users\ismak\Documents\GitHub\relation_test_code_smell_ML\dataset\projects\pulsar\pulsar-broker\src\test\java\org\apache\pulsar\PulsarClusterMetadataTeardownTest.java,
pulsar,C:\Users\ismak\Documents\GitHub\relation_test_code_smell_ML\dataset\projects\pulsar\pulsar-broker\src\test\java\org\apache\pulsar\PulsarInitialNamespaceSetupTest.java,
pulsar,C:\Users\ismak\Documents\GitHub\relation_test_code_smell_ML\dataset\projects\pulsar\pulsar-broker\src\test\java\org\apache\pulsar\PulsarStandaloneTest.java,
pulsar,C:\Users\ismak\Documents\GitHub\relation_test_code_smell_ML\dataset\projects\pulsar\pulsar-broker\src\test\java\org\apache\pulsar\PulsarTransactionCoordinatorMetadataSetupTest.java,
pulsar,C:\Users\ismak\Documents\GitHub\relation_test_code_smell_ML\dataset\projects\pulsar\pulsar-broker\src\test\java\org\apache\pulsar\PulsarVersionStarterTest.java,
pulsar,C:\Users\ismak\Documents\GitHub\relation_test_code_smell_ML\dataset\projects\pulsar\pulsar-broker\src\test\java\org\apache\pulsar\RoaringbitmapTest.java,
pulsar,C:\Users\ismak\Documents\GitHub\relation_test_code_smell_ML\dataset\projects\pulsar\pulsar-broker\src\test\java\org\apache\pulsar\schema\compatibility\SchemaTypeCompatibilityCheckOnTopicLevelTest.java,
pulsar,C:\Users\ismak\Documents\GitHub\relation_test_code_smell_ML\dataset\projects\pulsar\pulsar-broker\src\test\java\org\apache\pulsar\schema\compatibility\SchemaTypeCompatibilityCheckTest.java,
pulsar,C:\Users\ismak\Documents\GitHub\relation_test_code_smell_ML\dataset\projects\pulsar\pulsar-broker\src\test\java\org\apache\pulsar\schema\ExternalSchemaTest.java,
pulsar,C:\Users\ismak\Documents\GitHub\relation_test_code_smell_ML\dataset\projects\pulsar\pulsar-broker\src\test\java\org\apache\pulsar\schema\PartitionedTopicSchemaTest.java,
pulsar,C:\Users\ismak\Documents\GitHub\relation_test_code_smell_ML\dataset\projects\pulsar\pulsar-broker\src\test\java\org\apache\pulsar\schema\SchemaTest.java,
pulsar,C:\Users\ismak\Documents\GitHub\relation_test_code_smell_ML\dataset\projects\pulsar\pulsar-broker\src\test\java\org\apache\pulsar\security\tls\ec\TlsWithECCertificateFileTest.java,
pulsar,C:\Users\ismak\Documents\GitHub\relation_test_code_smell_ML\dataset\projects\pulsar\pulsar-broker\src\test\java\org\apache\pulsar\security\tls\ec\TlsWithECKeyStoreTest.java,
pulsar,C:\Users\ismak\Documents\GitHub\relation_test_code_smell_ML\dataset\projects\pulsar\pulsar-broker\src\test\java\org\apache\pulsar\stats\client\PulsarBrokerStatsClientTest.java,
pulsar,C:\Users\ismak\Documents\GitHub\relation_test_code_smell_ML\dataset\projects\pulsar\pulsar-broker\src\test\java\org\apache\pulsar\TestNGInstanceOrder.java,
pulsar,C:\Users\ismak\Documents\GitHub\relation_test_code_smell_ML\dataset\projects\pulsar\pulsar-broker\src\test\java\org\apache\pulsar\utils\auth\tokens\TokensCliUtilsTest.java,
pulsar,C:\Users\ismak\Documents\GitHub\relation_test_code_smell_ML\dataset\projects\pulsar\pulsar-broker\src\test\java\org\apache\pulsar\utils\ConcurrentBitmapSortedLongPairSetTest.java,
pulsar,C:\Users\ismak\Documents\GitHub\relation_test_code_smell_ML\dataset\projects\pulsar\pulsar-broker\src\test\java\org\apache\pulsar\utils\LogIndexLagBackOffTest.java,
pulsar,C:\Users\ismak\Documents\GitHub\relation_test_code_smell_ML\dataset\projects\pulsar\pulsar-broker\src\test\java\org\apache\pulsar\utils\SimpleCacheTest.java,
pulsar,C:\Users\ismak\Documents\GitHub\relation_test_code_smell_ML\dataset\projects\pulsar\pulsar-broker\src\test\java\org\apache\pulsar\utils\SimpleTextOutputStreamTest.java,
pulsar,C:\Users\ismak\Documents\GitHub\relation_test_code_smell_ML\dataset\projects\pulsar\pulsar-broker\src\test\java\org\apache\pulsar\utils\StatsOutputStreamTest.java,
pulsar,C:\Users\ismak\Documents\GitHub\relation_test_code_smell_ML\dataset\projects\pulsar\pulsar-broker\src\test\java\org\apache\pulsar\utils\TestLogAppender.java,
pulsar,C:\Users\ismak\Documents\GitHub\relation_test_code_smell_ML\dataset\projects\pulsar\pulsar-broker\src\test\java\org\apache\pulsar\utils\TimedSingleThreadRateLimiterTest.java,
pulsar,C:\Users\ismak\Documents\GitHub\relation_test_code_smell_ML\dataset\projects\pulsar\pulsar-broker\src\test\java\org\apache\pulsar\websocket\proxy\CryptoKeyReaderForTest.java,
pulsar,C:\Users\ismak\Documents\GitHub\relation_test_code_smell_ML\dataset\projects\pulsar\pulsar-broker\src\test\java\org\apache\pulsar\websocket\proxy\NonProxyRoleTest.java,
pulsar,C:\Users\ismak\Documents\GitHub\relation_test_code_smell_ML\dataset\projects\pulsar\pulsar-broker\src\test\java\org\apache\pulsar\websocket\proxy\ProxyAuthenticationTest.java,
pulsar,C:\Users\ismak\Documents\GitHub\relation_test_code_smell_ML\dataset\projects\pulsar\pulsar-broker\src\test\java\org\apache\pulsar\websocket\proxy\ProxyAuthorizationTest.java,
pulsar,C:\Users\ismak\Documents\GitHub\relation_test_code_smell_ML\dataset\projects\pulsar\pulsar-broker\src\test\java\org\apache\pulsar\websocket\proxy\ProxyConfigurationTest.java,
pulsar,C:\Users\ismak\Documents\GitHub\relation_test_code_smell_ML\dataset\projects\pulsar\pulsar-broker\src\test\java\org\apache\pulsar\websocket\proxy\ProxyEncryptionPublishConsumeTest.java,
pulsar,C:\Users\ismak\Documents\GitHub\relation_test_code_smell_ML\dataset\projects\pulsar\pulsar-broker\src\test\java\org\apache\pulsar\websocket\proxy\ProxyIdleTimeoutTest.java,
pulsar,C:\Users\ismak\Documents\GitHub\relation_test_code_smell_ML\dataset\projects\pulsar\pulsar-broker\src\test\java\org\apache\pulsar\websocket\proxy\ProxyPingTest.java,
pulsar,C:\Users\ismak\Documents\GitHub\relation_test_code_smell_ML\dataset\projects\pulsar\pulsar-broker\src\test\java\org\apache\pulsar\websocket\proxy\ProxyPublishConsumeClientSideEncryptionTest.java,
pulsar,C:\Users\ismak\Documents\GitHub\relation_test_code_smell_ML\dataset\projects\pulsar\pulsar-broker\src\test\java\org\apache\pulsar\websocket\proxy\ProxyPublishConsumeTest.java,
pulsar,C:\Users\ismak\Documents\GitHub\relation_test_code_smell_ML\dataset\projects\pulsar\pulsar-broker\src\test\java\org\apache\pulsar\websocket\proxy\ProxyPublishConsumeTlsTest.java,
pulsar,C:\Users\ismak\Documents\GitHub\relation_test_code_smell_ML\dataset\projects\pulsar\pulsar-broker\src\test\java\org\apache\pulsar\websocket\proxy\ProxyPublishConsumeWithoutZKTest.java,
pulsar,C:\Users\ismak\Documents\GitHub\relation_test_code_smell_ML\dataset\projects\pulsar\pulsar-broker\src\test\java\org\apache\pulsar\websocket\proxy\ProxyRoleAuthenticateOriginalAuthDataTest.java,
pulsar,C:\Users\ismak\Documents\GitHub\relation_test_code_smell_ML\dataset\projects\pulsar\pulsar-broker\src\test\java\org\apache\pulsar\websocket\proxy\ProxyRoleAuthenticateOriginalAuthDataWebServiceURLTest.java,
pulsar,C:\Users\ismak\Documents\GitHub\relation_test_code_smell_ML\dataset\projects\pulsar\pulsar-broker\src\test\java\org\apache\pulsar\websocket\proxy\ProxyRoleAuthTest.java,
pulsar,C:\Users\ismak\Documents\GitHub\relation_test_code_smell_ML\dataset\projects\pulsar\pulsar-broker\src\test\java\org\apache\pulsar\websocket\proxy\ProxyRoleAuthWebServiceURLTest.java,
pulsar,C:\Users\ismak\Documents\GitHub\relation_test_code_smell_ML\dataset\projects\pulsar\pulsar-broker\src\test\java\org\apache\pulsar\zookeeper\DefaultMetadataNodeSizeStatsSplitPathTest.java,
pulsar,C:\Users\ismak\Documents\GitHub\relation_test_code_smell_ML\dataset\projects\pulsar\pulsar-broker\src\test\java\org\apache\pulsar\zookeeper\DefaultMetadataNodeSizeStatsTest.java,
pulsar,C:\Users\ismak\Documents\GitHub\relation_test_code_smell_ML\dataset\projects\pulsar\pulsar-broker\src\test\java\org\apache\pulsar\zookeeper\LocalBookkeeperEnsembleTest.java,
pulsar,C:\Users\ismak\Documents\GitHub\relation_test_code_smell_ML\dataset\projects\pulsar\pulsar-broker\src\test\java\org\apache\pulsar\zookeeper\ZookeeperServerTest.java,
pulsar,C:\Users\ismak\Documents\GitHub\relation_test_code_smell_ML\dataset\projects\pulsar\pulsar-broker-auth-athenz\src\test\java\org\apache\pulsar\broker\authentication\AuthenticationProviderAthenzTest.java,
pulsar,C:\Users\ismak\Documents\GitHub\relation_test_code_smell_ML\dataset\projects\pulsar\pulsar-broker-auth-oidc\src\test\java\org\apache\pulsar\broker\authentication\oidc\AuthenticationProviderOpenIDTest.java,
pulsar,C:\Users\ismak\Documents\GitHub\relation_test_code_smell_ML\dataset\projects\pulsar\pulsar-broker-auth-oidc\src\test\java\org\apache\pulsar\broker\authentication\oidc\AuthenticationStateOpenIDTest.java,
pulsar,C:\Users\ismak\Documents\GitHub\relation_test_code_smell_ML\dataset\projects\pulsar\pulsar-broker-auth-oidc\src\test\java\org\apache\pulsar\broker\authentication\oidc\ConfigUtilsTest.java,
pulsar,C:\Users\ismak\Documents\GitHub\relation_test_code_smell_ML\dataset\projects\pulsar\pulsar-broker-auth-sasl\src\test\java\org\apache\pulsar\broker\authentication\ProxySaslAuthenticationTest.java,
pulsar,C:\Users\ismak\Documents\GitHub\relation_test_code_smell_ML\dataset\projects\pulsar\pulsar-broker-auth-sasl\src\test\java\org\apache\pulsar\broker\authentication\SaslAuthenticateTest.java,
pulsar,C:\Users\ismak\Documents\GitHub\relation_test_code_smell_ML\dataset\projects\pulsar\pulsar-broker-auth-sasl\src\test\java\org\apache\pulsar\broker\authentication\SaslServerTokenSignerTest.java,
pulsar,C:\Users\ismak\Documents\GitHub\relation_test_code_smell_ML\dataset\projects\pulsar\pulsar-broker-common\src\test\java\org\apache\pulsar\bookie\rackawareness\BookieRackAffinityMappingTest.java,
pulsar,C:\Users\ismak\Documents\GitHub\relation_test_code_smell_ML\dataset\projects\pulsar\pulsar-broker-common\src\test\java\org\apache\pulsar\bookie\rackawareness\IsolatedBookieEnsemblePlacementPolicyTest.java,
pulsar,C:\Users\ismak\Documents\GitHub\relation_test_code_smell_ML\dataset\projects\pulsar\pulsar-broker-common\src\test\java\org\apache\pulsar\broker\authentication\AuthenticationDataSubscriptionTest.java,
pulsar,C:\Users\ismak\Documents\GitHub\relation_test_code_smell_ML\dataset\projects\pulsar\pulsar-broker-common\src\test\java\org\apache\pulsar\broker\authentication\AuthenticationProviderBasicTest.java,
pulsar,C:\Users\ismak\Documents\GitHub\relation_test_code_smell_ML\dataset\projects\pulsar\pulsar-broker-common\src\test\java\org\apache\pulsar\broker\authentication\AuthenticationProviderListTest.java,
pulsar,C:\Users\ismak\Documents\GitHub\relation_test_code_smell_ML\dataset\projects\pulsar\pulsar-broker-common\src\test\java\org\apache\pulsar\broker\authentication\AuthenticationProviderTokenTest.java,
pulsar,C:\Users\ismak\Documents\GitHub\relation_test_code_smell_ML\dataset\projects\pulsar\pulsar-broker-common\src\test\java\org\apache\pulsar\broker\authentication\OneStageAuthenticationStateTest.java,
pulsar,C:\Users\ismak\Documents\GitHub\relation_test_code_smell_ML\dataset\projects\pulsar\pulsar-broker-common\src\test\java\org\apache\pulsar\broker\authorization\AuthorizationServiceTest.java,
pulsar,C:\Users\ismak\Documents\GitHub\relation_test_code_smell_ML\dataset\projects\pulsar\pulsar-broker-common\src\test\java\org\apache\pulsar\broker\authorization\MultiRolesTokenAuthorizationProviderTest.java,
pulsar,C:\Users\ismak\Documents\GitHub\relation_test_code_smell_ML\dataset\projects\pulsar\pulsar-broker-common\src\test\java\org\apache\pulsar\broker\BitRateUnitTest.java,
pulsar,C:\Users\ismak\Documents\GitHub\relation_test_code_smell_ML\dataset\projects\pulsar\pulsar-broker-common\src\test\java\org\apache\pulsar\broker\resources\LoadBalanceResourcesTest.java,
pulsar,C:\Users\ismak\Documents\GitHub\relation_test_code_smell_ML\dataset\projects\pulsar\pulsar-broker-common\src\test\java\org\apache\pulsar\broker\resources\MetadataStoreCacheLoaderTest.java,
pulsar,C:\Users\ismak\Documents\GitHub\relation_test_code_smell_ML\dataset\projects\pulsar\pulsar-broker-common\src\test\java\org\apache\pulsar\broker\resources\NamespaceResourcesTest.java,
pulsar,C:\Users\ismak\Documents\GitHub\relation_test_code_smell_ML\dataset\projects\pulsar\pulsar-broker-common\src\test\java\org\apache\pulsar\broker\resources\TopicResourcesTest.java,
pulsar,C:\Users\ismak\Documents\GitHub\relation_test_code_smell_ML\dataset\projects\pulsar\pulsar-broker-common\src\test\java\org\apache\pulsar\broker\ServiceConfigurationUtilsTest.java,
pulsar,C:\Users\ismak\Documents\GitHub\relation_test_code_smell_ML\dataset\projects\pulsar\pulsar-broker-common\src\test\java\org\apache\pulsar\broker\stats\prometheus\PrometheusMetricsGeneratorUtilsTest.java,
pulsar,C:\Users\ismak\Documents\GitHub\relation_test_code_smell_ML\dataset\projects\pulsar\pulsar-broker-common\src\test\java\org\apache\pulsar\broker\topiclistlimit\TopicListSizeResultCacheTest.java,
pulsar,C:\Users\ismak\Documents\GitHub\relation_test_code_smell_ML\dataset\projects\pulsar\pulsar-broker-common\src\test\java\org\apache\pulsar\broker\validator\BindAddressValidatorTest.java,
pulsar,C:\Users\ismak\Documents\GitHub\relation_test_code_smell_ML\dataset\projects\pulsar\pulsar-broker-common\src\test\java\org\apache\pulsar\broker\validator\MultipleListenerValidatorTest.java,
pulsar,C:\Users\ismak\Documents\GitHub\relation_test_code_smell_ML\dataset\projects\pulsar\pulsar-broker-common\src\test\java\org\apache\pulsar\broker\web\AuthenticationFilterTest.java,
pulsar,C:\Users\ismak\Documents\GitHub\relation_test_code_smell_ML\dataset\projects\pulsar\pulsar-broker-common\src\test\java\org\apache\pulsar\broker\web\DynamicSkipUnknownPropertyHandlerTest.java,
pulsar,C:\Users\ismak\Documents\GitHub\relation_test_code_smell_ML\dataset\projects\pulsar\pulsar-broker-common\src\test\java\org\apache\pulsar\broker\web\GzipHandlerUtilTest.java,
pulsar,C:\Users\ismak\Documents\GitHub\relation_test_code_smell_ML\dataset\projects\pulsar\pulsar-broker-common\src\test\java\org\apache\pulsar\broker\web\plugin\servlet\AdditionalServletsTest.java,
pulsar,C:\Users\ismak\Documents\GitHub\relation_test_code_smell_ML\dataset\projects\pulsar\pulsar-broker-common\src\test\java\org\apache\pulsar\broker\web\plugin\servlet\AdditionalServletUtilsTest.java,
pulsar,C:\Users\ismak\Documents\GitHub\relation_test_code_smell_ML\dataset\projects\pulsar\pulsar-broker-common\src\test\java\org\apache\pulsar\broker\web\plugin\servlet\AdditionalServletWithClassLoaderTest.java,
pulsar,C:\Users\ismak\Documents\GitHub\relation_test_code_smell_ML\dataset\projects\pulsar\pulsar-broker-common\src\test\java\org\apache\pulsar\common\configuration\PulsarConfigurationLoaderTest.java,
pulsar,C:\Users\ismak\Documents\GitHub\relation_test_code_smell_ML\dataset\projects\pulsar\pulsar-broker-common\src\test\java\org\apache\pulsar\common\configuration\VipStatusTest.java,
pulsar,C:\Users\ismak\Documents\GitHub\relation_test_code_smell_ML\dataset\projects\pulsar\pulsar-broker-common\src\test\java\org\apache\pulsar\jetty\tls\JettySslContextFactoryTest.java,
pulsar,C:\Users\ismak\Documents\GitHub\relation_test_code_smell_ML\dataset\projects\pulsar\pulsar-broker-common\src\test\java\org\apache\pulsar\jetty\tls\JettySslContextFactoryWithKeyStoreTest.java,
pulsar,C:\Users\ismak\Documents\GitHub\relation_test_code_smell_ML\dataset\projects\pulsar\pulsar-cli-utils\src\test\java\org\apache\pulsar\cli\converters\ByteConversionTest.java,
pulsar,C:\Users\ismak\Documents\GitHub\relation_test_code_smell_ML\dataset\projects\pulsar\pulsar-cli-utils\src\test\java\org\apache\pulsar\cli\converters\TimeConversionTest.java,
pulsar,C:\Users\ismak\Documents\GitHub\relation_test_code_smell_ML\dataset\projects\pulsar\pulsar-cli-utils\src\test\java\org\apache\pulsar\cli\ValueValidationUtilTest.java,
pulsar,C:\Users\ismak\Documents\GitHub\relation_test_code_smell_ML\dataset\projects\pulsar\pulsar-client\src\test\java\org\apache\pulsar\client\api\AuthenticationTest.java,
pulsar,C:\Users\ismak\Documents\GitHub\relation_test_code_smell_ML\dataset\projects\pulsar\pulsar-client\src\test\java\org\apache\pulsar\client\api\ConsumerConfigurationTest.java,
pulsar,C:\Users\ismak\Documents\GitHub\relation_test_code_smell_ML\dataset\projects\pulsar\pulsar-client\src\test\java\org\apache\pulsar\client\api\ConsumerIdTest.java,
pulsar,C:\Users\ismak\Documents\GitHub\relation_test_code_smell_ML\dataset\projects\pulsar\pulsar-client\src\test\java\org\apache\pulsar\client\api\KeySharedPolicyTest.java,
pulsar,C:\Users\ismak\Documents\GitHub\relation_test_code_smell_ML\dataset\projects\pulsar\pulsar-client\src\test\java\org\apache\pulsar\client\api\MessageIdTest.java,
pulsar,C:\Users\ismak\Documents\GitHub\relation_test_code_smell_ML\dataset\projects\pulsar\pulsar-client\src\test\java\org\apache\pulsar\client\api\MessagePayloadTest.java,
pulsar,C:\Users\ismak\Documents\GitHub\relation_test_code_smell_ML\dataset\projects\pulsar\pulsar-client\src\test\java\org\apache\pulsar\client\api\MessageRouterTest.java,
pulsar,C:\Users\ismak\Documents\GitHub\relation_test_code_smell_ML\dataset\projects\pulsar\pulsar-client\src\test\java\org\apache\pulsar\client\api\MultiplierRedeliveryBackoffTest.java,
pulsar,C:\Users\ismak\Documents\GitHub\relation_test_code_smell_ML\dataset\projects\pulsar\pulsar-client\src\test\java\org\apache\pulsar\client\api\ProtobufSchemaApiSignatureTest.java,
pulsar,C:\Users\ismak\Documents\GitHub\relation_test_code_smell_ML\dataset\projects\pulsar\pulsar-client\src\test\java\org\apache\pulsar\client\api\RangeTest.java,
pulsar,C:\Users\ismak\Documents\GitHub\relation_test_code_smell_ML\dataset\projects\pulsar\pulsar-client\src\test\java\org\apache\pulsar\client\api\SchemaDefinitionBuilderTest.java,
pulsar,C:\Users\ismak\Documents\GitHub\relation_test_code_smell_ML\dataset\projects\pulsar\pulsar-client\src\test\java\org\apache\pulsar\client\impl\AcknowledgementsGroupingTrackerTest.java,
pulsar,C:\Users\ismak\Documents\GitHub\relation_test_code_smell_ML\dataset\projects\pulsar\pulsar-client\src\test\java\org\apache\pulsar\client\impl\auth\AuthenticationTlsTest.java,
pulsar,C:\Users\ismak\Documents\GitHub\relation_test_code_smell_ML\dataset\projects\pulsar\pulsar-client\src\test\java\org\apache\pulsar\client\impl\auth\AuthenticationTokenTest.java,
pulsar,C:\Users\ismak\Documents\GitHub\relation_test_code_smell_ML\dataset\projects\pulsar\pulsar-client\src\test\java\org\apache\pulsar\client\impl\auth\oauth2\AuthenticationFactoryOAuth2Test.java,
pulsar,C:\Users\ismak\Documents\GitHub\relation_test_code_smell_ML\dataset\projects\pulsar\pulsar-client\src\test\java\org\apache\pulsar\client\impl\auth\oauth2\AuthenticationOAuth2StandardAuthzServerTest.java,
pulsar,C:\Users\ismak\Documents\GitHub\relation_test_code_smell_ML\dataset\projects\pulsar\pulsar-client\src\test\java\org\apache\pulsar\client\impl\auth\oauth2\AuthenticationOAuth2Test.java,
pulsar,C:\Users\ismak\Documents\GitHub\relation_test_code_smell_ML\dataset\projects\pulsar\pulsar-client\src\test\java\org\apache\pulsar\client\impl\auth\oauth2\protocol\TokenClientTest.java,
pulsar,C:\Users\ismak\Documents\GitHub\relation_test_code_smell_ML\dataset\projects\pulsar\pulsar-client\src\test\java\org\apache\pulsar\client\impl\auth\oauth2\TlsClientAuthFlowTest.java,
pulsar,C:\Users\ismak\Documents\GitHub\relation_test_code_smell_ML\dataset\projects\pulsar\pulsar-client\src\test\java\org\apache\pulsar\client\impl\AuthenticationUtilTest.java,
pulsar,C:\Users\ismak\Documents\GitHub\relation_test_code_smell_ML\dataset\projects\pulsar\pulsar-client\src\test\java\org\apache\pulsar\client\impl\AutoClusterFailoverTest.java,
pulsar,C:\Users\ismak\Documents\GitHub\relation_test_code_smell_ML\dataset\projects\pulsar\pulsar-client\src\test\java\org\apache\pulsar\client\impl\BatchMessageContainerImplTest.java,
pulsar,C:\Users\ismak\Documents\GitHub\relation_test_code_smell_ML\dataset\projects\pulsar\pulsar-client\src\test\java\org\apache\pulsar\client\impl\BatchMessageIdImplTest.java,
pulsar,C:\Users\ismak\Documents\GitHub\relation_test_code_smell_ML\dataset\projects\pulsar\pulsar-client\src\test\java\org\apache\pulsar\client\impl\BinaryProtoLookupServiceTest.java,
pulsar,C:\Users\ismak\Documents\GitHub\relation_test_code_smell_ML\dataset\projects\pulsar\pulsar-client\src\test\java\org\apache\pulsar\client\impl\BuildersTest.java,
pulsar,C:\Users\ismak\Documents\GitHub\relation_test_code_smell_ML\dataset\projects\pulsar\pulsar-client\src\test\java\org\apache\pulsar\client\impl\ChunkMessageIdImplTest.java,
pulsar,C:\Users\ismak\Documents\GitHub\relation_test_code_smell_ML\dataset\projects\pulsar\pulsar-client\src\test\java\org\apache\pulsar\client\impl\ClientBuilderImplTest.java,
pulsar,C:\Users\ismak\Documents\GitHub\relation_test_code_smell_ML\dataset\projects\pulsar\pulsar-client\src\test\java\org\apache\pulsar\client\impl\ClientCnxIdleStateTest.java,
pulsar,C:\Users\ismak\Documents\GitHub\relation_test_code_smell_ML\dataset\projects\pulsar\pulsar-client\src\test\java\org\apache\pulsar\client\impl\ClientCnxRequestTimeoutQueueTest.java,
pulsar,C:\Users\ismak\Documents\GitHub\relation_test_code_smell_ML\dataset\projects\pulsar\pulsar-client\src\test\java\org\apache\pulsar\client\impl\ClientCnxTest.java,
pulsar,C:\Users\ismak\Documents\GitHub\relation_test_code_smell_ML\dataset\projects\pulsar\pulsar-client\src\test\java\org\apache\pulsar\client\impl\ClientInitializationTest.java,
pulsar,C:\Users\ismak\Documents\GitHub\relation_test_code_smell_ML\dataset\projects\pulsar\pulsar-client\src\test\java\org\apache\pulsar\client\impl\conf\ClientConfigurationDataTest.java,
pulsar,C:\Users\ismak\Documents\GitHub\relation_test_code_smell_ML\dataset\projects\pulsar\pulsar-client\src\test\java\org\apache\pulsar\client\impl\conf\ConfigurationDataUtilsTest.java,
pulsar,C:\Users\ismak\Documents\GitHub\relation_test_code_smell_ML\dataset\projects\pulsar\pulsar-client\src\test\java\org\apache\pulsar\client\impl\conf\ConsumerConfigurationDataTest.java,
pulsar,C:\Users\ismak\Documents\GitHub\relation_test_code_smell_ML\dataset\projects\pulsar\pulsar-client\src\test\java\org\apache\pulsar\client\impl\conf\DefaultCryptoKeyReaderConfigurationDataTest.java,
pulsar,C:\Users\ismak\Documents\GitHub\relation_test_code_smell_ML\dataset\projects\pulsar\pulsar-client\src\test\java\org\apache\pulsar\client\impl\conf\TopicConsumerConfigurationDataTest.java,
pulsar,C:\Users\ismak\Documents\GitHub\relation_test_code_smell_ML\dataset\projects\pulsar\pulsar-client\src\test\java\org\apache\pulsar\client\impl\ConnectionTimeoutTest.java,
pulsar,C:\Users\ismak\Documents\GitHub\relation_test_code_smell_ML\dataset\projects\pulsar\pulsar-client\src\test\java\org\apache\pulsar\client\impl\ConsumerBuilderImplTest.java,
pulsar,C:\Users\ismak\Documents\GitHub\relation_test_code_smell_ML\dataset\projects\pulsar\pulsar-client\src\test\java\org\apache\pulsar\client\impl\ConsumerImplTest.java,
pulsar,C:\Users\ismak\Documents\GitHub\relation_test_code_smell_ML\dataset\projects\pulsar\pulsar-client\src\test\java\org\apache\pulsar\client\impl\ControlledClusterFailoverTest.java,
pulsar,C:\Users\ismak\Documents\GitHub\relation_test_code_smell_ML\dataset\projects\pulsar\pulsar-client\src\test\java\org\apache\pulsar\client\impl\DefaultCryptoKeyReaderTest.java,
pulsar,C:\Users\ismak\Documents\GitHub\relation_test_code_smell_ML\dataset\projects\pulsar\pulsar-client\src\test\java\org\apache\pulsar\client\impl\HashTest.java,
pulsar,C:\Users\ismak\Documents\GitHub\relation_test_code_smell_ML\dataset\projects\pulsar\pulsar-client\src\test\java\org\apache\pulsar\client\impl\HttpClientTest.java,
pulsar,C:\Users\ismak\Documents\GitHub\relation_test_code_smell_ML\dataset\projects\pulsar\pulsar-client\src\test\java\org\apache\pulsar\client\impl\HttpLookupServiceTest.java,
pulsar,C:\Users\ismak\Documents\GitHub\relation_test_code_smell_ML\dataset\projects\pulsar\pulsar-client\src\test\java\org\apache\pulsar\client\impl\LastCumulativeAckTest.java,
pulsar,C:\Users\ismak\Documents\GitHub\relation_test_code_smell_ML\dataset\projects\pulsar\pulsar-client\src\test\java\org\apache\pulsar\client\impl\MemoryLimitControllerTest.java,
pulsar,C:\Users\ismak\Documents\GitHub\relation_test_code_smell_ML\dataset\projects\pulsar\pulsar-client\src\test\java\org\apache\pulsar\client\impl\MessageIdAdvUtilsTest.java,
pulsar,C:\Users\ismak\Documents\GitHub\relation_test_code_smell_ML\dataset\projects\pulsar\pulsar-client\src\test\java\org\apache\pulsar\client\impl\MessageIdCompareToTest.java,
pulsar,C:\Users\ismak\Documents\GitHub\relation_test_code_smell_ML\dataset\projects\pulsar\pulsar-client\src\test\java\org\apache\pulsar\client\impl\MessageIdSerializationTest.java,
pulsar,C:\Users\ismak\Documents\GitHub\relation_test_code_smell_ML\dataset\projects\pulsar\pulsar-client\src\test\java\org\apache\pulsar\client\impl\MessageImplTest.java,
pulsar,C:\Users\ismak\Documents\GitHub\relation_test_code_smell_ML\dataset\projects\pulsar\pulsar-client\src\test\java\org\apache\pulsar\client\impl\MessageTest.java,
pulsar,C:\Users\ismak\Documents\GitHub\relation_test_code_smell_ML\dataset\projects\pulsar\pulsar-client\src\test\java\org\apache\pulsar\client\impl\metrics\MemoryBufferStatsTest.java,
pulsar,C:\Users\ismak\Documents\GitHub\relation_test_code_smell_ML\dataset\projects\pulsar\pulsar-client\src\test\java\org\apache\pulsar\client\impl\MultiTopicsConsumerImplTest.java,
pulsar,C:\Users\ismak\Documents\GitHub\relation_test_code_smell_ML\dataset\projects\pulsar\pulsar-client\src\test\java\org\apache\pulsar\client\impl\NativeImageConfigTest.java,
pulsar,C:\Users\ismak\Documents\GitHub\relation_test_code_smell_ML\dataset\projects\pulsar\pulsar-client\src\test\java\org\apache\pulsar\client\impl\OpSendMsgQueueTest.java,
pulsar,C:\Users\ismak\Documents\GitHub\relation_test_code_smell_ML\dataset\projects\pulsar\pulsar-client\src\test\java\org\apache\pulsar\client\impl\PartitionedProducerImplTest.java,
pulsar,C:\Users\ismak\Documents\GitHub\relation_test_code_smell_ML\dataset\projects\pulsar\pulsar-client\src\test\java\org\apache\pulsar\client\impl\PatternConsumerUpdateQueueTest.java,
pulsar,C:\Users\ismak\Documents\GitHub\relation_test_code_smell_ML\dataset\projects\pulsar\pulsar-client\src\test\java\org\apache\pulsar\client\impl\PatternMultiTopicsConsumerImplTest.java,
pulsar,C:\Users\ismak\Documents\GitHub\relation_test_code_smell_ML\dataset\projects\pulsar\pulsar-client\src\test\java\org\apache\pulsar\client\impl\ProducerBuilderImplTest.java,
pulsar,C:\Users\ismak\Documents\GitHub\relation_test_code_smell_ML\dataset\projects\pulsar\pulsar-client\src\test\java\org\apache\pulsar\client\impl\ProducerImplTest.java,
pulsar,C:\Users\ismak\Documents\GitHub\relation_test_code_smell_ML\dataset\projects\pulsar\pulsar-client\src\test\java\org\apache\pulsar\client\impl\ProducerStatsRecorderImplTest.java,
pulsar,C:\Users\ismak\Documents\GitHub\relation_test_code_smell_ML\dataset\projects\pulsar\pulsar-client\src\test\java\org\apache\pulsar\client\impl\PulsarClientImplTest.java,
pulsar,C:\Users\ismak\Documents\GitHub\relation_test_code_smell_ML\dataset\projects\pulsar\pulsar-client\src\test\java\org\apache\pulsar\client\impl\PulsarClientSharedResourcesBuilderImplTest.java,
pulsar,C:\Users\ismak\Documents\GitHub\relation_test_code_smell_ML\dataset\projects\pulsar\pulsar-client\src\test\java\org\apache\pulsar\client\impl\PulsarServiceNameResolverTest.java,
pulsar,C:\Users\ismak\Documents\GitHub\relation_test_code_smell_ML\dataset\projects\pulsar\pulsar-client\src\test\java\org\apache\pulsar\client\impl\ReaderImplTest.java,
pulsar,C:\Users\ismak\Documents\GitHub\relation_test_code_smell_ML\dataset\projects\pulsar\pulsar-client\src\test\java\org\apache\pulsar\client\impl\RoundRobinPartitionMessageRouterImplTest.java,
pulsar,C:\Users\ismak\Documents\GitHub\relation_test_code_smell_ML\dataset\projects\pulsar\pulsar-client\src\test\java\org\apache\pulsar\client\impl\SameAuthParamsLookupAutoClusterFailoverTest.java,
pulsar,C:\Users\ismak\Documents\GitHub\relation_test_code_smell_ML\dataset\projects\pulsar\pulsar-client\src\test\java\org\apache\pulsar\client\impl\schema\AutoConsumeSchemaTest.java,
pulsar,C:\Users\ismak\Documents\GitHub\relation_test_code_smell_ML\dataset\projects\pulsar\pulsar-client\src\test\java\org\apache\pulsar\client\impl\schema\AutoProduceBytesSchemaTest.java,
pulsar,C:\Users\ismak\Documents\GitHub\relation_test_code_smell_ML\dataset\projects\pulsar\pulsar-client\src\test\java\org\apache\pulsar\client\impl\schema\AvroSchemaTest.java,
pulsar,C:\Users\ismak\Documents\GitHub\relation_test_code_smell_ML\dataset\projects\pulsar\pulsar-client\src\test\java\org\apache\pulsar\client\impl\schema\BooleanSchemaTest.java,
pulsar,C:\Users\ismak\Documents\GitHub\relation_test_code_smell_ML\dataset\projects\pulsar\pulsar-client\src\test\java\org\apache\pulsar\client\impl\schema\BytesSchemaTest.java,
pulsar,C:\Users\ismak\Documents\GitHub\relation_test_code_smell_ML\dataset\projects\pulsar\pulsar-client\src\test\java\org\apache\pulsar\client\impl\schema\DateSchemaTest.java,
pulsar,C:\Users\ismak\Documents\GitHub\relation_test_code_smell_ML\dataset\projects\pulsar\pulsar-client\src\test\java\org\apache\pulsar\client\impl\schema\DefaultSchemasTest.java,
pulsar,C:\Users\ismak\Documents\GitHub\relation_test_code_smell_ML\dataset\projects\pulsar\pulsar-client\src\test\java\org\apache\pulsar\client\impl\schema\DoubleSchemaTest.java,
pulsar,C:\Users\ismak\Documents\GitHub\relation_test_code_smell_ML\dataset\projects\pulsar\pulsar-client\src\test\java\org\apache\pulsar\client\impl\schema\FloatSchemaTest.java,
pulsar,C:\Users\ismak\Documents\GitHub\relation_test_code_smell_ML\dataset\projects\pulsar\pulsar-client\src\test\java\org\apache\pulsar\client\impl\schema\generic\AbstractGenericSchemaTest.java,
pulsar,C:\Users\ismak\Documents\GitHub\relation_test_code_smell_ML\dataset\projects\pulsar\pulsar-client\src\test\java\org\apache\pulsar\client\impl\schema\generic\GenericAvroReaderTest.java,
pulsar,C:\Users\ismak\Documents\GitHub\relation_test_code_smell_ML\dataset\projects\pulsar\pulsar-client\src\test\java\org\apache\pulsar\client\impl\schema\generic\GenericAvroRecordTest.java,
pulsar,C:\Users\ismak\Documents\GitHub\relation_test_code_smell_ML\dataset\projects\pulsar\pulsar-client\src\test\java\org\apache\pulsar\client\impl\schema\generic\GenericAvroSchemaTest.java,
pulsar,C:\Users\ismak\Documents\GitHub\relation_test_code_smell_ML\dataset\projects\pulsar\pulsar-client\src\test\java\org\apache\pulsar\client\impl\schema\generic\GenericJsonRecordTest.java,
pulsar,C:\Users\ismak\Documents\GitHub\relation_test_code_smell_ML\dataset\projects\pulsar\pulsar-client\src\test\java\org\apache\pulsar\client\impl\schema\generic\GenericProtobufNativeReaderTest.java,
pulsar,C:\Users\ismak\Documents\GitHub\relation_test_code_smell_ML\dataset\projects\pulsar\pulsar-client\src\test\java\org\apache\pulsar\client\impl\schema\generic\GenericProtobufNativeSchemaTest.java,
pulsar,C:\Users\ismak\Documents\GitHub\relation_test_code_smell_ML\dataset\projects\pulsar\pulsar-client\src\test\java\org\apache\pulsar\client\impl\schema\generic\GenericSchemaImplTest.java,
pulsar,C:\Users\ismak\Documents\GitHub\relation_test_code_smell_ML\dataset\projects\pulsar\pulsar-client\src\test\java\org\apache\pulsar\client\impl\schema\generic\GenericSchemaTest.java,
pulsar,C:\Users\ismak\Documents\GitHub\relation_test_code_smell_ML\dataset\projects\pulsar\pulsar-client\src\test\java\org\apache\pulsar\client\impl\schema\generic\MultiVersionSchemaInfoProviderTest.java,
pulsar,C:\Users\ismak\Documents\GitHub\relation_test_code_smell_ML\dataset\projects\pulsar\pulsar-client\src\test\java\org\apache\pulsar\client\impl\schema\InstantSchemaTest.java,
pulsar,C:\Users\ismak\Documents\GitHub\relation_test_code_smell_ML\dataset\projects\pulsar\pulsar-client\src\test\java\org\apache\pulsar\client\impl\schema\IntSchemaTest.java,
pulsar,C:\Users\ismak\Documents\GitHub\relation_test_code_smell_ML\dataset\projects\pulsar\pulsar-client\src\test\java\org\apache\pulsar\client\impl\schema\JSONSchemaTest.java,
pulsar,C:\Users\ismak\Documents\GitHub\relation_test_code_smell_ML\dataset\projects\pulsar\pulsar-client\src\test\java\org\apache\pulsar\client\impl\schema\KeyValueSchemaInfoTest.java,
pulsar,C:\Users\ismak\Documents\GitHub\relation_test_code_smell_ML\dataset\projects\pulsar\pulsar-client\src\test\java\org\apache\pulsar\client\impl\schema\KeyValueSchemaTest.java,
pulsar,C:\Users\ismak\Documents\GitHub\relation_test_code_smell_ML\dataset\projects\pulsar\pulsar-client\src\test\java\org\apache\pulsar\client\impl\schema\LocalDateSchemaTest.java,
pulsar,C:\Users\ismak\Documents\GitHub\relation_test_code_smell_ML\dataset\projects\pulsar\pulsar-client\src\test\java\org\apache\pulsar\client\impl\schema\LocalDateTimeSchemaTest.java,
pulsar,C:\Users\ismak\Documents\GitHub\relation_test_code_smell_ML\dataset\projects\pulsar\pulsar-client\src\test\java\org\apache\pulsar\client\impl\schema\LocalTimeSchemaTest.java,
pulsar,C:\Users\ismak\Documents\GitHub\relation_test_code_smell_ML\dataset\projects\pulsar\pulsar-client\src\test\java\org\apache\pulsar\client\impl\schema\LongSchemaTest.java,
pulsar,C:\Users\ismak\Documents\GitHub\relation_test_code_smell_ML\dataset\projects\pulsar\pulsar-client\src\test\java\org\apache\pulsar\client\impl\schema\PrimitiveSchemaTest.java,
pulsar,C:\Users\ismak\Documents\GitHub\relation_test_code_smell_ML\dataset\projects\pulsar\pulsar-client\src\test\java\org\apache\pulsar\client\impl\schema\ProtobufNativeSchemaTest.java,
pulsar,C:\Users\ismak\Documents\GitHub\relation_test_code_smell_ML\dataset\projects\pulsar\pulsar-client\src\test\java\org\apache\pulsar\client\impl\schema\ProtobufNativeSchemaUtilsTest.java,
pulsar,C:\Users\ismak\Documents\GitHub\relation_test_code_smell_ML\dataset\projects\pulsar\pulsar-client\src\test\java\org\apache\pulsar\client\impl\schema\ProtobufSchemaTest.java,
pulsar,C:\Users\ismak\Documents\GitHub\relation_test_code_smell_ML\dataset\projects\pulsar\pulsar-client\src\test\java\org\apache\pulsar\client\impl\schema\SchemaBuilderTest.java,
pulsar,C:\Users\ismak\Documents\GitHub\relation_test_code_smell_ML\dataset\projects\pulsar\pulsar-client\src\test\java\org\apache\pulsar\client\impl\schema\SchemaIdUtilTest.java,
pulsar,C:\Users\ismak\Documents\GitHub\relation_test_code_smell_ML\dataset\projects\pulsar\pulsar-client\src\test\java\org\apache\pulsar\client\impl\schema\SchemaInfoTest.java,
pulsar,C:\Users\ismak\Documents\GitHub\relation_test_code_smell_ML\dataset\projects\pulsar\pulsar-client\src\test\java\org\apache\pulsar\client\impl\schema\ShortSchemaTest.java,
pulsar,C:\Users\ismak\Documents\GitHub\relation_test_code_smell_ML\dataset\projects\pulsar\pulsar-client\src\test\java\org\apache\pulsar\client\impl\schema\StringSchemaTest.java,
pulsar,C:\Users\ismak\Documents\GitHub\relation_test_code_smell_ML\dataset\projects\pulsar\pulsar-client\src\test\java\org\apache\pulsar\client\impl\schema\SupportVersioningAvroSchemaTest.java,
pulsar,C:\Users\ismak\Documents\GitHub\relation_test_code_smell_ML\dataset\projects\pulsar\pulsar-client\src\test\java\org\apache\pulsar\client\impl\schema\SupportVersioningKeyValueSchemaTest.java,
pulsar,C:\Users\ismak\Documents\GitHub\relation_test_code_smell_ML\dataset\projects\pulsar\pulsar-client\src\test\java\org\apache\pulsar\client\impl\schema\TimeSchemaTest.java,
pulsar,C:\Users\ismak\Documents\GitHub\relation_test_code_smell_ML\dataset\projects\pulsar\pulsar-client\src\test\java\org\apache\pulsar\client\impl\schema\TimestampSchemaTest.java,
pulsar,C:\Users\ismak\Documents\GitHub\relation_test_code_smell_ML\dataset\projects\pulsar\pulsar-client\src\test\java\org\apache\pulsar\client\impl\schema\util\SchemaUtilTest.java,
pulsar,C:\Users\ismak\Documents\GitHub\relation_test_code_smell_ML\dataset\projects\pulsar\pulsar-client\src\test\java\org\apache\pulsar\client\impl\SinglePartitionMessageRouterImplTest.java,
pulsar,C:\Users\ismak\Documents\GitHub\relation_test_code_smell_ML\dataset\projects\pulsar\pulsar-client\src\test\java\org\apache\pulsar\client\impl\TableViewBuilderImplTest.java,
pulsar,C:\Users\ismak\Documents\GitHub\relation_test_code_smell_ML\dataset\projects\pulsar\pulsar-client\src\test\java\org\apache\pulsar\client\impl\TableViewConfigurationDataTest.java,
pulsar,C:\Users\ismak\Documents\GitHub\relation_test_code_smell_ML\dataset\projects\pulsar\pulsar-client\src\test\java\org\apache\pulsar\client\impl\TableViewImplTest.java,
pulsar,C:\Users\ismak\Documents\GitHub\relation_test_code_smell_ML\dataset\projects\pulsar\pulsar-client\src\test\java\org\apache\pulsar\client\impl\TopicConsumerBuilderImplTest.java,
pulsar,C:\Users\ismak\Documents\GitHub\relation_test_code_smell_ML\dataset\projects\pulsar\pulsar-client\src\test\java\org\apache\pulsar\client\impl\TopicListWatcherTest.java,
pulsar,C:\Users\ismak\Documents\GitHub\relation_test_code_smell_ML\dataset\projects\pulsar\pulsar-client\src\test\java\org\apache\pulsar\client\impl\TopicMessageIdImplTest.java,
pulsar,C:\Users\ismak\Documents\GitHub\relation_test_code_smell_ML\dataset\projects\pulsar\pulsar-client\src\test\java\org\apache\pulsar\client\impl\TopicMetadataImplTest.java,
pulsar,C:\Users\ismak\Documents\GitHub\relation_test_code_smell_ML\dataset\projects\pulsar\pulsar-client\src\test\java\org\apache\pulsar\client\impl\tracing\OpenTelemetryTracingTest.java,
pulsar,C:\Users\ismak\Documents\GitHub\relation_test_code_smell_ML\dataset\projects\pulsar\pulsar-client\src\test\java\org\apache\pulsar\client\impl\tracing\TracingExampleTest.java,
pulsar,C:\Users\ismak\Documents\GitHub\relation_test_code_smell_ML\dataset\projects\pulsar\pulsar-client\src\test\java\org\apache\pulsar\client\impl\TransactionBuilderTest.java,
pulsar,C:\Users\ismak\Documents\GitHub\relation_test_code_smell_ML\dataset\projects\pulsar\pulsar-client\src\test\java\org\apache\pulsar\client\impl\TransactionMetaStoreHandlerTest.java,
pulsar,C:\Users\ismak\Documents\GitHub\relation_test_code_smell_ML\dataset\projects\pulsar\pulsar-client\src\test\java\org\apache\pulsar\client\impl\TypedMessageBuilderImplTest.java,
pulsar,C:\Users\ismak\Documents\GitHub\relation_test_code_smell_ML\dataset\projects\pulsar\pulsar-client\src\test\java\org\apache\pulsar\client\impl\UnAckedMessageTrackerTest.java,
pulsar,C:\Users\ismak\Documents\GitHub\relation_test_code_smell_ML\dataset\projects\pulsar\pulsar-client\src\test\java\org\apache\pulsar\client\impl\UnAckedTopicMessageRedeliveryTrackerTest.java,
pulsar,C:\Users\ismak\Documents\GitHub\relation_test_code_smell_ML\dataset\projects\pulsar\pulsar-client\src\test\java\org\apache\pulsar\client\util\MathUtilsTest.java,
pulsar,C:\Users\ismak\Documents\GitHub\relation_test_code_smell_ML\dataset\projects\pulsar\pulsar-client\src\test\java\org\apache\pulsar\client\util\ObjectCacheTest.java,
pulsar,C:\Users\ismak\Documents\GitHub\relation_test_code_smell_ML\dataset\projects\pulsar\pulsar-client\src\test\java\org\apache\pulsar\common\schema\KeyValueTest.java,
pulsar,C:\Users\ismak\Documents\GitHub\relation_test_code_smell_ML\dataset\projects\pulsar\pulsar-client-admin\src\test\java\org\apache\pulsar\client\admin\internal\AsyncGetRequestTest.java,
pulsar,C:\Users\ismak\Documents\GitHub\relation_test_code_smell_ML\dataset\projects\pulsar\pulsar-client-admin\src\test\java\org\apache\pulsar\client\admin\internal\http\AsyncHttpConnectorSocks5Test.java,
pulsar,C:\Users\ismak\Documents\GitHub\relation_test_code_smell_ML\dataset\projects\pulsar\pulsar-client-admin\src\test\java\org\apache\pulsar\client\admin\internal\http\AsyncHttpConnectorTest.java,
pulsar,C:\Users\ismak\Documents\GitHub\relation_test_code_smell_ML\dataset\projects\pulsar\pulsar-client-admin\src\test\java\org\apache\pulsar\client\admin\internal\PulsarAdminBuilderImplTest.java,
pulsar,C:\Users\ismak\Documents\GitHub\relation_test_code_smell_ML\dataset\projects\pulsar\pulsar-client-admin\src\test\java\org\apache\pulsar\client\admin\internal\PulsarAdminGzipTest.java,
pulsar,C:\Users\ismak\Documents\GitHub\relation_test_code_smell_ML\dataset\projects\pulsar\pulsar-client-admin\src\test\java\org\apache\pulsar\client\admin\internal\PulsarAdminImplTest.java,
pulsar,C:\Users\ismak\Documents\GitHub\relation_test_code_smell_ML\dataset\projects\pulsar\pulsar-client-admin\src\test\java\org\apache\pulsar\client\admin\internal\SinksImplTest.java,
pulsar,C:\Users\ismak\Documents\GitHub\relation_test_code_smell_ML\dataset\projects\pulsar\pulsar-client-admin\src\test\java\org\apache\pulsar\client\admin\NativeImageConfigAdminTest.java,
pulsar,C:\Users\ismak\Documents\GitHub\relation_test_code_smell_ML\dataset\projects\pulsar\pulsar-client-admin-api\src\test\java\org\apache\pulsar\common\policies\data\ScalableSubscriptionTypeTest.java,
pulsar,C:\Users\ismak\Documents\GitHub\relation_test_code_smell_ML\dataset\projects\pulsar\pulsar-client-admin-api\src\test\java\org\apache\pulsar\common\policies\data\ScalableTopicMetadataTest.java,
pulsar,C:\Users\ismak\Documents\GitHub\relation_test_code_smell_ML\dataset\projects\pulsar\pulsar-client-admin-api\src\test\java\org\apache\pulsar\common\policies\data\ScalableTopicStatsTest.java,
pulsar,C:\Users\ismak\Documents\GitHub\relation_test_code_smell_ML\dataset\projects\pulsar\pulsar-client-admin-api\src\test\java\org\apache\pulsar\policies\data\loadbalancer\NamespaceBundleStatsTest.java,
pulsar,C:\Users\ismak\Documents\GitHub\relation_test_code_smell_ML\dataset\projects\pulsar\pulsar-client-api-v5\src\test\java\org\apache\pulsar\client\api\v5\auth\PemFileKeyProviderTest.java,
pulsar,C:\Users\ismak\Documents\GitHub\relation_test_code_smell_ML\dataset\projects\pulsar\pulsar-client-api-v5\src\test\java\org\apache\pulsar\client\api\v5\config\EncryptionPolicyTest.java,
pulsar,C:\Users\ismak\Documents\GitHub\relation_test_code_smell_ML\dataset\projects\pulsar\pulsar-client-auth-athenz\src\test\java\org\apache\pulsar\client\impl\auth\AuthenticationAthenzTest.java,
pulsar,C:\Users\ismak\Documents\GitHub\relation_test_code_smell_ML\dataset\projects\pulsar\pulsar-client-tools\src\test\java\org\apache\pulsar\admin\cli\CmdTopicPoliciesTest.java,
pulsar,C:\Users\ismak\Documents\GitHub\relation_test_code_smell_ML\dataset\projects\pulsar\pulsar-client-tools\src\test\java\org\apache\pulsar\admin\cli\TestCmdClusters.java,
pulsar,C:\Users\ismak\Documents\GitHub\relation_test_code_smell_ML\dataset\projects\pulsar\pulsar-client-tools\src\test\java\org\apache\pulsar\admin\cli\TestCmdFunctionWorker.java,
pulsar,C:\Users\ismak\Documents\GitHub\relation_test_code_smell_ML\dataset\projects\pulsar\pulsar-client-tools\src\test\java\org\apache\pulsar\admin\cli\TestCmdNamespaceIsolationPolicy.java,
pulsar,C:\Users\ismak\Documents\GitHub\relation_test_code_smell_ML\dataset\projects\pulsar\pulsar-client-tools\src\test\java\org\apache\pulsar\admin\cli\TestCmdNamespaces.java,
pulsar,C:\Users\ismak\Documents\GitHub\relation_test_code_smell_ML\dataset\projects\pulsar\pulsar-client-tools\src\test\java\org\apache\pulsar\admin\cli\TestCmdPackages.java,
pulsar,C:\Users\ismak\Documents\GitHub\relation_test_code_smell_ML\dataset\projects\pulsar\pulsar-client-tools\src\test\java\org\apache\pulsar\admin\cli\TestCmdSchema.java,
pulsar,C:\Users\ismak\Documents\GitHub\relation_test_code_smell_ML\dataset\projects\pulsar\pulsar-client-tools\src\test\java\org\apache\pulsar\admin\cli\TestCmdSinks.java,
pulsar,C:\Users\ismak\Documents\GitHub\relation_test_code_smell_ML\dataset\projects\pulsar\pulsar-client-tools\src\test\java\org\apache\pulsar\admin\cli\TestCmdSources.java,
pulsar,C:\Users\ismak\Documents\GitHub\relation_test_code_smell_ML\dataset\projects\pulsar\pulsar-client-tools\src\test\java\org\apache\pulsar\admin\cli\TestCmdTopics.java,
pulsar,C:\Users\ismak\Documents\GitHub\relation_test_code_smell_ML\dataset\projects\pulsar\pulsar-client-tools\src\test\java\org\apache\pulsar\admin\cli\TestRunMain.java,
pulsar,C:\Users\ismak\Documents\GitHub\relation_test_code_smell_ML\dataset\projects\pulsar\pulsar-client-tools\src\test\java\org\apache\pulsar\client\cli\TestCmdConsume.java,
pulsar,C:\Users\ismak\Documents\GitHub\relation_test_code_smell_ML\dataset\projects\pulsar\pulsar-client-tools\src\test\java\org\apache\pulsar\client\cli\TestCmdProduce.java,
pulsar,C:\Users\ismak\Documents\GitHub\relation_test_code_smell_ML\dataset\projects\pulsar\pulsar-client-tools\src\test\java\org\apache\pulsar\client\cli\TestCmdRead.java,
pulsar,C:\Users\ismak\Documents\GitHub\relation_test_code_smell_ML\dataset\projects\pulsar\pulsar-client-tools\src\test\java\org\apache\pulsar\shell\AdminShellTest.java,
pulsar,C:\Users\ismak\Documents\GitHub\relation_test_code_smell_ML\dataset\projects\pulsar\pulsar-client-tools\src\test\java\org\apache\pulsar\shell\ConfigShellTest.java,
pulsar,C:\Users\ismak\Documents\GitHub\relation_test_code_smell_ML\dataset\projects\pulsar\pulsar-client-tools\src\test\java\org\apache\pulsar\shell\PulsarShellTest.java,
pulsar,C:\Users\ismak\Documents\GitHub\relation_test_code_smell_ML\dataset\projects\pulsar\pulsar-client-tools-test\src\test\java\org\apache\pulsar\admin\cli\CmdFunctionsTest.java,
pulsar,C:\Users\ismak\Documents\GitHub\relation_test_code_smell_ML\dataset\projects\pulsar\pulsar-client-tools-test\src\test\java\org\apache\pulsar\admin\cli\PulsarAdminToolTest.java,
pulsar,C:\Users\ismak\Documents\GitHub\relation_test_code_smell_ML\dataset\projects\pulsar\pulsar-client-tools-test\src\test\java\org\apache\pulsar\admin\cli\utils\IOUtilsTest.java,
pulsar,C:\Users\ismak\Documents\GitHub\relation_test_code_smell_ML\dataset\projects\pulsar\pulsar-client-tools-test\src\test\java\org\apache\pulsar\client\cli\DocumentTest.java,
pulsar,C:\Users\ismak\Documents\GitHub\relation_test_code_smell_ML\dataset\projects\pulsar\pulsar-client-tools-test\src\test\java\org\apache\pulsar\client\cli\PulsarClientToolTest.java,
pulsar,C:\Users\ismak\Documents\GitHub\relation_test_code_smell_ML\dataset\projects\pulsar\pulsar-client-tools-test\src\test\java\org\apache\pulsar\client\cli\PulsarClientToolWsTest.java,
pulsar,C:\Users\ismak\Documents\GitHub\relation_test_code_smell_ML\dataset\projects\pulsar\pulsar-client-v5\src\test\java\org\apache\pulsar\client\impl\v5\AuthenticationAdapterTest.java,
pulsar,C:\Users\ismak\Documents\GitHub\relation_test_code_smell_ML\dataset\projects\pulsar\pulsar-client-v5\src\test\java\org\apache\pulsar\client\impl\v5\CheckpointV5Test.java,
pulsar,C:\Users\ismak\Documents\GitHub\relation_test_code_smell_ML\dataset\projects\pulsar\pulsar-client-v5\src\test\java\org\apache\pulsar\client\impl\v5\ClientSegmentLayoutTest.java,
pulsar,C:\Users\ismak\Documents\GitHub\relation_test_code_smell_ML\dataset\projects\pulsar\pulsar-client-v5\src\test\java\org\apache\pulsar\client\impl\v5\MessageIdV5Test.java,
pulsar,C:\Users\ismak\Documents\GitHub\relation_test_code_smell_ML\dataset\projects\pulsar\pulsar-client-v5\src\test\java\org\apache\pulsar\client\impl\v5\PulsarClientBuilderV5Test.java,
pulsar,C:\Users\ismak\Documents\GitHub\relation_test_code_smell_ML\dataset\projects\pulsar\pulsar-client-v5\src\test\java\org\apache\pulsar\client\impl\v5\SchemaFactoryTest.java,
pulsar,C:\Users\ismak\Documents\GitHub\relation_test_code_smell_ML\dataset\projects\pulsar\pulsar-client-v5\src\test\java\org\apache\pulsar\client\impl\v5\SegmentRouterTest.java,
pulsar,C:\Users\ismak\Documents\GitHub\relation_test_code_smell_ML\dataset\projects\pulsar\pulsar-client-v5\src\test\java\org\apache\pulsar\client\impl\v5\V5UtilsTest.java,
pulsar,C:\Users\ismak\Documents\GitHub\relation_test_code_smell_ML\dataset\projects\pulsar\pulsar-common\src\test\java\org\apache\pulsar\AddMissingPatchVersionTest.java,
pulsar,C:\Users\ismak\Documents\GitHub\relation_test_code_smell_ML\dataset\projects\pulsar\pulsar-common\src\test\java\org\apache\pulsar\common\allocator\PulsarByteBufAllocatorDefaultTest.java,
pulsar,C:\Users\ismak\Documents\GitHub\relation_test_code_smell_ML\dataset\projects\pulsar\pulsar-common\src\test\java\org\apache\pulsar\common\allocator\PulsarByteBufAllocatorOomThrowExceptionTest.java,
pulsar,C:\Users\ismak\Documents\GitHub\relation_test_code_smell_ML\dataset\projects\pulsar\pulsar-common\src\test\java\org\apache\pulsar\common\allocator\PulsarByteBufAllocatorTest.java,
pulsar,C:\Users\ismak\Documents\GitHub\relation_test_code_smell_ML\dataset\projects\pulsar\pulsar-common\src\test\java\org\apache\pulsar\common\api\raw\RawMessageImplTest.java,
pulsar,C:\Users\ismak\Documents\GitHub\relation_test_code_smell_ML\dataset\projects\pulsar\pulsar-common\src\test\java\org\apache\pulsar\common\compression\CommandsTest.java,
pulsar,C:\Users\ismak\Documents\GitHub\relation_test_code_smell_ML\dataset\projects\pulsar\pulsar-common\src\test\java\org\apache\pulsar\common\compression\CompressorCodecBackwardCompatTest.java,
pulsar,C:\Users\ismak\Documents\GitHub\relation_test_code_smell_ML\dataset\projects\pulsar\pulsar-common\src\test\java\org\apache\pulsar\common\compression\CompressorCodecTest.java,
pulsar,C:\Users\ismak\Documents\GitHub\relation_test_code_smell_ML\dataset\projects\pulsar\pulsar-common\src\test\java\org\apache\pulsar\common\compression\Crc32cChecksumTest.java,
pulsar,C:\Users\ismak\Documents\GitHub\relation_test_code_smell_ML\dataset\projects\pulsar\pulsar-common\src\test\java\org\apache\pulsar\common\io\BatchSourceConfigParseTest.java,
pulsar,C:\Users\ismak\Documents\GitHub\relation_test_code_smell_ML\dataset\projects\pulsar\pulsar-common\src\test\java\org\apache\pulsar\common\lookup\data\LookupDataTest.java,
pulsar,C:\Users\ismak\Documents\GitHub\relation_test_code_smell_ML\dataset\projects\pulsar\pulsar-common\src\test\java\org\apache\pulsar\common\naming\MetadataTest.java,
pulsar,C:\Users\ismak\Documents\GitHub\relation_test_code_smell_ML\dataset\projects\pulsar\pulsar-common\src\test\java\org\apache\pulsar\common\naming\NamespaceNameTest.java,
pulsar,C:\Users\ismak\Documents\GitHub\relation_test_code_smell_ML\dataset\projects\pulsar\pulsar-common\src\test\java\org\apache\pulsar\common\naming\SystemTopicNamesTest.java,
pulsar,C:\Users\ismak\Documents\GitHub\relation_test_code_smell_ML\dataset\projects\pulsar\pulsar-common\src\test\java\org\apache\pulsar\common\naming\TopicNameTest.java,
pulsar,C:\Users\ismak\Documents\GitHub\relation_test_code_smell_ML\dataset\projects\pulsar\pulsar-common\src\test\java\org\apache\pulsar\common\nar\NarUnpackerTest.java,
pulsar,C:\Users\ismak\Documents\GitHub\relation_test_code_smell_ML\dataset\projects\pulsar\pulsar-common\src\test\java\org\apache\pulsar\common\net\ServiceURITest.java,
pulsar,C:\Users\ismak\Documents\GitHub\relation_test_code_smell_ML\dataset\projects\pulsar\pulsar-common\src\test\java\org\apache\pulsar\common\policies\data\AutoFailoverPolicyDataTest.java,
pulsar,C:\Users\ismak\Documents\GitHub\relation_test_code_smell_ML\dataset\projects\pulsar\pulsar-common\src\test\java\org\apache\pulsar\common\policies\data\AutoFailoverPolicyTypeTest.java,
pulsar,C:\Users\ismak\Documents\GitHub\relation_test_code_smell_ML\dataset\projects\pulsar\pulsar-common\src\test\java\org\apache\pulsar\common\policies\data\AutoTopicCreationOverrideTest.java,
pulsar,C:\Users\ismak\Documents\GitHub\relation_test_code_smell_ML\dataset\projects\pulsar\pulsar-common\src\test\java\org\apache\pulsar\common\policies\data\BacklogQuotaTest.java,
pulsar,C:\Users\ismak\Documents\GitHub\relation_test_code_smell_ML\dataset\projects\pulsar\pulsar-common\src\test\java\org\apache\pulsar\common\policies\data\ClusterDataImplTest.java,
pulsar,C:\Users\ismak\Documents\GitHub\relation_test_code_smell_ML\dataset\projects\pulsar\pulsar-common\src\test\java\org\apache\pulsar\common\policies\data\ClusterDataTest.java,
pulsar,C:\Users\ismak\Documents\GitHub\relation_test_code_smell_ML\dataset\projects\pulsar\pulsar-common\src\test\java\org\apache\pulsar\common\policies\data\ConsumerStatsTest.java,
pulsar,C:\Users\ismak\Documents\GitHub\relation_test_code_smell_ML\dataset\projects\pulsar\pulsar-common\src\test\java\org\apache\pulsar\common\policies\data\EnsemblePlacementPolicyConfigTest.java,
pulsar,C:\Users\ismak\Documents\GitHub\relation_test_code_smell_ML\dataset\projects\pulsar\pulsar-common\src\test\java\org\apache\pulsar\common\policies\data\LocalPolicesTest.java,
pulsar,C:\Users\ismak\Documents\GitHub\relation_test_code_smell_ML\dataset\projects\pulsar\pulsar-common\src\test\java\org\apache\pulsar\common\policies\data\NamespaceIsolationDataTest.java,
pulsar,C:\Users\ismak\Documents\GitHub\relation_test_code_smell_ML\dataset\projects\pulsar\pulsar-common\src\test\java\org\apache\pulsar\common\policies\data\NamespaceOwnershipStatusTest.java,
pulsar,C:\Users\ismak\Documents\GitHub\relation_test_code_smell_ML\dataset\projects\pulsar\pulsar-common\src\test\java\org\apache\pulsar\common\policies\data\NonPersistentPartitionedTopicStatsTest.java,
pulsar,C:\Users\ismak\Documents\GitHub\relation_test_code_smell_ML\dataset\projects\pulsar\pulsar-common\src\test\java\org\apache\pulsar\common\policies\data\OffloadPoliciesTest.java,
pulsar,C:\Users\ismak\Documents\GitHub\relation_test_code_smell_ML\dataset\projects\pulsar\pulsar-common\src\test\java\org\apache\pulsar\common\policies\data\PartitionedTopicStatsTest.java,
pulsar,C:\Users\ismak\Documents\GitHub\relation_test_code_smell_ML\dataset\projects\pulsar\pulsar-common\src\test\java\org\apache\pulsar\common\policies\data\PersistencePoliciesTest.java,
pulsar,C:\Users\ismak\Documents\GitHub\relation_test_code_smell_ML\dataset\projects\pulsar\pulsar-common\src\test\java\org\apache\pulsar\common\policies\data\PersistentOfflineTopicStatsTest.java,
pulsar,C:\Users\ismak\Documents\GitHub\relation_test_code_smell_ML\dataset\projects\pulsar\pulsar-common\src\test\java\org\apache\pulsar\common\policies\data\PersistentTopicStatsTest.java,
pulsar,C:\Users\ismak\Documents\GitHub\relation_test_code_smell_ML\dataset\projects\pulsar\pulsar-common\src\test\java\org\apache\pulsar\common\policies\data\PoliciesDataTest.java,
pulsar,C:\Users\ismak\Documents\GitHub\relation_test_code_smell_ML\dataset\projects\pulsar\pulsar-common\src\test\java\org\apache\pulsar\common\policies\data\PolicyHierarchyValueTest.java,
pulsar,C:\Users\ismak\Documents\GitHub\relation_test_code_smell_ML\dataset\projects\pulsar\pulsar-common\src\test\java\org\apache\pulsar\common\policies\data\PublisherStatsTest.java,
pulsar,C:\Users\ismak\Documents\GitHub\relation_test_code_smell_ML\dataset\projects\pulsar\pulsar-common\src\test\java\org\apache\pulsar\common\policies\data\ReplicatorStatsTest.java,
pulsar,C:\Users\ismak\Documents\GitHub\relation_test_code_smell_ML\dataset\projects\pulsar\pulsar-common\src\test\java\org\apache\pulsar\common\policies\data\ResourceQuotaTest.java,
pulsar,C:\Users\ismak\Documents\GitHub\relation_test_code_smell_ML\dataset\projects\pulsar\pulsar-common\src\test\java\org\apache\pulsar\common\policies\data\RetentionPolicesTest.java,
pulsar,C:\Users\ismak\Documents\GitHub\relation_test_code_smell_ML\dataset\projects\pulsar\pulsar-common\src\test\java\org\apache\pulsar\common\policies\data\stats\SubscriptionStatsImplTest.java,
pulsar,C:\Users\ismak\Documents\GitHub\relation_test_code_smell_ML\dataset\projects\pulsar\pulsar-common\src\test\java\org\apache\pulsar\common\policies\data\stats\TopicStatsImplTest.java,
pulsar,C:\Users\ismak\Documents\GitHub\relation_test_code_smell_ML\dataset\projects\pulsar\pulsar-common\src\test\java\org\apache\pulsar\common\policies\impl\AutoFailoverPolicyFactoryTest.java,
pulsar,C:\Users\ismak\Documents\GitHub\relation_test_code_smell_ML\dataset\projects\pulsar\pulsar-common\src\test\java\org\apache\pulsar\common\policies\impl\MinAvailablePolicyTest.java,
pulsar,C:\Users\ismak\Documents\GitHub\relation_test_code_smell_ML\dataset\projects\pulsar\pulsar-common\src\test\java\org\apache\pulsar\common\policies\impl\NamespaceIsolationPoliciesTest.java,
pulsar,C:\Users\ismak\Documents\GitHub\relation_test_code_smell_ML\dataset\projects\pulsar\pulsar-common\src\test\java\org\apache\pulsar\common\policies\impl\NamespaceIsolationPolicyImplTest.java,
pulsar,C:\Users\ismak\Documents\GitHub\relation_test_code_smell_ML\dataset\projects\pulsar\pulsar-common\src\test\java\org\apache\pulsar\common\protocol\ByteBufPairTest.java,
pulsar,C:\Users\ismak\Documents\GitHub\relation_test_code_smell_ML\dataset\projects\pulsar\pulsar-common\src\test\java\org\apache\pulsar\common\protocol\CommandsScalableTopicTest.java,
pulsar,C:\Users\ismak\Documents\GitHub\relation_test_code_smell_ML\dataset\projects\pulsar\pulsar-common\src\test\java\org\apache\pulsar\common\protocol\CommandsScalableTxnFlagTest.java,
pulsar,C:\Users\ismak\Documents\GitHub\relation_test_code_smell_ML\dataset\projects\pulsar\pulsar-common\src\test\java\org\apache\pulsar\common\protocol\CommandsTcAssignmentsTest.java,
pulsar,C:\Users\ismak\Documents\GitHub\relation_test_code_smell_ML\dataset\projects\pulsar\pulsar-common\src\test\java\org\apache\pulsar\common\protocol\CommandUtilsTest.java,
pulsar,C:\Users\ismak\Documents\GitHub\relation_test_code_smell_ML\dataset\projects\pulsar\pulsar-common\src\test\java\org\apache\pulsar\common\protocol\MarkersTest.java,
pulsar,C:\Users\ismak\Documents\GitHub\relation_test_code_smell_ML\dataset\projects\pulsar\pulsar-common\src\test\java\org\apache\pulsar\common\protocol\PulsarDecoderTest.java,
pulsar,C:\Users\ismak\Documents\GitHub\relation_test_code_smell_ML\dataset\projects\pulsar\pulsar-common\src\test\java\org\apache\pulsar\common\scalable\HashRangeTest.java,
pulsar,C:\Users\ismak\Documents\GitHub\relation_test_code_smell_ML\dataset\projects\pulsar\pulsar-common\src\test\java\org\apache\pulsar\common\scalable\SegmentTopicNameTest.java,
pulsar,C:\Users\ismak\Documents\GitHub\relation_test_code_smell_ML\dataset\projects\pulsar\pulsar-common\src\test\java\org\apache\pulsar\common\semaphore\AsyncDualMemoryLimiterImplTest.java,
pulsar,C:\Users\ismak\Documents\GitHub\relation_test_code_smell_ML\dataset\projects\pulsar\pulsar-common\src\test\java\org\apache\pulsar\common\semaphore\AsyncDualMemoryLimiterUtilTest.java,
pulsar,C:\Users\ismak\Documents\GitHub\relation_test_code_smell_ML\dataset\projects\pulsar\pulsar-common\src\test\java\org\apache\pulsar\common\semaphore\AsyncSemaphoreImplTest.java,
pulsar,C:\Users\ismak\Documents\GitHub\relation_test_code_smell_ML\dataset\projects\pulsar\pulsar-common\src\test\java\org\apache\pulsar\common\stats\CacheMetricsCollectorTest.java,
pulsar,C:\Users\ismak\Documents\GitHub\relation_test_code_smell_ML\dataset\projects\pulsar\pulsar-common\src\test\java\org\apache\pulsar\common\stats\JvmDefaultGCMetricsLoggerTest.java,
pulsar,C:\Users\ismak\Documents\GitHub\relation_test_code_smell_ML\dataset\projects\pulsar\pulsar-common\src\test\java\org\apache\pulsar\common\stats\MetricsUtilTest.java,
pulsar,C:\Users\ismak\Documents\GitHub\relation_test_code_smell_ML\dataset\projects\pulsar\pulsar-common\src\test\java\org\apache\pulsar\common\topics\TopicListTest.java,
pulsar,C:\Users\ismak\Documents\GitHub\relation_test_code_smell_ML\dataset\projects\pulsar\pulsar-common\src\test\java\org\apache\pulsar\common\topics\TopicsPatternFactoryTest.java,
pulsar,C:\Users\ismak\Documents\GitHub\relation_test_code_smell_ML\dataset\projects\pulsar\pulsar-common\src\test\java\org\apache\pulsar\common\topics\TopicsPatternTest.java,
pulsar,C:\Users\ismak\Documents\GitHub\relation_test_code_smell_ML\dataset\projects\pulsar\pulsar-common\src\test\java\org\apache\pulsar\common\util\BackoffTest.java,
pulsar,C:\Users\ismak\Documents\GitHub\relation_test_code_smell_ML\dataset\projects\pulsar\pulsar-common\src\test\java\org\apache\pulsar\common\util\collections\BitSetRecyclableRecyclableTest.java,
pulsar,C:\Users\ismak\Documents\GitHub\relation_test_code_smell_ML\dataset\projects\pulsar\pulsar-common\src\test\java\org\apache\pulsar\common\util\collections\ConcurrentBitSetRecyclableTest.java,
pulsar,C:\Users\ismak\Documents\GitHub\relation_test_code_smell_ML\dataset\projects\pulsar\pulsar-common\src\test\java\org\apache\pulsar\common\util\collections\ConcurrentLongHashMapTest.java,
pulsar,C:\Users\ismak\Documents\GitHub\relation_test_code_smell_ML\dataset\projects\pulsar\pulsar-common\src\test\java\org\apache\pulsar\common\util\collections\ConcurrentLongLongPairHashMapTest.java,
pulsar,C:\Users\ismak\Documents\GitHub\relation_test_code_smell_ML\dataset\projects\pulsar\pulsar-common\src\test\java\org\apache\pulsar\common\util\collections\ConcurrentLongPairSetTest.java,
pulsar,C:\Users\ismak\Documents\GitHub\relation_test_code_smell_ML\dataset\projects\pulsar\pulsar-common\src\test\java\org\apache\pulsar\common\util\collections\DefaultRangeSetTest.java,
pulsar,C:\Users\ismak\Documents\GitHub\relation_test_code_smell_ML\dataset\projects\pulsar\pulsar-common\src\test\java\org\apache\pulsar\common\util\collections\FieldParserTest.java,
pulsar,C:\Users\ismak\Documents\GitHub\relation_test_code_smell_ML\dataset\projects\pulsar\pulsar-common\src\test\java\org\apache\pulsar\common\util\collections\GrowableArrayBlockingQueueTest.java,
pulsar,C:\Users\ismak\Documents\GitHub\relation_test_code_smell_ML\dataset\projects\pulsar\pulsar-common\src\test\java\org\apache\pulsar\common\util\collections\GrowablePriorityLongPairQueueTest.java,
pulsar,C:\Users\ismak\Documents\GitHub\relation_test_code_smell_ML\dataset\projects\pulsar\pulsar-common\src\test\java\org\apache\pulsar\common\util\collections\OpenLongPairRangeSetTest.java,
pulsar,C:\Users\ismak\Documents\GitHub\relation_test_code_smell_ML\dataset\projects\pulsar\pulsar-common\src\test\java\org\apache\pulsar\common\util\collections\SegmentedLongArrayTest.java,
pulsar,C:\Users\ismak\Documents\GitHub\relation_test_code_smell_ML\dataset\projects\pulsar\pulsar-common\src\test\java\org\apache\pulsar\common\util\collections\TripleLongPriorityQueueTest.java,
pulsar,C:\Users\ismak\Documents\GitHub\relation_test_code_smell_ML\dataset\projects\pulsar\pulsar-common\src\test\java\org\apache\pulsar\common\util\CompareUtilTest.java,
pulsar,C:\Users\ismak\Documents\GitHub\relation_test_code_smell_ML\dataset\projects\pulsar\pulsar-common\src\test\java\org\apache\pulsar\common\util\CompletableFutureCancellationHandlerTest.java,
pulsar,C:\Users\ismak\Documents\GitHub\relation_test_code_smell_ML\dataset\projects\pulsar\pulsar-common\src\test\java\org\apache\pulsar\common\util\DefaultPulsarSslFactoryTest.java,
pulsar,C:\Users\ismak\Documents\GitHub\relation_test_code_smell_ML\dataset\projects\pulsar\pulsar-common\src\test\java\org\apache\pulsar\common\util\FieldParserTest.java,
pulsar,C:\Users\ismak\Documents\GitHub\relation_test_code_smell_ML\dataset\projects\pulsar\pulsar-common\src\test\java\org\apache\pulsar\common\util\FileModifiedTimeUpdaterTest.java,
pulsar,C:\Users\ismak\Documents\GitHub\relation_test_code_smell_ML\dataset\projects\pulsar\pulsar-common\src\test\java\org\apache\pulsar\common\util\FutureUtilTest.java,
pulsar,C:\Users\ismak\Documents\GitHub\relation_test_code_smell_ML\dataset\projects\pulsar\pulsar-common\src\test\java\org\apache\pulsar\common\util\KeyManagerProxyTest.java,
pulsar,C:\Users\ismak\Documents\GitHub\relation_test_code_smell_ML\dataset\projects\pulsar\pulsar-common\src\test\java\org\apache\pulsar\common\util\netty\ChannelFuturesTest.java,
pulsar,C:\Users\ismak\Documents\GitHub\relation_test_code_smell_ML\dataset\projects\pulsar\pulsar-common\src\test\java\org\apache\pulsar\common\util\netty\DnsResolverTest.java,
pulsar,C:\Users\ismak\Documents\GitHub\relation_test_code_smell_ML\dataset\projects\pulsar\pulsar-common\src\test\java\org\apache\pulsar\common\util\netty\DnsResolverUtilTest.java,
pulsar,C:\Users\ismak\Documents\GitHub\relation_test_code_smell_ML\dataset\projects\pulsar\pulsar-common\src\test\java\org\apache\pulsar\common\util\netty\NettyChannelUtilTest.java,
pulsar,C:\Users\ismak\Documents\GitHub\relation_test_code_smell_ML\dataset\projects\pulsar\pulsar-common\src\test\java\org\apache\pulsar\common\util\netty\PulsarFlowControlHandlerTest.java,
pulsar,C:\Users\ismak\Documents\GitHub\relation_test_code_smell_ML\dataset\projects\pulsar\pulsar-common\src\test\java\org\apache\pulsar\common\util\netty\SslContextTest.java,
pulsar,C:\Users\ismak\Documents\GitHub\relation_test_code_smell_ML\dataset\projects\pulsar\pulsar-common\src\test\java\org\apache\pulsar\common\util\ObjectMapperFactoryTest.java,
pulsar,C:\Users\ismak\Documents\GitHub\relation_test_code_smell_ML\dataset\projects\pulsar\pulsar-common\src\test\java\org\apache\pulsar\common\util\PortManagerTest.java,
pulsar,C:\Users\ismak\Documents\GitHub\relation_test_code_smell_ML\dataset\projects\pulsar\pulsar-common\src\test\java\org\apache\pulsar\common\util\RateLimiterTest.java,
pulsar,C:\Users\ismak\Documents\GitHub\relation_test_code_smell_ML\dataset\projects\pulsar\pulsar-common\src\test\java\org\apache\pulsar\common\util\ReflectionsTest.java,
pulsar,C:\Users\ismak\Documents\GitHub\relation_test_code_smell_ML\dataset\projects\pulsar\pulsar-common\src\test\java\org\apache\pulsar\common\util\RelativeTimeUtilTest.java,
pulsar,C:\Users\ismak\Documents\GitHub\relation_test_code_smell_ML\dataset\projects\pulsar\pulsar-common\src\test\java\org\apache\pulsar\common\util\RunnablesTest.java,
pulsar,C:\Users\ismak\Documents\GitHub\relation_test_code_smell_ML\dataset\projects\pulsar\pulsar-common\src\test\java\org\apache\pulsar\common\util\SingleThreadNonConcurrentFixedRateSchedulerTest.java,
pulsar,C:\Users\ismak\Documents\GitHub\relation_test_code_smell_ML\dataset\projects\pulsar\pulsar-common\src\test\java\org\apache\pulsar\common\util\TrustManagerProxyTest.java,
pulsar,C:\Users\ismak\Documents\GitHub\relation_test_code_smell_ML\dataset\projects\pulsar\pulsar-common\src\test\java\org\apache\pulsar\common\util\URIPreconditionsTest.java,
pulsar,C:\Users\ismak\Documents\GitHub\relation_test_code_smell_ML\dataset\projects\pulsar\pulsar-common\src\test\java\org\apache\pulsar\exception\PulsarExceptionTest.java,
pulsar,C:\Users\ismak\Documents\GitHub\relation_test_code_smell_ML\dataset\projects\pulsar\pulsar-common\src\test\java\org\apache\pulsar\policies\data\loadbalancer\LocalBrokerDataTest.java,
pulsar,C:\Users\ismak\Documents\GitHub\relation_test_code_smell_ML\dataset\projects\pulsar\pulsar-common\src\test\java\org\apache\pulsar\policies\data\loadbalancer\TimeAverageMessageDataTest.java,
pulsar,C:\Users\ismak\Documents\GitHub\relation_test_code_smell_ML\dataset\projects\pulsar\pulsar-config-validation\src\test\java\org\apache\pulsar\config\validation\ConfigValidationTest.java,
pulsar,C:\Users\ismak\Documents\GitHub\relation_test_code_smell_ML\dataset\projects\pulsar\pulsar-config-validation\src\test\java\org\apache\pulsar\config\validation\ValidatorImplsTest.java,
pulsar,C:\Users\ismak\Documents\GitHub\relation_test_code_smell_ML\dataset\projects\pulsar\pulsar-docs-tools\src\test\java\org\apache\pulsar\docs\tools\CmdGenerateDocsTest.java,
pulsar,C:\Users\ismak\Documents\GitHub\relation_test_code_smell_ML\dataset\projects\pulsar\pulsar-functions\instance\src\test\java\org\apache\pulsar\functions\instance\ContextImplTest.java,
pulsar,C:\Users\ismak\Documents\GitHub\relation_test_code_smell_ML\dataset\projects\pulsar\pulsar-functions\instance\src\test\java\org\apache\pulsar\functions\instance\FunctionResultRouterTest.java,
pulsar,C:\Users\ismak\Documents\GitHub\relation_test_code_smell_ML\dataset\projects\pulsar\pulsar-functions\instance\src\test\java\org\apache\pulsar\functions\instance\InstanceUtilsTest.java,
pulsar,C:\Users\ismak\Documents\GitHub\relation_test_code_smell_ML\dataset\projects\pulsar\pulsar-functions\instance\src\test\java\org\apache\pulsar\functions\instance\JavaInstanceTest.java,
pulsar,C:\Users\ismak\Documents\GitHub\relation_test_code_smell_ML\dataset\projects\pulsar\pulsar-functions\instance\src\test\java\org\apache\pulsar\functions\instance\ProducerBuilderFactoryTest.java,
pulsar,C:\Users\ismak\Documents\GitHub\relation_test_code_smell_ML\dataset\projects\pulsar\pulsar-functions\instance\src\test\java\org\apache\pulsar\functions\instance\ProducerCacheTest.java,
pulsar,C:\Users\ismak\Documents\GitHub\relation_test_code_smell_ML\dataset\projects\pulsar\pulsar-functions\instance\src\test\java\org\apache\pulsar\functions\instance\SinkRecordTest.java,
pulsar,C:\Users\ismak\Documents\GitHub\relation_test_code_smell_ML\dataset\projects\pulsar\pulsar-functions\instance\src\test\java\org\apache\pulsar\functions\instance\state\BKStateStoreImplTest.java,
pulsar,C:\Users\ismak\Documents\GitHub\relation_test_code_smell_ML\dataset\projects\pulsar\pulsar-functions\instance\src\test\java\org\apache\pulsar\functions\instance\state\InstanceStateManagerTest.java,
pulsar,C:\Users\ismak\Documents\GitHub\relation_test_code_smell_ML\dataset\projects\pulsar\pulsar-functions\instance\src\test\java\org\apache\pulsar\functions\instance\state\PulsarMetadataStateStoreImplTest.java,
pulsar,C:\Users\ismak\Documents\GitHub\relation_test_code_smell_ML\dataset\projects\pulsar\pulsar-functions\instance\src\test\java\org\apache\pulsar\functions\sink\PulsarSinkTest.java,
pulsar,C:\Users\ismak\Documents\GitHub\relation_test_code_smell_ML\dataset\projects\pulsar\pulsar-functions\instance\src\test\java\org\apache\pulsar\functions\source\batch\BatchSourceExecutorTest.java,
pulsar,C:\Users\ismak\Documents\GitHub\relation_test_code_smell_ML\dataset\projects\pulsar\pulsar-functions\instance\src\test\java\org\apache\pulsar\functions\source\PulsarFunctionRecordTest.java,
pulsar,C:\Users\ismak\Documents\GitHub\relation_test_code_smell_ML\dataset\projects\pulsar\pulsar-functions\instance\src\test\java\org\apache\pulsar\functions\source\PulsarSourceTest.java,
pulsar,C:\Users\ismak\Documents\GitHub\relation_test_code_smell_ML\dataset\projects\pulsar\pulsar-functions\instance\src\test\java\org\apache\pulsar\functions\source\TopicSchemaTest.java,
pulsar,C:\Users\ismak\Documents\GitHub\relation_test_code_smell_ML\dataset\projects\pulsar\pulsar-functions\instance\src\test\java\org\apache\pulsar\functions\windowing\WaterMarkEventGeneratorTest.java,
pulsar,C:\Users\ismak\Documents\GitHub\relation_test_code_smell_ML\dataset\projects\pulsar\pulsar-functions\instance\src\test\java\org\apache\pulsar\functions\windowing\WindowFunctionExecutorTest.java,
pulsar,C:\Users\ismak\Documents\GitHub\relation_test_code_smell_ML\dataset\projects\pulsar\pulsar-functions\instance\src\test\java\org\apache\pulsar\functions\windowing\WindowManagerTest.java,
pulsar,C:\Users\ismak\Documents\GitHub\relation_test_code_smell_ML\dataset\projects\pulsar\pulsar-functions\java-examples\src\main\java\org\apache\pulsar\functions\api\examples\TestPayloadProcessor.java,
pulsar,C:\Users\ismak\Documents\GitHub\relation_test_code_smell_ML\dataset\projects\pulsar\pulsar-functions\proto\src\test\java\org\apache\pulsar\functions\proto\FunctionDetailsTest.java,
pulsar,C:\Users\ismak\Documents\GitHub\relation_test_code_smell_ML\dataset\projects\pulsar\pulsar-functions\runtime\src\test\java\org\apache\pulsar\functions\auth\ClearTextFunctionTokenAuthProviderTest.java,
pulsar,C:\Users\ismak\Documents\GitHub\relation_test_code_smell_ML\dataset\projects\pulsar\pulsar-functions\runtime\src\test\java\org\apache\pulsar\functions\auth\KubernetesSecretsTokenAuthProviderTest.java,
pulsar,C:\Users\ismak\Documents\GitHub\relation_test_code_smell_ML\dataset\projects\pulsar\pulsar-functions\runtime\src\test\java\org\apache\pulsar\functions\auth\KubernetesServiceAccountTokenAuthProviderTest.java,
pulsar,C:\Users\ismak\Documents\GitHub\relation_test_code_smell_ML\dataset\projects\pulsar\pulsar-functions\runtime\src\test\java\org\apache\pulsar\functions\config\TestWorkerConfig.java,
pulsar,C:\Users\ismak\Documents\GitHub\relation_test_code_smell_ML\dataset\projects\pulsar\pulsar-functions\runtime\src\test\java\org\apache\pulsar\functions\runtime\kubernetes\BasicKubernetesManifestCustomizerTest.java,
pulsar,C:\Users\ismak\Documents\GitHub\relation_test_code_smell_ML\dataset\projects\pulsar\pulsar-functions\runtime\src\test\java\org\apache\pulsar\functions\runtime\kubernetes\KubernetesRuntimeFactoryTest.java,
pulsar,C:\Users\ismak\Documents\GitHub\relation_test_code_smell_ML\dataset\projects\pulsar\pulsar-functions\runtime\src\test\java\org\apache\pulsar\functions\runtime\kubernetes\KubernetesRuntimeTest.java,
pulsar,C:\Users\ismak\Documents\GitHub\relation_test_code_smell_ML\dataset\projects\pulsar\pulsar-functions\runtime\src\test\java\org\apache\pulsar\functions\runtime\process\ProcessRuntimeTest.java,
pulsar,C:\Users\ismak\Documents\GitHub\relation_test_code_smell_ML\dataset\projects\pulsar\pulsar-functions\runtime\src\test\java\org\apache\pulsar\functions\runtime\RuntimeUtilsTest.java,
pulsar,C:\Users\ismak\Documents\GitHub\relation_test_code_smell_ML\dataset\projects\pulsar\pulsar-functions\runtime\src\test\java\org\apache\pulsar\functions\runtime\thread\ThreadRuntimeFactoryTest.java,
pulsar,C:\Users\ismak\Documents\GitHub\relation_test_code_smell_ML\dataset\projects\pulsar\pulsar-functions\runtime\src\test\java\org\apache\pulsar\functions\worker\ConnectorsManagerReloadConnectorsTest.java,
pulsar,C:\Users\ismak\Documents\GitHub\relation_test_code_smell_ML\dataset\projects\pulsar\pulsar-functions\runtime\src\test\java\org\apache\pulsar\functions\worker\FunctionsManagerReloadFunctionsTest.java,
pulsar,C:\Users\ismak\Documents\GitHub\relation_test_code_smell_ML\dataset\projects\pulsar\pulsar-functions\runtime\src\test\java\org\apache\pulsar\functions\worker\WorkerApiV2ResourceConfigTest.java,
pulsar,C:\Users\ismak\Documents\GitHub\relation_test_code_smell_ML\dataset\projects\pulsar\pulsar-functions\runtime-all\src\test\java\org\apache\pulsar\functions\instance\JavaInstanceDepsTest.java,
pulsar,C:\Users\ismak\Documents\GitHub\relation_test_code_smell_ML\dataset\projects\pulsar\pulsar-functions\secrets\src\test\java\org\apache\pulsar\functions\secretsprovider\ClearTextSecretsProviderTest.java,
pulsar,C:\Users\ismak\Documents\GitHub\relation_test_code_smell_ML\dataset\projects\pulsar\pulsar-functions\secrets\src\test\java\org\apache\pulsar\functions\secretsprovider\EnvironmentBasedSecretsProviderTest.java,
pulsar,C:\Users\ismak\Documents\GitHub\relation_test_code_smell_ML\dataset\projects\pulsar\pulsar-functions\secrets\src\test\java\org\apache\pulsar\functions\secretsproviderconfigurator\KubernetesSecretsProviderConfiguratorTest.java,
pulsar,C:\Users\ismak\Documents\GitHub\relation_test_code_smell_ML\dataset\projects\pulsar\pulsar-functions\utils\src\test\java\org\apache\pulsar\functions\utils\ActionsTest.java,
pulsar,C:\Users\ismak\Documents\GitHub\relation_test_code_smell_ML\dataset\projects\pulsar\pulsar-functions\utils\src\test\java\org\apache\pulsar\functions\utils\BatchingUtilsTest.java,
pulsar,C:\Users\ismak\Documents\GitHub\relation_test_code_smell_ML\dataset\projects\pulsar\pulsar-functions\utils\src\test\java\org\apache\pulsar\functions\utils\ExceptionsTest.java,
pulsar,C:\Users\ismak\Documents\GitHub\relation_test_code_smell_ML\dataset\projects\pulsar\pulsar-functions\utils\src\test\java\org\apache\pulsar\functions\utils\FunctionCommonTest.java,
pulsar,C:\Users\ismak\Documents\GitHub\relation_test_code_smell_ML\dataset\projects\pulsar\pulsar-functions\utils\src\test\java\org\apache\pulsar\functions\utils\FunctionConfigUtilsTest.java,
pulsar,C:\Users\ismak\Documents\GitHub\relation_test_code_smell_ML\dataset\projects\pulsar\pulsar-functions\utils\src\test\java\org\apache\pulsar\functions\utils\FunctionInstanceIdTest.java,
pulsar,C:\Users\ismak\Documents\GitHub\relation_test_code_smell_ML\dataset\projects\pulsar\pulsar-functions\utils\src\test\java\org\apache\pulsar\functions\utils\FunctionMetaDataUtilsTest.java,
pulsar,C:\Users\ismak\Documents\GitHub\relation_test_code_smell_ML\dataset\projects\pulsar\pulsar-functions\utils\src\test\java\org\apache\pulsar\functions\utils\functions\FunctionUtilsReloadTest.java,
pulsar,C:\Users\ismak\Documents\GitHub\relation_test_code_smell_ML\dataset\projects\pulsar\pulsar-functions\utils\src\test\java\org\apache\pulsar\functions\utils\io\ConnectorUtilsReloadTest.java,
pulsar,C:\Users\ismak\Documents\GitHub\relation_test_code_smell_ML\dataset\projects\pulsar\pulsar-functions\utils\src\test\java\org\apache\pulsar\functions\utils\MessagePayloadProcessorUtilsTest.java,
pulsar,C:\Users\ismak\Documents\GitHub\relation_test_code_smell_ML\dataset\projects\pulsar\pulsar-functions\utils\src\test\java\org\apache\pulsar\functions\utils\SinkConfigUtilsTest.java,
pulsar,C:\Users\ismak\Documents\GitHub\relation_test_code_smell_ML\dataset\projects\pulsar\pulsar-functions\utils\src\test\java\org\apache\pulsar\functions\utils\SourceConfigUtilsTest.java,
pulsar,C:\Users\ismak\Documents\GitHub\relation_test_code_smell_ML\dataset\projects\pulsar\pulsar-functions\utils\src\test\java\org\apache\pulsar\functions\utils\WindowConfigUtilsTest.java,
pulsar,C:\Users\ismak\Documents\GitHub\relation_test_code_smell_ML\dataset\projects\pulsar\pulsar-functions\worker\src\test\java\org\apache\pulsar\functions\worker\ClusterServiceCoordinatorTest.java,
pulsar,C:\Users\ismak\Documents\GitHub\relation_test_code_smell_ML\dataset\projects\pulsar\pulsar-functions\worker\src\test\java\org\apache\pulsar\functions\worker\dlog\DLInputStreamTest.java,
pulsar,C:\Users\ismak\Documents\GitHub\relation_test_code_smell_ML\dataset\projects\pulsar\pulsar-functions\worker\src\test\java\org\apache\pulsar\functions\worker\dlog\DLOutputStreamTest.java,
pulsar,C:\Users\ismak\Documents\GitHub\relation_test_code_smell_ML\dataset\projects\pulsar\pulsar-functions\worker\src\test\java\org\apache\pulsar\functions\worker\executor\MockClockTest.java,
pulsar,C:\Users\ismak\Documents\GitHub\relation_test_code_smell_ML\dataset\projects\pulsar\pulsar-functions\worker\src\test\java\org\apache\pulsar\functions\worker\executor\MockExecutorControllerTest.java,
pulsar,C:\Users\ismak\Documents\GitHub\relation_test_code_smell_ML\dataset\projects\pulsar\pulsar-functions\worker\src\test\java\org\apache\pulsar\functions\worker\FunctionActionerTest.java,
pulsar,C:\Users\ismak\Documents\GitHub\relation_test_code_smell_ML\dataset\projects\pulsar\pulsar-functions\worker\src\test\java\org\apache\pulsar\functions\worker\FunctionAssignmentTailerTest.java,
pulsar,C:\Users\ismak\Documents\GitHub\relation_test_code_smell_ML\dataset\projects\pulsar\pulsar-functions\worker\src\test\java\org\apache\pulsar\functions\worker\FunctionMetaDataManagerTest.java,
pulsar,C:\Users\ismak\Documents\GitHub\relation_test_code_smell_ML\dataset\projects\pulsar\pulsar-functions\worker\src\test\java\org\apache\pulsar\functions\worker\FunctionMetaDataTopicTailerTest.java,
pulsar,C:\Users\ismak\Documents\GitHub\relation_test_code_smell_ML\dataset\projects\pulsar\pulsar-functions\worker\src\test\java\org\apache\pulsar\functions\worker\FunctionRuntimeManagerTest.java,
pulsar,C:\Users\ismak\Documents\GitHub\relation_test_code_smell_ML\dataset\projects\pulsar\pulsar-functions\worker\src\test\java\org\apache\pulsar\functions\worker\FunctionWorkerStarterTest.java,
pulsar,C:\Users\ismak\Documents\GitHub\relation_test_code_smell_ML\dataset\projects\pulsar\pulsar-functions\worker\src\test\java\org\apache\pulsar\functions\worker\LeaderServiceTest.java,
pulsar,C:\Users\ismak\Documents\GitHub\relation_test_code_smell_ML\dataset\projects\pulsar\pulsar-functions\worker\src\test\java\org\apache\pulsar\functions\worker\MembershipManagerTest.java,
pulsar,C:\Users\ismak\Documents\GitHub\relation_test_code_smell_ML\dataset\projects\pulsar\pulsar-functions\worker\src\test\java\org\apache\pulsar\functions\worker\rest\api\FunctionsImplTest.java,
pulsar,C:\Users\ismak\Documents\GitHub\relation_test_code_smell_ML\dataset\projects\pulsar\pulsar-functions\worker\src\test\java\org\apache\pulsar\functions\worker\rest\api\v2\FunctionApiV2ResourceTest.java,
pulsar,C:\Users\ismak\Documents\GitHub\relation_test_code_smell_ML\dataset\projects\pulsar\pulsar-functions\worker\src\test\java\org\apache\pulsar\functions\worker\rest\api\v3\AbstractFunctionApiResourceTest.java,
pulsar,C:\Users\ismak\Documents\GitHub\relation_test_code_smell_ML\dataset\projects\pulsar\pulsar-functions\worker\src\test\java\org\apache\pulsar\functions\worker\rest\api\v3\AbstractFunctionsResourceTest.java,
pulsar,C:\Users\ismak\Documents\GitHub\relation_test_code_smell_ML\dataset\projects\pulsar\pulsar-functions\worker\src\test\java\org\apache\pulsar\functions\worker\rest\api\v3\FunctionApiV3ResourceTest.java,
pulsar,C:\Users\ismak\Documents\GitHub\relation_test_code_smell_ML\dataset\projects\pulsar\pulsar-functions\worker\src\test\java\org\apache\pulsar\functions\worker\rest\api\v3\SinkApiV3ResourceTest.java,
pulsar,C:\Users\ismak\Documents\GitHub\relation_test_code_smell_ML\dataset\projects\pulsar\pulsar-functions\worker\src\test\java\org\apache\pulsar\functions\worker\rest\api\v3\SourceApiV3ResourceTest.java,
pulsar,C:\Users\ismak\Documents\GitHub\relation_test_code_smell_ML\dataset\projects\pulsar\pulsar-functions\worker\src\test\java\org\apache\pulsar\functions\worker\rest\api\WorkerImplTest.java,
pulsar,C:\Users\ismak\Documents\GitHub\relation_test_code_smell_ML\dataset\projects\pulsar\pulsar-functions\worker\src\test\java\org\apache\pulsar\functions\worker\scheduler\RoundRobinSchedulerTest.java,
pulsar,C:\Users\ismak\Documents\GitHub\relation_test_code_smell_ML\dataset\projects\pulsar\pulsar-functions\worker\src\test\java\org\apache\pulsar\functions\worker\SchedulerManagerTest.java,
pulsar,C:\Users\ismak\Documents\GitHub\relation_test_code_smell_ML\dataset\projects\pulsar\pulsar-functions\worker\src\test\java\org\apache\pulsar\functions\worker\WorkerUtilsTest.java,
pulsar,C:\Users\ismak\Documents\GitHub\relation_test_code_smell_ML\dataset\projects\pulsar\pulsar-io\common\src\test\java\org\apache\pulsar\io\common\IOConfigUtilsTest.java,
pulsar,C:\Users\ismak\Documents\GitHub\relation_test_code_smell_ML\dataset\projects\pulsar\pulsar-io\core\src\test\java\org\apache\pulsar\io\core\BatchPushSourceTest.java,
pulsar,C:\Users\ismak\Documents\GitHub\relation_test_code_smell_ML\dataset\projects\pulsar\pulsar-io\core\src\test\java\org\apache\pulsar\io\core\PushSourceTest.java,
pulsar,C:\Users\ismak\Documents\GitHub\relation_test_code_smell_ML\dataset\projects\pulsar\pulsar-io\core\src\test\java\org\apache\pulsar\io\core\SinkTest.java,
pulsar,C:\Users\ismak\Documents\GitHub\relation_test_code_smell_ML\dataset\projects\pulsar\pulsar-io\core\src\test\java\org\apache\pulsar\io\core\SourceTest.java,
pulsar,C:\Users\ismak\Documents\GitHub\relation_test_code_smell_ML\dataset\projects\pulsar\pulsar-metadata\src\test\java\org\apache\bookkeeper\replication\AuditorBookieCheckTaskTest.java,
pulsar,C:\Users\ismak\Documents\GitHub\relation_test_code_smell_ML\dataset\projects\pulsar\pulsar-metadata\src\test\java\org\apache\bookkeeper\replication\AuditorBookieTest.java,
pulsar,C:\Users\ismak\Documents\GitHub\relation_test_code_smell_ML\dataset\projects\pulsar\pulsar-metadata\src\test\java\org\apache\bookkeeper\replication\AuditorCheckAllLedgersTaskTest.java,
pulsar,C:\Users\ismak\Documents\GitHub\relation_test_code_smell_ML\dataset\projects\pulsar\pulsar-metadata\src\test\java\org\apache\bookkeeper\replication\AuditorLedgerCheckerTest.java,
pulsar,C:\Users\ismak\Documents\GitHub\relation_test_code_smell_ML\dataset\projects\pulsar\pulsar-metadata\src\test\java\org\apache\bookkeeper\replication\AuditorPeriodicBookieCheckTest.java,
pulsar,C:\Users\ismak\Documents\GitHub\relation_test_code_smell_ML\dataset\projects\pulsar\pulsar-metadata\src\test\java\org\apache\bookkeeper\replication\AuditorPeriodicCheckTest.java,
pulsar,C:\Users\ismak\Documents\GitHub\relation_test_code_smell_ML\dataset\projects\pulsar\pulsar-metadata\src\test\java\org\apache\bookkeeper\replication\AuditorPlacementPolicyCheckTaskTest.java,
pulsar,C:\Users\ismak\Documents\GitHub\relation_test_code_smell_ML\dataset\projects\pulsar\pulsar-metadata\src\test\java\org\apache\bookkeeper\replication\AuditorPlacementPolicyCheckTest.java,
pulsar,C:\Users\ismak\Documents\GitHub\relation_test_code_smell_ML\dataset\projects\pulsar\pulsar-metadata\src\test\java\org\apache\bookkeeper\replication\AuditorReplicasCheckTaskTest.java,
pulsar,C:\Users\ismak\Documents\GitHub\relation_test_code_smell_ML\dataset\projects\pulsar\pulsar-metadata\src\test\java\org\apache\bookkeeper\replication\AuditorReplicasCheckTest.java,
pulsar,C:\Users\ismak\Documents\GitHub\relation_test_code_smell_ML\dataset\projects\pulsar\pulsar-metadata\src\test\java\org\apache\bookkeeper\replication\AuditorRollingRestartTest.java,
pulsar,C:\Users\ismak\Documents\GitHub\relation_test_code_smell_ML\dataset\projects\pulsar\pulsar-metadata\src\test\java\org\apache\bookkeeper\replication\AuthAutoRecoveryTest.java,
pulsar,C:\Users\ismak\Documents\GitHub\relation_test_code_smell_ML\dataset\projects\pulsar\pulsar-metadata\src\test\java\org\apache\bookkeeper\replication\AutoRecoveryMainTest.java,
pulsar,C:\Users\ismak\Documents\GitHub\relation_test_code_smell_ML\dataset\projects\pulsar\pulsar-metadata\src\test\java\org\apache\bookkeeper\replication\BookieAutoRecoveryTest.java,
pulsar,C:\Users\ismak\Documents\GitHub\relation_test_code_smell_ML\dataset\projects\pulsar\pulsar-metadata\src\test\java\org\apache\bookkeeper\replication\BookieLedgerIndexTest.java,
pulsar,C:\Users\ismak\Documents\GitHub\relation_test_code_smell_ML\dataset\projects\pulsar\pulsar-metadata\src\test\java\org\apache\bookkeeper\replication\TestAutoRecoveryAlongWithBookieServers.java,
pulsar,C:\Users\ismak\Documents\GitHub\relation_test_code_smell_ML\dataset\projects\pulsar\pulsar-metadata\src\test\java\org\apache\bookkeeper\replication\TestReplicationWorker.java,
pulsar,C:\Users\ismak\Documents\GitHub\relation_test_code_smell_ML\dataset\projects\pulsar\pulsar-metadata\src\test\java\org\apache\pulsar\metadata\BacklogQuotaCompatibilityTest.java,
pulsar,C:\Users\ismak\Documents\GitHub\relation_test_code_smell_ML\dataset\projects\pulsar\pulsar-metadata\src\test\java\org\apache\pulsar\metadata\BaseMetadataStoreTest.java,
pulsar,C:\Users\ismak\Documents\GitHub\relation_test_code_smell_ML\dataset\projects\pulsar\pulsar-metadata\src\test\java\org\apache\pulsar\metadata\bookkeeper\AbstractMetadataDriverTest.java,
pulsar,C:\Users\ismak\Documents\GitHub\relation_test_code_smell_ML\dataset\projects\pulsar\pulsar-metadata\src\test\java\org\apache\pulsar\metadata\bookkeeper\EndToEndTest.java,
pulsar,C:\Users\ismak\Documents\GitHub\relation_test_code_smell_ML\dataset\projects\pulsar\pulsar-metadata\src\test\java\org\apache\pulsar\metadata\bookkeeper\LedgerManagerIteratorTest.java,
pulsar,C:\Users\ismak\Documents\GitHub\relation_test_code_smell_ML\dataset\projects\pulsar\pulsar-metadata\src\test\java\org\apache\pulsar\metadata\bookkeeper\LedgerUnderreplicationManagerTest.java,
pulsar,C:\Users\ismak\Documents\GitHub\relation_test_code_smell_ML\dataset\projects\pulsar\pulsar-metadata\src\test\java\org\apache\pulsar\metadata\bookkeeper\PulsarLayoutManagerTest.java,
pulsar,C:\Users\ismak\Documents\GitHub\relation_test_code_smell_ML\dataset\projects\pulsar\pulsar-metadata\src\test\java\org\apache\pulsar\metadata\bookkeeper\PulsarLedgerAuditorManagerTest.java,
pulsar,C:\Users\ismak\Documents\GitHub\relation_test_code_smell_ML\dataset\projects\pulsar\pulsar-metadata\src\test\java\org\apache\pulsar\metadata\bookkeeper\PulsarLedgerIdGeneratorTest.java,
pulsar,C:\Users\ismak\Documents\GitHub\relation_test_code_smell_ML\dataset\projects\pulsar\pulsar-metadata\src\test\java\org\apache\pulsar\metadata\bookkeeper\PulsarMetadataDriverBaseStaticTest.java,
pulsar,C:\Users\ismak\Documents\GitHub\relation_test_code_smell_ML\dataset\projects\pulsar\pulsar-metadata\src\test\java\org\apache\pulsar\metadata\bookkeeper\PulsarRegistrationClientTest.java,
pulsar,C:\Users\ismak\Documents\GitHub\relation_test_code_smell_ML\dataset\projects\pulsar\pulsar-metadata\src\test\java\org\apache\pulsar\metadata\bookkeeper\PulsarRegistrationManagerTest.java,
pulsar,C:\Users\ismak\Documents\GitHub\relation_test_code_smell_ML\dataset\projects\pulsar\pulsar-metadata\src\test\java\org\apache\pulsar\metadata\coordination\impl\LeaderElectionImplTest.java,
pulsar,C:\Users\ismak\Documents\GitHub\relation_test_code_smell_ML\dataset\projects\pulsar\pulsar-metadata\src\test\java\org\apache\pulsar\metadata\CounterTest.java,
pulsar,C:\Users\ismak\Documents\GitHub\relation_test_code_smell_ML\dataset\projects\pulsar\pulsar-metadata\src\test\java\org\apache\pulsar\metadata\DualMetadataCacheTest.java,
pulsar,C:\Users\ismak\Documents\GitHub\relation_test_code_smell_ML\dataset\projects\pulsar\pulsar-metadata\src\test\java\org\apache\pulsar\metadata\DualMetadataStoreTest.java,
pulsar,C:\Users\ismak\Documents\GitHub\relation_test_code_smell_ML\dataset\projects\pulsar\pulsar-metadata\src\test\java\org\apache\pulsar\metadata\impl\batching\ZKMetadataStoreBatchStrategyTest.java,
pulsar,C:\Users\ismak\Documents\GitHub\relation_test_code_smell_ML\dataset\projects\pulsar\pulsar-metadata\src\test\java\org\apache\pulsar\metadata\impl\LocalMemoryMetadataStoreTest.java,
pulsar,C:\Users\ismak\Documents\GitHub\relation_test_code_smell_ML\dataset\projects\pulsar\pulsar-metadata\src\test\java\org\apache\pulsar\metadata\impl\MetadataEventSynchronizerTest.java,
pulsar,C:\Users\ismak\Documents\GitHub\relation_test_code_smell_ML\dataset\projects\pulsar\pulsar-metadata\src\test\java\org\apache\pulsar\metadata\impl\MetadataStoreFactoryImplTest.java,
pulsar,C:\Users\ismak\Documents\GitHub\relation_test_code_smell_ML\dataset\projects\pulsar\pulsar-metadata\src\test\java\org\apache\pulsar\metadata\impl\RocksdbMetadataStoreTest.java,
pulsar,C:\Users\ismak\Documents\GitHub\relation_test_code_smell_ML\dataset\projects\pulsar\pulsar-metadata\src\test\java\org\apache\pulsar\metadata\LeaderElectionTest.java,
pulsar,C:\Users\ismak\Documents\GitHub\relation_test_code_smell_ML\dataset\projects\pulsar\pulsar-metadata\src\test\java\org\apache\pulsar\metadata\LockManagerTest.java,
pulsar,C:\Users\ismak\Documents\GitHub\relation_test_code_smell_ML\dataset\projects\pulsar\pulsar-metadata\src\test\java\org\apache\pulsar\metadata\MetadataCacheSecondaryIndexTest.java,
pulsar,C:\Users\ismak\Documents\GitHub\relation_test_code_smell_ML\dataset\projects\pulsar\pulsar-metadata\src\test\java\org\apache\pulsar\metadata\MetadataStoreBatchingTest.java,
pulsar,C:\Users\ismak\Documents\GitHub\relation_test_code_smell_ML\dataset\projects\pulsar\pulsar-metadata\src\test\java\org\apache\pulsar\metadata\MetadataStoreExtendedTest.java,
pulsar,C:\Users\ismak\Documents\GitHub\relation_test_code_smell_ML\dataset\projects\pulsar\pulsar-metadata\src\test\java\org\apache\pulsar\metadata\MetadataStoreScanChildrenTest.java,
pulsar,C:\Users\ismak\Documents\GitHub\relation_test_code_smell_ML\dataset\projects\pulsar\pulsar-metadata\src\test\java\org\apache\pulsar\metadata\MetadataStoreSecondaryIndexTest.java,
pulsar,C:\Users\ismak\Documents\GitHub\relation_test_code_smell_ML\dataset\projects\pulsar\pulsar-metadata\src\test\java\org\apache\pulsar\metadata\MetadataStoreTableViewTest.java,
pulsar,C:\Users\ismak\Documents\GitHub\relation_test_code_smell_ML\dataset\projects\pulsar\pulsar-metadata\src\test\java\org\apache\pulsar\metadata\MetadataStoreTest.java,
pulsar,C:\Users\ismak\Documents\GitHub\relation_test_code_smell_ML\dataset\projects\pulsar\pulsar-metadata\src\test\java\org\apache\pulsar\metadata\MigrationCoordinatorTest.java,
pulsar,C:\Users\ismak\Documents\GitHub\relation_test_code_smell_ML\dataset\projects\pulsar\pulsar-metadata\src\test\java\org\apache\pulsar\metadata\OxiaMetadataStoreErrorTest.java,
pulsar,C:\Users\ismak\Documents\GitHub\relation_test_code_smell_ML\dataset\projects\pulsar\pulsar-metadata\src\test\java\org\apache\pulsar\metadata\OxiaPartitionKeyTest.java,
pulsar,C:\Users\ismak\Documents\GitHub\relation_test_code_smell_ML\dataset\projects\pulsar\pulsar-metadata\src\test\java\org\apache\pulsar\metadata\OxiaSequenceKeysTest.java,
pulsar,C:\Users\ismak\Documents\GitHub\relation_test_code_smell_ML\dataset\projects\pulsar\pulsar-metadata\src\test\java\org\apache\pulsar\metadata\SequenceKeysTest.java,
pulsar,C:\Users\ismak\Documents\GitHub\relation_test_code_smell_ML\dataset\projects\pulsar\pulsar-metadata\src\test\java\org\apache\pulsar\metadata\TestZKServer.java,
pulsar,C:\Users\ismak\Documents\GitHub\relation_test_code_smell_ML\dataset\projects\pulsar\pulsar-metadata\src\test\java\org\apache\pulsar\metadata\ZKSessionTest.java,
pulsar,C:\Users\ismak\Documents\GitHub\relation_test_code_smell_ML\dataset\projects\pulsar\pulsar-opentelemetry\src\test\java\org\apache\pulsar\opentelemetry\OpenTelemetryServiceTest.java,
pulsar,C:\Users\ismak\Documents\GitHub\relation_test_code_smell_ML\dataset\projects\pulsar\pulsar-package-management\bookkeeper-storage\src\test\java\org\apache\pulsar\packages\management\storage\bookkeeper\BookKeeperPackagesStorageTest.java,
pulsar,C:\Users\ismak\Documents\GitHub\relation_test_code_smell_ML\dataset\projects\pulsar\pulsar-package-management\bookkeeper-storage\src\test\java\org\apache\pulsar\packages\management\storage\bookkeeper\DLInputStreamTest.java,
pulsar,C:\Users\ismak\Documents\GitHub\relation_test_code_smell_ML\dataset\projects\pulsar\pulsar-package-management\bookkeeper-storage\src\test\java\org\apache\pulsar\packages\management\storage\bookkeeper\DLOutputStreamTest.java,
pulsar,C:\Users\ismak\Documents\GitHub\relation_test_code_smell_ML\dataset\projects\pulsar\pulsar-package-management\core\src\test\java\org\apache\pulsar\packages\management\core\common\PackageMetadataSerdeTest.java,
pulsar,C:\Users\ismak\Documents\GitHub\relation_test_code_smell_ML\dataset\projects\pulsar\pulsar-package-management\core\src\test\java\org\apache\pulsar\packages\management\core\common\PackageNameTest.java,
pulsar,C:\Users\ismak\Documents\GitHub\relation_test_code_smell_ML\dataset\projects\pulsar\pulsar-package-management\core\src\test\java\org\apache\pulsar\packages\management\core\impl\PackagesManagementImplTest.java,
pulsar,C:\Users\ismak\Documents\GitHub\relation_test_code_smell_ML\dataset\projects\pulsar\pulsar-package-management\core\src\test\java\org\apache\pulsar\packages\management\core\MockedPackagesStorageTest.java,
pulsar,C:\Users\ismak\Documents\GitHub\relation_test_code_smell_ML\dataset\projects\pulsar\pulsar-package-management\filesystem-storage\src\test\java\org\apache\pulsar\packages\management\storage\filesystem\FileSystemPackagesStorageTest.java,
pulsar,C:\Users\ismak\Documents\GitHub\relation_test_code_smell_ML\dataset\projects\pulsar\pulsar-proxy\src\test\java\org\apache\pulsar\client\impl\AutoCloseUselessClientConProxyTest.java,
pulsar,C:\Users\ismak\Documents\GitHub\relation_test_code_smell_ML\dataset\projects\pulsar\pulsar-proxy\src\test\java\org\apache\pulsar\proxy\extensions\ProxyExtensionsTest.java,
pulsar,C:\Users\ismak\Documents\GitHub\relation_test_code_smell_ML\dataset\projects\pulsar\pulsar-proxy\src\test\java\org\apache\pulsar\proxy\extensions\ProxyExtensionUtilsTest.java,
pulsar,C:\Users\ismak\Documents\GitHub\relation_test_code_smell_ML\dataset\projects\pulsar\pulsar-proxy\src\test\java\org\apache\pulsar\proxy\extensions\ProxyExtensionWithClassLoaderTest.java,
pulsar,C:\Users\ismak\Documents\GitHub\relation_test_code_smell_ML\dataset\projects\pulsar\pulsar-proxy\src\test\java\org\apache\pulsar\proxy\extensions\SimpleProxyExtensionSeparateThreadPoolTest.java,
pulsar,C:\Users\ismak\Documents\GitHub\relation_test_code_smell_ML\dataset\projects\pulsar\pulsar-proxy\src\test\java\org\apache\pulsar\proxy\extensions\SimpleProxyExtensionSharedThreadPoolTest.java,
pulsar,C:\Users\ismak\Documents\GitHub\relation_test_code_smell_ML\dataset\projects\pulsar\pulsar-proxy\src\test\java\org\apache\pulsar\proxy\server\AdminProxyHandlerKeystoreTLSTest.java,
pulsar,C:\Users\ismak\Documents\GitHub\relation_test_code_smell_ML\dataset\projects\pulsar\pulsar-proxy\src\test\java\org\apache\pulsar\proxy\server\AdminProxyHandlerTest.java,
pulsar,C:\Users\ismak\Documents\GitHub\relation_test_code_smell_ML\dataset\projects\pulsar\pulsar-proxy\src\test\java\org\apache\pulsar\proxy\server\AuthedAdminProxyHandlerTest.java,
pulsar,C:\Users\ismak\Documents\GitHub\relation_test_code_smell_ML\dataset\projects\pulsar\pulsar-proxy\src\test\java\org\apache\pulsar\proxy\server\BrokerProxyValidatorTest.java,
pulsar,C:\Users\ismak\Documents\GitHub\relation_test_code_smell_ML\dataset\projects\pulsar\pulsar-proxy\src\test\java\org\apache\pulsar\proxy\server\FunctionWorkerRoutingTest.java,
pulsar,C:\Users\ismak\Documents\GitHub\relation_test_code_smell_ML\dataset\projects\pulsar\pulsar-proxy\src\test\java\org\apache\pulsar\proxy\server\InvalidProxyConfigForAuthorizationTest.java,
pulsar,C:\Users\ismak\Documents\GitHub\relation_test_code_smell_ML\dataset\projects\pulsar\pulsar-proxy\src\test\java\org\apache\pulsar\proxy\server\ProxyAdditionalServletTest.java,
pulsar,C:\Users\ismak\Documents\GitHub\relation_test_code_smell_ML\dataset\projects\pulsar\pulsar-proxy\src\test\java\org\apache\pulsar\proxy\server\ProxyAuthenticatedProducerConsumerTest.java,
pulsar,C:\Users\ismak\Documents\GitHub\relation_test_code_smell_ML\dataset\projects\pulsar\pulsar-proxy\src\test\java\org\apache\pulsar\proxy\server\ProxyConfigurationTest.java,
pulsar,C:\Users\ismak\Documents\GitHub\relation_test_code_smell_ML\dataset\projects\pulsar\pulsar-proxy\src\test\java\org\apache\pulsar\proxy\server\ProxyConnectionTest.java,
pulsar,C:\Users\ismak\Documents\GitHub\relation_test_code_smell_ML\dataset\projects\pulsar\pulsar-proxy\src\test\java\org\apache\pulsar\proxy\server\ProxyConnectionThrottlingTest.java,
pulsar,C:\Users\ismak\Documents\GitHub\relation_test_code_smell_ML\dataset\projects\pulsar\pulsar-proxy\src\test\java\org\apache\pulsar\proxy\server\ProxyDisableZeroCopyTest.java,
pulsar,C:\Users\ismak\Documents\GitHub\relation_test_code_smell_ML\dataset\projects\pulsar\pulsar-proxy\src\test\java\org\apache\pulsar\proxy\server\ProxyEnableHAProxyProtocolTest.java,
pulsar,C:\Users\ismak\Documents\GitHub\relation_test_code_smell_ML\dataset\projects\pulsar\pulsar-proxy\src\test\java\org\apache\pulsar\proxy\server\ProxyForwardAuthDataTest.java,
pulsar,C:\Users\ismak\Documents\GitHub\relation_test_code_smell_ML\dataset\projects\pulsar\pulsar-proxy\src\test\java\org\apache\pulsar\proxy\server\ProxyIsAHttpProxyTest.java,
pulsar,C:\Users\ismak\Documents\GitHub\relation_test_code_smell_ML\dataset\projects\pulsar\pulsar-proxy\src\test\java\org\apache\pulsar\proxy\server\ProxyKeyStoreTlsTransportTest.java,
pulsar,C:\Users\ismak\Documents\GitHub\relation_test_code_smell_ML\dataset\projects\pulsar\pulsar-proxy\src\test\java\org\apache\pulsar\proxy\server\ProxyKeyStoreTlsWithAuthTest.java,
pulsar,C:\Users\ismak\Documents\GitHub\relation_test_code_smell_ML\dataset\projects\pulsar\pulsar-proxy\src\test\java\org\apache\pulsar\proxy\server\ProxyKeyStoreTlsWithoutAuthTest.java,
pulsar,C:\Users\ismak\Documents\GitHub\relation_test_code_smell_ML\dataset\projects\pulsar\pulsar-proxy\src\test\java\org\apache\pulsar\proxy\server\ProxyLookupThrottlingTest.java,
pulsar,C:\Users\ismak\Documents\GitHub\relation_test_code_smell_ML\dataset\projects\pulsar\pulsar-proxy\src\test\java\org\apache\pulsar\proxy\server\ProxyMultiBrokerBaseTest.java,
pulsar,C:\Users\ismak\Documents\GitHub\relation_test_code_smell_ML\dataset\projects\pulsar\pulsar-proxy\src\test\java\org\apache\pulsar\proxy\server\ProxyMutualTlsTest.java,
pulsar,C:\Users\ismak\Documents\GitHub\relation_test_code_smell_ML\dataset\projects\pulsar\pulsar-proxy\src\test\java\org\apache\pulsar\proxy\server\ProxyOriginalClientIPTest.java,
pulsar,C:\Users\ismak\Documents\GitHub\relation_test_code_smell_ML\dataset\projects\pulsar\pulsar-proxy\src\test\java\org\apache\pulsar\proxy\server\ProxyPackagesUploadTest.java,
pulsar,C:\Users\ismak\Documents\GitHub\relation_test_code_smell_ML\dataset\projects\pulsar\pulsar-proxy\src\test\java\org\apache\pulsar\proxy\server\ProxyParserTest.java,
pulsar,C:\Users\ismak\Documents\GitHub\relation_test_code_smell_ML\dataset\projects\pulsar\pulsar-proxy\src\test\java\org\apache\pulsar\proxy\server\ProxyPatternConsumerBackPressureMultipleConsumersTest.java,
pulsar,C:\Users\ismak\Documents\GitHub\relation_test_code_smell_ML\dataset\projects\pulsar\pulsar-proxy\src\test\java\org\apache\pulsar\proxy\server\ProxyPrometheusMetricsTest.java,
pulsar,C:\Users\ismak\Documents\GitHub\relation_test_code_smell_ML\dataset\projects\pulsar\pulsar-proxy\src\test\java\org\apache\pulsar\proxy\server\ProxyRedirectTest.java,
pulsar,C:\Users\ismak\Documents\GitHub\relation_test_code_smell_ML\dataset\projects\pulsar\pulsar-proxy\src\test\java\org\apache\pulsar\proxy\server\ProxyRefreshAuthTest.java,
pulsar,C:\Users\ismak\Documents\GitHub\relation_test_code_smell_ML\dataset\projects\pulsar\pulsar-proxy\src\test\java\org\apache\pulsar\proxy\server\ProxyRolesEnforcementTest.java,
pulsar,C:\Users\ismak\Documents\GitHub\relation_test_code_smell_ML\dataset\projects\pulsar\pulsar-proxy\src\test\java\org\apache\pulsar\proxy\server\ProxyScalableTopicsTest.java,
pulsar,C:\Users\ismak\Documents\GitHub\relation_test_code_smell_ML\dataset\projects\pulsar\pulsar-proxy\src\test\java\org\apache\pulsar\proxy\server\ProxyServiceStarterDisableZeroCopyTest.java,
pulsar,C:\Users\ismak\Documents\GitHub\relation_test_code_smell_ML\dataset\projects\pulsar\pulsar-proxy\src\test\java\org\apache\pulsar\proxy\server\ProxyServiceStarterTest.java,
pulsar,C:\Users\ismak\Documents\GitHub\relation_test_code_smell_ML\dataset\projects\pulsar\pulsar-proxy\src\test\java\org\apache\pulsar\proxy\server\ProxyServiceTlsStarterTest.java,
pulsar,C:\Users\ismak\Documents\GitHub\relation_test_code_smell_ML\dataset\projects\pulsar\pulsar-proxy\src\test\java\org\apache\pulsar\proxy\server\ProxyStatsTest.java,
pulsar,C:\Users\ismak\Documents\GitHub\relation_test_code_smell_ML\dataset\projects\pulsar\pulsar-proxy\src\test\java\org\apache\pulsar\proxy\server\ProxyStuckConnectionTest.java,
pulsar,C:\Users\ismak\Documents\GitHub\relation_test_code_smell_ML\dataset\projects\pulsar\pulsar-proxy\src\test\java\org\apache\pulsar\proxy\server\ProxyTest.java,
pulsar,C:\Users\ismak\Documents\GitHub\relation_test_code_smell_ML\dataset\projects\pulsar\pulsar-proxy\src\test\java\org\apache\pulsar\proxy\server\ProxyTlsTest.java,
pulsar,C:\Users\ismak\Documents\GitHub\relation_test_code_smell_ML\dataset\projects\pulsar\pulsar-proxy\src\test\java\org\apache\pulsar\proxy\server\ProxyTlsWithAuthTest.java,
pulsar,C:\Users\ismak\Documents\GitHub\relation_test_code_smell_ML\dataset\projects\pulsar\pulsar-proxy\src\test\java\org\apache\pulsar\proxy\server\ProxyWithAuthorizationNegTest.java,
pulsar,C:\Users\ismak\Documents\GitHub\relation_test_code_smell_ML\dataset\projects\pulsar\pulsar-proxy\src\test\java\org\apache\pulsar\proxy\server\ProxyWithAuthorizationTest.java,
pulsar,C:\Users\ismak\Documents\GitHub\relation_test_code_smell_ML\dataset\projects\pulsar\pulsar-proxy\src\test\java\org\apache\pulsar\proxy\server\ProxyWithExtensibleLoadManagerTest.java,
pulsar,C:\Users\ismak\Documents\GitHub\relation_test_code_smell_ML\dataset\projects\pulsar\pulsar-proxy\src\test\java\org\apache\pulsar\proxy\server\ProxyWithJwtAuthorizationTest.java,
pulsar,C:\Users\ismak\Documents\GitHub\relation_test_code_smell_ML\dataset\projects\pulsar\pulsar-proxy\src\test\java\org\apache\pulsar\proxy\server\ProxyWithoutServiceDiscoveryTest.java,
pulsar,C:\Users\ismak\Documents\GitHub\relation_test_code_smell_ML\dataset\projects\pulsar\pulsar-proxy\src\test\java\org\apache\pulsar\proxy\server\SuperUserAuthedAdminProxyHandlerTest.java,
pulsar,C:\Users\ismak\Documents\GitHub\relation_test_code_smell_ML\dataset\projects\pulsar\pulsar-proxy\src\test\java\org\apache\pulsar\proxy\server\UnauthedAdminProxyHandlerTest.java,
pulsar,C:\Users\ismak\Documents\GitHub\relation_test_code_smell_ML\dataset\projects\pulsar\pulsar-proxy\src\test\java\org\apache\pulsar\proxy\util\CmdGenerateDocumentationTest.java,
pulsar,C:\Users\ismak\Documents\GitHub\relation_test_code_smell_ML\dataset\projects\pulsar\pulsar-testclient\src\test\java\org\apache\pulsar\proxy\socket\client\PerformanceClientTest.java,
pulsar,C:\Users\ismak\Documents\GitHub\relation_test_code_smell_ML\dataset\projects\pulsar\pulsar-testclient\src\test\java\org\apache\pulsar\testclient\GenerateDocumentionTest.java,
pulsar,C:\Users\ismak\Documents\GitHub\relation_test_code_smell_ML\dataset\projects\pulsar\pulsar-testclient\src\test\java\org\apache\pulsar\testclient\Oauth2PerformanceTransactionTest.java,
pulsar,C:\Users\ismak\Documents\GitHub\relation_test_code_smell_ML\dataset\projects\pulsar\pulsar-testclient\src\test\java\org\apache\pulsar\testclient\PerfClientUtilsTest.java,
pulsar,C:\Users\ismak\Documents\GitHub\relation_test_code_smell_ML\dataset\projects\pulsar\pulsar-testclient\src\test\java\org\apache\pulsar\testclient\PerformanceBaseArgumentsTest.java,
pulsar,C:\Users\ismak\Documents\GitHub\relation_test_code_smell_ML\dataset\projects\pulsar\pulsar-testclient\src\test\java\org\apache\pulsar\testclient\PerformanceConsumerArgsTest.java,
pulsar,C:\Users\ismak\Documents\GitHub\relation_test_code_smell_ML\dataset\projects\pulsar\pulsar-testclient\src\test\java\org\apache\pulsar\testclient\PerformanceProducerTest.java,
pulsar,C:\Users\ismak\Documents\GitHub\relation_test_code_smell_ML\dataset\projects\pulsar\pulsar-testclient\src\test\java\org\apache\pulsar\testclient\PerformanceTransactionTest.java,
pulsar,C:\Users\ismak\Documents\GitHub\relation_test_code_smell_ML\dataset\projects\pulsar\pulsar-testclient\src\test\java\org\apache\pulsar\testclient\TestDefaultMessageFormatter.java,
pulsar,C:\Users\ismak\Documents\GitHub\relation_test_code_smell_ML\dataset\projects\pulsar\pulsar-transaction\coordinator\src\test\java\org\apache\pulsar\transaction\coordinator\impl\MLTransactionLogImplTest.java,
pulsar,C:\Users\ismak\Documents\GitHub\relation_test_code_smell_ML\dataset\projects\pulsar\pulsar-transaction\coordinator\src\test\java\org\apache\pulsar\transaction\coordinator\impl\TxnBatchedPositionImplTest.java,
pulsar,C:\Users\ismak\Documents\GitHub\relation_test_code_smell_ML\dataset\projects\pulsar\pulsar-transaction\coordinator\src\test\java\org\apache\pulsar\transaction\coordinator\impl\TxnLogBufferedWriterTest.java,
pulsar,C:\Users\ismak\Documents\GitHub\relation_test_code_smell_ML\dataset\projects\pulsar\pulsar-transaction\coordinator\src\test\java\org\apache\pulsar\transaction\coordinator\MLTransactionMetadataStoreTest.java,
pulsar,C:\Users\ismak\Documents\GitHub\relation_test_code_smell_ML\dataset\projects\pulsar\pulsar-transaction\coordinator\src\test\java\org\apache\pulsar\transaction\coordinator\TransactionMetadataStoreProviderTest.java,
pulsar,C:\Users\ismak\Documents\GitHub\relation_test_code_smell_ML\dataset\projects\pulsar\pulsar-transaction\coordinator\src\test\java\org\apache\pulsar\transaction\coordinator\TxnStatusTest.java,
pulsar,C:\Users\ismak\Documents\GitHub\relation_test_code_smell_ML\dataset\projects\pulsar\pulsar-websocket\src\test\java\org\apache\pulsar\websocket\AbstractWebSocketHandlerTest.java,
pulsar,C:\Users\ismak\Documents\GitHub\relation_test_code_smell_ML\dataset\projects\pulsar\pulsar-websocket\src\test\java\org\apache\pulsar\websocket\admin\WebSocketWebResourceTest.java,
pulsar,C:\Users\ismak\Documents\GitHub\relation_test_code_smell_ML\dataset\projects\pulsar\pulsar-websocket\src\test\java\org\apache\pulsar\websocket\LookupProtocolTest.java,
pulsar,C:\Users\ismak\Documents\GitHub\relation_test_code_smell_ML\dataset\projects\pulsar\pulsar-websocket\src\test\java\org\apache\pulsar\websocket\PingPongSupportTest.java,
pulsar,C:\Users\ismak\Documents\GitHub\relation_test_code_smell_ML\dataset\projects\pulsar\pulsar-websocket\src\test\java\org\apache\pulsar\websocket\ProducerHandlerTest.java,
pulsar,C:\Users\ismak\Documents\GitHub\relation_test_code_smell_ML\dataset\projects\pulsar\pulsar-websocket\src\test\java\org\apache\pulsar\websocket\ReaderHandlerTest.java,
pulsar,C:\Users\ismak\Documents\GitHub\relation_test_code_smell_ML\dataset\projects\pulsar\pulsar-websocket\src\test\java\org\apache\pulsar\websocket\service\WebSocketProxyConfigurationTest.java,
pulsar,C:\Users\ismak\Documents\GitHub\relation_test_code_smell_ML\dataset\projects\pulsar\pulsar-websocket\src\test\java\org\apache\pulsar\websocket\service\WebSocketServiceStarterTest.java,
pulsar,C:\Users\ismak\Documents\GitHub\relation_test_code_smell_ML\dataset\projects\pulsar\pulsar-websocket\src\test\java\org\apache\pulsar\websocket\WebSocketHttpServletRequestWrapperTest.java,
pulsar,C:\Users\ismak\Documents\GitHub\relation_test_code_smell_ML\dataset\projects\pulsar\pulsar-websocket\src\test\java\org\apache\pulsar\websocket\WebSocketProxyConfigurationTest.java,
pulsar,C:\Users\ismak\Documents\GitHub\relation_test_code_smell_ML\dataset\projects\pulsar\pulsar-websocket\src\test\java\org\apache\pulsar\websocket\WebSocketServiceTest.java,
pulsar,C:\Users\ismak\Documents\GitHub\relation_test_code_smell_ML\dataset\projects\pulsar\tests\docker-images\java-test-functions\src\main\java\org\apache\pulsar\tests\integration\io\TestByteStateSource.java,
pulsar,C:\Users\ismak\Documents\GitHub\relation_test_code_smell_ML\dataset\projects\pulsar\tests\docker-images\java-test-functions\src\main\java\org\apache\pulsar\tests\integration\io\TestGenericObjectSink.java,
pulsar,C:\Users\ismak\Documents\GitHub\relation_test_code_smell_ML\dataset\projects\pulsar\tests\docker-images\java-test-functions\src\main\java\org\apache\pulsar\tests\integration\io\TestLoggingSink.java,
pulsar,C:\Users\ismak\Documents\GitHub\relation_test_code_smell_ML\dataset\projects\pulsar\tests\docker-images\java-test-functions\src\main\java\org\apache\pulsar\tests\integration\io\TestPropertySource.java,
pulsar,C:\Users\ismak\Documents\GitHub\relation_test_code_smell_ML\dataset\projects\pulsar\tests\docker-images\java-test-functions\src\main\java\org\apache\pulsar\tests\integration\io\TestStateSink.java,
pulsar,C:\Users\ismak\Documents\GitHub\relation_test_code_smell_ML\dataset\projects\pulsar\tests\docker-images\java-test-functions\src\main\java\org\apache\pulsar\tests\integration\io\TestStateSource.java,
pulsar,C:\Users\ismak\Documents\GitHub\relation_test_code_smell_ML\dataset\projects\pulsar\tests\integration\src\test\java\org\apache\pulsar\tests\integration\admin\AdminTest.java,
pulsar,C:\Users\ismak\Documents\GitHub\relation_test_code_smell_ML\dataset\projects\pulsar\tests\integration\src\test\java\org\apache\pulsar\tests\integration\bookkeeper\BookkeeperInstallWithHttpServerEnabledTest.java,
pulsar,C:\Users\ismak\Documents\GitHub\relation_test_code_smell_ML\dataset\projects\pulsar\tests\integration\src\test\java\org\apache\pulsar\tests\integration\bookkeeper\BrokerInstallWithEntryMetadataInterceptorsTest.java,
pulsar,C:\Users\ismak\Documents\GitHub\relation_test_code_smell_ML\dataset\projects\pulsar\tests\integration\src\test\java\org\apache\pulsar\tests\integration\cli\AdminMultiHostTest.java,
pulsar,C:\Users\ismak\Documents\GitHub\relation_test_code_smell_ML\dataset\projects\pulsar\tests\integration\src\test\java\org\apache\pulsar\tests\integration\cli\ClientToolTest.java,
pulsar,C:\Users\ismak\Documents\GitHub\relation_test_code_smell_ML\dataset\projects\pulsar\tests\integration\src\test\java\org\apache\pulsar\tests\integration\cli\CLITest.java,
pulsar,C:\Users\ismak\Documents\GitHub\relation_test_code_smell_ML\dataset\projects\pulsar\tests\integration\src\test\java\org\apache\pulsar\tests\integration\cli\ClusterMetadataTearDownTest.java,
pulsar,C:\Users\ismak\Documents\GitHub\relation_test_code_smell_ML\dataset\projects\pulsar\tests\integration\src\test\java\org\apache\pulsar\tests\integration\cli\FileSystemPackagesCliTest.java,
pulsar,C:\Users\ismak\Documents\GitHub\relation_test_code_smell_ML\dataset\projects\pulsar\tests\integration\src\test\java\org\apache\pulsar\tests\integration\cli\FunctionsCLITest.java,
pulsar,C:\Users\ismak\Documents\GitHub\relation_test_code_smell_ML\dataset\projects\pulsar\tests\integration\src\test\java\org\apache\pulsar\tests\integration\cli\HealthCheckTest.java,
pulsar,C:\Users\ismak\Documents\GitHub\relation_test_code_smell_ML\dataset\projects\pulsar\tests\integration\src\test\java\org\apache\pulsar\tests\integration\cli\PackagesCliTest.java,
pulsar,C:\Users\ismak\Documents\GitHub\relation_test_code_smell_ML\dataset\projects\pulsar\tests\integration\src\test\java\org\apache\pulsar\tests\integration\cli\PerfToolTest.java,
pulsar,C:\Users\ismak\Documents\GitHub\relation_test_code_smell_ML\dataset\projects\pulsar\tests\integration\src\test\java\org\apache\pulsar\tests\integration\cli\PulsarVersionTest.java,
pulsar,C:\Users\ismak\Documents\GitHub\relation_test_code_smell_ML\dataset\projects\pulsar\tests\integration\src\test\java\org\apache\pulsar\tests\integration\cli\SchemaUpdateStrategyTest.java,
pulsar,C:\Users\ismak\Documents\GitHub\relation_test_code_smell_ML\dataset\projects\pulsar\tests\integration\src\test\java\org\apache\pulsar\tests\integration\cli\tenant\TenantTest.java,
pulsar,C:\Users\ismak\Documents\GitHub\relation_test_code_smell_ML\dataset\projects\pulsar\tests\integration\src\test\java\org\apache\pulsar\tests\integration\cli\topic\AnalyzeBacklogTest.java,
pulsar,C:\Users\ismak\Documents\GitHub\relation_test_code_smell_ML\dataset\projects\pulsar\tests\integration\src\test\java\org\apache\pulsar\tests\integration\cli\topicpolicies\SchemaCompatibilityStrategyTest.java,
pulsar,C:\Users\ismak\Documents\GitHub\relation_test_code_smell_ML\dataset\projects\pulsar\tests\integration\src\test\java\org\apache\pulsar\tests\integration\compaction\TestCompaction.java,
pulsar,C:\Users\ismak\Documents\GitHub\relation_test_code_smell_ML\dataset\projects\pulsar\tests\integration\src\test\java\org\apache\pulsar\tests\integration\functions\go\PulsarFunctionsGoProcessTest.java,
pulsar,C:\Users\ismak\Documents\GitHub\relation_test_code_smell_ML\dataset\projects\pulsar\tests\integration\src\test\java\org\apache\pulsar\tests\integration\functions\go\PulsarFunctionsGoTest.java,
pulsar,C:\Users\ismak\Documents\GitHub\relation_test_code_smell_ML\dataset\projects\pulsar\tests\integration\src\test\java\org\apache\pulsar\tests\integration\functions\go\PulsarFunctionsGoThreadTest.java,
pulsar,C:\Users\ismak\Documents\GitHub\relation_test_code_smell_ML\dataset\projects\pulsar\tests\integration\src\test\java\org\apache\pulsar\tests\integration\functions\java\PulsarFunctionsJavaProcessTest.java,
pulsar,C:\Users\ismak\Documents\GitHub\relation_test_code_smell_ML\dataset\projects\pulsar\tests\integration\src\test\java\org\apache\pulsar\tests\integration\functions\java\PulsarFunctionsJavaTest.java,
pulsar,C:\Users\ismak\Documents\GitHub\relation_test_code_smell_ML\dataset\projects\pulsar\tests\integration\src\test\java\org\apache\pulsar\tests\integration\functions\java\PulsarFunctionsJavaThreadTest.java,
pulsar,C:\Users\ismak\Documents\GitHub\relation_test_code_smell_ML\dataset\projects\pulsar\tests\integration\src\test\java\org\apache\pulsar\tests\integration\functions\java\PulsarWorkerRebalanceDrainProcessTest.java,
pulsar,C:\Users\ismak\Documents\GitHub\relation_test_code_smell_ML\dataset\projects\pulsar\tests\integration\src\test\java\org\apache\pulsar\tests\integration\functions\java\PulsarWorkerRebalanceDrainTest.java,
pulsar,C:\Users\ismak\Documents\GitHub\relation_test_code_smell_ML\dataset\projects\pulsar\tests\integration\src\test\java\org\apache\pulsar\tests\integration\functions\java\PulsarWorkerRebalanceDrainThreadTest.java,
pulsar,C:\Users\ismak\Documents\GitHub\relation_test_code_smell_ML\dataset\projects\pulsar\tests\integration\src\test\java\org\apache\pulsar\tests\integration\functions\k8s\PulsarFunctionsK8STest.java,
pulsar,C:\Users\ismak\Documents\GitHub\relation_test_code_smell_ML\dataset\projects\pulsar\tests\integration\src\test\java\org\apache\pulsar\tests\integration\functions\PulsarBKStateStoreTest.java,
pulsar,C:\Users\ismak\Documents\GitHub\relation_test_code_smell_ML\dataset\projects\pulsar\tests\integration\src\test\java\org\apache\pulsar\tests\integration\functions\PulsarFunctionsTest.java,
pulsar,C:\Users\ismak\Documents\GitHub\relation_test_code_smell_ML\dataset\projects\pulsar\tests\integration\src\test\java\org\apache\pulsar\tests\integration\functions\PulsarMetadataStateStoreTest.java,
pulsar,C:\Users\ismak\Documents\GitHub\relation_test_code_smell_ML\dataset\projects\pulsar\tests\integration\src\test\java\org\apache\pulsar\tests\integration\functions\PulsarStateTest.java,
pulsar,C:\Users\ismak\Documents\GitHub\relation_test_code_smell_ML\dataset\projects\pulsar\tests\integration\src\test\java\org\apache\pulsar\tests\integration\functions\python\PulsarFunctionsPythonProcessTest.java,
pulsar,C:\Users\ismak\Documents\GitHub\relation_test_code_smell_ML\dataset\projects\pulsar\tests\integration\src\test\java\org\apache\pulsar\tests\integration\functions\python\PulsarFunctionsPythonTest.java,
pulsar,C:\Users\ismak\Documents\GitHub\relation_test_code_smell_ML\dataset\projects\pulsar\tests\integration\src\test\java\org\apache\pulsar\tests\integration\functions\python\PulsarFunctionsPythonThreadTest.java,
pulsar,C:\Users\ismak\Documents\GitHub\relation_test_code_smell_ML\dataset\projects\pulsar\tests\integration\src\test\java\org\apache\pulsar\tests\integration\io\PulsarGenericObjectSinkTest.java,
pulsar,C:\Users\ismak\Documents\GitHub\relation_test_code_smell_ML\dataset\projects\pulsar\tests\integration\src\test\java\org\apache\pulsar\tests\integration\io\SinkWithTransformFunctionTest.java,
pulsar,C:\Users\ismak\Documents\GitHub\relation_test_code_smell_ML\dataset\projects\pulsar\tests\integration\src\test\java\org\apache\pulsar\tests\integration\io\sources\BatchSourceTest.java,
pulsar,C:\Users\ismak\Documents\GitHub\relation_test_code_smell_ML\dataset\projects\pulsar\tests\integration\src\test\java\org\apache\pulsar\tests\integration\io\sources\DataGeneratorSourceTest.java,
pulsar,C:\Users\ismak\Documents\GitHub\relation_test_code_smell_ML\dataset\projects\pulsar\tests\integration\src\test\java\org\apache\pulsar\tests\integration\io\sources\GenericRecordSourceTest.java,
pulsar,C:\Users\ismak\Documents\GitHub\relation_test_code_smell_ML\dataset\projects\pulsar\tests\integration\src\test\java\org\apache\pulsar\tests\integration\io\sources\PulsarSourcePropertyTest.java,
pulsar,C:\Users\ismak\Documents\GitHub\relation_test_code_smell_ML\dataset\projects\pulsar\tests\integration\src\test\java\org\apache\pulsar\tests\integration\k8s\AbstractPulsarStandaloneK8STest.java,
pulsar,C:\Users\ismak\Documents\GitHub\relation_test_code_smell_ML\dataset\projects\pulsar\tests\integration\src\test\java\org\apache\pulsar\tests\integration\loadbalance\ExtensibleLoadManagerTest.java,
pulsar,C:\Users\ismak\Documents\GitHub\relation_test_code_smell_ML\dataset\projects\pulsar\tests\integration\src\test\java\org\apache\pulsar\tests\integration\messaging\DelayMessagingTest.java,
pulsar,C:\Users\ismak\Documents\GitHub\relation_test_code_smell_ML\dataset\projects\pulsar\tests\integration\src\test\java\org\apache\pulsar\tests\integration\messaging\GeoReplicationTest.java,
pulsar,C:\Users\ismak\Documents\GitHub\relation_test_code_smell_ML\dataset\projects\pulsar\tests\integration\src\test\java\org\apache\pulsar\tests\integration\messaging\MessagingSmokeTest.java,
pulsar,C:\Users\ismak\Documents\GitHub\relation_test_code_smell_ML\dataset\projects\pulsar\tests\integration\src\test\java\org\apache\pulsar\tests\integration\messaging\NonDurableConsumerMessagingTest.java,
pulsar,C:\Users\ismak\Documents\GitHub\relation_test_code_smell_ML\dataset\projects\pulsar\tests\integration\src\test\java\org\apache\pulsar\tests\integration\messaging\NonPersistentTopicMessagingTest.java,
pulsar,C:\Users\ismak\Documents\GitHub\relation_test_code_smell_ML\dataset\projects\pulsar\tests\integration\src\test\java\org\apache\pulsar\tests\integration\messaging\PersistentTopicMessagingTest.java,
pulsar,C:\Users\ismak\Documents\GitHub\relation_test_code_smell_ML\dataset\projects\pulsar\tests\integration\src\test\java\org\apache\pulsar\tests\integration\messaging\ReaderMessagingTest.java,
pulsar,C:\Users\ismak\Documents\GitHub\relation_test_code_smell_ML\dataset\projects\pulsar\tests\integration\src\test\java\org\apache\pulsar\tests\integration\metrics\OpenTelemetrySanityTest.java,
pulsar,C:\Users\ismak\Documents\GitHub\relation_test_code_smell_ML\dataset\projects\pulsar\tests\integration\src\test\java\org\apache\pulsar\tests\integration\offload\TestBaseOffload.java,
pulsar,C:\Users\ismak\Documents\GitHub\relation_test_code_smell_ML\dataset\projects\pulsar\tests\integration\src\test\java\org\apache\pulsar\tests\integration\offload\TestFileSystemOffload.java,
pulsar,C:\Users\ismak\Documents\GitHub\relation_test_code_smell_ML\dataset\projects\pulsar\tests\integration\src\test\java\org\apache\pulsar\tests\integration\offload\TestOffloadDeletionFS.java,
pulsar,C:\Users\ismak\Documents\GitHub\relation_test_code_smell_ML\dataset\projects\pulsar\tests\integration\src\test\java\org\apache\pulsar\tests\integration\offload\TestS3Offload.java,
pulsar,C:\Users\ismak\Documents\GitHub\relation_test_code_smell_ML\dataset\projects\pulsar\tests\integration\src\test\java\org\apache\pulsar\tests\integration\offload\TestUniversalConfigurations.java,
pulsar,C:\Users\ismak\Documents\GitHub\relation_test_code_smell_ML\dataset\projects\pulsar\tests\integration\src\test\java\org\apache\pulsar\tests\integration\oxia\OxiaSmokeTest.java,
pulsar,C:\Users\ismak\Documents\GitHub\relation_test_code_smell_ML\dataset\projects\pulsar\tests\integration\src\test\java\org\apache\pulsar\tests\integration\plugins\TestAdditionalServlets.java,
pulsar,C:\Users\ismak\Documents\GitHub\relation_test_code_smell_ML\dataset\projects\pulsar\tests\integration\src\test\java\org\apache\pulsar\tests\integration\plugins\TestBrokerInterceptors.java,
pulsar,C:\Users\ismak\Documents\GitHub\relation_test_code_smell_ML\dataset\projects\pulsar\tests\integration\src\test\java\org\apache\pulsar\tests\integration\plugins\TestEntryFilters.java,
pulsar,C:\Users\ismak\Documents\GitHub\relation_test_code_smell_ML\dataset\projects\pulsar\tests\integration\src\test\java\org\apache\pulsar\tests\integration\plugins\TestProtocolHandlers.java,
pulsar,C:\Users\ismak\Documents\GitHub\relation_test_code_smell_ML\dataset\projects\pulsar\tests\integration\src\test\java\org\apache\pulsar\tests\integration\profiling\PulsarProfilingTest.java,
pulsar,C:\Users\ismak\Documents\GitHub\relation_test_code_smell_ML\dataset\projects\pulsar\tests\integration\src\test\java\org\apache\pulsar\tests\integration\proxy\TestProxy.java,
pulsar,C:\Users\ismak\Documents\GitHub\relation_test_code_smell_ML\dataset\projects\pulsar\tests\integration\src\test\java\org\apache\pulsar\tests\integration\python\PythonSchemaTest.java,
pulsar,C:\Users\ismak\Documents\GitHub\relation_test_code_smell_ML\dataset\projects\pulsar\tests\integration\src\test\java\org\apache\pulsar\tests\integration\schema\JodaTimeTest.java,
pulsar,C:\Users\ismak\Documents\GitHub\relation_test_code_smell_ML\dataset\projects\pulsar\tests\integration\src\test\java\org\apache\pulsar\tests\integration\schema\SchemaTest.java,
pulsar,C:\Users\ismak\Documents\GitHub\relation_test_code_smell_ML\dataset\projects\pulsar\tests\integration\src\test\java\org\apache\pulsar\tests\integration\semantics\SemanticsTest.java,
pulsar,C:\Users\ismak\Documents\GitHub\relation_test_code_smell_ML\dataset\projects\pulsar\tests\integration\src\test\java\org\apache\pulsar\tests\integration\standalone\SmokeTest.java,
pulsar,C:\Users\ismak\Documents\GitHub\relation_test_code_smell_ML\dataset\projects\pulsar\tests\integration\src\test\java\org\apache\pulsar\tests\integration\tls\ClientTlsAbsoluteAdvertisedAddressTest.java,
pulsar,C:\Users\ismak\Documents\GitHub\relation_test_code_smell_ML\dataset\projects\pulsar\tests\integration\src\test\java\org\apache\pulsar\tests\integration\tls\ClientTlsTest.java,
pulsar,C:\Users\ismak\Documents\GitHub\relation_test_code_smell_ML\dataset\projects\pulsar\tests\integration\src\test\java\org\apache\pulsar\tests\integration\topics\TestScalableTopicMigration.java,
pulsar,C:\Users\ismak\Documents\GitHub\relation_test_code_smell_ML\dataset\projects\pulsar\tests\integration\src\test\java\org\apache\pulsar\tests\integration\topics\TestTopicDeletion.java,
pulsar,C:\Users\ismak\Documents\GitHub\relation_test_code_smell_ML\dataset\projects\pulsar\tests\integration\src\test\java\org\apache\pulsar\tests\integration\transaction\TcMetadataDiscoveryTest.java,
pulsar,C:\Users\ismak\Documents\GitHub\relation_test_code_smell_ML\dataset\projects\pulsar\tests\integration\src\test\java\org\apache\pulsar\tests\integration\transaction\TransactionTest.java,
pulsar,C:\Users\ismak\Documents\GitHub\relation_test_code_smell_ML\dataset\projects\pulsar\tests\integration\src\test\java\org\apache\pulsar\tests\integration\transaction\V5ScalableTopicTransactionOnOxiaTest.java,
pulsar,C:\Users\ismak\Documents\GitHub\relation_test_code_smell_ML\dataset\projects\pulsar\tests\integration\src\test\java\org\apache\pulsar\tests\integration\transaction\V5ScalableTopicTransactionTest.java,
pulsar,C:\Users\ismak\Documents\GitHub\relation_test_code_smell_ML\dataset\projects\pulsar\tests\integration\src\test\java\org\apache\pulsar\tests\integration\upgrade\PulsarUpgradeDowngradeTest.java,
pulsar,C:\Users\ismak\Documents\GitHub\relation_test_code_smell_ML\dataset\projects\pulsar\tests\integration\src\test\java\org\apache\pulsar\tests\integration\upgrade\PulsarZKDowngradeTest.java,
pulsar,C:\Users\ismak\Documents\GitHub\relation_test_code_smell_ML\dataset\projects\pulsar\tests\integration\src\test\java\org\apache\pulsar\tests\integration\websocket\TestWebSocket.java,
pulsar,C:\Users\ismak\Documents\GitHub\relation_test_code_smell_ML\dataset\projects\pulsar\tests\pulsar-client-admin-shade-test\src\test\java\org\apache\pulsar\tests\integration\SimpleProducerConsumerTest.java,
pulsar,C:\Users\ismak\Documents\GitHub\relation_test_code_smell_ML\dataset\projects\pulsar\tests\pulsar-client-admin-shade-test\src\test\java\org\apache\pulsar\tests\integration\SmokeTest.java,
pulsar,C:\Users\ismak\Documents\GitHub\relation_test_code_smell_ML\dataset\projects\pulsar\tests\pulsar-client-all-shade-test\src\test\java\org\apache\pulsar\tests\integration\SimpleProducerConsumerTest.java,
pulsar,C:\Users\ismak\Documents\GitHub\relation_test_code_smell_ML\dataset\projects\pulsar\tests\pulsar-client-all-shade-test\src\test\java\org\apache\pulsar\tests\integration\SmokeTest.java,
pulsar,C:\Users\ismak\Documents\GitHub\relation_test_code_smell_ML\dataset\projects\pulsar\tests\pulsar-client-native-image\src\test\java\org\apache\pulsar\tests\integration\nativeimage\NativeImageSmokeTest.java,
pulsar,C:\Users\ismak\Documents\GitHub\relation_test_code_smell_ML\dataset\projects\pulsar\tests\pulsar-client-shade-test\src\test\java\org\apache\pulsar\tests\integration\SimpleProducerConsumerTest.java,
pulsar,C:\Users\ismak\Documents\GitHub\relation_test_code_smell_ML\dataset\projects\pulsar\tests\pulsar-client-shade-test\src\test\java\org\apache\pulsar\tests\integration\SmokeTest.java,
pulsar,C:\Users\ismak\Documents\GitHub\relation_test_code_smell_ML\dataset\projects\pulsar\tests\pulsar-client-test-bcfips\src\test\java\org\apache\pulsar\client\TlsProducerConsumerTest.java,
pulsar,C:\Users\ismak\Documents\GitHub\relation_test_code_smell_ML\dataset\projects\pulsar\tiered-storage\file-system\src\test\java\org\apache\bookkeeper\mledger\offload\filesystem\impl\FileSystemManagedLedgerOffloaderTest.java,
pulsar,C:\Users\ismak\Documents\GitHub\relation_test_code_smell_ML\dataset\projects\pulsar\tiered-storage\file-system\src\test\java\org\apache\bookkeeper\mledger\offload\filesystem\impl\FileSystemOffloaderLocalFileTest.java,
pulsar,C:\Users\ismak\Documents\GitHub\relation_test_code_smell_ML\dataset\projects\pulsar\tiered-storage\jcloud\src\test\java\org\apache\bookkeeper\mledger\offload\jcloud\BlobStoreBackedInputStreamTest.java,
pulsar,C:\Users\ismak\Documents\GitHub\relation_test_code_smell_ML\dataset\projects\pulsar\tiered-storage\jcloud\src\test\java\org\apache\bookkeeper\mledger\offload\jcloud\impl\BlobStoreBackedInputStreamTest.java,
pulsar,C:\Users\ismak\Documents\GitHub\relation_test_code_smell_ML\dataset\projects\pulsar\tiered-storage\jcloud\src\test\java\org\apache\bookkeeper\mledger\offload\jcloud\impl\BlobStoreBackedReadHandleImplTest.java,
pulsar,C:\Users\ismak\Documents\GitHub\relation_test_code_smell_ML\dataset\projects\pulsar\tiered-storage\jcloud\src\test\java\org\apache\bookkeeper\mledger\offload\jcloud\impl\BlobStoreManagedLedgerOffloaderStreamingTest.java,
pulsar,C:\Users\ismak\Documents\GitHub\relation_test_code_smell_ML\dataset\projects\pulsar\tiered-storage\jcloud\src\test\java\org\apache\bookkeeper\mledger\offload\jcloud\impl\BlobStoreManagedLedgerOffloaderTest.java,
pulsar,C:\Users\ismak\Documents\GitHub\relation_test_code_smell_ML\dataset\projects\pulsar\tiered-storage\jcloud\src\test\java\org\apache\bookkeeper\mledger\offload\jcloud\impl\BlockAwareSegmentInputStreamTest.java,
pulsar,C:\Users\ismak\Documents\GitHub\relation_test_code_smell_ML\dataset\projects\pulsar\tiered-storage\jcloud\src\test\java\org\apache\bookkeeper\mledger\offload\jcloud\impl\BufferedOffloadStreamTest.java,
pulsar,C:\Users\ismak\Documents\GitHub\relation_test_code_smell_ML\dataset\projects\pulsar\tiered-storage\jcloud\src\test\java\org\apache\bookkeeper\mledger\offload\jcloud\impl\DataBlockHeaderTest.java,
pulsar,C:\Users\ismak\Documents\GitHub\relation_test_code_smell_ML\dataset\projects\pulsar\tiered-storage\jcloud\src\test\java\org\apache\bookkeeper\mledger\offload\jcloud\impl\DataBlockHeaderV2Test.java,
pulsar,C:\Users\ismak\Documents\GitHub\relation_test_code_smell_ML\dataset\projects\pulsar\tiered-storage\jcloud\src\test\java\org\apache\bookkeeper\mledger\offload\jcloud\impl\DataBlockUtilsTest.java,
pulsar,C:\Users\ismak\Documents\GitHub\relation_test_code_smell_ML\dataset\projects\pulsar\tiered-storage\jcloud\src\test\java\org\apache\bookkeeper\mledger\offload\jcloud\impl\OffloadIndexTest.java,
pulsar,C:\Users\ismak\Documents\GitHub\relation_test_code_smell_ML\dataset\projects\pulsar\tiered-storage\jcloud\src\test\java\org\apache\bookkeeper\mledger\offload\jcloud\impl\OffloadIndexV2Test.java,
pulsar,C:\Users\ismak\Documents\GitHub\relation_test_code_smell_ML\dataset\projects\pulsar\tiered-storage\jcloud\src\test\java\org\apache\bookkeeper\mledger\offload\jcloud\impl\OffsetsCacheTest.java,
pulsar,C:\Users\ismak\Documents\GitHub\relation_test_code_smell_ML\dataset\projects\pulsar\tiered-storage\jcloud\src\test\java\org\apache\bookkeeper\mledger\offload\jcloud\provider\AbstractJCloudBlobStoreFactoryTest.java,
pulsar,C:\Users\ismak\Documents\GitHub\relation_test_code_smell_ML\dataset\projects\pulsar\tiered-storage\jcloud\src\test\java\org\apache\bookkeeper\mledger\offload\jcloud\provider\JCloudBlobStoreProviderTest.java,
pulsar,C:\Users\ismak\Documents\GitHub\relation_test_code_smell_ML\dataset\projects\pulsar\tiered-storage\jcloud\src\test\java\org\apache\bookkeeper\mledger\offload\jcloud\provider\TieredStorageConfigurationTest.java,
pulsar,C:\Users\ismak\Documents\GitHub\relation_test_code_smell_ML\dataset\projects\pulsar\tiered-storage\jcloud\src\test\java\org\apache\bookkeeper\mledger\offload\jcloud\provider\TransientBlobStoreFactoryTest.java,
