App,Tag,FilePath,RelativeFilePath,FileName,ClassName,TotalImports,TotalMethods,TotalMethodStatements,TotalTestMethods,AnnotationCount,TestsWithoutAnnotationCount,HasTestInFileName,HasTestInClassName,junitFrameworkTest,junitFrameworkTestCase,orgJunitTest,androidTestAndroidTestCase,androidTestInstrumentationTestCase,orgJunitAssert,androidTestActivityInstrumentationTestCase2,HasTechnicalDebtComment
GitHub,relation_test_code_smell_ML,C:\Users\ismak\Documents\GitHub\relation_test_code_smell_ML\dataset\projects\netty\buffer\src\test\java\io\netty\buffer\AbstractAdaptiveByteBufTest.java,dataset/projects/netty/buffer/src/test/java/io/netty/buffer/AbstractAdaptiveByteBufTest.java,AbstractAdaptiveByteBufTest.java,AbstractAdaptiveByteBufTest,2,4,1,2,2,0,true,true,false,false,false,false,false,false,false,false
GitHub,relation_test_code_smell_ML,C:\Users\ismak\Documents\GitHub\relation_test_code_smell_ML\dataset\projects\netty\buffer\src\test\java\io\netty\buffer\AbstractByteBufAllocatorTest.java,dataset/projects/netty/buffer/src/test/java/io/netty/buffer/AbstractByteBufAllocatorTest.java,AbstractByteBufAllocatorTest.java,AbstractByteBufAllocatorTest,16,22,85,11,9,2,true,true,false,false,false,false,false,false,false,true
GitHub,relation_test_code_smell_ML,C:\Users\ismak\Documents\GitHub\relation_test_code_smell_ML\dataset\projects\netty\buffer\src\test\java\io\netty\buffer\AbstractByteBufTest.java,dataset/projects/netty/buffer/src/test/java/io/netty/buffer/AbstractByteBufTest.java,AbstractByteBufTest.java,TestByteProcessor,69,688,1898,457,406,51,true,true,false,false,false,false,false,false,false,false
GitHub,relation_test_code_smell_ML,C:\Users\ismak\Documents\GitHub\relation_test_code_smell_ML\dataset\projects\netty\buffer\src\test\java\io\netty\buffer\AbstractCompositeByteBufTest.java,dataset/projects/netty/buffer/src/test/java/io/netty/buffer/AbstractCompositeByteBufTest.java,AbstractCompositeByteBufTest.java,AbstractCompositeByteBufTest,34,104,812,92,85,7,true,true,false,false,false,false,false,false,false,false
GitHub,relation_test_code_smell_ML,C:\Users\ismak\Documents\GitHub\relation_test_code_smell_ML\dataset\projects\netty\buffer\src\test\java\io\netty\buffer\AbstractPooledByteBufTest.java,dataset/projects/netty/buffer/src/test/java/io/netty/buffer/AbstractPooledByteBufTest.java,AbstractPooledByteBufTest.java,AbstractPooledByteBufTest,7,10,53,6,6,0,true,true,false,false,false,false,false,false,false,false
GitHub,relation_test_code_smell_ML,C:\Users\ismak\Documents\GitHub\relation_test_code_smell_ML\dataset\projects\netty\buffer\src\test\java\io\netty\buffer\AbstractReferenceCountedByteBufTest.java,dataset/projects/netty/buffer/src/test/java/io/netty/buffer/AbstractReferenceCountedByteBufTest.java,AbstractReferenceCountedByteBufTest.java,AbstractReferenceCountedByteBufTest,15,60,75,6,6,0,true,true,false,false,false,false,false,false,false,false
GitHub,relation_test_code_smell_ML,C:\Users\ismak\Documents\GitHub\relation_test_code_smell_ML\dataset\projects\netty\buffer\src\test\java\io\netty\buffer\AdaptiveBigEndianDirectByteBufTest.java,dataset/projects/netty/buffer/src/test/java/io/netty/buffer/AdaptiveBigEndianDirectByteBufTest.java,AdaptiveBigEndianDirectByteBufTest.java,AdaptiveBigEndianDirectByteBufTest,1,1,3,0,0,0,true,true,false,false,false,false,false,false,false,false
GitHub,relation_test_code_smell_ML,C:\Users\ismak\Documents\GitHub\relation_test_code_smell_ML\dataset\projects\netty\buffer\src\test\java\io\netty\buffer\AdaptiveBigEndianHeapByteBufTest.java,dataset/projects/netty/buffer/src/test/java/io/netty/buffer/AdaptiveBigEndianHeapByteBufTest.java,AdaptiveBigEndianHeapByteBufTest.java,AdaptiveBigEndianHeapByteBufTest,1,1,3,0,0,0,true,true,false,false,false,false,false,false,false,false
GitHub,relation_test_code_smell_ML,C:\Users\ismak\Documents\GitHub\relation_test_code_smell_ML\dataset\projects\netty\buffer\src\test\java\io\netty\buffer\AdaptiveByteBufAllocatorGrowthTest.java,dataset/projects/netty/buffer/src/test/java/io/netty/buffer/AdaptiveByteBufAllocatorGrowthTest.java,AdaptiveByteBufAllocatorGrowthTest.java,AdaptiveByteBufAllocatorGrowthTest,15,2,12,0,0,0,true,true,false,false,false,false,false,false,false,false
GitHub,relation_test_code_smell_ML,C:\Users\ismak\Documents\GitHub\relation_test_code_smell_ML\dataset\projects\netty\buffer\src\test\java\io\netty\buffer\AdaptiveByteBufAllocatorTest.java,dataset/projects/netty/buffer/src/test/java/io/netty/buffer/AdaptiveByteBufAllocatorTest.java,AdaptiveByteBufAllocatorTest.java,AdaptiveByteBufAllocatorTest,23,15,116,5,5,0,true,true,false,false,false,false,false,false,false,false
GitHub,relation_test_code_smell_ML,C:\Users\ismak\Documents\GitHub\relation_test_code_smell_ML\dataset\projects\netty\buffer\src\test\java\io\netty\buffer\AdaptiveByteBufAllocatorUseCacheForNonEventLoopThreadsTest.java,dataset/projects/netty/buffer/src/test/java/io/netty/buffer/AdaptiveByteBufAllocatorUseCacheForNonEventLoopThreadsTest.java,AdaptiveByteBufAllocatorUseCacheForNonEventLoopThreadsTest.java,CustomizeFastThreadLocalThreadWithoutCleanupFastThreadLocals,5,6,11,1,1,0,true,false,false,false,false,false,false,false,false,false
GitHub,relation_test_code_smell_ML,C:\Users\ismak\Documents\GitHub\relation_test_code_smell_ML\dataset\projects\netty\buffer\src\test\java\io\netty\buffer\AdaptiveLittleEndianDirectByteBufTest.java,dataset/projects/netty/buffer/src/test/java/io/netty/buffer/AdaptiveLittleEndianDirectByteBufTest.java,AdaptiveLittleEndianDirectByteBufTest.java,AdaptiveLittleEndianDirectByteBufTest,3,1,4,0,0,0,true,true,false,false,false,false,false,false,false,false
GitHub,relation_test_code_smell_ML,C:\Users\ismak\Documents\GitHub\relation_test_code_smell_ML\dataset\projects\netty\buffer\src\test\java\io\netty\buffer\AdaptiveLittleEndianHeapByteBufTest.java,dataset/projects/netty/buffer/src/test/java/io/netty/buffer/AdaptiveLittleEndianHeapByteBufTest.java,AdaptiveLittleEndianHeapByteBufTest.java,AdaptiveLittleEndianHeapByteBufTest,3,1,4,0,0,0,true,true,false,false,false,false,false,false,false,false
GitHub,relation_test_code_smell_ML,C:\Users\ismak\Documents\GitHub\relation_test_code_smell_ML\dataset\projects\netty\buffer\src\test\java\io\netty\buffer\AdaptivePoolingAllocatorTest.java,dataset/projects/netty/buffer/src/test/java/io/netty/buffer/AdaptivePoolingAllocatorTest.java,AdaptivePoolingAllocatorTest.java,AdaptivePoolingAllocatorTest,2,2,4,1,1,0,true,true,false,false,false,false,false,false,false,false
GitHub,relation_test_code_smell_ML,C:\Users\ismak\Documents\GitHub\relation_test_code_smell_ML\dataset\projects\netty\buffer\src\test\java\io\netty\buffer\AdvancedLeakAwareByteBufTest.java,dataset/projects/netty/buffer/src/test/java/io/netty/buffer/AdvancedLeakAwareByteBufTest.java,AdvancedLeakAwareByteBufTest.java,AdvancedLeakAwareByteBufTest,5,3,12,1,1,0,true,true,false,false,false,false,false,false,false,false
GitHub,relation_test_code_smell_ML,C:\Users\ismak\Documents\GitHub\relation_test_code_smell_ML\dataset\projects\netty\buffer\src\test\java\io\netty\buffer\AdvancedLeakAwareCompositeByteBufTest.java,dataset/projects/netty/buffer/src/test/java/io/netty/buffer/AdvancedLeakAwareCompositeByteBufTest.java,AdvancedLeakAwareCompositeByteBufTest.java,AdvancedLeakAwareCompositeByteBufTest,1,2,2,0,0,0,true,true,false,false,false,false,false,false,false,false
GitHub,relation_test_code_smell_ML,C:\Users\ismak\Documents\GitHub\relation_test_code_smell_ML\dataset\projects\netty\buffer\src\test\java\io\netty\buffer\AlignedPooledByteBufAllocatorTest.java,dataset/projects/netty/buffer/src/test/java/io/netty/buffer/AlignedPooledByteBufAllocatorTest.java,AlignedPooledByteBufAllocatorTest.java,AlignedPooledByteBufAllocatorTest,6,5,35,2,2,0,true,true,false,false,false,false,false,false,false,false
GitHub,relation_test_code_smell_ML,C:\Users\ismak\Documents\GitHub\relation_test_code_smell_ML\dataset\projects\netty\buffer\src\test\java\io\netty\buffer\BigEndianCompositeByteBufTest.java,dataset/projects/netty/buffer/src/test/java/io/netty/buffer/BigEndianCompositeByteBufTest.java,BigEndianCompositeByteBufTest.java,BigEndianCompositeByteBufTest,1,1,1,1,1,0,true,true,false,false,false,false,false,false,false,false
GitHub,relation_test_code_smell_ML,C:\Users\ismak\Documents\GitHub\relation_test_code_smell_ML\dataset\projects\netty\buffer\src\test\java\io\netty\buffer\BigEndianDirectByteBufTest.java,dataset/projects/netty/buffer/src/test/java/io/netty/buffer/BigEndianDirectByteBufTest.java,BigEndianDirectByteBufTest.java,BigEndianDirectByteBufTest,5,3,8,1,1,0,true,true,false,false,false,false,false,false,false,false
GitHub,relation_test_code_smell_ML,C:\Users\ismak\Documents\GitHub\relation_test_code_smell_ML\dataset\projects\netty\buffer\src\test\java\io\netty\buffer\BigEndianHeapByteBufTest.java,dataset/projects/netty/buffer/src/test/java/io/netty/buffer/BigEndianHeapByteBufTest.java,BigEndianHeapByteBufTest.java,BigEndianHeapByteBufTest,4,5,7,2,2,0,true,true,false,false,false,false,false,false,false,false
GitHub,relation_test_code_smell_ML,C:\Users\ismak\Documents\GitHub\relation_test_code_smell_ML\dataset\projects\netty\buffer\src\test\java\io\netty\buffer\BigEndianUnsafeDirectByteBufTest.java,dataset/projects/netty/buffer/src/test/java/io/netty/buffer/BigEndianUnsafeDirectByteBufTest.java,BigEndianUnsafeDirectByteBufTest.java,BigEndianUnsafeDirectByteBufTest,3,2,3,0,0,0,true,true,false,false,false,false,false,false,false,false
GitHub,relation_test_code_smell_ML,C:\Users\ismak\Documents\GitHub\relation_test_code_smell_ML\dataset\projects\netty\buffer\src\test\java\io\netty\buffer\BigEndianUnsafeNoCleanerDirectByteBufTest.java,dataset/projects/netty/buffer/src/test/java/io/netty/buffer/BigEndianUnsafeNoCleanerDirectByteBufTest.java,BigEndianUnsafeNoCleanerDirectByteBufTest.java,BigEndianUnsafeNoCleanerDirectByteBufTest,3,2,3,0,0,0,true,true,false,false,false,false,false,false,false,false
GitHub,relation_test_code_smell_ML,C:\Users\ismak\Documents\GitHub\relation_test_code_smell_ML\dataset\projects\netty\buffer\src\test\java\io\netty\buffer\ByteBufAllocatorTest.java,dataset/projects/netty/buffer/src/test/java/io/netty/buffer/ByteBufAllocatorTest.java,ByteBufAllocatorTest.java,ByteBufAllocatorTest,2,29,63,23,12,11,true,true,false,false,false,false,false,false,false,false
GitHub,relation_test_code_smell_ML,C:\Users\ismak\Documents\GitHub\relation_test_code_smell_ML\dataset\projects\netty\buffer\src\test\java\io\netty\buffer\ByteBufDerivationTest.java,dataset/projects/netty/buffer/src/test/java/io/netty/buffer/ByteBufDerivationTest.java,ByteBufDerivationTest.java,ByteBufDerivationTest,8,11,94,10,10,0,true,true,false,false,false,false,false,false,false,false
GitHub,relation_test_code_smell_ML,C:\Users\ismak\Documents\GitHub\relation_test_code_smell_ML\dataset\projects\netty\buffer\src\test\java\io\netty\buffer\ByteBufStreamTest.java,dataset/projects/netty/buffer/src/test/java/io/netty/buffer/ByteBufStreamTest.java,ByteBufStreamTest.java,ByteBufStreamTest,15,10,70,9,9,0,true,true,false,false,false,false,false,false,false,false
GitHub,relation_test_code_smell_ML,C:\Users\ismak\Documents\GitHub\relation_test_code_smell_ML\dataset\projects\netty\buffer\src\test\java\io\netty\buffer\ByteBufUtilTest.java,dataset/projects/netty/buffer/src/test/java/io/netty/buffer/ByteBufUtilTest.java,ByteBufUtilTest.java,TestMethod,25,73,422,52,13,39,true,true,false,false,false,false,false,false,false,false
GitHub,relation_test_code_smell_ML,C:\Users\ismak\Documents\GitHub\relation_test_code_smell_ML\dataset\projects\netty\buffer\src\test\java\io\netty\buffer\ByteProcessorTest.java,dataset/projects/netty/buffer/src/test/java/io/netty/buffer/ByteProcessorTest.java,ByteProcessorTest.java,ByteProcessorTest,4,2,30,2,2,0,true,true,false,false,false,false,false,false,false,false
GitHub,relation_test_code_smell_ML,C:\Users\ismak\Documents\GitHub\relation_test_code_smell_ML\dataset\projects\netty\buffer\src\test\java\io\netty\buffer\ConsolidationTest.java,dataset/projects/netty/buffer/src/test/java/io/netty/buffer/ConsolidationTest.java,ConsolidationTest.java,ConsolidationTest,4,2,22,2,2,0,true,true,false,false,false,false,false,false,false,false
GitHub,relation_test_code_smell_ML,C:\Users\ismak\Documents\GitHub\relation_test_code_smell_ML\dataset\projects\netty\buffer\src\test\java\io\netty\buffer\DefaultByteBufHolderTest.java,dataset/projects/netty/buffer/src/test/java/io/netty/buffer/DefaultByteBufHolderTest.java,DefaultByteBufHolderTest.java,OtherByteBufHolder,5,5,21,3,3,0,true,false,false,false,false,false,false,false,false,false
GitHub,relation_test_code_smell_ML,C:\Users\ismak\Documents\GitHub\relation_test_code_smell_ML\dataset\projects\netty\buffer\src\test\java\io\netty\buffer\DuplicatedByteBufTest.java,dataset/projects/netty/buffer/src/test/java/io/netty/buffer/DuplicatedByteBufTest.java,DuplicatedByteBufTest.java,DuplicatedByteBufTest,4,6,19,4,4,0,true,true,false,false,false,false,false,false,false,false
GitHub,relation_test_code_smell_ML,C:\Users\ismak\Documents\GitHub\relation_test_code_smell_ML\dataset\projects\netty\buffer\src\test\java\io\netty\buffer\EmptyByteBufTest.java,dataset/projects/netty/buffer/src/test/java/io/netty/buffer/EmptyByteBufTest.java,EmptyByteBufTest.java,EmptyByteBufTest,11,14,45,12,12,0,true,true,false,false,false,false,false,false,false,false
GitHub,relation_test_code_smell_ML,C:\Users\ismak\Documents\GitHub\relation_test_code_smell_ML\dataset\projects\netty\buffer\src\test\java\io\netty\buffer\FixedCompositeByteBufTest.java,dataset/projects/netty/buffer/src/test/java/io/netty/buffer/FixedCompositeByteBufTest.java,FixedCompositeByteBufTest.java,FixedCompositeByteBufTest,17,58,165,39,36,3,true,true,false,false,false,false,false,false,false,false
GitHub,relation_test_code_smell_ML,C:\Users\ismak\Documents\GitHub\relation_test_code_smell_ML\dataset\projects\netty\buffer\src\test\java\io\netty\buffer\IntPriorityQueueTest.java,dataset/projects/netty/buffer/src/test/java/io/netty/buffer/IntPriorityQueueTest.java,IntPriorityQueueTest.java,IntPriorityQueueTest,8,6,66,5,5,0,true,true,false,false,false,false,false,false,false,false
GitHub,relation_test_code_smell_ML,C:\Users\ismak\Documents\GitHub\relation_test_code_smell_ML\dataset\projects\netty\buffer\src\test\java\io\netty\buffer\JfrEventsTest.java,dataset/projects/netty/buffer/src/test/java/io/netty/buffer/JfrEventsTest.java,JfrEventsTest.java,JfrEventsTest,18,12,22,10,10,0,true,true,false,false,false,false,false,false,false,false
GitHub,relation_test_code_smell_ML,C:\Users\ismak\Documents\GitHub\relation_test_code_smell_ML\dataset\projects\netty\buffer\src\test\java\io\netty\buffer\LittleEndianCompositeByteBufTest.java,dataset/projects/netty/buffer/src/test/java/io/netty/buffer/LittleEndianCompositeByteBufTest.java,LittleEndianCompositeByteBufTest.java,LittleEndianCompositeByteBufTest,0,0,0,0,0,0,true,true,false,false,false,false,false,false,false,false
GitHub,relation_test_code_smell_ML,C:\Users\ismak\Documents\GitHub\relation_test_code_smell_ML\dataset\projects\netty\buffer\src\test\java\io\netty\buffer\LittleEndianDirectByteBufTest.java,dataset/projects/netty/buffer/src/test/java/io/netty/buffer/LittleEndianDirectByteBufTest.java,LittleEndianDirectByteBufTest.java,LittleEndianDirectByteBufTest,3,2,5,0,0,0,true,true,false,false,false,false,false,false,false,false
GitHub,relation_test_code_smell_ML,C:\Users\ismak\Documents\GitHub\relation_test_code_smell_ML\dataset\projects\netty\buffer\src\test\java\io\netty\buffer\LittleEndianHeapByteBufTest.java,dataset/projects/netty/buffer/src/test/java/io/netty/buffer/LittleEndianHeapByteBufTest.java,LittleEndianHeapByteBufTest.java,LittleEndianHeapByteBufTest,2,1,3,0,0,0,true,true,false,false,false,false,false,false,false,false
GitHub,relation_test_code_smell_ML,C:\Users\ismak\Documents\GitHub\relation_test_code_smell_ML\dataset\projects\netty\buffer\src\test\java\io\netty\buffer\LittleEndianUnsafeDirectByteBufTest.java,dataset/projects/netty/buffer/src/test/java/io/netty/buffer/LittleEndianUnsafeDirectByteBufTest.java,LittleEndianUnsafeDirectByteBufTest.java,LittleEndianUnsafeDirectByteBufTest,3,2,3,0,0,0,true,true,false,false,false,false,false,false,false,false
GitHub,relation_test_code_smell_ML,C:\Users\ismak\Documents\GitHub\relation_test_code_smell_ML\dataset\projects\netty\buffer\src\test\java\io\netty\buffer\LittleEndianUnsafeNoCleanerDirectByteBufTest.java,dataset/projects/netty/buffer/src/test/java/io/netty/buffer/LittleEndianUnsafeNoCleanerDirectByteBufTest.java,LittleEndianUnsafeNoCleanerDirectByteBufTest.java,LittleEndianUnsafeNoCleanerDirectByteBufTest,3,2,3,0,0,0,true,true,false,false,false,false,false,false,false,false
GitHub,relation_test_code_smell_ML,C:\Users\ismak\Documents\GitHub\relation_test_code_smell_ML\dataset\projects\netty\buffer\src\test\java\io\netty\buffer\PoolArenaTest.java,dataset/projects/netty/buffer/src/test/java/io/netty/buffer/PoolArenaTest.java,PoolArenaTest.java,PoolArenaTest,5,9,51,8,8,0,true,true,false,false,false,false,false,false,false,false
GitHub,relation_test_code_smell_ML,C:\Users\ismak\Documents\GitHub\relation_test_code_smell_ML\dataset\projects\netty\buffer\src\test\java\io\netty\buffer\PooledAlignedBigEndianDirectByteBufTest.java,dataset/projects/netty/buffer/src/test/java/io/netty/buffer/PooledAlignedBigEndianDirectByteBufTest.java,PooledAlignedBigEndianDirectByteBufTest.java,PooledAlignedBigEndianDirectByteBufTest,5,3,6,0,0,0,true,true,false,false,false,false,false,false,false,false
GitHub,relation_test_code_smell_ML,C:\Users\ismak\Documents\GitHub\relation_test_code_smell_ML\dataset\projects\netty\buffer\src\test\java\io\netty\buffer\PooledBigEndianDirectByteBufTest.java,dataset/projects/netty/buffer/src/test/java/io/netty/buffer/PooledBigEndianDirectByteBufTest.java,PooledBigEndianDirectByteBufTest.java,PooledBigEndianDirectByteBufTest,2,1,3,0,0,0,true,true,false,false,false,false,false,false,false,false
GitHub,relation_test_code_smell_ML,C:\Users\ismak\Documents\GitHub\relation_test_code_smell_ML\dataset\projects\netty\buffer\src\test\java\io\netty\buffer\PooledBigEndianHeapByteBufTest.java,dataset/projects/netty/buffer/src/test/java/io/netty/buffer/PooledBigEndianHeapByteBufTest.java,PooledBigEndianHeapByteBufTest.java,PooledBigEndianHeapByteBufTest,0,1,1,0,0,0,true,true,false,false,false,false,false,false,false,false
GitHub,relation_test_code_smell_ML,C:\Users\ismak\Documents\GitHub\relation_test_code_smell_ML\dataset\projects\netty\buffer\src\test\java\io\netty\buffer\PooledByteBufAllocatorTest.java,dataset/projects/netty/buffer/src/test/java/io/netty/buffer/PooledByteBufAllocatorTest.java,PooledByteBufAllocatorTest.java,AllocationThread,30,58,309,32,27,5,true,false,false,false,false,false,false,false,false,false
GitHub,relation_test_code_smell_ML,C:\Users\ismak\Documents\GitHub\relation_test_code_smell_ML\dataset\projects\netty\buffer\src\test\java\io\netty\buffer\PooledLittleEndianDirectByteBufTest.java,dataset/projects/netty/buffer/src/test/java/io/netty/buffer/PooledLittleEndianDirectByteBufTest.java,PooledLittleEndianDirectByteBufTest.java,PooledLittleEndianDirectByteBufTest,2,1,3,0,0,0,true,true,false,false,false,false,false,false,false,false
GitHub,relation_test_code_smell_ML,C:\Users\ismak\Documents\GitHub\relation_test_code_smell_ML\dataset\projects\netty\buffer\src\test\java\io\netty\buffer\PooledLittleEndianHeapByteBufTest.java,dataset/projects/netty/buffer/src/test/java/io/netty/buffer/PooledLittleEndianHeapByteBufTest.java,PooledLittleEndianHeapByteBufTest.java,PooledLittleEndianHeapByteBufTest,2,1,3,0,0,0,true,true,false,false,false,false,false,false,false,false
GitHub,relation_test_code_smell_ML,C:\Users\ismak\Documents\GitHub\relation_test_code_smell_ML\dataset\projects\netty\buffer\src\test\java\io\netty\buffer\ReadOnlyByteBufferBufTest.java,dataset/projects/netty/buffer/src/test/java/io/netty/buffer/ReadOnlyByteBufferBufTest.java,ReadOnlyByteBufferBufTest.java,ReadOnlyByteBufferBufTest,4,4,14,3,2,1,true,true,false,false,false,false,false,false,false,false
GitHub,relation_test_code_smell_ML,C:\Users\ismak\Documents\GitHub\relation_test_code_smell_ML\dataset\projects\netty\buffer\src\test\java\io\netty\buffer\ReadOnlyByteBufTest.java,dataset/projects/netty/buffer/src/test/java/io/netty/buffer/ReadOnlyByteBufTest.java,ReadOnlyByteBufTest.java,ReadOnlyByteBufTest,23,41,128,27,27,0,true,true,false,false,false,false,false,false,false,false
GitHub,relation_test_code_smell_ML,C:\Users\ismak\Documents\GitHub\relation_test_code_smell_ML\dataset\projects\netty\buffer\src\test\java\io\netty\buffer\ReadOnlyDirectByteBufferBufTest.java,dataset/projects/netty/buffer/src/test/java/io/netty/buffer/ReadOnlyDirectByteBufferBufTest.java,ReadOnlyDirectByteBufferBufTest.java,ReadOnlyDirectByteBufferBufTest,30,74,222,59,57,2,true,true,false,false,false,false,false,false,false,false
GitHub,relation_test_code_smell_ML,C:\Users\ismak\Documents\GitHub\relation_test_code_smell_ML\dataset\projects\netty\buffer\src\test\java\io\netty\buffer\ReadOnlyUnsafeDirectByteBufferBufTest.java,dataset/projects/netty/buffer/src/test/java/io/netty/buffer/ReadOnlyUnsafeDirectByteBufferBufTest.java,ReadOnlyUnsafeDirectByteBufferBufTest.java,ReadOnlyUnsafeDirectByteBufferBufTest,6,3,4,1,1,0,true,true,false,false,false,false,false,false,false,false
GitHub,relation_test_code_smell_ML,C:\Users\ismak\Documents\GitHub\relation_test_code_smell_ML\dataset\projects\netty\buffer\src\test\java\io\netty\buffer\RetainedDuplicatedByteBufTest.java,dataset/projects/netty/buffer/src/test/java/io/netty/buffer/RetainedDuplicatedByteBufTest.java,RetainedDuplicatedByteBufTest.java,RetainedDuplicatedByteBufTest,1,1,6,0,0,0,true,true,false,false,false,false,false,false,false,false
GitHub,relation_test_code_smell_ML,C:\Users\ismak\Documents\GitHub\relation_test_code_smell_ML\dataset\projects\netty\buffer\src\test\java\io\netty\buffer\RetainedSlicedByteBufTest.java,dataset/projects/netty/buffer/src/test/java/io/netty/buffer/RetainedSlicedByteBufTest.java,RetainedSlicedByteBufTest.java,RetainedSlicedByteBufTest,1,1,4,0,0,0,true,true,false,false,false,false,false,false,false,false
GitHub,relation_test_code_smell_ML,C:\Users\ismak\Documents\GitHub\relation_test_code_smell_ML\dataset\projects\netty\buffer\src\test\java\io\netty\buffer\search\BitapSearchProcessorFactoryTest.java,dataset/projects/netty/buffer/src/test/java/io/netty/buffer/search/BitapSearchProcessorFactoryTest.java,BitapSearchProcessorFactoryTest.java,BitapSearchProcessorFactoryTest,3,3,3,2,2,0,true,true,false,false,false,false,false,false,false,false
GitHub,relation_test_code_smell_ML,C:\Users\ismak\Documents\GitHub\relation_test_code_smell_ML\dataset\projects\netty\buffer\src\test\java\io\netty\buffer\search\MultiSearchProcessorTest.java,dataset/projects/netty/buffer/src/test/java/io/netty/buffer/search/MultiSearchProcessorTest.java,MultiSearchProcessorTest.java,MultiSearchProcessorTest,5,4,33,3,3,0,true,true,false,false,false,false,false,false,false,false
GitHub,relation_test_code_smell_ML,C:\Users\ismak\Documents\GitHub\relation_test_code_smell_ML\dataset\projects\netty\buffer\src\test\java\io\netty\buffer\search\SearchProcessorTest.java,dataset/projects/netty/buffer/src/test/java/io/netty/buffer/search/SearchProcessorTest.java,SearchProcessorTest.java,SearchProcessorTest,7,11,64,5,0,5,true,true,false,false,false,false,false,false,false,false
GitHub,relation_test_code_smell_ML,C:\Users\ismak\Documents\GitHub\relation_test_code_smell_ML\dataset\projects\netty\buffer\src\test\java\io\netty\buffer\SimpleLeakAwareByteBufTest.java,dataset/projects/netty/buffer/src/test/java/io/netty/buffer/SimpleLeakAwareByteBufTest.java,SimpleLeakAwareByteBufTest.java,SimpleLeakAwareByteBufTest,17,18,39,9,9,0,true,true,false,false,false,false,false,false,false,false
GitHub,relation_test_code_smell_ML,C:\Users\ismak\Documents\GitHub\relation_test_code_smell_ML\dataset\projects\netty\buffer\src\test\java\io\netty\buffer\SimpleLeakAwareCompositeByteBufTest.java,dataset/projects/netty/buffer/src/test/java/io/netty/buffer/SimpleLeakAwareCompositeByteBufTest.java,SimpleLeakAwareCompositeByteBufTest.java,SimpleLeakAwareCompositeByteBufTest,11,17,39,10,10,0,true,true,false,false,false,false,false,false,false,false
GitHub,relation_test_code_smell_ML,C:\Users\ismak\Documents\GitHub\relation_test_code_smell_ML\dataset\projects\netty\buffer\src\test\java\io\netty\buffer\SizeClassedChunkCacheTest.java,dataset/projects/netty/buffer/src/test/java/io/netty/buffer/SizeClassedChunkCacheTest.java,SizeClassedChunkCacheTest.java,SizeClassedChunkCacheTest,15,25,213,15,15,0,true,true,false,false,false,false,false,false,false,true
GitHub,relation_test_code_smell_ML,C:\Users\ismak\Documents\GitHub\relation_test_code_smell_ML\dataset\projects\netty\buffer\src\test\java\io\netty\buffer\SlicedByteBufTest.java,dataset/projects/netty/buffer/src/test/java/io/netty/buffer/SlicedByteBufTest.java,SlicedByteBufTest.java,SlicedByteBufTest,10,46,78,27,25,2,true,true,false,false,false,false,false,false,false,false
GitHub,relation_test_code_smell_ML,C:\Users\ismak\Documents\GitHub\relation_test_code_smell_ML\dataset\projects\netty\buffer\src\test\java\io\netty\buffer\UnpooledByteBufAllocatorTest.java,dataset/projects/netty/buffer/src/test/java/io/netty/buffer/UnpooledByteBufAllocatorTest.java,UnpooledByteBufAllocatorTest.java,UnpooledByteBufAllocatorTest,1,3,2,0,0,0,true,true,false,false,false,false,false,false,false,false
GitHub,relation_test_code_smell_ML,C:\Users\ismak\Documents\GitHub\relation_test_code_smell_ML\dataset\projects\netty\buffer\src\test\java\io\netty\buffer\UnpooledTest.java,dataset/projects/netty/buffer/src/test/java/io/netty/buffer/UnpooledTest.java,UnpooledTest.java,UnpooledTest,24,47,393,42,41,1,true,true,false,false,false,false,false,false,false,false
GitHub,relation_test_code_smell_ML,C:\Users\ismak\Documents\GitHub\relation_test_code_smell_ML\dataset\projects\netty\buffer\src\test\java\io\netty\buffer\UnreleaseableByteBufTest.java,dataset/projects/netty/buffer/src/test/java/io/netty/buffer/UnreleaseableByteBufTest.java,UnreleaseableByteBufTest.java,UnreleaseableByteBufTest,6,2,15,2,2,0,true,true,false,false,false,false,false,false,false,false
GitHub,relation_test_code_smell_ML,C:\Users\ismak\Documents\GitHub\relation_test_code_smell_ML\dataset\projects\netty\buffer\src\test\java\io\netty\buffer\UnsafeByteBufUtilTest.java,dataset/projects/netty/buffer/src/test/java/io/netty/buffer/UnsafeByteBufUtilTest.java,UnsafeByteBufUtilTest.java,UnsafeByteBufUtilTest,11,22,47,13,12,1,true,true,false,false,false,false,false,false,false,false
GitHub,relation_test_code_smell_ML,C:\Users\ismak\Documents\GitHub\relation_test_code_smell_ML\dataset\projects\netty\buffer\src\test\java\io\netty\buffer\WrappedCompositeByteBufTest.java,dataset/projects/netty/buffer/src/test/java/io/netty/buffer/WrappedCompositeByteBufTest.java,WrappedCompositeByteBufTest.java,WrappedCompositeByteBufTest,0,3,3,0,0,0,true,true,false,false,false,false,false,false,false,false
GitHub,relation_test_code_smell_ML,C:\Users\ismak\Documents\GitHub\relation_test_code_smell_ML\dataset\projects\netty\buffer\src\test\java\io\netty\buffer\WrappedUnpooledUnsafeByteBufTest.java,dataset/projects/netty/buffer/src/test/java/io/netty/buffer/WrappedUnpooledUnsafeByteBufTest.java,WrappedUnpooledUnsafeByteBufTest.java,WrappedUnpooledUnsafeByteBufTest,6,42,42,21,21,0,true,true,false,false,false,false,false,false,false,false
GitHub,relation_test_code_smell_ML,C:\Users\ismak\Documents\GitHub\relation_test_code_smell_ML\dataset\projects\netty\codec-base\src\test\java\io\netty\handler\codec\base64\Base64Test.java,dataset/projects/netty/codec-base/src/test/java/io/netty/handler/codec/base64/Base64Test.java,Base64Test.java,Base64Test,18,17,55,14,9,5,true,true,false,false,false,false,false,false,false,false
GitHub,relation_test_code_smell_ML,C:\Users\ismak\Documents\GitHub\relation_test_code_smell_ML\dataset\projects\netty\codec-base\src\test\java\io\netty\handler\codec\bytes\ByteArrayDecoderTest.java,dataset/projects/netty/codec-base/src/test/java/io/netty/handler/codec/bytes/ByteArrayDecoderTest.java,ByteArrayDecoderTest.java,ByteArrayDecoderTest,9,4,10,3,3,0,true,true,false,false,false,false,false,false,false,false
GitHub,relation_test_code_smell_ML,C:\Users\ismak\Documents\GitHub\relation_test_code_smell_ML\dataset\projects\netty\codec-base\src\test\java\io\netty\handler\codec\bytes\ByteArrayEncoderTest.java,dataset/projects/netty/codec-base/src/test/java/io/netty/handler/codec/bytes/ByteArrayEncoderTest.java,ByteArrayEncoderTest.java,ByteArrayEncoderTest,12,5,13,3,3,0,true,true,false,false,false,false,false,false,false,false
GitHub,relation_test_code_smell_ML,C:\Users\ismak\Documents\GitHub\relation_test_code_smell_ML\dataset\projects\netty\codec-base\src\test\java\io\netty\handler\codec\ByteToMessageCodecTest.java,dataset/projects/netty/codec-base/src/test/java/io/netty/handler/codec/ByteToMessageCodecTest.java,ByteToMessageCodecTest.java,InvalidByteToMessageCodec2,12,11,20,3,3,0,true,false,false,false,false,false,false,false,false,false
GitHub,relation_test_code_smell_ML,C:\Users\ismak\Documents\GitHub\relation_test_code_smell_ML\dataset\projects\netty\codec-base\src\test\java\io\netty\handler\codec\ByteToMessageDecoderTest.java,dataset/projects/netty/codec-base/src/test/java/io/netty/handler/codec/ByteToMessageDecoderTest.java,ByteToMessageDecoderTest.java,ReadInterceptingHandler,28,66,288,29,28,1,true,false,false,false,false,false,false,false,false,false
GitHub,relation_test_code_smell_ML,C:\Users\ismak\Documents\GitHub\relation_test_code_smell_ML\dataset\projects\netty\codec-base\src\test\java\io\netty\handler\codec\CharSequenceValueConverterTest.java,dataset/projects/netty/codec-base/src/test/java/io/netty/handler/codec/CharSequenceValueConverterTest.java,CharSequenceValueConverterTest.java,CharSequenceValueConverterTest,7,12,14,11,11,0,true,true,false,false,false,false,false,false,false,false
GitHub,relation_test_code_smell_ML,C:\Users\ismak\Documents\GitHub\relation_test_code_smell_ML\dataset\projects\netty\codec-base\src\test\java\io\netty\handler\codec\CodecOutputListTest.java,dataset/projects/netty/codec-base/src/test/java/io/netty/handler/codec/CodecOutputListTest.java,CodecOutputListTest.java,CodecOutputListTest,4,1,2,1,1,0,true,true,false,false,false,false,false,false,false,false
GitHub,relation_test_code_smell_ML,C:\Users\ismak\Documents\GitHub\relation_test_code_smell_ML\dataset\projects\netty\codec-base\src\test\java\io\netty\handler\codec\DatagramPacketDecoderTest.java,dataset/projects/netty/codec-base/src/test/java/io/netty/handler/codec/DatagramPacketDecoderTest.java,DatagramPacketDecoderTest.java,TestMessageToMessageDecoder,16,8,13,4,3,1,true,true,false,false,false,false,false,false,false,false
GitHub,relation_test_code_smell_ML,C:\Users\ismak\Documents\GitHub\relation_test_code_smell_ML\dataset\projects\netty\codec-base\src\test\java\io\netty\handler\codec\DatagramPacketEncoderTest.java,dataset/projects/netty/codec-base/src/test/java/io/netty/handler/codec/DatagramPacketEncoderTest.java,DatagramPacketEncoderTest.java,TestMessageToMessageEncoder,15,12,24,8,6,2,true,true,false,false,false,false,false,false,false,false
GitHub,relation_test_code_smell_ML,C:\Users\ismak\Documents\GitHub\relation_test_code_smell_ML\dataset\projects\netty\codec-base\src\test\java\io\netty\handler\codec\DateFormatterTest.java,dataset/projects/netty/codec-base/src/test/java/io/netty/handler/codec/DateFormatterTest.java,DateFormatterTest.java,DateFormatterTest,6,15,54,14,14,0,true,true,false,false,false,false,false,false,false,false
GitHub,relation_test_code_smell_ML,C:\Users\ismak\Documents\GitHub\relation_test_code_smell_ML\dataset\projects\netty\codec-base\src\test\java\io\netty\handler\codec\DefaultHeadersTest.java,dataset/projects/netty/codec-base/src/test/java/io/netty/handler/codec/DefaultHeadersTest.java,DefaultHeadersTest.java,TestDefaultHeaders,22,69,433,41,41,0,true,true,false,false,false,false,false,false,false,false
GitHub,relation_test_code_smell_ML,C:\Users\ismak\Documents\GitHub\relation_test_code_smell_ML\dataset\projects\netty\codec-base\src\test\java\io\netty\handler\codec\DelimiterBasedFrameDecoderTest.java,dataset/projects/netty/codec-base/src/test/java/io/netty/handler/codec/DelimiterBasedFrameDecoderTest.java,DelimiterBasedFrameDecoderTest.java,DelimiterBasedFrameDecoderTest,9,5,55,5,5,0,true,true,false,false,false,false,false,false,false,false
GitHub,relation_test_code_smell_ML,C:\Users\ismak\Documents\GitHub\relation_test_code_smell_ML\dataset\projects\netty\codec-base\src\test\java\io\netty\handler\codec\EmptyHeadersTest.java,dataset/projects/netty/codec-base/src/test/java/io/netty/handler/codec/EmptyHeadersTest.java,EmptyHeadersTest.java,TestEmptyHeaders,10,110,110,84,84,0,true,true,false,false,false,false,false,false,false,false
GitHub,relation_test_code_smell_ML,C:\Users\ismak\Documents\GitHub\relation_test_code_smell_ML\dataset\projects\netty\codec-base\src\test\java\io\netty\handler\codec\frame\DelimiterBasedFrameDecoderTest.java,dataset/projects/netty/codec-base/src/test/java/io/netty/handler/codec/frame/DelimiterBasedFrameDecoderTest.java,DelimiterBasedFrameDecoderTest.java,DelimiterBasedFrameDecoderTest,12,2,4,2,2,0,true,true,false,false,false,false,false,false,false,false
GitHub,relation_test_code_smell_ML,C:\Users\ismak\Documents\GitHub\relation_test_code_smell_ML\dataset\projects\netty\codec-base\src\test\java\io\netty\handler\codec\frame\LengthFieldBasedFrameDecoderTest.java,dataset/projects/netty/codec-base/src/test/java/io/netty/handler/codec/frame/LengthFieldBasedFrameDecoderTest.java,LengthFieldBasedFrameDecoderTest.java,LengthFieldBasedFrameDecoderTest,12,2,4,2,2,0,true,true,false,false,false,false,false,false,false,false
GitHub,relation_test_code_smell_ML,C:\Users\ismak\Documents\GitHub\relation_test_code_smell_ML\dataset\projects\netty\codec-base\src\test\java\io\netty\handler\codec\frame\LengthFieldPrependerTest.java,dataset/projects/netty/codec-base/src/test/java/io/netty/handler/codec/frame/LengthFieldPrependerTest.java,LengthFieldPrependerTest.java,LengthFieldPrependerTest,13,6,45,5,5,0,true,true,false,false,false,false,false,false,false,false
GitHub,relation_test_code_smell_ML,C:\Users\ismak\Documents\GitHub\relation_test_code_smell_ML\dataset\projects\netty\codec-base\src\test\java\io\netty\handler\codec\json\JsonObjectDecoderTest.java,dataset/projects/netty/codec-base/src/test/java/io/netty/handler/codec/json/JsonObjectDecoderTest.java,JsonObjectDecoderTest.java,JsonObjectDecoderTest,13,22,174,18,18,0,true,true,false,false,false,false,false,false,false,false
GitHub,relation_test_code_smell_ML,C:\Users\ismak\Documents\GitHub\relation_test_code_smell_ML\dataset\projects\netty\codec-base\src\test\java\io\netty\handler\codec\LengthFieldBasedFrameDecoderTest.java,dataset/projects/netty/codec-base/src/test/java/io/netty/handler/codec/LengthFieldBasedFrameDecoderTest.java,LengthFieldBasedFrameDecoderTest.java,LengthFieldBasedFrameDecoderTest,8,2,32,2,2,0,true,true,false,false,false,false,false,false,false,false
GitHub,relation_test_code_smell_ML,C:\Users\ismak\Documents\GitHub\relation_test_code_smell_ML\dataset\projects\netty\codec-base\src\test\java\io\netty\handler\codec\LineBasedFrameDecoderTest.java,dataset/projects/netty/codec-base/src/test/java/io/netty/handler/codec/LineBasedFrameDecoderTest.java,LineBasedFrameDecoderTest.java,LineBasedFrameDecoderTest,12,9,92,9,9,0,true,true,false,false,false,false,false,false,false,false
GitHub,relation_test_code_smell_ML,C:\Users\ismak\Documents\GitHub\relation_test_code_smell_ML\dataset\projects\netty\codec-base\src\test\java\io\netty\handler\codec\MessageAggregatorTest.java,dataset/projects/netty/codec-base/src/test/java/io/netty/handler/codec/MessageAggregatorTest.java,MessageAggregatorTest.java,TestMessage,15,8,37,2,2,0,true,true,false,false,false,false,false,false,false,false
GitHub,relation_test_code_smell_ML,C:\Users\ismak\Documents\GitHub\relation_test_code_smell_ML\dataset\projects\netty\codec-base\src\test\java\io\netty\handler\codec\MessageToMessageDecoderTest.java,dataset/projects/netty/codec-base/src/test/java/io/netty/handler/codec/MessageToMessageDecoderTest.java,MessageToMessageDecoderTest.java,ReadCountHandler,9,3,13,1,1,0,true,false,false,false,false,false,false,false,false,false
GitHub,relation_test_code_smell_ML,C:\Users\ismak\Documents\GitHub\relation_test_code_smell_ML\dataset\projects\netty\codec-base\src\test\java\io\netty\handler\codec\MessageToMessageEncoderTest.java,dataset/projects/netty/codec-base/src/test/java/io/netty/handler/codec/MessageToMessageEncoderTest.java,MessageToMessageEncoderTest.java,MessageToMessageEncoderTest,12,6,16,2,2,0,true,true,false,false,false,false,false,false,false,false
GitHub,relation_test_code_smell_ML,C:\Users\ismak\Documents\GitHub\relation_test_code_smell_ML\dataset\projects\netty\codec-base\src\test\java\io\netty\handler\codec\NativeImageHandlerMetadataTest.java,dataset/projects/netty/codec-base/src/test/java/io/netty/handler/codec/NativeImageHandlerMetadataTest.java,NativeImageHandlerMetadataTest.java,NativeImageHandlerMetadataTest,2,1,1,1,1,0,true,true,false,false,false,false,false,false,false,false
GitHub,relation_test_code_smell_ML,C:\Users\ismak\Documents\GitHub\relation_test_code_smell_ML\dataset\projects\netty\codec-base\src\test\java\io\netty\handler\codec\ReplayingDecoderByteBufTest.java,dataset/projects/netty/codec-base/src/test/java/io/netty/handler/codec/ReplayingDecoderByteBufTest.java,ReplayingDecoderByteBufTest.java,ReplayingDecoderByteBufTest,7,4,38,4,4,0,true,true,false,false,false,false,false,false,false,false
GitHub,relation_test_code_smell_ML,C:\Users\ismak\Documents\GitHub\relation_test_code_smell_ML\dataset\projects\netty\codec-base\src\test\java\io\netty\handler\codec\ReplayingDecoderTest.java,dataset/projects/netty/codec-base/src/test/java/io/netty/handler/codec/ReplayingDecoderTest.java,ReplayingDecoderTest.java,BloatedLineDecoder,16,23,122,9,9,0,true,false,false,false,false,false,false,false,false,false
GitHub,relation_test_code_smell_ML,C:\Users\ismak\Documents\GitHub\relation_test_code_smell_ML\dataset\projects\netty\codec-base\src\test\java\io\netty\handler\codec\serialization\CompactObjectSerializationTest.java,dataset/projects/netty/codec-base/src/test/java/io/netty/handler/codec/serialization/CompactObjectSerializationTest.java,CompactObjectSerializationTest.java,CompactObjectSerializationTest,5,1,6,1,1,0,true,true,false,false,false,false,false,false,false,false
GitHub,relation_test_code_smell_ML,C:\Users\ismak\Documents\GitHub\relation_test_code_smell_ML\dataset\projects\netty\codec-base\src\test\java\io\netty\handler\codec\serialization\CompatibleObjectEncoderTest.java,dataset/projects/netty/codec-base/src/test/java/io/netty/handler/codec/serialization/CompatibleObjectEncoderTest.java,CompatibleObjectEncoderTest.java,TestSerializable,9,4,13,2,1,1,true,true,false,false,false,false,false,false,false,false
GitHub,relation_test_code_smell_ML,C:\Users\ismak\Documents\GitHub\relation_test_code_smell_ML\dataset\projects\netty\codec-base\src\test\java\io\netty\handler\codec\string\LineEncoderTest.java,dataset/projects/netty/codec-base/src/test/java/io/netty/handler/codec/string/LineEncoderTest.java,LineEncoderTest.java,LineEncoderTest,8,2,7,2,1,1,true,true,false,false,false,false,false,false,false,false
GitHub,relation_test_code_smell_ML,C:\Users\ismak\Documents\GitHub\relation_test_code_smell_ML\dataset\projects\netty\codec-base\src\test\java\io\netty\handler\codec\string\StringDecoderTest.java,dataset/projects/netty/codec-base/src/test/java/io/netty/handler/codec/string/StringDecoderTest.java,StringDecoderTest.java,StringDecoderTest,9,1,8,1,1,0,true,true,false,false,false,false,false,false,false,false
GitHub,relation_test_code_smell_ML,C:\Users\ismak\Documents\GitHub\relation_test_code_smell_ML\dataset\projects\netty\codec-base\src\test\java\io\netty\handler\codec\string\StringEncoderTest.java,dataset/projects/netty/codec-base/src/test/java/io/netty/handler/codec/string/StringEncoderTest.java,StringEncoderTest.java,StringEncoderTest,6,1,11,1,1,0,true,true,false,false,false,false,false,false,false,false
GitHub,relation_test_code_smell_ML,C:\Users\ismak\Documents\GitHub\relation_test_code_smell_ML\dataset\projects\netty\codec-compression\src\test\java\io\netty\handler\codec\compression\AbstractCompressionTest.java,dataset/projects/netty/codec-compression/src/test/java/io/netty/handler/codec/compression/AbstractCompressionTest.java,AbstractCompressionTest.java,AbstractCompressionTest,1,1,2,0,0,0,true,true,false,false,false,false,false,false,false,false
GitHub,relation_test_code_smell_ML,C:\Users\ismak\Documents\GitHub\relation_test_code_smell_ML\dataset\projects\netty\codec-compression\src\test\java\io\netty\handler\codec\compression\AbstractDecoderTest.java,dataset/projects/netty/codec-compression/src/test/java/io/netty/handler/codec/compression/AbstractDecoderTest.java,AbstractDecoderTest.java,AbstractDecoderTest,11,13,31,5,0,5,true,true,false,false,false,false,false,false,false,false
GitHub,relation_test_code_smell_ML,C:\Users\ismak\Documents\GitHub\relation_test_code_smell_ML\dataset\projects\netty\codec-compression\src\test\java\io\netty\handler\codec\compression\AbstractEncoderTest.java,dataset/projects/netty/codec-compression/src/test/java/io/netty/handler/codec/compression/AbstractEncoderTest.java,AbstractEncoderTest.java,AbstractEncoderTest,10,12,36,5,0,5,true,true,false,false,false,false,false,false,false,false
GitHub,relation_test_code_smell_ML,C:\Users\ismak\Documents\GitHub\relation_test_code_smell_ML\dataset\projects\netty\codec-compression\src\test\java\io\netty\handler\codec\compression\AbstractIntegrationTest.java,dataset/projects/netty/codec-compression/src/test/java/io/netty/handler/codec/compression/AbstractIntegrationTest.java,AbstractIntegrationTest.java,HugeDecompressIncomingHandler,23,18,69,12,11,1,true,false,false,false,false,false,false,false,false,false
GitHub,relation_test_code_smell_ML,C:\Users\ismak\Documents\GitHub\relation_test_code_smell_ML\dataset\projects\netty\codec-compression\src\test\java\io\netty\handler\codec\compression\BrotliDecoderTest.java,dataset/projects/netty/codec-compression/src/test/java/io/netty/handler/codec/compression/BrotliDecoderTest.java,BrotliDecoderTest.java,BrotliDecoderTest,16,13,39,5,0,5,true,true,false,false,false,false,false,false,false,false
GitHub,relation_test_code_smell_ML,C:\Users\ismak\Documents\GitHub\relation_test_code_smell_ML\dataset\projects\netty\codec-compression\src\test\java\io\netty\handler\codec\compression\BrotliEncoderTest.java,dataset/projects/netty/codec-compression/src/test/java/io/netty/handler/codec/compression/BrotliEncoderTest.java,BrotliEncoderTest.java,BrotliEncoderTest,5,5,15,0,0,0,true,true,false,false,false,false,false,false,false,false
GitHub,relation_test_code_smell_ML,C:\Users\ismak\Documents\GitHub\relation_test_code_smell_ML\dataset\projects\netty\codec-compression\src\test\java\io\netty\handler\codec\compression\BrotliIntegrationTest.java,dataset/projects/netty/codec-compression/src/test/java/io/netty/handler/codec/compression/BrotliIntegrationTest.java,BrotliIntegrationTest.java,BrotliIntegrationTest,6,2,2,0,0,0,true,true,false,false,false,false,false,false,false,false
GitHub,relation_test_code_smell_ML,C:\Users\ismak\Documents\GitHub\relation_test_code_smell_ML\dataset\projects\netty\codec-compression\src\test\java\io\netty\handler\codec\compression\ByteBufChecksumTest.java,dataset/projects/netty/codec-compression/src/test/java/io/netty/handler/codec/compression/ByteBufChecksumTest.java,ByteBufChecksumTest.java,ByteBufChecksumTest,11,7,16,5,2,3,true,true,false,false,false,false,false,false,false,false
GitHub,relation_test_code_smell_ML,C:\Users\ismak\Documents\GitHub\relation_test_code_smell_ML\dataset\projects\netty\codec-compression\src\test\java\io\netty\handler\codec\compression\Bzip2DecoderTest.java,dataset/projects/netty/codec-compression/src/test/java/io/netty/handler/codec/compression/Bzip2DecoderTest.java,Bzip2DecoderTest.java,Bzip2DecoderTest,11,21,56,9,9,0,true,true,false,false,false,false,false,false,false,false
GitHub,relation_test_code_smell_ML,C:\Users\ismak\Documents\GitHub\relation_test_code_smell_ML\dataset\projects\netty\codec-compression\src\test\java\io\netty\handler\codec\compression\Bzip2EncoderTest.java,dataset/projects/netty/codec-compression/src/test/java/io/netty/handler/codec/compression/Bzip2EncoderTest.java,Bzip2EncoderTest.java,Bzip2EncoderTest,8,2,4,0,0,0,true,true,false,false,false,false,false,false,false,false
GitHub,relation_test_code_smell_ML,C:\Users\ismak\Documents\GitHub\relation_test_code_smell_ML\dataset\projects\netty\codec-compression\src\test\java\io\netty\handler\codec\compression\Bzip2IntegrationTest.java,dataset/projects/netty/codec-compression/src/test/java/io/netty/handler/codec/compression/Bzip2IntegrationTest.java,Bzip2IntegrationTest.java,Bzip2IntegrationTest,4,5,14,3,3,0,true,true,false,false,false,false,false,false,false,false
GitHub,relation_test_code_smell_ML,C:\Users\ismak\Documents\GitHub\relation_test_code_smell_ML\dataset\projects\netty\codec-compression\src\test\java\io\netty\handler\codec\compression\FastLzFrameDecoderTest.java,dataset/projects/netty/codec-compression/src/test/java/io/netty/handler/codec/compression/FastLzFrameDecoderTest.java,FastLzFrameDecoderTest.java,FastLzFrameDecoderTest,4,3,4,2,2,0,true,true,false,false,false,false,false,false,false,false
GitHub,relation_test_code_smell_ML,C:\Users\ismak\Documents\GitHub\relation_test_code_smell_ML\dataset\projects\netty\codec-compression\src\test\java\io\netty\handler\codec\compression\FastLzIntegrationTest.java,dataset/projects/netty/codec-compression/src/test/java/io/netty/handler/codec/compression/FastLzIntegrationTest.java,FastLzIntegrationTest.java,TestRandomChecksum,7,7,11,1,0,1,true,true,false,false,false,false,false,false,false,false
GitHub,relation_test_code_smell_ML,C:\Users\ismak\Documents\GitHub\relation_test_code_smell_ML\dataset\projects\netty\codec-compression\src\test\java\io\netty\handler\codec\compression\JdkZlibIntegrationTest.java,dataset/projects/netty/codec-compression/src/test/java/io/netty/handler/codec/compression/JdkZlibIntegrationTest.java,JdkZlibIntegrationTest.java,JdkZlibIntegrationTest,1,2,2,0,0,0,true,true,false,false,false,false,false,false,false,false
GitHub,relation_test_code_smell_ML,C:\Users\ismak\Documents\GitHub\relation_test_code_smell_ML\dataset\projects\netty\codec-compression\src\test\java\io\netty\handler\codec\compression\JdkZlibTest.java,dataset/projects/netty/codec-compression/src/test/java/io/netty/handler/codec/compression/JdkZlibTest.java,JdkZlibTest.java,LimitedByteBufAllocator,26,25,153,15,15,0,true,false,false,false,false,false,false,false,false,false
GitHub,relation_test_code_smell_ML,C:\Users\ismak\Documents\GitHub\relation_test_code_smell_ML\dataset\projects\netty\codec-compression\src\test\java\io\netty\handler\codec\compression\JZlibIntegrationTest.java,dataset/projects/netty/codec-compression/src/test/java/io/netty/handler/codec/compression/JZlibIntegrationTest.java,JZlibIntegrationTest.java,JZlibIntegrationTest,1,2,2,0,0,0,true,true,false,false,false,false,false,false,false,false
GitHub,relation_test_code_smell_ML,C:\Users\ismak\Documents\GitHub\relation_test_code_smell_ML\dataset\projects\netty\codec-compression\src\test\java\io\netty\handler\codec\compression\JZlibTest.java,dataset/projects/netty/codec-compression/src/test/java/io/netty/handler/codec/compression/JZlibTest.java,JZlibTest.java,JZlibTest,0,2,2,0,0,0,true,true,false,false,false,false,false,false,false,false
GitHub,relation_test_code_smell_ML,C:\Users\ismak\Documents\GitHub\relation_test_code_smell_ML\dataset\projects\netty\codec-compression\src\test\java\io\netty\handler\codec\compression\LengthAwareLzfIntegrationTest.java,dataset/projects/netty/codec-compression/src/test/java/io/netty/handler/codec/compression/LengthAwareLzfIntegrationTest.java,LengthAwareLzfIntegrationTest.java,LengthAwareLzfIntegrationTest,2,1,1,0,0,0,true,true,false,false,false,false,false,false,false,false
GitHub,relation_test_code_smell_ML,C:\Users\ismak\Documents\GitHub\relation_test_code_smell_ML\dataset\projects\netty\codec-compression\src\test\java\io\netty\handler\codec\compression\Lz4FrameDecoderTest.java,dataset/projects/netty/codec-compression/src/test/java/io/netty/handler/codec/compression/Lz4FrameDecoderTest.java,Lz4FrameDecoderTest.java,Lz4FrameDecoderTest,10,18,48,8,8,0,true,true,false,false,false,false,false,false,false,false
GitHub,relation_test_code_smell_ML,C:\Users\ismak\Documents\GitHub\relation_test_code_smell_ML\dataset\projects\netty\codec-compression\src\test\java\io\netty\handler\codec\compression\Lz4FrameEncoderTest.java,dataset/projects/netty/codec-compression/src/test/java/io/netty/handler/codec/compression/Lz4FrameEncoderTest.java,Lz4FrameEncoderTest.java,Lz4FrameEncoderTest,38,17,77,8,7,1,true,true,false,false,false,false,false,false,false,false
GitHub,relation_test_code_smell_ML,C:\Users\ismak\Documents\GitHub\relation_test_code_smell_ML\dataset\projects\netty\codec-compression\src\test\java\io\netty\handler\codec\compression\Lz4FrameIntegrationTest.java,dataset/projects/netty/codec-compression/src/test/java/io/netty/handler/codec/compression/Lz4FrameIntegrationTest.java,Lz4FrameIntegrationTest.java,Lz4FrameIntegrationTest,1,2,2,0,0,0,true,true,false,false,false,false,false,false,false,false
GitHub,relation_test_code_smell_ML,C:\Users\ismak\Documents\GitHub\relation_test_code_smell_ML\dataset\projects\netty\codec-compression\src\test\java\io\netty\handler\codec\compression\LzfDecoderTest.java,dataset/projects/netty/codec-compression/src/test/java/io/netty/handler/codec/compression/LzfDecoderTest.java,LzfDecoderTest.java,LzfDecoderTest,9,6,15,2,2,0,true,true,false,false,false,false,false,false,false,false
GitHub,relation_test_code_smell_ML,C:\Users\ismak\Documents\GitHub\relation_test_code_smell_ML\dataset\projects\netty\codec-compression\src\test\java\io\netty\handler\codec\compression\LzfEncoderTest.java,dataset/projects/netty/codec-compression/src/test/java/io/netty/handler/codec/compression/LzfEncoderTest.java,LzfEncoderTest.java,LzfEncoderTest,4,2,6,0,0,0,true,true,false,false,false,false,false,false,false,false
GitHub,relation_test_code_smell_ML,C:\Users\ismak\Documents\GitHub\relation_test_code_smell_ML\dataset\projects\netty\codec-compression\src\test\java\io\netty\handler\codec\compression\LzfIntegrationTest.java,dataset/projects/netty/codec-compression/src/test/java/io/netty/handler/codec/compression/LzfIntegrationTest.java,LzfIntegrationTest.java,LzfIntegrationTest,1,2,2,0,0,0,true,true,false,false,false,false,false,false,false,false
GitHub,relation_test_code_smell_ML,C:\Users\ismak\Documents\GitHub\relation_test_code_smell_ML\dataset\projects\netty\codec-compression\src\test\java\io\netty\handler\codec\compression\LzmaFrameEncoderTest.java,dataset/projects/netty/codec-compression/src/test/java/io/netty/handler/codec/compression/LzmaFrameEncoderTest.java,LzmaFrameEncoderTest.java,LzmaFrameEncoderTest,14,4,22,2,0,2,true,true,false,false,false,false,false,false,false,false
GitHub,relation_test_code_smell_ML,C:\Users\ismak\Documents\GitHub\relation_test_code_smell_ML\dataset\projects\netty\codec-compression\src\test\java\io\netty\handler\codec\compression\SnappyFrameDecoderTest.java,dataset/projects/netty/codec-compression/src/test/java/io/netty/handler/codec/compression/SnappyFrameDecoderTest.java,SnappyFrameDecoderTest.java,SnappyFrameDecoderTest,12,20,43,11,11,0,true,true,false,false,false,false,false,false,false,false
GitHub,relation_test_code_smell_ML,C:\Users\ismak\Documents\GitHub\relation_test_code_smell_ML\dataset\projects\netty\codec-compression\src\test\java\io\netty\handler\codec\compression\SnappyFrameEncoderTest.java,dataset/projects/netty/codec-compression/src/test/java/io/netty/handler/codec/compression/SnappyFrameEncoderTest.java,SnappyFrameEncoderTest.java,SnappyFrameEncoderTest,7,5,33,4,4,0,true,true,false,false,false,false,false,false,false,false
GitHub,relation_test_code_smell_ML,C:\Users\ismak\Documents\GitHub\relation_test_code_smell_ML\dataset\projects\netty\codec-compression\src\test\java\io\netty\handler\codec\compression\SnappyIntegrationTest.java,dataset/projects/netty/codec-compression/src/test/java/io/netty/handler/codec/compression/SnappyIntegrationTest.java,SnappyIntegrationTest.java,SnappyIntegrationTest,4,8,15,5,4,1,true,true,false,false,false,false,false,false,false,false
GitHub,relation_test_code_smell_ML,C:\Users\ismak\Documents\GitHub\relation_test_code_smell_ML\dataset\projects\netty\codec-compression\src\test\java\io\netty\handler\codec\compression\SnappyJumboSizeIntegrationTest.java,dataset/projects/netty/codec-compression/src/test/java/io/netty/handler/codec/compression/SnappyJumboSizeIntegrationTest.java,SnappyJumboSizeIntegrationTest.java,SnappyJumboSizeIntegrationTest,1,2,2,0,0,0,true,true,false,false,false,false,false,false,false,false
GitHub,relation_test_code_smell_ML,C:\Users\ismak\Documents\GitHub\relation_test_code_smell_ML\dataset\projects\netty\codec-compression\src\test\java\io\netty\handler\codec\compression\SnappyTest.java,dataset/projects/netty/codec-compression/src/test/java/io/netty/handler/codec/compression/SnappyTest.java,SnappyTest.java,SnappyTest,11,18,67,13,13,0,true,true,false,false,false,false,false,false,false,false
GitHub,relation_test_code_smell_ML,C:\Users\ismak\Documents\GitHub\relation_test_code_smell_ML\dataset\projects\netty\codec-compression\src\test\java\io\netty\handler\codec\compression\ZlibTest.java,dataset/projects/netty/codec-compression/src/test/java/io/netty/handler/codec/compression/ZlibTest.java,ZlibTest.java,TestByteBufAllocator,24,27,87,16,10,6,true,true,false,false,false,false,false,false,false,false
GitHub,relation_test_code_smell_ML,C:\Users\ismak\Documents\GitHub\relation_test_code_smell_ML\dataset\projects\netty\codec-compression\src\test\java\io\netty\handler\codec\compression\ZstdDecoderTest.java,dataset/projects/netty/codec-compression/src/test/java/io/netty/handler/codec/compression/ZstdDecoderTest.java,ZstdDecoderTest.java,ZstdDecoderTest,10,5,13,2,2,0,true,true,false,false,false,false,false,false,false,false
GitHub,relation_test_code_smell_ML,C:\Users\ismak\Documents\GitHub\relation_test_code_smell_ML\dataset\projects\netty\codec-compression\src\test\java\io\netty\handler\codec\compression\ZstdEncoderTest.java,dataset/projects/netty/codec-compression/src/test/java/io/netty/handler/codec/compression/ZstdEncoderTest.java,ZstdEncoderTest.java,ZstdEncoderTest,19,9,32,5,1,4,true,true,false,false,false,false,false,false,false,false
GitHub,relation_test_code_smell_ML,C:\Users\ismak\Documents\GitHub\relation_test_code_smell_ML\dataset\projects\netty\codec-compression\src\test\java\io\netty\handler\codec\compression\ZstdIntegrationTest.java,dataset/projects/netty/codec-compression/src/test/java/io/netty/handler/codec/compression/ZstdIntegrationTest.java,ZstdIntegrationTest.java,ZstdIntegrationTest,2,2,2,0,0,0,true,true,false,false,false,false,false,false,false,false
GitHub,relation_test_code_smell_ML,C:\Users\ismak\Documents\GitHub\relation_test_code_smell_ML\dataset\projects\netty\codec-dns\src\test\java\io\netty\handler\codec\dns\AbstractDnsRecordTest.java,dataset/projects/netty/codec-dns/src/test/java/io/netty/handler/codec/dns/AbstractDnsRecordTest.java,AbstractDnsRecordTest.java,AbstractDnsRecordTest,4,9,22,7,7,0,true,true,false,false,false,false,false,false,false,false
GitHub,relation_test_code_smell_ML,C:\Users\ismak\Documents\GitHub\relation_test_code_smell_ML\dataset\projects\netty\codec-dns\src\test\java\io\netty\handler\codec\dns\DefaultDnsRecordDecoderTest.java,dataset/projects/netty/codec-dns/src/test/java/io/netty/handler/codec/dns/DefaultDnsRecordDecoderTest.java,DefaultDnsRecordDecoderTest.java,DefaultDnsRecordDecoderTest,6,14,48,14,13,1,true,true,false,false,false,false,false,false,false,false
GitHub,relation_test_code_smell_ML,C:\Users\ismak\Documents\GitHub\relation_test_code_smell_ML\dataset\projects\netty\codec-dns\src\test\java\io\netty\handler\codec\dns\DefaultDnsRecordEncoderTest.java,dataset/projects/netty/codec-dns/src/test/java/io/netty/handler/codec/dns/DefaultDnsRecordEncoderTest.java,DefaultDnsRecordEncoderTest.java,DefaultDnsRecordEncoderTest,9,12,37,11,8,3,true,true,false,false,false,false,false,false,false,false
GitHub,relation_test_code_smell_ML,C:\Users\ismak\Documents\GitHub\relation_test_code_smell_ML\dataset\projects\netty\codec-dns\src\test\java\io\netty\handler\codec\dns\DnsCodecUtilTest.java,dataset/projects/netty/codec-dns/src/test/java/io/netty/handler/codec/dns/DnsCodecUtilTest.java,DnsCodecUtilTest.java,DnsCodecUtilTest,5,7,40,5,5,0,true,true,false,false,false,false,false,false,false,false
GitHub,relation_test_code_smell_ML,C:\Users\ismak\Documents\GitHub\relation_test_code_smell_ML\dataset\projects\netty\codec-dns\src\test\java\io\netty\handler\codec\dns\DnsQueryTest.java,dataset/projects/netty/codec-dns/src/test/java/io/netty/handler/codec/dns/DnsQueryTest.java,DnsQueryTest.java,DnsQueryTest,11,1,12,1,1,0,true,true,false,false,false,false,false,false,false,false
GitHub,relation_test_code_smell_ML,C:\Users\ismak\Documents\GitHub\relation_test_code_smell_ML\dataset\projects\netty\codec-dns\src\test\java\io\netty\handler\codec\dns\DnsRecordTypeTest.java,dataset/projects/netty/codec-dns/src/test/java/io/netty/handler/codec/dns/DnsRecordTypeTest.java,DnsRecordTypeTest.java,DnsRecordTypeTest,10,5,8,4,4,0,true,true,false,false,false,false,false,false,false,false
GitHub,relation_test_code_smell_ML,C:\Users\ismak\Documents\GitHub\relation_test_code_smell_ML\dataset\projects\netty\codec-dns\src\test\java\io\netty\handler\codec\dns\DnsResponseTest.java,dataset/projects/netty/codec-dns/src/test/java/io/netty/handler/codec/dns/DnsResponseTest.java,DnsResponseTest.java,DnsResponseTest,14,5,11,3,3,0,true,true,false,false,false,false,false,false,false,false
GitHub,relation_test_code_smell_ML,C:\Users\ismak\Documents\GitHub\relation_test_code_smell_ML\dataset\projects\netty\codec-dns\src\test\java\io\netty\handler\codec\dns\NativeImageHandlerMetadataTest.java,dataset/projects/netty/codec-dns/src/test/java/io/netty/handler/codec/dns/NativeImageHandlerMetadataTest.java,NativeImageHandlerMetadataTest.java,NativeImageHandlerMetadataTest,2,1,1,1,1,0,true,true,false,false,false,false,false,false,false,false
GitHub,relation_test_code_smell_ML,C:\Users\ismak\Documents\GitHub\relation_test_code_smell_ML\dataset\projects\netty\codec-dns\src\test\java\io\netty\handler\codec\dns\TcpDnsTest.java,dataset/projects/netty/codec-dns/src/test/java/io/netty/handler/codec/dns/TcpDnsTest.java,TcpDnsTest.java,TcpDnsTest,9,4,40,3,3,0,true,true,false,false,false,false,false,false,false,false
GitHub,relation_test_code_smell_ML,C:\Users\ismak\Documents\GitHub\relation_test_code_smell_ML\dataset\projects\netty\codec-haproxy\src\test\java\io\netty\handler\codec\haproxy\HAProxyIntegrationTest.java,dataset/projects/netty/codec-haproxy/src/test/java/io/netty/handler/codec/haproxy/HAProxyIntegrationTest.java,HAProxyIntegrationTest.java,HAProxyIntegrationTest,18,3,14,1,1,0,true,true,false,false,false,false,false,false,false,false
GitHub,relation_test_code_smell_ML,C:\Users\ismak\Documents\GitHub\relation_test_code_smell_ML\dataset\projects\netty\codec-haproxy\src\test\java\io\netty\handler\codec\haproxy\HAProxyMessageDecoderTest.java,dataset/projects/netty/codec-haproxy/src/test/java/io/netty/handler/codec/haproxy/HAProxyMessageDecoderTest.java,HAProxyMessageDecoderTest.java,HAProxyMessageDecoderTest,26,59,893,39,38,1,true,true,false,false,false,false,false,false,false,false
GitHub,relation_test_code_smell_ML,C:\Users\ismak\Documents\GitHub\relation_test_code_smell_ML\dataset\projects\netty\codec-haproxy\src\test\java\io\netty\handler\codec\haproxy\HaProxyMessageEncoderTest.java,dataset/projects/netty/codec-haproxy/src/test/java/io/netty/handler/codec/haproxy/HaProxyMessageEncoderTest.java,HaProxyMessageEncoderTest.java,HaProxyMessageEncoderTest,19,20,168,14,14,0,true,true,false,false,false,false,false,false,false,false
GitHub,relation_test_code_smell_ML,C:\Users\ismak\Documents\GitHub\relation_test_code_smell_ML\dataset\projects\netty\codec-haproxy\src\test\java\io\netty\handler\codec\haproxy\HAProxySSLTLVTest.java,dataset/projects/netty/codec-haproxy/src/test/java/io/netty/handler/codec/haproxy/HAProxySSLTLVTest.java,HAProxySSLTLVTest.java,HAProxySSLTLVTest,5,1,18,1,1,0,true,true,false,false,false,false,false,false,false,false
GitHub,relation_test_code_smell_ML,C:\Users\ismak\Documents\GitHub\relation_test_code_smell_ML\dataset\projects\netty\codec-haproxy\src\test\java\io\netty\handler\codec\haproxy\NativeImageHandlerMetadataTest.java,dataset/projects/netty/codec-haproxy/src/test/java/io/netty/handler/codec/haproxy/NativeImageHandlerMetadataTest.java,NativeImageHandlerMetadataTest.java,NativeImageHandlerMetadataTest,2,1,1,1,1,0,true,true,false,false,false,false,false,false,false,false
GitHub,relation_test_code_smell_ML,C:\Users\ismak\Documents\GitHub\relation_test_code_smell_ML\dataset\projects\netty\codec-http\src\test\java\io\netty\handler\codec\http\CombinedHttpHeadersTest.java,dataset/projects/netty/codec-http/src/test/java/io/netty/handler/codec/http/CombinedHttpHeadersTest.java,CombinedHttpHeadersTest.java,CombinedHttpHeadersTest,12,39,186,32,32,0,true,true,false,false,false,false,false,false,false,false
GitHub,relation_test_code_smell_ML,C:\Users\ismak\Documents\GitHub\relation_test_code_smell_ML\dataset\projects\netty\codec-http\src\test\java\io\netty\handler\codec\http\cookie\ClientCookieDecoderTest.java,dataset/projects/netty/codec-http/src/test/java/io/netty/handler/codec/http/cookie/ClientCookieDecoderTest.java,ClientCookieDecoderTest.java,ClientCookieDecoderTest,16,17,105,17,17,0,true,true,false,false,false,false,false,false,false,false
GitHub,relation_test_code_smell_ML,C:\Users\ismak\Documents\GitHub\relation_test_code_smell_ML\dataset\projects\netty\codec-http\src\test\java\io\netty\handler\codec\http\cookie\ClientCookieEncoderTest.java,dataset/projects/netty/codec-http/src/test/java/io/netty/handler/codec/http/cookie/ClientCookieEncoderTest.java,ClientCookieEncoderTest.java,ClientCookieEncoderTest,4,5,24,4,4,0,true,true,false,false,false,false,false,false,false,false
GitHub,relation_test_code_smell_ML,C:\Users\ismak\Documents\GitHub\relation_test_code_smell_ML\dataset\projects\netty\codec-http\src\test\java\io\netty\handler\codec\http\cookie\ServerCookieDecoderTest.java,dataset/projects/netty/codec-http/src/test/java/io/netty/handler/codec/http/cookie/ServerCookieDecoderTest.java,ServerCookieDecoderTest.java,ServerCookieDecoderTest,8,8,88,8,8,0,true,true,false,false,false,false,false,false,false,false
GitHub,relation_test_code_smell_ML,C:\Users\ismak\Documents\GitHub\relation_test_code_smell_ML\dataset\projects\netty\codec-http\src\test\java\io\netty\handler\codec\http\cookie\ServerCookieEncoderTest.java,dataset/projects/netty/codec-http/src/test/java/io/netty/handler/codec/http/cookie/ServerCookieEncoderTest.java,ServerCookieEncoderTest.java,ServerCookieEncoderTest,16,7,52,7,7,0,true,true,false,false,false,false,false,false,false,false
GitHub,relation_test_code_smell_ML,C:\Users\ismak\Documents\GitHub\relation_test_code_smell_ML\dataset\projects\netty\codec-http\src\test\java\io\netty\handler\codec\http\cors\CorsConfigTest.java,dataset/projects/netty/codec-http/src/test/java/io/netty/handler/codec/http/cors/CorsConfigTest.java,CorsConfigTest.java,CorsConfigTest,15,17,40,16,16,0,true,true,false,false,false,false,false,false,false,false
GitHub,relation_test_code_smell_ML,C:\Users\ismak\Documents\GitHub\relation_test_code_smell_ML\dataset\projects\netty\codec-http\src\test\java\io\netty\handler\codec\http\cors\CorsHandlerTest.java,dataset/projects/netty/codec-http/src/test/java/io/netty/handler/codec/http/cors/CorsHandlerTest.java,CorsHandlerTest.java,EchoHandler,37,53,374,43,43,0,true,false,false,false,false,false,false,false,false,false
GitHub,relation_test_code_smell_ML,C:\Users\ismak\Documents\GitHub\relation_test_code_smell_ML\dataset\projects\netty\codec-http\src\test\java\io\netty\handler\codec\http\DefaultHttpHeadersTest.java,dataset/projects/netty/codec-http/src/test/java/io/netty/handler/codec/http/DefaultHttpHeadersTest.java,DefaultHttpHeadersTest.java,DefaultHttpHeadersTest,25,34,127,26,26,0,true,true,false,false,false,false,false,false,false,false
GitHub,relation_test_code_smell_ML,C:\Users\ismak\Documents\GitHub\relation_test_code_smell_ML\dataset\projects\netty\codec-http\src\test\java\io\netty\handler\codec\http\DefaultHttpRequestTest.java,dataset/projects/netty/codec-http/src/test/java/io/netty/handler/codec/http/DefaultHttpRequestTest.java,DefaultHttpRequestTest.java,DefaultHttpRequestTest,10,18,42,1,1,0,true,true,false,false,false,false,false,false,false,false
GitHub,relation_test_code_smell_ML,C:\Users\ismak\Documents\GitHub\relation_test_code_smell_ML\dataset\projects\netty\codec-http\src\test\java\io\netty\handler\codec\http\DefaultHttpResponseTest.java,dataset/projects/netty/codec-http/src/test/java/io/netty/handler/codec/http/DefaultHttpResponseTest.java,DefaultHttpResponseTest.java,DefaultHttpResponseTest,3,2,8,2,2,0,true,true,false,false,false,false,false,false,false,false
GitHub,relation_test_code_smell_ML,C:\Users\ismak\Documents\GitHub\relation_test_code_smell_ML\dataset\projects\netty\codec-http\src\test\java\io\netty\handler\codec\http\EmptyHttpHeadersInitializationTest.java,dataset/projects/netty/codec-http/src/test/java/io/netty/handler/codec/http/EmptyHttpHeadersInitializationTest.java,EmptyHttpHeadersInitializationTest.java,EmptyHttpHeadersInitializationTest,2,2,4,2,2,0,true,true,false,false,false,false,false,false,false,false
GitHub,relation_test_code_smell_ML,C:\Users\ismak\Documents\GitHub\relation_test_code_smell_ML\dataset\projects\netty\codec-http\src\test\java\io\netty\handler\codec\http\HttpChunkedInputTest.java,dataset/projects/netty/codec-http/src/test/java/io/netty/handler/codec/http/HttpChunkedInputTest.java,HttpChunkedInputTest.java,HttpChunkedInputTest,21,12,20,5,5,0,true,true,false,false,false,false,false,false,false,false
GitHub,relation_test_code_smell_ML,C:\Users\ismak\Documents\GitHub\relation_test_code_smell_ML\dataset\projects\netty\codec-http\src\test\java\io\netty\handler\codec\http\HttpClientCodecTest.java,dataset/projects/netty/codec-http/src/test/java/io/netty/handler/codec/http/HttpClientCodecTest.java,HttpClientCodecTest.java,Consumer,34,25,188,15,14,1,true,false,false,false,false,false,false,false,false,false
GitHub,relation_test_code_smell_ML,C:\Users\ismak\Documents\GitHub\relation_test_code_smell_ML\dataset\projects\netty\codec-http\src\test\java\io\netty\handler\codec\http\HttpClientUpgradeHandlerTest.java,dataset/projects/netty/codec-http/src/test/java/io/netty/handler/codec/http/HttpClientUpgradeHandlerTest.java,HttpClientUpgradeHandlerTest.java,UserEventCatcher,14,15,124,6,6,0,true,false,false,false,false,false,false,false,false,false
GitHub,relation_test_code_smell_ML,C:\Users\ismak\Documents\GitHub\relation_test_code_smell_ML\dataset\projects\netty\codec-http\src\test\java\io\netty\handler\codec\http\HttpContentCompressorOptionsTest.java,dataset/projects/netty/codec-http/src/test/java/io/netty/handler/codec/http/HttpContentCompressorOptionsTest.java,HttpContentCompressorOptionsTest.java,HttpContentCompressorOptionsTest,10,8,29,4,4,0,true,true,false,false,false,false,false,false,false,false
GitHub,relation_test_code_smell_ML,C:\Users\ismak\Documents\GitHub\relation_test_code_smell_ML\dataset\projects\netty\codec-http\src\test\java\io\netty\handler\codec\http\HttpContentCompressorTest.java,dataset/projects/netty/codec-http/src/test/java/io/netty/handler/codec/http/HttpContentCompressorTest.java,HttpContentCompressorTest.java,AssembledHttpResponse,45,49,496,26,26,0,true,false,false,false,false,false,false,false,false,false
GitHub,relation_test_code_smell_ML,C:\Users\ismak\Documents\GitHub\relation_test_code_smell_ML\dataset\projects\netty\codec-http\src\test\java\io\netty\handler\codec\http\HttpContentDecoderTest.java,dataset/projects/netty/codec-http/src/test/java/io/netty/handler/codec/http/HttpContentDecoderTest.java,HttpContentDecoderTest.java,HttpContentDecoderTest,29,35,448,24,24,0,true,true,false,false,false,false,false,false,false,false
GitHub,relation_test_code_smell_ML,C:\Users\ismak\Documents\GitHub\relation_test_code_smell_ML\dataset\projects\netty\codec-http\src\test\java\io\netty\handler\codec\http\HttpContentDecompressorTest.java,dataset/projects/netty/codec-http/src/test/java/io/netty/handler/codec/http/HttpContentDecompressorTest.java,HttpContentDecompressorTest.java,ZipBombIncomingHandler,21,9,77,3,2,1,true,false,false,false,false,false,false,false,false,false
GitHub,relation_test_code_smell_ML,C:\Users\ismak\Documents\GitHub\relation_test_code_smell_ML\dataset\projects\netty\codec-http\src\test\java\io\netty\handler\codec\http\HttpContentEncoderTest.java,dataset/projects/netty/codec-http/src/test/java/io/netty/handler/codec/http/HttpContentEncoderTest.java,HttpContentEncoderTest.java,TestEncoder,22,22,251,14,14,0,true,true,false,false,false,false,false,false,false,false
GitHub,relation_test_code_smell_ML,C:\Users\ismak\Documents\GitHub\relation_test_code_smell_ML\dataset\projects\netty\codec-http\src\test\java\io\netty\handler\codec\http\HttpHeaderDateFormatTest.java,dataset/projects/netty/codec-http/src/test/java/io/netty/handler/codec/http/HttpHeaderDateFormatTest.java,HttpHeaderDateFormatTest.java,HttpHeaderDateFormatTest,5,2,20,2,2,0,true,true,false,false,false,false,false,false,false,false
GitHub,relation_test_code_smell_ML,C:\Users\ismak\Documents\GitHub\relation_test_code_smell_ML\dataset\projects\netty\codec-http\src\test\java\io\netty\handler\codec\http\HttpHeadersTest.java,dataset/projects/netty/codec-http/src/test/java/io/netty/handler/codec/http/HttpHeadersTest.java,HttpHeadersTest.java,HttpHeadersTest,9,10,30,7,7,0,true,true,false,false,false,false,false,false,false,false
GitHub,relation_test_code_smell_ML,C:\Users\ismak\Documents\GitHub\relation_test_code_smell_ML\dataset\projects\netty\codec-http\src\test\java\io\netty\handler\codec\http\HttpHeaderValidationUtilTest.java,dataset/projects/netty/codec-http/src/test/java/io/netty/handler/codec/http/HttpHeaderValidationUtilTest.java,HttpHeaderValidationUtilTest.java,HttpHeaderValidationUtilTest,20,48,202,8,8,0,true,true,false,false,false,false,false,false,false,false
GitHub,relation_test_code_smell_ML,C:\Users\ismak\Documents\GitHub\relation_test_code_smell_ML\dataset\projects\netty\codec-http\src\test\java\io\netty\handler\codec\http\HttpInvalidMessageTest.java,dataset/projects/netty/codec-http/src/test/java/io/netty/handler/codec/http/HttpInvalidMessageTest.java,HttpInvalidMessageTest.java,HttpInvalidMessageTest,14,6,54,5,5,0,true,true,false,false,false,false,false,false,false,false
GitHub,relation_test_code_smell_ML,C:\Users\ismak\Documents\GitHub\relation_test_code_smell_ML\dataset\projects\netty\codec-http\src\test\java\io\netty\handler\codec\http\HttpMethodTest.java,dataset/projects/netty/codec-http/src/test/java/io/netty/handler/codec/http/HttpMethodTest.java,HttpMethodTest.java,HttpMethodTest,11,20,25,18,18,0,true,true,false,false,false,false,false,false,false,false
GitHub,relation_test_code_smell_ML,C:\Users\ismak\Documents\GitHub\relation_test_code_smell_ML\dataset\projects\netty\codec-http\src\test\java\io\netty\handler\codec\http\HttpObjectAggregatorTest.java,dataset/projects/netty/codec-http/src/test/java/io/netty/handler/codec/http/HttpObjectAggregatorTest.java,HttpObjectAggregatorTest.java,HttpObjectAggregatorTest,26,39,301,26,26,0,true,true,false,false,false,false,false,false,false,false
GitHub,relation_test_code_smell_ML,C:\Users\ismak\Documents\GitHub\relation_test_code_smell_ML\dataset\projects\netty\codec-http\src\test\java\io\netty\handler\codec\http\HttpRequestDecoderTest.java,dataset/projects/netty/codec-http/src/test/java/io/netty/handler/codec/http/HttpRequestDecoderTest.java,HttpRequestDecoderTest.java,HttpRequestDecoderTest,25,88,520,84,72,12,true,true,false,false,false,false,false,false,false,false
GitHub,relation_test_code_smell_ML,C:\Users\ismak\Documents\GitHub\relation_test_code_smell_ML\dataset\projects\netty\codec-http\src\test\java\io\netty\handler\codec\http\HttpRequestEncoderTest.java,dataset/projects/netty/codec-http/src/test/java/io/netty/handler/codec/http/HttpRequestEncoderTest.java,HttpRequestEncoderTest.java,CustomHttpRequest,19,47,96,16,15,1,true,false,false,false,false,false,false,false,false,false
GitHub,relation_test_code_smell_ML,C:\Users\ismak\Documents\GitHub\relation_test_code_smell_ML\dataset\projects\netty\codec-http\src\test\java\io\netty\handler\codec\http\HttpResponseDecoderTest.java,dataset/projects/netty/codec-http/src/test/java/io/netty/handler/codec/http/HttpResponseDecoderTest.java,HttpResponseDecoderTest.java,HttpResponseDecoderTest,24,67,716,67,61,6,true,true,false,false,false,false,false,false,false,false
GitHub,relation_test_code_smell_ML,C:\Users\ismak\Documents\GitHub\relation_test_code_smell_ML\dataset\projects\netty\codec-http\src\test\java\io\netty\handler\codec\http\HttpResponseEncoderTest.java,dataset/projects/netty/codec-http/src/test/java/io/netty/handler/codec/http/HttpResponseEncoderTest.java,HttpResponseEncoderTest.java,DummyLongFileRegion,12,35,146,22,19,3,true,false,false,false,false,false,false,false,false,false
GitHub,relation_test_code_smell_ML,C:\Users\ismak\Documents\GitHub\relation_test_code_smell_ML\dataset\projects\netty\codec-http\src\test\java\io\netty\handler\codec\http\HttpResponseStatusTest.java,dataset/projects/netty/codec-http/src/test/java/io/netty/handler/codec/http/HttpResponseStatusTest.java,HttpResponseStatusTest.java,HttpResponseStatusTest,9,17,25,13,13,0,true,true,false,false,false,false,false,false,false,false
GitHub,relation_test_code_smell_ML,C:\Users\ismak\Documents\GitHub\relation_test_code_smell_ML\dataset\projects\netty\codec-http\src\test\java\io\netty\handler\codec\http\HttpServerCodecTest.java,dataset/projects/netty/codec-http/src/test/java/io/netty/handler/codec/http/HttpServerCodecTest.java,HttpServerCodecTest.java,HttpServerCodecTest,13,12,173,11,11,0,true,true,false,false,false,false,false,false,false,false
GitHub,relation_test_code_smell_ML,C:\Users\ismak\Documents\GitHub\relation_test_code_smell_ML\dataset\projects\netty\codec-http\src\test\java\io\netty\handler\codec\http\HttpServerExpectContinueHandlerTest.java,dataset/projects/netty/codec-http/src/test/java/io/netty/handler/codec/http/HttpServerExpectContinueHandlerTest.java,HttpServerExpectContinueHandlerTest.java,HttpServerExpectContinueHandlerTest,6,5,26,2,2,0,true,true,false,false,false,false,false,false,false,false
GitHub,relation_test_code_smell_ML,C:\Users\ismak\Documents\GitHub\relation_test_code_smell_ML\dataset\projects\netty\codec-http\src\test\java\io\netty\handler\codec\http\HttpServerKeepAliveHandlerTest.java,dataset/projects/netty/codec-http/src/test/java/io/netty/handler/codec/http/HttpServerKeepAliveHandlerTest.java,HttpServerKeepAliveHandlerTest.java,HttpServerKeepAliveHandlerTest,24,9,91,5,1,4,true,true,false,false,false,false,false,false,false,false
GitHub,relation_test_code_smell_ML,C:\Users\ismak\Documents\GitHub\relation_test_code_smell_ML\dataset\projects\netty\codec-http\src\test\java\io\netty\handler\codec\http\HttpServerUpgradeHandlerTest.java,dataset/projects/netty/codec-http/src/test/java/io/netty/handler/codec/http/HttpServerUpgradeHandlerTest.java,HttpServerUpgradeHandlerTest.java,TestUpgradeCodec,24,17,89,4,4,0,true,true,false,false,false,false,false,false,false,false
GitHub,relation_test_code_smell_ML,C:\Users\ismak\Documents\GitHub\relation_test_code_smell_ML\dataset\projects\netty\codec-http\src\test\java\io\netty\handler\codec\http\HttpUtilTest.java,dataset/projects/netty/codec-http/src/test/java/io/netty/handler/codec/http/HttpUtilTest.java,HttpUtilTest.java,HttpUtilTest,24,47,200,39,33,6,true,true,false,false,false,false,false,false,false,false
GitHub,relation_test_code_smell_ML,C:\Users\ismak\Documents\GitHub\relation_test_code_smell_ML\dataset\projects\netty\codec-http\src\test\java\io\netty\handler\codec\http\HttpVersionLocaleTest.java,dataset/projects/netty/codec-http/src/test/java/io/netty/handler/codec/http/HttpVersionLocaleTest.java,HttpVersionLocaleTest.java,HttpVersionLocaleTest,5,2,4,2,2,0,true,true,false,false,false,false,false,false,false,false
GitHub,relation_test_code_smell_ML,C:\Users\ismak\Documents\GitHub\relation_test_code_smell_ML\dataset\projects\netty\codec-http\src\test\java\io\netty\handler\codec\http\HttpVersionParsingTest.java,dataset/projects/netty/codec-http/src/test/java/io/netty/handler/codec/http/HttpVersionParsingTest.java,HttpVersionParsingTest.java,HttpVersionParsingTest,7,16,50,15,15,0,true,true,false,false,false,false,false,false,false,false
GitHub,relation_test_code_smell_ML,C:\Users\ismak\Documents\GitHub\relation_test_code_smell_ML\dataset\projects\netty\codec-http\src\test\java\io\netty\handler\codec\http\multipart\AbstractDiskHttpDataTest.java,dataset/projects/netty/codec-http/src/test/java/io/netty/handler/codec/http/multipart/AbstractDiskHttpDataTest.java,AbstractDiskHttpDataTest.java,TestHttpData,13,12,13,1,1,0,true,true,false,false,false,false,false,false,false,false
GitHub,relation_test_code_smell_ML,C:\Users\ismak\Documents\GitHub\relation_test_code_smell_ML\dataset\projects\netty\codec-http\src\test\java\io\netty\handler\codec\http\multipart\AbstractMemoryHttpDataTest.java,dataset/projects/netty/codec-http/src/test/java/io/netty/handler/codec/http/multipart/AbstractMemoryHttpDataTest.java,AbstractMemoryHttpDataTest.java,TestHttpData,21,12,20,3,3,0,true,true,false,false,false,false,false,false,false,false
GitHub,relation_test_code_smell_ML,C:\Users\ismak\Documents\GitHub\relation_test_code_smell_ML\dataset\projects\netty\codec-http\src\test\java\io\netty\handler\codec\http\multipart\DefaultHttpDataFactoryTest.java,dataset/projects/netty/codec-http/src/test/java/io/netty/handler/codec/http/multipart/DefaultHttpDataFactoryTest.java,DefaultHttpDataFactoryTest.java,DefaultHttpDataFactoryTest,16,6,62,3,3,0,true,true,false,false,false,false,false,false,false,false
GitHub,relation_test_code_smell_ML,C:\Users\ismak\Documents\GitHub\relation_test_code_smell_ML\dataset\projects\netty\codec-http\src\test\java\io\netty\handler\codec\http\multipart\DeleteFileOnExitHookTest.java,dataset/projects/netty/codec-http/src/test/java/io/netty/handler/codec/http/multipart/DeleteFileOnExitHookTest.java,DeleteFileOnExitHookTest.java,DeleteFileOnExitHookTest,15,4,16,2,2,0,true,true,false,false,false,false,false,false,false,false
GitHub,relation_test_code_smell_ML,C:\Users\ismak\Documents\GitHub\relation_test_code_smell_ML\dataset\projects\netty\codec-http\src\test\java\io\netty\handler\codec\http\multipart\DiskFileUploadTest.java,dataset/projects/netty/codec-http/src/test/java/io/netty/handler/codec/http/multipart/DiskFileUploadTest.java,DiskFileUploadTest.java,DiskFileUploadTest,21,14,56,13,12,1,true,true,false,false,false,false,false,false,false,false
GitHub,relation_test_code_smell_ML,C:\Users\ismak\Documents\GitHub\relation_test_code_smell_ML\dataset\projects\netty\codec-http\src\test\java\io\netty\handler\codec\http\multipart\HttpDataTest.java,dataset/projects/netty/codec-http/src/test/java/io/netty/handler/codec/http/multipart/HttpDataTest.java,HttpDataTest.java,HttpDataTest,19,13,32,7,2,5,true,true,false,false,false,false,false,false,false,false
GitHub,relation_test_code_smell_ML,C:\Users\ismak\Documents\GitHub\relation_test_code_smell_ML\dataset\projects\netty\codec-http\src\test\java\io\netty\handler\codec\http\multipart\HttpPostMultipartLocaleDecoderTest.java,dataset/projects/netty/codec-http/src/test/java/io/netty/handler/codec/http/multipart/HttpPostMultipartLocaleDecoderTest.java,HttpPostMultipartLocaleDecoderTest.java,HttpPostMultipartLocaleDecoderTest,11,1,2,1,1,0,true,true,false,false,false,false,false,false,false,false
GitHub,relation_test_code_smell_ML,C:\Users\ismak\Documents\GitHub\relation_test_code_smell_ML\dataset\projects\netty\codec-http\src\test\java\io\netty\handler\codec\http\multipart\HttpPostMultipartLocaleEncoderTest.java,dataset/projects/netty/codec-http/src/test/java/io/netty/handler/codec/http/multipart/HttpPostMultipartLocaleEncoderTest.java,HttpPostMultipartLocaleEncoderTest.java,HttpPostMultipartLocaleEncoderTest,10,1,2,1,1,0,true,true,false,false,false,false,false,false,false,false
GitHub,relation_test_code_smell_ML,C:\Users\ismak\Documents\GitHub\relation_test_code_smell_ML\dataset\projects\netty\codec-http\src\test\java\io\netty\handler\codec\http\multipart\HttpPostMultiPartRequestDecoderTest.java,dataset/projects/netty/codec-http/src/test/java/io/netty/handler/codec/http/multipart/HttpPostMultiPartRequestDecoderTest.java,HttpPostMultiPartRequestDecoderTest.java,HttpPostMultiPartRequestDecoderTest,22,17,218,14,14,0,true,true,false,false,false,false,false,false,false,false
GitHub,relation_test_code_smell_ML,C:\Users\ismak\Documents\GitHub\relation_test_code_smell_ML\dataset\projects\netty\codec-http\src\test\java\io\netty\handler\codec\http\multipart\HttpPostRequestDecoderTest.java,dataset/projects/netty/codec-http/src/test/java/io/netty/handler/codec/http/multipart/HttpPostRequestDecoderTest.java,HttpPostRequestDecoderTest.java,HttpPostRequestDecoderTest,30,43,368,40,38,2,true,true,false,false,false,false,false,false,false,false
GitHub,relation_test_code_smell_ML,C:\Users\ismak\Documents\GitHub\relation_test_code_smell_ML\dataset\projects\netty\codec-http\src\test\java\io\netty\handler\codec\http\multipart\HttpPostRequestEncoderTest.java,dataset/projects/netty/codec-http/src/test/java/io/netty/handler/codec/http/multipart/HttpPostRequestEncoderTest.java,HttpPostRequestEncoderTest.java,HttpPostRequestEncoderTest,35,16,172,11,11,0,true,true,false,false,false,false,false,false,false,false
GitHub,relation_test_code_smell_ML,C:\Users\ismak\Documents\GitHub\relation_test_code_smell_ML\dataset\projects\netty\codec-http\src\test\java\io\netty\handler\codec\http\multipart\HttpPostStandardRequestDecoderTest.java,dataset/projects/netty/codec-http/src/test/java/io/netty/handler/codec/http/multipart/HttpPostStandardRequestDecoderTest.java,HttpPostStandardRequestDecoderTest.java,HttpPostStandardRequestDecoderTest,13,13,107,11,11,0,true,true,false,false,false,false,false,false,false,false
GitHub,relation_test_code_smell_ML,C:\Users\ismak\Documents\GitHub\relation_test_code_smell_ML\dataset\projects\netty\codec-http\src\test\java\io\netty\handler\codec\http\multipart\MemoryFileUploadTest.java,dataset/projects/netty/codec-http/src/test/java/io/netty/handler/codec/http/multipart/MemoryFileUploadTest.java,MemoryFileUploadTest.java,MemoryFileUploadTest,2,1,2,1,1,0,true,true,false,false,false,false,false,false,false,false
GitHub,relation_test_code_smell_ML,C:\Users\ismak\Documents\GitHub\relation_test_code_smell_ML\dataset\projects\netty\codec-http\src\test\java\io\netty\handler\codec\http\multipart\MixedTest.java,dataset/projects/netty/codec-http/src/test/java/io/netty/handler/codec/http/multipart/MixedTest.java,MixedTest.java,MixedTest,8,3,26,3,3,0,true,true,false,false,false,false,false,false,false,false
GitHub,relation_test_code_smell_ML,C:\Users\ismak\Documents\GitHub\relation_test_code_smell_ML\dataset\projects\netty\codec-http\src\test\java\io\netty\handler\codec\http\MultipleContentLengthHeadersTest.java,dataset/projects/netty/codec-http/src/test/java/io/netty/handler/codec/http/MultipleContentLengthHeadersTest.java,MultipleContentLengthHeadersTest.java,MultipleContentLengthHeadersTest,14,7,25,2,1,1,true,true,false,false,false,false,false,false,false,false
GitHub,relation_test_code_smell_ML,C:\Users\ismak\Documents\GitHub\relation_test_code_smell_ML\dataset\projects\netty\codec-http\src\test\java\io\netty\handler\codec\http\NativeImageHandlerMetadataTest.java,dataset/projects/netty/codec-http/src/test/java/io/netty/handler/codec/http/NativeImageHandlerMetadataTest.java,NativeImageHandlerMetadataTest.java,NativeImageHandlerMetadataTest,2,1,1,1,1,0,true,true,false,false,false,false,false,false,false,false
GitHub,relation_test_code_smell_ML,C:\Users\ismak\Documents\GitHub\relation_test_code_smell_ML\dataset\projects\netty\codec-http\src\test\java\io\netty\handler\codec\http\QueryStringDecoderTest.java,dataset/projects/netty/codec-http/src/test/java/io/netty/handler/codec/http/QueryStringDecoderTest.java,QueryStringDecoderTest.java,QueryStringDecoderTest,13,17,214,15,15,0,true,true,false,false,false,false,false,false,false,false
GitHub,relation_test_code_smell_ML,C:\Users\ismak\Documents\GitHub\relation_test_code_smell_ML\dataset\projects\netty\codec-http\src\test\java\io\netty\handler\codec\http\QueryStringEncoderTest.java,dataset/projects/netty/codec-http/src/test/java/io/netty/handler/codec/http/QueryStringEncoderTest.java,QueryStringEncoderTest.java,QueryStringEncoderTest,4,3,37,3,3,0,true,true,false,false,false,false,false,false,false,false
GitHub,relation_test_code_smell_ML,C:\Users\ismak\Documents\GitHub\relation_test_code_smell_ML\dataset\projects\netty\codec-http\src\test\java\io\netty\handler\codec\http\ReadOnlyHttpHeadersTest.java,dataset/projects/netty/codec-http/src/test/java/io/netty/handler/codec/http/ReadOnlyHttpHeadersTest.java,ReadOnlyHttpHeadersTest.java,ReadOnlyHttpHeadersTest,19,13,66,9,9,0,true,true,false,false,false,false,false,false,false,false
GitHub,relation_test_code_smell_ML,C:\Users\ismak\Documents\GitHub\relation_test_code_smell_ML\dataset\projects\netty\codec-http\src\test\java\io\netty\handler\codec\http\websocketx\CloseWebSocketFrameTest.java,dataset/projects/netty/codec-http/src/test/java/io/netty/handler/codec/http/websocketx/CloseWebSocketFrameTest.java,CloseWebSocketFrameTest.java,CloseWebSocketFrameTest,7,10,20,4,4,0,true,true,false,false,false,false,false,false,false,false
GitHub,relation_test_code_smell_ML,C:\Users\ismak\Documents\GitHub\relation_test_code_smell_ML\dataset\projects\netty\codec-http\src\test\java\io\netty\handler\codec\http\websocketx\extensions\compression\DeflateFrameClientExtensionHandshakerTest.java,dataset/projects/netty/codec-http/src/test/java/io/netty/handler/codec/http/websocketx/extensions/compression/DeflateFrameClientExtensionHandshakerTest.java,DeflateFrameClientExtensionHandshakerTest.java,DeflateFrameClientExtensionHandshakerTest,11,4,19,4,4,0,true,true,false,false,false,false,false,false,false,false
GitHub,relation_test_code_smell_ML,C:\Users\ismak\Documents\GitHub\relation_test_code_smell_ML\dataset\projects\netty\codec-http\src\test\java\io\netty\handler\codec\http\websocketx\extensions\compression\DeflateFrameServerExtensionHandshakerTest.java,dataset/projects/netty/codec-http/src/test/java/io/netty/handler/codec/http/websocketx/extensions/compression/DeflateFrameServerExtensionHandshakerTest.java,DeflateFrameServerExtensionHandshakerTest.java,DeflateFrameServerExtensionHandshakerTest,13,10,31,6,6,0,true,true,false,false,false,false,false,false,false,false
GitHub,relation_test_code_smell_ML,C:\Users\ismak\Documents\GitHub\relation_test_code_smell_ML\dataset\projects\netty\codec-http\src\test\java\io\netty\handler\codec\http\websocketx\extensions\compression\PerFrameDeflateDecoderTest.java,dataset/projects/netty/codec-http/src/test/java/io/netty/handler/codec/http/websocketx/extensions/compression/PerFrameDeflateDecoderTest.java,PerFrameDeflateDecoderTest.java,PerFrameDeflateDecoderTest,19,4,59,4,4,0,true,true,false,false,false,false,false,false,false,false
GitHub,relation_test_code_smell_ML,C:\Users\ismak\Documents\GitHub\relation_test_code_smell_ML\dataset\projects\netty\codec-http\src\test\java\io\netty\handler\codec\http\websocketx\extensions\compression\PerFrameDeflateEncoderTest.java,dataset/projects/netty/codec-http/src/test/java/io/netty/handler/codec/http/websocketx/extensions/compression/PerFrameDeflateEncoderTest.java,PerFrameDeflateEncoderTest.java,PerFrameDeflateEncoderTest,19,4,92,4,4,0,true,true,false,false,false,false,false,false,false,false
GitHub,relation_test_code_smell_ML,C:\Users\ismak\Documents\GitHub\relation_test_code_smell_ML\dataset\projects\netty\codec-http\src\test\java\io\netty\handler\codec\http\websocketx\extensions\compression\PerMessageDeflateClientExtensionHandshakerTest.java,dataset/projects/netty/codec-http/src/test/java/io/netty/handler/codec/http/websocketx/extensions/compression/PerMessageDeflateClientExtensionHandshakerTest.java,PerMessageDeflateClientExtensionHandshakerTest.java,PerMessageDeflateClientExtensionHandshakerTest,18,9,106,9,9,0,true,true,false,false,false,false,false,false,false,false
GitHub,relation_test_code_smell_ML,C:\Users\ismak\Documents\GitHub\relation_test_code_smell_ML\dataset\projects\netty\codec-http\src\test\java\io\netty\handler\codec\http\websocketx\extensions\compression\PerMessageDeflateDecoderTest.java,dataset/projects/netty/codec-http/src/test/java/io/netty/handler/codec/http/websocketx/extensions/compression/PerMessageDeflateDecoderTest.java,PerMessageDeflateDecoderTest.java,PerMessageDeflateDecoderTest,27,12,184,9,9,0,true,true,false,false,false,false,false,false,false,false
GitHub,relation_test_code_smell_ML,C:\Users\ismak\Documents\GitHub\relation_test_code_smell_ML\dataset\projects\netty\codec-http\src\test\java\io\netty\handler\codec\http\websocketx\extensions\compression\PerMessageDeflateEncoderTest.java,dataset/projects/netty/codec-http/src/test/java/io/netty/handler/codec/http/websocketx/extensions/compression/PerMessageDeflateEncoderTest.java,PerMessageDeflateEncoderTest.java,PerMessageDeflateEncoderTest,29,12,141,8,8,0,true,true,false,false,false,false,false,false,false,false
GitHub,relation_test_code_smell_ML,C:\Users\ismak\Documents\GitHub\relation_test_code_smell_ML\dataset\projects\netty\codec-http\src\test\java\io\netty\handler\codec\http\websocketx\extensions\compression\PerMessageDeflateServerExtensionHandshakerTest.java,dataset/projects/netty/codec-http/src/test/java/io/netty/handler/codec/http/websocketx/extensions/compression/PerMessageDeflateServerExtensionHandshakerTest.java,PerMessageDeflateServerExtensionHandshakerTest.java,PerMessageDeflateServerExtensionHandshakerTest,13,13,113,9,9,0,true,true,false,false,false,false,false,false,false,false
GitHub,relation_test_code_smell_ML,C:\Users\ismak\Documents\GitHub\relation_test_code_smell_ML\dataset\projects\netty\codec-http\src\test\java\io\netty\handler\codec\http\websocketx\extensions\compression\WebSocketServerCompressionHandlerTest.java,dataset/projects/netty/codec-http/src/test/java/io/netty/handler/codec/http/websocketx/extensions/compression/WebSocketServerCompressionHandlerTest.java,WebSocketServerCompressionHandlerTest.java,WebSocketServerCompressionHandlerTest,16,8,84,8,8,0,true,true,false,false,false,false,false,false,false,false
GitHub,relation_test_code_smell_ML,C:\Users\ismak\Documents\GitHub\relation_test_code_smell_ML\dataset\projects\netty\codec-http\src\test\java\io\netty\handler\codec\http\websocketx\extensions\WebSocketClientExtensionHandlerTest.java,dataset/projects/netty/codec-http/src/test/java/io/netty/handler/codec/http/websocketx/extensions/WebSocketClientExtensionHandlerTest.java,WebSocketClientExtensionHandlerTest.java,WebSocketClientExtensionHandlerTest,18,4,133,4,4,0,true,true,false,false,false,false,false,false,false,false
GitHub,relation_test_code_smell_ML,C:\Users\ismak\Documents\GitHub\relation_test_code_smell_ML\dataset\projects\netty\codec-http\src\test\java\io\netty\handler\codec\http\websocketx\extensions\WebSocketExtensionFilterProviderTest.java,dataset/projects/netty/codec-http/src/test/java/io/netty/handler/codec/http/websocketx/extensions/WebSocketExtensionFilterProviderTest.java,WebSocketExtensionFilterProviderTest.java,WebSocketExtensionFilterProviderTest,3,1,4,1,1,0,true,true,false,false,false,false,false,false,false,false
GitHub,relation_test_code_smell_ML,C:\Users\ismak\Documents\GitHub\relation_test_code_smell_ML\dataset\projects\netty\codec-http\src\test\java\io\netty\handler\codec\http\websocketx\extensions\WebSocketExtensionFilterTest.java,dataset/projects/netty/codec-http/src/test/java/io/netty/handler/codec/http/websocketx/extensions/WebSocketExtensionFilterTest.java,WebSocketExtensionFilterTest.java,WebSocketExtensionFilterTest,9,2,38,2,2,0,true,true,false,false,false,false,false,false,false,false
GitHub,relation_test_code_smell_ML,C:\Users\ismak\Documents\GitHub\relation_test_code_smell_ML\dataset\projects\netty\codec-http\src\test\java\io\netty\handler\codec\http\websocketx\extensions\WebSocketExtensionUtilTest.java,dataset/projects/netty/codec-http/src/test/java/io/netty/handler/codec/http/websocketx/extensions/WebSocketExtensionUtilTest.java,WebSocketExtensionUtilTest.java,WebSocketExtensionUtilTest,10,4,15,4,4,0,true,true,false,false,false,false,false,false,false,false
GitHub,relation_test_code_smell_ML,C:\Users\ismak\Documents\GitHub\relation_test_code_smell_ML\dataset\projects\netty\codec-http\src\test\java\io\netty\handler\codec\http\websocketx\extensions\WebSocketServerExtensionHandlerTest.java,dataset/projects/netty/codec-http/src/test/java/io/netty/handler/codec/http/websocketx/extensions/WebSocketServerExtensionHandlerTest.java,WebSocketServerExtensionHandlerTest.java,WebSocketServerExtensionHandlerTest,17,5,127,5,5,0,true,true,false,false,false,false,false,false,false,false
GitHub,relation_test_code_smell_ML,C:\Users\ismak\Documents\GitHub\relation_test_code_smell_ML\dataset\projects\netty\codec-http\src\test\java\io\netty\handler\codec\http\websocketx\WebSocket00FrameEncoderTest.java,dataset/projects/netty/codec-http/src/test/java/io/netty/handler/codec/http/websocketx/WebSocket00FrameEncoderTest.java,WebSocket00FrameEncoderTest.java,WebSocket00FrameEncoderTest,6,2,12,1,1,0,true,true,false,false,false,false,false,false,false,false
GitHub,relation_test_code_smell_ML,C:\Users\ismak\Documents\GitHub\relation_test_code_smell_ML\dataset\projects\netty\codec-http\src\test\java\io\netty\handler\codec\http\websocketx\WebSocket08EncoderDecoderTest.java,dataset/projects/netty/codec-http/src/test/java/io/netty/handler/codec/http/websocketx/WebSocket08EncoderDecoderTest.java,WebSocket08EncoderDecoderTest.java,WebSocket08EncoderDecoderTest,9,9,89,4,2,2,true,true,false,false,false,false,false,false,false,false
GitHub,relation_test_code_smell_ML,C:\Users\ismak\Documents\GitHub\relation_test_code_smell_ML\dataset\projects\netty\codec-http\src\test\java\io\netty\handler\codec\http\websocketx\WebSocket08FrameDecoderTest.java,dataset/projects/netty/codec-http/src/test/java/io/netty/handler/codec/http/websocketx/WebSocket08FrameDecoderTest.java,WebSocket08FrameDecoderTest.java,WebSocket08FrameDecoderTest,15,4,22,3,3,0,true,true,false,false,false,false,false,false,false,false
GitHub,relation_test_code_smell_ML,C:\Users\ismak\Documents\GitHub\relation_test_code_smell_ML\dataset\projects\netty\codec-http\src\test\java\io\netty\handler\codec\http\websocketx\WebSocketClientHandshaker00Test.java,dataset/projects/netty/codec-http/src/test/java/io/netty/handler/codec/http/websocketx/WebSocketClientHandshaker00Test.java,WebSocketClientHandshaker00Test.java,WebSocketClientHandshaker00Test,3,4,4,0,0,0,true,true,false,false,false,false,false,false,false,false
GitHub,relation_test_code_smell_ML,C:\Users\ismak\Documents\GitHub\relation_test_code_smell_ML\dataset\projects\netty\codec-http\src\test\java\io\netty\handler\codec\http\websocketx\WebSocketClientHandshaker07Test.java,dataset/projects/netty/codec-http/src/test/java/io/netty/handler/codec/http/websocketx/WebSocketClientHandshaker07Test.java,WebSocketClientHandshaker07Test.java,WebSocketClientHandshaker07Test,7,5,8,1,1,0,true,true,false,false,false,false,false,false,false,false
GitHub,relation_test_code_smell_ML,C:\Users\ismak\Documents\GitHub\relation_test_code_smell_ML\dataset\projects\netty\codec-http\src\test\java\io\netty\handler\codec\http\websocketx\WebSocketClientHandshaker08Test.java,dataset/projects/netty/codec-http/src/test/java/io/netty/handler/codec/http/websocketx/WebSocketClientHandshaker08Test.java,WebSocketClientHandshaker08Test.java,WebSocketClientHandshaker08Test,2,1,1,0,0,0,true,true,false,false,false,false,false,false,false,false
GitHub,relation_test_code_smell_ML,C:\Users\ismak\Documents\GitHub\relation_test_code_smell_ML\dataset\projects\netty\codec-http\src\test\java\io\netty\handler\codec\http\websocketx\WebSocketClientHandshaker13Test.java,dataset/projects/netty/codec-http/src/test/java/io/netty/handler/codec/http/websocketx/WebSocketClientHandshaker13Test.java,WebSocketClientHandshaker13Test.java,WebSocketClientHandshaker13Test,3,2,2,0,0,0,true,true,false,false,false,false,false,false,false,false
GitHub,relation_test_code_smell_ML,C:\Users\ismak\Documents\GitHub\relation_test_code_smell_ML\dataset\projects\netty\codec-http\src\test\java\io\netty\handler\codec\http\websocketx\WebSocketClientHandshakerTest.java,dataset/projects/netty/codec-http/src/test/java/io/netty/handler/codec/http/websocketx/WebSocketClientHandshakerTest.java,WebSocketClientHandshakerTest.java,WebSocketClientHandshakerTest,40,34,135,24,20,4,true,true,false,false,false,false,false,false,false,false
GitHub,relation_test_code_smell_ML,C:\Users\ismak\Documents\GitHub\relation_test_code_smell_ML\dataset\projects\netty\codec-http\src\test\java\io\netty\handler\codec\http\websocketx\WebSocketCloseStatusTest.java,dataset/projects/netty/codec-http/src/test/java/io/netty/handler/codec/http/websocketx/WebSocketCloseStatusTest.java,WebSocketCloseStatusTest.java,WebSocketCloseStatusTest,13,8,42,7,7,0,true,true,false,false,false,false,false,false,false,false
GitHub,relation_test_code_smell_ML,C:\Users\ismak\Documents\GitHub\relation_test_code_smell_ML\dataset\projects\netty\codec-http\src\test\java\io\netty\handler\codec\http\websocketx\WebSocketFrameAggregatorTest.java,dataset/projects/netty/codec-http/src/test/java/io/netty/handler/codec/http/websocketx/WebSocketFrameAggregatorTest.java,WebSocketFrameAggregatorTest.java,WebSocketFrameAggregatorTest,12,4,67,3,3,0,true,true,false,false,false,false,false,false,false,false
GitHub,relation_test_code_smell_ML,C:\Users\ismak\Documents\GitHub\relation_test_code_smell_ML\dataset\projects\netty\codec-http\src\test\java\io\netty\handler\codec\http\websocketx\WebSocketHandshakeExceptionTest.java,dataset/projects/netty/codec-http/src/test/java/io/netty/handler/codec/http/websocketx/WebSocketHandshakeExceptionTest.java,WebSocketHandshakeExceptionTest.java,WebSocketHandshakeExceptionTest,11,4,21,4,4,0,true,true,false,false,false,false,false,false,false,false
GitHub,relation_test_code_smell_ML,C:\Users\ismak\Documents\GitHub\relation_test_code_smell_ML\dataset\projects\netty\codec-http\src\test\java\io\netty\handler\codec\http\websocketx\WebSocketHandshakeHandOverTest.java,dataset/projects/netty/codec-http/src/test/java/io/netty/handler/codec/http/websocketx/WebSocketHandshakeHandOverTest.java,WebSocketHandshakeHandOverTest.java,CloseNoOpServerProtocolHandler,24,25,61,4,4,0,true,false,false,false,false,false,false,false,false,false
GitHub,relation_test_code_smell_ML,C:\Users\ismak\Documents\GitHub\relation_test_code_smell_ML\dataset\projects\netty\codec-http\src\test\java\io\netty\handler\codec\http\websocketx\WebSocketProtocolHandlerTest.java,dataset/projects/netty/codec-http/src/test/java/io/netty/handler/codec/http/websocketx/WebSocketProtocolHandlerTest.java,WebSocketProtocolHandlerTest.java,WebSocketProtocolHandlerTest,17,8,64,6,6,0,true,true,false,false,false,false,false,false,false,false
GitHub,relation_test_code_smell_ML,C:\Users\ismak\Documents\GitHub\relation_test_code_smell_ML\dataset\projects\netty\codec-http\src\test\java\io\netty\handler\codec\http\websocketx\WebSocketServerHandshaker00Test.java,dataset/projects/netty/codec-http/src/test/java/io/netty/handler/codec/http/websocketx/WebSocketServerHandshaker00Test.java,WebSocketServerHandshaker00Test.java,WebSocketServerHandshaker00Test,20,6,32,4,3,1,true,true,false,false,false,false,false,false,false,false
GitHub,relation_test_code_smell_ML,C:\Users\ismak\Documents\GitHub\relation_test_code_smell_ML\dataset\projects\netty\codec-http\src\test\java\io\netty\handler\codec\http\websocketx\WebSocketServerHandshaker07Test.java,dataset/projects/netty/codec-http/src/test/java/io/netty/handler/codec/http/websocketx/WebSocketServerHandshaker07Test.java,WebSocketServerHandshaker07Test.java,WebSocketServerHandshaker07Test,0,2,2,0,0,0,true,true,false,false,false,false,false,false,false,false
GitHub,relation_test_code_smell_ML,C:\Users\ismak\Documents\GitHub\relation_test_code_smell_ML\dataset\projects\netty\codec-http\src\test\java\io\netty\handler\codec\http\websocketx\WebSocketServerHandshaker08Test.java,dataset/projects/netty/codec-http/src/test/java/io/netty/handler/codec/http/websocketx/WebSocketServerHandshaker08Test.java,WebSocketServerHandshaker08Test.java,WebSocketServerHandshaker08Test,17,5,22,3,2,1,true,true,false,false,false,false,false,false,false,false
GitHub,relation_test_code_smell_ML,C:\Users\ismak\Documents\GitHub\relation_test_code_smell_ML\dataset\projects\netty\codec-http\src\test\java\io\netty\handler\codec\http\websocketx\WebSocketServerHandshaker13Test.java,dataset/projects/netty/codec-http/src/test/java/io/netty/handler/codec/http/websocketx/WebSocketServerHandshaker13Test.java,WebSocketServerHandshaker13Test.java,WebSocketServerHandshaker13Test,29,15,58,10,7,3,true,true,false,false,false,false,false,false,false,false
GitHub,relation_test_code_smell_ML,C:\Users\ismak\Documents\GitHub\relation_test_code_smell_ML\dataset\projects\netty\codec-http\src\test\java\io\netty\handler\codec\http\websocketx\WebSocketServerHandshakerFactoryTest.java,dataset/projects/netty/codec-http/src/test/java/io/netty/handler/codec/http/websocketx/WebSocketServerHandshakerFactoryTest.java,WebSocketServerHandshakerFactoryTest.java,WebSocketServerHandshakerFactoryTest,11,1,12,1,1,0,true,true,false,false,false,false,false,false,false,false
GitHub,relation_test_code_smell_ML,C:\Users\ismak\Documents\GitHub\relation_test_code_smell_ML\dataset\projects\netty\codec-http\src\test\java\io\netty\handler\codec\http\websocketx\WebSocketServerHandshakerTest.java,dataset/projects/netty/codec-http/src/test/java/io/netty/handler/codec/http/websocketx/WebSocketServerHandshakerTest.java,WebSocketServerHandshakerTest.java,WebSocketServerHandshakerTest,25,5,32,3,3,0,true,true,false,false,false,false,false,false,false,false
GitHub,relation_test_code_smell_ML,C:\Users\ismak\Documents\GitHub\relation_test_code_smell_ML\dataset\projects\netty\codec-http\src\test\java\io\netty\handler\codec\http\websocketx\WebSocketServerProtocolHandlerTest.java,dataset/projects/netty/codec-http/src/test/java/io/netty/handler/codec/http/websocketx/WebSocketServerProtocolHandlerTest.java,WebSocketServerProtocolHandlerTest.java,CustomTextFrameHandler,34,31,179,16,15,1,true,false,false,false,false,false,false,false,false,false
GitHub,relation_test_code_smell_ML,C:\Users\ismak\Documents\GitHub\relation_test_code_smell_ML\dataset\projects\netty\codec-http\src\test\java\io\netty\handler\codec\http\websocketx\WebSocketUtf8FrameValidatorTest.java,dataset/projects/netty/codec-http/src/test/java/io/netty/handler/codec/http/websocketx/WebSocketUtf8FrameValidatorTest.java,WebSocketUtf8FrameValidatorTest.java,WebSocketUtf8FrameValidatorTest,9,10,29,7,6,1,true,true,false,false,false,false,false,false,false,false
GitHub,relation_test_code_smell_ML,C:\Users\ismak\Documents\GitHub\relation_test_code_smell_ML\dataset\projects\netty\codec-http\src\test\java\io\netty\handler\codec\http\websocketx\WebSocketUtilTest.java,dataset/projects/netty/codec-http/src/test/java/io/netty/handler/codec/http/websocketx/WebSocketUtilTest.java,WebSocketUtilTest.java,WebSocketUtilTest,10,3,12,2,2,0,true,true,false,false,false,false,false,false,false,false
GitHub,relation_test_code_smell_ML,C:\Users\ismak\Documents\GitHub\relation_test_code_smell_ML\dataset\projects\netty\codec-http\src\test\java\io\netty\handler\codec\rtsp\RtspDecoderTest.java,dataset/projects/netty/codec-http/src/test/java/io/netty/handler/codec/rtsp/RtspDecoderTest.java,RtspDecoderTest.java,RtspDecoderTest,9,1,12,1,1,0,true,true,false,false,false,false,false,false,false,false
GitHub,relation_test_code_smell_ML,C:\Users\ismak\Documents\GitHub\relation_test_code_smell_ML\dataset\projects\netty\codec-http\src\test\java\io\netty\handler\codec\rtsp\RtspEncoderTest.java,dataset/projects/netty/codec-http/src/test/java/io/netty/handler/codec/rtsp/RtspEncoderTest.java,RtspEncoderTest.java,RtspEncoderTest,13,4,50,4,4,0,true,true,false,false,false,false,false,false,false,false
GitHub,relation_test_code_smell_ML,C:\Users\ismak\Documents\GitHub\relation_test_code_smell_ML\dataset\projects\netty\codec-http\src\test\java\io\netty\handler\codec\rtsp\RtspMethodsTest.java,dataset/projects/netty/codec-http/src/test/java/io/netty/handler/codec/rtsp/RtspMethodsTest.java,RtspMethodsTest.java,RtspMethodsTest,6,3,8,3,3,0,true,true,false,false,false,false,false,false,false,false
GitHub,relation_test_code_smell_ML,C:\Users\ismak\Documents\GitHub\relation_test_code_smell_ML\dataset\projects\netty\codec-http\src\test\java\io\netty\handler\codec\spdy\DefaultSpdyHeadersTest.java,dataset/projects/netty/codec-http/src/test/java/io/netty/handler/codec/spdy/DefaultSpdyHeadersTest.java,DefaultSpdyHeadersTest.java,DefaultSpdyHeadersTest,3,2,18,2,2,0,true,true,false,false,false,false,false,false,false,false
GitHub,relation_test_code_smell_ML,C:\Users\ismak\Documents\GitHub\relation_test_code_smell_ML\dataset\projects\netty\codec-http\src\test\java\io\netty\handler\codec\spdy\SpdyFrameCodecTest.java,dataset/projects/netty/codec-http/src/test/java/io/netty/handler/codec/spdy/SpdyFrameCodecTest.java,SpdyFrameCodecTest.java,SpdyFrameCodecTest,7,3,23,2,2,0,true,true,false,false,false,false,false,false,false,false
GitHub,relation_test_code_smell_ML,C:\Users\ismak\Documents\GitHub\relation_test_code_smell_ML\dataset\projects\netty\codec-http\src\test\java\io\netty\handler\codec\spdy\SpdyFrameDecoderTest.java,dataset/projects/netty/codec-http/src/test/java/io/netty/handler/codec/spdy/SpdyFrameDecoderTest.java,SpdyFrameDecoderTest.java,SpdyFrameDecoderTest,14,63,796,59,59,0,true,true,false,false,false,false,false,false,false,false
GitHub,relation_test_code_smell_ML,C:\Users\ismak\Documents\GitHub\relation_test_code_smell_ML\dataset\projects\netty\codec-http\src\test\java\io\netty\handler\codec\spdy\SpdyHeaderBlockRawDecoderTest.java,dataset/projects/netty/codec-http/src/test/java/io/netty/handler/codec/spdy/SpdyHeaderBlockRawDecoderTest.java,SpdyHeaderBlockRawDecoderTest.java,SpdyHeaderBlockRawDecoderTest,9,28,326,26,26,0,true,true,false,false,false,false,false,false,false,false
GitHub,relation_test_code_smell_ML,C:\Users\ismak\Documents\GitHub\relation_test_code_smell_ML\dataset\projects\netty\codec-http\src\test\java\io\netty\handler\codec\spdy\SpdyHeaderBlockZlibDecoderTest.java,dataset/projects/netty/codec-http/src/test/java/io/netty/handler/codec/spdy/SpdyHeaderBlockZlibDecoderTest.java,SpdyHeaderBlockZlibDecoderTest.java,SpdyHeaderBlockZlibDecoderTest,11,12,128,7,7,0,true,true,false,false,false,false,false,false,false,false
GitHub,relation_test_code_smell_ML,C:\Users\ismak\Documents\GitHub\relation_test_code_smell_ML\dataset\projects\netty\codec-http\src\test\java\io\netty\handler\codec\spdy\SpdySessionHandlerTest.java,dataset/projects/netty/codec-http/src/test/java/io/netty/handler/codec/spdy/SpdySessionHandlerTest.java,SpdySessionHandlerTest.java,EchoHandler,12,17,160,9,6,3,true,false,false,false,false,false,false,false,false,false
GitHub,relation_test_code_smell_ML,C:\Users\ismak\Documents\GitHub\relation_test_code_smell_ML\dataset\projects\netty\codec-http\src\test\java\io\netty\handler\codec\spdy\SpdyUnknownFrameDecoderTest.java,dataset/projects/netty/codec-http/src/test/java/io/netty/handler/codec/spdy/SpdyUnknownFrameDecoderTest.java,SpdyUnknownFrameDecoderTest.java,SpdyUnknownFrameDecoderTest,11,4,13,1,1,0,true,true,false,false,false,false,false,false,false,false
GitHub,relation_test_code_smell_ML,C:\Users\ismak\Documents\GitHub\relation_test_code_smell_ML\dataset\projects\netty\codec-http\src\test\java\io\netty\handler\codec\spdy\TestSpdyFrameDecoderDelegate.java,dataset/projects/netty/codec-http/src/test/java/io/netty/handler/codec/spdy/TestSpdyFrameDecoderDelegate.java,TestSpdyFrameDecoderDelegate.java,TestSpdyFrameDecoderDelegate,3,16,19,0,0,0,true,true,false,false,false,false,false,false,false,false
GitHub,relation_test_code_smell_ML,C:\Users\ismak\Documents\GitHub\relation_test_code_smell_ML\dataset\projects\netty\codec-http2\src\test\java\io\netty\handler\codec\http2\AbstractDecoratingHttp2ConnectionDecoderTest.java,dataset/projects/netty/codec-http2/src/test/java/io/netty/handler/codec/http2/AbstractDecoratingHttp2ConnectionDecoderTest.java,AbstractDecoratingHttp2ConnectionDecoderTest.java,AbstractDecoratingHttp2ConnectionDecoderTest,9,5,13,2,2,0,true,true,false,false,false,false,false,false,false,false
GitHub,relation_test_code_smell_ML,C:\Users\ismak\Documents\GitHub\relation_test_code_smell_ML\dataset\projects\netty\codec-http2\src\test\java\io\netty\handler\codec\http2\AbstractWeightedFairQueueByteDistributorDependencyTest.java,dataset/projects/netty/codec-http2/src/test/java/io/netty/handler/codec/http2/AbstractWeightedFairQueueByteDistributorDependencyTest.java,AbstractWeightedFairQueueByteDistributorDependencyTest.java,AbstractWeightedFairQueueByteDistributorDependencyTest,6,6,17,0,0,0,true,true,false,false,false,false,false,false,false,false
GitHub,relation_test_code_smell_ML,C:\Users\ismak\Documents\GitHub\relation_test_code_smell_ML\dataset\projects\netty\codec-http2\src\test\java\io\netty\handler\codec\http2\CleartextHttp2ServerUpgradeHandlerTest.java,dataset/projects/netty/codec-http2/src/test/java/io/netty/handler/codec/http2/CleartextHttp2ServerUpgradeHandlerTest.java,CleartextHttp2ServerUpgradeHandlerTest.java,CleartextHttp2ServerUpgradeHandlerTest,34,17,98,7,7,0,true,true,false,false,false,false,false,false,false,false
GitHub,relation_test_code_smell_ML,C:\Users\ismak\Documents\GitHub\relation_test_code_smell_ML\dataset\projects\netty\codec-http2\src\test\java\io\netty\handler\codec\http2\DataCompressionHttp2Test.java,dataset/projects/netty/codec-http2/src/test/java/io/netty/handler/codec/http2/DataCompressionHttp2Test.java,DataCompressionHttp2Test.java,DataCompressionHttp2Test,58,32,128,3,0,3,true,true,false,false,false,false,false,false,false,false
GitHub,relation_test_code_smell_ML,C:\Users\ismak\Documents\GitHub\relation_test_code_smell_ML\dataset\projects\netty\codec-http2\src\test\java\io\netty\handler\codec\http2\DecoratingHttp2ConnectionEncoderTest.java,dataset/projects/netty/codec-http2/src/test/java/io/netty/handler/codec/http2/DecoratingHttp2ConnectionEncoderTest.java,DecoratingHttp2ConnectionEncoderTest.java,TestHttp2ConnectionEncoder,7,3,9,2,2,0,true,true,false,false,false,false,false,false,false,false
GitHub,relation_test_code_smell_ML,C:\Users\ismak\Documents\GitHub\relation_test_code_smell_ML\dataset\projects\netty\codec-http2\src\test\java\io\netty\handler\codec\http2\DefaultHttp2ConnectionDecoderTest.java,dataset/projects/netty/codec-http2/src/test/java/io/netty/handler/codec/http2/DefaultHttp2ConnectionDecoderTest.java,DefaultHttp2ConnectionDecoderTest.java,DefaultHttp2ConnectionDecoderTest,53,120,384,69,69,0,true,true,false,false,false,false,false,false,false,false
GitHub,relation_test_code_smell_ML,C:\Users\ismak\Documents\GitHub\relation_test_code_smell_ML\dataset\projects\netty\codec-http2\src\test\java\io\netty\handler\codec\http2\DefaultHttp2ConnectionEncoderTest.java,dataset/projects/netty/codec-http2/src/test/java/io/netty/handler/codec/http2/DefaultHttp2ConnectionEncoderTest.java,DefaultHttp2ConnectionEncoderTest.java,DefaultHttp2ConnectionEncoderTest,56,81,436,51,51,0,true,true,false,false,false,false,false,false,false,false
GitHub,relation_test_code_smell_ML,C:\Users\ismak\Documents\GitHub\relation_test_code_smell_ML\dataset\projects\netty\codec-http2\src\test\java\io\netty\handler\codec\http2\DefaultHttp2ConnectionTest.java,dataset/projects/netty/codec-http2/src/test/java/io/netty/handler/codec/http2/DefaultHttp2ConnectionTest.java,DefaultHttp2ConnectionTest.java,ListenerVerifyCallAnswer,37,82,278,51,50,1,true,false,false,false,false,false,false,false,false,false
GitHub,relation_test_code_smell_ML,C:\Users\ismak\Documents\GitHub\relation_test_code_smell_ML\dataset\projects\netty\codec-http2\src\test\java\io\netty\handler\codec\http2\DefaultHttp2FrameReaderTest.java,dataset/projects/netty/codec-http2/src/test/java/io/netty/handler/codec/http2/DefaultHttp2FrameReaderTest.java,DefaultHttp2FrameReaderTest.java,DefaultHttp2FrameReaderTest,17,45,88,23,23,0,true,true,false,false,false,false,false,false,false,false
GitHub,relation_test_code_smell_ML,C:\Users\ismak\Documents\GitHub\relation_test_code_smell_ML\dataset\projects\netty\codec-http2\src\test\java\io\netty\handler\codec\http2\DefaultHttp2FrameWriterTest.java,dataset/projects/netty/codec-http2/src/test/java/io/netty/handler/codec/http2/DefaultHttp2FrameWriterTest.java,DefaultHttp2FrameWriterTest.java,DefaultHttp2FrameWriterTest,23,18,147,10,10,0,true,true,false,false,false,false,false,false,false,false
GitHub,relation_test_code_smell_ML,C:\Users\ismak\Documents\GitHub\relation_test_code_smell_ML\dataset\projects\netty\codec-http2\src\test\java\io\netty\handler\codec\http2\DefaultHttp2HeadersDecoderTest.java,dataset/projects/netty/codec-http2/src/test/java/io/netty/handler/codec/http2/DefaultHttp2HeadersDecoderTest.java,DefaultHttp2HeadersDecoderTest.java,DefaultHttp2HeadersDecoderTest,22,26,74,10,10,0,true,true,false,false,false,false,false,false,false,false
GitHub,relation_test_code_smell_ML,C:\Users\ismak\Documents\GitHub\relation_test_code_smell_ML\dataset\projects\netty\codec-http2\src\test\java\io\netty\handler\codec\http2\DefaultHttp2HeadersEncoderTest.java,dataset/projects/netty/codec-http2/src/test/java/io/netty/handler/codec/http2/DefaultHttp2HeadersEncoderTest.java,DefaultHttp2HeadersEncoderTest.java,DefaultHttp2HeadersEncoderTest,11,6,11,2,2,0,true,true,false,false,false,false,false,false,false,false
GitHub,relation_test_code_smell_ML,C:\Users\ismak\Documents\GitHub\relation_test_code_smell_ML\dataset\projects\netty\codec-http2\src\test\java\io\netty\handler\codec\http2\DefaultHttp2HeadersTest.java,dataset/projects/netty/codec-http2/src/test/java/io/netty/handler/codec/http2/DefaultHttp2HeadersTest.java,DefaultHttp2HeadersTest.java,DefaultHttp2HeadersTest,18,21,102,12,12,0,true,true,false,false,false,false,false,false,false,false
GitHub,relation_test_code_smell_ML,C:\Users\ismak\Documents\GitHub\relation_test_code_smell_ML\dataset\projects\netty\codec-http2\src\test\java\io\netty\handler\codec\http2\DefaultHttp2LocalFlowControllerTest.java,dataset/projects/netty/codec-http2/src/test/java/io/netty/handler/codec/http2/DefaultHttp2LocalFlowControllerTest.java,DefaultHttp2LocalFlowControllerTest.java,DefaultHttp2LocalFlowControllerTest,30,37,136,20,19,1,true,true,false,false,false,false,false,false,false,false
GitHub,relation_test_code_smell_ML,C:\Users\ismak\Documents\GitHub\relation_test_code_smell_ML\dataset\projects\netty\codec-http2\src\test\java\io\netty\handler\codec\http2\DefaultHttp2PushPromiseFrameTest.java,dataset/projects/netty/codec-http2/src/test/java/io/netty/handler/codec/http2/DefaultHttp2PushPromiseFrameTest.java,DefaultHttp2PushPromiseFrameTest.java,ClientHandler,23,9,24,1,1,0,true,false,false,false,false,false,false,false,false,false
GitHub,relation_test_code_smell_ML,C:\Users\ismak\Documents\GitHub\relation_test_code_smell_ML\dataset\projects\netty\codec-http2\src\test\java\io\netty\handler\codec\http2\DefaultHttp2RemoteFlowControllerTest.java,dataset/projects/netty/codec-http2/src/test/java/io/netty/handler/codec/http2/DefaultHttp2RemoteFlowControllerTest.java,DefaultHttp2RemoteFlowControllerTest.java,FakeFlowControlled,38,73,610,34,34,0,true,false,false,false,false,false,false,false,false,false
GitHub,relation_test_code_smell_ML,C:\Users\ismak\Documents\GitHub\relation_test_code_smell_ML\dataset\projects\netty\codec-http2\src\test\java\io\netty\handler\codec\http2\H2PrefaceTest.java,dataset/projects/netty/codec-http2/src/test/java/io/netty/handler/codec/http2/H2PrefaceTest.java,H2PrefaceTest.java,StreamRequestResponseListener,23,10,24,0,0,0,true,false,false,false,false,false,false,false,false,false
GitHub,relation_test_code_smell_ML,C:\Users\ismak\Documents\GitHub\relation_test_code_smell_ML\dataset\projects\netty\codec-http2\src\test\java\io\netty\handler\codec\http2\HashCollisionTest.java,dataset/projects/netty/codec-http2/src/test/java/io/netty/handler/codec/http2/HashCollisionTest.java,HashCollisionTest.java,Function,21,10,31,0,0,0,true,false,false,false,false,false,false,false,false,false
GitHub,relation_test_code_smell_ML,C:\Users\ismak\Documents\GitHub\relation_test_code_smell_ML\dataset\projects\netty\codec-http2\src\test\java\io\netty\handler\codec\http2\HpackDecoderTest.java,dataset/projects/netty/codec-http2/src/test/java/io/netty/handler/codec/http2/HpackDecoderTest.java,HpackDecoderTest.java,HpackDecoderTest,28,83,190,46,44,2,true,true,false,false,false,false,false,false,false,false
GitHub,relation_test_code_smell_ML,C:\Users\ismak\Documents\GitHub\relation_test_code_smell_ML\dataset\projects\netty\codec-http2\src\test\java\io\netty\handler\codec\http2\HpackDynamicTableTest.java,dataset/projects/netty/codec-http2/src/test/java/io/netty/handler/codec/http2/HpackDynamicTableTest.java,HpackDynamicTableTest.java,HpackDynamicTableTest,6,9,73,7,7,0,true,true,false,false,false,false,false,false,false,false
GitHub,relation_test_code_smell_ML,C:\Users\ismak\Documents\GitHub\relation_test_code_smell_ML\dataset\projects\netty\codec-http2\src\test\java\io\netty\handler\codec\http2\HpackEncoderTest.java,dataset/projects/netty/codec-http2/src/test/java/io/netty/handler/codec/http2/HpackEncoderTest.java,HpackEncoderTest.java,HpackEncoderTest,13,20,77,10,10,0,true,true,false,false,false,false,false,false,false,false
GitHub,relation_test_code_smell_ML,C:\Users\ismak\Documents\GitHub\relation_test_code_smell_ML\dataset\projects\netty\codec-http2\src\test\java\io\netty\handler\codec\http2\HpackHuffmanTest.java,dataset/projects/netty/codec-http2/src/test/java/io/netty/handler/codec/http2/HpackHuffmanTest.java,HpackHuffmanTest.java,HpackHuffmanTest,11,26,59,11,11,0,true,true,false,false,false,false,false,false,false,false
GitHub,relation_test_code_smell_ML,C:\Users\ismak\Documents\GitHub\relation_test_code_smell_ML\dataset\projects\netty\codec-http2\src\test\java\io\netty\handler\codec\http2\HpackStaticTableTest.java,dataset/projects/netty/codec-http2/src/test/java/io/netty/handler/codec/http2/HpackStaticTableTest.java,HpackStaticTableTest.java,HpackStaticTableTest,3,10,10,10,10,0,true,true,false,false,false,false,false,false,false,false
GitHub,relation_test_code_smell_ML,C:\Users\ismak\Documents\GitHub\relation_test_code_smell_ML\dataset\projects\netty\codec-http2\src\test\java\io\netty\handler\codec\http2\HpackTest.java,dataset/projects/netty/codec-http2/src/test/java/io/netty/handler/codec/http2/HpackTest.java,HpackTest.java,HpackTest,6,2,4,1,0,1,true,true,false,false,false,false,false,false,false,false
GitHub,relation_test_code_smell_ML,C:\Users\ismak\Documents\GitHub\relation_test_code_smell_ML\dataset\projects\netty\codec-http2\src\test\java\io\netty\handler\codec\http2\Http2ClientUpgradeCodecTest.java,dataset/projects/netty/codec-http2/src/test/java/io/netty/handler/codec/http2/Http2ClientUpgradeCodecTest.java,Http2ClientUpgradeCodecTest.java,HttpInboundHandler,11,5,15,5,4,1,true,false,false,false,false,false,false,false,false,false
GitHub,relation_test_code_smell_ML,C:\Users\ismak\Documents\GitHub\relation_test_code_smell_ML\dataset\projects\netty\codec-http2\src\test\java\io\netty\handler\codec\http2\Http2ConnectionHandlerTest.java,dataset/projects/netty/codec-http2/src/test/java/io/netty/handler/codec/http2/Http2ConnectionHandlerTest.java,Http2ConnectionHandlerTest.java,Http2ConnectionHandlerTest,67,68,396,42,42,0,true,true,false,false,false,false,false,false,false,false
GitHub,relation_test_code_smell_ML,C:\Users\ismak\Documents\GitHub\relation_test_code_smell_ML\dataset\projects\netty\codec-http2\src\test\java\io\netty\handler\codec\http2\Http2ConnectionRoundtripTest.java,dataset/projects/netty/codec-http2/src/test/java/io/netty/handler/codec/http2/Http2ConnectionRoundtripTest.java,Http2ConnectionRoundtripTest.java,Http2ConnectionRoundtripTest,69,93,464,21,21,0,true,true,false,false,false,false,false,false,false,false
GitHub,relation_test_code_smell_ML,C:\Users\ismak\Documents\GitHub\relation_test_code_smell_ML\dataset\projects\netty\codec-http2\src\test\java\io\netty\handler\codec\http2\Http2ControlFrameLimitEncoderTest.java,dataset/projects/netty/codec-http2/src/test/java/io/netty/handler/codec/http2/Http2ControlFrameLimitEncoderTest.java,Http2ControlFrameLimitEncoderTest.java,Http2ControlFrameLimitEncoderTest,28,15,87,5,5,0,true,true,false,false,false,false,false,false,false,false
GitHub,relation_test_code_smell_ML,C:\Users\ismak\Documents\GitHub\relation_test_code_smell_ML\dataset\projects\netty\codec-http2\src\test\java\io\netty\handler\codec\http2\Http2DataChunkedInputTest.java,dataset/projects/netty/codec-http2/src/test/java/io/netty/handler/codec/http2/Http2DataChunkedInputTest.java,Http2DataChunkedInputTest.java,Http2DataChunkedInputTest,21,14,23,5,5,0,true,true,false,false,false,false,false,false,false,false
GitHub,relation_test_code_smell_ML,C:\Users\ismak\Documents\GitHub\relation_test_code_smell_ML\dataset\projects\netty\codec-http2\src\test\java\io\netty\handler\codec\http2\Http2DefaultFramesTest.java,dataset/projects/netty/codec-http2/src/test/java/io/netty/handler/codec/http2/Http2DefaultFramesTest.java,Http2DefaultFramesTest.java,TestStreamFrame,6,5,18,4,4,0,true,true,false,false,false,false,false,false,false,false
GitHub,relation_test_code_smell_ML,C:\Users\ismak\Documents\GitHub\relation_test_code_smell_ML\dataset\projects\netty\codec-http2\src\test\java\io\netty\handler\codec\http2\Http2EmptyDataFrameConnectionDecoderTest.java,dataset/projects/netty/codec-http2/src/test/java/io/netty/handler/codec/http2/Http2EmptyDataFrameConnectionDecoderTest.java,Http2EmptyDataFrameConnectionDecoderTest.java,Http2EmptyDataFrameConnectionDecoderTest,0,2,2,0,0,0,true,true,false,false,false,false,false,false,false,false
GitHub,relation_test_code_smell_ML,C:\Users\ismak\Documents\GitHub\relation_test_code_smell_ML\dataset\projects\netty\codec-http2\src\test\java\io\netty\handler\codec\http2\Http2EmptyDataFrameListenerTest.java,dataset/projects/netty/codec-http2/src/test/java/io/netty/handler/codec/http2/Http2EmptyDataFrameListenerTest.java,Http2EmptyDataFrameListenerTest.java,Http2EmptyDataFrameListenerTest,14,11,43,5,5,0,true,true,false,false,false,false,false,false,false,false
GitHub,relation_test_code_smell_ML,C:\Users\ismak\Documents\GitHub\relation_test_code_smell_ML\dataset\projects\netty\codec-http2\src\test\java\io\netty\handler\codec\http2\Http2ExceptionTest.java,dataset/projects/netty/codec-http2/src/test/java/io/netty/handler/codec/http2/Http2ExceptionTest.java,Http2ExceptionTest.java,Http2ExceptionTest,5,3,12,3,3,0,true,true,false,false,false,false,false,false,false,false
GitHub,relation_test_code_smell_ML,C:\Users\ismak\Documents\GitHub\relation_test_code_smell_ML\dataset\projects\netty\codec-http2\src\test\java\io\netty\handler\codec\http2\Http2FrameCodecSubClassTest.java,dataset/projects/netty/codec-http2/src/test/java/io/netty/handler/codec/http2/Http2FrameCodecSubClassTest.java,Http2FrameCodecSubClassTest.java,MyHttp2FrameCodec,1,1,4,1,1,0,true,false,false,false,false,false,false,false,false,false
GitHub,relation_test_code_smell_ML,C:\Users\ismak\Documents\GitHub\relation_test_code_smell_ML\dataset\projects\netty\codec-http2\src\test\java\io\netty\handler\codec\http2\Http2FrameCodecTest.java,dataset/projects/netty/codec-http2/src/test/java/io/netty/handler/codec/http2/Http2FrameCodecTest.java,Http2FrameCodecTest.java,UnknownHttp2Frame,62,61,444,43,43,0,true,false,false,false,false,false,false,false,false,false
GitHub,relation_test_code_smell_ML,C:\Users\ismak\Documents\GitHub\relation_test_code_smell_ML\dataset\projects\netty\codec-http2\src\test\java\io\netty\handler\codec\http2\Http2FrameRoundtripTest.java,dataset/projects/netty/codec-http2/src/test/java/io/netty/handler/codec/http2/Http2FrameRoundtripTest.java,Http2FrameRoundtripTest.java,Http2FrameRoundtripTest,45,43,169,28,28,0,true,true,false,false,false,false,false,false,false,false
GitHub,relation_test_code_smell_ML,C:\Users\ismak\Documents\GitHub\relation_test_code_smell_ML\dataset\projects\netty\codec-http2\src\test\java\io\netty\handler\codec\http2\Http2HeaderBlockIOTest.java,dataset/projects/netty/codec-http2/src/test/java/io/netty/handler/codec/http2/Http2HeaderBlockIOTest.java,Http2HeaderBlockIOTest.java,Http2HeaderBlockIOTest,8,7,20,3,3,0,true,true,false,false,false,false,false,false,false,false
GitHub,relation_test_code_smell_ML,C:\Users\ismak\Documents\GitHub\relation_test_code_smell_ML\dataset\projects\netty\codec-http2\src\test\java\io\netty\handler\codec\http2\Http2HeadersTest.java,dataset/projects/netty/codec-http2/src/test/java/io/netty/handler/codec/http2/Http2HeadersTest.java,Http2HeadersTest.java,Http2HeadersTest,7,3,8,3,3,0,true,true,false,false,false,false,false,false,false,false
GitHub,relation_test_code_smell_ML,C:\Users\ismak\Documents\GitHub\relation_test_code_smell_ML\dataset\projects\netty\codec-http2\src\test\java\io\netty\handler\codec\http2\Http2MaxRstFrameConnectionDecoderTest.java,dataset/projects/netty/codec-http2/src/test/java/io/netty/handler/codec/http2/Http2MaxRstFrameConnectionDecoderTest.java,Http2MaxRstFrameConnectionDecoderTest.java,Http2MaxRstFrameConnectionDecoderTest,0,2,2,0,0,0,true,true,false,false,false,false,false,false,false,false
GitHub,relation_test_code_smell_ML,C:\Users\ismak\Documents\GitHub\relation_test_code_smell_ML\dataset\projects\netty\codec-http2\src\test\java\io\netty\handler\codec\http2\Http2MaxRstFrameLimitEncoderTest.java,dataset/projects/netty/codec-http2/src/test/java/io/netty/handler/codec/http2/Http2MaxRstFrameLimitEncoderTest.java,Http2MaxRstFrameLimitEncoderTest.java,Http2MaxRstFrameLimitEncoderTest,41,10,56,2,0,2,true,true,false,false,false,false,false,false,false,false
GitHub,relation_test_code_smell_ML,C:\Users\ismak\Documents\GitHub\relation_test_code_smell_ML\dataset\projects\netty\codec-http2\src\test\java\io\netty\handler\codec\http2\Http2MaxRstFrameListenerTest.java,dataset/projects/netty/codec-http2/src/test/java/io/netty/handler/codec/http2/Http2MaxRstFrameListenerTest.java,Http2MaxRstFrameListenerTest.java,Http2MaxRstFrameListenerTest,14,3,11,2,2,0,true,true,false,false,false,false,false,false,false,false
GitHub,relation_test_code_smell_ML,C:\Users\ismak\Documents\GitHub\relation_test_code_smell_ML\dataset\projects\netty\codec-http2\src\test\java\io\netty\handler\codec\http2\Http2MultiplexClientUpgradeTest.java,dataset/projects/netty/codec-http2/src/test/java/io/netty/handler/codec/http2/Http2MultiplexClientUpgradeTest.java,Http2MultiplexClientUpgradeTest.java,UpgradeHandler,11,8,21,2,2,0,true,false,false,false,false,false,false,false,false,false
GitHub,relation_test_code_smell_ML,C:\Users\ismak\Documents\GitHub\relation_test_code_smell_ML\dataset\projects\netty\codec-http2\src\test\java\io\netty\handler\codec\http2\Http2MultiplexCodecBuilderTest.java,dataset/projects/netty/codec-http2/src/test/java/io/netty/handler/codec/http2/Http2MultiplexCodecBuilderTest.java,Http2MultiplexCodecBuilderTest.java,UnsharableChannelHandler,31,20,63,4,4,0,true,false,false,false,false,false,false,false,false,false
GitHub,relation_test_code_smell_ML,C:\Users\ismak\Documents\GitHub\relation_test_code_smell_ML\dataset\projects\netty\codec-http2\src\test\java\io\netty\handler\codec\http2\Http2MultiplexCodecClientUpgradeTest.java,dataset/projects/netty/codec-http2/src/test/java/io/netty/handler/codec/http2/Http2MultiplexCodecClientUpgradeTest.java,Http2MultiplexCodecClientUpgradeTest.java,Http2MultiplexCodecClientUpgradeTest,1,2,4,0,0,0,true,true,false,false,false,false,false,false,false,false
GitHub,relation_test_code_smell_ML,C:\Users\ismak\Documents\GitHub\relation_test_code_smell_ML\dataset\projects\netty\codec-http2\src\test\java\io\netty\handler\codec\http2\Http2MultiplexCodecTest.java,dataset/projects/netty/codec-http2/src/test/java/io/netty/handler/codec/http2/Http2MultiplexCodecTest.java,Http2MultiplexCodecTest.java,Http2MultiplexCodecTest,1,5,5,0,0,0,true,true,false,false,false,false,false,false,false,false
GitHub,relation_test_code_smell_ML,C:\Users\ismak\Documents\GitHub\relation_test_code_smell_ML\dataset\projects\netty\codec-http2\src\test\java\io\netty\handler\codec\http2\Http2MultiplexHandlerClientUpgradeTest.java,dataset/projects/netty/codec-http2/src/test/java/io/netty/handler/codec/http2/Http2MultiplexHandlerClientUpgradeTest.java,Http2MultiplexHandlerClientUpgradeTest.java,Http2MultiplexHandlerClientUpgradeTest,1,2,2,0,0,0,true,true,false,false,false,false,false,false,false,false
GitHub,relation_test_code_smell_ML,C:\Users\ismak\Documents\GitHub\relation_test_code_smell_ML\dataset\projects\netty\codec-http2\src\test\java\io\netty\handler\codec\http2\Http2MultiplexHandlerTest.java,dataset/projects/netty/codec-http2/src/test/java/io/netty/handler/codec/http2/Http2MultiplexHandlerTest.java,Http2MultiplexHandlerTest.java,Http2MultiplexHandlerTest,9,11,27,2,2,0,true,true,false,false,false,false,false,false,false,false
GitHub,relation_test_code_smell_ML,C:\Users\ismak\Documents\GitHub\relation_test_code_smell_ML\dataset\projects\netty\codec-http2\src\test\java\io\netty\handler\codec\http2\Http2MultiplexTest.java,dataset/projects/netty/codec-http2/src/test/java/io/netty/handler/codec/http2/Http2MultiplexTest.java,Http2MultiplexTest.java,FlushSniffer,68,115,698,57,57,0,true,false,false,false,false,false,false,false,false,true
GitHub,relation_test_code_smell_ML,C:\Users\ismak\Documents\GitHub\relation_test_code_smell_ML\dataset\projects\netty\codec-http2\src\test\java\io\netty\handler\codec\http2\Http2MultiplexTransportTest.java,dataset/projects/netty/codec-http2/src/test/java/io/netty/handler/codec/http2/Http2MultiplexTransportTest.java,Http2MultiplexTransportTest.java,Http2FrameIgnore,77,62,179,13,11,2,true,false,false,false,false,false,false,false,false,false
GitHub,relation_test_code_smell_ML,C:\Users\ismak\Documents\GitHub\relation_test_code_smell_ML\dataset\projects\netty\codec-http2\src\test\java\io\netty\handler\codec\http2\Http2SecurityUtilTest.java,dataset/projects/netty/codec-http2/src/test/java/io/netty/handler/codec/http2/Http2SecurityUtilTest.java,Http2SecurityUtilTest.java,Http2SecurityUtilTest,10,3,6,3,2,1,true,true,false,false,false,false,false,false,false,false
GitHub,relation_test_code_smell_ML,C:\Users\ismak\Documents\GitHub\relation_test_code_smell_ML\dataset\projects\netty\codec-http2\src\test\java\io\netty\handler\codec\http2\Http2ServerUpgradeCodecTest.java,dataset/projects/netty/codec-http2/src/test/java/io/netty/handler/codec/http2/Http2ServerUpgradeCodecTest.java,Http2ServerUpgradeCodecTest.java,HttpInboundHandler,19,5,31,5,4,1,true,false,false,false,false,false,false,false,false,false
GitHub,relation_test_code_smell_ML,C:\Users\ismak\Documents\GitHub\relation_test_code_smell_ML\dataset\projects\netty\codec-http2\src\test\java\io\netty\handler\codec\http2\Http2SettingsTest.java,dataset/projects/netty/codec-http2/src/test/java/io/netty/handler/codec/http2/Http2SettingsTest.java,Http2SettingsTest.java,Http2SettingsTest,22,34,70,3,3,0,true,true,false,false,false,false,false,false,false,false
GitHub,relation_test_code_smell_ML,C:\Users\ismak\Documents\GitHub\relation_test_code_smell_ML\dataset\projects\netty\codec-http2\src\test\java\io\netty\handler\codec\http2\Http2StreamChannelBootstrapTest.java,dataset/projects/netty/codec-http2/src/test/java/io/netty/handler/codec/http2/Http2StreamChannelBootstrapTest.java,Http2StreamChannelBootstrapTest.java,Http2StreamChannelBootstrapTest,30,9,23,2,2,0,true,true,false,false,false,false,false,false,false,false
GitHub,relation_test_code_smell_ML,C:\Users\ismak\Documents\GitHub\relation_test_code_smell_ML\dataset\projects\netty\codec-http2\src\test\java\io\netty\handler\codec\http2\Http2StreamChannelIdTest.java,dataset/projects/netty/codec-http2/src/test/java/io/netty/handler/codec/http2/Http2StreamChannelIdTest.java,Http2StreamChannelIdTest.java,Http2StreamChannelIdTest,10,1,12,1,1,0,true,true,false,false,false,false,false,false,false,false
GitHub,relation_test_code_smell_ML,C:\Users\ismak\Documents\GitHub\relation_test_code_smell_ML\dataset\projects\netty\codec-http2\src\test\java\io\netty\handler\codec\http2\Http2StreamFrameToHttpObjectCodecTest.java,dataset/projects/netty/codec-http2/src/test/java/io/netty/handler/codec/http2/Http2StreamFrameToHttpObjectCodecTest.java,Http2StreamFrameToHttpObjectCodecTest.java,Http2StreamFrameToHttpObjectCodecTest,43,49,425,43,41,2,true,true,false,false,false,false,false,false,false,false
GitHub,relation_test_code_smell_ML,C:\Users\ismak\Documents\GitHub\relation_test_code_smell_ML\dataset\projects\netty\codec-http2\src\test\java\io\netty\handler\codec\http2\HttpConversionUtilFuzzTest.java,dataset/projects/netty/codec-http2/src/test/java/io/netty/handler/codec/http2/HttpConversionUtilFuzzTest.java,HttpConversionUtilFuzzTest.java,HttpConversionUtilFuzzTest,17,10,43,0,0,0,true,true,false,false,false,false,false,false,false,false
GitHub,relation_test_code_smell_ML,C:\Users\ismak\Documents\GitHub\relation_test_code_smell_ML\dataset\projects\netty\codec-http2\src\test\java\io\netty\handler\codec\http2\HttpConversionUtilTest.java,dataset/projects/netty/codec-http2/src/test/java/io/netty/handler/codec/http2/HttpConversionUtilTest.java,HttpConversionUtilTest.java,HttpConversionUtilTest,26,33,191,30,30,0,true,true,false,false,false,false,false,false,false,false
GitHub,relation_test_code_smell_ML,C:\Users\ismak\Documents\GitHub\relation_test_code_smell_ML\dataset\projects\netty\codec-http2\src\test\java\io\netty\handler\codec\http2\HttpToHttp2ConnectionHandlerTest.java,dataset/projects/netty/codec-http2/src/test/java/io/netty/handler/codec/http2/HttpToHttp2ConnectionHandlerTest.java,HttpToHttp2ConnectionHandlerTest.java,HttpToHttp2ConnectionHandlerTest,60,30,285,17,17,0,true,true,false,false,false,false,false,false,false,false
GitHub,relation_test_code_smell_ML,C:\Users\ismak\Documents\GitHub\relation_test_code_smell_ML\dataset\projects\netty\codec-http2\src\test\java\io\netty\handler\codec\http2\InboundHttp2ToHttpAdapterTest.java,dataset/projects/netty/codec-http2/src/test/java/io/netty/handler/codec/http2/InboundHttp2ToHttpAdapterTest.java,InboundHttp2ToHttpAdapterTest.java,HttpSettingsDelegator,51,53,210,13,13,0,true,false,false,false,false,false,false,false,false,false
GitHub,relation_test_code_smell_ML,C:\Users\ismak\Documents\GitHub\relation_test_code_smell_ML\dataset\projects\netty\codec-http2\src\test\java\io\netty\handler\codec\http2\NativeImageHandlerMetadataTest.java,dataset/projects/netty/codec-http2/src/test/java/io/netty/handler/codec/http2/NativeImageHandlerMetadataTest.java,NativeImageHandlerMetadataTest.java,NativeImageHandlerMetadataTest,2,1,1,1,1,0,true,true,false,false,false,false,false,false,false,false
GitHub,relation_test_code_smell_ML,C:\Users\ismak\Documents\GitHub\relation_test_code_smell_ML\dataset\projects\netty\codec-http2\src\test\java\io\netty\handler\codec\http2\ReadOnlyHttp2HeadersTest.java,dataset/projects/netty/codec-http2/src/test/java/io/netty/handler/codec/http2/ReadOnlyHttp2HeadersTest.java,ReadOnlyHttp2HeadersTest.java,ReadOnlyHttp2HeadersTest,12,45,81,29,26,3,true,true,false,false,false,false,false,false,false,false
GitHub,relation_test_code_smell_ML,C:\Users\ismak\Documents\GitHub\relation_test_code_smell_ML\dataset\projects\netty\codec-http2\src\test\java\io\netty\handler\codec\http2\StreamBufferingEncoderTest.java,dataset/projects/netty/codec-http2/src/test/java/io/netty/handler/codec/http2/StreamBufferingEncoderTest.java,StreamBufferingEncoderTest.java,StreamBufferingEncoderTest,53,34,237,14,13,1,true,true,false,false,false,false,false,false,false,false
GitHub,relation_test_code_smell_ML,C:\Users\ismak\Documents\GitHub\relation_test_code_smell_ML\dataset\projects\netty\codec-http2\src\test\java\io\netty\handler\codec\http2\TestChannelInitializer.java,dataset/projects/netty/codec-http2/src/test/java/io/netty/handler/codec/http2/TestChannelInitializer.java,TestChannelInitializer.java,TestNumReadsRecvByteBufAllocator,10,13,13,0,0,0,true,true,false,false,false,false,false,false,false,false
GitHub,relation_test_code_smell_ML,C:\Users\ismak\Documents\GitHub\relation_test_code_smell_ML\dataset\projects\netty\codec-http2\src\test\java\io\netty\handler\codec\http2\TestHeaderListener.java,dataset/projects/netty/codec-http2/src/test/java/io/netty/handler/codec/http2/TestHeaderListener.java,TestHeaderListener.java,TestHeaderListener,1,1,2,0,0,0,true,true,false,false,false,false,false,false,false,false
GitHub,relation_test_code_smell_ML,C:\Users\ismak\Documents\GitHub\relation_test_code_smell_ML\dataset\projects\netty\codec-http2\src\test\java\io\netty\handler\codec\http2\UniformStreamByteDistributorFlowControllerTest.java,dataset/projects/netty/codec-http2/src/test/java/io/netty/handler/codec/http2/UniformStreamByteDistributorFlowControllerTest.java,UniformStreamByteDistributorFlowControllerTest.java,UniformStreamByteDistributorFlowControllerTest,0,1,1,0,0,0,true,true,false,false,false,false,false,false,false,false
GitHub,relation_test_code_smell_ML,C:\Users\ismak\Documents\GitHub\relation_test_code_smell_ML\dataset\projects\netty\codec-http2\src\test\java\io\netty\handler\codec\http2\UniformStreamByteDistributorTest.java,dataset/projects/netty/codec-http2/src/test/java/io/netty/handler/codec/http2/UniformStreamByteDistributorTest.java,UniformStreamByteDistributorTest.java,UniformStreamByteDistributorTest,30,20,114,7,7,0,true,true,false,false,false,false,false,false,false,false
GitHub,relation_test_code_smell_ML,C:\Users\ismak\Documents\GitHub\relation_test_code_smell_ML\dataset\projects\netty\codec-http2\src\test\java\io\netty\handler\codec\http2\WeightedFairQueueByteDistributorDependencyTreeTest.java,dataset/projects/netty/codec-http2/src/test/java/io/netty/handler/codec/http2/WeightedFairQueueByteDistributorDependencyTreeTest.java,WeightedFairQueueByteDistributorDependencyTreeTest.java,WeightedFairQueueByteDistributorDependencyTreeTest,13,33,499,23,23,0,true,true,false,false,false,false,false,false,false,false
GitHub,relation_test_code_smell_ML,C:\Users\ismak\Documents\GitHub\relation_test_code_smell_ML\dataset\projects\netty\codec-http2\src\test\java\io\netty\handler\codec\http2\WeightedFairQueueByteDistributorTest.java,dataset/projects/netty/codec-http2/src/test/java/io/netty/handler/codec/http2/WeightedFairQueueByteDistributorTest.java,WeightedFairQueueByteDistributorTest.java,WeightedFairQueueByteDistributorTest,24,35,355,23,23,0,true,true,false,false,false,false,false,false,false,false
GitHub,relation_test_code_smell_ML,C:\Users\ismak\Documents\GitHub\relation_test_code_smell_ML\dataset\projects\netty\codec-http2\src\test\java\io\netty\handler\codec\http2\WeightedFairQueueRemoteFlowControllerTest.java,dataset/projects/netty/codec-http2/src/test/java/io/netty/handler/codec/http2/WeightedFairQueueRemoteFlowControllerTest.java,WeightedFairQueueRemoteFlowControllerTest.java,WeightedFairQueueRemoteFlowControllerTest,0,1,1,0,0,0,true,true,false,false,false,false,false,false,false,false
GitHub,relation_test_code_smell_ML,C:\Users\ismak\Documents\GitHub\relation_test_code_smell_ML\dataset\projects\netty\codec-http3\src\test\java\io\netty\handler\codec\http3\AbstractHttp3FrameTypeValidationHandlerTest.java,dataset/projects/netty/codec-http3/src/test/java/io/netty/handler/codec/http3/AbstractHttp3FrameTypeValidationHandlerTest.java,AbstractHttp3FrameTypeValidationHandlerTest.java,AbstractHttp3FrameTypeValidationHandlerTest,22,16,40,4,0,4,true,true,false,false,false,false,false,false,false,false
GitHub,relation_test_code_smell_ML,C:\Users\ismak\Documents\GitHub\relation_test_code_smell_ML\dataset\projects\netty\codec-http3\src\test\java\io\netty\handler\codec\http3\AbtractHttp3ConnectionHandlerTest.java,dataset/projects/netty/codec-http3/src/test/java/io/netty/handler/codec/http3/AbtractHttp3ConnectionHandlerTest.java,AbtractHttp3ConnectionHandlerTest.java,AbtractHttp3ConnectionHandlerTest,7,5,43,3,3,0,true,true,false,false,false,false,false,false,false,false
GitHub,relation_test_code_smell_ML,C:\Users\ismak\Documents\GitHub\relation_test_code_smell_ML\dataset\projects\netty\codec-http3\src\test\java\io\netty\handler\codec\http3\DefaultHttp3SettingsFrameTest.java,dataset/projects/netty/codec-http3/src/test/java/io/netty/handler/codec/http3/DefaultHttp3SettingsFrameTest.java,DefaultHttp3SettingsFrameTest.java,DefaultHttp3SettingsFrameTest,12,10,54,10,10,0,true,true,false,false,false,false,false,false,false,false
GitHub,relation_test_code_smell_ML,C:\Users\ismak\Documents\GitHub\relation_test_code_smell_ML\dataset\projects\netty\codec-http3\src\test\java\io\netty\handler\codec\http3\Http3ClientConnectionHandlerTest.java,dataset/projects/netty/codec-http3/src/test/java/io/netty/handler/codec/http3/Http3ClientConnectionHandlerTest.java,Http3ClientConnectionHandlerTest.java,Http3ClientConnectionHandlerTest,1,2,2,0,0,0,true,true,false,false,false,false,false,false,false,false
GitHub,relation_test_code_smell_ML,C:\Users\ismak\Documents\GitHub\relation_test_code_smell_ML\dataset\projects\netty\codec-http3\src\test\java\io\netty\handler\codec\http3\Http3ControlStreamFrameTypeValidatorTest.java,dataset/projects/netty/codec-http3/src/test/java/io/netty/handler/codec/http3/Http3ControlStreamFrameTypeValidatorTest.java,Http3ControlStreamFrameTypeValidatorTest.java,Http3ControlStreamFrameTypeValidatorTest,0,3,3,0,0,0,true,true,false,false,false,false,false,false,false,false
GitHub,relation_test_code_smell_ML,C:\Users\ismak\Documents\GitHub\relation_test_code_smell_ML\dataset\projects\netty\codec-http3\src\test\java\io\netty\handler\codec\http3\Http3ControlStreamInboundHandlerTest.java,dataset/projects/netty/codec-http3/src/test/java/io/netty/handler/codec/http3/Http3ControlStreamInboundHandlerTest.java,Http3ControlStreamInboundHandlerTest.java,Http3ControlStreamInboundHandlerTest,20,22,73,13,0,13,true,true,false,false,false,false,false,false,false,false
GitHub,relation_test_code_smell_ML,C:\Users\ismak\Documents\GitHub\relation_test_code_smell_ML\dataset\projects\netty\codec-http3\src\test\java\io\netty\handler\codec\http3\Http3ControlStreamOutboundHandlerTest.java,dataset/projects/netty/codec-http3/src/test/java/io/netty/handler/codec/http3/Http3ControlStreamOutboundHandlerTest.java,Http3ControlStreamOutboundHandlerTest.java,Http3ControlStreamOutboundHandlerTest,19,14,55,7,1,6,true,true,false,false,false,false,false,false,false,false
GitHub,relation_test_code_smell_ML,C:\Users\ismak\Documents\GitHub\relation_test_code_smell_ML\dataset\projects\netty\codec-http3\src\test\java\io\netty\handler\codec\http3\Http3FrameCodecTest.java,dataset/projects/netty/codec-http3/src/test/java/io/netty/handler/codec/http3/Http3FrameCodecTest.java,Http3FrameCodecTest.java,Http3FrameCodecTest,39,69,261,54,0,54,true,true,false,false,false,false,false,false,false,false
GitHub,relation_test_code_smell_ML,C:\Users\ismak\Documents\GitHub\relation_test_code_smell_ML\dataset\projects\netty\codec-http3\src\test\java\io\netty\handler\codec\http3\Http3FrameToHttpObjectCodecTest.java,dataset/projects/netty/codec-http3/src/test/java/io/netty/handler/codec/http3/Http3FrameToHttpObjectCodecTest.java,Http3FrameToHttpObjectCodecTest.java,EncodeCombinationsArgumentsProvider,71,49,424,41,40,1,true,false,false,false,false,false,false,false,false,false
GitHub,relation_test_code_smell_ML,C:\Users\ismak\Documents\GitHub\relation_test_code_smell_ML\dataset\projects\netty\codec-http3\src\test\java\io\netty\handler\codec\http3\Http3FrameTypeValidationHandlerTest.java,dataset/projects/netty/codec-http3/src/test/java/io/netty/handler/codec/http3/Http3FrameTypeValidationHandlerTest.java,Http3FrameTypeValidationHandlerTest.java,Http3FrameTypeValidationHandlerTest,5,3,3,0,0,0,true,true,false,false,false,false,false,false,false,false
GitHub,relation_test_code_smell_ML,C:\Users\ismak\Documents\GitHub\relation_test_code_smell_ML\dataset\projects\netty\codec-http3\src\test\java\io\netty\handler\codec\http3\Http3FrameTypeValidatorTest.java,dataset/projects/netty/codec-http3/src/test/java/io/netty/handler/codec/http3/Http3FrameTypeValidatorTest.java,Http3FrameTypeValidatorTest.java,Http3FrameTypeValidatorTest,2,5,2,2,2,0,true,true,false,false,false,false,false,false,false,false
GitHub,relation_test_code_smell_ML,C:\Users\ismak\Documents\GitHub\relation_test_code_smell_ML\dataset\projects\netty\codec-http3\src\test\java\io\netty\handler\codec\http3\Http3HeadersSinkTest.java,dataset/projects/netty/codec-http3/src/test/java/io/netty/handler/codec/http3/Http3HeadersSinkTest.java,Http3HeadersSinkTest.java,Http3HeadersSinkTest,4,20,83,19,19,0,true,true,false,false,false,false,false,false,false,false
GitHub,relation_test_code_smell_ML,C:\Users\ismak\Documents\GitHub\relation_test_code_smell_ML\dataset\projects\netty\codec-http3\src\test\java\io\netty\handler\codec\http3\Http3PushStreamFrameTypeValidatorTest.java,dataset/projects/netty/codec-http3/src/test/java/io/netty/handler/codec/http3/Http3PushStreamFrameTypeValidatorTest.java,Http3PushStreamFrameTypeValidatorTest.java,Http3PushStreamFrameTypeValidatorTest,0,3,3,0,0,0,true,true,false,false,false,false,false,false,false,false
GitHub,relation_test_code_smell_ML,C:\Users\ismak\Documents\GitHub\relation_test_code_smell_ML\dataset\projects\netty\codec-http3\src\test\java\io\netty\handler\codec\http3\Http3PushStreamServerValidationHandlerTest.java,dataset/projects/netty/codec-http3/src/test/java/io/netty/handler/codec/http3/Http3PushStreamServerValidationHandlerTest.java,Http3PushStreamServerValidationHandlerTest.java,Http3PushStreamServerValidationHandlerTest,5,3,3,0,0,0,true,true,false,false,false,false,false,false,false,false
GitHub,relation_test_code_smell_ML,C:\Users\ismak\Documents\GitHub\relation_test_code_smell_ML\dataset\projects\netty\codec-http3\src\test\java\io\netty\handler\codec\http3\Http3PushStreamTest.java,dataset/projects/netty/codec-http3/src/test/java/io/netty/handler/codec/http3/Http3PushStreamTest.java,Http3PushStreamTest.java,Http3PushStreamTest,20,17,64,6,5,1,true,true,false,false,false,false,false,false,false,false
GitHub,relation_test_code_smell_ML,C:\Users\ismak\Documents\GitHub\relation_test_code_smell_ML\dataset\projects\netty\codec-http3\src\test\java\io\netty\handler\codec\http3\Http3RequestStreamFrameTypeValidatorTest.java,dataset/projects/netty/codec-http3/src/test/java/io/netty/handler/codec/http3/Http3RequestStreamFrameTypeValidatorTest.java,Http3RequestStreamFrameTypeValidatorTest.java,Http3RequestStreamFrameTypeValidatorTest,0,3,3,0,0,0,true,true,false,false,false,false,false,false,false,false
GitHub,relation_test_code_smell_ML,C:\Users\ismak\Documents\GitHub\relation_test_code_smell_ML\dataset\projects\netty\codec-http3\src\test\java\io\netty\handler\codec\http3\Http3RequestStreamInboundHandlerTest.java,dataset/projects/netty/codec-http3/src/test/java/io/netty/handler/codec/http3/Http3RequestStreamInboundHandlerTest.java,Http3RequestStreamInboundHandlerTest.java,TestHttp3RequestStreamInboundHandler,10,5,16,1,1,0,true,true,false,false,false,false,false,false,false,false
GitHub,relation_test_code_smell_ML,C:\Users\ismak\Documents\GitHub\relation_test_code_smell_ML\dataset\projects\netty\codec-http3\src\test\java\io\netty\handler\codec\http3\Http3RequestStreamValidationHandlerTest.java,dataset/projects/netty/codec-http3/src/test/java/io/netty/handler/codec/http3/Http3RequestStreamValidationHandlerTest.java,Http3RequestStreamValidationHandlerTest.java,Http3RequestStreamValidationHandlerTest,32,43,184,36,0,36,true,true,false,false,false,false,false,false,false,false
GitHub,relation_test_code_smell_ML,C:\Users\ismak\Documents\GitHub\relation_test_code_smell_ML\dataset\projects\netty\codec-http3\src\test\java\io\netty\handler\codec\http3\Http3ServerConnectionHandlerTest.java,dataset/projects/netty/codec-http3/src/test/java/io/netty/handler/codec/http3/Http3ServerConnectionHandlerTest.java,Http3ServerConnectionHandlerTest.java,Http3ServerConnectionHandlerTest,4,3,3,0,0,0,true,true,false,false,false,false,false,false,false,false
GitHub,relation_test_code_smell_ML,C:\Users\ismak\Documents\GitHub\relation_test_code_smell_ML\dataset\projects\netty\codec-http3\src\test\java\io\netty\handler\codec\http3\Http3ServerPushStreamManagerTest.java,dataset/projects/netty/codec-http3/src/test/java/io/netty/handler/codec/http3/Http3ServerPushStreamManagerTest.java,Http3ServerPushStreamManagerTest.java,PushStreamFactory,25,21,60,8,8,0,true,false,false,false,false,false,false,false,false,false
GitHub,relation_test_code_smell_ML,C:\Users\ismak\Documents\GitHub\relation_test_code_smell_ML\dataset\projects\netty\codec-http3\src\test\java\io\netty\handler\codec\http3\Http3SettingsTest.java,dataset/projects/netty/codec-http3/src/test/java/io/netty/handler/codec/http3/Http3SettingsTest.java,Http3SettingsTest.java,Http3SettingsTest,18,24,134,24,24,0,true,true,false,false,false,false,false,false,false,false
GitHub,relation_test_code_smell_ML,C:\Users\ismak\Documents\GitHub\relation_test_code_smell_ML\dataset\projects\netty\codec-http3\src\test\java\io\netty\handler\codec\http3\Http3UnidirectionalStreamInboundHandlerTest.java,dataset/projects/netty/codec-http3/src/test/java/io/netty/handler/codec/http3/Http3UnidirectionalStreamInboundHandlerTest.java,Http3UnidirectionalStreamInboundHandlerTest.java,CodecHandler,24,17,89,11,0,11,true,false,false,false,false,false,false,false,false,false
GitHub,relation_test_code_smell_ML,C:\Users\ismak\Documents\GitHub\relation_test_code_smell_ML\dataset\projects\netty\codec-http3\src\test\java\io\netty\handler\codec\http3\HttpConversionUtilTest.java,dataset/projects/netty/codec-http3/src/test/java/io/netty/handler/codec/http3/HttpConversionUtilTest.java,HttpConversionUtilTest.java,HttpConversionUtilTest,24,16,106,16,16,0,true,true,false,false,false,false,false,false,false,false
GitHub,relation_test_code_smell_ML,C:\Users\ismak\Documents\GitHub\relation_test_code_smell_ML\dataset\projects\netty\codec-http3\src\test\java\io\netty\handler\codec\http3\QpackDecoderDynamicTableTest.java,dataset/projects/netty/codec-http3/src/test/java/io/netty/handler/codec/http3/QpackDecoderDynamicTableTest.java,QpackDecoderDynamicTableTest.java,QpackDecoderDynamicTableTest,3,7,67,6,6,0,true,true,false,false,false,false,false,false,false,false
GitHub,relation_test_code_smell_ML,C:\Users\ismak\Documents\GitHub\relation_test_code_smell_ML\dataset\projects\netty\codec-http3\src\test\java\io\netty\handler\codec\http3\QpackDecoderHandlerTest.java,dataset/projects/netty/codec-http3/src/test/java/io/netty/handler/codec/http3/QpackDecoderHandlerTest.java,QpackDecoderHandlerTest.java,QpackDecoderHandlerTest,14,27,146,14,14,0,true,true,false,false,false,false,false,false,false,false
GitHub,relation_test_code_smell_ML,C:\Users\ismak\Documents\GitHub\relation_test_code_smell_ML\dataset\projects\netty\codec-http3\src\test\java\io\netty\handler\codec\http3\QpackDecoderTest.java,dataset/projects/netty/codec-http3/src/test/java/io/netty/handler/codec/http3/QpackDecoderTest.java,QpackDecoderTest.java,QpackDecoderTest,17,17,73,3,3,0,true,true,false,false,false,false,false,false,false,false
GitHub,relation_test_code_smell_ML,C:\Users\ismak\Documents\GitHub\relation_test_code_smell_ML\dataset\projects\netty\codec-http3\src\test\java\io\netty\handler\codec\http3\QpackEncoderDecoderTest.java,dataset/projects/netty/codec-http3/src/test/java/io/netty/handler/codec/http3/QpackEncoderDecoderTest.java,QpackEncoderDecoderTest.java,ForwardWriteToReadOnOtherHandler,25,28,257,14,12,2,true,false,false,false,false,false,false,false,false,false
GitHub,relation_test_code_smell_ML,C:\Users\ismak\Documents\GitHub\relation_test_code_smell_ML\dataset\projects\netty\codec-http3\src\test\java\io\netty\handler\codec\http3\QpackEncoderDynamicTableTest.java,dataset/projects/netty/codec-http3/src/test/java/io/netty/handler/codec/http3/QpackEncoderDynamicTableTest.java,QpackEncoderDynamicTableTest.java,QpackEncoderDynamicTableTest,9,24,100,14,14,0,true,true,false,false,false,false,false,false,false,false
GitHub,relation_test_code_smell_ML,C:\Users\ismak\Documents\GitHub\relation_test_code_smell_ML\dataset\projects\netty\codec-http3\src\test\java\io\netty\handler\codec\http3\QpackStaticTableTest.java,dataset/projects/netty/codec-http3/src/test/java/io/netty/handler/codec/http3/QpackStaticTableTest.java,QpackStaticTableTest.java,QpackStaticTableTest,3,5,16,5,5,0,true,true,false,false,false,false,false,false,false,false
GitHub,relation_test_code_smell_ML,C:\Users\ismak\Documents\GitHub\relation_test_code_smell_ML\dataset\projects\netty\codec-http3\src\test\java\io\netty\handler\codec\http3\QpackStreamHandlerTest.java,dataset/projects/netty/codec-http3/src/test/java/io/netty/handler/codec/http3/QpackStreamHandlerTest.java,QpackStreamHandlerTest.java,QpackStreamHandlerTest,7,3,15,3,3,0,true,true,false,false,false,false,false,false,false,false
GitHub,relation_test_code_smell_ML,C:\Users\ismak\Documents\GitHub\relation_test_code_smell_ML\dataset\projects\netty\codec-marshalling\src\test\java\io\netty\handler\codec\marshalling\AbstractCompatibleMarshallingDecoderTest.java,dataset/projects/netty/codec-marshalling/src/test/java/io/netty/handler/codec/marshalling/AbstractCompatibleMarshallingDecoderTest.java,AbstractCompatibleMarshallingDecoderTest.java,AbstractCompatibleMarshallingDecoderTest,15,9,50,3,3,0,true,true,false,false,false,false,false,false,false,false
GitHub,relation_test_code_smell_ML,C:\Users\ismak\Documents\GitHub\relation_test_code_smell_ML\dataset\projects\netty\codec-marshalling\src\test\java\io\netty\handler\codec\marshalling\AbstractCompatibleMarshallingEncoderTest.java,dataset/projects/netty/codec-marshalling/src/test/java/io/netty/handler/codec/marshalling/AbstractCompatibleMarshallingEncoderTest.java,AbstractCompatibleMarshallingEncoderTest.java,AbstractCompatibleMarshallingEncoderTest,11,6,19,1,1,0,true,true,false,false,false,false,false,false,false,false
GitHub,relation_test_code_smell_ML,C:\Users\ismak\Documents\GitHub\relation_test_code_smell_ML\dataset\projects\netty\codec-marshalling\src\test\java\io\netty\handler\codec\marshalling\AbstractMarshallingTest.java,dataset/projects/netty/codec-marshalling/src/test/java/io/netty/handler/codec/marshalling/AbstractMarshallingTest.java,AbstractMarshallingTest.java,AbstractMarshallingTest,7,2,5,0,0,0,true,true,false,false,false,false,false,false,false,false
GitHub,relation_test_code_smell_ML,C:\Users\ismak\Documents\GitHub\relation_test_code_smell_ML\dataset\projects\netty\codec-marshalling\src\test\java\io\netty\handler\codec\marshalling\RiverCompatibleMarshallingDecoderTest.java,dataset/projects/netty/codec-marshalling/src/test/java/io/netty/handler/codec/marshalling/RiverCompatibleMarshallingDecoderTest.java,RiverCompatibleMarshallingDecoderTest.java,RiverCompatibleMarshallingDecoderTest,3,2,4,0,0,0,true,true,false,false,false,false,false,false,false,false
GitHub,relation_test_code_smell_ML,C:\Users\ismak\Documents\GitHub\relation_test_code_smell_ML\dataset\projects\netty\codec-marshalling\src\test\java\io\netty\handler\codec\marshalling\RiverCompatibleMarshallingEncoderTest.java,dataset/projects/netty/codec-marshalling/src/test/java/io/netty/handler/codec/marshalling/RiverCompatibleMarshallingEncoderTest.java,RiverCompatibleMarshallingEncoderTest.java,RiverCompatibleMarshallingEncoderTest,3,2,4,0,0,0,true,true,false,false,false,false,false,false,false,false
GitHub,relation_test_code_smell_ML,C:\Users\ismak\Documents\GitHub\relation_test_code_smell_ML\dataset\projects\netty\codec-marshalling\src\test\java\io\netty\handler\codec\marshalling\RiverContextBoundCompatibleMarshallingDecoderTest.java,dataset/projects/netty/codec-marshalling/src/test/java/io/netty/handler/codec/marshalling/RiverContextBoundCompatibleMarshallingDecoderTest.java,RiverContextBoundCompatibleMarshallingDecoderTest.java,RiverContextBoundCompatibleMarshallingDecoderTest,2,1,1,0,0,0,true,true,false,false,false,false,false,false,false,false
GitHub,relation_test_code_smell_ML,C:\Users\ismak\Documents\GitHub\relation_test_code_smell_ML\dataset\projects\netty\codec-marshalling\src\test\java\io\netty\handler\codec\marshalling\RiverContextBoundMarshallingDecoderTest.java,dataset/projects/netty/codec-marshalling/src/test/java/io/netty/handler/codec/marshalling/RiverContextBoundMarshallingDecoderTest.java,RiverContextBoundMarshallingDecoderTest.java,RiverContextBoundMarshallingDecoderTest,2,1,1,0,0,0,true,true,false,false,false,false,false,false,false,false
GitHub,relation_test_code_smell_ML,C:\Users\ismak\Documents\GitHub\relation_test_code_smell_ML\dataset\projects\netty\codec-marshalling\src\test\java\io\netty\handler\codec\marshalling\RiverMarshallingDecoderTest.java,dataset/projects/netty/codec-marshalling/src/test/java/io/netty/handler/codec/marshalling/RiverMarshallingDecoderTest.java,RiverMarshallingDecoderTest.java,RiverMarshallingDecoderTest,8,3,5,0,0,0,true,true,false,false,false,false,false,false,false,false
GitHub,relation_test_code_smell_ML,C:\Users\ismak\Documents\GitHub\relation_test_code_smell_ML\dataset\projects\netty\codec-marshalling\src\test\java\io\netty\handler\codec\marshalling\RiverMarshallingEncoderTest.java,dataset/projects/netty/codec-marshalling/src/test/java/io/netty/handler/codec/marshalling/RiverMarshallingEncoderTest.java,RiverMarshallingEncoderTest.java,RiverMarshallingEncoderTest,2,2,3,0,0,0,true,true,false,false,false,false,false,false,false,false
GitHub,relation_test_code_smell_ML,C:\Users\ismak\Documents\GitHub\relation_test_code_smell_ML\dataset\projects\netty\codec-marshalling\src\test\java\io\netty\handler\codec\marshalling\RiverThreadLocalCompatibleMarshallingDecoderTest.java,dataset/projects/netty/codec-marshalling/src/test/java/io/netty/handler/codec/marshalling/RiverThreadLocalCompatibleMarshallingDecoderTest.java,RiverThreadLocalCompatibleMarshallingDecoderTest.java,RiverThreadLocalCompatibleMarshallingDecoderTest,2,1,1,0,0,0,true,true,false,false,false,false,false,false,false,false
GitHub,relation_test_code_smell_ML,C:\Users\ismak\Documents\GitHub\relation_test_code_smell_ML\dataset\projects\netty\codec-marshalling\src\test\java\io\netty\handler\codec\marshalling\RiverThreadLocalCompatibleMarshallingEncoderTest.java,dataset/projects/netty/codec-marshalling/src/test/java/io/netty/handler/codec/marshalling/RiverThreadLocalCompatibleMarshallingEncoderTest.java,RiverThreadLocalCompatibleMarshallingEncoderTest.java,RiverThreadLocalCompatibleMarshallingEncoderTest,0,1,1,0,0,0,true,true,false,false,false,false,false,false,false,false
GitHub,relation_test_code_smell_ML,C:\Users\ismak\Documents\GitHub\relation_test_code_smell_ML\dataset\projects\netty\codec-marshalling\src\test\java\io\netty\handler\codec\marshalling\RiverThreadLocalMarshallingDecoderTest.java,dataset/projects/netty/codec-marshalling/src/test/java/io/netty/handler/codec/marshalling/RiverThreadLocalMarshallingDecoderTest.java,RiverThreadLocalMarshallingDecoderTest.java,RiverThreadLocalMarshallingDecoderTest,2,1,1,0,0,0,true,true,false,false,false,false,false,false,false,false
GitHub,relation_test_code_smell_ML,C:\Users\ismak\Documents\GitHub\relation_test_code_smell_ML\dataset\projects\netty\codec-marshalling\src\test\java\io\netty\handler\codec\marshalling\RiverThreadLocalMarshallingEncoderTest.java,dataset/projects/netty/codec-marshalling/src/test/java/io/netty/handler/codec/marshalling/RiverThreadLocalMarshallingEncoderTest.java,RiverThreadLocalMarshallingEncoderTest.java,RiverThreadLocalMarshallingEncoderTest,0,1,1,0,0,0,true,true,false,false,false,false,false,false,false,false
GitHub,relation_test_code_smell_ML,C:\Users\ismak\Documents\GitHub\relation_test_code_smell_ML\dataset\projects\netty\codec-marshalling\src\test\java\io\netty\handler\codec\marshalling\SerialCompatibleMarshallingDecoderTest.java,dataset/projects/netty/codec-marshalling/src/test/java/io/netty/handler/codec/marshalling/SerialCompatibleMarshallingDecoderTest.java,SerialCompatibleMarshallingDecoderTest.java,SerialCompatibleMarshallingDecoderTest,3,2,4,0,0,0,true,true,false,false,false,false,false,false,false,false
GitHub,relation_test_code_smell_ML,C:\Users\ismak\Documents\GitHub\relation_test_code_smell_ML\dataset\projects\netty\codec-marshalling\src\test\java\io\netty\handler\codec\marshalling\SerialCompatibleMarshallingEncoderTest.java,dataset/projects/netty/codec-marshalling/src/test/java/io/netty/handler/codec/marshalling/SerialCompatibleMarshallingEncoderTest.java,SerialCompatibleMarshallingEncoderTest.java,SerialCompatibleMarshallingEncoderTest,3,2,4,0,0,0,true,true,false,false,false,false,false,false,false,false
GitHub,relation_test_code_smell_ML,C:\Users\ismak\Documents\GitHub\relation_test_code_smell_ML\dataset\projects\netty\codec-marshalling\src\test\java\io\netty\handler\codec\marshalling\SerialContextBoundCompatibleMarshallingDecoderTest.java,dataset/projects/netty/codec-marshalling/src/test/java/io/netty/handler/codec/marshalling/SerialContextBoundCompatibleMarshallingDecoderTest.java,SerialContextBoundCompatibleMarshallingDecoderTest.java,SerialContextBoundCompatibleMarshallingDecoderTest,2,1,1,0,0,0,true,true,false,false,false,false,false,false,false,false
GitHub,relation_test_code_smell_ML,C:\Users\ismak\Documents\GitHub\relation_test_code_smell_ML\dataset\projects\netty\codec-marshalling\src\test\java\io\netty\handler\codec\marshalling\SerialContextBoundMarshallingDecoderTest.java,dataset/projects/netty/codec-marshalling/src/test/java/io/netty/handler/codec/marshalling/SerialContextBoundMarshallingDecoderTest.java,SerialContextBoundMarshallingDecoderTest.java,SerialContextBoundMarshallingDecoderTest,2,1,1,0,0,0,true,true,false,false,false,false,false,false,false,false
GitHub,relation_test_code_smell_ML,C:\Users\ismak\Documents\GitHub\relation_test_code_smell_ML\dataset\projects\netty\codec-marshalling\src\test\java\io\netty\handler\codec\marshalling\SerialMarshallingDecoderTest.java,dataset/projects/netty/codec-marshalling/src/test/java/io/netty/handler/codec/marshalling/SerialMarshallingDecoderTest.java,SerialMarshallingDecoderTest.java,SerialMarshallingDecoderTest,8,3,5,0,0,0,true,true,false,false,false,false,false,false,false,false
GitHub,relation_test_code_smell_ML,C:\Users\ismak\Documents\GitHub\relation_test_code_smell_ML\dataset\projects\netty\codec-marshalling\src\test\java\io\netty\handler\codec\marshalling\SerialMarshallingEncoderTest.java,dataset/projects/netty/codec-marshalling/src/test/java/io/netty/handler/codec/marshalling/SerialMarshallingEncoderTest.java,SerialMarshallingEncoderTest.java,SerialMarshallingEncoderTest,2,2,3,0,0,0,true,true,false,false,false,false,false,false,false,false
GitHub,relation_test_code_smell_ML,C:\Users\ismak\Documents\GitHub\relation_test_code_smell_ML\dataset\projects\netty\codec-marshalling\src\test\java\io\netty\handler\codec\marshalling\SerialThreadLocalCompatibleMarshallingDecoderTest.java,dataset/projects/netty/codec-marshalling/src/test/java/io/netty/handler/codec/marshalling/SerialThreadLocalCompatibleMarshallingDecoderTest.java,SerialThreadLocalCompatibleMarshallingDecoderTest.java,SerialThreadLocalCompatibleMarshallingDecoderTest,2,1,1,0,0,0,true,true,false,false,false,false,false,false,false,false
GitHub,relation_test_code_smell_ML,C:\Users\ismak\Documents\GitHub\relation_test_code_smell_ML\dataset\projects\netty\codec-marshalling\src\test\java\io\netty\handler\codec\marshalling\SerialThreadLocalCompatibleMarshallingEncoderTest.java,dataset/projects/netty/codec-marshalling/src/test/java/io/netty/handler/codec/marshalling/SerialThreadLocalCompatibleMarshallingEncoderTest.java,SerialThreadLocalCompatibleMarshallingEncoderTest.java,SerialThreadLocalCompatibleMarshallingEncoderTest,0,1,1,0,0,0,true,true,false,false,false,false,false,false,false,false
GitHub,relation_test_code_smell_ML,C:\Users\ismak\Documents\GitHub\relation_test_code_smell_ML\dataset\projects\netty\codec-marshalling\src\test\java\io\netty\handler\codec\marshalling\SerialThreadLocalMarshallingDecoderTest.java,dataset/projects/netty/codec-marshalling/src/test/java/io/netty/handler/codec/marshalling/SerialThreadLocalMarshallingDecoderTest.java,SerialThreadLocalMarshallingDecoderTest.java,SerialThreadLocalMarshallingDecoderTest,2,1,1,0,0,0,true,true,false,false,false,false,false,false,false,false
GitHub,relation_test_code_smell_ML,C:\Users\ismak\Documents\GitHub\relation_test_code_smell_ML\dataset\projects\netty\codec-marshalling\src\test\java\io\netty\handler\codec\marshalling\SerialThreadLocalMarshallingEncoderTest.java,dataset/projects/netty/codec-marshalling/src/test/java/io/netty/handler/codec/marshalling/SerialThreadLocalMarshallingEncoderTest.java,SerialThreadLocalMarshallingEncoderTest.java,SerialThreadLocalMarshallingEncoderTest,0,1,1,0,0,0,true,true,false,false,false,false,false,false,false,false
GitHub,relation_test_code_smell_ML,C:\Users\ismak\Documents\GitHub\relation_test_code_smell_ML\dataset\projects\netty\codec-memcache\src\test\java\io\netty\handler\codec\memcache\binary\BinaryMemcacheDecoderTest.java,dataset/projects/netty/codec-memcache/src/test/java/io/netty/handler/codec/memcache/binary/BinaryMemcacheDecoderTest.java,BinaryMemcacheDecoderTest.java,BinaryMemcacheDecoderTest,15,8,101,6,6,0,true,true,false,false,false,false,false,false,false,false
GitHub,relation_test_code_smell_ML,C:\Users\ismak\Documents\GitHub\relation_test_code_smell_ML\dataset\projects\netty\codec-memcache\src\test\java\io\netty\handler\codec\memcache\binary\BinaryMemcacheEncoderTest.java,dataset/projects/netty/codec-memcache/src/test/java/io/netty/handler/codec/memcache/binary/BinaryMemcacheEncoderTest.java,BinaryMemcacheEncoderTest.java,BinaryMemcacheEncoderTest,14,9,66,6,6,0,true,true,false,false,false,false,false,false,false,false
GitHub,relation_test_code_smell_ML,C:\Users\ismak\Documents\GitHub\relation_test_code_smell_ML\dataset\projects\netty\codec-memcache\src\test\java\io\netty\handler\codec\memcache\binary\BinaryMemcacheMessageTest.java,dataset/projects/netty/codec-memcache/src/test/java/io/netty/handler/codec/memcache/binary/BinaryMemcacheMessageTest.java,BinaryMemcacheMessageTest.java,BinaryMemcacheMessageTest,5,2,9,2,1,1,true,true,false,false,false,false,false,false,false,false
GitHub,relation_test_code_smell_ML,C:\Users\ismak\Documents\GitHub\relation_test_code_smell_ML\dataset\projects\netty\codec-memcache\src\test\java\io\netty\handler\codec\memcache\binary\BinaryMemcacheObjectAggregatorTest.java,dataset/projects/netty/codec-memcache/src/test/java/io/netty/handler/codec/memcache/binary/BinaryMemcacheObjectAggregatorTest.java,BinaryMemcacheObjectAggregatorTest.java,BinaryMemcacheObjectAggregatorTest,13,2,34,2,2,0,true,true,false,false,false,false,false,false,false,false
GitHub,relation_test_code_smell_ML,C:\Users\ismak\Documents\GitHub\relation_test_code_smell_ML\dataset\projects\netty\codec-memcache\src\test\java\io\netty\handler\codec\memcache\binary\DefaultFullBinaryMemcacheRequestTest.java,dataset/projects/netty/codec-memcache/src/test/java/io/netty/handler/codec/memcache/binary/DefaultFullBinaryMemcacheRequestTest.java,DefaultFullBinaryMemcacheRequestTest.java,DefaultFullBinaryMemcacheRequestTest,7,5,30,3,3,0,true,true,false,false,false,false,false,false,false,false
GitHub,relation_test_code_smell_ML,C:\Users\ismak\Documents\GitHub\relation_test_code_smell_ML\dataset\projects\netty\codec-memcache\src\test\java\io\netty\handler\codec\memcache\binary\DefaultFullBinaryMemcacheResponseTest.java,dataset/projects/netty/codec-memcache/src/test/java/io/netty/handler/codec/memcache/binary/DefaultFullBinaryMemcacheResponseTest.java,DefaultFullBinaryMemcacheResponseTest.java,DefaultFullBinaryMemcacheResponseTest,7,5,29,3,3,0,true,true,false,false,false,false,false,false,false,false
GitHub,relation_test_code_smell_ML,C:\Users\ismak\Documents\GitHub\relation_test_code_smell_ML\dataset\projects\netty\codec-memcache\src\test\java\io\netty\handler\codec\memcache\binary\FullMemcacheMessageRequestTest.java,dataset/projects/netty/codec-memcache/src/test/java/io/netty/handler/codec/memcache/binary/FullMemcacheMessageRequestTest.java,FullMemcacheMessageRequestTest.java,FullMemcacheMessageRequestTest,10,3,14,1,1,0,true,true,false,false,false,false,false,false,false,false
GitHub,relation_test_code_smell_ML,C:\Users\ismak\Documents\GitHub\relation_test_code_smell_ML\dataset\projects\netty\codec-memcache\src\test\java\io\netty\handler\codec\memcache\binary\FullMemcacheMessageResponseTest.java,dataset/projects/netty/codec-memcache/src/test/java/io/netty/handler/codec/memcache/binary/FullMemcacheMessageResponseTest.java,FullMemcacheMessageResponseTest.java,FullMemcacheMessageResponseTest,10,3,14,1,1,0,true,true,false,false,false,false,false,false,false,false
GitHub,relation_test_code_smell_ML,C:\Users\ismak\Documents\GitHub\relation_test_code_smell_ML\dataset\projects\netty\codec-memcache\src\test\java\io\netty\handler\codec\memcache\binary\NativeImageHandlerMetadataTest.java,dataset/projects/netty/codec-memcache/src/test/java/io/netty/handler/codec/memcache/binary/NativeImageHandlerMetadataTest.java,NativeImageHandlerMetadataTest.java,NativeImageHandlerMetadataTest,2,1,1,1,1,0,true,true,false,false,false,false,false,false,false,false
GitHub,relation_test_code_smell_ML,C:\Users\ismak\Documents\GitHub\relation_test_code_smell_ML\dataset\projects\netty\codec-mqtt\src\test\java\io\netty\handler\codec\mqtt\MqttCodecTest.java,dataset/projects/netty/codec-mqtt/src/test/java/io/netty/handler/codec/mqtt/MqttCodecTest.java,MqttCodecTest.java,MqttCodecTest,54,98,581,67,65,2,true,true,false,false,false,false,false,false,false,true
GitHub,relation_test_code_smell_ML,C:\Users\ismak\Documents\GitHub\relation_test_code_smell_ML\dataset\projects\netty\codec-mqtt\src\test\java\io\netty\handler\codec\mqtt\MqttConnectPayloadTest.java,dataset/projects/netty/codec-mqtt/src/test/java/io/netty/handler/codec/mqtt/MqttConnectPayloadTest.java,MqttConnectPayloadTest.java,MqttConnectPayloadTest,4,5,38,5,5,0,true,true,false,false,false,false,false,false,false,false
GitHub,relation_test_code_smell_ML,C:\Users\ismak\Documents\GitHub\relation_test_code_smell_ML\dataset\projects\netty\codec-mqtt\src\test\java\io\netty\handler\codec\mqtt\MqttMessageBuildersPacketIdTest.java,dataset/projects/netty/codec-mqtt/src/test/java/io/netty/handler/codec/mqtt/MqttMessageBuildersPacketIdTest.java,MqttMessageBuildersPacketIdTest.java,MqttMessageBuildersPacketIdTest,4,7,13,6,0,6,true,true,false,false,false,false,false,false,false,false
GitHub,relation_test_code_smell_ML,C:\Users\ismak\Documents\GitHub\relation_test_code_smell_ML\dataset\projects\netty\codec-mqtt\src\test\java\io\netty\handler\codec\mqtt\MqttMessageBuildersTest.java,dataset/projects/netty/codec-mqtt/src/test/java/io/netty/handler/codec/mqtt/MqttMessageBuildersTest.java,MqttMessageBuildersTest.java,MqttMessageBuildersTest,3,2,5,1,1,0,true,true,false,false,false,false,false,false,false,false
GitHub,relation_test_code_smell_ML,C:\Users\ismak\Documents\GitHub\relation_test_code_smell_ML\dataset\projects\netty\codec-mqtt\src\test\java\io\netty\handler\codec\mqtt\MqttMessageFactoryTest.java,dataset/projects/netty/codec-mqtt/src/test/java/io/netty/handler/codec/mqtt/MqttMessageFactoryTest.java,MqttMessageFactoryTest.java,MqttMessageFactoryTest,9,6,75,6,6,0,true,true,false,false,false,false,false,false,false,false
GitHub,relation_test_code_smell_ML,C:\Users\ismak\Documents\GitHub\relation_test_code_smell_ML\dataset\projects\netty\codec-mqtt\src\test\java\io\netty\handler\codec\mqtt\MqttPropertiesTest.java,dataset/projects/netty/codec-mqtt/src/test/java/io/netty/handler/codec/mqtt/MqttPropertiesTest.java,MqttPropertiesTest.java,MqttPropertiesTest,11,6,50,5,5,0,true,true,false,false,false,false,false,false,false,false
GitHub,relation_test_code_smell_ML,C:\Users\ismak\Documents\GitHub\relation_test_code_smell_ML\dataset\projects\netty\codec-mqtt\src\test\java\io\netty\handler\codec\mqtt\MqttReasonCodesTest.java,dataset/projects/netty/codec-mqtt/src/test/java/io/netty/handler/codec/mqtt/MqttReasonCodesTest.java,MqttReasonCodesTest.java,MqttReasonCodesTest,12,9,9,9,9,0,true,true,false,false,false,false,false,false,false,false
GitHub,relation_test_code_smell_ML,C:\Users\ismak\Documents\GitHub\relation_test_code_smell_ML\dataset\projects\netty\codec-mqtt\src\test\java\io\netty\handler\codec\mqtt\NativeImageHandlerMetadataTest.java,dataset/projects/netty/codec-mqtt/src/test/java/io/netty/handler/codec/mqtt/NativeImageHandlerMetadataTest.java,NativeImageHandlerMetadataTest.java,NativeImageHandlerMetadataTest,2,1,1,1,1,0,true,true,false,false,false,false,false,false,false,false
GitHub,relation_test_code_smell_ML,C:\Users\ismak\Documents\GitHub\relation_test_code_smell_ML\dataset\projects\netty\codec-native-quic\src\test\java\io\netty\handler\codec\quic\AbstractQuicTest.java,dataset/projects/netty/codec-native-quic/src/test/java/io/netty/handler/codec/quic/AbstractQuicTest.java,AbstractQuicTest.java,AbstractQuicTest,6,3,3,0,0,0,true,true,false,false,false,false,false,false,false,false
GitHub,relation_test_code_smell_ML,C:\Users\ismak\Documents\GitHub\relation_test_code_smell_ML\dataset\projects\netty\codec-native-quic\src\test\java\io\netty\handler\codec\quic\FlushStrategyTest.java,dataset/projects/netty/codec-native-quic/src/test/java/io/netty/handler/codec/quic/FlushStrategyTest.java,FlushStrategyTest.java,FlushStrategyTest,3,2,6,2,2,0,true,true,false,false,false,false,false,false,false,false
GitHub,relation_test_code_smell_ML,C:\Users\ismak\Documents\GitHub\relation_test_code_smell_ML\dataset\projects\netty\codec-native-quic\src\test\java\io\netty\handler\codec\quic\InsecureQuicTokenHandlerTest.java,dataset/projects/netty/codec-native-quic/src/test/java/io/netty/handler/codec/quic/InsecureQuicTokenHandlerTest.java,InsecureQuicTokenHandlerTest.java,InsecureQuicTokenHandlerTest,10,4,8,4,3,1,true,true,false,false,false,false,false,false,false,false
GitHub,relation_test_code_smell_ML,C:\Users\ismak\Documents\GitHub\relation_test_code_smell_ML\dataset\projects\netty\codec-native-quic\src\test\java\io\netty\handler\codec\quic\NoQuicTokenHandlerTest.java,dataset/projects/netty/codec-native-quic/src/test/java/io/netty/handler/codec/quic/NoQuicTokenHandlerTest.java,NoQuicTokenHandlerTest.java,NoQuicTokenHandlerTest,8,3,6,3,3,0,true,true,false,false,false,false,false,false,false,false
GitHub,relation_test_code_smell_ML,C:\Users\ismak\Documents\GitHub\relation_test_code_smell_ML\dataset\projects\netty\codec-native-quic\src\test\java\io\netty\handler\codec\quic\QuicChannelConnectTest.java,dataset/projects/netty/codec-native-quic/src/test/java/io/netty/handler/codec/quic/QuicChannelConnectTest.java,QuicChannelConnectTest.java,TestX509TrustManager,78,127,347,51,0,51,true,true,false,false,false,false,false,false,false,true
GitHub,relation_test_code_smell_ML,C:\Users\ismak\Documents\GitHub\relation_test_code_smell_ML\dataset\projects\netty\codec-native-quic\src\test\java\io\netty\handler\codec\quic\QuicChannelDatagramTest.java,dataset/projects/netty/codec-native-quic/src/test/java/io/netty/handler/codec/quic/QuicChannelDatagramTest.java,QuicChannelDatagramTest.java,QuicChannelDatagramTest,24,21,48,8,0,8,true,true,false,false,false,false,false,false,false,false
GitHub,relation_test_code_smell_ML,C:\Users\ismak\Documents\GitHub\relation_test_code_smell_ML\dataset\projects\netty\codec-native-quic\src\test\java\io\netty\handler\codec\quic\QuicChannelEchoTest.java,dataset/projects/netty/codec-native-quic/src/test/java/io/netty/handler/codec/quic/QuicChannelEchoTest.java,QuicChannelEchoTest.java,EchoHandler,30,27,67,2,0,2,true,false,false,false,false,false,false,false,false,false
GitHub,relation_test_code_smell_ML,C:\Users\ismak\Documents\GitHub\relation_test_code_smell_ML\dataset\projects\netty\codec-native-quic\src\test\java\io\netty\handler\codec\quic\QuicCodecBuilderTest.java,dataset/projects/netty/codec-native-quic/src/test/java/io/netty/handler/codec/quic/QuicCodecBuilderTest.java,QuicCodecBuilderTest.java,TestQuicCodecBuilder,7,5,11,1,1,0,true,true,false,false,false,false,false,false,false,false
GitHub,relation_test_code_smell_ML,C:\Users\ismak\Documents\GitHub\relation_test_code_smell_ML\dataset\projects\netty\codec-native-quic\src\test\java\io\netty\handler\codec\quic\QuicCodecDispatcherTest.java,dataset/projects/netty/codec-native-quic/src/test/java/io/netty/handler/codec/quic/QuicCodecDispatcherTest.java,QuicCodecDispatcherTest.java,QuicCodecDispatcherTest,14,4,19,1,1,0,true,true,false,false,false,false,false,false,false,false
GitHub,relation_test_code_smell_ML,C:\Users\ismak\Documents\GitHub\relation_test_code_smell_ML\dataset\projects\netty\codec-native-quic\src\test\java\io\netty\handler\codec\quic\QuicConnectionAddressTest.java,dataset/projects/netty/codec-native-quic/src/test/java/io/netty/handler/codec/quic/QuicConnectionAddressTest.java,QuicConnectionAddressTest.java,QuicConnectionAddressTest,6,4,15,4,4,0,true,true,false,false,false,false,false,false,false,false
GitHub,relation_test_code_smell_ML,C:\Users\ismak\Documents\GitHub\relation_test_code_smell_ML\dataset\projects\netty\codec-native-quic\src\test\java\io\netty\handler\codec\quic\QuicConnectionIdGeneratorTest.java,dataset/projects/netty/codec-native-quic/src/test/java/io/netty/handler/codec/quic/QuicConnectionIdGeneratorTest.java,QuicConnectionIdGeneratorTest.java,QuicConnectionIdGeneratorTest,7,4,39,4,4,0,true,true,false,false,false,false,false,false,false,false
GitHub,relation_test_code_smell_ML,C:\Users\ismak\Documents\GitHub\relation_test_code_smell_ML\dataset\projects\netty\codec-native-quic\src\test\java\io\netty\handler\codec\quic\QuicConnectionPathStatsTest.java,dataset/projects/netty/codec-native-quic/src/test/java/io/netty/handler/codec/quic/QuicConnectionPathStatsTest.java,QuicConnectionPathStatsTest.java,QuicConnectionPathStatsTest,15,9,26,1,0,1,true,true,false,false,false,false,false,false,false,false
GitHub,relation_test_code_smell_ML,C:\Users\ismak\Documents\GitHub\relation_test_code_smell_ML\dataset\projects\netty\codec-native-quic\src\test\java\io\netty\handler\codec\quic\QuicConnectionStatsTest.java,dataset/projects/netty/codec-native-quic/src/test/java/io/netty/handler/codec/quic/QuicConnectionStatsTest.java,QuicConnectionStatsTest.java,QuicConnectionStatsTest,15,10,28,1,0,1,true,true,false,false,false,false,false,false,false,false
GitHub,relation_test_code_smell_ML,C:\Users\ismak\Documents\GitHub\relation_test_code_smell_ML\dataset\projects\netty\codec-native-quic\src\test\java\io\netty\handler\codec\quic\QuicheQuicClientCodecTest.java,dataset/projects/netty/codec-native-quic/src/test/java/io/netty/handler/codec/quic/QuicheQuicClientCodecTest.java,QuicheQuicClientCodecTest.java,QuicheQuicClientCodecTest,1,1,1,0,0,0,true,true,false,false,false,false,false,false,false,false
GitHub,relation_test_code_smell_ML,C:\Users\ismak\Documents\GitHub\relation_test_code_smell_ML\dataset\projects\netty\codec-native-quic\src\test\java\io\netty\handler\codec\quic\QuicheQuicCodecTest.java,dataset/projects/netty/codec-native-quic/src/test/java/io/netty/handler/codec/quic/QuicheQuicCodecTest.java,QuicheQuicCodecTest.java,QuicheQuicCodecTest,13,6,32,4,3,1,true,true,false,false,false,false,false,false,false,false
GitHub,relation_test_code_smell_ML,C:\Users\ismak\Documents\GitHub\relation_test_code_smell_ML\dataset\projects\netty\codec-native-quic\src\test\java\io\netty\handler\codec\quic\QuicheQuicServerCodecTest.java,dataset/projects/netty/codec-native-quic/src/test/java/io/netty/handler/codec/quic/QuicheQuicServerCodecTest.java,QuicheQuicServerCodecTest.java,QuicheQuicServerCodecTest,2,1,1,0,0,0,true,true,false,false,false,false,false,false,false,false
GitHub,relation_test_code_smell_ML,C:\Users\ismak\Documents\GitHub\relation_test_code_smell_ML\dataset\projects\netty\codec-native-quic\src\test\java\io\netty\handler\codec\quic\QuicPortReuseTest.java,dataset/projects/netty/codec-native-quic/src/test/java/io/netty/handler/codec/quic/QuicPortReuseTest.java,QuicPortReuseTest.java,QuicPortReuseTest,18,5,20,1,0,1,true,true,false,false,false,false,false,false,false,false
GitHub,relation_test_code_smell_ML,C:\Users\ismak\Documents\GitHub\relation_test_code_smell_ML\dataset\projects\netty\codec-native-quic\src\test\java\io\netty\handler\codec\quic\QuicReadableTest.java,dataset/projects/netty/codec-native-quic/src/test/java/io/netty/handler/codec/quic/QuicReadableTest.java,QuicReadableTest.java,QuicReadableTest,13,8,25,1,0,1,true,true,false,false,false,false,false,false,false,false
GitHub,relation_test_code_smell_ML,C:\Users\ismak\Documents\GitHub\relation_test_code_smell_ML\dataset\projects\netty\codec-native-quic\src\test\java\io\netty\handler\codec\quic\QuicSslContextTest.java,dataset/projects/netty/codec-native-quic/src/test/java/io/netty/handler/codec/quic/QuicSslContextTest.java,QuicSslContextTest.java,QuicSslContextTest,13,9,24,3,2,1,true,true,false,false,false,false,false,false,false,false
GitHub,relation_test_code_smell_ML,C:\Users\ismak\Documents\GitHub\relation_test_code_smell_ML\dataset\projects\netty\codec-native-quic\src\test\java\io\netty\handler\codec\quic\QuicStreamChannelCloseTest.java,dataset/projects/netty/codec-native-quic/src/test/java/io/netty/handler/codec/quic/QuicStreamChannelCloseTest.java,QuicStreamChannelCloseTest.java,StreamHandler,17,21,34,15,0,15,true,false,false,false,false,false,false,false,false,false
GitHub,relation_test_code_smell_ML,C:\Users\ismak\Documents\GitHub\relation_test_code_smell_ML\dataset\projects\netty\codec-native-quic\src\test\java\io\netty\handler\codec\quic\QuicStreamChannelCreationTest.java,dataset/projects/netty/codec-native-quic/src/test/java/io/netty/handler/codec/quic/QuicStreamChannelCreationTest.java,QuicStreamChannelCreationTest.java,QuicStreamChannelCreationTest,12,5,19,2,0,2,true,true,false,false,false,false,false,false,false,false
GitHub,relation_test_code_smell_ML,C:\Users\ismak\Documents\GitHub\relation_test_code_smell_ML\dataset\projects\netty\codec-native-quic\src\test\java\io\netty\handler\codec\quic\QuicStreamFrameTest.java,dataset/projects/netty/codec-native-quic/src/test/java/io/netty/handler/codec/quic/QuicStreamFrameTest.java,QuicStreamFrameTest.java,StreamHandler,12,10,24,3,0,3,true,false,false,false,false,false,false,false,false,false
GitHub,relation_test_code_smell_ML,C:\Users\ismak\Documents\GitHub\relation_test_code_smell_ML\dataset\projects\netty\codec-native-quic\src\test\java\io\netty\handler\codec\quic\QuicStreamHalfClosureTest.java,dataset/projects/netty/codec-native-quic/src/test/java/io/netty/handler/codec/quic/QuicStreamHalfClosureTest.java,QuicStreamHalfClosureTest.java,StreamHandler,15,11,25,3,0,3,true,false,false,false,false,false,false,false,false,false
GitHub,relation_test_code_smell_ML,C:\Users\ismak\Documents\GitHub\relation_test_code_smell_ML\dataset\projects\netty\codec-native-quic\src\test\java\io\netty\handler\codec\quic\QuicStreamIdGeneratorTest.java,dataset/projects/netty/codec-native-quic/src/test/java/io/netty/handler/codec/quic/QuicStreamIdGeneratorTest.java,QuicStreamIdGeneratorTest.java,QuicStreamIdGeneratorTest,2,2,12,2,2,0,true,true,false,false,false,false,false,false,false,false
GitHub,relation_test_code_smell_ML,C:\Users\ismak\Documents\GitHub\relation_test_code_smell_ML\dataset\projects\netty\codec-native-quic\src\test\java\io\netty\handler\codec\quic\QuicStreamLimitTest.java,dataset/projects/netty/codec-native-quic/src/test/java/io/netty/handler/codec/quic/QuicStreamLimitTest.java,QuicStreamLimitTest.java,QuicStreamLimitTest,14,11,28,6,0,6,true,true,false,false,false,false,false,false,false,false
GitHub,relation_test_code_smell_ML,C:\Users\ismak\Documents\GitHub\relation_test_code_smell_ML\dataset\projects\netty\codec-native-quic\src\test\java\io\netty\handler\codec\quic\QuicStreamShutdownTest.java,dataset/projects/netty/codec-native-quic/src/test/java/io/netty/handler/codec/quic/QuicStreamShutdownTest.java,QuicStreamShutdownTest.java,QuicStreamShutdownTest,19,8,28,3,0,3,true,true,false,false,false,false,false,false,false,false
GitHub,relation_test_code_smell_ML,C:\Users\ismak\Documents\GitHub\relation_test_code_smell_ML\dataset\projects\netty\codec-native-quic\src\test\java\io\netty\handler\codec\quic\QuicStreamTypeTest.java,dataset/projects/netty/codec-native-quic/src/test/java/io/netty/handler/codec/quic/QuicStreamTypeTest.java,QuicStreamTypeTest.java,QuicStreamTypeTest,15,9,25,2,0,2,true,true,false,false,false,false,false,false,false,false
GitHub,relation_test_code_smell_ML,C:\Users\ismak\Documents\GitHub\relation_test_code_smell_ML\dataset\projects\netty\codec-native-quic\src\test\java\io\netty\handler\codec\quic\QuicTest.java,dataset/projects/netty/codec-native-quic/src/test/java/io/netty/handler/codec/quic/QuicTest.java,QuicTest.java,QuicTest,10,4,24,4,4,0,true,true,false,false,false,false,false,false,false,false
GitHub,relation_test_code_smell_ML,C:\Users\ismak\Documents\GitHub\relation_test_code_smell_ML\dataset\projects\netty\codec-native-quic\src\test\java\io\netty\handler\codec\quic\QuicTransportParametersTest.java,dataset/projects/netty/codec-native-quic/src/test/java/io/netty/handler/codec/quic/QuicTransportParametersTest.java,QuicTransportParametersTest.java,QuicTransportParametersTest,12,4,24,1,0,1,true,true,false,false,false,false,false,false,false,false
GitHub,relation_test_code_smell_ML,C:\Users\ismak\Documents\GitHub\relation_test_code_smell_ML\dataset\projects\netty\codec-native-quic\src\test\java\io\netty\handler\codec\quic\QuicWritableTest.java,dataset/projects/netty/codec-native-quic/src/test/java/io/netty/handler/codec/quic/QuicWritableTest.java,QuicWritableTest.java,QuicWritableTest,20,22,57,4,0,4,true,true,false,false,false,false,false,false,false,false
GitHub,relation_test_code_smell_ML,C:\Users\ismak\Documents\GitHub\relation_test_code_smell_ML\dataset\projects\netty\codec-native-quic\src\test\java\io\netty\handler\codec\quic\SipHashTest.java,dataset/projects/netty/codec-native-quic/src/test/java/io/netty/handler/codec/quic/SipHashTest.java,SipHashTest.java,ReferenceTestParam,9,3,19,2,1,1,true,false,false,false,false,false,false,false,false,false
GitHub,relation_test_code_smell_ML,C:\Users\ismak\Documents\GitHub\relation_test_code_smell_ML\dataset\projects\netty\codec-native-quic\src\test\java\io\netty\handler\codec\quic\TestLogBackAppender.java,dataset/projects/netty/codec-native-quic/src/test/java/io/netty/handler/codec/quic/TestLogBackAppender.java,TestLogBackAppender.java,TestLogBackAppender,4,3,3,0,0,0,true,true,false,false,false,false,false,false,false,false
GitHub,relation_test_code_smell_ML,C:\Users\ismak\Documents\GitHub\relation_test_code_smell_ML\dataset\projects\netty\codec-native-quic\src\test\java\io\netty\handler\codec\quic\TestQuicTokenHandler.java,dataset/projects/netty/codec-native-quic/src/test/java/io/netty/handler/codec/quic/TestQuicTokenHandler.java,TestQuicTokenHandler.java,TestQuicTokenHandler,4,3,5,0,0,0,true,true,false,false,false,false,false,false,false,false
GitHub,relation_test_code_smell_ML,C:\Users\ismak\Documents\GitHub\relation_test_code_smell_ML\dataset\projects\netty\codec-protobuf\src\test\java\io\netty\handler\codec\protobuf\ProtobufVarint32FrameDecoderTest.java,dataset/projects/netty/codec-protobuf/src/test/java/io/netty/handler/codec/protobuf/ProtobufVarint32FrameDecoderTest.java,ProtobufVarint32FrameDecoderTest.java,ProtobufVarint32FrameDecoderTest,11,7,64,6,6,0,true,true,false,false,false,false,false,false,false,false
GitHub,relation_test_code_smell_ML,C:\Users\ismak\Documents\GitHub\relation_test_code_smell_ML\dataset\projects\netty\codec-protobuf\src\test\java\io\netty\handler\codec\protobuf\ProtobufVarint32LengthFieldPrependerTest.java,dataset/projects/netty/codec-protobuf/src/test/java/io/netty/handler/codec/protobuf/ProtobufVarint32LengthFieldPrependerTest.java,ProtobufVarint32LengthFieldPrependerTest.java,ProtobufVarint32LengthFieldPrependerTest,8,7,78,6,6,0,true,true,false,false,false,false,false,false,false,false
GitHub,relation_test_code_smell_ML,C:\Users\ismak\Documents\GitHub\relation_test_code_smell_ML\dataset\projects\netty\codec-redis\src\test\java\io\netty\handler\codec\redis\FixedRedisMessagePoolTest.java,dataset/projects/netty/codec-redis/src/test/java/io/netty/handler/codec/redis/FixedRedisMessagePoolTest.java,FixedRedisMessagePoolTest.java,FixedRedisMessagePoolTest,3,3,26,3,3,0,true,true,false,false,false,false,false,false,false,false
GitHub,relation_test_code_smell_ML,C:\Users\ismak\Documents\GitHub\relation_test_code_smell_ML\dataset\projects\netty\codec-redis\src\test\java\io\netty\handler\codec\redis\NativeImageHandlerMetadataTest.java,dataset/projects/netty/codec-redis/src/test/java/io/netty/handler/codec/redis/NativeImageHandlerMetadataTest.java,NativeImageHandlerMetadataTest.java,NativeImageHandlerMetadataTest,2,1,1,1,1,0,true,true,false,false,false,false,false,false,false,false
GitHub,relation_test_code_smell_ML,C:\Users\ismak\Documents\GitHub\relation_test_code_smell_ML\dataset\projects\netty\codec-redis\src\test\java\io\netty\handler\codec\redis\RedisArrayAggregatorTest.java,dataset/projects/netty/codec-redis/src/test/java/io/netty/handler/codec/redis/RedisArrayAggregatorTest.java,RedisArrayAggregatorTest.java,RedisArrayAggregatorTest,9,3,23,3,3,0,true,true,false,false,false,false,false,false,false,false
GitHub,relation_test_code_smell_ML,C:\Users\ismak\Documents\GitHub\relation_test_code_smell_ML\dataset\projects\netty\codec-redis\src\test\java\io\netty\handler\codec\redis\RedisDecoderTest.java,dataset/projects/netty/codec-redis/src/test/java/io/netty/handler/codec/redis/RedisDecoderTest.java,RedisDecoderTest.java,RedisDecoderTest,22,29,182,20,20,0,true,true,false,false,false,false,false,false,false,false
GitHub,relation_test_code_smell_ML,C:\Users\ismak\Documents\GitHub\relation_test_code_smell_ML\dataset\projects\netty\codec-redis\src\test\java\io\netty\handler\codec\redis\RedisEncoderTest.java,dataset/projects/netty/codec-redis/src/test/java/io/netty/handler/codec/redis/RedisEncoderTest.java,RedisEncoderTest.java,RedisEncoderTest,12,13,80,10,10,0,true,true,false,false,false,false,false,false,false,false
GitHub,relation_test_code_smell_ML,C:\Users\ismak\Documents\GitHub\relation_test_code_smell_ML\dataset\projects\netty\codec-smtp\src\test\java\io\netty\handler\codec\smtp\NativeImageHandlerMetadataTest.java,dataset/projects/netty/codec-smtp/src/test/java/io/netty/handler/codec/smtp/NativeImageHandlerMetadataTest.java,NativeImageHandlerMetadataTest.java,NativeImageHandlerMetadataTest,2,1,1,1,1,0,true,true,false,false,false,false,false,false,false,false
GitHub,relation_test_code_smell_ML,C:\Users\ismak\Documents\GitHub\relation_test_code_smell_ML\dataset\projects\netty\codec-smtp\src\test\java\io\netty\handler\codec\smtp\SmtpCommandTest.java,dataset/projects/netty/codec-smtp/src/test/java/io/netty/handler/codec/smtp/SmtpCommandTest.java,SmtpCommandTest.java,SmtpCommandTest,6,3,10,3,3,0,true,true,false,false,false,false,false,false,false,false
GitHub,relation_test_code_smell_ML,C:\Users\ismak\Documents\GitHub\relation_test_code_smell_ML\dataset\projects\netty\codec-smtp\src\test\java\io\netty\handler\codec\smtp\SmtpRequestEncoderTest.java,dataset/projects/netty/codec-smtp/src/test/java/io/netty/handler/codec/smtp/SmtpRequestEncoderTest.java,SmtpRequestEncoderTest.java,SmtpRequestEncoderTest,11,19,40,17,16,1,true,true,false,false,false,false,false,false,false,false
GitHub,relation_test_code_smell_ML,C:\Users\ismak\Documents\GitHub\relation_test_code_smell_ML\dataset\projects\netty\codec-smtp\src\test\java\io\netty\handler\codec\smtp\SmtpRequestsTest.java,dataset/projects/netty/codec-smtp/src/test/java/io/netty/handler/codec/smtp/SmtpRequestsTest.java,SmtpRequestsTest.java,SmtpRequestsTest,3,10,10,5,5,0,true,true,false,false,false,false,false,false,false,false
GitHub,relation_test_code_smell_ML,C:\Users\ismak\Documents\GitHub\relation_test_code_smell_ML\dataset\projects\netty\codec-smtp\src\test\java\io\netty\handler\codec\smtp\SmtpResponseDecoderTest.java,dataset/projects/netty/codec-smtp/src/test/java/io/netty/handler/codec/smtp/SmtpResponseDecoderTest.java,SmtpResponseDecoderTest.java,SmtpResponseDecoderTest,13,13,60,8,8,0,true,true,false,false,false,false,false,false,false,false
GitHub,relation_test_code_smell_ML,C:\Users\ismak\Documents\GitHub\relation_test_code_smell_ML\dataset\projects\netty\codec-socks\src\test\java\io\netty\handler\codec\socks\NativeImageHandlerMetadataTest.java,dataset/projects/netty/codec-socks/src/test/java/io/netty/handler/codec/socks/NativeImageHandlerMetadataTest.java,NativeImageHandlerMetadataTest.java,NativeImageHandlerMetadataTest,2,1,1,1,1,0,true,true,false,false,false,false,false,false,false,false
GitHub,relation_test_code_smell_ML,C:\Users\ismak\Documents\GitHub\relation_test_code_smell_ML\dataset\projects\netty\codec-socks\src\test\java\io\netty\handler\codec\socks\SocksAuthRequestDecoderTest.java,dataset/projects/netty/codec-socks/src/test/java/io/netty/handler/codec/socks/SocksAuthRequestDecoderTest.java,SocksAuthRequestDecoderTest.java,SocksAuthRequestDecoderTest,7,2,23,2,2,0,true,true,false,false,false,false,false,false,false,false
GitHub,relation_test_code_smell_ML,C:\Users\ismak\Documents\GitHub\relation_test_code_smell_ML\dataset\projects\netty\codec-socks\src\test\java\io\netty\handler\codec\socks\SocksAuthRequestTest.java,dataset/projects/netty/codec-socks/src/test/java/io/netty/handler/codec/socks/SocksAuthRequestTest.java,SocksAuthRequestTest.java,SocksAuthRequestTest,2,3,6,3,3,0,true,true,false,false,false,false,false,false,false,false
GitHub,relation_test_code_smell_ML,C:\Users\ismak\Documents\GitHub\relation_test_code_smell_ML\dataset\projects\netty\codec-socks\src\test\java\io\netty\handler\codec\socks\SocksAuthResponseDecoderTest.java,dataset/projects/netty/codec-socks/src/test/java/io/netty/handler/codec/socks/SocksAuthResponseDecoderTest.java,SocksAuthResponseDecoderTest.java,SocksAuthResponseDecoderTest,6,2,9,2,1,1,true,true,false,false,false,false,false,false,false,false
GitHub,relation_test_code_smell_ML,C:\Users\ismak\Documents\GitHub\relation_test_code_smell_ML\dataset\projects\netty\codec-socks\src\test\java\io\netty\handler\codec\socks\SocksAuthResponseTest.java,dataset/projects/netty/codec-socks/src/test/java/io/netty/handler/codec/socks/SocksAuthResponseTest.java,SocksAuthResponseTest.java,SocksAuthResponseTest,2,1,1,1,1,0,true,true,false,false,false,false,false,false,false,false
GitHub,relation_test_code_smell_ML,C:\Users\ismak\Documents\GitHub\relation_test_code_smell_ML\dataset\projects\netty\codec-socks\src\test\java\io\netty\handler\codec\socks\SocksCmdRequestDecoderTest.java,dataset/projects/netty/codec-socks/src/test/java/io/netty/handler/codec/socks/SocksCmdRequestDecoderTest.java,SocksCmdRequestDecoderTest.java,SocksCmdRequestDecoderTest,10,5,19,5,4,1,true,true,false,false,false,false,false,false,false,false
GitHub,relation_test_code_smell_ML,C:\Users\ismak\Documents\GitHub\relation_test_code_smell_ML\dataset\projects\netty\codec-socks\src\test\java\io\netty\handler\codec\socks\SocksCmdRequestTest.java,dataset/projects/netty/codec-socks/src/test/java/io/netty/handler/codec/socks/SocksCmdRequestTest.java,SocksCmdRequestTest.java,SocksCmdRequestTest,11,8,52,8,8,0,true,true,false,false,false,false,false,false,false,false
GitHub,relation_test_code_smell_ML,C:\Users\ismak\Documents\GitHub\relation_test_code_smell_ML\dataset\projects\netty\codec-socks\src\test\java\io\netty\handler\codec\socks\SocksCmdResponseDecoderTest.java,dataset/projects/netty/codec-socks/src/test/java/io/netty/handler/codec/socks/SocksCmdResponseDecoderTest.java,SocksCmdResponseDecoderTest.java,SocksCmdResponseDecoderTest,9,5,11,4,3,1,true,true,false,false,false,false,false,false,false,false
GitHub,relation_test_code_smell_ML,C:\Users\ismak\Documents\GitHub\relation_test_code_smell_ML\dataset\projects\netty\codec-socks\src\test\java\io\netty\handler\codec\socks\SocksCmdResponseTest.java,dataset/projects/netty/codec-socks/src/test/java/io/netty/handler/codec/socks/SocksCmdResponseTest.java,SocksCmdResponseTest.java,SocksCmdResponseTest,13,10,60,8,8,0,true,true,false,false,false,false,false,false,false,false
GitHub,relation_test_code_smell_ML,C:\Users\ismak\Documents\GitHub\relation_test_code_smell_ML\dataset\projects\netty\codec-socks\src\test\java\io\netty\handler\codec\socks\SocksInitRequestTest.java,dataset/projects/netty/codec-socks/src/test/java/io/netty/handler/codec/socks/SocksInitRequestTest.java,SocksInitRequestTest.java,SocksInitRequestTest,2,1,1,1,1,0,true,true,false,false,false,false,false,false,false,false
GitHub,relation_test_code_smell_ML,C:\Users\ismak\Documents\GitHub\relation_test_code_smell_ML\dataset\projects\netty\codec-socks\src\test\java\io\netty\handler\codec\socks\SocksInitResponseTest.java,dataset/projects/netty/codec-socks/src/test/java/io/netty/handler/codec/socks/SocksInitResponseTest.java,SocksInitResponseTest.java,SocksInitResponseTest,2,1,1,1,1,0,true,true,false,false,false,false,false,false,false,false
GitHub,relation_test_code_smell_ML,C:\Users\ismak\Documents\GitHub\relation_test_code_smell_ML\dataset\projects\netty\codec-socks\src\test\java\io\netty\handler\codec\socksx\v4\Socks4ClientDecoderTest.java,dataset/projects/netty/codec-socks/src/test/java/io/netty/handler/codec/socksx/v4/Socks4ClientDecoderTest.java,Socks4ClientDecoderTest.java,Socks4ClientDecoderTest,6,2,13,2,1,1,true,true,false,false,false,false,false,false,false,false
GitHub,relation_test_code_smell_ML,C:\Users\ismak\Documents\GitHub\relation_test_code_smell_ML\dataset\projects\netty\codec-socks\src\test\java\io\netty\handler\codec\socksx\v4\Socks4ServerDecoderTest.java,dataset/projects/netty/codec-socks/src/test/java/io/netty/handler/codec/socksx/v4/Socks4ServerDecoderTest.java,Socks4ServerDecoderTest.java,Socks4ServerDecoderTest,8,2,14,2,1,1,true,true,false,false,false,false,false,false,false,false
GitHub,relation_test_code_smell_ML,C:\Users\ismak\Documents\GitHub\relation_test_code_smell_ML\dataset\projects\netty\codec-socks\src\test\java\io\netty\handler\codec\socksx\v5\DefaultSocks5CommandRequestTest.java,dataset/projects/netty/codec-socks/src/test/java/io/netty/handler/codec/socksx/v5/DefaultSocks5CommandRequestTest.java,DefaultSocks5CommandRequestTest.java,DefaultSocks5CommandRequestTest,2,5,10,5,5,0,true,true,false,false,false,false,false,false,false,false
GitHub,relation_test_code_smell_ML,C:\Users\ismak\Documents\GitHub\relation_test_code_smell_ML\dataset\projects\netty\codec-socks\src\test\java\io\netty\handler\codec\socksx\v5\DefaultSocks5CommandResponseTest.java,dataset/projects/netty/codec-socks/src/test/java/io/netty/handler/codec/socksx/v5/DefaultSocks5CommandResponseTest.java,DefaultSocks5CommandResponseTest.java,DefaultSocks5CommandResponseTest,8,8,31,6,6,0,true,true,false,false,false,false,false,false,false,false
GitHub,relation_test_code_smell_ML,C:\Users\ismak\Documents\GitHub\relation_test_code_smell_ML\dataset\projects\netty\codec-socks\src\test\java\io\netty\handler\codec\socksx\v5\DefaultSocks5InitialRequestTest.java,dataset/projects/netty/codec-socks/src/test/java/io/netty/handler/codec/socksx/v5/DefaultSocks5InitialRequestTest.java,DefaultSocks5InitialRequestTest.java,DefaultSocks5InitialRequestTest,2,1,1,1,1,0,true,true,false,false,false,false,false,false,false,false
GitHub,relation_test_code_smell_ML,C:\Users\ismak\Documents\GitHub\relation_test_code_smell_ML\dataset\projects\netty\codec-socks\src\test\java\io\netty\handler\codec\socksx\v5\DefaultSocks5InitialResponseTest.java,dataset/projects/netty/codec-socks/src/test/java/io/netty/handler/codec/socksx/v5/DefaultSocks5InitialResponseTest.java,DefaultSocks5InitialResponseTest.java,DefaultSocks5InitialResponseTest,2,1,1,1,1,0,true,true,false,false,false,false,false,false,false,false
GitHub,relation_test_code_smell_ML,C:\Users\ismak\Documents\GitHub\relation_test_code_smell_ML\dataset\projects\netty\codec-socks\src\test\java\io\netty\handler\codec\socksx\v5\DefaultSocks5PasswordAuthRequestTest.java,dataset/projects/netty/codec-socks/src/test/java/io/netty/handler/codec/socksx/v5/DefaultSocks5PasswordAuthRequestTest.java,DefaultSocks5PasswordAuthRequestTest.java,DefaultSocks5PasswordAuthRequestTest,2,3,6,3,3,0,true,true,false,false,false,false,false,false,false,false
GitHub,relation_test_code_smell_ML,C:\Users\ismak\Documents\GitHub\relation_test_code_smell_ML\dataset\projects\netty\codec-socks\src\test\java\io\netty\handler\codec\socksx\v5\DefaultSocks5PasswordAuthResponseTest.java,dataset/projects/netty/codec-socks/src/test/java/io/netty/handler/codec/socksx/v5/DefaultSocks5PasswordAuthResponseTest.java,DefaultSocks5PasswordAuthResponseTest.java,DefaultSocks5PasswordAuthResponseTest,2,1,1,1,1,0,true,true,false,false,false,false,false,false,false,false
GitHub,relation_test_code_smell_ML,C:\Users\ismak\Documents\GitHub\relation_test_code_smell_ML\dataset\projects\netty\codec-socks\src\test\java\io\netty\handler\codec\socksx\v5\Socks5CommandRequestDecoderTest.java,dataset/projects/netty/codec-socks/src/test/java/io/netty/handler/codec/socksx/v5/Socks5CommandRequestDecoderTest.java,Socks5CommandRequestDecoderTest.java,Socks5CommandRequestDecoderTest,12,4,19,4,3,1,true,true,false,false,false,false,false,false,false,false
GitHub,relation_test_code_smell_ML,C:\Users\ismak\Documents\GitHub\relation_test_code_smell_ML\dataset\projects\netty\codec-socks\src\test\java\io\netty\handler\codec\socksx\v5\Socks5CommandResponseDecoderTest.java,dataset/projects/netty/codec-socks/src/test/java/io/netty/handler/codec/socksx/v5/Socks5CommandResponseDecoderTest.java,Socks5CommandResponseDecoderTest.java,Socks5CommandResponseDecoderTest,9,5,13,4,3,1,true,true,false,false,false,false,false,false,false,false
GitHub,relation_test_code_smell_ML,C:\Users\ismak\Documents\GitHub\relation_test_code_smell_ML\dataset\projects\netty\codec-socks\src\test\java\io\netty\handler\codec\socksx\v5\Socks5InitialRequestDecoderTest.java,dataset/projects/netty/codec-socks/src/test/java/io/netty/handler/codec/socksx/v5/Socks5InitialRequestDecoderTest.java,Socks5InitialRequestDecoderTest.java,Socks5InitialRequestDecoderTest,7,1,8,1,1,0,true,true,false,false,false,false,false,false,false,false
GitHub,relation_test_code_smell_ML,C:\Users\ismak\Documents\GitHub\relation_test_code_smell_ML\dataset\projects\netty\codec-socks\src\test\java\io\netty\handler\codec\socksx\v5\Socks5PasswordAuthRequestDecoderTest.java,dataset/projects/netty/codec-socks/src/test/java/io/netty/handler/codec/socksx/v5/Socks5PasswordAuthRequestDecoderTest.java,Socks5PasswordAuthRequestDecoderTest.java,Socks5PasswordAuthRequestDecoderTest,4,1,9,1,1,0,true,true,false,false,false,false,false,false,false,false
GitHub,relation_test_code_smell_ML,C:\Users\ismak\Documents\GitHub\relation_test_code_smell_ML\dataset\projects\netty\codec-socks\src\test\java\io\netty\handler\codec\socksx\v5\Socks5PasswordAuthResponseDecoderTest.java,dataset/projects/netty/codec-socks/src/test/java/io/netty/handler/codec/socksx/v5/Socks5PasswordAuthResponseDecoderTest.java,Socks5PasswordAuthResponseDecoderTest.java,Socks5PasswordAuthResponseDecoderTest,6,2,9,2,1,1,true,true,false,false,false,false,false,false,false,false
GitHub,relation_test_code_smell_ML,C:\Users\ismak\Documents\GitHub\relation_test_code_smell_ML\dataset\projects\netty\codec-stomp\src\test\java\io\netty\handler\codec\stomp\DefaultStompFrameTest.java,dataset/projects/netty/codec-stomp/src/test/java/io/netty/handler/codec/stomp/DefaultStompFrameTest.java,DefaultStompFrameTest.java,DefaultStompFrameTest,6,1,16,1,1,0,true,true,false,false,false,false,false,false,false,false
GitHub,relation_test_code_smell_ML,C:\Users\ismak\Documents\GitHub\relation_test_code_smell_ML\dataset\projects\netty\codec-stomp\src\test\java\io\netty\handler\codec\stomp\NativeImageHandlerMetadataTest.java,dataset/projects/netty/codec-stomp/src/test/java/io/netty/handler/codec/stomp/NativeImageHandlerMetadataTest.java,NativeImageHandlerMetadataTest.java,NativeImageHandlerMetadataTest,2,1,1,1,1,0,true,true,false,false,false,false,false,false,false,false
GitHub,relation_test_code_smell_ML,C:\Users\ismak\Documents\GitHub\relation_test_code_smell_ML\dataset\projects\netty\codec-stomp\src\test\java\io\netty\handler\codec\stomp\StompCommandDecodeTest.java,dataset/projects/netty/codec-stomp/src/test/java/io/netty/handler/codec/stomp/StompCommandDecodeTest.java,StompCommandDecodeTest.java,StompCommandDecodeTest,16,4,10,1,0,1,true,true,false,false,false,false,false,false,false,false
GitHub,relation_test_code_smell_ML,C:\Users\ismak\Documents\GitHub\relation_test_code_smell_ML\dataset\projects\netty\codec-stomp\src\test\java\io\netty\handler\codec\stomp\StompHeadersTest.java,dataset/projects/netty/codec-stomp/src/test/java/io/netty/handler/codec/stomp/StompHeadersTest.java,StompHeadersTest.java,StompHeadersTest,4,1,7,1,1,0,true,true,false,false,false,false,false,false,false,false
GitHub,relation_test_code_smell_ML,C:\Users\ismak\Documents\GitHub\relation_test_code_smell_ML\dataset\projects\netty\codec-stomp\src\test\java\io\netty\handler\codec\stomp\StompSubframeAggregatorTest.java,dataset/projects/netty/codec-stomp/src/test/java/io/netty/handler/codec/stomp/StompSubframeAggregatorTest.java,StompSubframeAggregatorTest.java,StompSubframeAggregatorTest,14,10,60,7,7,0,true,true,false,false,false,false,false,false,false,false
GitHub,relation_test_code_smell_ML,C:\Users\ismak\Documents\GitHub\relation_test_code_smell_ML\dataset\projects\netty\codec-stomp\src\test\java\io\netty\handler\codec\stomp\StompSubframeDecoderTest.java,dataset/projects/netty/codec-stomp/src/test/java/io/netty/handler/codec/stomp/StompSubframeDecoderTest.java,StompSubframeDecoderTest.java,StompSubframeDecoderTest,14,23,265,21,21,0,true,true,false,false,false,false,false,false,false,false
GitHub,relation_test_code_smell_ML,C:\Users\ismak\Documents\GitHub\relation_test_code_smell_ML\dataset\projects\netty\codec-stomp\src\test\java\io\netty\handler\codec\stomp\StompSubframeEncoderTest.java,dataset/projects/netty/codec-stomp/src/test/java/io/netty/handler/codec/stomp/StompSubframeEncoderTest.java,StompSubframeEncoderTest.java,StompSubframeEncoderTest,15,8,63,6,6,0,true,true,false,false,false,false,false,false,false,false
GitHub,relation_test_code_smell_ML,C:\Users\ismak\Documents\GitHub\relation_test_code_smell_ML\dataset\projects\netty\codec-xml\src\test\java\io\netty\handler\codec\xml\NativeImageHandlerMetadataTest.java,dataset/projects/netty/codec-xml/src/test/java/io/netty/handler/codec/xml/NativeImageHandlerMetadataTest.java,NativeImageHandlerMetadataTest.java,NativeImageHandlerMetadataTest,2,1,1,1,1,0,true,true,false,false,false,false,false,false,false,false
GitHub,relation_test_code_smell_ML,C:\Users\ismak\Documents\GitHub\relation_test_code_smell_ML\dataset\projects\netty\codec-xml\src\test\java\io\netty\handler\codec\xml\XmlDecoderTest.java,dataset/projects/netty/codec-xml/src/test/java/io/netty/handler/codec/xml/XmlDecoderTest.java,XmlDecoderTest.java,XmlDecoderTest,11,6,177,3,3,0,true,true,false,false,false,false,false,false,false,false
GitHub,relation_test_code_smell_ML,C:\Users\ismak\Documents\GitHub\relation_test_code_smell_ML\dataset\projects\netty\codec-xml\src\test\java\io\netty\handler\codec\xml\XmlFrameDecoderTest.java,dataset/projects/netty/codec-xml/src/test/java/io/netty/handler/codec/xml/XmlFrameDecoderTest.java,XmlFrameDecoderTest.java,XmlFrameDecoderTest,21,23,46,17,15,2,true,true,false,false,false,false,false,false,false,false
GitHub,relation_test_code_smell_ML,C:\Users\ismak\Documents\GitHub\relation_test_code_smell_ML\dataset\projects\netty\common\src\test\java\io\netty\util\AbstractReferenceCountedTest.java,dataset/projects/netty/common/src/test/java/io/netty/util/AbstractReferenceCountedTest.java,AbstractReferenceCountedTest.java,AbstractReferenceCountedTest,15,11,34,8,8,0,true,true,false,false,false,false,false,false,false,false
GitHub,relation_test_code_smell_ML,C:\Users\ismak\Documents\GitHub\relation_test_code_smell_ML\dataset\projects\netty\common\src\test\java\io\netty\util\AsciiStringCharacterTest.java,dataset/projects/netty/common/src/test/java/io/netty/util/AsciiStringCharacterTest.java,AsciiStringCharacterTest.java,AsciiStringCharacterTest,12,38,305,36,36,0,true,true,false,false,false,false,false,false,false,false
GitHub,relation_test_code_smell_ML,C:\Users\ismak\Documents\GitHub\relation_test_code_smell_ML\dataset\projects\netty\common\src\test\java\io\netty\util\AsciiStringMemoryTest.java,dataset/projects/netty/common/src/test/java/io/netty/util/AsciiStringMemoryTest.java,AsciiStringMemoryTest.java,AsciiStringMemoryTest,7,15,61,10,10,0,true,true,false,false,false,false,false,false,false,false
GitHub,relation_test_code_smell_ML,C:\Users\ismak\Documents\GitHub\relation_test_code_smell_ML\dataset\projects\netty\common\src\test\java\io\netty\util\AttributeKeyTest.java,dataset/projects/netty/common/src/test/java/io/netty/util/AttributeKeyTest.java,AttributeKeyTest.java,AttributeKeyTest,6,3,16,3,3,0,true,true,false,false,false,false,false,false,false,false
GitHub,relation_test_code_smell_ML,C:\Users\ismak\Documents\GitHub\relation_test_code_smell_ML\dataset\projects\netty\common\src\test\java\io\netty\util\concurrent\AbstractScheduledEventExecutorTest.java,dataset/projects/netty/common/src/test/java/io/netty/util/concurrent/AbstractScheduledEventExecutorTest.java,AbstractScheduledEventExecutorTest.java,TestScheduledEventExecutor,10,23,41,9,9,0,true,true,false,false,false,false,false,false,false,false
GitHub,relation_test_code_smell_ML,C:\Users\ismak\Documents\GitHub\relation_test_code_smell_ML\dataset\projects\netty\common\src\test\java\io\netty\util\concurrent\AutoScalingEventExecutorChooserFactoryTest.java,dataset/projects/netty/common/src/test/java/io/netty/util/concurrent/AutoScalingEventExecutorChooserFactoryTest.java,AutoScalingEventExecutorChooserFactoryTest.java,TestEventExecutorGroup,12,12,22,7,7,0,true,true,false,false,false,false,false,false,false,false
GitHub,relation_test_code_smell_ML,C:\Users\ismak\Documents\GitHub\relation_test_code_smell_ML\dataset\projects\netty\common\src\test\java\io\netty\util\concurrent\ConcurrentSkipListIntObjMultimapTest.java,dataset/projects/netty/common/src/test/java/io/netty/util/concurrent/ConcurrentSkipListIntObjMultimapTest.java,ConcurrentSkipListIntObjMultimapTest.java,ConcurrentSkipListIntObjMultimapTest,17,21,218,10,10,0,true,true,false,false,false,false,false,false,false,false
GitHub,relation_test_code_smell_ML,C:\Users\ismak\Documents\GitHub\relation_test_code_smell_ML\dataset\projects\netty\common\src\test\java\io\netty\util\concurrent\DefaultMockTickerTest.java,dataset/projects/netty/common/src/test/java/io/netty/util/concurrent/DefaultMockTickerTest.java,DefaultMockTickerTest.java,DefaultMockTickerTest,11,6,23,6,6,0,true,true,false,false,false,false,false,false,false,false
GitHub,relation_test_code_smell_ML,C:\Users\ismak\Documents\GitHub\relation_test_code_smell_ML\dataset\projects\netty\common\src\test\java\io\netty\util\concurrent\DefaultPromiseTest.java,dataset/projects/netty/common/src/test/java/io/netty/util/concurrent/DefaultPromiseTest.java,DefaultPromiseTest.java,TestEventExecutor,27,59,126,27,20,7,true,true,false,false,false,false,false,false,false,false
GitHub,relation_test_code_smell_ML,C:\Users\ismak\Documents\GitHub\relation_test_code_smell_ML\dataset\projects\netty\common\src\test\java\io\netty\util\concurrent\DefaultThreadFactoryTest.java,dataset/projects/netty/common/src/test/java/io/netty/util/concurrent/DefaultThreadFactoryTest.java,DefaultThreadFactoryTest.java,DefaultThreadFactoryTest,10,23,64,5,5,0,true,true,false,false,false,false,false,false,false,false
GitHub,relation_test_code_smell_ML,C:\Users\ismak\Documents\GitHub\relation_test_code_smell_ML\dataset\projects\netty\common\src\test\java\io\netty\util\concurrent\FastThreadLocalTest.java,dataset/projects/netty/common/src/test/java/io/netty/util/concurrent/FastThreadLocalTest.java,FastThreadLocalTest.java,TestFastThreadLocal,24,29,114,17,16,1,true,true,false,false,false,false,false,false,false,false
GitHub,relation_test_code_smell_ML,C:\Users\ismak\Documents\GitHub\relation_test_code_smell_ML\dataset\projects\netty\common\src\test\java\io\netty\util\concurrent\GlobalEventExecutorTest.java,dataset/projects/netty/common/src/test/java/io/netty/util/concurrent/GlobalEventExecutorTest.java,GlobalEventExecutorTest.java,TestRunnable,10,10,47,5,5,0,true,true,false,false,false,false,false,false,false,false
GitHub,relation_test_code_smell_ML,C:\Users\ismak\Documents\GitHub\relation_test_code_smell_ML\dataset\projects\netty\common\src\test\java\io\netty\util\concurrent\ImmediateExecutorTest.java,dataset/projects/netty/common/src/test/java/io/netty/util/concurrent/ImmediateExecutorTest.java,ImmediateExecutorTest.java,ImmediateExecutorTest,7,4,7,2,2,0,true,true,false,false,false,false,false,false,false,false
GitHub,relation_test_code_smell_ML,C:\Users\ismak\Documents\GitHub\relation_test_code_smell_ML\dataset\projects\netty\common\src\test\java\io\netty\util\concurrent\MpscIntQueueTest.java,dataset/projects/netty/common/src/test/java/io/netty/util/concurrent/MpscIntQueueTest.java,MpscIntQueueTest.java,MpscIntQueueTest,4,1,6,0,0,0,true,true,false,false,false,false,false,false,false,false
GitHub,relation_test_code_smell_ML,C:\Users\ismak\Documents\GitHub\relation_test_code_smell_ML\dataset\projects\netty\common\src\test\java\io\netty\util\concurrent\NonStickyEventExecutorGroupTest.java,dataset/projects/netty/common/src/test/java/io/netty/util/concurrent/NonStickyEventExecutorGroupTest.java,NonStickyEventExecutorGroupTest.java,NonStickyEventExecutorGroupTest,20,30,59,4,2,2,true,true,false,false,false,false,false,false,false,false
GitHub,relation_test_code_smell_ML,C:\Users\ismak\Documents\GitHub\relation_test_code_smell_ML\dataset\projects\netty\common\src\test\java\io\netty\util\concurrent\PromiseAggregatorTest.java,dataset/projects/netty/common/src/test/java/io/netty/util/concurrent/PromiseAggregatorTest.java,PromiseAggregatorTest.java,PromiseAggregatorTest,5,8,66,6,6,0,true,true,false,false,false,false,false,false,false,false
GitHub,relation_test_code_smell_ML,C:\Users\ismak\Documents\GitHub\relation_test_code_smell_ML\dataset\projects\netty\common\src\test\java\io\netty\util\concurrent\PromiseCombinerTest.java,dataset/projects/netty/common/src/test/java/io/netty/util/concurrent/PromiseCombinerTest.java,PromiseCombinerTest.java,GenericFutureListenerConsumer,16,28,84,12,12,0,true,false,false,false,false,false,false,false,false,false
GitHub,relation_test_code_smell_ML,C:\Users\ismak\Documents\GitHub\relation_test_code_smell_ML\dataset\projects\netty\common\src\test\java\io\netty\util\concurrent\PromiseNotifierTest.java,dataset/projects/netty/common/src/test/java/io/netty/util/concurrent/PromiseNotifierTest.java,PromiseNotifierTest.java,PromiseNotifierTest,6,7,35,5,5,0,true,true,false,false,false,false,false,false,false,false
GitHub,relation_test_code_smell_ML,C:\Users\ismak\Documents\GitHub\relation_test_code_smell_ML\dataset\projects\netty\common\src\test\java\io\netty\util\concurrent\SingleThreadEventExecutorTest.java,dataset/projects/netty/common/src/test/java/io/netty/util/concurrent/SingleThreadEventExecutorTest.java,SingleThreadEventExecutorTest.java,TestRunnable,24,47,185,16,15,1,true,true,false,false,false,false,false,false,false,false
GitHub,relation_test_code_smell_ML,C:\Users\ismak\Documents\GitHub\relation_test_code_smell_ML\dataset\projects\netty\common\src\test\java\io\netty\util\concurrent\UnorderedThreadPoolEventExecutorTest.java,dataset/projects/netty/common/src/test/java/io/netty/util/concurrent/UnorderedThreadPoolEventExecutorTest.java,UnorderedThreadPoolEventExecutorTest.java,UnorderedThreadPoolEventExecutorTest,9,10,18,5,5,0,true,true,false,false,false,false,false,false,false,true
GitHub,relation_test_code_smell_ML,C:\Users\ismak\Documents\GitHub\relation_test_code_smell_ML\dataset\projects\netty\common\src\test\java\io\netty\util\ConstantPoolTest.java,dataset/projects/netty/common/src/test/java/io/netty/util/ConstantPoolTest.java,ConstantPoolTest.java,TestConstant,10,8,31,5,5,0,true,true,false,false,false,false,false,false,false,false
GitHub,relation_test_code_smell_ML,C:\Users\ismak\Documents\GitHub\relation_test_code_smell_ML\dataset\projects\netty\common\src\test\java\io\netty\util\DefaultAttributeMapTest.java,dataset/projects/netty/common/src/test/java/io/netty/util/DefaultAttributeMapTest.java,DefaultAttributeMapTest.java,DefaultAttributeMapTest,9,7,42,6,6,0,true,true,false,false,false,false,false,false,false,false
GitHub,relation_test_code_smell_ML,C:\Users\ismak\Documents\GitHub\relation_test_code_smell_ML\dataset\projects\netty\common\src\test\java\io\netty\util\DomainNameMappingTest.java,dataset/projects/netty/common/src/test/java/io/netty/util/DomainNameMappingTest.java,DomainNameMappingTest.java,DomainNameMappingTest,5,24,54,18,18,0,true,true,false,false,false,false,false,false,false,false
GitHub,relation_test_code_smell_ML,C:\Users\ismak\Documents\GitHub\relation_test_code_smell_ML\dataset\projects\netty\common\src\test\java\io\netty\util\DomainWildcardMappingBuilderTest.java,dataset/projects/netty/common/src/test/java/io/netty/util/DomainWildcardMappingBuilderTest.java,DomainWildcardMappingBuilderTest.java,DomainWildcardMappingBuilderTest,4,11,21,8,8,0,true,true,false,false,false,false,false,false,false,false
GitHub,relation_test_code_smell_ML,C:\Users\ismak\Documents\GitHub\relation_test_code_smell_ML\dataset\projects\netty\common\src\test\java\io\netty\util\HashedWheelTimerTest.java,dataset/projects/netty/common/src/test/java/io/netty/util/HashedWheelTimerTest.java,HashedWheelTimerTest.java,HashedWheelTimerTest,14,33,128,14,14,0,true,true,false,false,false,false,false,false,false,false
GitHub,relation_test_code_smell_ML,C:\Users\ismak\Documents\GitHub\relation_test_code_smell_ML\dataset\projects\netty\common\src\test\java\io\netty\util\internal\AppendableCharSequenceTest.java,dataset/projects/netty/common/src/test/java/io/netty/util/internal/AppendableCharSequenceTest.java,AppendableCharSequenceTest.java,AppendableCharSequenceTest,2,10,37,9,7,2,true,true,false,false,false,false,false,false,false,false
GitHub,relation_test_code_smell_ML,C:\Users\ismak\Documents\GitHub\relation_test_code_smell_ML\dataset\projects\netty\common\src\test\java\io\netty\util\internal\BoundedInputStreamTest.java,dataset/projects/netty/common/src/test/java/io/netty/util/internal/BoundedInputStreamTest.java,BoundedInputStreamTest.java,BoundedInputStreamTest,10,3,9,3,1,2,true,true,false,false,false,false,false,false,false,false
GitHub,relation_test_code_smell_ML,C:\Users\ismak\Documents\GitHub\relation_test_code_smell_ML\dataset\projects\netty\common\src\test\java\io\netty\util\internal\DefaultPriorityQueueTest.java,dataset/projects/netty/common/src/test/java/io/netty/util/internal/DefaultPriorityQueueTest.java,DefaultPriorityQueueTest.java,TestElement,14,16,157,9,8,1,true,true,false,false,false,false,false,false,false,false
GitHub,relation_test_code_smell_ML,C:\Users\ismak\Documents\GitHub\relation_test_code_smell_ML\dataset\projects\netty\common\src\test\java\io\netty\util\internal\JfrEventSafeTest.java,dataset/projects/netty/common/src/test/java/io/netty/util/internal/JfrEventSafeTest.java,JfrEventSafeTest.java,DisabledEvent,9,3,3,3,3,0,true,false,false,false,false,false,false,false,false,false
GitHub,relation_test_code_smell_ML,C:\Users\ismak\Documents\GitHub\relation_test_code_smell_ML\dataset\projects\netty\common\src\test\java\io\netty\util\internal\logging\AbstractInternalLoggerTest.java,dataset/projects/netty/common/src/test/java/io/netty/util/internal/logging/AbstractInternalLoggerTest.java,AbstractInternalLoggerTest.java,AbstractInternalLoggerTest,7,6,54,3,2,1,true,true,false,false,false,false,false,false,false,false
GitHub,relation_test_code_smell_ML,C:\Users\ismak\Documents\GitHub\relation_test_code_smell_ML\dataset\projects\netty\common\src\test\java\io\netty\util\internal\logging\CommonsLoggerFactoryTest.java,dataset/projects/netty/common/src/test/java/io/netty/util/internal/logging/CommonsLoggerFactoryTest.java,CommonsLoggerFactoryTest.java,CommonsLoggerFactoryTest,3,1,3,1,1,0,true,true,false,false,false,false,false,false,false,false
GitHub,relation_test_code_smell_ML,C:\Users\ismak\Documents\GitHub\relation_test_code_smell_ML\dataset\projects\netty\common\src\test\java\io\netty\util\internal\logging\CommonsLoggerTest.java,dataset/projects/netty/common/src/test/java/io/netty/util/internal/logging/CommonsLoggerTest.java,CommonsLoggerTest.java,CommonsLoggerTest,4,15,65,15,15,0,true,true,false,false,false,false,false,false,false,false
GitHub,relation_test_code_smell_ML,C:\Users\ismak\Documents\GitHub\relation_test_code_smell_ML\dataset\projects\netty\common\src\test\java\io\netty\util\internal\logging\InternalLoggerFactoryTest.java,dataset/projects/netty/common/src/test/java/io/netty/util/internal/logging/InternalLoggerFactoryTest.java,InternalLoggerFactoryTest.java,InternalLoggerFactoryTest,9,20,66,17,17,0,true,true,false,false,false,false,false,false,false,false
GitHub,relation_test_code_smell_ML,C:\Users\ismak\Documents\GitHub\relation_test_code_smell_ML\dataset\projects\netty\common\src\test\java\io\netty\util\internal\logging\JdkLoggerFactoryTest.java,dataset/projects/netty/common/src/test/java/io/netty/util/internal/logging/JdkLoggerFactoryTest.java,JdkLoggerFactoryTest.java,JdkLoggerFactoryTest,3,1,3,1,1,0,true,true,false,false,false,false,false,false,false,false
GitHub,relation_test_code_smell_ML,C:\Users\ismak\Documents\GitHub\relation_test_code_smell_ML\dataset\projects\netty\common\src\test\java\io\netty\util\internal\logging\Log4J2LoggerFactoryTest.java,dataset/projects/netty/common/src/test/java/io/netty/util/internal/logging/Log4J2LoggerFactoryTest.java,Log4J2LoggerFactoryTest.java,Log4J2LoggerFactoryTest,3,1,3,1,1,0,true,true,false,false,false,false,false,false,false,false
GitHub,relation_test_code_smell_ML,C:\Users\ismak\Documents\GitHub\relation_test_code_smell_ML\dataset\projects\netty\common\src\test\java\io\netty\util\internal\logging\Log4J2LoggerTest.java,dataset/projects/netty/common/src/test/java/io/netty/util/internal/logging/Log4J2LoggerTest.java,Log4J2LoggerTest.java,Log4J2LoggerTest,8,3,9,0,0,0,true,true,false,false,false,false,false,false,false,false
GitHub,relation_test_code_smell_ML,C:\Users\ismak\Documents\GitHub\relation_test_code_smell_ML\dataset\projects\netty\common\src\test\java\io\netty\util\internal\logging\Log4JLoggerFactoryTest.java,dataset/projects/netty/common/src/test/java/io/netty/util/internal/logging/Log4JLoggerFactoryTest.java,Log4JLoggerFactoryTest.java,Log4JLoggerFactoryTest,3,1,3,1,1,0,true,true,false,false,false,false,false,false,false,false
GitHub,relation_test_code_smell_ML,C:\Users\ismak\Documents\GitHub\relation_test_code_smell_ML\dataset\projects\netty\common\src\test\java\io\netty\util\internal\logging\MessageFormatterTest.java,dataset/projects/netty/common/src/test/java/io/netty/util/internal/logging/MessageFormatterTest.java,MessageFormatterTest.java,MessageFormatterTest,3,12,161,11,11,0,true,true,false,false,false,false,false,false,false,false
GitHub,relation_test_code_smell_ML,C:\Users\ismak\Documents\GitHub\relation_test_code_smell_ML\dataset\projects\netty\common\src\test\java\io\netty\util\internal\logging\Slf4JLoggerFactoryTest.java,dataset/projects/netty/common/src/test/java/io/netty/util/internal/logging/Slf4JLoggerFactoryTest.java,Slf4JLoggerFactoryTest.java,Slf4JLoggerFactoryTest,11,4,59,4,4,0,true,true,false,false,false,false,false,false,false,false
GitHub,relation_test_code_smell_ML,C:\Users\ismak\Documents\GitHub\relation_test_code_smell_ML\dataset\projects\netty\common\src\test\java\io\netty\util\internal\logging\Slf4JLoggerTest.java,dataset/projects/netty/common/src/test/java/io/netty/util/internal/logging/Slf4JLoggerTest.java,Slf4JLoggerTest.java,Slf4JLoggerTest,4,15,95,15,15,0,true,true,false,false,false,false,false,false,false,false
GitHub,relation_test_code_smell_ML,C:\Users\ismak\Documents\GitHub\relation_test_code_smell_ML\dataset\projects\netty\common\src\test\java\io\netty\util\internal\LongLongHashMapTest.java,dataset/projects/netty/common/src/test/java/io/netty/util/internal/LongLongHashMapTest.java,LongLongHashMapTest.java,LongLongHashMapTest,8,3,18,3,3,0,true,true,false,false,false,false,false,false,false,false
GitHub,relation_test_code_smell_ML,C:\Users\ismak\Documents\GitHub\relation_test_code_smell_ML\dataset\projects\netty\common\src\test\java\io\netty\util\internal\MacAddressUtilTest.java,dataset/projects/netty/common/src/test/java/io/netty/util/internal/MacAddressUtilTest.java,MacAddressUtilTest.java,MacAddressUtilTest,7,24,32,14,14,0,true,true,false,false,false,false,false,false,false,false
GitHub,relation_test_code_smell_ML,C:\Users\ismak\Documents\GitHub\relation_test_code_smell_ML\dataset\projects\netty\common\src\test\java\io\netty\util\internal\MathUtilTest.java,dataset/projects/netty/common/src/test/java/io/netty/util/internal/MathUtilTest.java,MathUtilTest.java,MathUtilTest,5,3,37,3,3,0,true,true,false,false,false,false,false,false,false,false
GitHub,relation_test_code_smell_ML,C:\Users\ismak\Documents\GitHub\relation_test_code_smell_ML\dataset\projects\netty\common\src\test\java\io\netty\util\internal\NativeLibraryLoaderTest.java,dataset/projects/netty/common/src/test/java/io/netty/util/internal/NativeLibraryLoaderTest.java,NativeLibraryLoaderTest.java,NativeLibraryLoaderTest,14,8,23,5,5,0,true,true,false,false,false,false,false,false,false,false
GitHub,relation_test_code_smell_ML,C:\Users\ismak\Documents\GitHub\relation_test_code_smell_ML\dataset\projects\netty\common\src\test\java\io\netty\util\internal\ObjectCleanerTest.java,dataset/projects/netty/common/src/test/java/io/netty/util/internal/ObjectCleanerTest.java,ObjectCleanerTest.java,ObjectCleanerTest,10,9,36,3,3,0,true,true,false,false,false,false,false,false,false,false
GitHub,relation_test_code_smell_ML,C:\Users\ismak\Documents\GitHub\relation_test_code_smell_ML\dataset\projects\netty\common\src\test\java\io\netty\util\internal\ObjectUtilTest.java,dataset/projects/netty/common/src/test/java/io/netty/util/internal/ObjectUtilTest.java,ObjectUtilTest.java,ObjectUtilTest,6,19,197,19,19,0,true,true,false,false,false,false,false,false,false,false
GitHub,relation_test_code_smell_ML,C:\Users\ismak\Documents\GitHub\relation_test_code_smell_ML\dataset\projects\netty\common\src\test\java\io\netty\util\internal\OsClassifiersTest.java,dataset/projects/netty/common/src/test/java/io/netty/util/internal/OsClassifiersTest.java,OsClassifiersTest.java,OsClassifiersTest,10,8,29,6,6,0,true,true,false,false,false,false,false,false,false,false
GitHub,relation_test_code_smell_ML,C:\Users\ismak\Documents\GitHub\relation_test_code_smell_ML\dataset\projects\netty\common\src\test\java\io\netty\util\internal\PlatformDependent0Test.java,dataset/projects/netty/common/src/test/java/io/netty/util/internal/PlatformDependent0Test.java,PlatformDependent0Test.java,PlatformDependent0Test,6,9,19,6,5,1,true,true,false,false,false,false,false,false,false,false
GitHub,relation_test_code_smell_ML,C:\Users\ismak\Documents\GitHub\relation_test_code_smell_ML\dataset\projects\netty\common\src\test\java\io\netty\util\internal\PlatformDependentTest.java,dataset/projects/netty/common/src/test/java/io/netty/util/internal/PlatformDependentTest.java,PlatformDependentTest.java,EqualityChecker,13,10,61,7,6,1,true,false,false,false,false,false,false,false,false,false
GitHub,relation_test_code_smell_ML,C:\Users\ismak\Documents\GitHub\relation_test_code_smell_ML\dataset\projects\netty\common\src\test\java\io\netty\util\internal\StringUtilTest.java,dataset/projects/netty/common/src/test/java/io/netty/util/internal/StringUtilTest.java,StringUtilTest.java,TestClass,22,83,253,65,64,1,true,true,false,false,false,false,false,false,false,false
GitHub,relation_test_code_smell_ML,C:\Users\ismak\Documents\GitHub\relation_test_code_smell_ML\dataset\projects\netty\common\src\test\java\io\netty\util\internal\SWARUtilTest.java,dataset/projects/netty/common/src/test/java/io/netty/util/internal/SWARUtilTest.java,SWARUtilTest.java,SWARUtilTest,3,12,33,8,8,0,true,true,false,false,false,false,false,false,false,false
GitHub,relation_test_code_smell_ML,C:\Users\ismak\Documents\GitHub\relation_test_code_smell_ML\dataset\projects\netty\common\src\test\java\io\netty\util\internal\SystemPropertyUtilTest.java,dataset/projects/netty/common/src/test/java/io/netty/util/internal/SystemPropertyUtilTest.java,SystemPropertyUtilTest.java,SystemPropertyUtilTest,7,18,39,15,15,0,true,true,false,false,false,false,false,false,false,false
GitHub,relation_test_code_smell_ML,C:\Users\ismak\Documents\GitHub\relation_test_code_smell_ML\dataset\projects\netty\common\src\test\java\io\netty\util\internal\ThreadExecutorMapTest.java,dataset/projects/netty/common/src/test/java/io/netty/util/internal/ThreadExecutorMapTest.java,ThreadExecutorMapTest.java,ThreadExecutorMapTest,12,18,25,4,4,0,true,true,false,false,false,false,false,false,false,false
GitHub,relation_test_code_smell_ML,C:\Users\ismak\Documents\GitHub\relation_test_code_smell_ML\dataset\projects\netty\common\src\test\java\io\netty\util\internal\ThreadLocalRandomTest.java,dataset/projects/netty/common/src/test/java/io/netty/util/internal/ThreadLocalRandomTest.java,ThreadLocalRandomTest.java,ThreadLocalRandomTest,2,1,1,1,1,0,true,true,false,false,false,false,false,false,false,false
GitHub,relation_test_code_smell_ML,C:\Users\ismak\Documents\GitHub\relation_test_code_smell_ML\dataset\projects\netty\common\src\test\java\io\netty\util\internal\TypeParameterMatcherTest.java,dataset/projects/netty/common/src/test/java/io/netty/util/internal/TypeParameterMatcherTest.java,TypeParameterMatcherTest.java,X,6,11,46,9,9,0,true,false,false,false,false,false,false,false,false,false
GitHub,relation_test_code_smell_ML,C:\Users\ismak\Documents\GitHub\relation_test_code_smell_ML\dataset\projects\netty\common\src\test\java\io\netty\util\internal\VirtualThreadCheckTest.java,dataset/projects/netty/common/src/test/java/io/netty/util/internal/VirtualThreadCheckTest.java,VirtualThreadCheckTest.java,SubOfSubThread,9,8,26,2,2,0,true,false,false,false,false,false,false,false,false,false
GitHub,relation_test_code_smell_ML,C:\Users\ismak\Documents\GitHub\relation_test_code_smell_ML\dataset\projects\netty\common\src\test\java\io\netty\util\LeakPresenceDetectorTest.java,dataset/projects/netty/common/src/test/java/io/netty/util/LeakPresenceDetectorTest.java,LeakPresenceDetectorTest.java,ResourceInStaticVariable1,11,9,17,1,1,0,true,false,false,false,false,false,false,false,false,false
GitHub,relation_test_code_smell_ML,C:\Users\ismak\Documents\GitHub\relation_test_code_smell_ML\dataset\projects\netty\common\src\test\java\io\netty\util\NettyRuntimeTests.java,dataset/projects/netty/common/src/test/java/io/netty/util/NettyRuntimeTests.java,NettyRuntimeTests.java,NettyRuntimeTests,10,12,51,7,7,0,true,true,false,false,false,false,false,false,false,false
GitHub,relation_test_code_smell_ML,C:\Users\ismak\Documents\GitHub\relation_test_code_smell_ML\dataset\projects\netty\common\src\test\java\io\netty\util\NetUtilTest.java,dataset/projects/netty/common/src/test/java/io/netty/util/NetUtilTest.java,NetUtilTest.java,TestMap,16,18,33,14,14,0,true,true,false,false,false,false,false,false,false,false
GitHub,relation_test_code_smell_ML,C:\Users\ismak\Documents\GitHub\relation_test_code_smell_ML\dataset\projects\netty\common\src\test\java\io\netty\util\RecyclerFastThreadLocalTest.java,dataset/projects/netty/common/src/test/java/io/netty/util/RecyclerFastThreadLocalTest.java,RecyclerFastThreadLocalTest.java,RecyclerFastThreadLocalTest,10,4,15,1,0,1,true,true,false,false,false,false,false,false,false,false
GitHub,relation_test_code_smell_ML,C:\Users\ismak\Documents\GitHub\relation_test_code_smell_ML\dataset\projects\netty\common\src\test\java\io\netty\util\RecyclerTest.java,dataset/projects/netty/common/src/test/java/io/netty/util/RecyclerTest.java,RecyclerTest.java,HandledObject,31,46,170,15,1,14,true,false,false,false,false,false,false,false,false,false
GitHub,relation_test_code_smell_ML,C:\Users\ismak\Documents\GitHub\relation_test_code_smell_ML\dataset\projects\netty\common\src\test\java\io\netty\util\ResourceLeakDetectorTest.java,dataset/projects/netty/common/src/test/java/io/netty/util/ResourceLeakDetectorTest.java,ResourceLeakDetectorTest.java,CreationRecordLeakDetector,12,24,47,3,3,0,true,false,false,false,false,false,false,false,false,false
GitHub,relation_test_code_smell_ML,C:\Users\ismak\Documents\GitHub\relation_test_code_smell_ML\dataset\projects\netty\common\src\test\java\io\netty\util\RunInFastThreadLocalThreadExtensionTest.java,dataset/projects/netty/common/src/test/java/io/netty/util/RunInFastThreadLocalThreadExtensionTest.java,RunInFastThreadLocalThreadExtensionTest.java,RunInFastThreadLocalThreadExtensionTest,7,3,3,1,1,0,true,true,false,false,false,false,false,false,false,false
GitHub,relation_test_code_smell_ML,C:\Users\ismak\Documents\GitHub\relation_test_code_smell_ML\dataset\projects\netty\common\src\test\java\io\netty\util\ThreadDeathWatcherTest.java,dataset/projects/netty/common/src/test/java/io/netty/util/ThreadDeathWatcherTest.java,ThreadDeathWatcherTest.java,ThreadDeathWatcherTest,10,9,31,3,3,0,true,true,false,false,false,false,false,false,false,false
GitHub,relation_test_code_smell_ML,C:\Users\ismak\Documents\GitHub\relation_test_code_smell_ML\dataset\projects\netty\handler\src\test\java\io\netty\handler\address\DynamicAddressConnectHandlerTest.java,dataset/projects/netty/handler/src/test/java/io/netty/handler/address/DynamicAddressConnectHandlerTest.java,DynamicAddressConnectHandlerTest.java,DynamicAddressConnectHandlerTest,10,9,22,4,3,1,true,true,false,false,false,false,false,false,false,false
GitHub,relation_test_code_smell_ML,C:\Users\ismak\Documents\GitHub\relation_test_code_smell_ML\dataset\projects\netty\handler\src\test\java\io\netty\handler\address\ResolveAddressHandlerTest.java,dataset/projects/netty/handler/src/test/java/io/netty/handler/address/ResolveAddressHandlerTest.java,ResolveAddressHandlerTest.java,TestResolverGroup,27,10,18,3,2,1,true,true,false,false,false,false,false,false,false,false
GitHub,relation_test_code_smell_ML,C:\Users\ismak\Documents\GitHub\relation_test_code_smell_ML\dataset\projects\netty\handler\src\test\java\io\netty\handler\flow\FlowControlHandlerTest.java,dataset/projects/netty/handler/src/test/java/io/netty/handler/flow/FlowControlHandlerTest.java,FlowControlHandlerTest.java,UpstreamReadCounter,43,79,394,21,21,0,true,false,false,false,false,false,false,false,false,false
GitHub,relation_test_code_smell_ML,C:\Users\ismak\Documents\GitHub\relation_test_code_smell_ML\dataset\projects\netty\handler\src\test\java\io\netty\handler\flush\FlushConsolidationHandlerTest.java,dataset/projects/netty/handler/src/test/java/io/netty/handler/flush/FlushConsolidationHandlerTest.java,FlushConsolidationHandlerTest.java,FlushConsolidationHandlerTest,11,13,91,9,9,0,true,true,false,false,false,false,false,false,false,false
GitHub,relation_test_code_smell_ML,C:\Users\ismak\Documents\GitHub\relation_test_code_smell_ML\dataset\projects\netty\handler\src\test\java\io\netty\handler\ipfilter\IpSubnetFilterRuleTest.java,dataset/projects/netty/handler/src/test/java/io/netty/handler/ipfilter/IpSubnetFilterRuleTest.java,IpSubnetFilterRuleTest.java,IpSubnetFilterRuleTest,5,5,6,3,3,0,true,true,false,false,false,false,false,false,false,false
GitHub,relation_test_code_smell_ML,C:\Users\ismak\Documents\GitHub\relation_test_code_smell_ML\dataset\projects\netty\handler\src\test\java\io\netty\handler\ipfilter\IpSubnetFilterTest.java,dataset/projects/netty/handler/src/test/java/io/netty/handler/ipfilter/IpSubnetFilterTest.java,IpSubnetFilterTest.java,IpSubnetFilterTest,19,21,101,13,13,0,true,true,false,false,false,false,false,false,false,false
GitHub,relation_test_code_smell_ML,C:\Users\ismak\Documents\GitHub\relation_test_code_smell_ML\dataset\projects\netty\handler\src\test\java\io\netty\handler\ipfilter\UniqueIpFilterTest.java,dataset/projects/netty/handler/src/test/java/io/netty/handler/ipfilter/UniqueIpFilterTest.java,UniqueIpFilterTest.java,UniqueIpFilterTest,13,4,7,1,1,0,true,true,false,false,false,false,false,false,false,false
GitHub,relation_test_code_smell_ML,C:\Users\ismak\Documents\GitHub\relation_test_code_smell_ML\dataset\projects\netty\handler\src\test\java\io\netty\handler\logging\LoggingHandlerTest.java,dataset/projects/netty/handler/src/test/java/io/netty/handler/logging/LoggingHandlerTest.java,LoggingHandlerTest.java,DisconnectingEmbeddedChannel,33,28,100,20,20,0,true,false,false,false,false,false,false,false,false,false
GitHub,relation_test_code_smell_ML,C:\Users\ismak\Documents\GitHub\relation_test_code_smell_ML\dataset\projects\netty\handler\src\test\java\io\netty\handler\NativeImageHandlerMetadataTest.java,dataset/projects/netty/handler/src/test/java/io/netty/handler/NativeImageHandlerMetadataTest.java,NativeImageHandlerMetadataTest.java,NativeImageHandlerMetadataTest,2,1,1,1,1,0,true,true,false,false,false,false,false,false,false,false
GitHub,relation_test_code_smell_ML,C:\Users\ismak\Documents\GitHub\relation_test_code_smell_ML\dataset\projects\netty\handler\src\test\java\io\netty\handler\pcap\PcapWriteHandlerTest.java,dataset/projects/netty/handler/src/test/java/io/netty/handler/pcap/PcapWriteHandlerTest.java,PcapWriteHandlerTest.java,DiscardingWritesAndFlushesHandler,51,74,327,25,25,0,true,false,false,false,false,false,false,false,false,false
GitHub,relation_test_code_smell_ML,C:\Users\ismak\Documents\GitHub\relation_test_code_smell_ML\dataset\projects\netty\handler\src\test\java\io\netty\handler\ssl\AmazonCorrettoSslEngineTest.java,dataset/projects/netty/handler/src/test/java/io/netty/handler/ssl/AmazonCorrettoSslEngineTest.java,AmazonCorrettoSslEngineTest.java,AmazonCorrettoSslEngineTest,13,8,10,2,0,2,true,true,false,false,false,false,false,false,false,true
GitHub,relation_test_code_smell_ML,C:\Users\ismak\Documents\GitHub\relation_test_code_smell_ML\dataset\projects\netty\handler\src\test\java\io\netty\handler\ssl\ApplicationProtocolNegotiationHandlerTest.java,dataset/projects/netty/handler/src/test/java/io/netty/handler/ssl/ApplicationProtocolNegotiationHandlerTest.java,ApplicationProtocolNegotiationHandlerTest.java,Consumer,23,22,71,10,8,2,true,false,false,false,false,false,false,false,false,false
GitHub,relation_test_code_smell_ML,C:\Users\ismak\Documents\GitHub\relation_test_code_smell_ML\dataset\projects\netty\handler\src\test\java\io\netty\handler\ssl\BouncyCastleEngineAlpnTest.java,dataset/projects/netty/handler/src/test/java/io/netty/handler/ssl/BouncyCastleEngineAlpnTest.java,BouncyCastleEngineAlpnTest.java,BouncyCastleEngineAlpnTest,10,2,11,1,1,0,true,true,false,false,false,false,false,false,false,false
GitHub,relation_test_code_smell_ML,C:\Users\ismak\Documents\GitHub\relation_test_code_smell_ML\dataset\projects\netty\handler\src\test\java\io\netty\handler\ssl\CipherSuiteCanaryTest.java,dataset/projects/netty/handler/src/test/java/io/netty/handler/ssl/CipherSuiteCanaryTest.java,CipherSuiteCanaryTest.java,CipherSuiteCanaryTest,41,17,44,1,0,1,true,true,false,false,false,false,false,false,false,false
GitHub,relation_test_code_smell_ML,C:\Users\ismak\Documents\GitHub\relation_test_code_smell_ML\dataset\projects\netty\handler\src\test\java\io\netty\handler\ssl\CipherSuiteConverterTest.java,dataset/projects/netty/handler/src/test/java/io/netty/handler/ssl/CipherSuiteConverterTest.java,CipherSuiteConverterTest.java,CipherSuiteConverterTest,8,13,297,13,7,6,true,true,false,false,false,false,false,false,false,false
GitHub,relation_test_code_smell_ML,C:\Users\ismak\Documents\GitHub\relation_test_code_smell_ML\dataset\projects\netty\handler\src\test\java\io\netty\handler\ssl\CloseNotifyTest.java,dataset/projects/netty/handler/src/test/java/io/netty/handler/ssl/CloseNotifyTest.java,CloseNotifyTest.java,CloseNotifyTest,29,13,42,0,0,0,true,true,false,false,false,false,false,false,false,false
GitHub,relation_test_code_smell_ML,C:\Users\ismak\Documents\GitHub\relation_test_code_smell_ML\dataset\projects\netty\handler\src\test\java\io\netty\handler\ssl\ConscryptJdkSslEngineInteropTest.java,dataset/projects/netty/handler/src/test/java/io/netty/handler/ssl/ConscryptJdkSslEngineInteropTest.java,ConscryptJdkSslEngineInteropTest.java,ConscryptJdkSslEngineInteropTest,7,11,8,4,1,3,true,true,false,false,false,false,false,false,false,true
GitHub,relation_test_code_smell_ML,C:\Users\ismak\Documents\GitHub\relation_test_code_smell_ML\dataset\projects\netty\handler\src\test\java\io\netty\handler\ssl\ConscryptOpenSslEngineInteropTest.java,dataset/projects/netty/handler/src/test/java/io/netty/handler/ssl/ConscryptOpenSslEngineInteropTest.java,ConscryptOpenSslEngineInteropTest.java,ConscryptOpenSslEngineInteropTest,14,28,41,17,1,16,true,true,false,false,false,false,false,false,false,true
GitHub,relation_test_code_smell_ML,C:\Users\ismak\Documents\GitHub\relation_test_code_smell_ML\dataset\projects\netty\handler\src\test\java\io\netty\handler\ssl\ConscryptSslEngineTest.java,dataset/projects/netty/handler/src/test/java/io/netty/handler/ssl/ConscryptSslEngineTest.java,ConscryptSslEngineTest.java,ConscryptSslEngineTest,7,13,8,6,1,5,true,true,false,false,false,false,false,false,false,false
GitHub,relation_test_code_smell_ML,C:\Users\ismak\Documents\GitHub\relation_test_code_smell_ML\dataset\projects\netty\handler\src\test\java\io\netty\handler\ssl\DelegatingSslContextTest.java,dataset/projects/netty/handler/src/test/java/io/netty/handler/ssl/DelegatingSslContextTest.java,DelegatingSslContextTest.java,DelegatingSslContextTest,5,4,12,2,2,0,true,true,false,false,false,false,false,false,false,false
GitHub,relation_test_code_smell_ML,C:\Users\ismak\Documents\GitHub\relation_test_code_smell_ML\dataset\projects\netty\handler\src\test\java\io\netty\handler\ssl\EnhancedX509ExtendedTrustManagerTest.java,dataset/projects/netty/handler/src/test/java/io/netty/handler/ssl/EnhancedX509ExtendedTrustManagerTest.java,EnhancedX509ExtendedTrustManagerTest.java,EnhancedX509ExtendedTrustManagerTest,35,54,69,2,0,2,true,true,false,false,false,false,false,false,false,false
GitHub,relation_test_code_smell_ML,C:\Users\ismak\Documents\GitHub\relation_test_code_smell_ML\dataset\projects\netty\handler\src\test\java\io\netty\handler\ssl\IdentityCipherSuiteFilterTest.java,dataset/projects/netty/handler/src/test/java/io/netty/handler/ssl/IdentityCipherSuiteFilterTest.java,IdentityCipherSuiteFilterTest.java,IdentityCipherSuiteFilterTest,6,2,8,2,2,0,true,true,false,false,false,false,false,false,false,false
GitHub,relation_test_code_smell_ML,C:\Users\ismak\Documents\GitHub\relation_test_code_smell_ML\dataset\projects\netty\handler\src\test\java\io\netty\handler\ssl\JdkConscryptSslEngineInteropTest.java,dataset/projects/netty/handler/src/test/java/io/netty/handler/ssl/JdkConscryptSslEngineInteropTest.java,JdkConscryptSslEngineInteropTest.java,JdkConscryptSslEngineInteropTest,7,13,9,6,1,5,true,true,false,false,false,false,false,false,false,true
GitHub,relation_test_code_smell_ML,C:\Users\ismak\Documents\GitHub\relation_test_code_smell_ML\dataset\projects\netty\handler\src\test\java\io\netty\handler\ssl\JdkDelegatingPrivateKeyMethodTest.java,dataset/projects/netty/handler/src/test/java/io/netty/handler/ssl/JdkDelegatingPrivateKeyMethodTest.java,JdkDelegatingPrivateKeyMethodTest.java,ServerHandler,48,20,100,4,2,2,true,false,false,false,false,false,false,false,false,true
GitHub,relation_test_code_smell_ML,C:\Users\ismak\Documents\GitHub\relation_test_code_smell_ML\dataset\projects\netty\handler\src\test\java\io\netty\handler\ssl\JdkOpenSslEngineInteroptTest.java,dataset/projects/netty/handler/src/test/java/io/netty/handler/ssl/JdkOpenSslEngineInteroptTest.java,JdkOpenSslEngineInteroptTest.java,JdkOpenSslEngineInteroptTest,13,30,50,21,0,21,true,true,false,false,false,false,false,false,false,true
GitHub,relation_test_code_smell_ML,C:\Users\ismak\Documents\GitHub\relation_test_code_smell_ML\dataset\projects\netty\handler\src\test\java\io\netty\handler\ssl\JdkSslClientContextTest.java,dataset/projects/netty/handler/src/test/java/io/netty/handler/ssl/JdkSslClientContextTest.java,JdkSslClientContextTest.java,NullReturningTrustManagerFactorySpi,11,5,6,1,1,0,true,false,false,false,false,false,false,false,false,false
GitHub,relation_test_code_smell_ML,C:\Users\ismak\Documents\GitHub\relation_test_code_smell_ML\dataset\projects\netty\handler\src\test\java\io\netty\handler\ssl\JdkSslEngineTest.java,dataset/projects/netty/handler/src/test/java/io/netty/handler/ssl/JdkSslEngineTest.java,JdkSslEngineTest.java,TestDelegatingSslContext,22,33,32,8,0,8,true,true,false,false,false,false,false,false,false,true
GitHub,relation_test_code_smell_ML,C:\Users\ismak\Documents\GitHub\relation_test_code_smell_ML\dataset\projects\netty\handler\src\test\java\io\netty\handler\ssl\JdkSslRenegotiateTest.java,dataset/projects/netty/handler/src/test/java/io/netty/handler/ssl/JdkSslRenegotiateTest.java,JdkSslRenegotiateTest.java,JdkSslRenegotiateTest,0,1,1,0,0,0,true,true,false,false,false,false,false,false,false,false
GitHub,relation_test_code_smell_ML,C:\Users\ismak\Documents\GitHub\relation_test_code_smell_ML\dataset\projects\netty\handler\src\test\java\io\netty\handler\ssl\JdkSslServerContextTest.java,dataset/projects/netty/handler/src/test/java/io/netty/handler/ssl/JdkSslServerContextTest.java,JdkSslServerContextTest.java,NullReturningTrustManagerFactorySpi,13,7,6,2,2,0,true,false,false,false,false,false,false,false,false,false
GitHub,relation_test_code_smell_ML,C:\Users\ismak\Documents\GitHub\relation_test_code_smell_ML\dataset\projects\netty\handler\src\test\java\io\netty\handler\ssl\OpenSslCachingKeyMaterialProviderTest.java,dataset/projects/netty/handler/src/test/java/io/netty/handler/ssl/OpenSslCachingKeyMaterialProviderTest.java,OpenSslCachingKeyMaterialProviderTest.java,RotatableKeyManager,15,13,46,4,4,0,true,false,false,false,false,false,false,false,false,false
GitHub,relation_test_code_smell_ML,C:\Users\ismak\Documents\GitHub\relation_test_code_smell_ML\dataset\projects\netty\handler\src\test\java\io\netty\handler\ssl\OpenSslCertificateCompressionTest.java,dataset/projects/netty/handler/src/test/java/io/netty/handler/ssl/OpenSslCertificateCompressionTest.java,OpenSslCertificateCompressionTest.java,TestCertCompressionAlgo,30,31,85,9,9,0,true,true,false,false,false,false,false,false,false,false
GitHub,relation_test_code_smell_ML,C:\Users\ismak\Documents\GitHub\relation_test_code_smell_ML\dataset\projects\netty\handler\src\test\java\io\netty\handler\ssl\OpenSslCertificateExceptionTest.java,dataset/projects/netty/handler/src/test/java/io/netty/handler/ssl/OpenSslCertificateExceptionTest.java,OpenSslCertificateExceptionTest.java,OpenSslCertificateExceptionTest,7,5,6,3,3,0,true,true,false,false,false,false,false,false,false,false
GitHub,relation_test_code_smell_ML,C:\Users\ismak\Documents\GitHub\relation_test_code_smell_ML\dataset\projects\netty\handler\src\test\java\io\netty\handler\ssl\OpenSslClientContextTest.java,dataset/projects/netty/handler/src/test/java/io/netty/handler/ssl/OpenSslClientContextTest.java,OpenSslClientContextTest.java,OpenSslClientContextTest,4,2,2,0,0,0,true,true,false,false,false,false,false,false,false,false
GitHub,relation_test_code_smell_ML,C:\Users\ismak\Documents\GitHub\relation_test_code_smell_ML\dataset\projects\netty\handler\src\test\java\io\netty\handler\ssl\OpenSslConscryptSslEngineInteropTest.java,dataset/projects/netty/handler/src/test/java/io/netty/handler/ssl/OpenSslConscryptSslEngineInteropTest.java,OpenSslConscryptSslEngineInteropTest.java,OpenSslConscryptSslEngineInteropTest,13,22,33,12,1,11,true,true,false,false,false,false,false,false,false,true
GitHub,relation_test_code_smell_ML,C:\Users\ismak\Documents\GitHub\relation_test_code_smell_ML\dataset\projects\netty\handler\src\test\java\io\netty\handler\ssl\OpenSslCredentialBuilderTest.java,dataset/projects/netty/handler/src/test/java/io/netty/handler/ssl/OpenSslCredentialBuilderTest.java,OpenSslCredentialBuilderTest.java,OpenSslCredentialBuilderTest,9,2,7,1,1,0,true,true,false,false,false,false,false,false,false,false
GitHub,relation_test_code_smell_ML,C:\Users\ismak\Documents\GitHub\relation_test_code_smell_ML\dataset\projects\netty\handler\src\test\java\io\netty\handler\ssl\OpenSslEngineTest.java,dataset/projects/netty/handler/src/test/java/io/netty/handler/ssl/OpenSslEngineTest.java,OpenSslEngineTest.java,OpenSslEngineTest,69,94,387,59,3,56,true,true,false,false,false,false,false,false,false,true
GitHub,relation_test_code_smell_ML,C:\Users\ismak\Documents\GitHub\relation_test_code_smell_ML\dataset\projects\netty\handler\src\test\java\io\netty\handler\ssl\OpenSslJdkSslEngineInteroptTest.java,dataset/projects/netty/handler/src/test/java/io/netty/handler/ssl/OpenSslJdkSslEngineInteroptTest.java,OpenSslJdkSslEngineInteroptTest.java,OpenSslJdkSslEngineInteroptTest,12,24,38,16,0,16,true,true,false,false,false,false,false,false,false,true
GitHub,relation_test_code_smell_ML,C:\Users\ismak\Documents\GitHub\relation_test_code_smell_ML\dataset\projects\netty\handler\src\test\java\io\netty\handler\ssl\OpenSslKeyMaterialManagerTest.java,dataset/projects/netty/handler/src/test/java/io/netty/handler/ssl/OpenSslKeyMaterialManagerTest.java,OpenSslKeyMaterialManagerTest.java,OpenSslKeyMaterialManagerTest,12,8,16,1,1,0,true,true,false,false,false,false,false,false,false,false
GitHub,relation_test_code_smell_ML,C:\Users\ismak\Documents\GitHub\relation_test_code_smell_ML\dataset\projects\netty\handler\src\test\java\io\netty\handler\ssl\OpenSslKeyMaterialProviderTest.java,dataset/projects/netty/handler/src/test/java/io/netty/handler/ssl/OpenSslKeyMaterialProviderTest.java,OpenSslKeyMaterialProviderTest.java,SingleKeyManager,20,13,28,2,2,0,true,false,false,false,false,false,false,false,false,false
GitHub,relation_test_code_smell_ML,C:\Users\ismak\Documents\GitHub\relation_test_code_smell_ML\dataset\projects\netty\handler\src\test\java\io\netty\handler\ssl\OpenSslPrivateKeyMethodTest.java,dataset/projects/netty/handler/src/test/java/io/netty/handler/ssl/OpenSslPrivateKeyMethodTest.java,OpenSslPrivateKeyMethodTest.java,OpenSslPrivateKeyMethodAdapter,53,35,83,4,0,4,true,false,false,false,false,false,false,false,false,false
GitHub,relation_test_code_smell_ML,C:\Users\ismak\Documents\GitHub\relation_test_code_smell_ML\dataset\projects\netty\handler\src\test\java\io\netty\handler\ssl\OpenSslRenegotiateTest.java,dataset/projects/netty/handler/src/test/java/io/netty/handler/ssl/OpenSslRenegotiateTest.java,OpenSslRenegotiateTest.java,OpenSslRenegotiateTest,4,3,4,0,0,0,true,true,false,false,false,false,false,false,false,false
GitHub,relation_test_code_smell_ML,C:\Users\ismak\Documents\GitHub\relation_test_code_smell_ML\dataset\projects\netty\handler\src\test\java\io\netty\handler\ssl\OpenSslServerContextTest.java,dataset/projects/netty/handler/src/test/java/io/netty/handler/ssl/OpenSslServerContextTest.java,OpenSslServerContextTest.java,OpenSslServerContextTest,3,2,2,0,0,0,true,true,false,false,false,false,false,false,false,false
GitHub,relation_test_code_smell_ML,C:\Users\ismak\Documents\GitHub\relation_test_code_smell_ML\dataset\projects\netty\handler\src\test\java\io\netty\handler\ssl\OpenSslTest.java,dataset/projects/netty/handler/src/test/java/io/netty/handler/ssl/OpenSslTest.java,OpenSslTest.java,OpenSslTest,6,4,4,4,4,0,true,true,false,false,false,false,false,false,false,false
GitHub,relation_test_code_smell_ML,C:\Users\ismak\Documents\GitHub\relation_test_code_smell_ML\dataset\projects\netty\handler\src\test\java\io\netty\handler\ssl\OpenSslX509KeyManagerFactoryProviderTest.java,dataset/projects/netty/handler/src/test/java/io/netty/handler/ssl/OpenSslX509KeyManagerFactoryProviderTest.java,OpenSslX509KeyManagerFactoryProviderTest.java,OpenSslX509KeyManagerFactoryProviderTest,3,2,4,0,0,0,true,true,false,false,false,false,false,false,false,false
GitHub,relation_test_code_smell_ML,C:\Users\ismak\Documents\GitHub\relation_test_code_smell_ML\dataset\projects\netty\handler\src\test\java\io\netty\handler\ssl\OptionalSslHandlerTest.java,dataset/projects/netty/handler/src/test/java/io/netty/handler/ssl/OptionalSslHandlerTest.java,OptionalSslHandlerTest.java,OptionalSslHandlerTest,13,9,20,4,4,0,true,true,false,false,false,false,false,false,false,false
GitHub,relation_test_code_smell_ML,C:\Users\ismak\Documents\GitHub\relation_test_code_smell_ML\dataset\projects\netty\handler\src\test\java\io\netty\handler\ssl\ParameterizedSslHandlerTest.java,dataset/projects/netty/handler/src/test/java/io/netty/handler/ssl/ParameterizedSslHandlerTest.java,ParameterizedSslHandlerTest.java,ReentryWriteSslHandshakeHandler,61,41,103,6,0,6,true,false,false,false,false,false,false,false,false,false
GitHub,relation_test_code_smell_ML,C:\Users\ismak\Documents\GitHub\relation_test_code_smell_ML\dataset\projects\netty\handler\src\test\java\io\netty\handler\ssl\PemEncodedTest.java,dataset/projects/netty/handler/src/test/java/io/netty/handler/ssl/PemEncodedTest.java,PemEncodedTest.java,PemEncodedTest,13,9,17,4,3,1,true,true,false,false,false,false,false,false,false,false
GitHub,relation_test_code_smell_ML,C:\Users\ismak\Documents\GitHub\relation_test_code_smell_ML\dataset\projects\netty\handler\src\test\java\io\netty\handler\ssl\PemReaderTest.java,dataset/projects/netty/handler/src/test/java/io/netty/handler/ssl/PemReaderTest.java,PemReaderTest.java,PemReaderTest,5,2,10,2,2,0,true,true,false,false,false,false,false,false,false,false
GitHub,relation_test_code_smell_ML,C:\Users\ismak\Documents\GitHub\relation_test_code_smell_ML\dataset\projects\netty\handler\src\test\java\io\netty\handler\ssl\PkiTestingTlsTest.java,dataset/projects/netty/handler/src/test/java/io/netty/handler/ssl/PkiTestingTlsTest.java,PkiTestingTlsTest.java,PkiTestingTlsTest,29,12,49,2,1,1,true,true,false,false,false,false,false,false,false,false
GitHub,relation_test_code_smell_ML,C:\Users\ismak\Documents\GitHub\relation_test_code_smell_ML\dataset\projects\netty\handler\src\test\java\io\netty\handler\ssl\PseudoRandomFunctionTest.java,dataset/projects/netty/handler/src/test/java/io/netty/handler/ssl/PseudoRandomFunctionTest.java,PseudoRandomFunctionTest.java,PseudoRandomFunctionTest,4,1,6,1,1,0,true,true,false,false,false,false,false,false,false,false
GitHub,relation_test_code_smell_ML,C:\Users\ismak\Documents\GitHub\relation_test_code_smell_ML\dataset\projects\netty\handler\src\test\java\io\netty\handler\ssl\ReferenceCountedOpenSslEngineTest.java,dataset/projects/netty/handler/src/test/java/io/netty/handler/ssl/ReferenceCountedOpenSslEngineTest.java,ReferenceCountedOpenSslEngineTest.java,ReferenceCountedOpenSslEngineTest,9,6,13,1,0,1,true,true,false,false,false,false,false,false,false,false
GitHub,relation_test_code_smell_ML,C:\Users\ismak\Documents\GitHub\relation_test_code_smell_ML\dataset\projects\netty\handler\src\test\java\io\netty\handler\ssl\RenegotiateTest.java,dataset/projects/netty/handler/src/test/java/io/netty/handler/ssl/RenegotiateTest.java,RenegotiateTest.java,RenegotiateTest,21,8,20,1,1,0,true,true,false,false,false,false,false,false,false,false
GitHub,relation_test_code_smell_ML,C:\Users\ismak\Documents\GitHub\relation_test_code_smell_ML\dataset\projects\netty\handler\src\test\java\io\netty\handler\ssl\SignatureAlgorithmConverterTest.java,dataset/projects/netty/handler/src/test/java/io/netty/handler/ssl/SignatureAlgorithmConverterTest.java,SignatureAlgorithmConverterTest.java,SignatureAlgorithmConverterTest,3,7,7,7,7,0,true,true,false,false,false,false,false,false,false,false
GitHub,relation_test_code_smell_ML,C:\Users\ismak\Documents\GitHub\relation_test_code_smell_ML\dataset\projects\netty\handler\src\test\java\io\netty\handler\ssl\SniClientTest.java,dataset/projects/netty/handler/src/test/java/io/netty/handler/ssl/SniClientTest.java,SniClientTest.java,SniClientTest,31,7,20,3,0,3,true,true,false,false,false,false,false,false,false,false
GitHub,relation_test_code_smell_ML,C:\Users\ismak\Documents\GitHub\relation_test_code_smell_ML\dataset\projects\netty\handler\src\test\java\io\netty\handler\ssl\SniHandlerTest.java,dataset/projects/netty/handler/src/test/java/io/netty/handler/ssl/SniHandlerTest.java,SniHandlerTest.java,CustomSslHandler,60,42,108,13,2,11,true,false,false,false,false,false,false,false,false,true
GitHub,relation_test_code_smell_ML,C:\Users\ismak\Documents\GitHub\relation_test_code_smell_ML\dataset\projects\netty\handler\src\test\java\io\netty\handler\ssl\SslClientHelloHandlerTest.java,dataset/projects/netty/handler/src/test/java/io/netty/handler/ssl/SslClientHelloHandlerTest.java,SslClientHelloHandlerTest.java,SslClientHelloHandlerTest,15,4,15,1,1,0,true,true,false,false,false,false,false,false,false,false
GitHub,relation_test_code_smell_ML,C:\Users\ismak\Documents\GitHub\relation_test_code_smell_ML\dataset\projects\netty\handler\src\test\java\io\netty\handler\ssl\SslContextBuilderTest.java,dataset/projects/netty/handler/src/test/java/io/netty/handler/ssl/SslContextBuilderTest.java,SslContextBuilderTest.java,SpySecureRandom,29,55,178,32,21,11,true,false,false,false,false,false,false,false,false,false
GitHub,relation_test_code_smell_ML,C:\Users\ismak\Documents\GitHub\relation_test_code_smell_ML\dataset\projects\netty\handler\src\test\java\io\netty\handler\ssl\SslContextTest.java,dataset/projects/netty/handler/src/test/java/io/netty/handler/ssl/SslContextTest.java,SslContextTest.java,SslContextTest,18,53,83,34,34,0,true,true,false,false,false,false,false,false,false,false
GitHub,relation_test_code_smell_ML,C:\Users\ismak\Documents\GitHub\relation_test_code_smell_ML\dataset\projects\netty\handler\src\test\java\io\netty\handler\ssl\SslContextTrustManagerTest.java,dataset/projects/netty/handler/src/test/java/io/netty/handler/ssl/SslContextTrustManagerTest.java,SslContextTrustManagerTest.java,SslContextTrustManagerTest,10,6,11,4,4,0,true,true,false,false,false,false,false,false,false,false
GitHub,relation_test_code_smell_ML,C:\Users\ismak\Documents\GitHub\relation_test_code_smell_ML\dataset\projects\netty\handler\src\test\java\io\netty\handler\ssl\SSLEngineTest.java,dataset/projects/netty/handler/src/test/java/io/netty/handler/ssl/SSLEngineTest.java,SSLEngineTest.java,TestTrustManagerFactory,124,256,976,71,5,66,true,true,false,false,false,false,false,false,false,true
GitHub,relation_test_code_smell_ML,C:\Users\ismak\Documents\GitHub\relation_test_code_smell_ML\dataset\projects\netty\handler\src\test\java\io\netty\handler\ssl\SslErrorTest.java,dataset/projects/netty/handler/src/test/java/io/netty/handler/ssl/SslErrorTest.java,SslErrorTest.java,TestCertificateException,46,15,47,1,0,1,true,true,false,false,false,false,false,false,false,false
GitHub,relation_test_code_smell_ML,C:\Users\ismak\Documents\GitHub\relation_test_code_smell_ML\dataset\projects\netty\handler\src\test\java\io\netty\handler\ssl\SslHandlerCoalescingBufferQueueTest.java,dataset/projects/netty/handler/src/test/java/io/netty/handler/ssl/SslHandlerCoalescingBufferQueueTest.java,SslHandlerCoalescingBufferQueueTest.java,SslHandlerCoalescingBufferQueueTest,13,9,36,1,0,1,true,true,false,false,false,false,false,false,false,false
GitHub,relation_test_code_smell_ML,C:\Users\ismak\Documents\GitHub\relation_test_code_smell_ML\dataset\projects\netty\handler\src\test\java\io\netty\handler\ssl\SslHandlerTest.java,dataset/projects/netty/handler/src/test/java/io/netty/handler/ssl/SslHandlerTest.java,SslHandlerTest.java,SslCompletionEventHandler,87,136,410,63,54,9,true,false,false,false,false,false,false,false,false,false
GitHub,relation_test_code_smell_ML,C:\Users\ismak\Documents\GitHub\relation_test_code_smell_ML\dataset\projects\netty\handler\src\test\java\io\netty\handler\ssl\SslUtilsTest.java,dataset/projects/netty/handler/src/test/java/io/netty/handler/ssl/SslUtilsTest.java,SslUtilsTest.java,SslUtilsTest,21,10,55,5,5,0,true,true,false,false,false,false,false,false,false,false
GitHub,relation_test_code_smell_ML,C:\Users\ismak\Documents\GitHub\relation_test_code_smell_ML\dataset\projects\netty\handler\src\test\java\io\netty\handler\ssl\util\BouncyCastleUtilTest.java,dataset/projects/netty/handler/src/test/java/io/netty/handler/ssl/util/BouncyCastleUtilTest.java,BouncyCastleUtilTest.java,BouncyCastleUtilTest,9,2,25,2,2,0,true,true,false,false,false,false,false,false,false,false
GitHub,relation_test_code_smell_ML,C:\Users\ismak\Documents\GitHub\relation_test_code_smell_ML\dataset\projects\netty\handler\src\test\java\io\netty\handler\ssl\util\FingerprintTrustManagerFactoryTest.java,dataset/projects/netty/handler/src/test/java/io/netty/handler/ssl/util/FingerprintTrustManagerFactoryTest.java,FingerprintTrustManagerFactoryTest.java,FingerprintTrustManagerFactoryTest,9,12,26,7,7,0,true,true,false,false,false,false,false,false,false,false
GitHub,relation_test_code_smell_ML,C:\Users\ismak\Documents\GitHub\relation_test_code_smell_ML\dataset\projects\netty\handler\src\test\java\io\netty\handler\ssl\util\KeytoolSelfSignedCertGeneratorTest.java,dataset/projects/netty/handler/src/test/java/io/netty/handler/ssl/util/KeytoolSelfSignedCertGeneratorTest.java,KeytoolSelfSignedCertGeneratorTest.java,KeytoolSelfSignedCertGeneratorTest,9,2,8,1,1,0,true,true,false,false,false,false,false,false,false,false
GitHub,relation_test_code_smell_ML,C:\Users\ismak\Documents\GitHub\relation_test_code_smell_ML\dataset\projects\netty\handler\src\test\java\io\netty\handler\ssl\util\LazyJavaxX509CertificateTest.java,dataset/projects/netty/handler/src/test/java/io/netty/handler/ssl/util/LazyJavaxX509CertificateTest.java,LazyJavaxX509CertificateTest.java,LazyJavaxX509CertificateTest,7,1,12,1,1,0,true,true,false,false,false,false,false,false,false,false
GitHub,relation_test_code_smell_ML,C:\Users\ismak\Documents\GitHub\relation_test_code_smell_ML\dataset\projects\netty\handler\src\test\java\io\netty\handler\ssl\util\LazyX509CertificateTest.java,dataset/projects/netty/handler/src/test/java/io/netty/handler/ssl/util/LazyX509CertificateTest.java,LazyX509CertificateTest.java,LazyX509CertificateTest,13,2,30,1,1,0,true,true,false,false,false,false,false,false,false,false
GitHub,relation_test_code_smell_ML,C:\Users\ismak\Documents\GitHub\relation_test_code_smell_ML\dataset\projects\netty\handler\src\test\java\io\netty\handler\ssl\util\OpenJdkSelfSignedCertGeneratorTest.java,dataset/projects/netty/handler/src/test/java/io/netty/handler/ssl/util/OpenJdkSelfSignedCertGeneratorTest.java,OpenJdkSelfSignedCertGeneratorTest.java,OpenJdkSelfSignedCertGeneratorTest,9,1,8,1,1,0,true,true,false,false,false,false,false,false,false,false
GitHub,relation_test_code_smell_ML,C:\Users\ismak\Documents\GitHub\relation_test_code_smell_ML\dataset\projects\netty\handler\src\test\java\io\netty\handler\ssl\util\SelfSignedCertificateTest.java,dataset/projects/netty/handler/src/test/java/io/netty/handler/ssl/util/SelfSignedCertificateTest.java,SelfSignedCertificateTest.java,SelfSignedCertificateTest,4,4,7,2,2,0,true,true,false,false,false,false,false,false,false,false
GitHub,relation_test_code_smell_ML,C:\Users\ismak\Documents\GitHub\relation_test_code_smell_ML\dataset\projects\netty\handler\src\test\java\io\netty\handler\ssl\util\SimpleTrustManagerFactoryTest.java,dataset/projects/netty/handler/src/test/java/io/netty/handler/ssl/util/SimpleTrustManagerFactoryTest.java,SimpleTrustManagerFactoryTest.java,SimpleTrustManagerFactoryTest,9,7,7,1,1,0,true,true,false,false,false,false,false,false,false,false
GitHub,relation_test_code_smell_ML,C:\Users\ismak\Documents\GitHub\relation_test_code_smell_ML\dataset\projects\netty\handler\src\test\java\io\netty\handler\stream\ChunkedStreamTest.java,dataset/projects/netty/handler/src/test/java/io/netty/handler/stream/ChunkedStreamTest.java,ChunkedStreamTest.java,ChunkedStreamTest,7,3,9,1,1,0,true,true,false,false,false,false,false,false,false,false
GitHub,relation_test_code_smell_ML,C:\Users\ismak\Documents\GitHub\relation_test_code_smell_ML\dataset\projects\netty\handler\src\test\java\io\netty\handler\stream\ChunkedWriteHandlerTest.java,dataset/projects/netty/handler/src/test/java/io/netty/handler/stream/ChunkedWriteHandlerTest.java,ChunkedWriteHandlerTest.java,ThrowingChunkedInput,31,84,222,28,28,0,true,false,false,false,false,false,false,false,false,false
GitHub,relation_test_code_smell_ML,C:\Users\ismak\Documents\GitHub\relation_test_code_smell_ML\dataset\projects\netty\handler\src\test\java\io\netty\handler\timeout\IdleStateEventTest.java,dataset/projects/netty/handler/src/test/java/io/netty/handler/timeout/IdleStateEventTest.java,IdleStateEventTest.java,IdleStateEventTest,3,1,6,1,1,0,true,true,false,false,false,false,false,false,false,false
GitHub,relation_test_code_smell_ML,C:\Users\ismak\Documents\GitHub\relation_test_code_smell_ML\dataset\projects\netty\handler\src\test\java\io\netty\handler\timeout\IdleStateHandlerResetFlagTest.java,dataset/projects/netty/handler/src/test/java/io/netty/handler/timeout/IdleStateHandlerResetFlagTest.java,IdleStateHandlerResetFlagTest.java,IdleStateHandlerResetFlagTest,9,4,12,2,2,0,true,true,false,false,false,false,false,false,false,false
GitHub,relation_test_code_smell_ML,C:\Users\ismak\Documents\GitHub\relation_test_code_smell_ML\dataset\projects\netty\handler\src\test\java\io\netty\handler\timeout\IdleStateHandlerTest.java,dataset/projects/netty/handler/src/test/java/io/netty/handler/timeout/IdleStateHandlerTest.java,IdleStateHandlerTest.java,ObservableChannel,16,27,64,10,10,0,true,false,false,false,false,false,false,false,false,false
GitHub,relation_test_code_smell_ML,C:\Users\ismak\Documents\GitHub\relation_test_code_smell_ML\dataset\projects\netty\handler\src\test\java\io\netty\handler\timeout\WriteTimeoutHandlerTest.java,dataset/projects/netty/handler/src/test/java/io/netty/handler/timeout/WriteTimeoutHandlerTest.java,WriteTimeoutHandlerTest.java,WriteTimeoutHandlerTest,10,3,6,1,1,0,true,true,false,false,false,false,false,false,false,false
GitHub,relation_test_code_smell_ML,C:\Users\ismak\Documents\GitHub\relation_test_code_smell_ML\dataset\projects\netty\handler\src\test\java\io\netty\handler\traffic\FileRegionThrottleTest.java,dataset/projects/netty/handler/src/test/java/io/netty/handler/traffic/FileRegionThrottleTest.java,FileRegionThrottleTest.java,ReadHandler,33,9,29,1,1,0,true,false,false,false,false,false,false,false,false,false
GitHub,relation_test_code_smell_ML,C:\Users\ismak\Documents\GitHub\relation_test_code_smell_ML\dataset\projects\netty\handler\src\test\java\io\netty\handler\traffic\TrafficShapingHandlerTest.java,dataset/projects/netty/handler/src/test/java/io/netty/handler/traffic/TrafficShapingHandlerTest.java,TrafficShapingHandlerTest.java,TrafficShapingHandlerTest,29,9,31,4,2,2,true,true,false,false,false,false,false,false,false,false
GitHub,relation_test_code_smell_ML,C:\Users\ismak\Documents\GitHub\relation_test_code_smell_ML\dataset\projects\netty\handler-proxy\src\test\java\io\netty\handler\proxy\HttpProxyHandlerTest.java,dataset/projects/netty/handler-proxy/src/test/java/io/netty/handler/proxy/HttpProxyHandlerTest.java,HttpProxyHandlerTest.java,HttpProxyHandlerTest,38,20,51,16,13,3,true,true,false,false,false,false,false,false,false,false
GitHub,relation_test_code_smell_ML,C:\Users\ismak\Documents\GitHub\relation_test_code_smell_ML\dataset\projects\netty\handler-proxy\src\test\java\io\netty\handler\proxy\NativeImageHandlerMetadataTest.java,dataset/projects/netty/handler-proxy/src/test/java/io/netty/handler/proxy/NativeImageHandlerMetadataTest.java,NativeImageHandlerMetadataTest.java,NativeImageHandlerMetadataTest,2,1,1,1,1,0,true,true,false,false,false,false,false,false,false,false
GitHub,relation_test_code_smell_ML,C:\Users\ismak\Documents\GitHub\relation_test_code_smell_ML\dataset\projects\netty\handler-proxy\src\test\java\io\netty\handler\proxy\ProxyHandlerTest.java,dataset/projects/netty/handler-proxy/src/test/java/io/netty/handler/proxy/ProxyHandlerTest.java,ProxyHandlerTest.java,TimeoutTestItem,54,24,90,6,0,6,true,false,false,false,false,false,false,false,false,false
GitHub,relation_test_code_smell_ML,C:\Users\ismak\Documents\GitHub\relation_test_code_smell_ML\dataset\projects\netty\handler-ssl-ocsp\src\test\java\io\netty\handler\ssl\ocsp\AbstractOcspTest.java,dataset/projects/netty/handler-ssl-ocsp/src/test/java/io/netty/handler/ssl/ocsp/AbstractOcspTest.java,AbstractOcspTest.java,AbstractOcspTest,7,3,3,0,0,0,true,true,false,false,false,false,false,false,false,false
GitHub,relation_test_code_smell_ML,C:\Users\ismak\Documents\GitHub\relation_test_code_smell_ML\dataset\projects\netty\handler-ssl-ocsp\src\test\java\io\netty\handler\ssl\ocsp\OcspClientTest.java,dataset/projects/netty/handler-ssl-ocsp/src/test/java/io/netty/handler/ssl/ocsp/OcspClientTest.java,OcspClientTest.java,OcspClientTest,27,4,25,2,2,0,true,true,false,false,false,false,false,false,false,false
GitHub,relation_test_code_smell_ML,C:\Users\ismak\Documents\GitHub\relation_test_code_smell_ML\dataset\projects\netty\handler-ssl-ocsp\src\test\java\io\netty\handler\ssl\ocsp\OcspServerCertificateValidatorTest.java,dataset/projects/netty/handler-ssl-ocsp/src/test/java/io/netty/handler/ssl/ocsp/OcspServerCertificateValidatorTest.java,OcspServerCertificateValidatorTest.java,OcspServerCertificateValidatorTest,20,4,8,1,1,0,true,true,false,false,false,false,false,false,false,false
GitHub,relation_test_code_smell_ML,C:\Users\ismak\Documents\GitHub\relation_test_code_smell_ML\dataset\projects\netty\handler-ssl-ocsp\src\test\java\io\netty\handler\ssl\ocsp\OcspTest.java,dataset/projects/netty/handler-ssl-ocsp/src/test/java/io/netty/handler/ssl/ocsp/OcspTest.java,OcspTest.java,OcspTestException,46,44,99,20,14,6,true,false,false,false,false,false,false,false,false,false
GitHub,relation_test_code_smell_ML,C:\Users\ismak\Documents\GitHub\relation_test_code_smell_ML\dataset\projects\netty\pkitesting\src\test\java\io\netty\pkitesting\CertificateBuilderTest.java,dataset/projects/netty/pkitesting/src/test/java/io/netty/pkitesting/CertificateBuilderTest.java,CertificateBuilderTest.java,CertificateBuilderTest,43,20,153,11,11,0,true,true,false,false,false,false,false,false,false,false
GitHub,relation_test_code_smell_ML,C:\Users\ismak\Documents\GitHub\relation_test_code_smell_ML\dataset\projects\netty\resolver\src\test\java\io\netty\resolver\DefaultHostsFileEntriesResolverTest.java,dataset/projects/netty/resolver/src/test/java/io/netty/resolver/DefaultHostsFileEntriesResolverTest.java,DefaultHostsFileEntriesResolverTest.java,DefaultHostsFileEntriesResolverTest,21,11,57,9,9,0,true,true,false,false,false,false,false,false,false,false
GitHub,relation_test_code_smell_ML,C:\Users\ismak\Documents\GitHub\relation_test_code_smell_ML\dataset\projects\netty\resolver\src\test\java\io\netty\resolver\HostsFileEntriesProviderTest.java,dataset/projects/netty/resolver/src/test/java/io/netty/resolver/HostsFileEntriesProviderTest.java,HostsFileEntriesProviderTest.java,HostsFileEntriesProviderTest,14,11,39,4,4,0,true,true,false,false,false,false,false,false,false,false
GitHub,relation_test_code_smell_ML,C:\Users\ismak\Documents\GitHub\relation_test_code_smell_ML\dataset\projects\netty\resolver\src\test\java\io\netty\resolver\HostsFileParserTest.java,dataset/projects/netty/resolver/src/test/java/io/netty/resolver/HostsFileParserTest.java,HostsFileParserTest.java,HostsFileParserTest,13,4,28,4,3,1,true,true,false,false,false,false,false,false,false,false
GitHub,relation_test_code_smell_ML,C:\Users\ismak\Documents\GitHub\relation_test_code_smell_ML\dataset\projects\netty\resolver\src\test\java\io\netty\resolver\InetSocketAddressResolverTest.java,dataset/projects/netty/resolver/src/test/java/io/netty/resolver/InetSocketAddressResolverTest.java,InetSocketAddressResolverTest.java,InetSocketAddressResolverTest,6,1,4,1,1,0,true,true,false,false,false,false,false,false,false,false
GitHub,relation_test_code_smell_ML,C:\Users\ismak\Documents\GitHub\relation_test_code_smell_ML\dataset\projects\netty\resolver-dns\src\test\java\io\netty\resolver\dns\DefaultAuthoritativeDnsServerCacheTest.java,dataset/projects/netty/resolver-dns/src/test/java/io/netty/resolver/dns/DefaultAuthoritativeDnsServerCacheTest.java,DefaultAuthoritativeDnsServerCacheTest.java,DefaultAuthoritativeDnsServerCacheTest,13,10,27,8,6,2,true,true,false,false,false,false,false,false,false,false
GitHub,relation_test_code_smell_ML,C:\Users\ismak\Documents\GitHub\relation_test_code_smell_ML\dataset\projects\netty\resolver-dns\src\test\java\io\netty\resolver\dns\DefaultDnsCacheTest.java,dataset/projects/netty/resolver-dns/src/test/java/io/netty/resolver/dns/DefaultDnsCacheTest.java,DefaultDnsCacheTest.java,DefaultDnsCacheTest,20,13,50,10,8,2,true,true,false,false,false,false,false,false,false,false
GitHub,relation_test_code_smell_ML,C:\Users\ismak\Documents\GitHub\relation_test_code_smell_ML\dataset\projects\netty\resolver-dns\src\test\java\io\netty\resolver\dns\DefaultDnsCnameCacheTest.java,dataset/projects/netty/resolver-dns/src/test/java/io/netty/resolver/dns/DefaultDnsCnameCacheTest.java,DefaultDnsCnameCacheTest.java,DefaultDnsCnameCacheTest,10,7,14,6,5,1,true,true,false,false,false,false,false,false,false,false
GitHub,relation_test_code_smell_ML,C:\Users\ismak\Documents\GitHub\relation_test_code_smell_ML\dataset\projects\netty\resolver-dns\src\test\java\io\netty\resolver\dns\DnsAddressResolverGroupTest.java,dataset/projects/netty/resolver-dns/src/test/java/io/netty/resolver/dns/DnsAddressResolverGroupTest.java,DnsAddressResolverGroupTest.java,DnsAddressResolverGroupTest,20,3,18,2,2,0,true,true,false,false,false,false,false,false,false,false
GitHub,relation_test_code_smell_ML,C:\Users\ismak\Documents\GitHub\relation_test_code_smell_ML\dataset\projects\netty\resolver-dns\src\test\java\io\netty\resolver\dns\DnsNameResolverBuilderTest.java,dataset/projects/netty/resolver-dns/src/test/java/io/netty/resolver/dns/DnsNameResolverBuilderTest.java,DnsNameResolverBuilderTest.java,TestQueryServerAddressStream,15,31,63,9,9,0,true,true,false,false,false,false,false,false,false,false
GitHub,relation_test_code_smell_ML,C:\Users\ismak\Documents\GitHub\relation_test_code_smell_ML\dataset\projects\netty\resolver-dns\src\test\java\io\netty\resolver\dns\DnsNameResolverClientSubnetTest.java,dataset/projects/netty/resolver-dns/src/test/java/io/netty/resolver/dns/DnsNameResolverClientSubnetTest.java,DnsNameResolverClientSubnetTest.java,DnsNameResolverClientSubnetTest,14,2,4,1,1,0,true,true,false,false,false,false,false,false,false,false
GitHub,relation_test_code_smell_ML,C:\Users\ismak\Documents\GitHub\relation_test_code_smell_ML\dataset\projects\netty\resolver-dns\src\test\java\io\netty\resolver\dns\DnsNameResolverTest.java,dataset/projects/netty/resolver-dns/src/test/java/io/netty/resolver/dns/DnsNameResolverTest.java,DnsNameResolverTest.java,RedirectingTestDnsServer,123,266,774,129,2,127,true,false,false,false,false,false,false,false,false,false
GitHub,relation_test_code_smell_ML,C:\Users\ismak\Documents\GitHub\relation_test_code_smell_ML\dataset\projects\netty\resolver-dns\src\test\java\io\netty\resolver\dns\DnsQueryContextTest.java,dataset/projects/netty/resolver-dns/src/test/java/io/netty/resolver/dns/DnsQueryContextTest.java,DnsQueryContextTest.java,DnsQueryContextTest,16,1,2,1,1,0,true,true,false,false,false,false,false,false,false,false
GitHub,relation_test_code_smell_ML,C:\Users\ismak\Documents\GitHub\relation_test_code_smell_ML\dataset\projects\netty\resolver-dns\src\test\java\io\netty\resolver\dns\DnsQueryIdSpaceTest.java,dataset/projects/netty/resolver-dns/src/test/java/io/netty/resolver/dns/DnsQueryIdSpaceTest.java,DnsQueryIdSpaceTest.java,DnsQueryIdSpaceTest,8,3,18,2,2,0,true,true,false,false,false,false,false,false,false,false
GitHub,relation_test_code_smell_ML,C:\Users\ismak\Documents\GitHub\relation_test_code_smell_ML\dataset\projects\netty\resolver-dns\src\test\java\io\netty\resolver\dns\DnsResolveContextTest.java,dataset/projects/netty/resolver-dns/src/test/java/io/netty/resolver/dns/DnsResolveContextTest.java,DnsResolveContextTest.java,DnsResolveContextTest,4,2,5,1,1,0,true,true,false,false,false,false,false,false,false,false
GitHub,relation_test_code_smell_ML,C:\Users\ismak\Documents\GitHub\relation_test_code_smell_ML\dataset\projects\netty\resolver-dns\src\test\java\io\netty\resolver\dns\DnsServerAddressesTest.java,dataset/projects/netty/resolver-dns/src/test/java/io/netty/resolver/dns/DnsServerAddressesTest.java,DnsServerAddressesTest.java,DnsServerAddressesTest,11,6,46,5,5,0,true,true,false,false,false,false,false,false,false,false
GitHub,relation_test_code_smell_ML,C:\Users\ismak\Documents\GitHub\relation_test_code_smell_ML\dataset\projects\netty\resolver-dns\src\test\java\io\netty\resolver\dns\DnsServerAddressStreamProvidersTest.java,dataset/projects/netty/resolver-dns/src/test/java/io/netty/resolver/dns/DnsServerAddressStreamProvidersTest.java,DnsServerAddressStreamProvidersTest.java,DnsServerAddressStreamProvidersTest,2,1,1,1,1,0,true,true,false,false,false,false,false,false,false,false
GitHub,relation_test_code_smell_ML,C:\Users\ismak\Documents\GitHub\relation_test_code_smell_ML\dataset\projects\netty\resolver-dns\src\test\java\io\netty\resolver\dns\NameServerComparatorTest.java,dataset/projects/netty/resolver-dns/src/test/java/io/netty/resolver/dns/NameServerComparatorTest.java,NameServerComparatorTest.java,NameServerComparatorTest,12,10,59,9,9,0,true,true,false,false,false,false,false,false,false,false
GitHub,relation_test_code_smell_ML,C:\Users\ismak\Documents\GitHub\relation_test_code_smell_ML\dataset\projects\netty\resolver-dns\src\test\java\io\netty\resolver\dns\NativeImageHandlerMetadataTest.java,dataset/projects/netty/resolver-dns/src/test/java/io/netty/resolver/dns/NativeImageHandlerMetadataTest.java,NativeImageHandlerMetadataTest.java,NativeImageHandlerMetadataTest,2,1,1,1,1,0,true,true,false,false,false,false,false,false,false,false
GitHub,relation_test_code_smell_ML,C:\Users\ismak\Documents\GitHub\relation_test_code_smell_ML\dataset\projects\netty\resolver-dns\src\test\java\io\netty\resolver\dns\PreferredAddressTypeComparatorTest.java,dataset/projects/netty/resolver-dns/src/test/java/io/netty/resolver/dns/PreferredAddressTypeComparatorTest.java,PreferredAddressTypeComparatorTest.java,PreferredAddressTypeComparatorTest,9,2,22,2,2,0,true,true,false,false,false,false,false,false,false,false
GitHub,relation_test_code_smell_ML,C:\Users\ismak\Documents\GitHub\relation_test_code_smell_ML\dataset\projects\netty\resolver-dns\src\test\java\io\netty\resolver\dns\ResolvConfTest.java,dataset/projects/netty/resolver-dns/src/test/java/io/netty/resolver/dns/ResolvConfTest.java,ResolvConfTest.java,ResolvConfTest,17,4,4,1,1,0,true,true,false,false,false,false,false,false,false,false
GitHub,relation_test_code_smell_ML,C:\Users\ismak\Documents\GitHub\relation_test_code_smell_ML\dataset\projects\netty\resolver-dns\src\test\java\io\netty\resolver\dns\SearchDomainTest.java,dataset/projects/netty/resolver-dns/src/test/java/io/netty/resolver/dns/SearchDomainTest.java,SearchDomainTest.java,SearchDomainTest,22,14,134,7,7,0,true,true,false,false,false,false,false,false,false,false
GitHub,relation_test_code_smell_ML,C:\Users\ismak\Documents\GitHub\relation_test_code_smell_ML\dataset\projects\netty\resolver-dns\src\test\java\io\netty\resolver\dns\TestDnsServer.java,dataset/projects/netty/resolver-dns/src/test/java/io/netty/resolver/dns/TestDnsServer.java,TestDnsServer.java,TestResourceRecord,39,26,54,0,0,0,true,true,false,false,false,false,false,false,false,true
GitHub,relation_test_code_smell_ML,C:\Users\ismak\Documents\GitHub\relation_test_code_smell_ML\dataset\projects\netty\resolver-dns\src\test\java\io\netty\resolver\dns\UnixResolverDnsServerAddressStreamProviderTest.java,dataset/projects/netty/resolver-dns/src/test/java/io/netty/resolver/dns/UnixResolverDnsServerAddressStreamProviderTest.java,UnixResolverDnsServerAddressStreamProviderTest.java,UnixResolverDnsServerAddressStreamProviderTest,14,23,106,21,21,0,true,true,false,false,false,false,false,false,false,false
GitHub,relation_test_code_smell_ML,C:\Users\ismak\Documents\GitHub\relation_test_code_smell_ML\dataset\projects\netty\resolver-dns-native-macos\src\test\java\io\netty\resolver\dns\macos\MacOSDnsServerAddressStreamProviderTest.java,dataset/projects/netty/resolver-dns-native-macos/src/test/java/io/netty/resolver/dns/macos/MacOSDnsServerAddressStreamProviderTest.java,MacOSDnsServerAddressStreamProviderTest.java,MacOSDnsServerAddressStreamProviderTest,9,2,8,2,2,0,true,true,false,false,false,false,false,false,false,false
GitHub,relation_test_code_smell_ML,C:\Users\ismak\Documents\GitHub\relation_test_code_smell_ML\dataset\projects\netty\testsuite\src\main\java\io\netty\testsuite\transport\AbstractComboTestsuiteTest.java,dataset/projects/netty/testsuite/src/main/java/io/netty/testsuite/transport/AbstractComboTestsuiteTest.java,AbstractComboTestsuiteTest.java,Runner,8,5,4,0,0,0,true,false,false,false,false,false,false,false,false,false
GitHub,relation_test_code_smell_ML,C:\Users\ismak\Documents\GitHub\relation_test_code_smell_ML\dataset\projects\netty\testsuite\src\main\java\io\netty\testsuite\transport\AbstractSingleThreadEventLoopTest.java,dataset/projects/netty/testsuite/src/main/java/io/netty/testsuite/transport/AbstractSingleThreadEventLoopTest.java,AbstractSingleThreadEventLoopTest.java,AbstractSingleThreadEventLoopTest,38,34,90,12,12,0,true,true,false,false,false,false,false,false,false,false
GitHub,relation_test_code_smell_ML,C:\Users\ismak\Documents\GitHub\relation_test_code_smell_ML\dataset\projects\netty\testsuite\src\main\java\io\netty\testsuite\transport\AbstractTestsuiteTest.java,dataset/projects/netty/testsuite/src/main/java/io/netty/testsuite/transport/AbstractTestsuiteTest.java,AbstractTestsuiteTest.java,Runner,8,5,4,0,0,0,true,false,false,false,false,false,false,false,false,false
GitHub,relation_test_code_smell_ML,C:\Users\ismak\Documents\GitHub\relation_test_code_smell_ML\dataset\projects\netty\testsuite\src\main\java\io\netty\testsuite\transport\DefaultEventLoopTest.java,dataset/projects/netty/testsuite/src/main/java/io/netty/testsuite/transport/DefaultEventLoopTest.java,DefaultEventLoopTest.java,AutoScalingDefaultEventLoopGroup,17,8,10,1,1,0,true,false,false,false,false,false,false,false,false,false
GitHub,relation_test_code_smell_ML,C:\Users\ismak\Documents\GitHub\relation_test_code_smell_ML\dataset\projects\netty\testsuite\src\main\java\io\netty\testsuite\transport\NioEventLoopTest.java,dataset/projects/netty/testsuite/src/main/java/io/netty/testsuite/transport/NioEventLoopTest.java,NioEventLoopTest.java,NioEventLoopTest,9,5,5,0,0,0,true,true,false,false,false,false,false,false,false,false
GitHub,relation_test_code_smell_ML,C:\Users\ismak\Documents\GitHub\relation_test_code_smell_ML\dataset\projects\netty\testsuite\src\main\java\io\netty\testsuite\transport\sctp\AbstractSctpTest.java,dataset/projects/netty/testsuite/src/main/java/io/netty/testsuite/transport/sctp/AbstractSctpTest.java,AbstractSctpTest.java,AbstractSctpTest,9,2,5,0,0,0,true,true,false,false,false,false,false,false,false,false
GitHub,relation_test_code_smell_ML,C:\Users\ismak\Documents\GitHub\relation_test_code_smell_ML\dataset\projects\netty\testsuite\src\main\java\io\netty\testsuite\transport\sctp\SctpEchoTest.java,dataset/projects/netty/testsuite/src/main/java/io/netty/testsuite/transport/sctp/SctpEchoTest.java,SctpEchoTest.java,EchoHandler,22,12,34,5,2,3,true,false,false,false,false,false,false,false,false,false
GitHub,relation_test_code_smell_ML,C:\Users\ismak\Documents\GitHub\relation_test_code_smell_ML\dataset\projects\netty\testsuite\src\main\java\io\netty\testsuite\transport\socket\AbstractClientSocketTest.java,dataset/projects/netty/testsuite/src/main/java/io/netty/testsuite/transport/socket/AbstractClientSocketTest.java,AbstractClientSocketTest.java,AbstractClientSocketTest,9,3,3,0,0,0,true,true,false,false,false,false,false,false,false,false
GitHub,relation_test_code_smell_ML,C:\Users\ismak\Documents\GitHub\relation_test_code_smell_ML\dataset\projects\netty\testsuite\src\main\java\io\netty\testsuite\transport\socket\AbstractDatagramTest.java,dataset/projects/netty/testsuite/src/main/java/io/netty/testsuite/transport/socket/AbstractDatagramTest.java,AbstractDatagramTest.java,AbstractDatagramTest,13,7,8,0,0,0,true,true,false,false,false,false,false,false,false,false
GitHub,relation_test_code_smell_ML,C:\Users\ismak\Documents\GitHub\relation_test_code_smell_ML\dataset\projects\netty\testsuite\src\main\java\io\netty\testsuite\transport\socket\AbstractServerSocketTest.java,dataset/projects/netty/testsuite/src/main/java/io/netty/testsuite/transport/socket/AbstractServerSocketTest.java,AbstractServerSocketTest.java,AbstractServerSocketTest,9,3,5,0,0,0,true,true,false,false,false,false,false,false,false,false
GitHub,relation_test_code_smell_ML,C:\Users\ismak\Documents\GitHub\relation_test_code_smell_ML\dataset\projects\netty\testsuite\src\main\java\io\netty\testsuite\transport\socket\AbstractSocketReuseFdTest.java,dataset/projects/netty/testsuite/src/main/java/io/netty/testsuite/transport/socket/AbstractSocketReuseFdTest.java,AbstractSocketReuseFdTest.java,ReuseFdHandler,24,11,29,2,1,1,true,false,false,false,false,false,false,false,false,false
GitHub,relation_test_code_smell_ML,C:\Users\ismak\Documents\GitHub\relation_test_code_smell_ML\dataset\projects\netty\testsuite\src\main\java\io\netty\testsuite\transport\socket\AbstractSocketShutdownOutputByPeerTest.java,dataset/projects/netty/testsuite/src/main/java/io/netty/testsuite/transport/socket/AbstractSocketShutdownOutputByPeerTest.java,AbstractSocketShutdownOutputByPeerTest.java,TestHandler,21,15,16,4,2,2,true,true,false,false,false,false,false,false,false,false
GitHub,relation_test_code_smell_ML,C:\Users\ismak\Documents\GitHub\relation_test_code_smell_ML\dataset\projects\netty\testsuite\src\main\java\io\netty\testsuite\transport\socket\AbstractSocketTest.java,dataset/projects/netty/testsuite/src/main/java/io/netty/testsuite/transport/socket/AbstractSocketTest.java,AbstractSocketTest.java,AbstractSocketTest,10,3,6,0,0,0,true,true,false,false,false,false,false,false,false,false
GitHub,relation_test_code_smell_ML,C:\Users\ismak\Documents\GitHub\relation_test_code_smell_ML\dataset\projects\netty\testsuite\src\main\java\io\netty\testsuite\transport\socket\CompositeBufferGatheringWriteTest.java,dataset/projects/netty/testsuite/src/main/java/io/netty/testsuite/transport/socket/CompositeBufferGatheringWriteTest.java,CompositeBufferGatheringWriteTest.java,CompositeBufferGatheringWriteTest,22,24,45,4,2,2,true,true,false,false,false,false,false,false,false,false
GitHub,relation_test_code_smell_ML,C:\Users\ismak\Documents\GitHub\relation_test_code_smell_ML\dataset\projects\netty\testsuite\src\main\java\io\netty\testsuite\transport\socket\DatagramConnectedWriteExceptionTest.java,dataset/projects/netty/testsuite/src/main/java/io/netty/testsuite/transport/socket/DatagramConnectedWriteExceptionTest.java,DatagramConnectedWriteExceptionTest.java,DatagramConnectedWriteExceptionTest,25,5,11,2,1,1,true,true,false,false,false,false,false,false,false,false
GitHub,relation_test_code_smell_ML,C:\Users\ismak\Documents\GitHub\relation_test_code_smell_ML\dataset\projects\netty\testsuite\src\main\java\io\netty\testsuite\transport\socket\DatagramConnectNotExistsTest.java,dataset/projects/netty/testsuite/src/main/java/io/netty/testsuite/transport/socket/DatagramConnectNotExistsTest.java,DatagramConnectNotExistsTest.java,DatagramConnectNotExistsTest,21,5,9,2,1,1,true,true,false,false,false,false,false,false,false,false
GitHub,relation_test_code_smell_ML,C:\Users\ismak\Documents\GitHub\relation_test_code_smell_ML\dataset\projects\netty\testsuite\src\main\java\io\netty\testsuite\transport\socket\DatagramMulticastIPv6Test.java,dataset/projects/netty/testsuite/src/main/java/io/netty/testsuite/transport/socket/DatagramMulticastIPv6Test.java,DatagramMulticastIPv6Test.java,DatagramMulticastIPv6Test,4,2,3,1,0,1,true,true,false,false,false,false,false,false,false,false
GitHub,relation_test_code_smell_ML,C:\Users\ismak\Documents\GitHub\relation_test_code_smell_ML\dataset\projects\netty\testsuite\src\main\java\io\netty\testsuite\transport\socket\DatagramMulticastTest.java,dataset/projects/netty/testsuite/src/main/java/io/netty/testsuite/transport/socket/DatagramMulticastTest.java,DatagramMulticastTest.java,MulticastTestHandler,31,13,55,2,1,1,true,false,false,false,false,false,false,false,false,false
GitHub,relation_test_code_smell_ML,C:\Users\ismak\Documents\GitHub\relation_test_code_smell_ML\dataset\projects\netty\testsuite\src\main\java\io\netty\testsuite\transport\socket\DatagramUnicastInetTest.java,dataset/projects/netty/testsuite/src/main/java/io/netty/testsuite/transport/socket/DatagramUnicastInetTest.java,DatagramUnicastInetTest.java,DatagramUnicastInetTest,18,13,16,2,1,1,true,true,false,false,false,false,false,false,false,false
GitHub,relation_test_code_smell_ML,C:\Users\ismak\Documents\GitHub\relation_test_code_smell_ML\dataset\projects\netty\testsuite\src\main\java\io\netty\testsuite\transport\socket\DatagramUnicastIPv6MappedTest.java,dataset/projects/netty/testsuite/src/main/java/io/netty/testsuite/transport/socket/DatagramUnicastIPv6MappedTest.java,DatagramUnicastIPv6MappedTest.java,DatagramUnicastIPv6MappedTest,7,3,6,0,0,0,true,true,false,false,false,false,false,false,false,false
GitHub,relation_test_code_smell_ML,C:\Users\ismak\Documents\GitHub\relation_test_code_smell_ML\dataset\projects\netty\testsuite\src\main\java\io\netty\testsuite\transport\socket\DatagramUnicastIPv6Test.java,dataset/projects/netty/testsuite/src/main/java/io/netty/testsuite/transport/socket/DatagramUnicastIPv6Test.java,DatagramUnicastIPv6Test.java,DatagramUnicastIPv6Test,7,2,2,0,0,0,true,true,false,false,false,false,false,false,false,false
GitHub,relation_test_code_smell_ML,C:\Users\ismak\Documents\GitHub\relation_test_code_smell_ML\dataset\projects\netty\testsuite\src\main\java\io\netty\testsuite\transport\socket\DatagramUnicastTest.java,dataset/projects/netty/testsuite/src/main/java/io/netty/testsuite/transport/socket/DatagramUnicastTest.java,DatagramUnicastTest.java,DatagramUnicastTest,47,51,95,25,10,15,true,true,false,false,false,false,false,false,false,false
GitHub,relation_test_code_smell_ML,C:\Users\ismak\Documents\GitHub\relation_test_code_smell_ML\dataset\projects\netty\testsuite\src\main\java\io\netty\testsuite\transport\socket\ServerSocketSuspendTest.java,dataset/projects/netty/testsuite/src/main/java/io/netty/testsuite/transport/socket/ServerSocketSuspendTest.java,ServerSocketSuspendTest.java,AcceptedChannelCounter,15,4,12,2,1,1,true,false,false,false,false,false,false,false,false,false
GitHub,relation_test_code_smell_ML,C:\Users\ismak\Documents\GitHub\relation_test_code_smell_ML\dataset\projects\netty\testsuite\src\main\java\io\netty\testsuite\transport\socket\SocketAddressesTest.java,dataset/projects/netty/testsuite/src/main/java/io/netty/testsuite/transport/socket/SocketAddressesTest.java,SocketAddressesTest.java,SocketAddressesTest,13,7,9,3,2,1,true,true,false,false,false,false,false,false,false,false
GitHub,relation_test_code_smell_ML,C:\Users\ismak\Documents\GitHub\relation_test_code_smell_ML\dataset\projects\netty\testsuite\src\main\java\io\netty\testsuite\transport\socket\SocketAutoReadTest.java,dataset/projects/netty/testsuite/src/main/java/io/netty/testsuite/transport/socket/SocketAutoReadTest.java,SocketAutoReadTest.java,TestRecvByteBufAllocator,21,21,28,3,1,2,true,true,false,false,false,false,false,false,false,false
GitHub,relation_test_code_smell_ML,C:\Users\ismak\Documents\GitHub\relation_test_code_smell_ML\dataset\projects\netty\testsuite\src\main\java\io\netty\testsuite\transport\socket\SocketBufReleaseTest.java,dataset/projects/netty/testsuite/src/main/java/io/netty/testsuite/transport/socket/SocketBufReleaseTest.java,SocketBufReleaseTest.java,BufWriterHandler,16,8,24,2,1,1,true,false,false,false,false,false,false,false,false,false
GitHub,relation_test_code_smell_ML,C:\Users\ismak\Documents\GitHub\relation_test_code_smell_ML\dataset\projects\netty\testsuite\src\main\java\io\netty\testsuite\transport\socket\SocketCancelWriteTest.java,dataset/projects/netty/testsuite/src/main/java/io/netty/testsuite/transport/socket/SocketCancelWriteTest.java,SocketCancelWriteTest.java,TestHandler,16,6,34,2,1,1,true,true,false,false,false,false,false,false,false,false
GitHub,relation_test_code_smell_ML,C:\Users\ismak\Documents\GitHub\relation_test_code_smell_ML\dataset\projects\netty\testsuite\src\main\java\io\netty\testsuite\transport\socket\SocketChannelNotYetConnectedTest.java,dataset/projects/netty/testsuite/src/main/java/io/netty/testsuite/transport/socket/SocketChannelNotYetConnectedTest.java,SocketChannelNotYetConnectedTest.java,SocketChannelNotYetConnectedTest,23,9,19,3,2,1,true,true,false,false,false,false,false,false,false,false
GitHub,relation_test_code_smell_ML,C:\Users\ismak\Documents\GitHub\relation_test_code_smell_ML\dataset\projects\netty\testsuite\src\main\java\io\netty\testsuite\transport\socket\SocketCloseForciblyTest.java,dataset/projects/netty/testsuite/src/main/java/io/netty/testsuite/transport/socket/SocketCloseForciblyTest.java,SocketCloseForciblyTest.java,SocketCloseForciblyTest,8,4,10,2,1,1,true,true,false,false,false,false,false,false,false,false
GitHub,relation_test_code_smell_ML,C:\Users\ismak\Documents\GitHub\relation_test_code_smell_ML\dataset\projects\netty\testsuite\src\main\java\io\netty\testsuite\transport\socket\SocketConditionalWritabilityTest.java,dataset/projects/netty/testsuite/src/main/java/io/netty/testsuite/transport/socket/SocketConditionalWritabilityTest.java,SocketConditionalWritabilityTest.java,SocketConditionalWritabilityTest,16,11,17,2,1,1,true,true,false,false,false,false,false,false,false,false
GitHub,relation_test_code_smell_ML,C:\Users\ismak\Documents\GitHub\relation_test_code_smell_ML\dataset\projects\netty\testsuite\src\main\java\io\netty\testsuite\transport\socket\SocketConnectionAttemptTest.java,dataset/projects/netty/testsuite/src/main/java/io/netty/testsuite/transport/socket/SocketConnectionAttemptTest.java,SocketConnectionAttemptTest.java,TestHandler,29,16,30,9,4,5,true,true,false,false,false,false,false,false,false,false
GitHub,relation_test_code_smell_ML,C:\Users\ismak\Documents\GitHub\relation_test_code_smell_ML\dataset\projects\netty\testsuite\src\main\java\io\netty\testsuite\transport\socket\SocketConnectTest.java,dataset/projects/netty/testsuite/src/main/java/io/netty/testsuite/transport/socket/SocketConnectTest.java,SocketConnectTest.java,EchoServerHandler,33,31,73,12,7,5,true,false,false,false,false,false,false,false,false,false
GitHub,relation_test_code_smell_ML,C:\Users\ismak\Documents\GitHub\relation_test_code_smell_ML\dataset\projects\netty\testsuite\src\main\java\io\netty\testsuite\transport\socket\SocketDataReadInitialStateTest.java,dataset/projects/netty/testsuite/src/main/java/io/netty/testsuite/transport/socket/SocketDataReadInitialStateTest.java,SocketDataReadInitialStateTest.java,SocketDataReadInitialStateTest,17,16,26,4,2,2,true,true,false,false,false,false,false,false,false,false
GitHub,relation_test_code_smell_ML,C:\Users\ismak\Documents\GitHub\relation_test_code_smell_ML\dataset\projects\netty\testsuite\src\main\java\io\netty\testsuite\transport\socket\SocketEchoTest.java,dataset/projects/netty/testsuite/src/main/java/io/netty/testsuite/transport/socket/SocketEchoTest.java,SocketEchoTest.java,EchoHandler,25,31,54,15,7,8,true,false,false,false,false,false,false,false,false,false
GitHub,relation_test_code_smell_ML,C:\Users\ismak\Documents\GitHub\relation_test_code_smell_ML\dataset\projects\netty\testsuite\src\main\java\io\netty\testsuite\transport\socket\SocketExceptionHandlingTest.java,dataset/projects/netty/testsuite/src/main/java/io/netty/testsuite/transport/socket/SocketExceptionHandlingTest.java,SocketExceptionHandlingTest.java,ExceptionHandler,17,6,12,2,1,1,true,false,false,false,false,false,false,false,false,false
GitHub,relation_test_code_smell_ML,C:\Users\ismak\Documents\GitHub\relation_test_code_smell_ML\dataset\projects\netty\testsuite\src\main\java\io\netty\testsuite\transport\socket\SocketFileRegionTest.java,dataset/projects/netty/testsuite/src/main/java/io/netty/testsuite/transport/socket/SocketFileRegionTest.java,SocketFileRegionTest.java,FileRegionWrapper,35,54,111,15,7,8,true,false,false,false,false,false,false,false,false,true
GitHub,relation_test_code_smell_ML,C:\Users\ismak\Documents\GitHub\relation_test_code_smell_ML\dataset\projects\netty\testsuite\src\main\java\io\netty\testsuite\transport\socket\SocketFixedLengthEchoTest.java,dataset/projects/netty/testsuite/src/main/java/io/netty/testsuite/transport/socket/SocketFixedLengthEchoTest.java,SocketFixedLengthEchoTest.java,EchoHandler,18,13,40,5,2,3,true,false,false,false,false,false,false,false,false,false
GitHub,relation_test_code_smell_ML,C:\Users\ismak\Documents\GitHub\relation_test_code_smell_ML\dataset\projects\netty\testsuite\src\main\java\io\netty\testsuite\transport\socket\SocketGatheringWriteTest.java,dataset/projects/netty/testsuite/src/main/java/io/netty/testsuite/transport/socket/SocketGatheringWriteTest.java,SocketGatheringWriteTest.java,TestHandler,35,30,83,13,6,7,true,true,false,false,false,false,false,false,false,true
GitHub,relation_test_code_smell_ML,C:\Users\ismak\Documents\GitHub\relation_test_code_smell_ML\dataset\projects\netty\testsuite\src\main\java\io\netty\testsuite\transport\socket\SocketHalfClosedTest.java,dataset/projects/netty/testsuite/src/main/java/io/netty/testsuite/transport/socket/SocketHalfClosedTest.java,SocketHalfClosedTest.java,TestNumReadsRecvByteBufAllocator,35,85,166,14,6,8,true,true,false,false,false,false,false,false,false,false
GitHub,relation_test_code_smell_ML,C:\Users\ismak\Documents\GitHub\relation_test_code_smell_ML\dataset\projects\netty\testsuite\src\main\java\io\netty\testsuite\transport\socket\SocketMultipleConnectTest.java,dataset/projects/netty/testsuite/src/main/java/io/netty/testsuite/transport/socket/SocketMultipleConnectTest.java,SocketMultipleConnectTest.java,SocketMultipleConnectTest,18,4,8,2,1,1,true,true,false,false,false,false,false,false,false,false
GitHub,relation_test_code_smell_ML,C:\Users\ismak\Documents\GitHub\relation_test_code_smell_ML\dataset\projects\netty\testsuite\src\main\java\io\netty\testsuite\transport\socket\SocketObjectEchoTest.java,dataset/projects/netty/testsuite/src/main/java/io/netty/testsuite/transport/socket/SocketObjectEchoTest.java,SocketObjectEchoTest.java,EchoHandler,16,13,33,5,2,3,true,false,false,false,false,false,false,false,false,false
GitHub,relation_test_code_smell_ML,C:\Users\ismak\Documents\GitHub\relation_test_code_smell_ML\dataset\projects\netty\testsuite\src\main\java\io\netty\testsuite\transport\socket\SocketReadPendingTest.java,dataset/projects/netty/testsuite/src/main/java/io/netty/testsuite/transport/socket/SocketReadPendingTest.java,SocketReadPendingTest.java,TestNumReadsRecvByteBufAllocator,23,19,26,2,1,1,true,true,false,false,false,false,false,false,false,false
GitHub,relation_test_code_smell_ML,C:\Users\ismak\Documents\GitHub\relation_test_code_smell_ML\dataset\projects\netty\testsuite\src\main\java\io\netty\testsuite\transport\socket\SocketRstTest.java,dataset/projects/netty/testsuite/src/main/java/io/netty/testsuite/transport/socket/SocketRstTest.java,SocketRstTest.java,SocketRstTest,17,15,42,4,2,2,true,true,false,false,false,false,false,false,false,false
GitHub,relation_test_code_smell_ML,C:\Users\ismak\Documents\GitHub\relation_test_code_smell_ML\dataset\projects\netty\testsuite\src\main\java\io\netty\testsuite\transport\socket\SocketShutdownOutputByPeerTest.java,dataset/projects/netty/testsuite/src/main/java/io/netty/testsuite/transport/socket/SocketShutdownOutputByPeerTest.java,SocketShutdownOutputByPeerTest.java,SocketShutdownOutputByPeerTest,4,5,5,0,0,0,true,true,false,false,false,false,false,false,false,false
GitHub,relation_test_code_smell_ML,C:\Users\ismak\Documents\GitHub\relation_test_code_smell_ML\dataset\projects\netty\testsuite\src\main\java\io\netty\testsuite\transport\socket\SocketShutdownOutputBySelfTest.java,dataset/projects/netty/testsuite/src/main/java/io/netty/testsuite/transport/socket/SocketShutdownOutputBySelfTest.java,SocketShutdownOutputBySelfTest.java,TestHandler,31,22,36,11,5,6,true,true,false,false,false,false,false,false,false,true
GitHub,relation_test_code_smell_ML,C:\Users\ismak\Documents\GitHub\relation_test_code_smell_ML\dataset\projects\netty\testsuite\src\main\java\io\netty\testsuite\transport\socket\SocketSpdyEchoTest.java,dataset/projects/netty/testsuite/src/main/java/io/netty/testsuite/transport/socket/SocketSpdyEchoTest.java,SocketSpdyEchoTest.java,SpdyEchoTestClientHandler,21,17,107,5,2,3,true,false,false,false,false,false,false,false,false,false
GitHub,relation_test_code_smell_ML,C:\Users\ismak\Documents\GitHub\relation_test_code_smell_ML\dataset\projects\netty\testsuite\src\main\java\io\netty\testsuite\transport\socket\SocketSslClientRenegotiateTest.java,dataset/projects/netty/testsuite/src/main/java/io/netty/testsuite/transport/socket/SocketSslClientRenegotiateTest.java,SocketSslClientRenegotiateTest.java,TestHandler,41,13,39,2,0,2,true,true,false,false,false,false,false,false,false,false
GitHub,relation_test_code_smell_ML,C:\Users\ismak\Documents\GitHub\relation_test_code_smell_ML\dataset\projects\netty\testsuite\src\main\java\io\netty\testsuite\transport\socket\SocketSslEchoTest.java,dataset/projects/netty/testsuite/src/main/java/io/netty/testsuite/transport/socket/SocketSslEchoTest.java,SocketSslEchoTest.java,EchoServerHandler,53,19,106,2,0,2,true,false,false,false,false,false,false,false,false,true
GitHub,relation_test_code_smell_ML,C:\Users\ismak\Documents\GitHub\relation_test_code_smell_ML\dataset\projects\netty\testsuite\src\main\java\io\netty\testsuite\transport\socket\SocketSslGreetingTest.java,dataset/projects/netty/testsuite/src/main/java/io/netty/testsuite/transport/socket/SocketSslGreetingTest.java,SocketSslGreetingTest.java,ServerHandler,43,13,38,2,0,2,true,false,false,false,false,false,false,false,false,false
GitHub,relation_test_code_smell_ML,C:\Users\ismak\Documents\GitHub\relation_test_code_smell_ML\dataset\projects\netty\testsuite\src\main\java\io\netty\testsuite\transport\socket\SocketSslLargeCertificateTest.java,dataset/projects/netty/testsuite/src/main/java/io/netty/testsuite/transport/socket/SocketSslLargeCertificateTest.java,SocketSslLargeCertificateTest.java,SocketSslLargeCertificateTest,45,14,39,0,0,0,true,true,false,false,false,false,false,false,false,false
GitHub,relation_test_code_smell_ML,C:\Users\ismak\Documents\GitHub\relation_test_code_smell_ML\dataset\projects\netty\testsuite\src\main\java\io\netty\testsuite\transport\socket\SocketSslSessionReuseTest.java,dataset/projects/netty/testsuite/src/main/java/io/netty/testsuite/transport/socket/SocketSslSessionReuseTest.java,SocketSslSessionReuseTest.java,SessionSettingTrustManager,51,27,68,4,0,4,true,false,false,false,false,false,false,false,false,false
GitHub,relation_test_code_smell_ML,C:\Users\ismak\Documents\GitHub\relation_test_code_smell_ML\dataset\projects\netty\testsuite\src\main\java\io\netty\testsuite\transport\socket\SocketStartTlsTest.java,dataset/projects/netty/testsuite/src/main/java/io/netty/testsuite/transport/socket/SocketStartTlsTest.java,SocketStartTlsTest.java,StartTlsServerHandler,43,20,65,5,0,5,true,false,false,false,false,false,false,false,false,false
GitHub,relation_test_code_smell_ML,C:\Users\ismak\Documents\GitHub\relation_test_code_smell_ML\dataset\projects\netty\testsuite\src\main\java\io\netty\testsuite\transport\socket\SocketStringEchoTest.java,dataset/projects/netty/testsuite/src/main/java/io/netty/testsuite/transport/socket/SocketStringEchoTest.java,SocketStringEchoTest.java,StringEchoHandler,21,14,42,5,2,3,true,false,false,false,false,false,false,false,false,false
GitHub,relation_test_code_smell_ML,C:\Users\ismak\Documents\GitHub\relation_test_code_smell_ML\dataset\projects\netty\testsuite\src\main\java\io\netty\testsuite\transport\socket\TrafficShapingHandlerTest.java,dataset/projects/netty/testsuite/src/main/java/io/netty/testsuite/transport/socket/TrafficShapingHandlerTest.java,TrafficShapingHandlerTest.java,ServerHandler,31,43,161,19,9,10,true,false,false,false,false,false,false,false,false,false
GitHub,relation_test_code_smell_ML,C:\Users\ismak\Documents\GitHub\relation_test_code_smell_ML\dataset\projects\netty\testsuite\src\main\java\io\netty\testsuite\transport\socket\WriteBeforeRegisteredTest.java,dataset/projects/netty/testsuite/src/main/java/io/netty/testsuite/transport/socket/WriteBeforeRegisteredTest.java,WriteBeforeRegisteredTest.java,TestHandler,9,4,6,2,1,1,true,true,false,false,false,false,false,false,false,false
GitHub,relation_test_code_smell_ML,C:\Users\ismak\Documents\GitHub\relation_test_code_smell_ML\dataset\projects\netty\testsuite\src\main\java\io\netty\testsuite\transport\TestsuitePermutation.java,dataset/projects/netty/testsuite/src/main/java/io/netty/testsuite/transport/TestsuitePermutation.java,TestsuitePermutation.java,BootstrapComboFactory,9,5,6,0,0,0,true,false,false,false,false,false,false,false,false,false
GitHub,relation_test_code_smell_ML,C:\Users\ismak\Documents\GitHub\relation_test_code_smell_ML\dataset\projects\netty\testsuite\src\main\java\io\netty\testsuite\transport\udt\UDTClientServerConnectionTest.java,dataset/projects/netty/testsuite/src/main/java/io/netty/testsuite/transport/udt/UDTClientServerConnectionTest.java,UDTClientServerConnectionTest.java,ServerHandler,33,23,80,1,1,0,true,false,false,false,false,false,false,false,false,false
GitHub,relation_test_code_smell_ML,C:\Users\ismak\Documents\GitHub\relation_test_code_smell_ML\dataset\projects\netty\testsuite\src\main\java\io\netty\testsuite\util\TestUtils.java,dataset/projects/netty/testsuite/src/main/java/io/netty/testsuite/util/TestUtils.java,TestUtils.java,TestUtils,24,9,28,1,0,1,true,true,false,false,false,false,false,false,false,false
GitHub,relation_test_code_smell_ML,C:\Users\ismak\Documents\GitHub\relation_test_code_smell_ML\dataset\projects\netty\testsuite-common\src\test\java\io\netty\util\test\LeakPresenceExtensionTest.java,dataset/projects/netty/testsuite-common/src/test/java/io/netty/util/test/LeakPresenceExtensionTest.java,LeakPresenceExtensionTest.java,InheritedChildTest,5,6,8,6,6,0,true,true,false,false,false,false,false,false,false,false
GitHub,relation_test_code_smell_ML,C:\Users\ismak\Documents\GitHub\relation_test_code_smell_ML\dataset\projects\netty\testsuite-jpms\src\test\java\io\netty\testsuite_jpms\it\CommonsLoggingTest.java,dataset/projects/netty/testsuite-jpms/src/test/java/io/netty/testsuite_jpms/it/CommonsLoggingTest.java,CommonsLoggingTest.java,CommonsLoggingTest,3,1,1,1,1,0,true,true,false,false,false,false,false,false,false,false
GitHub,relation_test_code_smell_ML,C:\Users\ismak\Documents\GitHub\relation_test_code_smell_ML\dataset\projects\netty\testsuite-jpms\src\test\java\io\netty\testsuite_jpms\it\Log4j2Test.java,dataset/projects/netty/testsuite-jpms/src/test/java/io/netty/testsuite_jpms/it/Log4j2Test.java,Log4j2Test.java,Log4j2Test,13,1,17,1,1,0,true,true,false,false,false,false,false,false,false,false
GitHub,relation_test_code_smell_ML,C:\Users\ismak\Documents\GitHub\relation_test_code_smell_ML\dataset\projects\netty\testsuite-jpms\src\test\java\io\netty\testsuite_jpms\it\Slf4jTest.java,dataset/projects/netty/testsuite-jpms/src/test/java/io/netty/testsuite_jpms/it/Slf4jTest.java,Slf4jTest.java,Slf4jTest,11,1,15,1,1,0,true,true,false,false,false,false,false,false,false,false
GitHub,relation_test_code_smell_ML,C:\Users\ismak\Documents\GitHub\relation_test_code_smell_ML\dataset\projects\netty\testsuite-jpms\src\test\java\io\netty\testsuite_jpms\test\BufferTest.java,dataset/projects/netty/testsuite-jpms/src/test/java/io/netty/testsuite_jpms/test/BufferTest.java,BufferTest.java,BufferTest,6,1,5,1,1,0,true,true,false,false,false,false,false,false,false,false
GitHub,relation_test_code_smell_ML,C:\Users\ismak\Documents\GitHub\relation_test_code_smell_ML\dataset\projects\netty\testsuite-jpms\src\test\java\io\netty\testsuite_jpms\test\CheckModuleDescriptorTest.java,dataset/projects/netty/testsuite-jpms/src/test/java/io/netty/testsuite_jpms/test/CheckModuleDescriptorTest.java,CheckModuleDescriptorTest.java,CheckModuleDescriptorTest,7,2,11,2,2,0,true,true,false,false,false,false,false,false,false,false
GitHub,relation_test_code_smell_ML,C:\Users\ismak\Documents\GitHub\relation_test_code_smell_ML\dataset\projects\netty\testsuite-jpms\src\test\java\io\netty\testsuite_jpms\test\CodecCompressionTest.java,dataset/projects/netty/testsuite-jpms/src/test/java/io/netty/testsuite_jpms/test/CodecCompressionTest.java,CodecCompressionTest.java,CodecCompressionTest,9,3,10,3,2,1,true,true,false,false,false,false,false,false,false,false
GitHub,relation_test_code_smell_ML,C:\Users\ismak\Documents\GitHub\relation_test_code_smell_ML\dataset\projects\netty\testsuite-jpms\src\test\java\io\netty\testsuite_jpms\test\CodecHaProxyTest.java,dataset/projects/netty/testsuite-jpms/src/test/java/io/netty/testsuite_jpms/test/CodecHaProxyTest.java,CodecHaProxyTest.java,CodecHaProxyTest,10,1,7,1,1,0,true,true,false,false,false,false,false,false,false,false
GitHub,relation_test_code_smell_ML,C:\Users\ismak\Documents\GitHub\relation_test_code_smell_ML\dataset\projects\netty\testsuite-jpms\src\test\java\io\netty\testsuite_jpms\test\CodecHttp2Test.java,dataset/projects/netty/testsuite-jpms/src/test/java/io/netty/testsuite_jpms/test/CodecHttp2Test.java,CodecHttp2Test.java,CodecHttp2Test,41,8,24,1,1,0,true,true,false,false,false,false,false,false,false,false
GitHub,relation_test_code_smell_ML,C:\Users\ismak\Documents\GitHub\relation_test_code_smell_ML\dataset\projects\netty\testsuite-jpms\src\test\java\io\netty\testsuite_jpms\test\CodecHttp3Test.java,dataset/projects/netty/testsuite-jpms/src/test/java/io/netty/testsuite_jpms/test/CodecHttp3Test.java,CodecHttp3Test.java,CodecHttp3Test,35,11,36,1,1,0,true,true,false,false,false,false,false,false,false,false
GitHub,relation_test_code_smell_ML,C:\Users\ismak\Documents\GitHub\relation_test_code_smell_ML\dataset\projects\netty\testsuite-jpms\src\test\java\io\netty\testsuite_jpms\test\CodecMarshallingTest.java,dataset/projects/netty/testsuite-jpms/src/test/java/io/netty/testsuite_jpms/test/CodecMarshallingTest.java,CodecMarshallingTest.java,CodecMarshallingTest,12,1,18,1,1,0,true,true,false,false,false,false,false,false,false,false
GitHub,relation_test_code_smell_ML,C:\Users\ismak\Documents\GitHub\relation_test_code_smell_ML\dataset\projects\netty\testsuite-jpms\src\test\java\io\netty\testsuite_jpms\test\CodecMemcacheTest.java,dataset/projects/netty/testsuite-jpms/src/test/java/io/netty/testsuite_jpms/test/CodecMemcacheTest.java,CodecMemcacheTest.java,CodecMemcacheTest,7,1,10,1,1,0,true,true,false,false,false,false,false,false,false,false
GitHub,relation_test_code_smell_ML,C:\Users\ismak\Documents\GitHub\relation_test_code_smell_ML\dataset\projects\netty\testsuite-jpms\src\test\java\io\netty\testsuite_jpms\test\CodecMqttTest.java,dataset/projects/netty/testsuite-jpms/src/test/java/io/netty/testsuite_jpms/test/CodecMqttTest.java,CodecMqttTest.java,CodecMqttTest,15,1,19,1,1,0,true,true,false,false,false,false,false,false,false,false
GitHub,relation_test_code_smell_ML,C:\Users\ismak\Documents\GitHub\relation_test_code_smell_ML\dataset\projects\netty\testsuite-jpms\src\test\java\io\netty\testsuite_jpms\test\CodecProtobufTest.java,dataset/projects/netty/testsuite-jpms/src/test/java/io/netty/testsuite_jpms/test/CodecProtobufTest.java,CodecProtobufTest.java,CodecProtobufTest,7,1,13,1,1,0,true,true,false,false,false,false,false,false,false,false
GitHub,relation_test_code_smell_ML,C:\Users\ismak\Documents\GitHub\relation_test_code_smell_ML\dataset\projects\netty\testsuite-jpms\src\test\java\io\netty\testsuite_jpms\test\CodecRedisTest.java,dataset/projects/netty/testsuite-jpms/src/test/java/io/netty/testsuite_jpms/test/CodecRedisTest.java,CodecRedisTest.java,CodecRedisTest,7,1,6,1,1,0,true,true,false,false,false,false,false,false,false,false
GitHub,relation_test_code_smell_ML,C:\Users\ismak\Documents\GitHub\relation_test_code_smell_ML\dataset\projects\netty\testsuite-jpms\src\test\java\io\netty\testsuite_jpms\test\CodecSmtpTest.java,dataset/projects/netty/testsuite-jpms/src/test/java/io/netty/testsuite_jpms/test/CodecSmtpTest.java,CodecSmtpTest.java,CodecSmtpTest,7,1,7,1,1,0,true,true,false,false,false,false,false,false,false,false
GitHub,relation_test_code_smell_ML,C:\Users\ismak\Documents\GitHub\relation_test_code_smell_ML\dataset\projects\netty\testsuite-jpms\src\test\java\io\netty\testsuite_jpms\test\CodecSocksTest.java,dataset/projects/netty/testsuite-jpms/src/test/java/io/netty/testsuite_jpms/test/CodecSocksTest.java,CodecSocksTest.java,CodecSocksTest,8,1,7,1,1,0,true,true,false,false,false,false,false,false,false,false
GitHub,relation_test_code_smell_ML,C:\Users\ismak\Documents\GitHub\relation_test_code_smell_ML\dataset\projects\netty\testsuite-jpms\src\test\java\io\netty\testsuite_jpms\test\CodecStompTest.java,dataset/projects/netty/testsuite-jpms/src/test/java/io/netty/testsuite_jpms/test/CodecStompTest.java,CodecStompTest.java,CodecStompTest,11,1,10,1,1,0,true,true,false,false,false,false,false,false,false,false
GitHub,relation_test_code_smell_ML,C:\Users\ismak\Documents\GitHub\relation_test_code_smell_ML\dataset\projects\netty\testsuite-jpms\src\test\java\io\netty\testsuite_jpms\test\CodecXmlTest.java,dataset/projects/netty/testsuite-jpms/src/test/java/io/netty/testsuite_jpms/test/CodecXmlTest.java,CodecXmlTest.java,CodecXmlTest,8,1,2,1,1,0,true,true,false,false,false,false,false,false,false,false
GitHub,relation_test_code_smell_ML,C:\Users\ismak\Documents\GitHub\relation_test_code_smell_ML\dataset\projects\netty\testsuite-jpms\src\test\java\io\netty\testsuite_jpms\test\FlightRecorderTest.java,dataset/projects/netty/testsuite-jpms/src/test/java/io/netty/testsuite_jpms/test/FlightRecorderTest.java,FlightRecorderTest.java,FlightRecorderTest,12,2,9,2,2,0,true,true,false,false,false,false,false,false,false,false
GitHub,relation_test_code_smell_ML,C:\Users\ismak\Documents\GitHub\relation_test_code_smell_ML\dataset\projects\netty\testsuite-jpms\src\test\java\io\netty\testsuite_jpms\test\HandlerSslTest.java,dataset/projects/netty/testsuite-jpms/src/test/java/io/netty/testsuite_jpms/test/HandlerSslTest.java,HandlerSslTest.java,HandlerSslTest,36,12,51,2,2,0,true,true,false,false,false,false,false,false,false,false
GitHub,relation_test_code_smell_ML,C:\Users\ismak\Documents\GitHub\relation_test_code_smell_ML\dataset\projects\netty\testsuite-jpms\src\test\java\io\netty\testsuite_jpms\test\MacOsDnsResolverTest.java,dataset/projects/netty/testsuite-jpms/src/test/java/io/netty/testsuite_jpms/test/MacOsDnsResolverTest.java,MacOsDnsResolverTest.java,MacOsDnsResolverTest,8,1,6,1,1,0,true,true,false,false,false,false,false,false,false,false
GitHub,relation_test_code_smell_ML,C:\Users\ismak\Documents\GitHub\relation_test_code_smell_ML\dataset\projects\netty\testsuite-jpms\src\test\java\io\netty\testsuite_jpms\test\NativeTransportTest.java,dataset/projects/netty/testsuite-jpms/src/test/java/io/netty/testsuite_jpms/test/NativeTransportTest.java,NativeTransportTest.java,NativeTransportTest,33,9,27,3,3,0,true,true,false,false,false,false,false,false,false,false
GitHub,relation_test_code_smell_ML,C:\Users\ismak\Documents\GitHub\relation_test_code_smell_ML\dataset\projects\netty\testsuite-jpms\src\test\java\io\netty\testsuite_jpms\test\OCSPTest.java,dataset/projects/netty/testsuite-jpms/src/test/java/io/netty/testsuite_jpms/test/OCSPTest.java,OCSPTest.java,OCSPTest,23,4,8,1,1,0,true,true,false,false,false,false,false,false,false,false
GitHub,relation_test_code_smell_ML,C:\Users\ismak\Documents\GitHub\relation_test_code_smell_ML\dataset\projects\netty\testsuite-native\src\test\java\io\netty\testsuite_native\NativeLoadingTest.java,dataset/projects/netty/testsuite-native/src/test/java/io/netty/testsuite_native/NativeLoadingTest.java,NativeLoadingTest.java,NativeLoadingTest,6,3,3,3,3,0,true,true,false,false,false,false,false,false,false,false
GitHub,relation_test_code_smell_ML,C:\Users\ismak\Documents\GitHub\relation_test_code_smell_ML\dataset\projects\netty\testsuite-osgi\src\test\java\io\netty\osgitests\OsgiBundleTest.java,dataset/projects/netty/testsuite-osgi/src/test/java/io/netty/osgitests/OsgiBundleTest.java,OsgiBundleTest.java,OsgiBundleTest,18,4,9,2,2,0,true,true,false,false,true,false,false,false,false,false
GitHub,relation_test_code_smell_ML,C:\Users\ismak\Documents\GitHub\relation_test_code_smell_ML\dataset\projects\netty\transport\src\test\java\io\netty\bootstrap\BootstrapTest.java,dataset/projects/netty/transport/src/test/java/io/netty/bootstrap/BootstrapTest.java,BootstrapTest.java,TestAddressResolverGroup,57,49,172,17,17,0,true,true,false,false,false,false,false,false,false,false
GitHub,relation_test_code_smell_ML,C:\Users\ismak\Documents\GitHub\relation_test_code_smell_ML\dataset\projects\netty\transport\src\test\java\io\netty\bootstrap\ServerBootstrapTest.java,dataset/projects/netty/transport/src/test/java/io/netty/bootstrap/ServerBootstrapTest.java,ServerBootstrapTest.java,TestServerChannel,32,18,72,7,6,1,true,true,false,false,false,false,false,false,false,false
GitHub,relation_test_code_smell_ML,C:\Users\ismak\Documents\GitHub\relation_test_code_smell_ML\dataset\projects\netty\transport\src\test\java\io\netty\bootstrap\TestChannel.java,dataset/projects/netty/transport/src/test/java/io/netty/bootstrap/TestChannel.java,TestChannel.java,TestConfig,10,15,12,0,0,0,true,true,false,false,false,false,false,false,false,false
GitHub,relation_test_code_smell_ML,C:\Users\ismak\Documents\GitHub\relation_test_code_smell_ML\dataset\projects\netty\transport\src\test\java\io\netty\channel\AbstractChannelTest.java,dataset/projects/netty/transport/src/test/java/io/netty/channel/AbstractChannelTest.java,AbstractChannelTest.java,TestChannel,15,29,63,6,6,0,true,true,false,false,false,false,false,false,false,false
GitHub,relation_test_code_smell_ML,C:\Users\ismak\Documents\GitHub\relation_test_code_smell_ML\dataset\projects\netty\transport\src\test\java\io\netty\channel\AbstractCoalescingBufferQueueTest.java,dataset/projects/netty/transport/src/test/java/io/netty/channel/AbstractCoalescingBufferQueueTest.java,AbstractCoalescingBufferQueueTest.java,AbstractCoalescingBufferQueueTest,14,11,50,4,3,1,true,true,false,false,false,false,false,false,false,false
GitHub,relation_test_code_smell_ML,C:\Users\ismak\Documents\GitHub\relation_test_code_smell_ML\dataset\projects\netty\transport\src\test\java\io\netty\channel\AbstractEventLoopTest.java,dataset/projects/netty/transport/src/test/java/io/netty/channel/AbstractEventLoopTest.java,AbstractEventLoopTest.java,TestChannelHandler2,19,21,50,3,2,1,true,true,false,false,false,false,false,false,false,false
GitHub,relation_test_code_smell_ML,C:\Users\ismak\Documents\GitHub\relation_test_code_smell_ML\dataset\projects\netty\transport\src\test\java\io\netty\channel\AbstractIoHandlerEventCountTest.java,dataset/projects/netty/transport/src/test/java/io/netty/channel/AbstractIoHandlerEventCountTest.java,AbstractIoHandlerEventCountTest.java,AbstractIoHandlerEventCountTest,7,4,6,3,3,0,true,true,false,false,false,false,false,false,false,false
GitHub,relation_test_code_smell_ML,C:\Users\ismak\Documents\GitHub\relation_test_code_smell_ML\dataset\projects\netty\transport\src\test\java\io\netty\channel\AdaptiveRecvByteBufAllocatorTest.java,dataset/projects/netty/transport/src/test/java/io/netty/channel/AdaptiveRecvByteBufAllocatorTest.java,AdaptiveRecvByteBufAllocatorTest.java,AdaptiveRecvByteBufAllocatorTest,11,16,56,9,9,0,true,true,false,false,false,false,false,false,false,false
GitHub,relation_test_code_smell_ML,C:\Users\ismak\Documents\GitHub\relation_test_code_smell_ML\dataset\projects\netty\transport\src\test\java\io\netty\channel\BaseChannelTest.java,dataset/projects/netty/transport/src/test/java/io/netty/channel/BaseChannelTest.java,BaseChannelTest.java,BaseChannelTest,8,7,21,0,0,0,true,true,false,false,false,false,false,false,false,false
GitHub,relation_test_code_smell_ML,C:\Users\ismak\Documents\GitHub\relation_test_code_smell_ML\dataset\projects\netty\transport\src\test\java\io\netty\channel\ChannelInitializerTest.java,dataset/projects/netty/transport/src/test/java/io/netty/channel/ChannelInitializerTest.java,ChannelInitializerTest.java,InspectableHandler,27,42,101,12,9,3,true,false,false,false,false,false,false,false,false,false
GitHub,relation_test_code_smell_ML,C:\Users\ismak\Documents\GitHub\relation_test_code_smell_ML\dataset\projects\netty\transport\src\test\java\io\netty\channel\ChannelOptionTest.java,dataset/projects/netty/transport/src/test/java/io/netty/channel/ChannelOptionTest.java,ChannelOptionTest.java,ChannelOptionTest,6,3,16,3,3,0,true,true,false,false,false,false,false,false,false,false
GitHub,relation_test_code_smell_ML,C:\Users\ismak\Documents\GitHub\relation_test_code_smell_ML\dataset\projects\netty\transport\src\test\java\io\netty\channel\ChannelOutboundBufferTest.java,dataset/projects/netty/transport/src/test/java/io/netty/channel/ChannelOutboundBufferTest.java,ChannelOutboundBufferTest.java,TestUnsafe,20,38,206,11,11,0,true,true,false,false,false,false,false,false,false,false
GitHub,relation_test_code_smell_ML,C:\Users\ismak\Documents\GitHub\relation_test_code_smell_ML\dataset\projects\netty\transport\src\test\java\io\netty\channel\CoalescingBufferQueueTest.java,dataset/projects/netty/transport/src/test/java/io/netty/channel/CoalescingBufferQueueTest.java,CoalescingBufferQueueTest.java,CoalescingBufferQueueTest,12,23,214,17,16,1,true,true,false,false,false,false,false,false,false,false
GitHub,relation_test_code_smell_ML,C:\Users\ismak\Documents\GitHub\relation_test_code_smell_ML\dataset\projects\netty\transport\src\test\java\io\netty\channel\CombinedChannelDuplexHandlerTest.java,dataset/projects/netty/transport/src/test/java/io/netty/channel/CombinedChannelDuplexHandlerTest.java,CombinedChannelDuplexHandlerTest.java,OutboundEventHandler,16,47,151,10,10,0,true,false,false,false,false,false,false,false,false,false
GitHub,relation_test_code_smell_ML,C:\Users\ismak\Documents\GitHub\relation_test_code_smell_ML\dataset\projects\netty\transport\src\test\java\io\netty\channel\CompleteChannelFutureTest.java,dataset/projects/netty/transport/src/test/java/io/netty/channel/CompleteChannelFutureTest.java,CompleteChannelFutureTest.java,CompleteChannelFutureImpl,7,8,23,3,3,0,true,false,false,false,false,false,false,false,false,false
GitHub,relation_test_code_smell_ML,C:\Users\ismak\Documents\GitHub\relation_test_code_smell_ML\dataset\projects\netty\transport\src\test\java\io\netty\channel\DefaultChannelIdTest.java,dataset/projects/netty/transport/src/test/java/io/netty/channel/DefaultChannelIdTest.java,DefaultChannelIdTest.java,DefaultChannelIdTest,10,6,22,6,6,0,true,true,false,false,false,false,false,false,false,false
GitHub,relation_test_code_smell_ML,C:\Users\ismak\Documents\GitHub\relation_test_code_smell_ML\dataset\projects\netty\transport\src\test\java\io\netty\channel\DefaultChannelPipelineTailTest.java,dataset/projects/netty/transport/src/test/java/io/netty/channel/DefaultChannelPipelineTailTest.java,DefaultChannelPipelineTailTest.java,MyChannelPipeline,13,46,69,7,7,0,true,false,false,false,false,false,false,false,false,false
GitHub,relation_test_code_smell_ML,C:\Users\ismak\Documents\GitHub\relation_test_code_smell_ML\dataset\projects\netty\transport\src\test\java\io\netty\channel\DefaultChannelPipelineTest.java,dataset/projects/netty/transport/src/test/java/io/netty/channel/DefaultChannelPipelineTest.java,DefaultChannelPipelineTest.java,WrapperExecutor,62,247,808,70,65,5,true,false,false,false,false,false,false,false,false,false
GitHub,relation_test_code_smell_ML,C:\Users\ismak\Documents\GitHub\relation_test_code_smell_ML\dataset\projects\netty\transport\src\test\java\io\netty\channel\DefaultChannelPromiseTest.java,dataset/projects/netty/transport/src/test/java/io/netty/channel/DefaultChannelPromiseTest.java,DefaultChannelPromiseTest.java,DefaultChannelPromiseTest,5,6,6,3,3,0,true,true,false,false,false,false,false,false,false,false
GitHub,relation_test_code_smell_ML,C:\Users\ismak\Documents\GitHub\relation_test_code_smell_ML\dataset\projects\netty\transport\src\test\java\io\netty\channel\DefaultFileRegionTest.java,dataset/projects/netty/transport/src/test/java/io/netty/channel/DefaultFileRegionTest.java,DefaultFileRegionTest.java,DefaultFileRegionTest,13,5,15,4,3,1,true,true,false,false,false,false,false,false,false,false
GitHub,relation_test_code_smell_ML,C:\Users\ismak\Documents\GitHub\relation_test_code_smell_ML\dataset\projects\netty\transport\src\test\java\io\netty\channel\DefaultMaxMessagesRecvByteBufAllocatorTest.java,dataset/projects/netty/transport/src/test/java/io/netty/channel/DefaultMaxMessagesRecvByteBufAllocatorTest.java,DefaultMaxMessagesRecvByteBufAllocatorTest.java,DefaultMaxMessagesRecvByteBufAllocatorTest,4,5,28,2,2,0,true,true,false,false,false,false,false,false,false,false
GitHub,relation_test_code_smell_ML,C:\Users\ismak\Documents\GitHub\relation_test_code_smell_ML\dataset\projects\netty\transport\src\test\java\io\netty\channel\DelegatingChannelPromiseNotifierTest.java,dataset/projects/netty/transport/src/test/java/io/netty/channel/DelegatingChannelPromiseNotifierTest.java,DelegatingChannelPromiseNotifierTest.java,DelegatingChannelPromiseNotifierTest,4,1,7,1,1,0,true,true,false,false,false,false,false,false,false,false
GitHub,relation_test_code_smell_ML,C:\Users\ismak\Documents\GitHub\relation_test_code_smell_ML\dataset\projects\netty\transport\src\test\java\io\netty\channel\embedded\EmbeddedChannelIdTest.java,dataset/projects/netty/transport/src/test/java/io/netty/channel/embedded/EmbeddedChannelIdTest.java,EmbeddedChannelIdTest.java,EmbeddedChannelIdTest,10,1,8,1,1,0,true,true,false,false,false,false,false,false,false,false
GitHub,relation_test_code_smell_ML,C:\Users\ismak\Documents\GitHub\relation_test_code_smell_ML\dataset\projects\netty\transport\src\test\java\io\netty\channel\embedded\EmbeddedChannelTest.java,dataset/projects/netty/transport/src/test/java/io/netty/channel/embedded/EmbeddedChannelTest.java,EmbeddedChannelTest.java,EventOutboundHandler,37,78,277,37,36,1,true,false,false,false,false,false,false,false,false,false
GitHub,relation_test_code_smell_ML,C:\Users\ismak\Documents\GitHub\relation_test_code_smell_ML\dataset\projects\netty\transport\src\test\java\io\netty\channel\FailedChannelFutureTest.java,dataset/projects/netty/transport/src/test/java/io/netty/channel/FailedChannelFutureTest.java,FailedChannelFutureTest.java,FailedChannelFutureTest,6,3,7,2,2,0,true,true,false,false,false,false,false,false,false,false
GitHub,relation_test_code_smell_ML,C:\Users\ismak\Documents\GitHub\relation_test_code_smell_ML\dataset\projects\netty\transport\src\test\java\io\netty\channel\group\DefaultChannelGroupTest.java,dataset/projects/netty/transport/src/test/java/io/netty/channel/group/DefaultChannelGroupTest.java,DefaultChannelGroupTest.java,DefaultChannelGroupTest,10,2,11,1,1,0,true,true,false,false,false,false,false,false,false,false
GitHub,relation_test_code_smell_ML,C:\Users\ismak\Documents\GitHub\relation_test_code_smell_ML\dataset\projects\netty\transport\src\test\java\io\netty\channel\local\LocalChannelTest.java,dataset/projects/netty/transport/src/test/java/io/netty/channel/local/LocalChannelTest.java,LocalChannelTest.java,ReadCompleteRecvAllocator,46,92,240,29,26,3,true,false,false,false,false,false,false,false,false,false
GitHub,relation_test_code_smell_ML,C:\Users\ismak\Documents\GitHub\relation_test_code_smell_ML\dataset\projects\netty\transport\src\test\java\io\netty\channel\local\LocalTransportThreadModelTest.java,dataset/projects/netty/transport/src/test/java/io/netty/channel/local/LocalTransportThreadModelTest.java,LocalTransportThreadModelTest.java,MessageDiscarder,30,25,109,3,3,0,true,false,false,false,false,false,false,false,false,false
GitHub,relation_test_code_smell_ML,C:\Users\ismak\Documents\GitHub\relation_test_code_smell_ML\dataset\projects\netty\transport\src\test\java\io\netty\channel\ManualIoEventLoopTest.java,dataset/projects/netty/transport/src/test/java/io/netty/channel/ManualIoEventLoopTest.java,ManualIoEventLoopTest.java,TestIoHandler,26,32,131,16,14,2,true,true,false,false,false,false,false,false,false,false
GitHub,relation_test_code_smell_ML,C:\Users\ismak\Documents\GitHub\relation_test_code_smell_ML\dataset\projects\netty\transport\src\test\java\io\netty\channel\MultiThreadIoEventLoopGroupTest.java,dataset/projects/netty/transport/src/test/java/io/netty/channel/MultiThreadIoEventLoopGroupTest.java,MultiThreadIoEventLoopGroupTest.java,TestMultiThreadIoEventLoopGroup,16,22,29,2,2,0,true,true,false,false,false,false,false,false,false,false
GitHub,relation_test_code_smell_ML,C:\Users\ismak\Documents\GitHub\relation_test_code_smell_ML\dataset\projects\netty\transport\src\test\java\io\netty\channel\NativeImageHandlerMetadataTest.java,dataset/projects/netty/transport/src/test/java/io/netty/channel/NativeImageHandlerMetadataTest.java,NativeImageHandlerMetadataTest.java,NativeImageHandlerMetadataTest,2,1,1,1,1,0,true,true,false,false,false,false,false,false,false,false
GitHub,relation_test_code_smell_ML,C:\Users\ismak\Documents\GitHub\relation_test_code_smell_ML\dataset\projects\netty\transport\src\test\java\io\netty\channel\nio\NioEventLoopTest.java,dataset/projects/netty/transport/src/test/java/io/netty/channel/nio/NioEventLoopTest.java,NioEventLoopTest.java,NioEventLoopTest,39,20,38,7,7,0,true,true,false,false,false,false,false,false,false,false
GitHub,relation_test_code_smell_ML,C:\Users\ismak\Documents\GitHub\relation_test_code_smell_ML\dataset\projects\netty\transport\src\test\java\io\netty\channel\nio\NioIoHandlerEventCountTest.java,dataset/projects/netty/transport/src/test/java/io/netty/channel/nio/NioIoHandlerEventCountTest.java,NioIoHandlerEventCountTest.java,NioIoHandlerEventCountTest,2,1,1,0,0,0,true,true,false,false,false,false,false,false,false,false
GitHub,relation_test_code_smell_ML,C:\Users\ismak\Documents\GitHub\relation_test_code_smell_ML\dataset\projects\netty\transport\src\test\java\io\netty\channel\nio\NioIoHandlerTest.java,dataset/projects/netty/transport/src/test/java/io/netty/channel/nio/NioIoHandlerTest.java,NioIoHandlerTest.java,NioIoHandlerTest,17,8,27,1,1,0,true,true,false,false,false,false,false,false,false,false
GitHub,relation_test_code_smell_ML,C:\Users\ismak\Documents\GitHub\relation_test_code_smell_ML\dataset\projects\netty\transport\src\test\java\io\netty\channel\nio\SelectedSelectionKeySetTest.java,dataset/projects/netty/transport/src/test/java/io/netty/channel/nio/SelectedSelectionKeySetTest.java,SelectedSelectionKeySetTest.java,SelectedSelectionKeySetTest,13,6,35,5,5,0,true,true,false,false,false,false,false,false,false,false
GitHub,relation_test_code_smell_ML,C:\Users\ismak\Documents\GitHub\relation_test_code_smell_ML\dataset\projects\netty\transport\src\test\java\io\netty\channel\oio\OioEventLoopTest.java,dataset/projects/netty/transport/src/test/java/io/netty/channel/oio/OioEventLoopTest.java,OioEventLoopTest.java,OioEventLoopTest,17,5,47,3,3,0,true,true,false,false,false,false,false,false,false,false
GitHub,relation_test_code_smell_ML,C:\Users\ismak\Documents\GitHub\relation_test_code_smell_ML\dataset\projects\netty\transport\src\test\java\io\netty\channel\PendingWriteQueueTest.java,dataset/projects/netty/transport/src/test/java/io/netty/channel/PendingWriteQueueTest.java,PendingWriteQueueTest.java,TestException,16,27,165,11,11,0,true,true,false,false,false,false,false,false,false,false
GitHub,relation_test_code_smell_ML,C:\Users\ismak\Documents\GitHub\relation_test_code_smell_ML\dataset\projects\netty\transport\src\test\java\io\netty\channel\pool\AbstractChannelPoolMapTest.java,dataset/projects/netty/transport/src/test/java/io/netty/channel/pool/AbstractChannelPoolMapTest.java,AbstractChannelPoolMapTest.java,TestPool,21,9,49,3,3,0,true,true,false,false,false,false,false,false,false,false
GitHub,relation_test_code_smell_ML,C:\Users\ismak\Documents\GitHub\relation_test_code_smell_ML\dataset\projects\netty\transport\src\test\java\io\netty\channel\pool\FixedChannelPoolMapDeadlockTest.java,dataset/projects/netty/transport/src/test/java/io/netty/channel/pool/FixedChannelPoolMapDeadlockTest.java,FixedChannelPoolMapDeadlockTest.java,NoopHandler,13,13,48,2,2,0,true,false,false,false,false,false,false,false,false,false
GitHub,relation_test_code_smell_ML,C:\Users\ismak\Documents\GitHub\relation_test_code_smell_ML\dataset\projects\netty\transport\src\test\java\io\netty\channel\pool\FixedChannelPoolTest.java,dataset/projects/netty/transport/src/test/java/io/netty/channel/pool/FixedChannelPoolTest.java,FixedChannelPoolTest.java,InnerFixedChannelPool,32,28,164,14,12,2,true,false,false,false,false,false,false,false,false,false
GitHub,relation_test_code_smell_ML,C:\Users\ismak\Documents\GitHub\relation_test_code_smell_ML\dataset\projects\netty\transport\src\test\java\io\netty\channel\pool\SimpleChannelPoolTest.java,dataset/projects/netty/transport/src/test/java/io/netty/channel/pool/SimpleChannelPoolTest.java,SimpleChannelPoolTest.java,SimpleChannelPoolTest,25,23,140,10,10,0,true,true,false,false,false,false,false,false,false,false
GitHub,relation_test_code_smell_ML,C:\Users\ismak\Documents\GitHub\relation_test_code_smell_ML\dataset\projects\netty\transport\src\test\java\io\netty\channel\ReentrantChannelTest.java,dataset/projects/netty/transport/src/test/java/io/netty/channel/ReentrantChannelTest.java,ReentrantChannelTest.java,ReentrantChannelTest,20,21,87,6,6,0,true,true,false,false,false,false,false,false,false,true
GitHub,relation_test_code_smell_ML,C:\Users\ismak\Documents\GitHub\relation_test_code_smell_ML\dataset\projects\netty\transport\src\test\java\io\netty\channel\SimpleUserEventChannelHandlerTest.java,dataset/projects/netty/transport/src/test/java/io/netty/channel/SimpleUserEventChannelHandlerTest.java,SimpleUserEventChannelHandlerTest.java,AllEventCatcher,10,5,17,2,2,0,true,false,false,false,false,false,false,false,false,false
GitHub,relation_test_code_smell_ML,C:\Users\ismak\Documents\GitHub\relation_test_code_smell_ML\dataset\projects\netty\transport\src\test\java\io\netty\channel\SingleThreadEventLoopTest.java,dataset/projects/netty/transport/src/test/java/io/netty/channel/SingleThreadEventLoopTest.java,SingleThreadEventLoopTest.java,CountingRunnable,29,42,145,22,18,4,true,false,false,false,false,false,false,false,false,false
GitHub,relation_test_code_smell_ML,C:\Users\ismak\Documents\GitHub\relation_test_code_smell_ML\dataset\projects\netty\transport\src\test\java\io\netty\channel\SingleThreadIoEventLoopTest.java,dataset/projects/netty/transport/src/test/java/io/netty/channel/SingleThreadIoEventLoopTest.java,SingleThreadIoEventLoopTest.java,TestIoHandle,10,18,37,3,3,0,true,true,false,false,false,false,false,false,false,false
GitHub,relation_test_code_smell_ML,C:\Users\ismak\Documents\GitHub\relation_test_code_smell_ML\dataset\projects\netty\transport\src\test\java\io\netty\channel\socket\InternetProtocolFamilyTest.java,dataset/projects/netty/transport/src/test/java/io/netty/channel/socket/InternetProtocolFamilyTest.java,InternetProtocolFamilyTest.java,InternetProtocolFamilyTest,3,2,2,2,2,0,true,true,false,false,false,false,false,false,false,false
GitHub,relation_test_code_smell_ML,C:\Users\ismak\Documents\GitHub\relation_test_code_smell_ML\dataset\projects\netty\transport\src\test\java\io\netty\channel\socket\nio\AbstractNioChannelTest.java,dataset/projects/netty/transport/src/test/java/io/netty/channel/socket/nio/AbstractNioChannelTest.java,AbstractNioChannelTest.java,AbstractNioChannelTest,11,6,6,3,3,0,true,true,false,false,false,false,false,false,false,false
GitHub,relation_test_code_smell_ML,C:\Users\ismak\Documents\GitHub\relation_test_code_smell_ML\dataset\projects\netty\transport\src\test\java\io\netty\channel\socket\nio\AbstractNioDomainChannelTest.java,dataset/projects/netty/transport/src/test/java/io/netty/channel/socket/nio/AbstractNioDomainChannelTest.java,AbstractNioDomainChannelTest.java,AbstractNioDomainChannelTest,11,6,6,3,3,0,true,true,false,false,false,false,false,false,false,false
GitHub,relation_test_code_smell_ML,C:\Users\ismak\Documents\GitHub\relation_test_code_smell_ML\dataset\projects\netty\transport\src\test\java\io\netty\channel\socket\nio\NioDatagramChannelTest.java,dataset/projects/netty/transport/src/test/java/io/netty/channel/socket/nio/NioDatagramChannelTest.java,NioDatagramChannelTest.java,NioDatagramChannelTest,17,5,7,1,1,0,true,true,false,false,false,false,false,false,false,false
GitHub,relation_test_code_smell_ML,C:\Users\ismak\Documents\GitHub\relation_test_code_smell_ML\dataset\projects\netty\transport\src\test\java\io\netty\channel\socket\nio\NioDomainSocketChannelTest.java,dataset/projects/netty/transport/src/test/java/io/netty/channel/socket/nio/NioDomainSocketChannelTest.java,NioDomainSocketChannelTest.java,NioDomainSocketChannelTest,7,1,5,1,1,0,true,true,false,false,false,false,false,false,false,false
GitHub,relation_test_code_smell_ML,C:\Users\ismak\Documents\GitHub\relation_test_code_smell_ML\dataset\projects\netty\transport\src\test\java\io\netty\channel\socket\nio\NioServerDomainSocketChannelTest.java,dataset/projects/netty/transport/src/test/java/io/netty/channel/socket/nio/NioServerDomainSocketChannelTest.java,NioServerDomainSocketChannelTest.java,NioServerDomainSocketChannelTest,22,7,16,3,2,1,true,true,false,false,false,false,false,false,false,false
GitHub,relation_test_code_smell_ML,C:\Users\ismak\Documents\GitHub\relation_test_code_smell_ML\dataset\projects\netty\transport\src\test\java\io\netty\channel\socket\nio\NioServerSocketChannelTest.java,dataset/projects/netty/transport/src/test/java/io/netty/channel/socket/nio/NioServerSocketChannelTest.java,NioServerSocketChannelTest.java,NioServerSocketChannelTest,13,5,10,2,2,0,true,true,false,false,false,false,false,false,false,false
GitHub,relation_test_code_smell_ML,C:\Users\ismak\Documents\GitHub\relation_test_code_smell_ML\dataset\projects\netty\transport\src\test\java\io\netty\channel\socket\nio\NioSocketChannelTest.java,dataset/projects/netty/transport/src/test/java/io/netty/channel/socket/nio/NioSocketChannelTest.java,NioSocketChannelTest.java,NioSocketChannelTest,46,16,39,6,5,1,true,true,false,false,false,false,false,false,false,false
GitHub,relation_test_code_smell_ML,C:\Users\ismak\Documents\GitHub\relation_test_code_smell_ML\dataset\projects\netty\transport\src\test\java\io\netty\channel\SucceededChannelFutureTest.java,dataset/projects/netty/transport/src/test/java/io/netty/channel/SucceededChannelFutureTest.java,SucceededChannelFutureTest.java,SucceededChannelFutureTest,4,1,4,1,1,0,true,true,false,false,false,false,false,false,false,false
GitHub,relation_test_code_smell_ML,C:\Users\ismak\Documents\GitHub\relation_test_code_smell_ML\dataset\projects\netty\transport\src\test\java\io\netty\channel\ThreadPerChannelEventLoopGroupTest.java,dataset/projects/netty/transport/src/test/java/io/netty/channel/ThreadPerChannelEventLoopGroupTest.java,ThreadPerChannelEventLoopGroupTest.java,TestEventExecutor,15,6,17,2,2,0,true,true,false,false,false,false,false,false,false,false
GitHub,relation_test_code_smell_ML,C:\Users\ismak\Documents\GitHub\relation_test_code_smell_ML\dataset\projects\netty\transport-blockhound-tests\src\test\java\io\netty\util\internal\NettyBlockHoundIntegrationTest.java,dataset/projects/netty/transport-blockhound-tests/src/test/java/io/netty/util/internal/NettyBlockHoundIntegrationTest.java,NettyBlockHoundIntegrationTest.java,TestLinkedBlockingQueue,73,45,114,29,25,4,true,true,false,false,false,false,false,false,false,false
GitHub,relation_test_code_smell_ML,C:\Users\ismak\Documents\GitHub\relation_test_code_smell_ML\dataset\projects\netty\transport-classes-epoll\src\test\java\io\netty\channel\epoll\LoadClassTest.java,dataset/projects/netty/transport-classes-epoll/src/test/java/io/netty/channel/epoll/LoadClassTest.java,LoadClassTest.java,LoadClassTest,5,2,11,1,0,1,true,true,false,false,false,false,false,false,false,false
GitHub,relation_test_code_smell_ML,C:\Users\ismak\Documents\GitHub\relation_test_code_smell_ML\dataset\projects\netty\transport-classes-io_uring\src\test\java\io\netty\channel\uring\LoadClassTest.java,dataset/projects/netty/transport-classes-io_uring/src/test/java/io/netty/channel/uring/LoadClassTest.java,LoadClassTest.java,LoadClassTest,12,4,13,2,1,1,true,true,false,false,false,false,false,false,false,false
GitHub,relation_test_code_smell_ML,C:\Users\ismak\Documents\GitHub\relation_test_code_smell_ML\dataset\projects\netty\transport-classes-kqueue\src\test\java\io\netty\channel\kqueue\LoadClassTest.java,dataset/projects/netty/transport-classes-kqueue/src/test/java/io/netty/channel/kqueue/LoadClassTest.java,LoadClassTest.java,LoadClassTest,5,2,11,1,0,1,true,true,false,false,false,false,false,false,false,false
GitHub,relation_test_code_smell_ML,C:\Users\ismak\Documents\GitHub\relation_test_code_smell_ML\dataset\projects\netty\transport-native-epoll\src\test\java\io\netty\channel\epoll\EpollAbstractDomainSocketEchoTest.java,dataset/projects/netty/transport-native-epoll/src/test/java/io/netty/channel/epoll/EpollAbstractDomainSocketEchoTest.java,EpollAbstractDomainSocketEchoTest.java,EpollAbstractDomainSocketEchoTest,3,1,1,0,0,0,true,true,false,false,false,false,false,false,false,false
GitHub,relation_test_code_smell_ML,C:\Users\ismak\Documents\GitHub\relation_test_code_smell_ML\dataset\projects\netty\transport-native-epoll\src\test\java\io\netty\channel\epoll\EpollChannelConfigTest.java,dataset/projects/netty/transport-native-epoll/src/test/java/io/netty/channel/epoll/EpollChannelConfigTest.java,EpollChannelConfigTest.java,EpollChannelConfigTest,10,4,33,4,4,0,true,true,false,false,false,false,false,false,false,false
GitHub,relation_test_code_smell_ML,C:\Users\ismak\Documents\GitHub\relation_test_code_smell_ML\dataset\projects\netty\transport-native-epoll\src\test\java\io\netty\channel\epoll\EpollCompositeBufferGatheringWriteTest.java,dataset/projects/netty/transport-native-epoll/src/test/java/io/netty/channel/epoll/EpollCompositeBufferGatheringWriteTest.java,EpollCompositeBufferGatheringWriteTest.java,EpollCompositeBufferGatheringWriteTest,6,2,2,0,0,0,true,true,false,false,false,false,false,false,false,false
GitHub,relation_test_code_smell_ML,C:\Users\ismak\Documents\GitHub\relation_test_code_smell_ML\dataset\projects\netty\transport-native-epoll\src\test\java\io\netty\channel\epoll\EpollDatagramChannelConfigTest.java,dataset/projects/netty/transport-native-epoll/src/test/java/io/netty/channel/epoll/EpollDatagramChannelConfigTest.java,EpollDatagramChannelConfigTest.java,EpollDatagramChannelConfigTest,2,1,5,1,1,0,true,true,false,false,false,false,false,false,false,false
GitHub,relation_test_code_smell_ML,C:\Users\ismak\Documents\GitHub\relation_test_code_smell_ML\dataset\projects\netty\transport-native-epoll\src\test\java\io\netty\channel\epoll\EpollDatagramChannelTest.java,dataset/projects/netty/transport-native-epoll/src/test/java/io/netty/channel/epoll/EpollDatagramChannelTest.java,EpollDatagramChannelTest.java,TestHandler,19,7,22,4,4,0,true,true,false,false,false,false,false,false,false,false
GitHub,relation_test_code_smell_ML,C:\Users\ismak\Documents\GitHub\relation_test_code_smell_ML\dataset\projects\netty\transport-native-epoll\src\test\java\io\netty\channel\epoll\EpollDatagramConnectNotExistsTest.java,dataset/projects/netty/transport-native-epoll/src/test/java/io/netty/channel/epoll/EpollDatagramConnectNotExistsTest.java,EpollDatagramConnectNotExistsTest.java,EpollDatagramConnectNotExistsTest,4,1,1,0,0,0,true,true,false,false,false,false,false,false,false,false
GitHub,relation_test_code_smell_ML,C:\Users\ismak\Documents\GitHub\relation_test_code_smell_ML\dataset\projects\netty\transport-native-epoll\src\test\java\io\netty\channel\epoll\EpollDatagramMulticastIPv6Test.java,dataset/projects/netty/transport-native-epoll/src/test/java/io/netty/channel/epoll/EpollDatagramMulticastIPv6Test.java,EpollDatagramMulticastIPv6Test.java,EpollDatagramMulticastIPv6Test,4,1,1,0,0,0,true,true,false,false,false,false,false,false,false,false
GitHub,relation_test_code_smell_ML,C:\Users\ismak\Documents\GitHub\relation_test_code_smell_ML\dataset\projects\netty\transport-native-epoll\src\test\java\io\netty\channel\epoll\EpollDatagramMulticastIpv6WithIpv4AddrTest.java,dataset/projects/netty/transport-native-epoll/src/test/java/io/netty/channel/epoll/EpollDatagramMulticastIpv6WithIpv4AddrTest.java,EpollDatagramMulticastIpv6WithIpv4AddrTest.java,EpollDatagramMulticastIpv6WithIpv4AddrTest,2,2,2,0,0,0,true,true,false,false,false,false,false,false,false,false
GitHub,relation_test_code_smell_ML,C:\Users\ismak\Documents\GitHub\relation_test_code_smell_ML\dataset\projects\netty\transport-native-epoll\src\test\java\io\netty\channel\epoll\EpollDatagramMulticastTest.java,dataset/projects/netty/transport-native-epoll/src/test/java/io/netty/channel/epoll/EpollDatagramMulticastTest.java,EpollDatagramMulticastTest.java,EpollDatagramMulticastTest,4,1,1,0,0,0,true,true,false,false,false,false,false,false,false,false
GitHub,relation_test_code_smell_ML,C:\Users\ismak\Documents\GitHub\relation_test_code_smell_ML\dataset\projects\netty\transport-native-epoll\src\test\java\io\netty\channel\epoll\EpollDatagramScatteringReadTest.java,dataset/projects/netty/transport-native-epoll/src/test/java/io/netty/channel/epoll/EpollDatagramScatteringReadTest.java,EpollDatagramScatteringReadTest.java,EpollDatagramScatteringReadTest,26,29,50,14,6,8,true,true,false,false,false,false,false,false,false,false
GitHub,relation_test_code_smell_ML,C:\Users\ismak\Documents\GitHub\relation_test_code_smell_ML\dataset\projects\netty\transport-native-epoll\src\test\java\io\netty\channel\epoll\EpollDatagramUnicastIPv6MappedTest.java,dataset/projects/netty/transport-native-epoll/src/test/java/io/netty/channel/epoll/EpollDatagramUnicastIPv6MappedTest.java,EpollDatagramUnicastIPv6MappedTest.java,EpollDatagramUnicastIPv6MappedTest,4,1,1,0,0,0,true,true,false,false,false,false,false,false,false,false
GitHub,relation_test_code_smell_ML,C:\Users\ismak\Documents\GitHub\relation_test_code_smell_ML\dataset\projects\netty\transport-native-epoll\src\test\java\io\netty\channel\epoll\EpollDatagramUnicastIPv6Test.java,dataset/projects/netty/transport-native-epoll/src/test/java/io/netty/channel/epoll/EpollDatagramUnicastIPv6Test.java,EpollDatagramUnicastIPv6Test.java,EpollDatagramUnicastIPv6Test,4,1,1,0,0,0,true,true,false,false,false,false,false,false,false,false
GitHub,relation_test_code_smell_ML,C:\Users\ismak\Documents\GitHub\relation_test_code_smell_ML\dataset\projects\netty\transport-native-epoll\src\test\java\io\netty\channel\epoll\EpollDatagramUnicastTest.java,dataset/projects/netty/transport-native-epoll/src/test/java/io/netty/channel/epoll/EpollDatagramUnicastTest.java,EpollDatagramUnicastTest.java,EpollDatagramUnicastTest,24,17,23,10,4,6,true,true,false,false,false,false,false,false,false,false
GitHub,relation_test_code_smell_ML,C:\Users\ismak\Documents\GitHub\relation_test_code_smell_ML\dataset\projects\netty\transport-native-epoll\src\test\java\io\netty\channel\epoll\EpollDetectPeerCloseWithoutReadTest.java,dataset/projects/netty/transport-native-epoll/src/test/java/io/netty/channel/epoll/EpollDetectPeerCloseWithoutReadTest.java,EpollDetectPeerCloseWithoutReadTest.java,EpollDetectPeerCloseWithoutReadTest,5,3,3,0,0,0,true,true,false,false,false,false,false,false,false,false
GitHub,relation_test_code_smell_ML,C:\Users\ismak\Documents\GitHub\relation_test_code_smell_ML\dataset\projects\netty\transport-native-epoll\src\test\java\io\netty\channel\epoll\EpollDomainDatagramChannelTest.java,dataset/projects/netty/transport-native-epoll/src/test/java/io/netty/channel/epoll/EpollDomainDatagramChannelTest.java,EpollDomainDatagramChannelTest.java,EpollDomainDatagramChannelTest,3,2,4,1,1,0,true,true,false,false,false,false,false,false,false,false
GitHub,relation_test_code_smell_ML,C:\Users\ismak\Documents\GitHub\relation_test_code_smell_ML\dataset\projects\netty\transport-native-epoll\src\test\java\io\netty\channel\epoll\EpollDomainDatagramPathTest.java,dataset/projects/netty/transport-native-epoll/src/test/java/io/netty/channel/epoll/EpollDomainDatagramPathTest.java,EpollDomainDatagramPathTest.java,EpollDomainDatagramPathTest,14,5,5,2,2,0,true,true,false,false,false,false,false,false,false,false
GitHub,relation_test_code_smell_ML,C:\Users\ismak\Documents\GitHub\relation_test_code_smell_ML\dataset\projects\netty\transport-native-epoll\src\test\java\io\netty\channel\epoll\EpollDomainDatagramUnicastTest.java,dataset/projects/netty/transport-native-epoll/src/test/java/io/netty/channel/epoll/EpollDomainDatagramUnicastTest.java,EpollDomainDatagramUnicastTest.java,EpollDomainDatagramUnicastTest,21,14,17,2,1,1,true,true,false,false,false,false,false,false,false,false
GitHub,relation_test_code_smell_ML,C:\Users\ismak\Documents\GitHub\relation_test_code_smell_ML\dataset\projects\netty\transport-native-epoll\src\test\java\io\netty\channel\epoll\EpollDomainSocketAddressesTest.java,dataset/projects/netty/transport-native-epoll/src/test/java/io/netty/channel/epoll/EpollDomainSocketAddressesTest.java,EpollDomainSocketAddressesTest.java,EpollDomainSocketAddressesTest,8,3,3,0,0,0,true,true,false,false,false,false,false,false,false,false
GitHub,relation_test_code_smell_ML,C:\Users\ismak\Documents\GitHub\relation_test_code_smell_ML\dataset\projects\netty\transport-native-epoll\src\test\java\io\netty\channel\epoll\EpollDomainSocketDataReadInitialStateTest.java,dataset/projects/netty/transport-native-epoll/src/test/java/io/netty/channel/epoll/EpollDomainSocketDataReadInitialStateTest.java,EpollDomainSocketDataReadInitialStateTest.java,EpollDomainSocketDataReadInitialStateTest,6,2,2,0,0,0,true,true,false,false,false,false,false,false,false,false
GitHub,relation_test_code_smell_ML,C:\Users\ismak\Documents\GitHub\relation_test_code_smell_ML\dataset\projects\netty\transport-native-epoll\src\test\java\io\netty\channel\epoll\EpollDomainSocketEchoTest.java,dataset/projects/netty/transport-native-epoll/src/test/java/io/netty/channel/epoll/EpollDomainSocketEchoTest.java,EpollDomainSocketEchoTest.java,EpollDomainSocketEchoTest,5,2,2,0,0,0,true,true,false,false,false,false,false,false,false,false
GitHub,relation_test_code_smell_ML,C:\Users\ismak\Documents\GitHub\relation_test_code_smell_ML\dataset\projects\netty\transport-native-epoll\src\test\java\io\netty\channel\epoll\EpollDomainSocketFdTest.java,dataset/projects/netty/transport-native-epoll/src/test/java/io/netty/channel/epoll/EpollDomainSocketFdTest.java,EpollDomainSocketFdTest.java,EpollDomainSocketFdTest,20,8,20,2,1,1,true,true,false,false,false,false,false,false,false,false
GitHub,relation_test_code_smell_ML,C:\Users\ismak\Documents\GitHub\relation_test_code_smell_ML\dataset\projects\netty\transport-native-epoll\src\test\java\io\netty\channel\epoll\EpollDomainSocketFileRegionTest.java,dataset/projects/netty/transport-native-epoll/src/test/java/io/netty/channel/epoll/EpollDomainSocketFileRegionTest.java,EpollDomainSocketFileRegionTest.java,EpollDomainSocketFileRegionTest,5,2,2,0,0,0,true,true,false,false,false,false,false,false,false,false
GitHub,relation_test_code_smell_ML,C:\Users\ismak\Documents\GitHub\relation_test_code_smell_ML\dataset\projects\netty\transport-native-epoll\src\test\java\io\netty\channel\epoll\EpollDomainSocketFixedLengthEchoTest.java,dataset/projects/netty/transport-native-epoll/src/test/java/io/netty/channel/epoll/EpollDomainSocketFixedLengthEchoTest.java,EpollDomainSocketFixedLengthEchoTest.java,EpollDomainSocketFixedLengthEchoTest,6,2,2,0,0,0,true,true,false,false,false,false,false,false,false,false
GitHub,relation_test_code_smell_ML,C:\Users\ismak\Documents\GitHub\relation_test_code_smell_ML\dataset\projects\netty\transport-native-epoll\src\test\java\io\netty\channel\epoll\EpollDomainSocketGatheringWriteTest.java,dataset/projects/netty/transport-native-epoll/src/test/java/io/netty/channel/epoll/EpollDomainSocketGatheringWriteTest.java,EpollDomainSocketGatheringWriteTest.java,EpollDomainSocketGatheringWriteTest,6,2,2,0,0,0,true,true,false,false,false,false,false,false,false,false
GitHub,relation_test_code_smell_ML,C:\Users\ismak\Documents\GitHub\relation_test_code_smell_ML\dataset\projects\netty\transport-native-epoll\src\test\java\io\netty\channel\epoll\EpollDomainSocketObjectEchoTest.java,dataset/projects/netty/transport-native-epoll/src/test/java/io/netty/channel/epoll/EpollDomainSocketObjectEchoTest.java,EpollDomainSocketObjectEchoTest.java,EpollDomainSocketObjectEchoTest,6,2,2,0,0,0,true,true,false,false,false,false,false,false,false,false
GitHub,relation_test_code_smell_ML,C:\Users\ismak\Documents\GitHub\relation_test_code_smell_ML\dataset\projects\netty\transport-native-epoll\src\test\java\io\netty\channel\epoll\EpollDomainSocketReuseFdTest.java,dataset/projects/netty/transport-native-epoll/src/test/java/io/netty/channel/epoll/EpollDomainSocketReuseFdTest.java,EpollDomainSocketReuseFdTest.java,EpollDomainSocketReuseFdTest,6,2,2,0,0,0,true,true,false,false,false,false,false,false,false,false
GitHub,relation_test_code_smell_ML,C:\Users\ismak\Documents\GitHub\relation_test_code_smell_ML\dataset\projects\netty\transport-native-epoll\src\test\java\io\netty\channel\epoll\EpollDomainSocketShutdownOutputByPeerTest.java,dataset/projects/netty/transport-native-epoll/src/test/java/io/netty/channel/epoll/EpollDomainSocketShutdownOutputByPeerTest.java,EpollDomainSocketShutdownOutputByPeerTest.java,EpollDomainSocketShutdownOutputByPeerTest,9,7,12,0,0,0,true,true,false,false,false,false,false,false,false,false
GitHub,relation_test_code_smell_ML,C:\Users\ismak\Documents\GitHub\relation_test_code_smell_ML\dataset\projects\netty\transport-native-epoll\src\test\java\io\netty\channel\epoll\EpollDomainSocketSslClientRenegotiateTest.java,dataset/projects/netty/transport-native-epoll/src/test/java/io/netty/channel/epoll/EpollDomainSocketSslClientRenegotiateTest.java,EpollDomainSocketSslClientRenegotiateTest.java,EpollDomainSocketSslClientRenegotiateTest,6,2,2,0,0,0,true,true,false,false,false,false,false,false,false,false
GitHub,relation_test_code_smell_ML,C:\Users\ismak\Documents\GitHub\relation_test_code_smell_ML\dataset\projects\netty\transport-native-epoll\src\test\java\io\netty\channel\epoll\EpollDomainSocketSslEchoTest.java,dataset/projects/netty/transport-native-epoll/src/test/java/io/netty/channel/epoll/EpollDomainSocketSslEchoTest.java,EpollDomainSocketSslEchoTest.java,EpollDomainSocketSslEchoTest,6,2,2,0,0,0,true,true,false,false,false,false,false,false,false,false
GitHub,relation_test_code_smell_ML,C:\Users\ismak\Documents\GitHub\relation_test_code_smell_ML\dataset\projects\netty\transport-native-epoll\src\test\java\io\netty\channel\epoll\EpollDomainSocketSslGreetingTest.java,dataset/projects/netty/transport-native-epoll/src/test/java/io/netty/channel/epoll/EpollDomainSocketSslGreetingTest.java,EpollDomainSocketSslGreetingTest.java,EpollDomainSocketSslGreetingTest,6,2,2,0,0,0,true,true,false,false,false,false,false,false,false,false
GitHub,relation_test_code_smell_ML,C:\Users\ismak\Documents\GitHub\relation_test_code_smell_ML\dataset\projects\netty\transport-native-epoll\src\test\java\io\netty\channel\epoll\EpollDomainSocketStartTlsTest.java,dataset/projects/netty/transport-native-epoll/src/test/java/io/netty/channel/epoll/EpollDomainSocketStartTlsTest.java,EpollDomainSocketStartTlsTest.java,EpollDomainSocketStartTlsTest,6,2,2,0,0,0,true,true,false,false,false,false,false,false,false,false
GitHub,relation_test_code_smell_ML,C:\Users\ismak\Documents\GitHub\relation_test_code_smell_ML\dataset\projects\netty\transport-native-epoll\src\test\java\io\netty\channel\epoll\EpollDomainSocketStringEchoTest.java,dataset/projects/netty/transport-native-epoll/src/test/java/io/netty/channel/epoll/EpollDomainSocketStringEchoTest.java,EpollDomainSocketStringEchoTest.java,EpollDomainSocketStringEchoTest,6,2,2,0,0,0,true,true,false,false,false,false,false,false,false,false
GitHub,relation_test_code_smell_ML,C:\Users\ismak\Documents\GitHub\relation_test_code_smell_ML\dataset\projects\netty\transport-native-epoll\src\test\java\io\netty\channel\epoll\EpollEventLoopTest.java,dataset/projects/netty/transport-native-epoll/src/test/java/io/netty/channel/epoll/EpollEventLoopTest.java,EpollEventLoopTest.java,EpollEventLoopTest,20,12,22,3,3,0,true,true,false,false,false,false,false,false,false,false
GitHub,relation_test_code_smell_ML,C:\Users\ismak\Documents\GitHub\relation_test_code_smell_ML\dataset\projects\netty\transport-native-epoll\src\test\java\io\netty\channel\epoll\EpollIoHandlerTest.java,dataset/projects/netty/transport-native-epoll/src/test/java/io/netty/channel/epoll/EpollIoHandlerTest.java,EpollIoHandlerTest.java,EpollIoHandlerTest,11,9,19,1,1,0,true,true,false,false,false,false,false,false,false,false
GitHub,relation_test_code_smell_ML,C:\Users\ismak\Documents\GitHub\relation_test_code_smell_ML\dataset\projects\netty\transport-native-epoll\src\test\java\io\netty\channel\epoll\EpollIoHandlerWakeupEventCountTest.java,dataset/projects/netty/transport-native-epoll/src/test/java/io/netty/channel/epoll/EpollIoHandlerWakeupEventCountTest.java,EpollIoHandlerWakeupEventCountTest.java,EpollIoHandlerWakeupEventCountTest,4,2,2,0,0,0,true,true,false,false,false,false,false,false,false,false
GitHub,relation_test_code_smell_ML,C:\Users\ismak\Documents\GitHub\relation_test_code_smell_ML\dataset\projects\netty\transport-native-epoll\src\test\java\io\netty\channel\epoll\EpollJdkLoopbackSocketSslEchoTest.java,dataset/projects/netty/transport-native-epoll/src/test/java/io/netty/channel/epoll/EpollJdkLoopbackSocketSslEchoTest.java,EpollJdkLoopbackSocketSslEchoTest.java,EpollJdkLoopbackSocketSslEchoTest,2,1,1,0,0,0,true,true,false,false,false,false,false,false,false,false
GitHub,relation_test_code_smell_ML,C:\Users\ismak\Documents\GitHub\relation_test_code_smell_ML\dataset\projects\netty\transport-native-epoll\src\test\java\io\netty\channel\epoll\EpollKQueueIovArrayTest.java,dataset/projects/netty/transport-native-epoll/src/test/java/io/netty/channel/epoll/EpollKQueueIovArrayTest.java,EpollKQueueIovArrayTest.java,EpollKQueueIovArrayTest,2,1,1,0,0,0,true,true,false,false,false,false,false,false,false,false
GitHub,relation_test_code_smell_ML,C:\Users\ismak\Documents\GitHub\relation_test_code_smell_ML\dataset\projects\netty\transport-native-epoll\src\test\java\io\netty\channel\epoll\EpollReuseAddrTest.java,dataset/projects/netty/transport-native-epoll/src/test/java/io/netty/channel/epoll/EpollReuseAddrTest.java,EpollReuseAddrTest.java,DummyHandler,33,11,70,5,4,1,true,false,false,false,false,false,false,false,false,true
GitHub,relation_test_code_smell_ML,C:\Users\ismak\Documents\GitHub\relation_test_code_smell_ML\dataset\projects\netty\transport-native-epoll\src\test\java\io\netty\channel\epoll\EpollServerSocketChannelConfigTest.java,dataset/projects/netty/transport-native-epoll/src/test/java/io/netty/channel/epoll/EpollServerSocketChannelConfigTest.java,EpollServerSocketChannelConfigTest.java,EpollServerSocketChannelConfigTest,15,8,22,5,5,0,true,true,false,false,false,false,false,false,false,false
GitHub,relation_test_code_smell_ML,C:\Users\ismak\Documents\GitHub\relation_test_code_smell_ML\dataset\projects\netty\transport-native-epoll\src\test\java\io\netty\channel\epoll\EpollSocketAddressesTest.java,dataset/projects/netty/transport-native-epoll/src/test/java/io/netty/channel/epoll/EpollSocketAddressesTest.java,EpollSocketAddressesTest.java,EpollSocketAddressesTest,9,2,3,0,0,0,true,true,false,false,false,false,false,false,false,false
GitHub,relation_test_code_smell_ML,C:\Users\ismak\Documents\GitHub\relation_test_code_smell_ML\dataset\projects\netty\transport-native-epoll\src\test\java\io\netty\channel\epoll\EpollSocketAutoReadTest.java,dataset/projects/netty/transport-native-epoll/src/test/java/io/netty/channel/epoll/EpollSocketAutoReadTest.java,EpollSocketAutoReadTest.java,EpollSocketAutoReadTest,5,1,1,0,0,0,true,true,false,false,false,false,false,false,false,false
GitHub,relation_test_code_smell_ML,C:\Users\ismak\Documents\GitHub\relation_test_code_smell_ML\dataset\projects\netty\transport-native-epoll\src\test\java\io\netty\channel\epoll\EpollSocketChannelConfigTest.java,dataset/projects/netty/transport-native-epoll/src/test/java/io/netty/channel/epoll/EpollSocketChannelConfigTest.java,EpollSocketChannelConfigTest.java,EpollSocketChannelConfigTest,24,14,32,8,6,2,true,true,false,false,false,false,false,false,false,false
GitHub,relation_test_code_smell_ML,C:\Users\ismak\Documents\GitHub\relation_test_code_smell_ML\dataset\projects\netty\transport-native-epoll\src\test\java\io\netty\channel\epoll\EpollSocketChannelNotYetConnectedTest.java,dataset/projects/netty/transport-native-epoll/src/test/java/io/netty/channel/epoll/EpollSocketChannelNotYetConnectedTest.java,EpollSocketChannelNotYetConnectedTest.java,EpollSocketChannelNotYetConnectedTest,4,1,1,0,0,0,true,true,false,false,false,false,false,false,false,false
GitHub,relation_test_code_smell_ML,C:\Users\ismak\Documents\GitHub\relation_test_code_smell_ML\dataset\projects\netty\transport-native-epoll\src\test\java\io\netty\channel\epoll\EpollSocketChannelTest.java,dataset/projects/netty/transport-native-epoll/src/test/java/io/netty/channel/epoll/EpollSocketChannelTest.java,EpollSocketChannelTest.java,EpollSocketChannelTest,9,4,39,3,3,0,true,true,false,false,false,false,false,false,false,false
GitHub,relation_test_code_smell_ML,C:\Users\ismak\Documents\GitHub\relation_test_code_smell_ML\dataset\projects\netty\transport-native-epoll\src\test\java\io\netty\channel\epoll\EpollSocketCloseForciblyTest.java,dataset/projects/netty/transport-native-epoll/src/test/java/io/netty/channel/epoll/EpollSocketCloseForciblyTest.java,EpollSocketCloseForciblyTest.java,EpollSocketCloseForciblyTest,5,1,1,0,0,0,true,true,false,false,false,false,false,false,false,false
GitHub,relation_test_code_smell_ML,C:\Users\ismak\Documents\GitHub\relation_test_code_smell_ML\dataset\projects\netty\transport-native-epoll\src\test\java\io\netty\channel\epoll\EpollSocketConditionalWritabilityTest.java,dataset/projects/netty/transport-native-epoll/src/test/java/io/netty/channel/epoll/EpollSocketConditionalWritabilityTest.java,EpollSocketConditionalWritabilityTest.java,EpollSocketConditionalWritabilityTest,5,1,1,0,0,0,true,true,false,false,false,false,false,false,false,false
GitHub,relation_test_code_smell_ML,C:\Users\ismak\Documents\GitHub\relation_test_code_smell_ML\dataset\projects\netty\transport-native-epoll\src\test\java\io\netty\channel\epoll\EpollSocketConnectionAttemptTest.java,dataset/projects/netty/transport-native-epoll/src/test/java/io/netty/channel/epoll/EpollSocketConnectionAttemptTest.java,EpollSocketConnectionAttemptTest.java,EpollSocketConnectionAttemptTest,4,1,1,0,0,0,true,true,false,false,false,false,false,false,false,false
GitHub,relation_test_code_smell_ML,C:\Users\ismak\Documents\GitHub\relation_test_code_smell_ML\dataset\projects\netty\transport-native-epoll\src\test\java\io\netty\channel\epoll\EpollSocketConnectTest.java,dataset/projects/netty/transport-native-epoll/src/test/java/io/netty/channel/epoll/EpollSocketConnectTest.java,EpollSocketConnectTest.java,EpollSocketConnectTest,5,1,1,0,0,0,true,true,false,false,false,false,false,false,false,false
GitHub,relation_test_code_smell_ML,C:\Users\ismak\Documents\GitHub\relation_test_code_smell_ML\dataset\projects\netty\transport-native-epoll\src\test\java\io\netty\channel\epoll\EpollSocketDataReadInitialStateTest.java,dataset/projects/netty/transport-native-epoll/src/test/java/io/netty/channel/epoll/EpollSocketDataReadInitialStateTest.java,EpollSocketDataReadInitialStateTest.java,EpollSocketDataReadInitialStateTest,5,1,1,0,0,0,true,true,false,false,false,false,false,false,false,false
GitHub,relation_test_code_smell_ML,C:\Users\ismak\Documents\GitHub\relation_test_code_smell_ML\dataset\projects\netty\transport-native-epoll\src\test\java\io\netty\channel\epoll\EpollSocketEchoTest.java,dataset/projects/netty/transport-native-epoll/src/test/java/io/netty/channel/epoll/EpollSocketEchoTest.java,EpollSocketEchoTest.java,EpollSocketEchoTest,5,1,1,0,0,0,true,true,false,false,false,false,false,false,false,false
GitHub,relation_test_code_smell_ML,C:\Users\ismak\Documents\GitHub\relation_test_code_smell_ML\dataset\projects\netty\transport-native-epoll\src\test\java\io\netty\channel\epoll\EpollSocketExceptionHandlingTest.java,dataset/projects/netty/transport-native-epoll/src/test/java/io/netty/channel/epoll/EpollSocketExceptionHandlingTest.java,EpollSocketExceptionHandlingTest.java,EpollSocketExceptionHandlingTest,5,1,1,0,0,0,true,true,false,false,false,false,false,false,false,false
GitHub,relation_test_code_smell_ML,C:\Users\ismak\Documents\GitHub\relation_test_code_smell_ML\dataset\projects\netty\transport-native-epoll\src\test\java\io\netty\channel\epoll\EpollSocketFileRegionTest.java,dataset/projects/netty/transport-native-epoll/src/test/java/io/netty/channel/epoll/EpollSocketFileRegionTest.java,EpollSocketFileRegionTest.java,EpollSocketFileRegionTest,5,1,1,0,0,0,true,true,false,false,false,false,false,false,false,false
GitHub,relation_test_code_smell_ML,C:\Users\ismak\Documents\GitHub\relation_test_code_smell_ML\dataset\projects\netty\transport-native-epoll\src\test\java\io\netty\channel\epoll\EpollSocketFixedLengthEchoTest.java,dataset/projects/netty/transport-native-epoll/src/test/java/io/netty/channel/epoll/EpollSocketFixedLengthEchoTest.java,EpollSocketFixedLengthEchoTest.java,EpollSocketFixedLengthEchoTest,5,1,1,0,0,0,true,true,false,false,false,false,false,false,false,false
GitHub,relation_test_code_smell_ML,C:\Users\ismak\Documents\GitHub\relation_test_code_smell_ML\dataset\projects\netty\transport-native-epoll\src\test\java\io\netty\channel\epoll\EpollSocketGatheringWriteTest.java,dataset/projects/netty/transport-native-epoll/src/test/java/io/netty/channel/epoll/EpollSocketGatheringWriteTest.java,EpollSocketGatheringWriteTest.java,EpollSocketGatheringWriteTest,5,1,1,0,0,0,true,true,false,false,false,false,false,false,false,false
GitHub,relation_test_code_smell_ML,C:\Users\ismak\Documents\GitHub\relation_test_code_smell_ML\dataset\projects\netty\transport-native-epoll\src\test\java\io\netty\channel\epoll\EpollSocketHalfClosedTest.java,dataset/projects/netty/transport-native-epoll/src/test/java/io/netty/channel/epoll/EpollSocketHalfClosedTest.java,EpollSocketHalfClosedTest.java,EpollSocketHalfClosedTest,5,1,1,0,0,0,true,true,false,false,false,false,false,false,false,false
GitHub,relation_test_code_smell_ML,C:\Users\ismak\Documents\GitHub\relation_test_code_smell_ML\dataset\projects\netty\transport-native-epoll\src\test\java\io\netty\channel\epoll\EpollSocketMultipleConnectTest.java,dataset/projects/netty/transport-native-epoll/src/test/java/io/netty/channel/epoll/EpollSocketMultipleConnectTest.java,EpollSocketMultipleConnectTest.java,EpollSocketMultipleConnectTest,9,1,3,0,0,0,true,true,false,false,false,false,false,false,false,false
GitHub,relation_test_code_smell_ML,C:\Users\ismak\Documents\GitHub\relation_test_code_smell_ML\dataset\projects\netty\transport-native-epoll\src\test\java\io\netty\channel\epoll\EpollSocketObjectEchoTest.java,dataset/projects/netty/transport-native-epoll/src/test/java/io/netty/channel/epoll/EpollSocketObjectEchoTest.java,EpollSocketObjectEchoTest.java,EpollSocketObjectEchoTest,5,1,1,0,0,0,true,true,false,false,false,false,false,false,false,false
GitHub,relation_test_code_smell_ML,C:\Users\ismak\Documents\GitHub\relation_test_code_smell_ML\dataset\projects\netty\transport-native-epoll\src\test\java\io\netty\channel\epoll\EpollSocketReadPendingTest.java,dataset/projects/netty/transport-native-epoll/src/test/java/io/netty/channel/epoll/EpollSocketReadPendingTest.java,EpollSocketReadPendingTest.java,EpollSocketReadPendingTest,5,1,1,0,0,0,true,true,false,false,false,false,false,false,false,false
GitHub,relation_test_code_smell_ML,C:\Users\ismak\Documents\GitHub\relation_test_code_smell_ML\dataset\projects\netty\transport-native-epoll\src\test\java\io\netty\channel\epoll\EpollSocketRstTest.java,dataset/projects/netty/transport-native-epoll/src/test/java/io/netty/channel/epoll/EpollSocketRstTest.java,EpollSocketRstTest.java,EpollSocketRstTest,11,2,4,0,0,0,true,true,false,false,false,false,false,false,false,false
GitHub,relation_test_code_smell_ML,C:\Users\ismak\Documents\GitHub\relation_test_code_smell_ML\dataset\projects\netty\transport-native-epoll\src\test\java\io\netty\channel\epoll\EpollSocketShutdownOutputByPeerTest.java,dataset/projects/netty/transport-native-epoll/src/test/java/io/netty/channel/epoll/EpollSocketShutdownOutputByPeerTest.java,EpollSocketShutdownOutputByPeerTest.java,EpollSocketShutdownOutputByPeerTest,4,1,1,0,0,0,true,true,false,false,false,false,false,false,false,false
GitHub,relation_test_code_smell_ML,C:\Users\ismak\Documents\GitHub\relation_test_code_smell_ML\dataset\projects\netty\transport-native-epoll\src\test\java\io\netty\channel\epoll\EpollSocketShutdownOutputBySelfTest.java,dataset/projects/netty/transport-native-epoll/src/test/java/io/netty/channel/epoll/EpollSocketShutdownOutputBySelfTest.java,EpollSocketShutdownOutputBySelfTest.java,EpollSocketShutdownOutputBySelfTest,4,1,1,0,0,0,true,true,false,false,false,false,false,false,false,false
GitHub,relation_test_code_smell_ML,C:\Users\ismak\Documents\GitHub\relation_test_code_smell_ML\dataset\projects\netty\transport-native-epoll\src\test\java\io\netty\channel\epoll\EpollSocketSslClientRenegotiateTest.java,dataset/projects/netty/transport-native-epoll/src/test/java/io/netty/channel/epoll/EpollSocketSslClientRenegotiateTest.java,EpollSocketSslClientRenegotiateTest.java,EpollSocketSslClientRenegotiateTest,5,1,1,0,0,0,true,true,false,false,false,false,false,false,false,false
GitHub,relation_test_code_smell_ML,C:\Users\ismak\Documents\GitHub\relation_test_code_smell_ML\dataset\projects\netty\transport-native-epoll\src\test\java\io\netty\channel\epoll\EpollSocketSslEchoTest.java,dataset/projects/netty/transport-native-epoll/src/test/java/io/netty/channel/epoll/EpollSocketSslEchoTest.java,EpollSocketSslEchoTest.java,EpollSocketSslEchoTest,5,1,1,0,0,0,true,true,false,false,false,false,false,false,false,false
GitHub,relation_test_code_smell_ML,C:\Users\ismak\Documents\GitHub\relation_test_code_smell_ML\dataset\projects\netty\transport-native-epoll\src\test\java\io\netty\channel\epoll\EpollSocketSslGreetingTest.java,dataset/projects/netty/transport-native-epoll/src/test/java/io/netty/channel/epoll/EpollSocketSslGreetingTest.java,EpollSocketSslGreetingTest.java,EpollSocketSslGreetingTest,5,1,1,0,0,0,true,true,false,false,false,false,false,false,false,false
GitHub,relation_test_code_smell_ML,C:\Users\ismak\Documents\GitHub\relation_test_code_smell_ML\dataset\projects\netty\transport-native-epoll\src\test\java\io\netty\channel\epoll\EpollSocketSslSessionReuseTest.java,dataset/projects/netty/transport-native-epoll/src/test/java/io/netty/channel/epoll/EpollSocketSslSessionReuseTest.java,EpollSocketSslSessionReuseTest.java,EpollSocketSslSessionReuseTest,5,1,1,0,0,0,true,true,false,false,false,false,false,false,false,false
GitHub,relation_test_code_smell_ML,C:\Users\ismak\Documents\GitHub\relation_test_code_smell_ML\dataset\projects\netty\transport-native-epoll\src\test\java\io\netty\channel\epoll\EpollSocketStartTlsTest.java,dataset/projects/netty/transport-native-epoll/src/test/java/io/netty/channel/epoll/EpollSocketStartTlsTest.java,EpollSocketStartTlsTest.java,EpollSocketStartTlsTest,5,1,1,0,0,0,true,true,false,false,false,false,false,false,false,false
GitHub,relation_test_code_smell_ML,C:\Users\ismak\Documents\GitHub\relation_test_code_smell_ML\dataset\projects\netty\transport-native-epoll\src\test\java\io\netty\channel\epoll\EpollSocketStringEchoBusyWaitTest.java,dataset/projects/netty/transport-native-epoll/src/test/java/io/netty/channel/epoll/EpollSocketStringEchoBusyWaitTest.java,EpollSocketStringEchoBusyWaitTest.java,EpollSocketStringEchoBusyWaitTest,16,11,15,0,0,0,true,true,false,false,false,false,false,false,false,false
GitHub,relation_test_code_smell_ML,C:\Users\ismak\Documents\GitHub\relation_test_code_smell_ML\dataset\projects\netty\transport-native-epoll\src\test\java\io\netty\channel\epoll\EpollSocketStringEchoTest.java,dataset/projects/netty/transport-native-epoll/src/test/java/io/netty/channel/epoll/EpollSocketStringEchoTest.java,EpollSocketStringEchoTest.java,EpollSocketStringEchoTest,5,1,1,0,0,0,true,true,false,false,false,false,false,false,false,false
GitHub,relation_test_code_smell_ML,C:\Users\ismak\Documents\GitHub\relation_test_code_smell_ML\dataset\projects\netty\transport-native-epoll\src\test\java\io\netty\channel\epoll\EpollSocketTcpMd5Test.java,dataset/projects/netty/transport-native-epoll/src/test/java/io/netty/channel/epoll/EpollSocketTcpMd5Test.java,EpollSocketTcpMd5Test.java,EpollSocketTcpMd5Test,21,10,18,4,4,0,true,true,false,false,false,false,false,false,false,false
GitHub,relation_test_code_smell_ML,C:\Users\ismak\Documents\GitHub\relation_test_code_smell_ML\dataset\projects\netty\transport-native-epoll\src\test\java\io\netty\channel\epoll\EpollSocketTest.java,dataset/projects/netty/transport-native-epoll/src/test/java/io/netty/channel/epoll/EpollSocketTest.java,EpollSocketTest.java,EpollSocketTest,10,6,10,2,2,0,true,true,false,false,false,false,false,false,false,false
GitHub,relation_test_code_smell_ML,C:\Users\ismak\Documents\GitHub\relation_test_code_smell_ML\dataset\projects\netty\transport-native-epoll\src\test\java\io\netty\channel\epoll\EpollSpliceTest.java,dataset/projects/netty/transport-native-epoll/src/test/java/io/netty/channel/epoll/EpollSpliceTest.java,EpollSpliceTest.java,SpliceHandler,26,15,82,2,2,0,true,false,false,false,false,false,false,false,false,false
GitHub,relation_test_code_smell_ML,C:\Users\ismak\Documents\GitHub\relation_test_code_smell_ML\dataset\projects\netty\transport-native-epoll\src\test\java\io\netty\channel\epoll\EpollTest.java,dataset/projects/netty/transport-native-epoll/src/test/java/io/netty/channel/epoll/EpollTest.java,EpollTest.java,EpollTest,9,4,8,3,3,0,true,true,false,false,false,false,false,false,false,false
GitHub,relation_test_code_smell_ML,C:\Users\ismak\Documents\GitHub\relation_test_code_smell_ML\dataset\projects\netty\transport-native-epoll\src\test\java\io\netty\channel\epoll\EpollWriteBeforeRegisteredTest.java,dataset/projects/netty/transport-native-epoll/src/test/java/io/netty/channel/epoll/EpollWriteBeforeRegisteredTest.java,EpollWriteBeforeRegisteredTest.java,EpollWriteBeforeRegisteredTest,4,1,1,0,0,0,true,true,false,false,false,false,false,false,false,false
GitHub,relation_test_code_smell_ML,C:\Users\ismak\Documents\GitHub\relation_test_code_smell_ML\dataset\projects\netty\transport-native-epoll\src\test\java\io\netty\channel\epoll\LinuxSocketTest.java,dataset/projects/netty/transport-native-epoll/src/test/java/io/netty/channel/epoll/LinuxSocketTest.java,LinuxSocketTest.java,LinuxSocketTest,13,8,17,4,4,0,true,true,false,false,false,false,false,false,false,false
GitHub,relation_test_code_smell_ML,C:\Users\ismak\Documents\GitHub\relation_test_code_smell_ML\dataset\projects\netty\transport-native-epoll\src\test\java\io\netty\channel\epoll\ManualEventLoopTest.java,dataset/projects/netty/transport-native-epoll/src/test/java/io/netty/channel/epoll/ManualEventLoopTest.java,ManualEventLoopTest.java,ManualIoEventLoopRunner,19,15,37,5,4,1,true,false,false,false,false,false,false,false,false,false
GitHub,relation_test_code_smell_ML,C:\Users\ismak\Documents\GitHub\relation_test_code_smell_ML\dataset\projects\netty\transport-native-epoll\src\test\java\io\netty\channel\epoll\NativeTest.java,dataset/projects/netty/transport-native-epoll/src/test/java/io/netty/channel/epoll/NativeTest.java,NativeTest.java,NativeTest,7,2,14,2,2,0,true,true,false,false,false,false,false,false,false,false
GitHub,relation_test_code_smell_ML,C:\Users\ismak\Documents\GitHub\relation_test_code_smell_ML\dataset\projects\netty\transport-native-io_uring\src\test\java\io\netty\channel\uring\CombinationOfEpollAndIoUringTest.java,dataset/projects/netty/transport-native-io_uring/src/test/java/io/netty/channel/uring/CombinationOfEpollAndIoUringTest.java,CombinationOfEpollAndIoUringTest.java,CombinationOfEpollAndIoUringTest,4,2,4,1,1,0,true,true,false,false,false,false,false,false,false,false
GitHub,relation_test_code_smell_ML,C:\Users\ismak\Documents\GitHub\relation_test_code_smell_ML\dataset\projects\netty\transport-native-io_uring\src\test\java\io\netty\channel\uring\CombinationOfIoUringAndEpollTest.java,dataset/projects/netty/transport-native-io_uring/src/test/java/io/netty/channel/uring/CombinationOfIoUringAndEpollTest.java,CombinationOfIoUringAndEpollTest.java,CombinationOfIoUringAndEpollTest,4,2,4,1,1,0,true,true,false,false,false,false,false,false,false,false
GitHub,relation_test_code_smell_ML,C:\Users\ismak\Documents\GitHub\relation_test_code_smell_ML\dataset\projects\netty\transport-native-io_uring\src\test\java\io\netty\channel\uring\IoUringAdaptiveBufferRingAllocatorTest.java,dataset/projects/netty/transport-native-io_uring/src/test/java/io/netty/channel/uring/IoUringAdaptiveBufferRingAllocatorTest.java,IoUringAdaptiveBufferRingAllocatorTest.java,IoUringAdaptiveBufferRingAllocatorTest,5,10,23,8,8,0,true,true,false,false,false,false,false,false,false,false
GitHub,relation_test_code_smell_ML,C:\Users\ismak\Documents\GitHub\relation_test_code_smell_ML\dataset\projects\netty\transport-native-io_uring\src\test\java\io\netty\channel\uring\IoUringAutoReadTest.java,dataset/projects/netty/transport-native-io_uring/src/test/java/io/netty/channel/uring/IoUringAutoReadTest.java,IoUringAutoReadTest.java,IoUringAutoReadTest,15,4,6,1,1,0,true,true,false,false,false,false,false,false,false,false
GitHub,relation_test_code_smell_ML,C:\Users\ismak\Documents\GitHub\relation_test_code_smell_ML\dataset\projects\netty\transport-native-io_uring\src\test\java\io\netty\channel\uring\IoUringBufferRingCompositeBufferGatheringWriteTest.java,dataset/projects/netty/transport-native-io_uring/src/test/java/io/netty/channel/uring/IoUringBufferRingCompositeBufferGatheringWriteTest.java,IoUringBufferRingCompositeBufferGatheringWriteTest.java,IoUringBufferRingCompositeBufferGatheringWriteTest,8,3,6,0,0,0,true,true,false,false,false,false,false,false,false,false
GitHub,relation_test_code_smell_ML,C:\Users\ismak\Documents\GitHub\relation_test_code_smell_ML\dataset\projects\netty\transport-native-io_uring\src\test\java\io\netty\channel\uring\IoUringBufferRingSocketChannelNotYetConnectedTest.java,dataset/projects/netty/transport-native-io_uring/src/test/java/io/netty/channel/uring/IoUringBufferRingSocketChannelNotYetConnectedTest.java,IoUringBufferRingSocketChannelNotYetConnectedTest.java,IoUringBufferRingSocketChannelNotYetConnectedTest,7,3,5,0,0,0,true,true,false,false,false,false,false,false,false,false
GitHub,relation_test_code_smell_ML,C:\Users\ismak\Documents\GitHub\relation_test_code_smell_ML\dataset\projects\netty\transport-native-io_uring\src\test\java\io\netty\channel\uring\IoUringBufferRingSocketConditionalWritabilityTest.java,dataset/projects/netty/transport-native-io_uring/src/test/java/io/netty/channel/uring/IoUringBufferRingSocketConditionalWritabilityTest.java,IoUringBufferRingSocketConditionalWritabilityTest.java,IoUringBufferRingSocketConditionalWritabilityTest,8,3,6,0,0,0,true,true,false,false,false,false,false,false,false,false
GitHub,relation_test_code_smell_ML,C:\Users\ismak\Documents\GitHub\relation_test_code_smell_ML\dataset\projects\netty\transport-native-io_uring\src\test\java\io\netty\channel\uring\IoUringBufferRingSocketConnectionAttemptTest.java,dataset/projects/netty/transport-native-io_uring/src/test/java/io/netty/channel/uring/IoUringBufferRingSocketConnectionAttemptTest.java,IoUringBufferRingSocketConnectionAttemptTest.java,IoUringBufferRingSocketConnectionAttemptTest,7,3,5,0,0,0,true,true,false,false,false,false,false,false,false,false
GitHub,relation_test_code_smell_ML,C:\Users\ismak\Documents\GitHub\relation_test_code_smell_ML\dataset\projects\netty\transport-native-io_uring\src\test\java\io\netty\channel\uring\IoUringBufferRingSocketConnectTest.java,dataset/projects/netty/transport-native-io_uring/src/test/java/io/netty/channel/uring/IoUringBufferRingSocketConnectTest.java,IoUringBufferRingSocketConnectTest.java,IoUringBufferRingSocketConnectTest,8,3,6,0,0,0,true,true,false,false,false,false,false,false,false,false
GitHub,relation_test_code_smell_ML,C:\Users\ismak\Documents\GitHub\relation_test_code_smell_ML\dataset\projects\netty\transport-native-io_uring\src\test\java\io\netty\channel\uring\IoUringBufferRingSocketDataReadInitialStateTest.java,dataset/projects/netty/transport-native-io_uring/src/test/java/io/netty/channel/uring/IoUringBufferRingSocketDataReadInitialStateTest.java,IoUringBufferRingSocketDataReadInitialStateTest.java,IoUringBufferRingSocketDataReadInitialStateTest,8,3,6,0,0,0,true,true,false,false,false,false,false,false,false,false
GitHub,relation_test_code_smell_ML,C:\Users\ismak\Documents\GitHub\relation_test_code_smell_ML\dataset\projects\netty\transport-native-io_uring\src\test\java\io\netty\channel\uring\IoUringBufferRingSocketEchoTest.java,dataset/projects/netty/transport-native-io_uring/src/test/java/io/netty/channel/uring/IoUringBufferRingSocketEchoTest.java,IoUringBufferRingSocketEchoTest.java,IoUringBufferRingSocketEchoTest,8,3,6,0,0,0,true,true,false,false,false,false,false,false,false,false
GitHub,relation_test_code_smell_ML,C:\Users\ismak\Documents\GitHub\relation_test_code_smell_ML\dataset\projects\netty\transport-native-io_uring\src\test\java\io\netty\channel\uring\IoUringBufferRingSocketExceptionHandlingTest.java,dataset/projects/netty/transport-native-io_uring/src/test/java/io/netty/channel/uring/IoUringBufferRingSocketExceptionHandlingTest.java,IoUringBufferRingSocketExceptionHandlingTest.java,IoUringBufferRingSocketExceptionHandlingTest,8,3,6,0,0,0,true,true,false,false,false,false,false,false,false,false
GitHub,relation_test_code_smell_ML,C:\Users\ismak\Documents\GitHub\relation_test_code_smell_ML\dataset\projects\netty\transport-native-io_uring\src\test\java\io\netty\channel\uring\IoUringBufferRingSocketFileRegionTest.java,dataset/projects/netty/transport-native-io_uring/src/test/java/io/netty/channel/uring/IoUringBufferRingSocketFileRegionTest.java,IoUringBufferRingSocketFileRegionTest.java,IoUringBufferRingSocketFileRegionTest,10,5,8,1,1,0,true,true,false,false,false,false,false,false,false,false
GitHub,relation_test_code_smell_ML,C:\Users\ismak\Documents\GitHub\relation_test_code_smell_ML\dataset\projects\netty\transport-native-io_uring\src\test\java\io\netty\channel\uring\IoUringBufferRingSocketFixedLengthEchoTest.java,dataset/projects/netty/transport-native-io_uring/src/test/java/io/netty/channel/uring/IoUringBufferRingSocketFixedLengthEchoTest.java,IoUringBufferRingSocketFixedLengthEchoTest.java,IoUringBufferRingSocketFixedLengthEchoTest,8,3,6,0,0,0,true,true,false,false,false,false,false,false,false,false
GitHub,relation_test_code_smell_ML,C:\Users\ismak\Documents\GitHub\relation_test_code_smell_ML\dataset\projects\netty\transport-native-io_uring\src\test\java\io\netty\channel\uring\IoUringBufferRingSocketGatheringWriteTest.java,dataset/projects/netty/transport-native-io_uring/src/test/java/io/netty/channel/uring/IoUringBufferRingSocketGatheringWriteTest.java,IoUringBufferRingSocketGatheringWriteTest.java,IoUringBufferRingSocketGatheringWriteTest,8,3,6,0,0,0,true,true,false,false,false,false,false,false,false,false
GitHub,relation_test_code_smell_ML,C:\Users\ismak\Documents\GitHub\relation_test_code_smell_ML\dataset\projects\netty\transport-native-io_uring\src\test\java\io\netty\channel\uring\IoUringBufferRingSocketHalfClosedTest.java,dataset/projects/netty/transport-native-io_uring/src/test/java/io/netty/channel/uring/IoUringBufferRingSocketHalfClosedTest.java,IoUringBufferRingSocketHalfClosedTest.java,IoUringBufferRingSocketHalfClosedTest,13,5,9,1,1,0,true,true,false,false,false,false,false,false,false,false
GitHub,relation_test_code_smell_ML,C:\Users\ismak\Documents\GitHub\relation_test_code_smell_ML\dataset\projects\netty\transport-native-io_uring\src\test\java\io\netty\channel\uring\IoUringBufferRingSocketMultipleConnectTest.java,dataset/projects/netty/transport-native-io_uring/src/test/java/io/netty/channel/uring/IoUringBufferRingSocketMultipleConnectTest.java,IoUringBufferRingSocketMultipleConnectTest.java,IoUringBufferRingSocketMultipleConnectTest,12,3,8,0,0,0,true,true,false,false,false,false,false,false,false,false
GitHub,relation_test_code_smell_ML,C:\Users\ismak\Documents\GitHub\relation_test_code_smell_ML\dataset\projects\netty\transport-native-io_uring\src\test\java\io\netty\channel\uring\IoUringBufferRingSocketRstTest.java,dataset/projects/netty/transport-native-io_uring/src/test/java/io/netty/channel/uring/IoUringBufferRingSocketRstTest.java,IoUringBufferRingSocketRstTest.java,IoUringBufferRingSocketRstTest,13,4,9,0,0,0,true,true,false,false,false,false,false,false,false,false
GitHub,relation_test_code_smell_ML,C:\Users\ismak\Documents\GitHub\relation_test_code_smell_ML\dataset\projects\netty\transport-native-io_uring\src\test\java\io\netty\channel\uring\IoUringBufferRingSocketShutdownOutputByPeerTest.java,dataset/projects/netty/transport-native-io_uring/src/test/java/io/netty/channel/uring/IoUringBufferRingSocketShutdownOutputByPeerTest.java,IoUringBufferRingSocketShutdownOutputByPeerTest.java,IoUringBufferRingSocketShutdownOutputByPeerTest,7,3,5,0,0,0,true,true,false,false,false,false,false,false,false,false
GitHub,relation_test_code_smell_ML,C:\Users\ismak\Documents\GitHub\relation_test_code_smell_ML\dataset\projects\netty\transport-native-io_uring\src\test\java\io\netty\channel\uring\IoUringBufferRingSocketShutdownOutputBySelfTest.java,dataset/projects/netty/transport-native-io_uring/src/test/java/io/netty/channel/uring/IoUringBufferRingSocketShutdownOutputBySelfTest.java,IoUringBufferRingSocketShutdownOutputBySelfTest.java,IoUringBufferRingSocketShutdownOutputBySelfTest,7,3,5,0,0,0,true,true,false,false,false,false,false,false,false,false
GitHub,relation_test_code_smell_ML,C:\Users\ismak\Documents\GitHub\relation_test_code_smell_ML\dataset\projects\netty\transport-native-io_uring\src\test\java\io\netty\channel\uring\IoUringBufferRingSocketSslClientRenegotiateTest.java,dataset/projects/netty/transport-native-io_uring/src/test/java/io/netty/channel/uring/IoUringBufferRingSocketSslClientRenegotiateTest.java,IoUringBufferRingSocketSslClientRenegotiateTest.java,IoUringBufferRingSocketSslClientRenegotiateTest,8,3,6,0,0,0,true,true,false,false,false,false,false,false,false,false
GitHub,relation_test_code_smell_ML,C:\Users\ismak\Documents\GitHub\relation_test_code_smell_ML\dataset\projects\netty\transport-native-io_uring\src\test\java\io\netty\channel\uring\IoUringBufferRingSocketSslEchoTest.java,dataset/projects/netty/transport-native-io_uring/src/test/java/io/netty/channel/uring/IoUringBufferRingSocketSslEchoTest.java,IoUringBufferRingSocketSslEchoTest.java,IoUringBufferRingSocketSslEchoTest,8,3,6,0,0,0,true,true,false,false,false,false,false,false,false,false
GitHub,relation_test_code_smell_ML,C:\Users\ismak\Documents\GitHub\relation_test_code_smell_ML\dataset\projects\netty\transport-native-io_uring\src\test\java\io\netty\channel\uring\IoUringBufferRingSocketSslGreetingTest.java,dataset/projects/netty/transport-native-io_uring/src/test/java/io/netty/channel/uring/IoUringBufferRingSocketSslGreetingTest.java,IoUringBufferRingSocketSslGreetingTest.java,IoUringBufferRingSocketSslGreetingTest,8,3,6,0,0,0,true,true,false,false,false,false,false,false,false,false
GitHub,relation_test_code_smell_ML,C:\Users\ismak\Documents\GitHub\relation_test_code_smell_ML\dataset\projects\netty\transport-native-io_uring\src\test\java\io\netty\channel\uring\IoUringBufferRingSocketSslSessionReuseTest.java,dataset/projects/netty/transport-native-io_uring/src/test/java/io/netty/channel/uring/IoUringBufferRingSocketSslSessionReuseTest.java,IoUringBufferRingSocketSslSessionReuseTest.java,IoUringBufferRingSocketSslSessionReuseTest,8,3,6,0,0,0,true,true,false,false,false,false,false,false,false,false
GitHub,relation_test_code_smell_ML,C:\Users\ismak\Documents\GitHub\relation_test_code_smell_ML\dataset\projects\netty\transport-native-io_uring\src\test\java\io\netty\channel\uring\IoUringBufferRingSocketStartTlsTest.java,dataset/projects/netty/transport-native-io_uring/src/test/java/io/netty/channel/uring/IoUringBufferRingSocketStartTlsTest.java,IoUringBufferRingSocketStartTlsTest.java,IoUringBufferRingSocketStartTlsTest,8,3,6,0,0,0,true,true,false,false,false,false,false,false,false,false
GitHub,relation_test_code_smell_ML,C:\Users\ismak\Documents\GitHub\relation_test_code_smell_ML\dataset\projects\netty\transport-native-io_uring\src\test\java\io\netty\channel\uring\IoUringBufferRingSocketStringEchoTest.java,dataset/projects/netty/transport-native-io_uring/src/test/java/io/netty/channel/uring/IoUringBufferRingSocketStringEchoTest.java,IoUringBufferRingSocketStringEchoTest.java,IoUringBufferRingSocketStringEchoTest,8,3,6,0,0,0,true,true,false,false,false,false,false,false,false,false
GitHub,relation_test_code_smell_ML,C:\Users\ismak\Documents\GitHub\relation_test_code_smell_ML\dataset\projects\netty\transport-native-io_uring\src\test\java\io\netty\channel\uring\IoUringBufferRingTest.java,dataset/projects/netty/transport-native-io_uring/src/test/java/io/netty/channel/uring/IoUringBufferRingTest.java,IoUringBufferRingTest.java,IoUringBufferRingTest,26,12,71,4,2,2,true,true,false,false,false,false,false,false,false,false
GitHub,relation_test_code_smell_ML,C:\Users\ismak\Documents\GitHub\relation_test_code_smell_ML\dataset\projects\netty\transport-native-io_uring\src\test\java\io\netty\channel\uring\IoUringBufferRingWriteBeforeRegisteredTest.java,dataset/projects/netty/transport-native-io_uring/src/test/java/io/netty/channel/uring/IoUringBufferRingWriteBeforeRegisteredTest.java,IoUringBufferRingWriteBeforeRegisteredTest.java,IoUringBufferRingWriteBeforeRegisteredTest,7,3,5,0,0,0,true,true,false,false,false,false,false,false,false,false
GitHub,relation_test_code_smell_ML,C:\Users\ismak\Documents\GitHub\relation_test_code_smell_ML\dataset\projects\netty\transport-native-io_uring\src\test\java\io\netty\channel\uring\IoUringChannelConfigTest.java,dataset/projects/netty/transport-native-io_uring/src/test/java/io/netty/channel/uring/IoUringChannelConfigTest.java,IoUringChannelConfigTest.java,IoUringChannelConfigTest,10,3,22,2,2,0,true,true,false,false,false,false,false,false,false,false
GitHub,relation_test_code_smell_ML,C:\Users\ismak\Documents\GitHub\relation_test_code_smell_ML\dataset\projects\netty\transport-native-io_uring\src\test\java\io\netty\channel\uring\IoUringCompositeBufferGatheringWriteTest.java,dataset/projects/netty/transport-native-io_uring/src/test/java/io/netty/channel/uring/IoUringCompositeBufferGatheringWriteTest.java,IoUringCompositeBufferGatheringWriteTest.java,IoUringCompositeBufferGatheringWriteTest,7,2,2,0,0,0,true,true,false,false,false,false,false,false,false,false
GitHub,relation_test_code_smell_ML,C:\Users\ismak\Documents\GitHub\relation_test_code_smell_ML\dataset\projects\netty\transport-native-io_uring\src\test\java\io\netty\channel\uring\IoUringCustomIoHandleTest.java,dataset/projects/netty/transport-native-io_uring/src/test/java/io/netty/channel/uring/IoUringCustomIoHandleTest.java,IoUringCustomIoHandleTest.java,TestHandle,16,10,18,3,3,0,true,true,false,false,false,false,false,false,false,false
GitHub,relation_test_code_smell_ML,C:\Users\ismak\Documents\GitHub\relation_test_code_smell_ML\dataset\projects\netty\transport-native-io_uring\src\test\java\io\netty\channel\uring\IoUringDatagramConnectedWriteExceptionTest.java,dataset/projects/netty/transport-native-io_uring/src/test/java/io/netty/channel/uring/IoUringDatagramConnectedWriteExceptionTest.java,IoUringDatagramConnectedWriteExceptionTest.java,IoUringDatagramConnectedWriteExceptionTest,4,1,1,0,0,0,true,true,false,false,false,false,false,false,false,false
GitHub,relation_test_code_smell_ML,C:\Users\ismak\Documents\GitHub\relation_test_code_smell_ML\dataset\projects\netty\transport-native-io_uring\src\test\java\io\netty\channel\uring\IoUringDatagramConnectNotExistsTest.java,dataset/projects/netty/transport-native-io_uring/src/test/java/io/netty/channel/uring/IoUringDatagramConnectNotExistsTest.java,IoUringDatagramConnectNotExistsTest.java,IoUringDatagramConnectNotExistsTest,6,2,2,0,0,0,true,true,false,false,false,false,false,false,false,false
GitHub,relation_test_code_smell_ML,C:\Users\ismak\Documents\GitHub\relation_test_code_smell_ML\dataset\projects\netty\transport-native-io_uring\src\test\java\io\netty\channel\uring\IoUringDatagramMulticastIPv6Test.java,dataset/projects/netty/transport-native-io_uring/src/test/java/io/netty/channel/uring/IoUringDatagramMulticastIPv6Test.java,IoUringDatagramMulticastIPv6Test.java,IoUringDatagramMulticastIPv6Test,6,2,2,0,0,0,true,true,false,false,false,false,false,false,false,false
GitHub,relation_test_code_smell_ML,C:\Users\ismak\Documents\GitHub\relation_test_code_smell_ML\dataset\projects\netty\transport-native-io_uring\src\test\java\io\netty\channel\uring\IoUringDatagramMulticastTest.java,dataset/projects/netty/transport-native-io_uring/src/test/java/io/netty/channel/uring/IoUringDatagramMulticastTest.java,IoUringDatagramMulticastTest.java,IoUringDatagramMulticastTest,6,2,2,0,0,0,true,true,false,false,false,false,false,false,false,false
GitHub,relation_test_code_smell_ML,C:\Users\ismak\Documents\GitHub\relation_test_code_smell_ML\dataset\projects\netty\transport-native-io_uring\src\test\java\io\netty\channel\uring\IoUringDatagramUnicastIPv6MappedTest.java,dataset/projects/netty/transport-native-io_uring/src/test/java/io/netty/channel/uring/IoUringDatagramUnicastIPv6MappedTest.java,IoUringDatagramUnicastIPv6MappedTest.java,IoUringDatagramUnicastIPv6MappedTest,6,2,2,0,0,0,true,true,false,false,false,false,false,false,false,false
GitHub,relation_test_code_smell_ML,C:\Users\ismak\Documents\GitHub\relation_test_code_smell_ML\dataset\projects\netty\transport-native-io_uring\src\test\java\io\netty\channel\uring\IoUringDatagramUnicastIPv6Test.java,dataset/projects/netty/transport-native-io_uring/src/test/java/io/netty/channel/uring/IoUringDatagramUnicastIPv6Test.java,IoUringDatagramUnicastIPv6Test.java,IoUringDatagramUnicastIPv6Test,6,2,2,0,0,0,true,true,false,false,false,false,false,false,false,false
GitHub,relation_test_code_smell_ML,C:\Users\ismak\Documents\GitHub\relation_test_code_smell_ML\dataset\projects\netty\transport-native-io_uring\src\test\java\io\netty\channel\uring\IoUringDatagramUnicastTest.java,dataset/projects/netty/transport-native-io_uring/src/test/java/io/netty/channel/uring/IoUringDatagramUnicastTest.java,IoUringDatagramUnicastTest.java,IoUringDatagramUnicastTest,20,8,10,2,1,1,true,true,false,false,false,false,false,false,false,false
GitHub,relation_test_code_smell_ML,C:\Users\ismak\Documents\GitHub\relation_test_code_smell_ML\dataset\projects\netty\transport-native-io_uring\src\test\java\io\netty\channel\uring\IoUringDetectPeerCloseWithReadTest.java,dataset/projects/netty/transport-native-io_uring/src/test/java/io/netty/channel/uring/IoUringDetectPeerCloseWithReadTest.java,IoUringDetectPeerCloseWithReadTest.java,IoUringDetectPeerCloseWithReadTest,7,4,4,0,0,0,true,true,false,false,false,false,false,false,false,false
GitHub,relation_test_code_smell_ML,C:\Users\ismak\Documents\GitHub\relation_test_code_smell_ML\dataset\projects\netty\transport-native-io_uring\src\test\java\io\netty\channel\uring\IoUringDomainSocketAbstractAddressesTest.java,dataset/projects/netty/transport-native-io_uring/src/test/java/io/netty/channel/uring/IoUringDomainSocketAbstractAddressesTest.java,IoUringDomainSocketAbstractAddressesTest.java,IoUringDomainSocketAbstractAddressesTest,9,3,3,0,0,0,true,true,false,false,false,false,false,false,false,false
GitHub,relation_test_code_smell_ML,C:\Users\ismak\Documents\GitHub\relation_test_code_smell_ML\dataset\projects\netty\transport-native-io_uring\src\test\java\io\netty\channel\uring\IoUringDomainSocketAbstractBufferRingEchoTest.java,dataset/projects/netty/transport-native-io_uring/src/test/java/io/netty/channel/uring/IoUringDomainSocketAbstractBufferRingEchoTest.java,IoUringDomainSocketAbstractBufferRingEchoTest.java,IoUringDomainSocketAbstractBufferRingEchoTest,9,4,7,0,0,0,true,true,false,false,false,false,false,false,false,false
GitHub,relation_test_code_smell_ML,C:\Users\ismak\Documents\GitHub\relation_test_code_smell_ML\dataset\projects\netty\transport-native-io_uring\src\test\java\io\netty\channel\uring\IoUringDomainSocketAbstractEchoTest.java,dataset/projects/netty/transport-native-io_uring/src/test/java/io/netty/channel/uring/IoUringDomainSocketAbstractEchoTest.java,IoUringDomainSocketAbstractEchoTest.java,IoUringDomainSocketAbstractEchoTest,5,2,2,0,0,0,true,true,false,false,false,false,false,false,false,false
GitHub,relation_test_code_smell_ML,C:\Users\ismak\Documents\GitHub\relation_test_code_smell_ML\dataset\projects\netty\transport-native-io_uring\src\test\java\io\netty\channel\uring\IoUringDomainSocketAbstractFdTest.java,dataset/projects/netty/transport-native-io_uring/src/test/java/io/netty/channel/uring/IoUringDomainSocketAbstractFdTest.java,IoUringDomainSocketAbstractFdTest.java,IoUringDomainSocketAbstractFdTest,1,1,1,0,0,0,true,true,false,false,false,false,false,false,false,false
GitHub,relation_test_code_smell_ML,C:\Users\ismak\Documents\GitHub\relation_test_code_smell_ML\dataset\projects\netty\transport-native-io_uring\src\test\java\io\netty\channel\uring\IoUringDomainSocketAddressesTest.java,dataset/projects/netty/transport-native-io_uring/src/test/java/io/netty/channel/uring/IoUringDomainSocketAddressesTest.java,IoUringDomainSocketAddressesTest.java,IoUringDomainSocketAddressesTest,8,3,3,0,0,0,true,true,false,false,false,false,false,false,false,false
GitHub,relation_test_code_smell_ML,C:\Users\ismak\Documents\GitHub\relation_test_code_smell_ML\dataset\projects\netty\transport-native-io_uring\src\test\java\io\netty\channel\uring\IoUringDomainSocketBufferRingSocketEchoTest.java,dataset/projects/netty/transport-native-io_uring/src/test/java/io/netty/channel/uring/IoUringDomainSocketBufferRingSocketEchoTest.java,IoUringDomainSocketBufferRingSocketEchoTest.java,IoUringDomainSocketBufferRingSocketEchoTest,9,4,7,0,0,0,true,true,false,false,false,false,false,false,false,false
GitHub,relation_test_code_smell_ML,C:\Users\ismak\Documents\GitHub\relation_test_code_smell_ML\dataset\projects\netty\transport-native-io_uring\src\test\java\io\netty\channel\uring\IoUringDomainSocketEchoTest.java,dataset/projects/netty/transport-native-io_uring/src/test/java/io/netty/channel/uring/IoUringDomainSocketEchoTest.java,IoUringDomainSocketEchoTest.java,IoUringDomainSocketEchoTest,5,2,2,0,0,0,true,true,false,false,false,false,false,false,false,false
GitHub,relation_test_code_smell_ML,C:\Users\ismak\Documents\GitHub\relation_test_code_smell_ML\dataset\projects\netty\transport-native-io_uring\src\test\java\io\netty\channel\uring\IoUringDomainSocketFdTest.java,dataset/projects/netty/transport-native-io_uring/src/test/java/io/netty/channel/uring/IoUringDomainSocketFdTest.java,IoUringDomainSocketFdTest.java,IoUringDomainSocketFdTest,24,9,26,2,1,1,true,true,false,false,false,false,false,false,false,false
GitHub,relation_test_code_smell_ML,C:\Users\ismak\Documents\GitHub\relation_test_code_smell_ML\dataset\projects\netty\transport-native-io_uring\src\test\java\io\netty\channel\uring\IoUringEventLoopTest.java,dataset/projects/netty/transport-native-io_uring/src/test/java/io/netty/channel/uring/IoUringEventLoopTest.java,IoUringEventLoopTest.java,IoUringEventLoopTest,15,10,17,3,3,0,true,true,false,false,false,false,false,false,false,false
GitHub,relation_test_code_smell_ML,C:\Users\ismak\Documents\GitHub\relation_test_code_smell_ML\dataset\projects\netty\transport-native-io_uring\src\test\java\io\netty\channel\uring\IoUringFileRegionTest.java,dataset/projects/netty/transport-native-io_uring/src/test/java/io/netty/channel/uring/IoUringFileRegionTest.java,IoUringFileRegionTest.java,IoUringFileRegionTest,20,4,24,1,1,0,true,true,false,false,false,false,false,false,false,false
GitHub,relation_test_code_smell_ML,C:\Users\ismak\Documents\GitHub\relation_test_code_smell_ML\dataset\projects\netty\transport-native-io_uring\src\test\java\io\netty\channel\uring\IoUringFileTest.java,dataset/projects/netty/transport-native-io_uring/src/test/java/io/netty/channel/uring/IoUringFileTest.java,IoUringFileTest.java,IoUringFileTest,8,2,6,1,1,0,true,true,false,false,false,false,false,false,false,false
GitHub,relation_test_code_smell_ML,C:\Users\ismak\Documents\GitHub\relation_test_code_smell_ML\dataset\projects\netty\transport-native-io_uring\src\test\java\io\netty\channel\uring\IoUringIoHandlerTest.java,dataset/projects/netty/transport-native-io_uring/src/test/java/io/netty/channel/uring/IoUringIoHandlerTest.java,IoUringIoHandlerTest.java,IoUringIoHandlerTest,13,18,42,4,4,0,true,true,false,false,false,false,false,false,false,false
GitHub,relation_test_code_smell_ML,C:\Users\ismak\Documents\GitHub\relation_test_code_smell_ML\dataset\projects\netty\transport-native-io_uring\src\test\java\io\netty\channel\uring\IoUringIoHandlerWakeupEventCountTest.java,dataset/projects/netty/transport-native-io_uring/src/test/java/io/netty/channel/uring/IoUringIoHandlerWakeupEventCountTest.java,IoUringIoHandlerWakeupEventCountTest.java,IoUringIoHandlerWakeupEventCountTest,4,2,2,0,0,0,true,true,false,false,false,false,false,false,false,false
GitHub,relation_test_code_smell_ML,C:\Users\ismak\Documents\GitHub\relation_test_code_smell_ML\dataset\projects\netty\transport-native-io_uring\src\test\java\io\netty\channel\uring\IoUringRegisterTest.java,dataset/projects/netty/transport-native-io_uring/src/test/java/io/netty/channel/uring/IoUringRegisterTest.java,IoUringRegisterTest.java,IoUringRegisterTest,14,7,9,3,2,1,true,true,false,false,false,false,false,false,false,false
GitHub,relation_test_code_smell_ML,C:\Users\ismak\Documents\GitHub\relation_test_code_smell_ML\dataset\projects\netty\transport-native-io_uring\src\test\java\io\netty\channel\uring\IoUringRemoteIpTest.java,dataset/projects/netty/transport-native-io_uring/src/test/java/io/netty/channel/uring/IoUringRemoteIpTest.java,IoUringRemoteIpTest.java,IoUringRemoteIpTest,19,7,11,5,4,1,true,true,false,false,false,false,false,false,false,false
GitHub,relation_test_code_smell_ML,C:\Users\ismak\Documents\GitHub\relation_test_code_smell_ML\dataset\projects\netty\transport-native-io_uring\src\test\java\io\netty\channel\uring\IoUringSocketAutoReadTest.java,dataset/projects/netty/transport-native-io_uring/src/test/java/io/netty/channel/uring/IoUringSocketAutoReadTest.java,IoUringSocketAutoReadTest.java,IoUringSocketAutoReadTest,7,2,2,0,0,0,true,true,false,false,false,false,false,false,false,false
GitHub,relation_test_code_smell_ML,C:\Users\ismak\Documents\GitHub\relation_test_code_smell_ML\dataset\projects\netty\transport-native-io_uring\src\test\java\io\netty\channel\uring\IoUringSocketChannelNotYetConnectedTest.java,dataset/projects/netty/transport-native-io_uring/src/test/java/io/netty/channel/uring/IoUringSocketChannelNotYetConnectedTest.java,IoUringSocketChannelNotYetConnectedTest.java,IoUringSocketChannelNotYetConnectedTest,6,2,2,0,0,0,true,true,false,false,false,false,false,false,false,false
GitHub,relation_test_code_smell_ML,C:\Users\ismak\Documents\GitHub\relation_test_code_smell_ML\dataset\projects\netty\transport-native-io_uring\src\test\java\io\netty\channel\uring\IoUringSocketConditionalWritabilityTest.java,dataset/projects/netty/transport-native-io_uring/src/test/java/io/netty/channel/uring/IoUringSocketConditionalWritabilityTest.java,IoUringSocketConditionalWritabilityTest.java,IoUringSocketConditionalWritabilityTest,7,2,2,0,0,0,true,true,false,false,false,false,false,false,false,false
GitHub,relation_test_code_smell_ML,C:\Users\ismak\Documents\GitHub\relation_test_code_smell_ML\dataset\projects\netty\transport-native-io_uring\src\test\java\io\netty\channel\uring\IoUringSocketConnectionAttemptTest.java,dataset/projects/netty/transport-native-io_uring/src/test/java/io/netty/channel/uring/IoUringSocketConnectionAttemptTest.java,IoUringSocketConnectionAttemptTest.java,IoUringSocketConnectionAttemptTest,6,2,2,0,0,0,true,true,false,false,false,false,false,false,false,false
GitHub,relation_test_code_smell_ML,C:\Users\ismak\Documents\GitHub\relation_test_code_smell_ML\dataset\projects\netty\transport-native-io_uring\src\test\java\io\netty\channel\uring\IoUringSocketConnectTest.java,dataset/projects/netty/transport-native-io_uring/src/test/java/io/netty/channel/uring/IoUringSocketConnectTest.java,IoUringSocketConnectTest.java,IoUringSocketConnectTest,7,2,2,0,0,0,true,true,false,false,false,false,false,false,false,false
GitHub,relation_test_code_smell_ML,C:\Users\ismak\Documents\GitHub\relation_test_code_smell_ML\dataset\projects\netty\transport-native-io_uring\src\test\java\io\netty\channel\uring\IoUringSocketDataReadInitialStateTest.java,dataset/projects/netty/transport-native-io_uring/src/test/java/io/netty/channel/uring/IoUringSocketDataReadInitialStateTest.java,IoUringSocketDataReadInitialStateTest.java,IoUringSocketDataReadInitialStateTest,7,2,2,0,0,0,true,true,false,false,false,false,false,false,false,false
GitHub,relation_test_code_smell_ML,C:\Users\ismak\Documents\GitHub\relation_test_code_smell_ML\dataset\projects\netty\transport-native-io_uring\src\test\java\io\netty\channel\uring\IoUringSocketEchoTest.java,dataset/projects/netty/transport-native-io_uring/src/test/java/io/netty/channel/uring/IoUringSocketEchoTest.java,IoUringSocketEchoTest.java,IoUringSocketEchoTest,7,2,2,0,0,0,true,true,false,false,false,false,false,false,false,false
GitHub,relation_test_code_smell_ML,C:\Users\ismak\Documents\GitHub\relation_test_code_smell_ML\dataset\projects\netty\transport-native-io_uring\src\test\java\io\netty\channel\uring\IoUringSocketExceptionHandlingTest.java,dataset/projects/netty/transport-native-io_uring/src/test/java/io/netty/channel/uring/IoUringSocketExceptionHandlingTest.java,IoUringSocketExceptionHandlingTest.java,IoUringSocketExceptionHandlingTest,7,2,2,0,0,0,true,true,false,false,false,false,false,false,false,false
GitHub,relation_test_code_smell_ML,C:\Users\ismak\Documents\GitHub\relation_test_code_smell_ML\dataset\projects\netty\transport-native-io_uring\src\test\java\io\netty\channel\uring\IoUringSocketFileRegionTest.java,dataset/projects/netty/transport-native-io_uring/src/test/java/io/netty/channel/uring/IoUringSocketFileRegionTest.java,IoUringSocketFileRegionTest.java,CountingFileRegion,30,29,86,5,3,2,true,false,false,false,false,false,false,false,false,false
GitHub,relation_test_code_smell_ML,C:\Users\ismak\Documents\GitHub\relation_test_code_smell_ML\dataset\projects\netty\transport-native-io_uring\src\test\java\io\netty\channel\uring\IoUringSocketFixedLengthEchoTest.java,dataset/projects/netty/transport-native-io_uring/src/test/java/io/netty/channel/uring/IoUringSocketFixedLengthEchoTest.java,IoUringSocketFixedLengthEchoTest.java,IoUringSocketFixedLengthEchoTest,7,2,2,0,0,0,true,true,false,false,false,false,false,false,false,false
GitHub,relation_test_code_smell_ML,C:\Users\ismak\Documents\GitHub\relation_test_code_smell_ML\dataset\projects\netty\transport-native-io_uring\src\test\java\io\netty\channel\uring\IoUringSocketGatheringWriteTest.java,dataset/projects/netty/transport-native-io_uring/src/test/java/io/netty/channel/uring/IoUringSocketGatheringWriteTest.java,IoUringSocketGatheringWriteTest.java,IoUringSocketGatheringWriteTest,7,2,2,0,0,0,true,true,false,false,false,false,false,false,false,false
GitHub,relation_test_code_smell_ML,C:\Users\ismak\Documents\GitHub\relation_test_code_smell_ML\dataset\projects\netty\transport-native-io_uring\src\test\java\io\netty\channel\uring\IoUringSocketHalfClosedTest.java,dataset/projects/netty/transport-native-io_uring/src/test/java/io/netty/channel/uring/IoUringSocketHalfClosedTest.java,IoUringSocketHalfClosedTest.java,IoUringSocketHalfClosedTest,12,4,5,1,1,0,true,true,false,false,false,false,false,false,false,false
GitHub,relation_test_code_smell_ML,C:\Users\ismak\Documents\GitHub\relation_test_code_smell_ML\dataset\projects\netty\transport-native-io_uring\src\test\java\io\netty\channel\uring\IoUringSocketMultipleConnectTest.java,dataset/projects/netty/transport-native-io_uring/src/test/java/io/netty/channel/uring/IoUringSocketMultipleConnectTest.java,IoUringSocketMultipleConnectTest.java,IoUringSocketMultipleConnectTest,11,2,4,0,0,0,true,true,false,false,false,false,false,false,false,false
GitHub,relation_test_code_smell_ML,C:\Users\ismak\Documents\GitHub\relation_test_code_smell_ML\dataset\projects\netty\transport-native-io_uring\src\test\java\io\netty\channel\uring\IoUringSocketReadPendingTest.java,dataset/projects/netty/transport-native-io_uring/src/test/java/io/netty/channel/uring/IoUringSocketReadPendingTest.java,IoUringSocketReadPendingTest.java,IoUringSocketReadPendingTest,7,2,2,0,0,0,true,true,false,false,false,false,false,false,false,false
GitHub,relation_test_code_smell_ML,C:\Users\ismak\Documents\GitHub\relation_test_code_smell_ML\dataset\projects\netty\transport-native-io_uring\src\test\java\io\netty\channel\uring\IoUringSocketRstTest.java,dataset/projects/netty/transport-native-io_uring/src/test/java/io/netty/channel/uring/IoUringSocketRstTest.java,IoUringSocketRstTest.java,IoUringSocketRstTest,12,3,5,0,0,0,true,true,false,false,false,false,false,false,false,false
GitHub,relation_test_code_smell_ML,C:\Users\ismak\Documents\GitHub\relation_test_code_smell_ML\dataset\projects\netty\transport-native-io_uring\src\test\java\io\netty\channel\uring\IoUringSocketSendSzSendmsgZcTest.java,dataset/projects/netty/transport-native-io_uring/src/test/java/io/netty/channel/uring/IoUringSocketSendSzSendmsgZcTest.java,IoUringSocketSendSzSendmsgZcTest.java,IoUringSocketSendSzSendmsgZcTest,22,14,17,7,6,1,true,true,false,false,false,false,false,false,false,false
GitHub,relation_test_code_smell_ML,C:\Users\ismak\Documents\GitHub\relation_test_code_smell_ML\dataset\projects\netty\transport-native-io_uring\src\test\java\io\netty\channel\uring\IoUringSocketSendZcSendmsgZcEchoTest.java,dataset/projects/netty/transport-native-io_uring/src/test/java/io/netty/channel/uring/IoUringSocketSendZcSendmsgZcEchoTest.java,IoUringSocketSendZcSendmsgZcEchoTest.java,IoUringSocketSendZcSendmsgZcEchoTest,8,3,6,0,0,0,true,true,false,false,false,false,false,false,false,false
GitHub,relation_test_code_smell_ML,C:\Users\ismak\Documents\GitHub\relation_test_code_smell_ML\dataset\projects\netty\transport-native-io_uring\src\test\java\io\netty\channel\uring\IoUringSocketShutdownOutputByPeerTest.java,dataset/projects/netty/transport-native-io_uring/src/test/java/io/netty/channel/uring/IoUringSocketShutdownOutputByPeerTest.java,IoUringSocketShutdownOutputByPeerTest.java,IoUringSocketShutdownOutputByPeerTest,6,2,2,0,0,0,true,true,false,false,false,false,false,false,false,false
GitHub,relation_test_code_smell_ML,C:\Users\ismak\Documents\GitHub\relation_test_code_smell_ML\dataset\projects\netty\transport-native-io_uring\src\test\java\io\netty\channel\uring\IoUringSocketShutdownOutputBySelfTest.java,dataset/projects/netty/transport-native-io_uring/src/test/java/io/netty/channel/uring/IoUringSocketShutdownOutputBySelfTest.java,IoUringSocketShutdownOutputBySelfTest.java,IoUringSocketShutdownOutputBySelfTest,6,2,2,0,0,0,true,true,false,false,false,false,false,false,false,false
GitHub,relation_test_code_smell_ML,C:\Users\ismak\Documents\GitHub\relation_test_code_smell_ML\dataset\projects\netty\transport-native-io_uring\src\test\java\io\netty\channel\uring\IoUringSocketSslClientRenegotiateTest.java,dataset/projects/netty/transport-native-io_uring/src/test/java/io/netty/channel/uring/IoUringSocketSslClientRenegotiateTest.java,IoUringSocketSslClientRenegotiateTest.java,IoUringSocketSslClientRenegotiateTest,7,2,2,0,0,0,true,true,false,false,false,false,false,false,false,false
GitHub,relation_test_code_smell_ML,C:\Users\ismak\Documents\GitHub\relation_test_code_smell_ML\dataset\projects\netty\transport-native-io_uring\src\test\java\io\netty\channel\uring\IoUringSocketSslEchoTest.java,dataset/projects/netty/transport-native-io_uring/src/test/java/io/netty/channel/uring/IoUringSocketSslEchoTest.java,IoUringSocketSslEchoTest.java,IoUringSocketSslEchoTest,7,2,2,0,0,0,true,true,false,false,false,false,false,false,false,false
GitHub,relation_test_code_smell_ML,C:\Users\ismak\Documents\GitHub\relation_test_code_smell_ML\dataset\projects\netty\transport-native-io_uring\src\test\java\io\netty\channel\uring\IoUringSocketSslGreetingTest.java,dataset/projects/netty/transport-native-io_uring/src/test/java/io/netty/channel/uring/IoUringSocketSslGreetingTest.java,IoUringSocketSslGreetingTest.java,IoUringSocketSslGreetingTest,7,2,2,0,0,0,true,true,false,false,false,false,false,false,false,false
GitHub,relation_test_code_smell_ML,C:\Users\ismak\Documents\GitHub\relation_test_code_smell_ML\dataset\projects\netty\transport-native-io_uring\src\test\java\io\netty\channel\uring\IoUringSocketSslSessionReuseTest.java,dataset/projects/netty/transport-native-io_uring/src/test/java/io/netty/channel/uring/IoUringSocketSslSessionReuseTest.java,IoUringSocketSslSessionReuseTest.java,IoUringSocketSslSessionReuseTest,7,2,2,0,0,0,true,true,false,false,false,false,false,false,false,false
GitHub,relation_test_code_smell_ML,C:\Users\ismak\Documents\GitHub\relation_test_code_smell_ML\dataset\projects\netty\transport-native-io_uring\src\test\java\io\netty\channel\uring\IoUringSocketStartTlsTest.java,dataset/projects/netty/transport-native-io_uring/src/test/java/io/netty/channel/uring/IoUringSocketStartTlsTest.java,IoUringSocketStartTlsTest.java,IoUringSocketStartTlsTest,7,2,2,0,0,0,true,true,false,false,false,false,false,false,false,false
GitHub,relation_test_code_smell_ML,C:\Users\ismak\Documents\GitHub\relation_test_code_smell_ML\dataset\projects\netty\transport-native-io_uring\src\test\java\io\netty\channel\uring\IoUringSocketStringEchoTest.java,dataset/projects/netty/transport-native-io_uring/src/test/java/io/netty/channel/uring/IoUringSocketStringEchoTest.java,IoUringSocketStringEchoTest.java,IoUringSocketStringEchoTest,7,2,2,0,0,0,true,true,false,false,false,false,false,false,false,false
GitHub,relation_test_code_smell_ML,C:\Users\ismak\Documents\GitHub\relation_test_code_smell_ML\dataset\projects\netty\transport-native-io_uring\src\test\java\io\netty\channel\uring\IoUringSocketTest.java,dataset/projects/netty/transport-native-io_uring/src/test/java/io/netty/channel/uring/IoUringSocketTest.java,IoUringSocketTest.java,IoUringSocketTest,4,2,2,0,0,0,true,true,false,false,false,false,false,false,false,false
GitHub,relation_test_code_smell_ML,C:\Users\ismak\Documents\GitHub\relation_test_code_smell_ML\dataset\projects\netty\transport-native-io_uring\src\test\java\io\netty\channel\uring\IoUringWriteBeforeRegisteredTest.java,dataset/projects/netty/transport-native-io_uring/src/test/java/io/netty/channel/uring/IoUringWriteBeforeRegisteredTest.java,IoUringWriteBeforeRegisteredTest.java,IoUringWriteBeforeRegisteredTest,6,2,2,0,0,0,true,true,false,false,false,false,false,false,false,false
GitHub,relation_test_code_smell_ML,C:\Users\ismak\Documents\GitHub\relation_test_code_smell_ML\dataset\projects\netty\transport-native-io_uring\src\test\java\io\netty\channel\uring\MsgHdrMemoryArrayTest.java,dataset/projects/netty/transport-native-io_uring/src/test/java/io/netty/channel/uring/MsgHdrMemoryArrayTest.java,MsgHdrMemoryArrayTest.java,MsgHdrMemoryArrayTest,5,2,6,1,1,0,true,true,false,false,false,false,false,false,false,false
GitHub,relation_test_code_smell_ML,C:\Users\ismak\Documents\GitHub\relation_test_code_smell_ML\dataset\projects\netty\transport-native-io_uring\src\test\java\io\netty\channel\uring\PendingOpMapTest.java,dataset/projects/netty/transport-native-io_uring/src/test/java/io/netty/channel/uring/PendingOpMapTest.java,PendingOpMapTest.java,PendingOpMapTest,3,5,46,4,4,0,true,true,false,false,false,false,false,false,false,false
GitHub,relation_test_code_smell_ML,C:\Users\ismak\Documents\GitHub\relation_test_code_smell_ML\dataset\projects\netty\transport-native-io_uring\src\test\java\io\netty\channel\uring\PollRemoveTest.java,dataset/projects/netty/transport-native-io_uring/src/test/java/io/netty/channel/uring/PollRemoveTest.java,PollRemoveTest.java,PollRemoveTest,14,4,6,1,1,0,true,true,false,false,false,false,false,false,false,false
GitHub,relation_test_code_smell_ML,C:\Users\ismak\Documents\GitHub\relation_test_code_smell_ML\dataset\projects\netty\transport-native-io_uring\src\test\java\io\netty\channel\uring\SockaddrInTest.java,dataset/projects/netty/transport-native-io_uring/src/test/java/io/netty/channel/uring/SockaddrInTest.java,SockaddrInTest.java,SockaddrInTest,14,6,16,5,5,0,true,true,false,false,false,false,false,false,false,false
GitHub,relation_test_code_smell_ML,C:\Users\ismak\Documents\GitHub\relation_test_code_smell_ML\dataset\projects\netty\transport-native-io_uring\src\test\java\io\netty\channel\uring\SubmissionQueueTest.java,dataset/projects/netty/transport-native-io_uring/src/test/java/io/netty/channel/uring/SubmissionQueueTest.java,SubmissionQueueTest.java,SubmissionQueueTest,16,12,59,8,7,1,true,true,false,false,false,false,false,false,false,false
GitHub,relation_test_code_smell_ML,C:\Users\ismak\Documents\GitHub\relation_test_code_smell_ML\dataset\projects\netty\transport-native-io_uring\src\test\java\io\netty\channel\uring\UserDataTest.java,dataset/projects/netty/transport-native-io_uring/src/test/java/io/netty/channel/uring/UserDataTest.java,UserDataTest.java,UserDataTest,3,1,1,1,1,0,true,true,false,false,false,false,false,false,false,false
GitHub,relation_test_code_smell_ML,C:\Users\ismak\Documents\GitHub\relation_test_code_smell_ML\dataset\projects\netty\transport-native-kqueue\src\test\java\io\netty\channel\kqueue\KQueueAbstractDomainSocketEchoTest.java,dataset/projects/netty/transport-native-kqueue/src/test/java/io/netty/channel/kqueue/KQueueAbstractDomainSocketEchoTest.java,KQueueAbstractDomainSocketEchoTest.java,KQueueAbstractDomainSocketEchoTest,3,1,1,0,0,0,true,true,false,false,false,false,false,false,false,false
GitHub,relation_test_code_smell_ML,C:\Users\ismak\Documents\GitHub\relation_test_code_smell_ML\dataset\projects\netty\transport-native-kqueue\src\test\java\io\netty\channel\kqueue\KQueueChannelConfigTest.java,dataset/projects/netty/transport-native-kqueue/src/test/java/io/netty/channel/kqueue/KQueueChannelConfigTest.java,KQueueChannelConfigTest.java,KQueueChannelConfigTest,17,6,32,5,5,0,true,true,false,false,false,false,false,false,false,false
GitHub,relation_test_code_smell_ML,C:\Users\ismak\Documents\GitHub\relation_test_code_smell_ML\dataset\projects\netty\transport-native-kqueue\src\test\java\io\netty\channel\kqueue\KQueueCompositeBufferGatheringWriteTest.java,dataset/projects/netty/transport-native-kqueue/src/test/java/io/netty/channel/kqueue/KQueueCompositeBufferGatheringWriteTest.java,KQueueCompositeBufferGatheringWriteTest.java,KQueueCompositeBufferGatheringWriteTest,6,2,2,0,0,0,true,true,false,false,false,false,false,false,false,false
GitHub,relation_test_code_smell_ML,C:\Users\ismak\Documents\GitHub\relation_test_code_smell_ML\dataset\projects\netty\transport-native-kqueue\src\test\java\io\netty\channel\kqueue\KqueueDatagramChannelTest.java,dataset/projects/netty/transport-native-kqueue/src/test/java/io/netty/channel/kqueue/KqueueDatagramChannelTest.java,KqueueDatagramChannelTest.java,KqueueDatagramChannelTest,3,2,4,1,1,0,true,true,false,false,false,false,false,false,false,false
GitHub,relation_test_code_smell_ML,C:\Users\ismak\Documents\GitHub\relation_test_code_smell_ML\dataset\projects\netty\transport-native-kqueue\src\test\java\io\netty\channel\kqueue\KQueueDatagramConnectedWriteExceptionTest.java,dataset/projects/netty/transport-native-kqueue/src/test/java/io/netty/channel/kqueue/KQueueDatagramConnectedWriteExceptionTest.java,KQueueDatagramConnectedWriteExceptionTest.java,KQueueDatagramConnectedWriteExceptionTest,4,1,1,0,0,0,true,true,false,false,false,false,false,false,false,false
GitHub,relation_test_code_smell_ML,C:\Users\ismak\Documents\GitHub\relation_test_code_smell_ML\dataset\projects\netty\transport-native-kqueue\src\test\java\io\netty\channel\kqueue\KQueueDatagramConnectNotExistsTest.java,dataset/projects/netty/transport-native-kqueue/src/test/java/io/netty/channel/kqueue/KQueueDatagramConnectNotExistsTest.java,KQueueDatagramConnectNotExistsTest.java,KQueueDatagramConnectNotExistsTest,4,1,1,0,0,0,true,true,false,false,false,false,false,false,false,false
GitHub,relation_test_code_smell_ML,C:\Users\ismak\Documents\GitHub\relation_test_code_smell_ML\dataset\projects\netty\transport-native-kqueue\src\test\java\io\netty\channel\kqueue\KQueueDatagramUnicastIPv6MappedTest.java,dataset/projects/netty/transport-native-kqueue/src/test/java/io/netty/channel/kqueue/KQueueDatagramUnicastIPv6MappedTest.java,KQueueDatagramUnicastIPv6MappedTest.java,KQueueDatagramUnicastIPv6MappedTest,4,1,1,0,0,0,true,true,false,false,false,false,false,false,false,false
GitHub,relation_test_code_smell_ML,C:\Users\ismak\Documents\GitHub\relation_test_code_smell_ML\dataset\projects\netty\transport-native-kqueue\src\test\java\io\netty\channel\kqueue\KQueueDatagramUnicastIPv6Test.java,dataset/projects/netty/transport-native-kqueue/src/test/java/io/netty/channel/kqueue/KQueueDatagramUnicastIPv6Test.java,KQueueDatagramUnicastIPv6Test.java,KQueueDatagramUnicastIPv6Test,4,1,1,0,0,0,true,true,false,false,false,false,false,false,false,false
GitHub,relation_test_code_smell_ML,C:\Users\ismak\Documents\GitHub\relation_test_code_smell_ML\dataset\projects\netty\transport-native-kqueue\src\test\java\io\netty\channel\kqueue\KQueueDatagramUnicastTest.java,dataset/projects/netty/transport-native-kqueue/src/test/java/io/netty/channel/kqueue/KQueueDatagramUnicastTest.java,KQueueDatagramUnicastTest.java,KQueueDatagramUnicastTest,6,1,1,0,0,0,true,true,false,false,false,false,false,false,false,false
GitHub,relation_test_code_smell_ML,C:\Users\ismak\Documents\GitHub\relation_test_code_smell_ML\dataset\projects\netty\transport-native-kqueue\src\test\java\io\netty\channel\kqueue\KQueueDetectPeerCloseWithoutReadTest.java,dataset/projects/netty/transport-native-kqueue/src/test/java/io/netty/channel/kqueue/KQueueDetectPeerCloseWithoutReadTest.java,KQueueDetectPeerCloseWithoutReadTest.java,KQueueDetectPeerCloseWithoutReadTest,5,3,3,0,0,0,true,true,false,false,false,false,false,false,false,false
GitHub,relation_test_code_smell_ML,C:\Users\ismak\Documents\GitHub\relation_test_code_smell_ML\dataset\projects\netty\transport-native-kqueue\src\test\java\io\netty\channel\kqueue\KqueueDomainDatagramChannelTest.java,dataset/projects/netty/transport-native-kqueue/src/test/java/io/netty/channel/kqueue/KqueueDomainDatagramChannelTest.java,KqueueDomainDatagramChannelTest.java,KqueueDomainDatagramChannelTest,3,2,4,1,1,0,true,true,false,false,false,false,false,false,false,false
GitHub,relation_test_code_smell_ML,C:\Users\ismak\Documents\GitHub\relation_test_code_smell_ML\dataset\projects\netty\transport-native-kqueue\src\test\java\io\netty\channel\kqueue\KQueueDomainDatagramPathTest.java,dataset/projects/netty/transport-native-kqueue/src/test/java/io/netty/channel/kqueue/KQueueDomainDatagramPathTest.java,KQueueDomainDatagramPathTest.java,KQueueDomainDatagramPathTest,14,5,5,2,2,0,true,true,false,false,false,false,false,false,false,false
GitHub,relation_test_code_smell_ML,C:\Users\ismak\Documents\GitHub\relation_test_code_smell_ML\dataset\projects\netty\transport-native-kqueue\src\test\java\io\netty\channel\kqueue\KQueueDomainDatagramUnicastTest.java,dataset/projects/netty/transport-native-kqueue/src/test/java/io/netty/channel/kqueue/KQueueDomainDatagramUnicastTest.java,KQueueDomainDatagramUnicastTest.java,KQueueDomainDatagramUnicastTest,21,14,17,2,1,1,true,true,false,false,false,false,false,false,false,false
GitHub,relation_test_code_smell_ML,C:\Users\ismak\Documents\GitHub\relation_test_code_smell_ML\dataset\projects\netty\transport-native-kqueue\src\test\java\io\netty\channel\kqueue\KQueueDomainSocketAddressesTest.java,dataset/projects/netty/transport-native-kqueue/src/test/java/io/netty/channel/kqueue/KQueueDomainSocketAddressesTest.java,KQueueDomainSocketAddressesTest.java,KQueueDomainSocketAddressesTest,8,3,3,0,0,0,true,true,false,false,false,false,false,false,false,false
GitHub,relation_test_code_smell_ML,C:\Users\ismak\Documents\GitHub\relation_test_code_smell_ML\dataset\projects\netty\transport-native-kqueue\src\test\java\io\netty\channel\kqueue\KQueueDomainSocketDataReadInitialStateTest.java,dataset/projects/netty/transport-native-kqueue/src/test/java/io/netty/channel/kqueue/KQueueDomainSocketDataReadInitialStateTest.java,KQueueDomainSocketDataReadInitialStateTest.java,KQueueDomainSocketDataReadInitialStateTest,6,2,2,0,0,0,true,true,false,false,false,false,false,false,false,false
GitHub,relation_test_code_smell_ML,C:\Users\ismak\Documents\GitHub\relation_test_code_smell_ML\dataset\projects\netty\transport-native-kqueue\src\test\java\io\netty\channel\kqueue\KQueueDomainSocketEchoTest.java,dataset/projects/netty/transport-native-kqueue/src/test/java/io/netty/channel/kqueue/KQueueDomainSocketEchoTest.java,KQueueDomainSocketEchoTest.java,KQueueDomainSocketEchoTest,5,2,2,0,0,0,true,true,false,false,false,false,false,false,false,false
GitHub,relation_test_code_smell_ML,C:\Users\ismak\Documents\GitHub\relation_test_code_smell_ML\dataset\projects\netty\transport-native-kqueue\src\test\java\io\netty\channel\kqueue\KQueueDomainSocketFdTest.java,dataset/projects/netty/transport-native-kqueue/src/test/java/io/netty/channel/kqueue/KQueueDomainSocketFdTest.java,KQueueDomainSocketFdTest.java,KQueueDomainSocketFdTest,20,8,20,2,1,1,true,true,false,false,false,false,false,false,false,false
GitHub,relation_test_code_smell_ML,C:\Users\ismak\Documents\GitHub\relation_test_code_smell_ML\dataset\projects\netty\transport-native-kqueue\src\test\java\io\netty\channel\kqueue\KQueueDomainSocketFileRegionTest.java,dataset/projects/netty/transport-native-kqueue/src/test/java/io/netty/channel/kqueue/KQueueDomainSocketFileRegionTest.java,KQueueDomainSocketFileRegionTest.java,KQueueDomainSocketFileRegionTest,5,2,2,0,0,0,true,true,false,false,false,false,false,false,false,false
GitHub,relation_test_code_smell_ML,C:\Users\ismak\Documents\GitHub\relation_test_code_smell_ML\dataset\projects\netty\transport-native-kqueue\src\test\java\io\netty\channel\kqueue\KQueueDomainSocketFixedLengthEchoTest.java,dataset/projects/netty/transport-native-kqueue/src/test/java/io/netty/channel/kqueue/KQueueDomainSocketFixedLengthEchoTest.java,KQueueDomainSocketFixedLengthEchoTest.java,KQueueDomainSocketFixedLengthEchoTest,6,2,2,0,0,0,true,true,false,false,false,false,false,false,false,false
GitHub,relation_test_code_smell_ML,C:\Users\ismak\Documents\GitHub\relation_test_code_smell_ML\dataset\projects\netty\transport-native-kqueue\src\test\java\io\netty\channel\kqueue\KQueueDomainSocketGatheringWriteTest.java,dataset/projects/netty/transport-native-kqueue/src/test/java/io/netty/channel/kqueue/KQueueDomainSocketGatheringWriteTest.java,KQueueDomainSocketGatheringWriteTest.java,KQueueDomainSocketGatheringWriteTest,6,2,2,0,0,0,true,true,false,false,false,false,false,false,false,false
GitHub,relation_test_code_smell_ML,C:\Users\ismak\Documents\GitHub\relation_test_code_smell_ML\dataset\projects\netty\transport-native-kqueue\src\test\java\io\netty\channel\kqueue\KQueueDomainSocketObjectEchoTest.java,dataset/projects/netty/transport-native-kqueue/src/test/java/io/netty/channel/kqueue/KQueueDomainSocketObjectEchoTest.java,KQueueDomainSocketObjectEchoTest.java,KQueueDomainSocketObjectEchoTest,6,2,2,0,0,0,true,true,false,false,false,false,false,false,false,false
GitHub,relation_test_code_smell_ML,C:\Users\ismak\Documents\GitHub\relation_test_code_smell_ML\dataset\projects\netty\transport-native-kqueue\src\test\java\io\netty\channel\kqueue\KQueueDomainSocketReuseFdTest.java,dataset/projects/netty/transport-native-kqueue/src/test/java/io/netty/channel/kqueue/KQueueDomainSocketReuseFdTest.java,KQueueDomainSocketReuseFdTest.java,KQueueDomainSocketReuseFdTest,6,2,2,0,0,0,true,true,false,false,false,false,false,false,false,false
GitHub,relation_test_code_smell_ML,C:\Users\ismak\Documents\GitHub\relation_test_code_smell_ML\dataset\projects\netty\transport-native-kqueue\src\test\java\io\netty\channel\kqueue\KQueueDomainSocketShutdownOutputByPeerTest.java,dataset/projects/netty/transport-native-kqueue/src/test/java/io/netty/channel/kqueue/KQueueDomainSocketShutdownOutputByPeerTest.java,KQueueDomainSocketShutdownOutputByPeerTest.java,KQueueDomainSocketShutdownOutputByPeerTest,9,7,12,0,0,0,true,true,false,false,false,false,false,false,false,false
GitHub,relation_test_code_smell_ML,C:\Users\ismak\Documents\GitHub\relation_test_code_smell_ML\dataset\projects\netty\transport-native-kqueue\src\test\java\io\netty\channel\kqueue\KQueueDomainSocketSslClientRenegotiateTest.java,dataset/projects/netty/transport-native-kqueue/src/test/java/io/netty/channel/kqueue/KQueueDomainSocketSslClientRenegotiateTest.java,KQueueDomainSocketSslClientRenegotiateTest.java,KQueueDomainSocketSslClientRenegotiateTest,6,2,2,0,0,0,true,true,false,false,false,false,false,false,false,false
GitHub,relation_test_code_smell_ML,C:\Users\ismak\Documents\GitHub\relation_test_code_smell_ML\dataset\projects\netty\transport-native-kqueue\src\test\java\io\netty\channel\kqueue\KQueueDomainSocketSslEchoTest.java,dataset/projects/netty/transport-native-kqueue/src/test/java/io/netty/channel/kqueue/KQueueDomainSocketSslEchoTest.java,KQueueDomainSocketSslEchoTest.java,KQueueDomainSocketSslEchoTest,6,2,2,0,0,0,true,true,false,false,false,false,false,false,false,false
GitHub,relation_test_code_smell_ML,C:\Users\ismak\Documents\GitHub\relation_test_code_smell_ML\dataset\projects\netty\transport-native-kqueue\src\test\java\io\netty\channel\kqueue\KQueueDomainSocketSslGreetingTest.java,dataset/projects/netty/transport-native-kqueue/src/test/java/io/netty/channel/kqueue/KQueueDomainSocketSslGreetingTest.java,KQueueDomainSocketSslGreetingTest.java,KQueueDomainSocketSslGreetingTest,6,2,2,0,0,0,true,true,false,false,false,false,false,false,false,false
GitHub,relation_test_code_smell_ML,C:\Users\ismak\Documents\GitHub\relation_test_code_smell_ML\dataset\projects\netty\transport-native-kqueue\src\test\java\io\netty\channel\kqueue\KQueueDomainSocketStartTlsTest.java,dataset/projects/netty/transport-native-kqueue/src/test/java/io/netty/channel/kqueue/KQueueDomainSocketStartTlsTest.java,KQueueDomainSocketStartTlsTest.java,KQueueDomainSocketStartTlsTest,6,2,2,0,0,0,true,true,false,false,false,false,false,false,false,false
GitHub,relation_test_code_smell_ML,C:\Users\ismak\Documents\GitHub\relation_test_code_smell_ML\dataset\projects\netty\transport-native-kqueue\src\test\java\io\netty\channel\kqueue\KQueueDomainSocketStringEchoTest.java,dataset/projects/netty/transport-native-kqueue/src/test/java/io/netty/channel/kqueue/KQueueDomainSocketStringEchoTest.java,KQueueDomainSocketStringEchoTest.java,KQueueDomainSocketStringEchoTest,6,2,2,0,0,0,true,true,false,false,false,false,false,false,false,false
GitHub,relation_test_code_smell_ML,C:\Users\ismak\Documents\GitHub\relation_test_code_smell_ML\dataset\projects\netty\transport-native-kqueue\src\test\java\io\netty\channel\kqueue\KQueueETSocketAutoReadTest.java,dataset/projects/netty/transport-native-kqueue/src/test/java/io/netty/channel/kqueue/KQueueETSocketAutoReadTest.java,KQueueETSocketAutoReadTest.java,KQueueETSocketAutoReadTest,5,1,1,0,0,0,true,true,false,false,false,false,false,false,false,false
GitHub,relation_test_code_smell_ML,C:\Users\ismak\Documents\GitHub\relation_test_code_smell_ML\dataset\projects\netty\transport-native-kqueue\src\test\java\io\netty\channel\kqueue\KQueueETSocketConditionalWritabilityTest.java,dataset/projects/netty/transport-native-kqueue/src/test/java/io/netty/channel/kqueue/KQueueETSocketConditionalWritabilityTest.java,KQueueETSocketConditionalWritabilityTest.java,KQueueETSocketConditionalWritabilityTest,5,1,1,0,0,0,true,true,false,false,false,false,false,false,false,false
GitHub,relation_test_code_smell_ML,C:\Users\ismak\Documents\GitHub\relation_test_code_smell_ML\dataset\projects\netty\transport-native-kqueue\src\test\java\io\netty\channel\kqueue\KQueueETSocketDataReadInitialStateTest.java,dataset/projects/netty/transport-native-kqueue/src/test/java/io/netty/channel/kqueue/KQueueETSocketDataReadInitialStateTest.java,KQueueETSocketDataReadInitialStateTest.java,KQueueETSocketDataReadInitialStateTest,5,1,1,0,0,0,true,true,false,false,false,false,false,false,false,false
GitHub,relation_test_code_smell_ML,C:\Users\ismak\Documents\GitHub\relation_test_code_smell_ML\dataset\projects\netty\transport-native-kqueue\src\test\java\io\netty\channel\kqueue\KQueueETSocketExceptionHandlingTest.java,dataset/projects/netty/transport-native-kqueue/src/test/java/io/netty/channel/kqueue/KQueueETSocketExceptionHandlingTest.java,KQueueETSocketExceptionHandlingTest.java,KQueueETSocketExceptionHandlingTest,5,1,1,0,0,0,true,true,false,false,false,false,false,false,false,false
GitHub,relation_test_code_smell_ML,C:\Users\ismak\Documents\GitHub\relation_test_code_smell_ML\dataset\projects\netty\transport-native-kqueue\src\test\java\io\netty\channel\kqueue\KQueueETSocketHalfClosedTest.java,dataset/projects/netty/transport-native-kqueue/src/test/java/io/netty/channel/kqueue/KQueueETSocketHalfClosedTest.java,KQueueETSocketHalfClosedTest.java,KQueueETSocketHalfClosedTest,5,1,1,0,0,0,true,true,false,false,false,false,false,false,false,false
GitHub,relation_test_code_smell_ML,C:\Users\ismak\Documents\GitHub\relation_test_code_smell_ML\dataset\projects\netty\transport-native-kqueue\src\test\java\io\netty\channel\kqueue\KQueueETSocketReadPendingTest.java,dataset/projects/netty/transport-native-kqueue/src/test/java/io/netty/channel/kqueue/KQueueETSocketReadPendingTest.java,KQueueETSocketReadPendingTest.java,KQueueETSocketReadPendingTest,5,1,1,0,0,0,true,true,false,false,false,false,false,false,false,false
GitHub,relation_test_code_smell_ML,C:\Users\ismak\Documents\GitHub\relation_test_code_smell_ML\dataset\projects\netty\transport-native-kqueue\src\test\java\io\netty\channel\kqueue\KQueueEventLoopTest.java,dataset/projects/netty/transport-native-kqueue/src/test/java/io/netty/channel/kqueue/KQueueEventLoopTest.java,KQueueEventLoopTest.java,KQueueEventLoopTest,12,7,11,1,1,0,true,true,false,false,false,false,false,false,false,false
GitHub,relation_test_code_smell_ML,C:\Users\ismak\Documents\GitHub\relation_test_code_smell_ML\dataset\projects\netty\transport-native-kqueue\src\test\java\io\netty\channel\kqueue\KQueueIoHandlerWakeupEventCountTest.java,dataset/projects/netty/transport-native-kqueue/src/test/java/io/netty/channel/kqueue/KQueueIoHandlerWakeupEventCountTest.java,KQueueIoHandlerWakeupEventCountTest.java,KQueueIoHandlerWakeupEventCountTest,4,2,2,0,0,0,true,true,false,false,false,false,false,false,false,false
GitHub,relation_test_code_smell_ML,C:\Users\ismak\Documents\GitHub\relation_test_code_smell_ML\dataset\projects\netty\transport-native-kqueue\src\test\java\io\netty\channel\kqueue\KQueueIovArrayTest.java,dataset/projects/netty/transport-native-kqueue/src/test/java/io/netty/channel/kqueue/KQueueIovArrayTest.java,KQueueIovArrayTest.java,KQueueIovArrayTest,2,1,1,0,0,0,true,true,false,false,false,false,false,false,false,false
GitHub,relation_test_code_smell_ML,C:\Users\ismak\Documents\GitHub\relation_test_code_smell_ML\dataset\projects\netty\transport-native-kqueue\src\test\java\io\netty\channel\kqueue\KQueueJdkLoopbackSocketSslEchoTest.java,dataset/projects/netty/transport-native-kqueue/src/test/java/io/netty/channel/kqueue/KQueueJdkLoopbackSocketSslEchoTest.java,KQueueJdkLoopbackSocketSslEchoTest.java,KQueueJdkLoopbackSocketSslEchoTest,2,1,1,0,0,0,true,true,false,false,false,false,false,false,false,false
GitHub,relation_test_code_smell_ML,C:\Users\ismak\Documents\GitHub\relation_test_code_smell_ML\dataset\projects\netty\transport-native-kqueue\src\test\java\io\netty\channel\kqueue\KqueueRegistrationTest.java,dataset/projects/netty/transport-native-kqueue/src/test/java/io/netty/channel/kqueue/KqueueRegistrationTest.java,KqueueRegistrationTest.java,KqueueRegistrationTest,14,2,5,1,1,0,true,true,false,false,false,false,false,false,false,false
GitHub,relation_test_code_smell_ML,C:\Users\ismak\Documents\GitHub\relation_test_code_smell_ML\dataset\projects\netty\transport-native-kqueue\src\test\java\io\netty\channel\kqueue\KQueueServerSocketChannelConfigTest.java,dataset/projects/netty/transport-native-kqueue/src/test/java/io/netty/channel/kqueue/KQueueServerSocketChannelConfigTest.java,KQueueServerSocketChannelConfigTest.java,KQueueServerSocketChannelConfigTest,12,5,14,3,3,0,true,true,false,false,false,false,false,false,false,false
GitHub,relation_test_code_smell_ML,C:\Users\ismak\Documents\GitHub\relation_test_code_smell_ML\dataset\projects\netty\transport-native-kqueue\src\test\java\io\netty\channel\kqueue\KQueueSocketAddressesTest.java,dataset/projects/netty/transport-native-kqueue/src/test/java/io/netty/channel/kqueue/KQueueSocketAddressesTest.java,KQueueSocketAddressesTest.java,KQueueSocketAddressesTest,9,2,3,0,0,0,true,true,false,false,false,false,false,false,false,false
GitHub,relation_test_code_smell_ML,C:\Users\ismak\Documents\GitHub\relation_test_code_smell_ML\dataset\projects\netty\transport-native-kqueue\src\test\java\io\netty\channel\kqueue\KQueueSocketChannelConfigTest.java,dataset/projects/netty/transport-native-kqueue/src/test/java/io/netty/channel/kqueue/KQueueSocketChannelConfigTest.java,KQueueSocketChannelConfigTest.java,KQueueSocketChannelConfigTest,19,9,19,5,5,0,true,true,false,false,false,false,false,false,false,false
GitHub,relation_test_code_smell_ML,C:\Users\ismak\Documents\GitHub\relation_test_code_smell_ML\dataset\projects\netty\transport-native-kqueue\src\test\java\io\netty\channel\kqueue\KQueueSocketChannelNotYetConnectedTest.java,dataset/projects/netty/transport-native-kqueue/src/test/java/io/netty/channel/kqueue/KQueueSocketChannelNotYetConnectedTest.java,KQueueSocketChannelNotYetConnectedTest.java,KQueueSocketChannelNotYetConnectedTest,4,1,1,0,0,0,true,true,false,false,false,false,false,false,false,false
GitHub,relation_test_code_smell_ML,C:\Users\ismak\Documents\GitHub\relation_test_code_smell_ML\dataset\projects\netty\transport-native-kqueue\src\test\java\io\netty\channel\kqueue\KQueueSocketCloseForciblyTest.java,dataset/projects/netty/transport-native-kqueue/src/test/java/io/netty/channel/kqueue/KQueueSocketCloseForciblyTest.java,KQueueSocketCloseForciblyTest.java,KQueueSocketCloseForciblyTest,5,1,1,0,0,0,true,true,false,false,false,false,false,false,false,false
GitHub,relation_test_code_smell_ML,C:\Users\ismak\Documents\GitHub\relation_test_code_smell_ML\dataset\projects\netty\transport-native-kqueue\src\test\java\io\netty\channel\kqueue\KQueueSocketConnectionAttemptTest.java,dataset/projects/netty/transport-native-kqueue/src/test/java/io/netty/channel/kqueue/KQueueSocketConnectionAttemptTest.java,KQueueSocketConnectionAttemptTest.java,KQueueSocketConnectionAttemptTest,4,1,1,0,0,0,true,true,false,false,false,false,false,false,false,false
GitHub,relation_test_code_smell_ML,C:\Users\ismak\Documents\GitHub\relation_test_code_smell_ML\dataset\projects\netty\transport-native-kqueue\src\test\java\io\netty\channel\kqueue\KQueueSocketConnectTest.java,dataset/projects/netty/transport-native-kqueue/src/test/java/io/netty/channel/kqueue/KQueueSocketConnectTest.java,KQueueSocketConnectTest.java,KQueueSocketConnectTest,5,1,1,0,0,0,true,true,false,false,false,false,false,false,false,false
GitHub,relation_test_code_smell_ML,C:\Users\ismak\Documents\GitHub\relation_test_code_smell_ML\dataset\projects\netty\transport-native-kqueue\src\test\java\io\netty\channel\kqueue\KQueueSocketEchoTest.java,dataset/projects/netty/transport-native-kqueue/src/test/java/io/netty/channel/kqueue/KQueueSocketEchoTest.java,KQueueSocketEchoTest.java,KQueueSocketEchoTest,5,1,1,0,0,0,true,true,false,false,false,false,false,false,false,false
GitHub,relation_test_code_smell_ML,C:\Users\ismak\Documents\GitHub\relation_test_code_smell_ML\dataset\projects\netty\transport-native-kqueue\src\test\java\io\netty\channel\kqueue\KQueueSocketFileRegionTest.java,dataset/projects/netty/transport-native-kqueue/src/test/java/io/netty/channel/kqueue/KQueueSocketFileRegionTest.java,KQueueSocketFileRegionTest.java,KQueueSocketFileRegionTest,5,1,1,0,0,0,true,true,false,false,false,false,false,false,false,false
GitHub,relation_test_code_smell_ML,C:\Users\ismak\Documents\GitHub\relation_test_code_smell_ML\dataset\projects\netty\transport-native-kqueue\src\test\java\io\netty\channel\kqueue\KQueueSocketFixedLengthEchoTest.java,dataset/projects/netty/transport-native-kqueue/src/test/java/io/netty/channel/kqueue/KQueueSocketFixedLengthEchoTest.java,KQueueSocketFixedLengthEchoTest.java,KQueueSocketFixedLengthEchoTest,5,1,1,0,0,0,true,true,false,false,false,false,false,false,false,false
GitHub,relation_test_code_smell_ML,C:\Users\ismak\Documents\GitHub\relation_test_code_smell_ML\dataset\projects\netty\transport-native-kqueue\src\test\java\io\netty\channel\kqueue\KQueueSocketGatheringWriteTest.java,dataset/projects/netty/transport-native-kqueue/src/test/java/io/netty/channel/kqueue/KQueueSocketGatheringWriteTest.java,KQueueSocketGatheringWriteTest.java,KQueueSocketGatheringWriteTest,5,1,1,0,0,0,true,true,false,false,false,false,false,false,false,false
GitHub,relation_test_code_smell_ML,C:\Users\ismak\Documents\GitHub\relation_test_code_smell_ML\dataset\projects\netty\transport-native-kqueue\src\test\java\io\netty\channel\kqueue\KQueueSocketMultipleConnectTest.java,dataset/projects/netty/transport-native-kqueue/src/test/java/io/netty/channel/kqueue/KQueueSocketMultipleConnectTest.java,KQueueSocketMultipleConnectTest.java,KQueueSocketMultipleConnectTest,9,1,3,0,0,0,true,true,false,false,false,false,false,false,false,false
GitHub,relation_test_code_smell_ML,C:\Users\ismak\Documents\GitHub\relation_test_code_smell_ML\dataset\projects\netty\transport-native-kqueue\src\test\java\io\netty\channel\kqueue\KQueueSocketObjectEchoTest.java,dataset/projects/netty/transport-native-kqueue/src/test/java/io/netty/channel/kqueue/KQueueSocketObjectEchoTest.java,KQueueSocketObjectEchoTest.java,KQueueSocketObjectEchoTest,5,1,1,0,0,0,true,true,false,false,false,false,false,false,false,false
GitHub,relation_test_code_smell_ML,C:\Users\ismak\Documents\GitHub\relation_test_code_smell_ML\dataset\projects\netty\transport-native-kqueue\src\test\java\io\netty\channel\kqueue\KQueueSocketRstTest.java,dataset/projects/netty/transport-native-kqueue/src/test/java/io/netty/channel/kqueue/KQueueSocketRstTest.java,KQueueSocketRstTest.java,KQueueSocketRstTest,11,2,4,0,0,0,true,true,false,false,false,false,false,false,false,false
GitHub,relation_test_code_smell_ML,C:\Users\ismak\Documents\GitHub\relation_test_code_smell_ML\dataset\projects\netty\transport-native-kqueue\src\test\java\io\netty\channel\kqueue\KQueueSocketShutdownOutputByPeerTest.java,dataset/projects/netty/transport-native-kqueue/src/test/java/io/netty/channel/kqueue/KQueueSocketShutdownOutputByPeerTest.java,KQueueSocketShutdownOutputByPeerTest.java,KQueueSocketShutdownOutputByPeerTest,4,1,1,0,0,0,true,true,false,false,false,false,false,false,false,false
GitHub,relation_test_code_smell_ML,C:\Users\ismak\Documents\GitHub\relation_test_code_smell_ML\dataset\projects\netty\transport-native-kqueue\src\test\java\io\netty\channel\kqueue\KQueueSocketShutdownOutputBySelfTest.java,dataset/projects/netty/transport-native-kqueue/src/test/java/io/netty/channel/kqueue/KQueueSocketShutdownOutputBySelfTest.java,KQueueSocketShutdownOutputBySelfTest.java,KQueueSocketShutdownOutputBySelfTest,4,1,1,0,0,0,true,true,false,false,false,false,false,false,false,false
GitHub,relation_test_code_smell_ML,C:\Users\ismak\Documents\GitHub\relation_test_code_smell_ML\dataset\projects\netty\transport-native-kqueue\src\test\java\io\netty\channel\kqueue\KQueueSocketSslClientRenegotiateTest.java,dataset/projects/netty/transport-native-kqueue/src/test/java/io/netty/channel/kqueue/KQueueSocketSslClientRenegotiateTest.java,KQueueSocketSslClientRenegotiateTest.java,KQueueSocketSslClientRenegotiateTest,5,1,1,0,0,0,true,true,false,false,false,false,false,false,false,false
GitHub,relation_test_code_smell_ML,C:\Users\ismak\Documents\GitHub\relation_test_code_smell_ML\dataset\projects\netty\transport-native-kqueue\src\test\java\io\netty\channel\kqueue\KQueueSocketSslEchoTest.java,dataset/projects/netty/transport-native-kqueue/src/test/java/io/netty/channel/kqueue/KQueueSocketSslEchoTest.java,KQueueSocketSslEchoTest.java,KQueueSocketSslEchoTest,5,1,1,0,0,0,true,true,false,false,false,false,false,false,false,false
GitHub,relation_test_code_smell_ML,C:\Users\ismak\Documents\GitHub\relation_test_code_smell_ML\dataset\projects\netty\transport-native-kqueue\src\test\java\io\netty\channel\kqueue\KQueueSocketSslGreetingTest.java,dataset/projects/netty/transport-native-kqueue/src/test/java/io/netty/channel/kqueue/KQueueSocketSslGreetingTest.java,KQueueSocketSslGreetingTest.java,KQueueSocketSslGreetingTest,5,1,1,0,0,0,true,true,false,false,false,false,false,false,false,false
GitHub,relation_test_code_smell_ML,C:\Users\ismak\Documents\GitHub\relation_test_code_smell_ML\dataset\projects\netty\transport-native-kqueue\src\test\java\io\netty\channel\kqueue\KQueueSocketSslSessionReuseTest.java,dataset/projects/netty/transport-native-kqueue/src/test/java/io/netty/channel/kqueue/KQueueSocketSslSessionReuseTest.java,KQueueSocketSslSessionReuseTest.java,KQueueSocketSslSessionReuseTest,5,1,1,0,0,0,true,true,false,false,false,false,false,false,false,false
GitHub,relation_test_code_smell_ML,C:\Users\ismak\Documents\GitHub\relation_test_code_smell_ML\dataset\projects\netty\transport-native-kqueue\src\test\java\io\netty\channel\kqueue\KQueueSocketStartTlsTest.java,dataset/projects/netty/transport-native-kqueue/src/test/java/io/netty/channel/kqueue/KQueueSocketStartTlsTest.java,KQueueSocketStartTlsTest.java,KQueueSocketStartTlsTest,5,1,1,0,0,0,true,true,false,false,false,false,false,false,false,false
GitHub,relation_test_code_smell_ML,C:\Users\ismak\Documents\GitHub\relation_test_code_smell_ML\dataset\projects\netty\transport-native-kqueue\src\test\java\io\netty\channel\kqueue\KQueueSocketStringEchoTest.java,dataset/projects/netty/transport-native-kqueue/src/test/java/io/netty/channel/kqueue/KQueueSocketStringEchoTest.java,KQueueSocketStringEchoTest.java,KQueueSocketStringEchoTest,5,1,1,0,0,0,true,true,false,false,false,false,false,false,false,false
GitHub,relation_test_code_smell_ML,C:\Users\ismak\Documents\GitHub\relation_test_code_smell_ML\dataset\projects\netty\transport-native-kqueue\src\test\java\io\netty\channel\kqueue\KQueueSocketTest.java,dataset/projects/netty/transport-native-kqueue/src/test/java/io/netty/channel/kqueue/KQueueSocketTest.java,KQueueSocketTest.java,KQueueSocketTest,10,6,10,2,2,0,true,true,false,false,false,false,false,false,false,false
GitHub,relation_test_code_smell_ML,C:\Users\ismak\Documents\GitHub\relation_test_code_smell_ML\dataset\projects\netty\transport-native-kqueue\src\test\java\io\netty\channel\kqueue\KqueueWriteBeforeRegisteredTest.java,dataset/projects/netty/transport-native-kqueue/src/test/java/io/netty/channel/kqueue/KqueueWriteBeforeRegisteredTest.java,KqueueWriteBeforeRegisteredTest.java,KqueueWriteBeforeRegisteredTest,4,1,1,0,0,0,true,true,false,false,false,false,false,false,false,false
GitHub,relation_test_code_smell_ML,C:\Users\ismak\Documents\GitHub\relation_test_code_smell_ML\dataset\projects\netty\transport-native-unix-common\src\test\java\io\netty\channel\unix\NativeInetAddressTest.java,dataset/projects/netty/transport-native-unix-common/src/test/java/io/netty/channel/unix/NativeInetAddressTest.java,NativeInetAddressTest.java,NativeInetAddressTest,5,2,20,2,2,0,true,true,false,false,false,false,false,false,false,false
GitHub,relation_test_code_smell_ML,C:\Users\ismak\Documents\GitHub\relation_test_code_smell_ML\dataset\projects\netty\transport-native-unix-common\src\test\java\io\netty\channel\unix\UnixChannelUtilTest.java,dataset/projects/netty/transport-native-unix-common/src/test/java/io/netty/channel/unix/UnixChannelUtilTest.java,UnixChannelUtilTest.java,UnixChannelUtilTest,13,4,22,3,2,1,true,true,false,false,false,false,false,false,false,false
GitHub,relation_test_code_smell_ML,C:\Users\ismak\Documents\GitHub\relation_test_code_smell_ML\dataset\projects\netty\transport-native-unix-common-tests\src\main\java\io\netty\channel\unix\tests\DetectPeerCloseWithoutReadTest.java,dataset/projects/netty/transport-native-unix-common-tests/src/main/java/io/netty/channel/unix/tests/DetectPeerCloseWithoutReadTest.java,DetectPeerCloseWithoutReadTest.java,TestHandler,20,15,24,4,4,0,true,true,false,false,false,false,false,false,false,false
GitHub,relation_test_code_smell_ML,C:\Users\ismak\Documents\GitHub\relation_test_code_smell_ML\dataset\projects\netty\transport-native-unix-common-tests\src\main\java\io\netty\channel\unix\tests\IovArrayTest.java,dataset/projects/netty/transport-native-unix-common-tests/src/main/java/io/netty/channel/unix/tests/IovArrayTest.java,IovArrayTest.java,NoMemoryAddressByteBuf,9,3,15,1,1,0,true,false,false,false,false,false,false,false,false,false
GitHub,relation_test_code_smell_ML,C:\Users\ismak\Documents\GitHub\relation_test_code_smell_ML\dataset\projects\netty\transport-native-unix-common-tests\src\main\java\io\netty\channel\unix\tests\SocketTest.java,dataset/projects/netty/transport-native-unix-common-tests/src/main/java/io/netty/channel/unix/tests/SocketTest.java,SocketTest.java,SocketTest,13,14,44,9,9,0,true,true,false,false,false,false,false,false,false,false
GitHub,relation_test_code_smell_ML,C:\Users\ismak\Documents\GitHub\relation_test_code_smell_ML\dataset\projects\netty\transport-sctp\src\test\java\io\netty\channel\sctp\nio\NioSctpLimitStreamsTest.java,dataset/projects/netty/transport-sctp/src/test/java/io/netty/channel/sctp/nio/NioSctpLimitStreamsTest.java,NioSctpLimitStreamsTest.java,NioSctpLimitStreamsTest,6,3,3,0,0,0,true,true,false,false,false,false,false,false,false,false
GitHub,relation_test_code_smell_ML,C:\Users\ismak\Documents\GitHub\relation_test_code_smell_ML\dataset\projects\netty\transport-sctp\src\test\java\io\netty\channel\sctp\oio\OioSctpLimitStreamsTest.java,dataset/projects/netty/transport-sctp/src/test/java/io/netty/channel/sctp/oio/OioSctpLimitStreamsTest.java,OioSctpLimitStreamsTest.java,OioSctpLimitStreamsTest,5,3,3,0,0,0,true,true,false,false,false,false,false,false,false,false
GitHub,relation_test_code_smell_ML,C:\Users\ismak\Documents\GitHub\relation_test_code_smell_ML\dataset\projects\netty\transport-sctp\src\test\java\io\netty\channel\sctp\SctpLimitStreamsTest.java,dataset/projects/netty/transport-sctp/src/test/java/io/netty/channel/sctp/SctpLimitStreamsTest.java,SctpLimitStreamsTest.java,SctpLimitStreamsTest,15,5,3,1,1,0,true,true,false,false,false,false,false,false,false,false
GitHub,relation_test_code_smell_ML,C:\Users\ismak\Documents\GitHub\relation_test_code_smell_ML\dataset\projects\netty\transport-sctp\src\test\java\io\netty\handler\codec\sctp\NativeImageHandlerMetadataTest.java,dataset/projects/netty/transport-sctp/src/test/java/io/netty/handler/codec/sctp/NativeImageHandlerMetadataTest.java,NativeImageHandlerMetadataTest.java,NativeImageHandlerMetadataTest,2,1,1,1,1,0,true,true,false,false,false,false,false,false,false,false
GitHub,relation_test_code_smell_ML,C:\Users\ismak\Documents\GitHub\relation_test_code_smell_ML\dataset\projects\netty\transport-sctp\src\test\java\io\netty\handler\codec\sctp\SctpMessageCompletionHandlerTest.java,dataset/projects/netty/transport-sctp/src/test/java/io/netty/handler/codec/sctp/SctpMessageCompletionHandlerTest.java,SctpMessageCompletionHandlerTest.java,TestMessageInfo,15,17,58,4,4,0,true,true,false,false,false,false,false,false,false,false
GitHub,relation_test_code_smell_ML,C:\Users\ismak\Documents\GitHub\relation_test_code_smell_ML\dataset\projects\netty\transport-udt\src\test\java\io\netty\test\udt\nio\AbstractUdtTest.java,dataset/projects/netty/transport-udt/src/test/java/io/netty/test/udt/nio/AbstractUdtTest.java,AbstractUdtTest.java,AbstractUdtTest,3,1,1,0,0,0,true,true,false,false,false,false,false,false,false,false
GitHub,relation_test_code_smell_ML,C:\Users\ismak\Documents\GitHub\relation_test_code_smell_ML\dataset\projects\netty\transport-udt\src\test\java\io\netty\test\udt\nio\NioUdtByteAcceptorChannelTest.java,dataset/projects/netty/transport-udt/src/test/java/io/netty/test/udt/nio/NioUdtByteAcceptorChannelTest.java,NioUdtByteAcceptorChannelTest.java,NioUdtByteAcceptorChannelTest,3,1,1,1,1,0,true,true,false,false,false,false,false,false,false,false
GitHub,relation_test_code_smell_ML,C:\Users\ismak\Documents\GitHub\relation_test_code_smell_ML\dataset\projects\netty\transport-udt\src\test\java\io\netty\test\udt\nio\NioUdtByteConnectorChannelTest.java,dataset/projects/netty/transport-udt/src/test/java/io/netty/test/udt/nio/NioUdtByteConnectorChannelTest.java,NioUdtByteConnectorChannelTest.java,NioUdtByteConnectorChannelTest,3,1,1,1,1,0,true,true,false,false,false,false,false,false,false,false
GitHub,relation_test_code_smell_ML,C:\Users\ismak\Documents\GitHub\relation_test_code_smell_ML\dataset\projects\netty\transport-udt\src\test\java\io\netty\test\udt\nio\NioUdtByteRendezvousChannelTest.java,dataset/projects/netty/transport-udt/src/test/java/io/netty/test/udt/nio/NioUdtByteRendezvousChannelTest.java,NioUdtByteRendezvousChannelTest.java,NioUdtByteRendezvousChannelTest,19,2,27,2,2,0,true,true,false,false,false,false,false,false,false,false
GitHub,relation_test_code_smell_ML,C:\Users\ismak\Documents\GitHub\relation_test_code_smell_ML\dataset\projects\netty\transport-udt\src\test\java\io\netty\test\udt\nio\NioUdtMessageAcceptorChannelTest.java,dataset/projects/netty/transport-udt/src/test/java/io/netty/test/udt/nio/NioUdtMessageAcceptorChannelTest.java,NioUdtMessageAcceptorChannelTest.java,NioUdtMessageAcceptorChannelTest,3,1,1,1,1,0,true,true,false,false,false,false,false,false,false,false
GitHub,relation_test_code_smell_ML,C:\Users\ismak\Documents\GitHub\relation_test_code_smell_ML\dataset\projects\netty\transport-udt\src\test\java\io\netty\test\udt\nio\NioUdtMessageConnectorChannelTest.java,dataset/projects/netty/transport-udt/src/test/java/io/netty/test/udt/nio/NioUdtMessageConnectorChannelTest.java,NioUdtMessageConnectorChannelTest.java,NioUdtMessageConnectorChannelTest,3,1,1,1,1,0,true,true,false,false,false,false,false,false,false,false
GitHub,relation_test_code_smell_ML,C:\Users\ismak\Documents\GitHub\relation_test_code_smell_ML\dataset\projects\netty\transport-udt\src\test\java\io\netty\test\udt\nio\NioUdtMessageRendezvousChannelTest.java,dataset/projects/netty/transport-udt/src/test/java/io/netty/test/udt/nio/NioUdtMessageRendezvousChannelTest.java,NioUdtMessageRendezvousChannelTest.java,NioUdtMessageRendezvousChannelTest,20,2,27,2,2,0,true,true,false,false,false,false,false,false,false,true
GitHub,relation_test_code_smell_ML,C:\Users\ismak\Documents\GitHub\relation_test_code_smell_ML\dataset\projects\netty\transport-udt\src\test\java\io\netty\test\udt\nio\NioUdtProviderTest.java,dataset/projects/netty/transport-udt/src/test/java/io/netty/test/udt/nio/NioUdtProviderTest.java,NioUdtProviderTest.java,NioUdtProviderTest,11,1,20,1,1,0,true,true,false,false,false,false,false,false,false,false
