project,class_key,class_name,class_file,test_file,has_code_smell,code_smell_total,has_test_smell,test_smell_total,code_smell_CouplingBetweenObjects,code_smell_CyclomaticComplexity,code_smell_ExcessiveParameterList,code_smell_GodClass,code_smell_TooManyFields,code_smell_TooManyMethods,test_smell_App,test_smell_Version,test_smell_RelativeTestFilePath,test_smell_RelativeProductionFilePath,test_smell_Assertion Roulette,test_smell_Conditional Test Logic,test_smell_Constructor Initialization,test_smell_Default Test,test_smell_EmptyTest,test_smell_Exception Catching Throwing,test_smell_General Fixture,test_smell_Mystery Guest,test_smell_Print Statement,test_smell_Redundant Assertion,test_smell_Sensitive Equality,test_smell_Verbose Test,test_smell_Sleepy Test,test_smell_Eager Test,test_smell_Lazy Test,test_smell_Duplicate Assert,test_smell_Unknown Test,test_smell_IgnoredTest,test_smell_Resource Optimism,test_smell_Magic Number Test,test_smell_Dependent Test
cassandra,apache/cassandra/anttasks/Helper,Helper,,C:/Users/ismak/Documents/GitHub/relation_test_code_smell_ML/dataset/projects/cassandra/test/anttasks/org/apache/cassandra/anttasks/TestHelper.java,0,0,1,3,0,0,0,0,0,0,1,1,1,0,0,0,0,0,0,0,0,0,0,0,0,0,0,0,0,0,0,0,0,0,0
cassandra,apache/cassandra/anttasks/NameCheckTask,NameCheckTask,,C:/Users/ismak/Documents/GitHub/relation_test_code_smell_ML/dataset/projects/cassandra/test/anttasks/org/apache/cassandra/anttasks/TestNameCheckTask.java,0,0,1,4,0,0,0,0,0,0,1,1,1,0,0,0,1,0,0,0,0,0,0,0,0,0,0,0,0,0,0,0,0,0,0
cassandra,apache/cassandra/audit/AuditLogEntry,AuditLogEntry,dataset/projects/cassandra/src/java/org/apache/cassandra/audit/AuditLogEntry.java,C:/Users/ismak/Documents/GitHub/relation_test_code_smell_ML/dataset/projects/cassandra/test/unit/org/apache/cassandra/audit/AuditLogEntryTest.java,1,1,1,3,0,0,0,0,0,1,1,1,1,0,0,0,0,0,0,0,0,0,0,0,0,0,0,0,0,0,0,0,0,0,0
cassandra,apache/cassandra/audit/AuditLogFilter,AuditLogFilter,,C:/Users/ismak/Documents/GitHub/relation_test_code_smell_ML/dataset/projects/cassandra/test/unit/org/apache/cassandra/audit/AuditLogFilterTest.java,0,0,1,5,0,0,0,0,0,0,1,1,1,0,1,0,0,0,0,0,0,0,0,0,0,0,0,0,0,1,0,0,0,0,0
cassandra,apache/cassandra/audit/AuditLogManager,AuditLogManager,dataset/projects/cassandra/src/java/org/apache/cassandra/audit/AuditLogManager.java,,1,3,0,0,1,0,0,1,0,1,0,0,0,0,0,0,0,0,0,0,0,0,0,0,0,0,0,0,0,0,0,0,0,0,0
cassandra,apache/cassandra/audit/AuditLogOptions,AuditLogOptions,dataset/projects/cassandra/src/java/org/apache/cassandra/audit/AuditLogOptions.java,C:/Users/ismak/Documents/GitHub/relation_test_code_smell_ML/dataset/projects/cassandra/test/unit/org/apache/cassandra/audit/AuditLogOptionsTest.java,1,1,1,4,0,0,0,0,0,1,1,1,1,0,1,0,0,0,0,0,0,0,0,0,0,0,0,0,0,0,0,0,0,0,0
cassandra,apache/cassandra/audit/AuditLogger,AuditLogger,,C:/Users/ismak/Documents/GitHub/relation_test_code_smell_ML/dataset/projects/cassandra/test/unit/org/apache/cassandra/audit/AuditLoggerTest.java,0,0,1,9,0,0,0,0,0,0,1,1,1,0,1,0,0,0,0,1,0,0,0,0,0,0,0,0,0,1,1,1,0,1,0
cassandra,apache/cassandra/audit/AuditLoggerAuth,AuditLoggerAuth,,C:/Users/ismak/Documents/GitHub/relation_test_code_smell_ML/dataset/projects/cassandra/test/unit/org/apache/cassandra/audit/AuditLoggerAuthTest.java,0,0,1,8,0,0,0,0,0,0,1,1,1,0,1,0,0,0,0,1,0,0,0,0,0,0,0,0,0,1,1,0,0,1,0
cassandra,apache/cassandra/audit/AuditLoggerCleanup,AuditLoggerCleanup,,C:/Users/ismak/Documents/GitHub/relation_test_code_smell_ML/dataset/projects/cassandra/test/unit/org/apache/cassandra/audit/AuditLoggerCleanupTest.java,0,0,1,7,0,0,0,0,0,0,1,1,1,0,1,0,0,0,0,1,1,0,0,0,0,0,0,0,0,1,0,0,0,0,0
cassandra,apache/cassandra/audit/BinAuditLogger,BinAuditLogger,,C:/Users/ismak/Documents/GitHub/relation_test_code_smell_ML/dataset/projects/cassandra/test/unit/org/apache/cassandra/audit/BinAuditLoggerTest.java,0,0,1,8,0,0,0,0,0,0,1,1,1,0,1,0,0,0,0,1,0,0,0,0,1,0,0,0,0,1,0,0,0,1,0
cassandra,apache/cassandra/audit/FileAuditLogger,FileAuditLogger,,C:/Users/ismak/Documents/GitHub/relation_test_code_smell_ML/dataset/projects/cassandra/test/unit/org/apache/cassandra/audit/FileAuditLoggerTest.java,0,0,1,6,0,0,0,0,0,0,1,1,1,0,1,0,0,0,0,0,0,0,0,0,0,0,0,0,0,1,1,0,0,0,0
cassandra,apache/cassandra/auth/AllowAllCIDRAuthorizer,AllowAllCIDRAuthorizer,,C:/Users/ismak/Documents/GitHub/relation_test_code_smell_ML/dataset/projects/cassandra/test/unit/org/apache/cassandra/auth/AllowAllCIDRAuthorizerTest.java,0,0,1,6,0,0,0,0,0,0,1,1,1,0,0,0,0,0,0,1,0,0,0,0,0,0,0,0,0,0,1,1,0,0,0
cassandra,apache/cassandra/auth/AuthCache,AuthCache,dataset/projects/cassandra/src/java/org/apache/cassandra/auth/AuthCache.java,C:/Users/ismak/Documents/GitHub/relation_test_code_smell_ML/dataset/projects/cassandra/test/unit/org/apache/cassandra/auth/AuthCacheTest.java,1,4,1,9,0,0,2,1,0,1,1,1,1,0,1,1,0,0,0,1,0,0,0,0,0,0,1,0,0,1,0,0,0,1,0
cassandra,apache/cassandra/auth/AuthConfig,AuthConfig,dataset/projects/cassandra/src/java/org/apache/cassandra/auth/AuthConfig.java,C:/Users/ismak/Documents/GitHub/relation_test_code_smell_ML/dataset/projects/cassandra/test/unit/org/apache/cassandra/auth/AuthConfigTest.java,1,1,1,5,0,1,0,0,0,0,1,1,1,0,1,0,0,0,0,1,0,0,0,0,0,0,0,0,0,0,0,0,0,0,0
cassandra,apache/cassandra/auth/AuthProperties,AuthProperties,,C:/Users/ismak/Documents/GitHub/relation_test_code_smell_ML/dataset/projects/cassandra/test/unit/org/apache/cassandra/auth/AuthPropertiesTest.java,0,0,1,3,0,0,0,0,0,0,1,1,1,0,0,0,0,0,0,0,0,0,0,0,0,0,0,0,0,0,0,0,0,0,0
cassandra,apache/cassandra/auth/CIDRGroupsMappingIntervalTree,CIDRGroupsMappingIntervalTree,dataset/projects/cassandra/src/java/org/apache/cassandra/auth/CIDRGroupsMappingIntervalTree.java,C:/Users/ismak/Documents/GitHub/relation_test_code_smell_ML/dataset/projects/cassandra/test/unit/org/apache/cassandra/auth/CIDRGroupsMappingIntervalTreeTest.java,1,2,1,6,1,0,0,0,0,1,1,1,1,0,1,1,0,0,0,1,0,0,0,0,0,0,0,0,0,0,0,0,0,0,0
cassandra,apache/cassandra/auth/CIDRGroupsMappingManager,CIDRGroupsMappingManager,dataset/projects/cassandra/src/java/org/apache/cassandra/auth/CIDRGroupsMappingManager.java,C:/Users/ismak/Documents/GitHub/relation_test_code_smell_ML/dataset/projects/cassandra/test/unit/org/apache/cassandra/auth/CIDRGroupsMappingManagerTest.java,1,1,1,6,0,0,0,0,0,1,1,1,1,0,1,0,0,0,0,0,0,0,0,0,0,0,0,0,0,0,1,0,0,1,0
cassandra,apache/cassandra/auth/CIDRGroupsMappingTable,CIDRGroupsMappingTable,,C:/Users/ismak/Documents/GitHub/relation_test_code_smell_ML/dataset/projects/cassandra/test/unit/org/apache/cassandra/auth/CIDRGroupsMappingTableTest.java,0,0,1,8,0,0,0,0,0,0,1,1,1,0,1,1,1,0,0,0,0,0,0,0,0,0,0,0,0,0,1,1,0,0,0
cassandra,apache/cassandra/auth/CacheRefresher,CacheRefresher,,C:/Users/ismak/Documents/GitHub/relation_test_code_smell_ML/dataset/projects/cassandra/test/unit/org/apache/cassandra/auth/CacheRefresherTest.java,0,0,1,6,0,0,0,0,0,0,1,1,1,0,1,0,0,0,0,1,0,0,0,0,0,0,0,0,0,1,0,0,0,0,0
cassandra,apache/cassandra/auth/CassandraAuthorizer,CassandraAuthorizer,dataset/projects/cassandra/src/java/org/apache/cassandra/auth/CassandraAuthorizer.java,C:/Users/ismak/Documents/GitHub/relation_test_code_smell_ML/dataset/projects/cassandra/test/unit/org/apache/cassandra/auth/CassandraAuthorizerTest.java,1,4,1,4,1,1,0,1,0,1,1,1,1,0,0,0,0,0,0,1,0,0,0,0,0,0,0,0,0,0,0,0,0,0,0
cassandra,apache/cassandra/auth/CassandraAuthorizerTruncating,CassandraAuthorizerTruncating,,C:/Users/ismak/Documents/GitHub/relation_test_code_smell_ML/dataset/projects/cassandra/test/unit/org/apache/cassandra/auth/CassandraAuthorizerTruncatingTest.java,0,0,1,6,0,0,0,0,0,0,1,1,1,0,1,1,0,0,0,0,0,0,0,0,0,0,0,0,0,0,0,0,0,1,0
cassandra,apache/cassandra/auth/CassandraCIDRAuthorizerEnforceMode,CassandraCIDRAuthorizerEnforceMode,,C:/Users/ismak/Documents/GitHub/relation_test_code_smell_ML/dataset/projects/cassandra/test/unit/org/apache/cassandra/auth/CassandraCIDRAuthorizerEnforceModeTest.java,0,0,1,8,0,0,0,0,0,0,1,1,1,0,1,1,0,0,0,1,0,0,0,0,0,0,0,0,0,0,1,1,0,0,0
cassandra,apache/cassandra/auth/CassandraCIDRAuthorizerMonitorMode,CassandraCIDRAuthorizerMonitorMode,,C:/Users/ismak/Documents/GitHub/relation_test_code_smell_ML/dataset/projects/cassandra/test/unit/org/apache/cassandra/auth/CassandraCIDRAuthorizerMonitorModeTest.java,0,0,1,5,0,0,0,0,0,0,1,1,1,0,0,0,0,0,0,0,0,0,0,0,0,0,0,0,0,0,1,1,0,0,0
cassandra,apache/cassandra/auth/CassandraNetworkAuthorizer,CassandraNetworkAuthorizer,,C:/Users/ismak/Documents/GitHub/relation_test_code_smell_ML/dataset/projects/cassandra/test/unit/org/apache/cassandra/auth/CassandraNetworkAuthorizerTest.java,0,0,1,5,0,0,0,0,0,0,1,1,1,0,1,0,0,0,0,0,0,0,0,0,0,0,0,0,0,1,0,0,0,0,0
cassandra,apache/cassandra/auth/CassandraRoleManager,CassandraRoleManager,dataset/projects/cassandra/src/java/org/apache/cassandra/auth/CassandraRoleManager.java,C:/Users/ismak/Documents/GitHub/relation_test_code_smell_ML/dataset/projects/cassandra/test/unit/org/apache/cassandra/auth/CassandraRoleManagerTest.java,1,5,1,9,1,2,0,1,0,1,1,1,1,0,1,1,0,0,0,1,0,0,0,0,0,0,1,0,0,1,1,0,0,0,0
cassandra,apache/cassandra/auth/CreateAndAlterRole,CreateAndAlterRole,,C:/Users/ismak/Documents/GitHub/relation_test_code_smell_ML/dataset/projects/cassandra/test/unit/org/apache/cassandra/auth/CreateAndAlterRoleTest.java,0,0,1,5,0,0,0,0,0,0,1,1,1,0,1,0,0,0,0,1,0,0,0,0,0,0,0,0,0,0,0,0,0,0,0
cassandra,apache/cassandra/auth/CustomAuthenticator,CustomAuthenticator,,C:/Users/ismak/Documents/GitHub/relation_test_code_smell_ML/dataset/projects/cassandra/test/unit/org/apache/cassandra/auth/CustomAuthenticatorTest.java,0,0,1,5,0,0,0,0,0,0,1,1,1,0,1,0,0,0,0,0,0,0,0,0,0,0,0,0,0,1,0,0,0,0,0
cassandra,apache/cassandra/auth/DataResource,DataResource,dataset/projects/cassandra/src/java/org/apache/cassandra/auth/DataResource.java,,1,1,0,0,0,0,0,0,0,1,0,0,0,0,0,0,0,0,0,0,0,0,0,0,0,0,0,0,0,0,0,0,0,0,0
cassandra,apache/cassandra/auth/FunctionResource,FunctionResource,dataset/projects/cassandra/src/java/org/apache/cassandra/auth/FunctionResource.java,C:/Users/ismak/Documents/GitHub/relation_test_code_smell_ML/dataset/projects/cassandra/test/unit/org/apache/cassandra/auth/FunctionResourceTest.java,1,2,1,5,0,0,0,1,0,1,1,1,1,0,1,1,0,0,0,0,0,0,0,0,0,0,0,0,0,0,0,0,0,0,0
cassandra,apache/cassandra/auth/GrantAndRevoke,GrantAndRevoke,,C:/Users/ismak/Documents/GitHub/relation_test_code_smell_ML/dataset/projects/cassandra/test/unit/org/apache/cassandra/auth/GrantAndRevokeTest.java,0,0,1,6,0,0,0,0,0,0,1,1,1,0,0,1,0,0,0,1,0,0,0,0,0,0,0,0,0,0,1,0,0,0,0
cassandra,apache/cassandra/auth/IRoleManager,IRoleManager,dataset/projects/cassandra/src/java/org/apache/cassandra/auth/IRoleManager.java,,1,1,0,0,0,0,0,0,0,1,0,0,0,0,0,0,0,0,0,0,0,0,0,0,0,0,0,0,0,0,0,0,0,0,0
cassandra,apache/cassandra/auth/JMXResource,JMXResource,dataset/projects/cassandra/src/java/org/apache/cassandra/auth/JMXResource.java,,1,1,0,0,0,0,0,0,0,1,0,0,0,0,0,0,0,0,0,0,0,0,0,0,0,0,0,0,0,0,0,0,0,0,0
cassandra,apache/cassandra/auth/MutualTlsAuthenticator,MutualTlsAuthenticator,dataset/projects/cassandra/src/java/org/apache/cassandra/auth/MutualTlsAuthenticator.java,C:/Users/ismak/Documents/GitHub/relation_test_code_smell_ML/dataset/projects/cassandra/test/unit/org/apache/cassandra/auth/MutualTlsAuthenticatorTest.java,1,1,1,6,0,1,0,0,0,0,1,1,1,0,1,0,0,0,0,1,0,0,0,0,0,0,0,0,0,0,1,0,0,0,0
cassandra,apache/cassandra/auth/MutualTlsCertificateValidityPeriodValidator,MutualTlsCertificateValidityPeriodValidator,,C:/Users/ismak/Documents/GitHub/relation_test_code_smell_ML/dataset/projects/cassandra/test/unit/org/apache/cassandra/auth/MutualTlsCertificateValidityPeriodValidatorTest.java,0,0,1,4,0,0,0,0,0,0,1,1,1,0,0,0,0,0,0,1,0,0,0,0,0,0,0,0,0,0,0,0,0,0,0
cassandra,apache/cassandra/auth/MutualTlsInternodeAuthenticator,MutualTlsInternodeAuthenticator,,C:/Users/ismak/Documents/GitHub/relation_test_code_smell_ML/dataset/projects/cassandra/test/unit/org/apache/cassandra/auth/MutualTlsInternodeAuthenticatorTest.java,0,0,1,6,0,0,0,0,0,0,1,1,1,0,1,0,0,0,0,1,0,0,0,0,0,0,0,0,0,0,1,0,0,0,0
cassandra,apache/cassandra/auth/MutualTlsUtil,MutualTlsUtil,,C:/Users/ismak/Documents/GitHub/relation_test_code_smell_ML/dataset/projects/cassandra/test/unit/org/apache/cassandra/auth/MutualTlsUtilTest.java,0,0,1,5,0,0,0,0,0,0,1,1,1,0,1,0,0,0,0,0,0,0,0,0,0,0,0,0,0,0,0,0,0,1,0
cassandra,apache/cassandra/auth/MutualTlsWithPasswordFallbackAuthenticator,MutualTlsWithPasswordFallbackAuthenticator,,C:/Users/ismak/Documents/GitHub/relation_test_code_smell_ML/dataset/projects/cassandra/test/unit/org/apache/cassandra/auth/MutualTlsWithPasswordFallbackAuthenticatorTest.java,0,0,1,7,0,0,0,0,0,0,1,1,1,0,1,0,0,0,0,1,1,0,0,0,0,0,0,0,0,0,1,0,0,0,0
cassandra,apache/cassandra/auth/PasswordAuthenticator,PasswordAuthenticator,dataset/projects/cassandra/src/java/org/apache/cassandra/auth/PasswordAuthenticator.java,C:/Users/ismak/Documents/GitHub/relation_test_code_smell_ML/dataset/projects/cassandra/test/unit/org/apache/cassandra/auth/PasswordAuthenticatorTest.java,1,2,1,6,0,1,0,0,0,1,1,1,1,0,1,1,0,0,0,0,0,0,0,0,0,0,0,0,0,0,0,1,0,0,0
cassandra,apache/cassandra/auth/Resources,Resources,,C:/Users/ismak/Documents/GitHub/relation_test_code_smell_ML/dataset/projects/cassandra/test/unit/org/apache/cassandra/auth/ResourcesTest.java,0,0,1,4,0,0,0,0,0,0,1,1,1,0,1,0,0,0,0,0,0,0,0,0,0,0,0,0,0,0,0,0,0,0,0
cassandra,apache/cassandra/auth/RoleOptions,RoleOptions,dataset/projects/cassandra/src/java/org/apache/cassandra/auth/RoleOptions.java,C:/Users/ismak/Documents/GitHub/relation_test_code_smell_ML/dataset/projects/cassandra/test/unit/org/apache/cassandra/auth/RoleOptionsTest.java,1,1,1,5,0,1,0,0,0,0,1,1,1,0,1,0,0,0,0,1,0,0,0,0,0,0,0,0,0,0,0,0,0,0,0
cassandra,apache/cassandra/auth/RoleResource,RoleResource,dataset/projects/cassandra/src/java/org/apache/cassandra/auth/RoleResource.java,,1,1,0,0,0,0,0,0,0,1,0,0,0,0,0,0,0,0,0,0,0,0,0,0,0,0,0,0,0,0,0,0,0,0,0
cassandra,apache/cassandra/auth/Roles,Roles,,C:/Users/ismak/Documents/GitHub/relation_test_code_smell_ML/dataset/projects/cassandra/test/unit/org/apache/cassandra/auth/RolesTest.java,0,0,1,4,0,0,0,0,0,0,1,1,1,0,1,0,0,0,0,0,0,0,0,0,0,0,0,0,0,0,0,0,0,0,0
cassandra,apache/cassandra/auth/SpiffeCertificateValidator,SpiffeCertificateValidator,,C:/Users/ismak/Documents/GitHub/relation_test_code_smell_ML/dataset/projects/cassandra/test/unit/org/apache/cassandra/auth/SpiffeCertificateValidatorTest.java,0,0,1,5,0,0,0,0,0,0,1,1,1,0,0,0,0,0,0,1,0,0,0,0,0,0,0,0,0,0,1,0,0,0,0
cassandra,apache/cassandra/auth/TxnAuth,TxnAuth,,C:/Users/ismak/Documents/GitHub/relation_test_code_smell_ML/dataset/projects/cassandra/test/unit/org/apache/cassandra/auth/TxnAuthTest.java,0,0,1,4,0,0,0,0,0,0,1,1,1,0,0,0,0,0,0,0,0,0,0,0,0,0,0,0,0,0,0,0,0,1,0
cassandra,apache/cassandra/batchlog/Batchlog,Batchlog,,C:/Users/ismak/Documents/GitHub/relation_test_code_smell_ML/dataset/projects/cassandra/test/unit/org/apache/cassandra/batchlog/BatchlogTest.java,0,0,1,7,0,0,0,0,0,0,1,1,1,0,1,1,0,0,0,1,0,0,0,0,1,0,0,0,0,0,0,0,0,0,0
cassandra,apache/cassandra/batchlog/BatchlogEndpointFilter,BatchlogEndpointFilter,,C:/Users/ismak/Documents/GitHub/relation_test_code_smell_ML/dataset/projects/cassandra/test/unit/org/apache/cassandra/batchlog/BatchlogEndpointFilterTest.java,0,0,1,10,0,0,0,0,0,0,1,1,1,0,1,1,0,0,0,1,1,0,0,0,0,0,0,0,0,1,1,0,0,1,0
cassandra,apache/cassandra/batchlog/BatchlogManager,BatchlogManager,dataset/projects/cassandra/src/java/org/apache/cassandra/batchlog/BatchlogManager.java,C:/Users/ismak/Documents/GitHub/relation_test_code_smell_ML/dataset/projects/cassandra/test/unit/org/apache/cassandra/batchlog/BatchlogManagerTest.java,1,4,1,8,1,1,0,1,0,1,1,1,1,0,1,1,0,0,0,1,0,0,0,0,0,0,0,0,0,1,0,0,0,1,0
cassandra,apache/cassandra/cache/AutoSavingCache,AutoSavingCache,dataset/projects/cassandra/src/java/org/apache/cassandra/cache/AutoSavingCache.java,C:/Users/ismak/Documents/GitHub/relation_test_code_smell_ML/dataset/projects/cassandra/test/unit/org/apache/cassandra/cache/AutoSavingCacheTest.java,1,3,1,5,1,2,0,0,0,0,1,1,1,0,0,0,0,0,0,1,0,0,0,0,0,0,0,0,0,0,1,0,0,0,0
cassandra,apache/cassandra/cache/CacheProvider,CacheProvider,,C:/Users/ismak/Documents/GitHub/relation_test_code_smell_ML/dataset/projects/cassandra/test/unit/org/apache/cassandra/cache/CacheProviderTest.java,0,0,1,7,0,0,0,0,0,0,1,1,1,0,1,0,0,0,0,1,0,0,0,0,0,0,0,0,0,1,1,0,0,0,0
cassandra,apache/cassandra/cache/CaffeineCache,CaffeineCache,dataset/projects/cassandra/src/java/org/apache/cassandra/cache/CaffeineCache.java,,1,1,0,0,0,0,0,0,0,1,0,0,0,0,0,0,0,0,0,0,0,0,0,0,0,0,0,0,0,0,0,0,0,0,0
cassandra,apache/cassandra/cache/InstrumentingCache,InstrumentingCache,dataset/projects/cassandra/src/java/org/apache/cassandra/cache/InstrumentingCache.java,,1,1,0,0,0,0,0,0,0,1,0,0,0,0,0,0,0,0,0,0,0,0,0,0,0,0,0,0,0,0,0,0,0,0,0
cassandra,apache/cassandra/cache/NopCacheProvider,NopCacheProvider,dataset/projects/cassandra/src/java/org/apache/cassandra/cache/NopCacheProvider.java,C:/Users/ismak/Documents/GitHub/relation_test_code_smell_ML/dataset/projects/cassandra/test/unit/org/apache/cassandra/cache/NopCacheProviderTest.java,1,1,1,4,0,0,0,0,0,1,1,1,1,0,0,0,0,0,0,0,0,0,0,0,0,0,0,0,0,0,1,0,0,0,0
cassandra,apache/cassandra/cache/OHCProvider,OHCProvider,dataset/projects/cassandra/src/java/org/apache/cassandra/cache/OHCProvider.java,,1,1,0,0,0,0,0,0,0,1,0,0,0,0,0,0,0,0,0,0,0,0,0,0,0,0,0,0,0,0,0,0,0,0,0
cassandra,apache/cassandra/cache/SerializingCache,SerializingCache,dataset/projects/cassandra/src/java/org/apache/cassandra/cache/SerializingCache.java,,1,1,0,0,0,0,0,0,0,1,0,0,0,0,0,0,0,0,0,0,0,0,0,0,0,0,0,0,0,0,0,0,0,0,0
cassandra,apache/cassandra/concurrent/AbstractExecutorPlus,AbstractExecutorPlus,,C:/Users/ismak/Documents/GitHub/relation_test_code_smell_ML/dataset/projects/cassandra/test/unit/org/apache/cassandra/concurrent/AbstractExecutorPlusTest.java,0,0,1,9,0,0,0,0,0,0,1,1,1,0,1,1,0,0,0,1,0,0,0,0,0,0,0,0,0,1,1,1,0,0,0
cassandra,apache/cassandra/concurrent/DebuggableScheduledThreadPoolExecutor,DebuggableScheduledThreadPoolExecutor,,C:/Users/ismak/Documents/GitHub/relation_test_code_smell_ML/dataset/projects/cassandra/test/unit/org/apache/cassandra/concurrent/DebuggableScheduledThreadPoolExecutorTest.java,0,0,1,5,0,0,0,0,0,0,1,1,1,0,0,0,0,0,0,1,0,0,0,0,0,0,0,0,0,1,0,0,0,0,0
cassandra,apache/cassandra/concurrent/DebuggableThreadPoolExecutor,DebuggableThreadPoolExecutor,,C:/Users/ismak/Documents/GitHub/relation_test_code_smell_ML/dataset/projects/cassandra/test/unit/org/apache/cassandra/concurrent/DebuggableThreadPoolExecutorTest.java,0,0,1,8,0,0,0,0,0,0,1,1,1,0,1,1,0,0,0,1,0,0,0,0,0,0,0,0,0,1,1,0,0,0,0
cassandra,apache/cassandra/concurrent/ExecutorFactory,ExecutorFactory,dataset/projects/cassandra/src/java/org/apache/cassandra/concurrent/ExecutorFactory.java,,1,2,0,0,1,0,0,0,0,1,0,0,0,0,0,0,0,0,0,0,0,0,0,0,0,0,0,0,0,0,0,0,0,0,0
cassandra,apache/cassandra/concurrent/ExecutorPlus,ExecutorPlus,dataset/projects/cassandra/src/java/org/apache/cassandra/concurrent/ExecutorPlus.java,C:/Users/ismak/Documents/GitHub/relation_test_code_smell_ML/dataset/projects/cassandra/test/unit/org/apache/cassandra/concurrent/ExecutorPlusTest.java,1,1,1,5,0,0,0,0,0,1,1,1,1,0,0,0,0,0,0,1,0,0,0,0,0,0,0,0,0,0,1,0,0,0,0
cassandra,apache/cassandra/concurrent/ImmediateExecutor,ImmediateExecutor,dataset/projects/cassandra/src/java/org/apache/cassandra/concurrent/ImmediateExecutor.java,,1,1,0,0,0,0,0,0,0,1,0,0,0,0,0,0,0,0,0,0,0,0,0,0,0,0,0,0,0,0,0,0,0,0,0
cassandra,apache/cassandra/concurrent/InfiniteLoopExecutor,InfiniteLoopExecutor,,C:/Users/ismak/Documents/GitHub/relation_test_code_smell_ML/dataset/projects/cassandra/test/unit/org/apache/cassandra/concurrent/InfiniteLoopExecutorTest.java,0,0,1,6,0,0,0,0,0,0,1,1,1,0,0,1,0,0,0,1,0,0,0,0,0,0,0,0,0,0,1,0,0,0,0
cassandra,apache/cassandra/concurrent/LocalAwareExecutorPlus,LocalAwareExecutorPlus,,C:/Users/ismak/Documents/GitHub/relation_test_code_smell_ML/dataset/projects/cassandra/test/unit/org/apache/cassandra/concurrent/LocalAwareExecutorPlusTest.java,0,0,1,5,0,0,0,0,0,0,1,1,1,0,0,0,0,0,0,1,0,0,0,0,0,0,0,0,0,0,1,0,0,0,0
cassandra,apache/cassandra/concurrent/LongOpOrder,LongOpOrder,,C:/Users/ismak/Documents/GitHub/relation_test_code_smell_ML/dataset/projects/cassandra/test/burn/org/apache/cassandra/concurrent/LongOpOrderTest.java,0,0,1,6,0,0,0,0,0,0,1,1,1,0,1,1,0,0,0,1,0,0,0,0,0,0,0,0,0,0,0,0,0,0,0
cassandra,apache/cassandra/concurrent/LongSharedExecutorPool,LongSharedExecutorPool,,C:/Users/ismak/Documents/GitHub/relation_test_code_smell_ML/dataset/projects/cassandra/test/burn/org/apache/cassandra/concurrent/LongSharedExecutorPoolTest.java,0,0,1,4,0,0,0,0,0,0,1,1,1,0,0,0,0,0,0,0,0,0,0,0,0,0,0,0,0,0,0,1,0,0,0
cassandra,apache/cassandra/concurrent/ManyToOneConcurrentLinkedQueue,ManyToOneConcurrentLinkedQueue,dataset/projects/cassandra/src/java/org/apache/cassandra/concurrent/ManyToOneConcurrentLinkedQueue.java,C:/Users/ismak/Documents/GitHub/relation_test_code_smell_ML/dataset/projects/cassandra/test/unit/org/apache/cassandra/concurrent/ManyToOneConcurrentLinkedQueueTest.java,1,3,1,7,0,1,0,1,0,1,1,1,1,0,1,1,0,0,0,0,0,0,0,0,0,0,0,0,0,0,0,1,0,1,0
cassandra,apache/cassandra/concurrent/NamedThreadFactory,NamedThreadFactory,dataset/projects/cassandra/src/java/org/apache/cassandra/concurrent/NamedThreadFactory.java,,1,1,0,0,0,0,0,0,0,1,0,0,0,0,0,0,0,0,0,0,0,0,0,0,0,0,0,0,0,0,0,0,0,0,0
cassandra,apache/cassandra/concurrent/SEPExecutor,SEPExecutor,dataset/projects/cassandra/src/java/org/apache/cassandra/concurrent/SEPExecutor.java,C:/Users/ismak/Documents/GitHub/relation_test_code_smell_ML/dataset/projects/cassandra/test/unit/org/apache/cassandra/concurrent/SEPExecutorTest.java,1,2,1,10,1,0,0,0,0,1,1,1,1,0,1,1,0,0,0,1,0,0,0,0,0,0,1,0,0,1,1,0,0,1,0
cassandra,apache/cassandra/concurrent/SEPWorker,SEPWorker,dataset/projects/cassandra/src/java/org/apache/cassandra/concurrent/SEPWorker.java,,1,3,0,0,0,1,0,1,0,1,0,0,0,0,0,0,0,0,0,0,0,0,0,0,0,0,0,0,0,0,0,0,0,0,0
cassandra,apache/cassandra/concurrent/ScheduledThreadPoolExecutorPlus,ScheduledThreadPoolExecutorPlus,dataset/projects/cassandra/src/java/org/apache/cassandra/concurrent/ScheduledThreadPoolExecutorPlus.java,,1,2,0,0,1,0,0,0,0,1,0,0,0,0,0,0,0,0,0,0,0,0,0,0,0,0,0,0,0,0,0,0,0,0,0
cassandra,apache/cassandra/concurrent/TaskFactory,TaskFactory,dataset/projects/cassandra/src/java/org/apache/cassandra/concurrent/TaskFactory.java,,1,1,0,0,0,0,0,0,0,1,0,0,0,0,0,0,0,0,0,0,0,0,0,0,0,0,0,0,0,0,0,0,0,0,0
cassandra,apache/cassandra/concurrent/ThreadPoolExecutorBuilder,ThreadPoolExecutorBuilder,dataset/projects/cassandra/src/java/org/apache/cassandra/concurrent/ThreadPoolExecutorBuilder.java,,1,1,0,0,0,0,0,0,0,1,0,0,0,0,0,0,0,0,0,0,0,0,0,0,0,0,0,0,0,0,0,0,0,0,0
cassandra,apache/cassandra/concurrent/ThreadPoolExecutorPlus,ThreadPoolExecutorPlus,dataset/projects/cassandra/src/java/org/apache/cassandra/concurrent/ThreadPoolExecutorPlus.java,,1,1,0,0,0,0,0,0,0,1,0,0,0,0,0,0,0,0,0,0,0,0,0,0,0,0,0,0,0,0,0,0,0,0,0
cassandra,apache/cassandra/concurrent/WaitQueue,WaitQueue,,C:/Users/ismak/Documents/GitHub/relation_test_code_smell_ML/dataset/projects/cassandra/test/unit/org/apache/cassandra/concurrent/WaitQueueTest.java,0,0,1,8,0,0,0,0,0,0,1,1,1,0,1,1,0,0,0,1,0,0,0,0,0,0,1,0,0,0,1,0,0,0,0
cassandra,apache/cassandra/concurrent/WrappedExecutorPlus,WrappedExecutorPlus,dataset/projects/cassandra/src/java/org/apache/cassandra/concurrent/WrappedExecutorPlus.java,,1,1,0,0,0,0,0,0,0,1,0,0,0,0,0,0,0,0,0,0,0,0,0,0,0,0,0,0,0,0,0,0,0,0,0
cassandra,apache/cassandra/config/AccordConfig,AccordConfig,dataset/projects/cassandra/src/java/org/apache/cassandra/config/AccordConfig.java,,1,3,0,0,1,0,0,0,1,1,0,0,0,0,0,0,0,0,0,0,0,0,0,0,0,0,0,0,0,0,0,0,0,0,0
cassandra,apache/cassandra/config/CassandraRelevantProperties,CassandraRelevantProperties,,C:/Users/ismak/Documents/GitHub/relation_test_code_smell_ML/dataset/projects/cassandra/test/unit/org/apache/cassandra/config/CassandraRelevantPropertiesTest.java,0,0,1,5,0,0,0,0,0,0,1,1,1,0,1,0,0,0,0,0,0,0,0,0,0,0,0,0,0,1,0,0,0,0,0
cassandra,apache/cassandra/config/Config,Config,dataset/projects/cassandra/src/java/org/apache/cassandra/config/Config.java,C:/Users/ismak/Documents/GitHub/relation_test_code_smell_ML/dataset/projects/cassandra/test/unit/org/apache/cassandra/config/ConfigTest.java,1,2,1,6,1,0,0,0,1,0,1,1,1,0,1,1,0,0,0,0,0,0,0,0,0,0,0,0,0,1,0,0,0,0,0
cassandra,apache/cassandra/config/ConfigCompatibility,ConfigCompatibility,,C:/Users/ismak/Documents/GitHub/relation_test_code_smell_ML/dataset/projects/cassandra/test/unit/org/apache/cassandra/config/ConfigCompatibilityTest.java,0,0,1,5,0,0,0,0,0,0,1,1,1,0,0,0,0,0,0,1,0,0,0,0,0,0,0,0,0,0,1,0,0,0,0
cassandra,apache/cassandra/config/DataRateSpec,DataRateSpec,dataset/projects/cassandra/src/java/org/apache/cassandra/config/DataRateSpec.java,C:/Users/ismak/Documents/GitHub/relation_test_code_smell_ML/dataset/projects/cassandra/test/unit/org/apache/cassandra/config/DataRateSpecTest.java,1,1,1,9,0,0,0,0,0,1,1,1,1,0,1,0,0,0,0,0,0,0,0,1,1,0,0,0,0,1,1,0,0,1,0
cassandra,apache/cassandra/config/DataStorageSpec,DataStorageSpec,,C:/Users/ismak/Documents/GitHub/relation_test_code_smell_ML/dataset/projects/cassandra/test/unit/org/apache/cassandra/config/DataStorageSpecTest.java,0,0,1,7,0,0,0,0,0,0,1,1,1,0,1,0,0,0,0,0,0,0,0,1,0,0,0,0,0,0,1,0,0,1,0
cassandra,apache/cassandra/config/DatabaseDescriptor,DatabaseDescriptor,dataset/projects/cassandra/src/java/org/apache/cassandra/config/DatabaseDescriptor.java,C:/Users/ismak/Documents/GitHub/relation_test_code_smell_ML/dataset/projects/cassandra/test/unit/org/apache/cassandra/config/DatabaseDescriptorTest.java,1,12,1,11,1,10,0,0,0,1,1,1,1,0,1,1,0,0,0,1,0,0,0,1,0,0,0,0,0,1,1,0,1,1,0
cassandra,apache/cassandra/config/DatabaseDescriptor,DatabaseDescriptor,dataset/projects/cassandra/src/java/org/apache/cassandra/config/DatabaseDescriptor.java,C:/Users/ismak/Documents/GitHub/relation_test_code_smell_ML/dataset/projects/cassandra/test/unit/org/apache/cassandra/config/TestDatabaseDescriptor.java,1,12,1,3,1,10,0,0,0,1,1,1,1,0,0,0,0,0,0,0,0,0,0,0,0,0,0,0,0,0,0,0,0,0,0
cassandra,apache/cassandra/config/DatabaseDescriptorRef,DatabaseDescriptorRef,,C:/Users/ismak/Documents/GitHub/relation_test_code_smell_ML/dataset/projects/cassandra/test/unit/org/apache/cassandra/config/DatabaseDescriptorRefTest.java,0,0,1,5,0,0,0,0,0,0,1,1,1,0,0,1,0,0,0,1,0,0,0,0,0,0,0,0,0,0,0,0,0,0,0
cassandra,apache/cassandra/config/DefaultLoader,DefaultLoader,dataset/projects/cassandra/src/java/org/apache/cassandra/config/DefaultLoader.java,C:/Users/ismak/Documents/GitHub/relation_test_code_smell_ML/dataset/projects/cassandra/test/unit/org/apache/cassandra/config/DefaultLoaderTest.java,1,1,1,4,0,1,0,0,0,0,1,1,1,0,1,0,0,0,0,0,0,0,0,0,0,0,0,0,0,0,0,0,0,0,0
cassandra,apache/cassandra/config/DurationSpec,DurationSpec,dataset/projects/cassandra/src/java/org/apache/cassandra/config/DurationSpec.java,C:/Users/ismak/Documents/GitHub/relation_test_code_smell_ML/dataset/projects/cassandra/test/unit/org/apache/cassandra/config/DurationSpecTest.java,1,2,1,8,0,1,0,0,0,1,1,1,1,0,1,0,0,0,0,0,0,0,0,1,0,0,0,0,0,1,1,0,0,1,0
cassandra,apache/cassandra/config/EncryptionOptions,EncryptionOptions,dataset/projects/cassandra/src/java/org/apache/cassandra/config/EncryptionOptions.java,C:/Users/ismak/Documents/GitHub/relation_test_code_smell_ML/dataset/projects/cassandra/test/unit/org/apache/cassandra/config/EncryptionOptionsTest.java,1,9,1,6,1,1,3,1,1,2,1,1,1,0,1,1,0,0,0,0,0,0,0,0,0,0,0,0,0,0,0,0,1,0,0
cassandra,apache/cassandra/config/EncryptionOptionsEquality,EncryptionOptionsEquality,,C:/Users/ismak/Documents/GitHub/relation_test_code_smell_ML/dataset/projects/cassandra/test/unit/org/apache/cassandra/config/EncryptionOptionsEqualityTest.java,0,0,1,4,0,0,0,0,0,0,1,1,1,0,1,0,0,0,0,0,0,0,0,0,0,0,0,0,0,0,0,0,0,0,0
cassandra,apache/cassandra/config/FailStartupDuplicateParams,FailStartupDuplicateParams,,C:/Users/ismak/Documents/GitHub/relation_test_code_smell_ML/dataset/projects/cassandra/test/unit/org/apache/cassandra/config/FailStartupDuplicateParamsTest.java,0,0,1,6,0,0,0,0,0,0,1,1,1,0,0,0,0,0,0,1,0,0,0,0,0,0,0,0,0,0,1,1,0,0,0
cassandra,apache/cassandra/config/GuardrailsOptions,GuardrailsOptions,dataset/projects/cassandra/src/java/org/apache/cassandra/config/GuardrailsOptions.java,,1,2,0,0,0,1,0,0,0,1,0,0,0,0,0,0,0,0,0,0,0,0,0,0,0,0,0,0,0,0,0,0,0,0,0
cassandra,apache/cassandra/config/JMXServerOptions,JMXServerOptions,dataset/projects/cassandra/src/java/org/apache/cassandra/config/JMXServerOptions.java,,1,1,0,0,0,0,1,0,0,0,0,0,0,0,0,0,0,0,0,0,0,0,0,0,0,0,0,0,0,0,0,0,0,0,0
cassandra,apache/cassandra/config/LoadOldYAMLBackwardCompatibility,LoadOldYAMLBackwardCompatibility,,C:/Users/ismak/Documents/GitHub/relation_test_code_smell_ML/dataset/projects/cassandra/test/unit/org/apache/cassandra/config/LoadOldYAMLBackwardCompatibilityTest.java,0,0,1,6,0,0,0,0,0,0,1,1,1,0,1,0,0,0,0,0,0,0,0,0,1,0,0,0,0,0,0,0,0,1,0
cassandra,apache/cassandra/config/Loader,Loader,,C:/Users/ismak/Documents/GitHub/relation_test_code_smell_ML/dataset/projects/cassandra/test/unit/org/apache/cassandra/config/LoaderTest.java,0,0,1,3,0,0,0,0,0,0,1,1,1,0,0,0,0,0,0,0,0,0,0,0,0,0,0,0,0,0,0,0,0,0,0
cassandra,apache/cassandra/config/ParameterizedClass,ParameterizedClass,dataset/projects/cassandra/src/java/org/apache/cassandra/config/ParameterizedClass.java,C:/Users/ismak/Documents/GitHub/relation_test_code_smell_ML/dataset/projects/cassandra/test/unit/org/apache/cassandra/config/ParameterizedClassTest.java,1,1,1,3,0,1,0,0,0,0,1,1,1,0,0,0,0,0,0,0,0,0,0,0,0,0,0,0,0,0,0,0,0,0,0
cassandra,apache/cassandra/config/ParseAndConvertUnits,ParseAndConvertUnits,,C:/Users/ismak/Documents/GitHub/relation_test_code_smell_ML/dataset/projects/cassandra/test/unit/org/apache/cassandra/config/ParseAndConvertUnitsTest.java,0,0,1,6,0,0,0,0,0,0,1,1,1,0,1,1,0,0,0,0,0,0,0,0,0,0,0,0,0,0,0,0,0,1,0
cassandra,apache/cassandra/config/Properties,Properties,,C:/Users/ismak/Documents/GitHub/relation_test_code_smell_ML/dataset/projects/cassandra/test/unit/org/apache/cassandra/config/PropertiesTest.java,0,0,1,6,0,0,0,0,0,0,1,1,1,0,1,1,0,0,0,1,0,0,0,0,0,0,0,0,0,0,0,0,0,0,0
cassandra,apache/cassandra/config/StartupChecksConfiguration,StartupChecksConfiguration,dataset/projects/cassandra/src/java/org/apache/cassandra/config/StartupChecksConfiguration.java,C:/Users/ismak/Documents/GitHub/relation_test_code_smell_ML/dataset/projects/cassandra/test/unit/org/apache/cassandra/config/StartupChecksConfigurationTest.java,1,1,1,7,0,1,0,0,0,0,1,1,1,0,1,1,0,0,0,0,0,0,0,0,1,0,0,0,0,0,0,0,0,1,0
cassandra,apache/cassandra/config/StorageAttachedIndexOptions,StorageAttachedIndexOptions,,C:/Users/ismak/Documents/GitHub/relation_test_code_smell_ML/dataset/projects/cassandra/test/unit/org/apache/cassandra/config/StorageAttachedIndexOptionsTest.java,0,0,1,3,0,0,0,0,0,0,1,1,1,0,0,0,0,0,0,0,0,0,0,0,0,0,0,0,0,0,0,0,0,0,0
cassandra,apache/cassandra/config/YamlConfigurationLoader,YamlConfigurationLoader,dataset/projects/cassandra/src/java/org/apache/cassandra/config/YamlConfigurationLoader.java,C:/Users/ismak/Documents/GitHub/relation_test_code_smell_ML/dataset/projects/cassandra/test/unit/org/apache/cassandra/config/YamlConfigurationLoaderTest.java,1,3,1,8,1,0,0,1,0,1,1,1,1,0,1,1,0,0,0,1,0,0,0,0,0,0,0,0,0,1,0,0,0,1,0
cassandra,apache/cassandra/constraints/AlterTableWithTableConstraintValidation,AlterTableWithTableConstraintValidation,,C:/Users/ismak/Documents/GitHub/relation_test_code_smell_ML/dataset/projects/cassandra/test/unit/org/apache/cassandra/constraints/AlterTableWithTableConstraintValidationTest.java,0,0,1,5,0,0,0,0,0,0,1,1,1,0,0,0,0,0,0,1,0,0,0,0,0,0,0,0,0,0,1,0,0,0,0
cassandra,apache/cassandra/constraints/ColumnConstraints,ColumnConstraints,,C:/Users/ismak/Documents/GitHub/relation_test_code_smell_ML/dataset/projects/cassandra/test/unit/org/apache/cassandra/constraints/ColumnConstraintsTest.java,0,0,1,4,0,0,0,0,0,0,1,1,1,0,0,1,0,0,0,0,0,0,0,0,0,0,0,0,0,0,0,0,0,0,0
cassandra,apache/cassandra/constraints/ConstraintArguments,ConstraintArguments,,C:/Users/ismak/Documents/GitHub/relation_test_code_smell_ML/dataset/projects/cassandra/test/unit/org/apache/cassandra/constraints/ConstraintArgumentsTest.java,0,0,1,6,0,0,0,0,0,0,1,1,1,0,1,0,0,0,0,1,0,0,0,0,0,0,0,0,0,0,0,0,0,1,0
cassandra,apache/cassandra/constraints/ConstraintsProvider,ConstraintsProvider,,C:/Users/ismak/Documents/GitHub/relation_test_code_smell_ML/dataset/projects/cassandra/test/unit/org/apache/cassandra/constraints/ConstraintsProviderTest.java,0,0,1,4,0,0,0,0,0,0,1,1,1,0,1,0,0,0,0,0,0,0,0,0,0,0,0,0,0,0,0,0,0,0,0
cassandra,apache/cassandra/constraints/ConstraintsSatisfiability,ConstraintsSatisfiability,,C:/Users/ismak/Documents/GitHub/relation_test_code_smell_ML/dataset/projects/cassandra/test/unit/org/apache/cassandra/constraints/ConstraintsSatisfiabilityTest.java,0,0,1,6,0,0,0,0,0,0,1,1,1,0,1,0,0,0,0,1,0,0,0,0,0,0,0,0,0,0,1,0,0,0,0
cassandra,apache/cassandra/constraints/CreateTableWithColumnCqlConstraintValidation,CreateTableWithColumnCqlConstraintValidation,,C:/Users/ismak/Documents/GitHub/relation_test_code_smell_ML/dataset/projects/cassandra/test/unit/org/apache/cassandra/constraints/CreateTableWithColumnCqlConstraintValidationTest.java,0,0,1,6,0,0,0,0,0,0,1,1,1,0,1,0,0,0,0,1,0,0,0,0,0,0,0,0,0,0,1,0,0,0,0
cassandra,apache/cassandra/constraints/CreateTableWithColumnNotNullConstraintInvalid,CreateTableWithColumnNotNullConstraintInvalid,,C:/Users/ismak/Documents/GitHub/relation_test_code_smell_ML/dataset/projects/cassandra/test/unit/org/apache/cassandra/constraints/CreateTableWithColumnNotNullConstraintInvalidTest.java,0,0,1,5,0,0,0,0,0,0,1,1,1,0,1,0,0,0,0,1,0,0,0,0,0,0,0,0,0,0,0,0,0,0,0
cassandra,apache/cassandra/constraints/CreateTableWithColumnNotNullConstraintValid,CreateTableWithColumnNotNullConstraintValid,,C:/Users/ismak/Documents/GitHub/relation_test_code_smell_ML/dataset/projects/cassandra/test/unit/org/apache/cassandra/constraints/CreateTableWithColumnNotNullConstraintValidTest.java,0,0,1,4,0,0,0,0,0,0,1,1,1,0,0,0,0,0,0,1,0,0,0,0,0,0,0,0,0,0,0,0,0,0,0
cassandra,apache/cassandra/constraints/CreateTableWithColumnOctetLengthConstraintValidation,CreateTableWithColumnOctetLengthConstraintValidation,,C:/Users/ismak/Documents/GitHub/relation_test_code_smell_ML/dataset/projects/cassandra/test/unit/org/apache/cassandra/constraints/CreateTableWithColumnOctetLengthConstraintValidationTest.java,0,0,1,6,0,0,0,0,0,0,1,1,1,0,1,0,0,0,0,1,0,0,0,0,0,0,0,0,0,0,1,0,0,0,0
cassandra,apache/cassandra/constraints/JsonConstraint,JsonConstraint,,C:/Users/ismak/Documents/GitHub/relation_test_code_smell_ML/dataset/projects/cassandra/test/unit/org/apache/cassandra/constraints/JsonConstraintTest.java,0,0,1,5,0,0,0,0,0,0,1,1,1,0,0,0,0,0,0,1,0,0,0,0,0,0,0,0,0,0,1,0,0,0,0
cassandra,apache/cassandra/constraints/NotNullConstraint,NotNullConstraint,,C:/Users/ismak/Documents/GitHub/relation_test_code_smell_ML/dataset/projects/cassandra/test/unit/org/apache/cassandra/constraints/NotNullConstraintTest.java,0,0,1,5,0,0,0,0,0,0,1,1,1,0,1,0,0,0,0,0,0,0,0,0,0,0,0,0,0,0,1,0,0,0,0
cassandra,apache/cassandra/constraints/RegexpConstraint,RegexpConstraint,,C:/Users/ismak/Documents/GitHub/relation_test_code_smell_ML/dataset/projects/cassandra/test/unit/org/apache/cassandra/constraints/RegexpConstraintTest.java,0,0,1,5,0,0,0,0,0,0,1,1,1,0,0,0,0,0,0,1,0,0,0,0,0,0,0,0,0,0,1,0,0,0,0
cassandra,apache/cassandra/constraints/TimeConstraints,TimeConstraints,,C:/Users/ismak/Documents/GitHub/relation_test_code_smell_ML/dataset/projects/cassandra/test/unit/org/apache/cassandra/constraints/TimeConstraintsTest.java,0,0,1,4,0,0,0,0,0,0,1,1,1,0,1,0,0,0,0,0,0,0,0,0,0,0,0,0,0,0,0,0,0,0,0
cassandra,apache/cassandra/cql3/AlterSchemaStatement,AlterSchemaStatement,,C:/Users/ismak/Documents/GitHub/relation_test_code_smell_ML/dataset/projects/cassandra/test/unit/org/apache/cassandra/cql3/AlterSchemaStatementTest.java,0,0,1,6,0,0,0,0,0,0,1,1,1,0,1,1,0,0,0,1,0,0,0,0,0,0,0,0,0,0,0,0,0,0,0
cassandra,apache/cassandra/cql3/AlterSchemaStatementNoOp,AlterSchemaStatementNoOp,,C:/Users/ismak/Documents/GitHub/relation_test_code_smell_ML/dataset/projects/cassandra/test/unit/org/apache/cassandra/cql3/AlterSchemaStatementNoOpTest.java,0,0,1,4,0,0,0,0,0,0,1,1,1,0,0,0,0,0,0,1,0,0,0,0,0,0,0,0,0,0,0,0,0,0,0
cassandra,apache/cassandra/cql3/AssignmentTestable,AssignmentTestable,,C:/Users/ismak/Documents/GitHub/relation_test_code_smell_ML/dataset/projects/cassandra/test/unit/org/apache/cassandra/cql3/AssignmentTestableTest.java,0,0,1,4,0,0,0,0,0,0,1,1,1,0,0,0,0,0,0,0,0,0,0,0,0,0,0,0,0,0,1,0,0,0,0
cassandra,apache/cassandra/cql3/Attributes,Attributes,dataset/projects/cassandra/src/java/org/apache/cassandra/cql3/Attributes.java,,1,1,0,0,0,1,0,0,0,0,0,0,0,0,0,0,0,0,0,0,0,0,0,0,0,0,0,0,0,0,0,0,0,0,0
cassandra,apache/cassandra/cql3/Batch,Batch,,C:/Users/ismak/Documents/GitHub/relation_test_code_smell_ML/dataset/projects/cassandra/test/unit/org/apache/cassandra/cql3/BatchTest.java,0,0,1,4,0,0,0,0,0,0,1,1,1,0,0,1,0,0,0,0,0,0,0,0,0,0,0,0,0,0,0,0,0,0,0
cassandra,apache/cassandra/cql3/CDCStatement,CDCStatement,,C:/Users/ismak/Documents/GitHub/relation_test_code_smell_ML/dataset/projects/cassandra/test/unit/org/apache/cassandra/cql3/CDCStatementTest.java,0,0,1,4,0,0,0,0,0,0,1,1,1,0,1,0,0,0,0,0,0,0,0,0,0,0,0,0,0,0,0,0,0,0,0
cassandra,apache/cassandra/cql3/CIDR,CIDR,dataset/projects/cassandra/src/java/org/apache/cassandra/cql3/CIDR.java,C:/Users/ismak/Documents/GitHub/relation_test_code_smell_ML/dataset/projects/cassandra/test/unit/org/apache/cassandra/cql3/CIDRTest.java,1,1,1,8,0,1,0,0,0,0,1,1,1,0,1,0,0,0,0,1,0,0,0,0,1,0,0,0,0,1,0,0,0,1,0
cassandra,apache/cassandra/cql3/CQL3Type,CQL3Type,dataset/projects/cassandra/src/java/org/apache/cassandra/cql3/CQL3Type.java,,1,5,0,0,0,3,0,1,0,1,0,0,0,0,0,0,0,0,0,0,0,0,0,0,0,0,0,0,0,0,0,0,0,0,0
cassandra,apache/cassandra/cql3/CQLTester,CQLTester,,C:/Users/ismak/Documents/GitHub/relation_test_code_smell_ML/dataset/projects/cassandra/test/unit/org/apache/cassandra/cql3/CQLTesterTest.java,0,0,1,5,0,0,0,0,0,0,1,1,1,0,0,0,0,0,0,0,0,0,0,0,0,0,0,0,0,0,1,1,0,0,0
cassandra,apache/cassandra/cql3/ColumnIdentifier,ColumnIdentifier,dataset/projects/cassandra/src/java/org/apache/cassandra/cql3/ColumnIdentifier.java,C:/Users/ismak/Documents/GitHub/relation_test_code_smell_ML/dataset/projects/cassandra/test/unit/org/apache/cassandra/cql3/ColumnIdentifierTest.java,1,1,1,8,0,0,0,0,0,1,1,1,1,0,1,1,0,0,0,0,0,0,0,0,1,0,0,0,0,1,0,0,0,1,0
cassandra,apache/cassandra/cql3/ColumnSpecification,ColumnSpecification,,C:/Users/ismak/Documents/GitHub/relation_test_code_smell_ML/dataset/projects/cassandra/test/unit/org/apache/cassandra/cql3/ColumnSpecificationTest.java,0,0,1,4,0,0,0,0,0,0,1,1,1,0,0,0,0,0,0,0,0,0,0,0,0,0,0,0,0,0,1,0,0,0,0
cassandra,apache/cassandra/cql3/ColumnsExpression,ColumnsExpression,dataset/projects/cassandra/src/java/org/apache/cassandra/cql3/ColumnsExpression.java,,1,2,0,0,0,0,0,0,0,2,0,0,0,0,0,0,0,0,0,0,0,0,0,0,0,0,0,0,0,0,0,0,0,0,0
cassandra,apache/cassandra/cql3/CommentAndSecurityLabelClient,CommentAndSecurityLabelClient,,C:/Users/ismak/Documents/GitHub/relation_test_code_smell_ML/dataset/projects/cassandra/test/unit/org/apache/cassandra/cql3/CommentAndSecurityLabelClientTest.java,0,0,1,5,0,0,0,0,0,0,1,1,1,0,0,0,0,0,0,1,0,0,0,0,0,0,0,0,0,0,1,0,0,0,0
cassandra,apache/cassandra/cql3/Corruption,Corruption,,C:/Users/ismak/Documents/GitHub/relation_test_code_smell_ML/dataset/projects/cassandra/test/long/org/apache/cassandra/cql3/CorruptionTest.java,0,0,1,6,0,0,0,0,0,0,1,1,1,0,0,1,0,0,0,1,0,0,0,0,0,0,0,0,0,0,1,0,0,0,0
cassandra,apache/cassandra/cql3/CqlBuilder,CqlBuilder,dataset/projects/cassandra/src/java/org/apache/cassandra/cql3/CqlBuilder.java,,1,1,0,0,0,0,0,0,0,1,0,0,0,0,0,0,0,0,0,0,0,0,0,0,0,0,0,0,0,0,0,0,0,0,0
cassandra,apache/cassandra/cql3/CqlParser,CqlParser,,C:/Users/ismak/Documents/GitHub/relation_test_code_smell_ML/dataset/projects/cassandra/test/unit/org/apache/cassandra/cql3/CqlParserTest.java,0,0,1,7,0,0,0,0,0,0,1,1,1,0,1,0,0,0,0,1,0,0,0,0,0,0,0,0,0,0,1,0,0,1,0
cassandra,apache/cassandra/cql3/CustomNowInSeconds,CustomNowInSeconds,,C:/Users/ismak/Documents/GitHub/relation_test_code_smell_ML/dataset/projects/cassandra/test/unit/org/apache/cassandra/cql3/CustomNowInSecondsTest.java,0,0,1,8,0,0,0,0,0,0,1,1,1,0,1,1,0,0,0,0,0,0,0,0,0,0,0,0,0,0,1,1,0,1,0
cassandra,apache/cassandra/cql3/DecoratedKeyPrefixes,DecoratedKeyPrefixes,,C:/Users/ismak/Documents/GitHub/relation_test_code_smell_ML/dataset/projects/cassandra/test/unit/org/apache/cassandra/cql3/DecoratedKeyPrefixesTest.java,0,0,1,7,0,0,0,0,0,0,1,1,1,0,0,1,0,0,0,1,0,0,0,0,0,0,0,0,0,0,0,1,0,1,0
cassandra,apache/cassandra/cql3/Delete,Delete,,C:/Users/ismak/Documents/GitHub/relation_test_code_smell_ML/dataset/projects/cassandra/test/unit/org/apache/cassandra/cql3/DeleteTest.java,0,0,1,7,0,0,0,0,0,0,1,1,1,0,1,1,0,0,0,0,1,0,0,0,0,0,0,0,0,1,0,0,0,0,0
cassandra,apache/cassandra/cql3/DistinctQueryPaging,DistinctQueryPaging,,C:/Users/ismak/Documents/GitHub/relation_test_code_smell_ML/dataset/projects/cassandra/test/unit/org/apache/cassandra/cql3/DistinctQueryPagingTest.java,0,0,1,10,0,0,0,0,0,0,1,1,1,0,1,1,0,0,0,1,0,0,0,0,0,0,0,0,0,1,1,1,0,1,0
cassandra,apache/cassandra/cql3/Duration,Duration,dataset/projects/cassandra/src/java/org/apache/cassandra/cql3/Duration.java,C:/Users/ismak/Documents/GitHub/relation_test_code_smell_ML/dataset/projects/cassandra/test/unit/org/apache/cassandra/cql3/DurationTest.java,1,6,1,7,0,3,0,1,0,2,1,1,1,0,1,0,0,0,0,1,0,0,0,0,0,0,0,0,0,1,0,0,0,1,0
cassandra,apache/cassandra/cql3/EarlyOpenCompaction,EarlyOpenCompaction,,C:/Users/ismak/Documents/GitHub/relation_test_code_smell_ML/dataset/projects/cassandra/test/unit/org/apache/cassandra/cql3/EarlyOpenCompactionTest.java,0,0,1,8,0,0,0,0,0,0,1,1,1,0,0,1,0,0,0,1,0,0,1,0,0,0,1,0,0,0,0,0,0,1,0
cassandra,apache/cassandra/cql3/EmptyValues,EmptyValues,,C:/Users/ismak/Documents/GitHub/relation_test_code_smell_ML/dataset/projects/cassandra/test/unit/org/apache/cassandra/cql3/EmptyValuesTest.java,0,0,1,5,0,0,0,0,0,0,1,1,1,0,0,0,0,0,0,1,0,0,0,0,0,0,0,0,0,0,1,0,0,0,0
cassandra,apache/cassandra/cql3/ErrorCollector,ErrorCollector,,C:/Users/ismak/Documents/GitHub/relation_test_code_smell_ML/dataset/projects/cassandra/test/unit/org/apache/cassandra/cql3/ErrorCollectorTest.java,0,0,1,4,0,0,0,0,0,0,1,1,1,0,0,0,0,0,0,0,0,0,0,0,1,0,0,0,0,0,0,0,0,0,0
cassandra,apache/cassandra/cql3/GcCompaction,GcCompaction,,C:/Users/ismak/Documents/GitHub/relation_test_code_smell_ML/dataset/projects/cassandra/test/unit/org/apache/cassandra/cql3/GcCompactionTest.java,0,0,1,10,0,0,0,0,0,0,1,1,1,0,1,1,0,0,0,1,0,0,0,0,0,0,1,0,0,1,1,0,0,1,0
cassandra,apache/cassandra/cql3/IndexQueryPaging,IndexQueryPaging,,C:/Users/ismak/Documents/GitHub/relation_test_code_smell_ML/dataset/projects/cassandra/test/unit/org/apache/cassandra/cql3/IndexQueryPagingTest.java,0,0,1,6,0,0,0,0,0,0,1,1,1,0,0,1,0,0,0,1,0,0,0,0,0,0,0,0,0,0,1,0,0,0,0
cassandra,apache/cassandra/cql3/Json,Json,dataset/projects/cassandra/src/java/org/apache/cassandra/cql3/Json.java,,1,1,0,0,0,1,0,0,0,0,0,0,0,0,0,0,0,0,0,0,0,0,0,0,0,0,0,0,0,0,0,0,0,0,0
cassandra,apache/cassandra/cql3/KeyCacheCql,KeyCacheCql,,C:/Users/ismak/Documents/GitHub/relation_test_code_smell_ML/dataset/projects/cassandra/test/unit/org/apache/cassandra/cql3/KeyCacheCqlTest.java,0,0,1,6,0,0,0,0,0,0,1,1,1,0,0,0,0,0,0,1,0,0,0,0,0,0,0,0,0,0,1,1,0,0,0
cassandra,apache/cassandra/cql3/KeywordSplit,KeywordSplit,,C:/Users/ismak/Documents/GitHub/relation_test_code_smell_ML/dataset/projects/cassandra/test/unit/org/apache/cassandra/cql3/KeywordSplitTest.java,0,0,1,4,0,0,0,0,0,0,1,1,1,0,0,0,1,0,0,0,0,0,0,0,0,0,0,0,0,0,0,0,0,0,0
cassandra,apache/cassandra/cql3/KeywordSplit1,KeywordSplit1,,C:/Users/ismak/Documents/GitHub/relation_test_code_smell_ML/dataset/projects/cassandra/test/unit/org/apache/cassandra/cql3/KeywordSplit1Test.java,0,0,1,4,0,0,0,0,0,0,1,1,1,0,0,0,1,0,0,0,0,0,0,0,0,0,0,0,0,0,0,0,0,0,0
cassandra,apache/cassandra/cql3/ManyRows,ManyRows,,C:/Users/ismak/Documents/GitHub/relation_test_code_smell_ML/dataset/projects/cassandra/test/long/org/apache/cassandra/cql3/ManyRowsTest.java,0,0,1,5,0,0,0,0,0,0,1,1,1,0,0,1,0,0,0,1,0,0,0,0,0,0,0,0,0,0,0,0,0,0,0
cassandra,apache/cassandra/cql3/NodeLocalConsistency,NodeLocalConsistency,,C:/Users/ismak/Documents/GitHub/relation_test_code_smell_ML/dataset/projects/cassandra/test/unit/org/apache/cassandra/cql3/NodeLocalConsistencyTest.java,0,0,1,5,0,0,0,0,0,0,1,1,1,0,1,0,0,0,0,0,0,0,0,0,0,0,0,0,0,0,0,0,0,1,0
cassandra,apache/cassandra/cql3/NonNativeTimestamp,NonNativeTimestamp,,C:/Users/ismak/Documents/GitHub/relation_test_code_smell_ML/dataset/projects/cassandra/test/unit/org/apache/cassandra/cql3/NonNativeTimestampTest.java,0,0,1,6,0,0,0,0,0,0,1,1,1,0,1,0,0,0,0,1,0,0,0,0,0,0,0,0,0,0,0,0,0,1,0
cassandra,apache/cassandra/cql3/Operation,Operation,dataset/projects/cassandra/src/java/org/apache/cassandra/cql3/Operation.java,,1,3,0,0,0,3,0,0,0,0,0,0,0,0,0,0,0,0,0,0,0,0,0,0,0,0,0,0,0,0,0,0,0,0,0
cassandra,apache/cassandra/cql3/Operations,Operations,dataset/projects/cassandra/src/java/org/apache/cassandra/cql3/Operations.java,,1,1,0,0,0,0,0,0,0,1,0,0,0,0,0,0,0,0,0,0,0,0,0,0,0,0,0,0,0,0,0,0,0,0,0
cassandra,apache/cassandra/cql3/Operator,Operator,dataset/projects/cassandra/src/java/org/apache/cassandra/cql3/Operator.java,,1,2,0,0,1,1,0,0,0,0,0,0,0,0,0,0,0,0,0,0,0,0,0,0,0,0,0,0,0,0,0,0,0,0,0
cassandra,apache/cassandra/cql3/OutOfSpace,OutOfSpace,,C:/Users/ismak/Documents/GitHub/relation_test_code_smell_ML/dataset/projects/cassandra/test/unit/org/apache/cassandra/cql3/OutOfSpaceTest.java,0,0,1,6,0,0,0,0,0,0,1,1,1,0,1,0,0,0,0,1,0,0,0,0,0,0,0,0,0,0,1,0,0,0,0
cassandra,apache/cassandra/cql3/Paging,Paging,,C:/Users/ismak/Documents/GitHub/relation_test_code_smell_ML/dataset/projects/cassandra/test/unit/org/apache/cassandra/cql3/PagingTest.java,0,0,1,7,0,0,0,0,0,0,1,1,1,0,1,1,0,0,0,1,0,0,0,0,0,0,1,0,0,0,0,0,0,0,0
cassandra,apache/cassandra/cql3/PagingQuery,PagingQuery,,C:/Users/ismak/Documents/GitHub/relation_test_code_smell_ML/dataset/projects/cassandra/test/unit/org/apache/cassandra/cql3/PagingQueryTest.java,0,0,1,9,0,0,0,0,0,0,1,1,1,0,1,1,0,0,0,1,0,0,0,0,1,0,0,0,0,1,0,0,0,1,0
cassandra,apache/cassandra/cql3/PasswordObfuscator,PasswordObfuscator,,C:/Users/ismak/Documents/GitHub/relation_test_code_smell_ML/dataset/projects/cassandra/test/unit/org/apache/cassandra/cql3/PasswordObfuscatorTest.java,0,0,1,7,0,0,0,0,0,0,1,1,1,0,1,1,0,0,0,1,0,0,0,0,1,0,0,0,0,0,0,0,0,0,0
cassandra,apache/cassandra/cql3/PreparedStatements,PreparedStatements,,C:/Users/ismak/Documents/GitHub/relation_test_code_smell_ML/dataset/projects/cassandra/test/unit/org/apache/cassandra/cql3/PreparedStatementsTest.java,0,0,1,10,0,0,0,0,0,0,1,1,1,0,1,1,0,0,0,1,0,0,0,0,0,0,0,0,0,1,1,1,0,1,0
cassandra,apache/cassandra/cql3/PstmtPersistence,PstmtPersistence,,C:/Users/ismak/Documents/GitHub/relation_test_code_smell_ML/dataset/projects/cassandra/test/unit/org/apache/cassandra/cql3/PstmtPersistenceTest.java,0,0,1,7,0,0,0,0,0,0,1,1,1,0,1,1,0,0,0,1,0,0,0,0,0,0,0,0,0,0,0,0,0,1,0
cassandra,apache/cassandra/cql3/QueryEvents,QueryEvents,dataset/projects/cassandra/src/java/org/apache/cassandra/cql3/QueryEvents.java,C:/Users/ismak/Documents/GitHub/relation_test_code_smell_ML/dataset/projects/cassandra/test/unit/org/apache/cassandra/cql3/QueryEventsTest.java,1,1,1,7,0,0,0,0,0,1,1,1,1,0,1,0,0,0,0,1,0,0,0,0,0,0,0,0,0,1,0,0,0,1,0
cassandra,apache/cassandra/cql3/QueryOptions,QueryOptions,dataset/projects/cassandra/src/java/org/apache/cassandra/cql3/QueryOptions.java,,1,4,0,0,1,2,0,0,0,1,0,0,0,0,0,0,0,0,0,0,0,0,0,0,0,0,0,0,0,0,0,0,0,0,0
cassandra,apache/cassandra/cql3/QueryOptionsFlags,QueryOptionsFlags,,C:/Users/ismak/Documents/GitHub/relation_test_code_smell_ML/dataset/projects/cassandra/test/unit/org/apache/cassandra/cql3/QueryOptionsFlagsTest.java,0,0,1,5,0,0,0,0,0,0,1,1,1,0,1,1,0,0,0,0,0,0,0,0,0,0,0,0,0,0,0,0,0,0,0
cassandra,apache/cassandra/cql3/QueryProcessor,QueryProcessor,dataset/projects/cassandra/src/java/org/apache/cassandra/cql3/QueryProcessor.java,,1,6,0,0,1,2,0,1,0,2,0,0,0,0,0,0,0,0,0,0,0,0,0,0,0,0,0,0,0,0,0,0,0,0,0
cassandra,apache/cassandra/cql3/QueryWithIndexedSSTable,QueryWithIndexedSSTable,,C:/Users/ismak/Documents/GitHub/relation_test_code_smell_ML/dataset/projects/cassandra/test/unit/org/apache/cassandra/cql3/QueryWithIndexedSSTableTest.java,0,0,1,5,0,0,0,0,0,0,1,1,1,0,0,1,0,0,0,1,0,0,0,0,0,0,0,0,0,0,0,0,0,0,0
cassandra,apache/cassandra/cql3/RandomSchema,RandomSchema,,C:/Users/ismak/Documents/GitHub/relation_test_code_smell_ML/dataset/projects/cassandra/test/unit/org/apache/cassandra/cql3/RandomSchemaTest.java,0,0,1,5,0,0,0,0,0,0,1,1,1,0,0,1,0,0,0,1,0,0,0,0,0,0,0,0,0,0,0,0,0,0,0
cassandra,apache/cassandra/cql3/RangeTombstoneBoundary,RangeTombstoneBoundary,,C:/Users/ismak/Documents/GitHub/relation_test_code_smell_ML/dataset/projects/cassandra/test/unit/org/apache/cassandra/cql3/RangeTombstoneBoundaryTest.java,0,0,1,6,0,0,0,0,0,0,1,1,1,0,1,1,0,0,0,0,0,0,0,0,0,0,0,0,0,0,0,0,0,1,0
cassandra,apache/cassandra/cql3/Relation,Relation,dataset/projects/cassandra/src/java/org/apache/cassandra/cql3/Relation.java,C:/Users/ismak/Documents/GitHub/relation_test_code_smell_ML/dataset/projects/cassandra/test/unit/org/apache/cassandra/cql3/RelationTest.java,1,2,1,4,0,1,0,0,0,1,1,1,1,0,1,0,0,0,0,0,0,0,0,0,0,0,0,0,0,0,0,0,0,0,0
cassandra,apache/cassandra/cql3/ReservedKeywords,ReservedKeywords,,C:/Users/ismak/Documents/GitHub/relation_test_code_smell_ML/dataset/projects/cassandra/test/unit/org/apache/cassandra/cql3/ReservedKeywordsTest.java,0,0,1,4,0,0,0,0,0,0,1,1,1,0,0,1,0,0,0,0,0,0,0,0,0,0,0,0,0,0,0,0,0,0,0
cassandra,apache/cassandra/cql3/ResultSet,ResultSet,dataset/projects/cassandra/src/java/org/apache/cassandra/cql3/ResultSet.java,,1,2,0,0,1,0,0,0,0,1,0,0,0,0,0,0,0,0,0,0,0,0,0,0,0,0,0,0,0,0,0,0,0,0,0
cassandra,apache/cassandra/cql3/RowUpdateBuilder,RowUpdateBuilder,dataset/projects/cassandra/src/java/org/apache/cassandra/cql3/RowUpdateBuilder.java,,1,2,0,0,1,0,0,0,0,1,0,0,0,0,0,0,0,0,0,0,0,0,0,0,0,0,0,0,0,0,0,0,0,0,0
cassandra,apache/cassandra/cql3/SecondaryIndexSSTableExport,SecondaryIndexSSTableExport,,C:/Users/ismak/Documents/GitHub/relation_test_code_smell_ML/dataset/projects/cassandra/test/unit/org/apache/cassandra/cql3/SecondaryIndexSSTableExportTest.java,0,0,1,5,0,0,0,0,0,0,1,1,1,0,0,0,0,0,0,1,0,0,0,0,0,0,0,0,0,0,1,0,0,0,0
cassandra,apache/cassandra/cql3/SerializationMirror,SerializationMirror,,C:/Users/ismak/Documents/GitHub/relation_test_code_smell_ML/dataset/projects/cassandra/test/unit/org/apache/cassandra/cql3/SerializationMirrorTest.java,0,0,1,5,0,0,0,0,0,0,1,1,1,0,0,1,0,0,0,1,0,0,0,0,0,0,0,0,0,0,0,0,0,0,0
cassandra,apache/cassandra/cql3/SimpleCAS,SimpleCAS,,C:/Users/ismak/Documents/GitHub/relation_test_code_smell_ML/dataset/projects/cassandra/test/unit/org/apache/cassandra/cql3/SimpleCASTest.java,0,0,1,4,0,0,0,0,0,0,1,1,1,0,0,0,0,0,0,0,0,0,0,0,0,0,0,0,0,0,1,0,0,0,0
cassandra,apache/cassandra/cql3/SimpleQuery,SimpleQuery,,C:/Users/ismak/Documents/GitHub/relation_test_code_smell_ML/dataset/projects/cassandra/test/unit/org/apache/cassandra/cql3/SimpleQueryTest.java,0,0,1,6,0,0,0,0,0,0,1,1,1,0,0,1,0,0,0,1,0,0,0,1,0,0,0,0,0,0,0,0,0,0,0
cassandra,apache/cassandra/cql3/StatementSource,StatementSource,,C:/Users/ismak/Documents/GitHub/relation_test_code_smell_ML/dataset/projects/cassandra/test/unit/org/apache/cassandra/cql3/StatementSourceTest.java,0,0,1,5,0,0,0,0,0,0,1,1,1,0,1,0,0,0,0,0,0,0,0,0,1,0,0,0,0,0,0,0,0,0,0
cassandra,apache/cassandra/cql3/SystemKeyspaceQuery,SystemKeyspaceQuery,,C:/Users/ismak/Documents/GitHub/relation_test_code_smell_ML/dataset/projects/cassandra/test/unit/org/apache/cassandra/cql3/SystemKeyspaceQueryTest.java,0,0,1,3,0,0,0,0,0,0,1,1,1,0,0,0,0,0,0,0,0,0,0,0,0,0,0,0,0,0,0,0,0,0,0
cassandra,apache/cassandra/cql3/SystemKeyspaceTablesNames,SystemKeyspaceTablesNames,,C:/Users/ismak/Documents/GitHub/relation_test_code_smell_ML/dataset/projects/cassandra/test/unit/org/apache/cassandra/cql3/SystemKeyspaceTablesNamesTest.java,0,0,1,3,0,0,0,0,0,0,1,1,1,0,0,0,0,0,0,0,0,0,0,0,0,0,0,0,0,0,0,0,0,0,0
cassandra,apache/cassandra/cql3/TombstonesWithIndexedSSTable,TombstonesWithIndexedSSTable,,C:/Users/ismak/Documents/GitHub/relation_test_code_smell_ML/dataset/projects/cassandra/test/unit/org/apache/cassandra/cql3/TombstonesWithIndexedSSTableTest.java,0,0,1,6,0,0,0,0,0,0,1,1,1,0,0,1,0,0,0,1,0,0,0,0,0,0,0,0,0,0,1,0,0,0,0
cassandra,apache/cassandra/cql3/TraceCql,TraceCql,,C:/Users/ismak/Documents/GitHub/relation_test_code_smell_ML/dataset/projects/cassandra/test/unit/org/apache/cassandra/cql3/TraceCqlTest.java,0,0,1,7,0,0,0,0,0,0,1,1,1,0,1,0,0,0,0,1,1,0,0,0,0,0,0,0,0,1,0,0,0,0,0
cassandra,apache/cassandra/cql3/UntypedResultSet,UntypedResultSet,dataset/projects/cassandra/src/java/org/apache/cassandra/cql3/UntypedResultSet.java,C:/Users/ismak/Documents/GitHub/relation_test_code_smell_ML/dataset/projects/cassandra/test/unit/org/apache/cassandra/cql3/UntypedResultSetTest.java,1,2,1,4,1,0,0,0,0,1,1,1,1,0,1,0,0,0,0,0,0,0,0,0,0,0,0,0,0,0,0,0,0,0,0
cassandra,apache/cassandra/cql3/View,View,,C:/Users/ismak/Documents/GitHub/relation_test_code_smell_ML/dataset/projects/cassandra/test/unit/org/apache/cassandra/cql3/ViewTest.java,0,0,1,11,0,0,0,0,0,0,1,1,1,0,1,1,0,0,0,1,0,0,0,1,0,0,0,0,0,1,1,1,0,1,0
cassandra,apache/cassandra/cql3/ViewAbstract,ViewAbstract,,C:/Users/ismak/Documents/GitHub/relation_test_code_smell_ML/dataset/projects/cassandra/test/unit/org/apache/cassandra/cql3/ViewAbstractTest.java,0,0,1,4,0,0,0,0,0,0,1,1,1,0,0,0,0,0,0,0,0,0,0,0,0,0,0,0,0,0,0,1,0,0,0
cassandra,apache/cassandra/cql3/ViewAbstractParameterized,ViewAbstractParameterized,,C:/Users/ismak/Documents/GitHub/relation_test_code_smell_ML/dataset/projects/cassandra/test/unit/org/apache/cassandra/cql3/ViewAbstractParameterizedTest.java,0,0,1,4,0,0,0,0,0,0,1,1,1,0,0,0,0,0,0,0,0,0,0,0,0,0,0,0,0,0,0,1,0,0,0
cassandra,apache/cassandra/cql3/ViewCompaction,ViewCompaction,,C:/Users/ismak/Documents/GitHub/relation_test_code_smell_ML/dataset/projects/cassandra/test/unit/org/apache/cassandra/cql3/ViewCompactionTest.java,0,0,1,4,0,0,0,0,0,0,1,1,1,0,0,0,0,0,0,1,0,0,0,0,0,0,0,0,0,0,0,0,0,0,0
cassandra,apache/cassandra/cql3/ViewComplex,ViewComplex,,C:/Users/ismak/Documents/GitHub/relation_test_code_smell_ML/dataset/projects/cassandra/test/unit/org/apache/cassandra/cql3/ViewComplexTest.java,0,0,1,6,0,0,0,0,0,0,1,1,1,0,0,0,0,0,0,1,0,0,0,0,0,0,0,0,0,0,1,1,0,0,0
cassandra,apache/cassandra/cql3/ViewComplexDeletions,ViewComplexDeletions,,C:/Users/ismak/Documents/GitHub/relation_test_code_smell_ML/dataset/projects/cassandra/test/unit/org/apache/cassandra/cql3/ViewComplexDeletionsTest.java,0,0,1,6,0,0,0,0,0,0,1,1,1,0,0,0,0,0,0,1,0,0,0,0,0,0,0,0,0,0,1,1,0,0,0
cassandra,apache/cassandra/cql3/ViewComplexDeletionsPartial,ViewComplexDeletionsPartial,,C:/Users/ismak/Documents/GitHub/relation_test_code_smell_ML/dataset/projects/cassandra/test/unit/org/apache/cassandra/cql3/ViewComplexDeletionsPartialTest.java,0,0,1,6,0,0,0,0,0,0,1,1,1,0,0,0,0,0,0,1,0,0,0,0,0,0,0,0,0,0,1,1,0,0,0
cassandra,apache/cassandra/cql3/ViewComplexLiveness,ViewComplexLiveness,,C:/Users/ismak/Documents/GitHub/relation_test_code_smell_ML/dataset/projects/cassandra/test/unit/org/apache/cassandra/cql3/ViewComplexLivenessTest.java,0,0,1,10,0,0,0,0,0,0,1,1,1,0,1,0,0,0,0,1,0,0,0,0,0,0,1,0,0,1,1,1,0,1,0
cassandra,apache/cassandra/cql3/ViewComplexLivenessLimit,ViewComplexLivenessLimit,,C:/Users/ismak/Documents/GitHub/relation_test_code_smell_ML/dataset/projects/cassandra/test/unit/org/apache/cassandra/cql3/ViewComplexLivenessLimitTest.java,0,0,1,6,0,0,0,0,0,0,1,1,1,0,0,0,0,0,0,1,0,0,0,0,0,0,0,0,0,0,1,1,0,0,0
cassandra,apache/cassandra/cql3/ViewComplexTTL,ViewComplexTTL,,C:/Users/ismak/Documents/GitHub/relation_test_code_smell_ML/dataset/projects/cassandra/test/unit/org/apache/cassandra/cql3/ViewComplexTTLTest.java,0,0,1,7,0,0,0,0,0,0,1,1,1,0,0,0,0,0,0,1,0,0,0,0,0,0,1,0,0,0,1,1,0,0,0
cassandra,apache/cassandra/cql3/ViewComplexTombstone,ViewComplexTombstone,,C:/Users/ismak/Documents/GitHub/relation_test_code_smell_ML/dataset/projects/cassandra/test/unit/org/apache/cassandra/cql3/ViewComplexTombstoneTest.java,0,0,1,6,0,0,0,0,0,0,1,1,1,0,0,0,0,0,0,1,0,0,0,0,0,0,0,0,0,0,1,1,0,0,0
cassandra,apache/cassandra/cql3/ViewComplexUpdates,ViewComplexUpdates,,C:/Users/ismak/Documents/GitHub/relation_test_code_smell_ML/dataset/projects/cassandra/test/unit/org/apache/cassandra/cql3/ViewComplexUpdatesTest.java,0,0,1,6,0,0,0,0,0,0,1,1,1,0,0,0,0,0,0,1,0,0,0,0,0,0,0,0,0,0,1,1,0,0,0
cassandra,apache/cassandra/cql3/ViewFiltering1,ViewFiltering1,,C:/Users/ismak/Documents/GitHub/relation_test_code_smell_ML/dataset/projects/cassandra/test/unit/org/apache/cassandra/cql3/ViewFiltering1Test.java,0,0,1,8,0,0,0,0,0,0,1,1,1,0,1,1,0,0,0,1,0,0,0,0,0,1,0,0,0,0,0,1,0,0,0
cassandra,apache/cassandra/cql3/ViewFiltering2,ViewFiltering2,,C:/Users/ismak/Documents/GitHub/relation_test_code_smell_ML/dataset/projects/cassandra/test/unit/org/apache/cassandra/cql3/ViewFiltering2Test.java,0,0,1,8,0,0,0,0,0,0,1,1,1,0,1,1,0,0,0,1,0,0,0,0,0,0,0,0,0,0,1,0,0,1,0
cassandra,apache/cassandra/cql3/ViewFilteringClustering1,ViewFilteringClustering1,,C:/Users/ismak/Documents/GitHub/relation_test_code_smell_ML/dataset/projects/cassandra/test/unit/org/apache/cassandra/cql3/ViewFilteringClustering1Test.java,0,0,1,5,0,0,0,0,0,0,1,1,1,0,0,1,0,0,0,1,0,0,0,0,0,0,0,0,0,0,0,0,0,0,0
cassandra,apache/cassandra/cql3/ViewFilteringClustering2,ViewFilteringClustering2,,C:/Users/ismak/Documents/GitHub/relation_test_code_smell_ML/dataset/projects/cassandra/test/unit/org/apache/cassandra/cql3/ViewFilteringClustering2Test.java,0,0,1,5,0,0,0,0,0,0,1,1,1,0,0,1,0,0,0,1,0,0,0,0,0,0,0,0,0,0,0,0,0,0,0
cassandra,apache/cassandra/cql3/ViewFilteringComplexPK,ViewFilteringComplexPK,,C:/Users/ismak/Documents/GitHub/relation_test_code_smell_ML/dataset/projects/cassandra/test/unit/org/apache/cassandra/cql3/ViewFilteringComplexPKTest.java,0,0,1,5,0,0,0,0,0,0,1,1,1,0,0,1,0,0,0,1,0,0,0,0,0,0,0,0,0,0,0,0,0,0,0
cassandra,apache/cassandra/cql3/ViewFilteringSimplePK,ViewFilteringSimplePK,,C:/Users/ismak/Documents/GitHub/relation_test_code_smell_ML/dataset/projects/cassandra/test/unit/org/apache/cassandra/cql3/ViewFilteringSimplePKTest.java,0,0,1,5,0,0,0,0,0,0,1,1,1,0,0,1,0,0,0,1,0,0,0,0,0,0,0,0,0,0,0,0,0,0,0
cassandra,apache/cassandra/cql3/ViewLong,ViewLong,,C:/Users/ismak/Documents/GitHub/relation_test_code_smell_ML/dataset/projects/cassandra/test/long/org/apache/cassandra/cql3/ViewLongTest.java,0,0,1,7,0,0,0,0,0,0,1,1,1,0,0,1,0,0,0,1,0,0,0,0,0,0,0,0,0,0,1,1,0,0,0
cassandra,apache/cassandra/cql3/ViewPK,ViewPK,,C:/Users/ismak/Documents/GitHub/relation_test_code_smell_ML/dataset/projects/cassandra/test/unit/org/apache/cassandra/cql3/ViewPKTest.java,0,0,1,9,0,0,0,0,0,0,1,1,1,0,1,1,0,0,0,1,0,0,0,0,0,0,0,0,0,1,1,0,0,1,0
cassandra,apache/cassandra/cql3/ViewRanges,ViewRanges,,C:/Users/ismak/Documents/GitHub/relation_test_code_smell_ML/dataset/projects/cassandra/test/unit/org/apache/cassandra/cql3/ViewRangesTest.java,0,0,1,9,0,0,0,0,0,0,1,1,1,0,1,1,0,0,0,1,0,0,0,0,0,0,0,0,0,1,1,0,0,1,0
cassandra,apache/cassandra/cql3/ViewSchema,ViewSchema,,C:/Users/ismak/Documents/GitHub/relation_test_code_smell_ML/dataset/projects/cassandra/test/unit/org/apache/cassandra/cql3/ViewSchemaTest.java,0,0,1,10,0,0,0,0,0,0,1,1,1,0,1,1,0,0,0,1,0,0,0,0,0,1,0,0,0,1,1,1,0,0,0
cassandra,apache/cassandra/cql3/ViewTimes,ViewTimes,,C:/Users/ismak/Documents/GitHub/relation_test_code_smell_ML/dataset/projects/cassandra/test/unit/org/apache/cassandra/cql3/ViewTimesTest.java,0,0,1,9,0,0,0,0,0,0,1,1,1,0,1,1,0,0,0,1,0,0,0,0,0,0,1,0,0,0,1,0,0,1,0
cassandra,apache/cassandra/db/AbstractMutationVerbHandler,AbstractMutationVerbHandler,dataset/projects/cassandra/src/java/org/apache/cassandra/db/AbstractMutationVerbHandler.java,,1,1,0,0,0,1,0,0,0,0,0,0,0,0,0,0,0,0,0,0,0,0,0,0,0,0,0,0,0,0,0,0,0,0,0
cassandra,apache/cassandra/db/AbstractReadCommandBuilder,AbstractReadCommandBuilder,dataset/projects/cassandra/src/java/org/apache/cassandra/db/AbstractReadCommandBuilder.java,,1,2,0,0,1,0,0,0,0,1,0,0,0,0,0,0,0,0,0,0,0,0,0,0,0,0,0,0,0,0,0,0,0,0,0
cassandra,apache/cassandra/db/AbstractReadQuery,AbstractReadQuery,dataset/projects/cassandra/src/java/org/apache/cassandra/db/AbstractReadQuery.java,,1,1,0,0,0,0,0,0,0,1,0,0,0,0,0,0,0,0,0,0,0,0,0,0,0,0,0,0,0,0,0,0,0,0,0
cassandra,apache/cassandra/db/AbstractReadQueryToCQLString,AbstractReadQueryToCQLString,,C:/Users/ismak/Documents/GitHub/relation_test_code_smell_ML/dataset/projects/cassandra/test/unit/org/apache/cassandra/db/AbstractReadQueryToCQLStringTest.java,0,0,1,6,0,0,0,0,0,0,1,1,1,0,0,0,0,0,0,1,0,0,0,0,0,0,0,0,0,0,1,1,0,0,0
cassandra,apache/cassandra/db/CBuilder,CBuilder,dataset/projects/cassandra/src/java/org/apache/cassandra/db/CBuilder.java,,1,1,0,0,0,0,0,0,0,1,0,0,0,0,0,0,0,0,0,0,0,0,0,0,0,0,0,0,0,0,0,0,0,0,0
cassandra,apache/cassandra/db/Cell,Cell,,C:/Users/ismak/Documents/GitHub/relation_test_code_smell_ML/dataset/projects/cassandra/test/unit/org/apache/cassandra/db/CellTest.java,0,0,1,11,0,0,0,0,0,0,1,1,1,0,1,1,0,0,0,1,0,0,0,0,1,0,0,0,0,1,1,1,0,1,0
cassandra,apache/cassandra/db/CellSpec,CellSpec,,C:/Users/ismak/Documents/GitHub/relation_test_code_smell_ML/dataset/projects/cassandra/test/unit/org/apache/cassandra/db/CellSpecTest.java,0,0,1,6,0,0,0,0,0,0,1,1,1,0,1,1,1,0,0,0,0,0,0,0,0,0,0,0,0,0,0,0,0,0,0
cassandra,apache/cassandra/db/Cleanup,Cleanup,,C:/Users/ismak/Documents/GitHub/relation_test_code_smell_ML/dataset/projects/cassandra/test/unit/org/apache/cassandra/db/CleanupTest.java,0,0,1,11,0,0,0,0,0,0,1,1,1,0,1,1,0,0,0,1,0,0,0,0,0,0,1,0,0,1,1,1,0,1,0
cassandra,apache/cassandra/db/CleanupTransient,CleanupTransient,,C:/Users/ismak/Documents/GitHub/relation_test_code_smell_ML/dataset/projects/cassandra/test/unit/org/apache/cassandra/db/CleanupTransientTest.java,0,0,1,7,0,0,0,0,0,0,1,1,1,0,1,1,0,0,0,1,0,0,0,0,0,0,0,0,0,1,0,0,0,0,0
cassandra,apache/cassandra/db/ClusteringBound,ClusteringBound,dataset/projects/cassandra/src/java/org/apache/cassandra/db/ClusteringBound.java,,1,1,0,0,0,0,0,0,0,1,0,0,0,0,0,0,0,0,0,0,0,0,0,0,0,0,0,0,0,0,0,0,0,0,0
cassandra,apache/cassandra/db/ClusteringComparator,ClusteringComparator,dataset/projects/cassandra/src/java/org/apache/cassandra/db/ClusteringComparator.java,C:/Users/ismak/Documents/GitHub/relation_test_code_smell_ML/dataset/projects/cassandra/test/unit/org/apache/cassandra/db/ClusteringComparatorTest.java,1,8,1,6,1,5,0,1,0,1,1,1,1,0,0,1,0,0,0,1,0,0,0,0,0,0,0,0,0,1,0,0,0,0,0
cassandra,apache/cassandra/db/ClusteringHeapSize,ClusteringHeapSize,,C:/Users/ismak/Documents/GitHub/relation_test_code_smell_ML/dataset/projects/cassandra/test/unit/org/apache/cassandra/db/ClusteringHeapSizeTest.java,0,0,1,6,0,0,0,0,0,0,1,1,1,0,1,0,1,0,0,0,0,0,0,0,0,0,0,0,0,1,0,0,0,0,0
cassandra,apache/cassandra/db/ClusteringPrefix,ClusteringPrefix,dataset/projects/cassandra/src/java/org/apache/cassandra/db/ClusteringPrefix.java,C:/Users/ismak/Documents/GitHub/relation_test_code_smell_ML/dataset/projects/cassandra/test/unit/org/apache/cassandra/db/ClusteringPrefixTest.java,1,2,1,7,0,0,0,0,0,2,1,1,1,0,1,1,0,0,0,1,0,0,0,0,0,0,0,0,0,0,1,0,0,0,0
cassandra,apache/cassandra/db/ColumnFamilyMetric,ColumnFamilyMetric,,C:/Users/ismak/Documents/GitHub/relation_test_code_smell_ML/dataset/projects/cassandra/test/unit/org/apache/cassandra/db/ColumnFamilyMetricTest.java,0,0,1,8,0,0,0,0,0,0,1,1,1,0,1,1,0,0,0,0,0,0,0,0,0,0,0,0,0,1,1,0,0,1,0
cassandra,apache/cassandra/db/ColumnFamilyStore,ColumnFamilyStore,dataset/projects/cassandra/src/java/org/apache/cassandra/db/ColumnFamilyStore.java,C:/Users/ismak/Documents/GitHub/relation_test_code_smell_ML/dataset/projects/cassandra/test/unit/org/apache/cassandra/db/ColumnFamilyStoreTest.java,1,7,1,12,1,4,0,1,0,1,1,1,1,0,1,1,0,0,0,1,0,1,0,0,0,0,0,0,0,1,1,1,1,1,0
cassandra,apache/cassandra/db/ColumnFamilyStoreClientMode,ColumnFamilyStoreClientMode,,C:/Users/ismak/Documents/GitHub/relation_test_code_smell_ML/dataset/projects/cassandra/test/unit/org/apache/cassandra/db/ColumnFamilyStoreClientModeTest.java,0,0,1,4,0,0,0,0,0,0,1,1,1,0,0,0,0,0,0,1,0,0,0,0,0,0,0,0,0,0,0,0,0,0,0
cassandra,apache/cassandra/db/ColumnFamilyStoreMBean,ColumnFamilyStoreMBean,dataset/projects/cassandra/src/java/org/apache/cassandra/db/ColumnFamilyStoreMBean.java,C:/Users/ismak/Documents/GitHub/relation_test_code_smell_ML/dataset/projects/cassandra/test/unit/org/apache/cassandra/db/ColumnFamilyStoreMBeanTest.java,1,1,1,6,0,0,0,0,0,1,1,1,1,0,0,1,0,0,0,0,0,0,0,0,0,0,0,0,0,0,1,1,0,0,0
cassandra,apache/cassandra/db/Columns,Columns,dataset/projects/cassandra/src/java/org/apache/cassandra/db/Columns.java,C:/Users/ismak/Documents/GitHub/relation_test_code_smell_ML/dataset/projects/cassandra/test/unit/org/apache/cassandra/db/ColumnsTest.java,1,4,1,8,1,2,0,0,0,1,1,1,1,0,0,1,0,0,0,1,0,0,0,1,0,0,0,0,0,0,1,1,0,0,0
cassandra,apache/cassandra/db/ConsistencyLevel,ConsistencyLevel,dataset/projects/cassandra/src/java/org/apache/cassandra/db/ConsistencyLevel.java,,1,3,0,0,0,3,0,0,0,0,0,0,0,0,0,0,0,0,0,0,0,0,0,0,0,0,0,0,0,0,0,0,0,0,0
cassandra,apache/cassandra/db/CorruptPrimaryIndex,CorruptPrimaryIndex,,C:/Users/ismak/Documents/GitHub/relation_test_code_smell_ML/dataset/projects/cassandra/test/unit/org/apache/cassandra/db/CorruptPrimaryIndexTest.java,0,0,1,6,0,0,0,0,0,0,1,1,1,0,1,1,0,0,0,1,0,0,0,0,0,0,0,0,0,0,0,0,0,0,0
cassandra,apache/cassandra/db/CounterCache,CounterCache,,C:/Users/ismak/Documents/GitHub/relation_test_code_smell_ML/dataset/projects/cassandra/test/unit/org/apache/cassandra/db/CounterCacheTest.java,0,0,1,7,0,0,0,0,0,0,1,1,1,0,1,0,0,0,0,1,0,0,0,0,0,0,0,0,0,1,0,0,0,1,0
cassandra,apache/cassandra/db/CounterCell,CounterCell,,C:/Users/ismak/Documents/GitHub/relation_test_code_smell_ML/dataset/projects/cassandra/test/unit/org/apache/cassandra/db/CounterCellTest.java,0,0,1,7,0,0,0,0,0,0,1,1,1,0,1,0,0,0,0,1,0,0,0,0,0,0,0,0,0,1,0,0,0,1,0
cassandra,apache/cassandra/db/CounterMutation,CounterMutation,dataset/projects/cassandra/src/java/org/apache/cassandra/db/CounterMutation.java,C:/Users/ismak/Documents/GitHub/relation_test_code_smell_ML/dataset/projects/cassandra/test/unit/org/apache/cassandra/db/CounterMutationTest.java,1,3,1,7,1,0,0,1,0,1,1,1,1,0,1,0,0,0,0,1,0,0,0,0,0,0,0,0,0,1,1,0,0,0,0
cassandra,apache/cassandra/db/CounterMutationVerbHandlerOutOfRange,CounterMutationVerbHandlerOutOfRange,,C:/Users/ismak/Documents/GitHub/relation_test_code_smell_ML/dataset/projects/cassandra/test/unit/org/apache/cassandra/db/CounterMutationVerbHandlerOutOfRangeTest.java,0,0,1,6,0,0,0,0,0,0,1,1,1,0,1,0,0,0,0,1,1,0,0,0,0,0,0,0,0,0,0,0,0,0,0
cassandra,apache/cassandra/db/DataRange,DataRange,dataset/projects/cassandra/src/java/org/apache/cassandra/db/DataRange.java,,1,2,0,0,1,0,0,0,0,1,0,0,0,0,0,0,0,0,0,0,0,0,0,0,0,0,0,0,0,0,0,0,0,0,0
cassandra,apache/cassandra/db/DecoratedKey,DecoratedKey,dataset/projects/cassandra/src/java/org/apache/cassandra/db/DecoratedKey.java,,1,1,0,0,0,0,0,0,0,1,0,0,0,0,0,0,0,0,0,0,0,0,0,0,0,0,0,0,0,0,0,0,0,0,0
cassandra,apache/cassandra/db/DeletePartition,DeletePartition,,C:/Users/ismak/Documents/GitHub/relation_test_code_smell_ML/dataset/projects/cassandra/test/unit/org/apache/cassandra/db/DeletePartitionTest.java,0,0,1,6,0,0,0,0,0,0,1,1,1,0,1,1,0,0,0,0,0,0,0,0,0,0,0,0,0,0,1,0,0,0,0
cassandra,apache/cassandra/db/DeletionInfo,DeletionInfo,dataset/projects/cassandra/src/java/org/apache/cassandra/db/DeletionInfo.java,,1,1,0,0,0,0,0,0,0,1,0,0,0,0,0,0,0,0,0,0,0,0,0,0,0,0,0,0,0,0,0,0,0,0,0
cassandra,apache/cassandra/db/DeletionTime,DeletionTime,dataset/projects/cassandra/src/java/org/apache/cassandra/db/DeletionTime.java,,1,1,0,0,0,0,0,0,0,1,0,0,0,0,0,0,0,0,0,0,0,0,0,0,0,0,0,0,0,0,0,0,0,0,0
cassandra,apache/cassandra/db/Digest,Digest,dataset/projects/cassandra/src/java/org/apache/cassandra/db/Digest.java,C:/Users/ismak/Documents/GitHub/relation_test_code_smell_ML/dataset/projects/cassandra/test/unit/org/apache/cassandra/db/DigestTest.java,1,1,1,7,0,0,0,0,0,1,1,1,1,0,1,1,0,0,0,1,0,0,0,0,0,0,0,0,0,0,0,0,0,1,0
cassandra,apache/cassandra/db/Directories,Directories,dataset/projects/cassandra/src/java/org/apache/cassandra/db/Directories.java,C:/Users/ismak/Documents/GitHub/relation_test_code_smell_ML/dataset/projects/cassandra/test/unit/org/apache/cassandra/db/DirectoriesTest.java,1,7,1,13,1,4,0,1,0,1,1,1,1,0,1,1,0,0,0,1,1,1,0,0,0,0,0,0,0,1,1,1,1,1,0
cassandra,apache/cassandra/db/DiskBoundaries,DiskBoundaries,dataset/projects/cassandra/src/java/org/apache/cassandra/db/DiskBoundaries.java,,1,1,0,0,0,0,0,0,0,1,0,0,0,0,0,0,0,0,0,0,0,0,0,0,0,0,0,0,0,0,0,0,0,0,0
cassandra,apache/cassandra/db/DiskBoundaryManager,DiskBoundaryManager,,C:/Users/ismak/Documents/GitHub/relation_test_code_smell_ML/dataset/projects/cassandra/test/unit/org/apache/cassandra/db/DiskBoundaryManagerTest.java,0,0,1,9,0,0,0,0,0,0,1,1,1,0,1,0,0,0,0,1,1,0,0,0,0,0,0,0,0,1,0,0,1,1,0
cassandra,apache/cassandra/db/IMutation,IMutation,dataset/projects/cassandra/src/java/org/apache/cassandra/db/IMutation.java,,1,1,0,0,0,0,0,0,0,1,0,0,0,0,0,0,0,0,0,0,0,0,0,0,0,0,0,0,0,0,0,0,0,0,0
cassandra,apache/cassandra/db/Import,Import,,C:/Users/ismak/Documents/GitHub/relation_test_code_smell_ML/dataset/projects/cassandra/test/unit/org/apache/cassandra/db/ImportTest.java,0,0,1,14,0,0,0,0,0,0,1,1,1,0,1,1,0,0,0,1,0,1,0,0,1,0,1,0,0,1,1,1,1,1,0
cassandra,apache/cassandra/db/Keyspace,Keyspace,dataset/projects/cassandra/src/java/org/apache/cassandra/db/Keyspace.java,C:/Users/ismak/Documents/GitHub/relation_test_code_smell_ML/dataset/projects/cassandra/test/unit/org/apache/cassandra/db/KeyspaceTest.java,1,6,1,9,1,3,0,1,0,1,1,1,1,0,1,1,0,0,0,1,0,0,0,0,0,0,0,0,0,1,1,0,0,1,0
cassandra,apache/cassandra/db/LivenessInfo,LivenessInfo,dataset/projects/cassandra/src/java/org/apache/cassandra/db/LivenessInfo.java,C:/Users/ismak/Documents/GitHub/relation_test_code_smell_ML/dataset/projects/cassandra/test/unit/org/apache/cassandra/db/LivenessInfoTest.java,1,1,1,3,0,0,0,0,0,1,1,1,1,0,0,0,0,0,0,0,0,0,0,0,0,0,0,0,0,0,0,0,0,0,0
cassandra,apache/cassandra/db/MmapFile,MmapFile,,C:/Users/ismak/Documents/GitHub/relation_test_code_smell_ML/dataset/projects/cassandra/test/unit/org/apache/cassandra/db/MmapFileTest.java,0,0,1,8,0,0,0,0,0,0,1,1,1,0,1,0,0,0,0,1,0,1,0,0,0,0,0,0,0,1,0,0,1,0,0
cassandra,apache/cassandra/db/MultiKeyspace,MultiKeyspace,,C:/Users/ismak/Documents/GitHub/relation_test_code_smell_ML/dataset/projects/cassandra/test/unit/org/apache/cassandra/db/MultiKeyspaceTest.java,0,0,1,4,0,0,0,0,0,0,1,1,1,0,0,0,0,0,0,1,0,0,0,0,0,0,0,0,0,0,0,0,0,0,0
cassandra,apache/cassandra/db/MutableDeletionInfo,MutableDeletionInfo,dataset/projects/cassandra/src/java/org/apache/cassandra/db/MutableDeletionInfo.java,,1,1,0,0,0,0,0,0,0,1,0,0,0,0,0,0,0,0,0,0,0,0,0,0,0,0,0,0,0,0,0,0,0,0,0
cassandra,apache/cassandra/db/Mutation,Mutation,dataset/projects/cassandra/src/java/org/apache/cassandra/db/Mutation.java,,1,4,0,0,1,1,0,1,0,1,0,0,0,0,0,0,0,0,0,0,0,0,0,0,0,0,0,0,0,0,0,0,0,0,0
cassandra,apache/cassandra/db/MutationExceededMaxSizeException,MutationExceededMaxSizeException,,C:/Users/ismak/Documents/GitHub/relation_test_code_smell_ML/dataset/projects/cassandra/test/unit/org/apache/cassandra/db/MutationExceededMaxSizeExceptionTest.java,0,0,1,5,0,0,0,0,0,0,1,1,1,0,1,0,0,0,0,0,0,0,0,0,0,0,0,0,0,0,0,0,0,1,0
cassandra,apache/cassandra/db/MutationVerbHandlerOutOfRange,MutationVerbHandlerOutOfRange,,C:/Users/ismak/Documents/GitHub/relation_test_code_smell_ML/dataset/projects/cassandra/test/unit/org/apache/cassandra/db/MutationVerbHandlerOutOfRangeTest.java,0,0,1,6,0,0,0,0,0,0,1,1,1,0,0,0,0,0,0,1,1,0,0,0,0,0,0,0,0,0,1,0,0,0,0
cassandra,apache/cassandra/db/NameSort,NameSort,,C:/Users/ismak/Documents/GitHub/relation_test_code_smell_ML/dataset/projects/cassandra/test/unit/org/apache/cassandra/db/NameSortTest.java,0,0,1,6,0,0,0,0,0,0,1,1,1,0,0,0,0,0,0,1,0,0,0,0,0,0,0,0,0,0,1,1,0,0,0
cassandra,apache/cassandra/db/NativeCell,NativeCell,,C:/Users/ismak/Documents/GitHub/relation_test_code_smell_ML/dataset/projects/cassandra/test/unit/org/apache/cassandra/db/NativeCellTest.java,0,0,1,7,0,0,0,0,0,0,1,1,1,0,0,1,0,0,0,1,0,0,0,0,0,0,0,0,0,0,1,1,0,0,0
cassandra,apache/cassandra/db/NativeClustering,NativeClustering,dataset/projects/cassandra/src/java/org/apache/cassandra/db/NativeClustering.java,,1,1,0,0,0,0,0,0,0,1,0,0,0,0,0,0,0,0,0,0,0,0,0,0,0,0,0,0,0,0,0,0,0,0,0
cassandra,apache/cassandra/db/Partition,Partition,,C:/Users/ismak/Documents/GitHub/relation_test_code_smell_ML/dataset/projects/cassandra/test/unit/org/apache/cassandra/db/PartitionTest.java,0,0,1,9,0,0,0,0,0,0,1,1,1,0,1,1,0,0,0,1,0,0,0,0,0,0,0,0,0,1,1,0,0,1,0
cassandra,apache/cassandra/db/PartitionRangeRead,PartitionRangeRead,,C:/Users/ismak/Documents/GitHub/relation_test_code_smell_ML/dataset/projects/cassandra/test/unit/org/apache/cassandra/db/PartitionRangeReadTest.java,0,0,1,7,0,0,0,0,0,0,1,1,1,0,1,1,0,0,0,0,0,0,0,0,0,0,0,0,0,1,0,0,0,1,0
cassandra,apache/cassandra/db/PartitionRangeReadCommand,PartitionRangeReadCommand,dataset/projects/cassandra/src/java/org/apache/cassandra/db/PartitionRangeReadCommand.java,,1,7,0,0,1,1,3,1,0,1,0,0,0,0,0,0,0,0,0,0,0,0,0,0,0,0,0,0,0,0,0,0,0,0,0
cassandra,apache/cassandra/db/PartitionRangeReadCommandCQL,PartitionRangeReadCommandCQL,,C:/Users/ismak/Documents/GitHub/relation_test_code_smell_ML/dataset/projects/cassandra/test/unit/org/apache/cassandra/db/PartitionRangeReadCommandCQLTest.java,0,0,1,4,0,0,0,0,0,0,1,1,1,0,0,0,0,0,0,0,0,0,0,1,0,0,0,0,0,0,0,0,0,0,0
cassandra,apache/cassandra/db/RangeTombstone,RangeTombstone,,C:/Users/ismak/Documents/GitHub/relation_test_code_smell_ML/dataset/projects/cassandra/test/unit/org/apache/cassandra/db/RangeTombstoneTest.java,0,0,1,11,0,0,0,0,0,0,1,1,1,0,1,1,0,0,0,1,0,0,0,0,1,0,1,0,0,1,1,0,0,1,0
cassandra,apache/cassandra/db/RangeTombstoneList,RangeTombstoneList,dataset/projects/cassandra/src/java/org/apache/cassandra/db/RangeTombstoneList.java,C:/Users/ismak/Documents/GitHub/relation_test_code_smell_ML/dataset/projects/cassandra/test/unit/org/apache/cassandra/db/RangeTombstoneListTest.java,1,5,1,10,0,4,0,0,0,1,1,1,1,0,1,1,0,0,0,1,0,0,1,0,0,0,0,0,0,1,1,0,0,1,0
cassandra,apache/cassandra/db/ReadCommand,ReadCommand,dataset/projects/cassandra/src/java/org/apache/cassandra/db/ReadCommand.java,C:/Users/ismak/Documents/GitHub/relation_test_code_smell_ML/dataset/projects/cassandra/test/unit/org/apache/cassandra/db/ReadCommandTest.java,1,9,1,11,1,2,2,2,0,2,1,1,1,0,1,1,0,0,0,1,0,0,0,0,1,0,0,0,0,1,1,1,0,1,0
cassandra,apache/cassandra/db/ReadCommandVerbHandler,ReadCommandVerbHandler,dataset/projects/cassandra/src/java/org/apache/cassandra/db/ReadCommandVerbHandler.java,C:/Users/ismak/Documents/GitHub/relation_test_code_smell_ML/dataset/projects/cassandra/test/unit/org/apache/cassandra/db/ReadCommandVerbHandlerTest.java,1,3,1,5,0,3,0,0,0,0,1,1,1,0,1,0,0,0,0,0,0,0,0,0,0,0,0,0,0,1,0,0,0,0,0
cassandra,apache/cassandra/db/ReadCommandVerbHandlerOutOfRange,ReadCommandVerbHandlerOutOfRange,,C:/Users/ismak/Documents/GitHub/relation_test_code_smell_ML/dataset/projects/cassandra/test/unit/org/apache/cassandra/db/ReadCommandVerbHandlerOutOfRangeTest.java,0,0,1,6,0,0,0,0,0,0,1,1,1,0,0,0,0,0,0,1,1,0,0,0,0,0,0,0,0,0,1,0,0,0,0
cassandra,apache/cassandra/db/ReadMessage,ReadMessage,,C:/Users/ismak/Documents/GitHub/relation_test_code_smell_ML/dataset/projects/cassandra/test/unit/org/apache/cassandra/db/ReadMessageTest.java,0,0,1,9,0,0,0,0,0,0,1,1,1,0,1,1,0,0,0,1,0,0,0,0,1,0,0,0,0,1,0,0,0,1,0
cassandra,apache/cassandra/db/ReadQuery,ReadQuery,dataset/projects/cassandra/src/java/org/apache/cassandra/db/ReadQuery.java,,1,1,0,0,0,0,0,0,0,1,0,0,0,0,0,0,0,0,0,0,0,0,0,0,0,0,0,0,0,0,0,0,0,0,0
cassandra,apache/cassandra/db/ReadResponse,ReadResponse,dataset/projects/cassandra/src/java/org/apache/cassandra/db/ReadResponse.java,C:/Users/ismak/Documents/GitHub/relation_test_code_smell_ML/dataset/projects/cassandra/test/unit/org/apache/cassandra/db/ReadResponseTest.java,1,1,1,4,0,0,0,0,0,1,1,1,1,0,1,0,0,0,0,0,0,0,0,0,0,0,0,0,0,0,0,0,0,0,0
cassandra,apache/cassandra/db/RecoveryManager,RecoveryManager,,C:/Users/ismak/Documents/GitHub/relation_test_code_smell_ML/dataset/projects/cassandra/test/unit/org/apache/cassandra/db/RecoveryManagerTest.java,0,0,1,11,0,0,0,0,0,0,1,1,1,0,1,1,1,0,0,1,0,0,0,0,0,0,1,0,0,1,1,0,0,1,0
cassandra,apache/cassandra/db/RecoveryManagerFlushed,RecoveryManagerFlushed,,C:/Users/ismak/Documents/GitHub/relation_test_code_smell_ML/dataset/projects/cassandra/test/unit/org/apache/cassandra/db/RecoveryManagerFlushedTest.java,0,0,1,7,0,0,0,0,0,0,1,1,1,0,0,1,1,0,0,1,0,0,0,0,0,0,0,0,0,0,1,0,0,0,0
cassandra,apache/cassandra/db/RecoveryManagerMissingHeader,RecoveryManagerMissingHeader,,C:/Users/ismak/Documents/GitHub/relation_test_code_smell_ML/dataset/projects/cassandra/test/unit/org/apache/cassandra/db/RecoveryManagerMissingHeaderTest.java,0,0,1,9,0,0,0,0,0,0,1,1,1,0,1,1,1,0,0,1,0,1,0,0,0,0,0,0,0,0,0,0,1,0,0
cassandra,apache/cassandra/db/RecoveryManagerTruncate,RecoveryManagerTruncate,,C:/Users/ismak/Documents/GitHub/relation_test_code_smell_ML/dataset/projects/cassandra/test/unit/org/apache/cassandra/db/RecoveryManagerTruncateTest.java,0,0,1,5,0,0,0,0,0,0,1,1,1,0,0,0,1,0,0,1,0,0,0,0,0,0,0,0,0,0,0,0,0,0,0
cassandra,apache/cassandra/db/RegularAndStaticColumns,RegularAndStaticColumns,dataset/projects/cassandra/src/java/org/apache/cassandra/db/RegularAndStaticColumns.java,,1,1,0,0,0,0,0,0,0,1,0,0,0,0,0,0,0,0,0,0,0,0,0,0,0,0,0,0,0,0,0,0,0,0,0
cassandra,apache/cassandra/db/RemoveCell,RemoveCell,,C:/Users/ismak/Documents/GitHub/relation_test_code_smell_ML/dataset/projects/cassandra/test/unit/org/apache/cassandra/db/RemoveCellTest.java,0,0,1,4,0,0,0,0,0,0,1,1,1,0,0,0,0,0,0,1,0,0,0,0,0,0,0,0,0,0,0,0,0,0,0
cassandra,apache/cassandra/db/RepairedDataInfo,RepairedDataInfo,,C:/Users/ismak/Documents/GitHub/relation_test_code_smell_ML/dataset/projects/cassandra/test/unit/org/apache/cassandra/db/RepairedDataInfoTest.java,0,0,1,7,0,0,0,0,0,0,1,1,1,0,1,1,0,0,0,0,1,0,0,0,0,0,0,0,0,0,0,0,0,1,0
cassandra,apache/cassandra/db/RepairedDataTombstones,RepairedDataTombstones,,C:/Users/ismak/Documents/GitHub/relation_test_code_smell_ML/dataset/projects/cassandra/test/unit/org/apache/cassandra/db/RepairedDataTombstonesTest.java,0,0,1,9,0,0,0,0,0,0,1,1,1,0,1,1,0,0,0,1,0,0,0,0,0,0,1,0,0,0,1,0,0,1,0
cassandra,apache/cassandra/db/Row,Row,,C:/Users/ismak/Documents/GitHub/relation_test_code_smell_ML/dataset/projects/cassandra/test/unit/org/apache/cassandra/db/RowTest.java,0,0,1,8,0,0,0,0,0,0,1,1,1,0,1,1,0,0,0,1,1,0,0,0,0,0,0,0,0,0,0,0,0,1,0
cassandra,apache/cassandra/db/RowCache,RowCache,,C:/Users/ismak/Documents/GitHub/relation_test_code_smell_ML/dataset/projects/cassandra/test/unit/org/apache/cassandra/db/RowCacheTest.java,0,0,1,9,0,0,0,0,0,0,1,1,1,0,1,1,0,0,0,1,0,0,0,0,0,0,0,0,0,1,1,0,0,1,0
cassandra,apache/cassandra/db/RowCacheCQL,RowCacheCQL,,C:/Users/ismak/Documents/GitHub/relation_test_code_smell_ML/dataset/projects/cassandra/test/unit/org/apache/cassandra/db/RowCacheCQLTest.java,0,0,1,5,0,0,0,0,0,0,1,1,1,0,0,0,0,0,0,1,0,0,0,0,0,0,0,0,0,0,0,0,0,1,0
cassandra,apache/cassandra/db/RowIteration,RowIteration,,C:/Users/ismak/Documents/GitHub/relation_test_code_smell_ML/dataset/projects/cassandra/test/unit/org/apache/cassandra/db/RowIterationTest.java,0,0,1,7,0,0,0,0,0,0,1,1,1,0,1,1,0,0,0,1,0,0,0,0,0,0,0,0,0,0,0,0,0,1,0
cassandra,apache/cassandra/db/SSTableAndMemTableDigestMatch,SSTableAndMemTableDigestMatch,,C:/Users/ismak/Documents/GitHub/relation_test_code_smell_ML/dataset/projects/cassandra/test/unit/org/apache/cassandra/db/SSTableAndMemTableDigestMatchTest.java,0,0,1,6,0,0,0,0,0,0,1,1,1,0,0,0,0,0,0,1,0,0,0,0,0,0,0,0,0,0,1,1,0,0,0
cassandra,apache/cassandra/db/SSTableImporter,SSTableImporter,dataset/projects/cassandra/src/java/org/apache/cassandra/db/SSTableImporter.java,,1,3,0,0,1,1,0,0,0,1,0,0,0,0,0,0,0,0,0,0,0,0,0,0,0,0,0,0,0,0,0,0,0,0,0
cassandra,apache/cassandra/db/SchemaCQLHelper,SchemaCQLHelper,,C:/Users/ismak/Documents/GitHub/relation_test_code_smell_ML/dataset/projects/cassandra/test/unit/org/apache/cassandra/db/SchemaCQLHelperTest.java,0,0,1,8,0,0,0,0,0,0,1,1,1,0,1,1,0,0,0,1,0,0,0,0,0,0,0,0,0,0,1,0,0,1,0
cassandra,apache/cassandra/db/SecondaryIndex,SecondaryIndex,,C:/Users/ismak/Documents/GitHub/relation_test_code_smell_ML/dataset/projects/cassandra/test/unit/org/apache/cassandra/db/SecondaryIndexTest.java,0,0,1,10,0,0,0,0,0,0,1,1,1,0,1,1,0,0,0,1,0,0,0,0,0,0,1,0,0,1,1,0,0,1,0
cassandra,apache/cassandra/db/SerializationHeader,SerializationHeader,dataset/projects/cassandra/src/java/org/apache/cassandra/db/SerializationHeader.java,C:/Users/ismak/Documents/GitHub/relation_test_code_smell_ML/dataset/projects/cassandra/test/unit/org/apache/cassandra/db/SerializationHeaderTest.java,1,3,1,9,1,1,0,0,0,1,1,1,1,0,1,1,0,0,0,1,0,1,0,0,0,0,0,0,0,1,0,0,1,0,0
cassandra,apache/cassandra/db/SimpleBuilders,SimpleBuilders,dataset/projects/cassandra/src/java/org/apache/cassandra/db/SimpleBuilders.java,,1,3,0,0,1,1,0,0,0,1,0,0,0,0,0,0,0,0,0,0,0,0,0,0,0,0,0,0,0,0,0,0,0,0,0
cassandra,apache/cassandra/db/SinglePartitionReadCommand,SinglePartitionReadCommand,dataset/projects/cassandra/src/java/org/apache/cassandra/db/SinglePartitionReadCommand.java,,1,14,0,0,1,6,5,1,0,1,0,0,0,0,0,0,0,0,0,0,0,0,0,0,0,0,0,0,0,0,0,0,0,0,0
cassandra,apache/cassandra/db/SinglePartitionReadCommandCQL,SinglePartitionReadCommandCQL,,C:/Users/ismak/Documents/GitHub/relation_test_code_smell_ML/dataset/projects/cassandra/test/unit/org/apache/cassandra/db/SinglePartitionReadCommandCQLTest.java,0,0,1,4,0,0,0,0,0,0,1,1,1,0,0,0,0,0,0,0,0,0,0,1,0,0,0,0,0,0,0,0,0,0,0
cassandra,apache/cassandra/db/SinglePartitionReadQuery,SinglePartitionReadQuery,dataset/projects/cassandra/src/java/org/apache/cassandra/db/SinglePartitionReadQuery.java,,1,1,0,0,0,0,0,0,0,1,0,0,0,0,0,0,0,0,0,0,0,0,0,0,0,0,0,0,0,0,0,0,0,0,0
cassandra,apache/cassandra/db/SinglePartitionSliceCommand,SinglePartitionSliceCommand,,C:/Users/ismak/Documents/GitHub/relation_test_code_smell_ML/dataset/projects/cassandra/test/unit/org/apache/cassandra/db/SinglePartitionSliceCommandTest.java,0,0,1,11,0,0,0,0,0,0,1,1,1,0,1,1,0,0,0,1,0,0,0,0,1,0,0,0,0,1,1,1,0,1,0
cassandra,apache/cassandra/db/Slice,Slice,dataset/projects/cassandra/src/java/org/apache/cassandra/db/Slice.java,,1,2,0,0,0,1,0,0,0,1,0,0,0,0,0,0,0,0,0,0,0,0,0,0,0,0,0,0,0,0,0,0,0,0,0
cassandra,apache/cassandra/db/Slices,Slices,dataset/projects/cassandra/src/java/org/apache/cassandra/db/Slices.java,,1,4,0,0,1,1,0,0,0,2,0,0,0,0,0,0,0,0,0,0,0,0,0,0,0,0,0,0,0,0,0,0,0,0,0
cassandra,apache/cassandra/db/Snapshot,Snapshot,,C:/Users/ismak/Documents/GitHub/relation_test_code_smell_ML/dataset/projects/cassandra/test/unit/org/apache/cassandra/db/SnapshotTest.java,0,0,1,8,0,0,0,0,0,0,1,1,1,0,0,1,0,0,0,1,0,1,0,0,0,0,0,0,0,0,1,0,1,0,0
cassandra,apache/cassandra/db/SystemKeyspace,SystemKeyspace,dataset/projects/cassandra/src/java/org/apache/cassandra/db/SystemKeyspace.java,C:/Users/ismak/Documents/GitHub/relation_test_code_smell_ML/dataset/projects/cassandra/test/unit/org/apache/cassandra/db/SystemKeyspaceTest.java,1,5,1,8,1,2,0,1,0,1,1,1,1,0,1,1,0,0,0,1,0,0,0,0,1,0,0,0,0,0,1,0,0,0,0
cassandra,apache/cassandra/db/SystemKeyspaceMigrator41,SystemKeyspaceMigrator41,,C:/Users/ismak/Documents/GitHub/relation_test_code_smell_ML/dataset/projects/cassandra/test/unit/org/apache/cassandra/db/SystemKeyspaceMigrator41Test.java,0,0,1,9,0,0,0,0,0,0,1,1,1,0,1,1,0,0,0,1,0,0,0,0,1,0,0,0,0,1,0,0,0,1,0
cassandra,apache/cassandra/db/SystemPeersValidator,SystemPeersValidator,dataset/projects/cassandra/src/java/org/apache/cassandra/db/SystemPeersValidator.java,C:/Users/ismak/Documents/GitHub/relation_test_code_smell_ML/dataset/projects/cassandra/test/unit/org/apache/cassandra/db/SystemPeersValidatorTest.java,1,1,1,8,0,1,0,0,0,0,1,1,1,0,1,1,0,0,0,1,1,0,0,0,0,0,0,0,0,0,0,0,0,1,0
cassandra,apache/cassandra/db/TimeSort,TimeSort,,C:/Users/ismak/Documents/GitHub/relation_test_code_smell_ML/dataset/projects/cassandra/test/unit/org/apache/cassandra/db/TimeSortTest.java,0,0,1,7,0,0,0,0,0,0,1,1,1,0,1,1,0,0,0,1,0,0,0,0,0,0,0,0,0,0,0,0,0,1,0
cassandra,apache/cassandra/db/TopPartitionTracker,TopPartitionTracker,,C:/Users/ismak/Documents/GitHub/relation_test_code_smell_ML/dataset/projects/cassandra/test/unit/org/apache/cassandra/db/TopPartitionTrackerTest.java,0,0,1,8,0,0,0,0,0,0,1,1,1,0,1,1,0,0,0,1,0,0,0,0,0,0,0,0,0,1,0,0,0,1,0
cassandra,apache/cassandra/db/Transformer,Transformer,,C:/Users/ismak/Documents/GitHub/relation_test_code_smell_ML/dataset/projects/cassandra/test/unit/org/apache/cassandra/db/TransformerTest.java,0,0,1,4,0,0,0,0,0,0,1,1,1,0,0,1,0,0,0,0,0,0,0,0,0,0,0,0,0,0,0,0,0,0,0
cassandra,apache/cassandra/db/TypeSizes,TypeSizes,dataset/projects/cassandra/src/java/org/apache/cassandra/db/TypeSizes.java,,1,1,0,0,0,0,0,0,0,1,0,0,0,0,0,0,0,0,0,0,0,0,0,0,0,0,0,0,0,0,0,0,0,0,0
cassandra,apache/cassandra/db/WriteThresholds,WriteThresholds,dataset/projects/cassandra/src/java/org/apache/cassandra/db/WriteThresholds.java,,1,1,0,0,0,1,0,0,0,0,0,0,0,0,0,0,0,0,0,0,0,0,0,0,0,0,0,0,0,0,0,0,0,0,0
cassandra,apache/cassandra/dht/AbstractBounds,AbstractBounds,dataset/projects/cassandra/src/java/org/apache/cassandra/dht/AbstractBounds.java,,1,2,0,0,1,0,0,0,0,1,0,0,0,0,0,0,0,0,0,0,0,0,0,0,0,0,0,0,0,0,0,0,0,0,0
cassandra,apache/cassandra/dht/AccordSplitter,AccordSplitter,dataset/projects/cassandra/src/java/org/apache/cassandra/dht/AccordSplitter.java,C:/Users/ismak/Documents/GitHub/relation_test_code_smell_ML/dataset/projects/cassandra/test/unit/org/apache/cassandra/dht/AccordSplitterTest.java,1,1,1,6,0,0,0,0,0,1,1,1,1,0,1,1,0,0,0,0,0,0,0,0,0,0,0,0,0,0,0,1,0,0,0
cassandra,apache/cassandra/dht/BootStrapper,BootStrapper,dataset/projects/cassandra/src/java/org/apache/cassandra/dht/BootStrapper.java,C:/Users/ismak/Documents/GitHub/relation_test_code_smell_ML/dataset/projects/cassandra/test/unit/org/apache/cassandra/dht/BootStrapperTest.java,1,1,1,7,1,0,0,0,0,0,1,1,1,0,0,1,0,0,0,1,0,0,0,0,0,0,0,0,0,0,1,1,0,0,0
cassandra,apache/cassandra/dht/Bounds,Bounds,dataset/projects/cassandra/src/java/org/apache/cassandra/dht/Bounds.java,C:/Users/ismak/Documents/GitHub/relation_test_code_smell_ML/dataset/projects/cassandra/test/unit/org/apache/cassandra/dht/BoundsTest.java,1,1,1,5,0,0,0,0,0,1,1,1,1,0,1,0,0,0,0,0,0,0,0,0,0,0,0,0,0,0,0,0,0,1,0
cassandra,apache/cassandra/dht/ByteOrderedPartitioner,ByteOrderedPartitioner,dataset/projects/cassandra/src/java/org/apache/cassandra/dht/ByteOrderedPartitioner.java,C:/Users/ismak/Documents/GitHub/relation_test_code_smell_ML/dataset/projects/cassandra/test/unit/org/apache/cassandra/dht/ByteOrderedPartitionerTest.java,1,3,1,3,1,0,0,0,0,2,1,1,1,0,0,0,0,0,0,0,0,0,0,0,0,0,0,0,0,0,0,0,0,0,0
cassandra,apache/cassandra/dht/IPartitioner,IPartitioner,dataset/projects/cassandra/src/java/org/apache/cassandra/dht/IPartitioner.java,C:/Users/ismak/Documents/GitHub/relation_test_code_smell_ML/dataset/projects/cassandra/test/unit/org/apache/cassandra/dht/IPartitionerTest.java,1,1,1,6,0,0,0,0,0,1,1,1,1,0,0,1,0,0,0,1,0,0,0,0,0,0,0,0,0,0,1,0,0,0,0
cassandra,apache/cassandra/dht/KeyCollision,KeyCollision,,C:/Users/ismak/Documents/GitHub/relation_test_code_smell_ML/dataset/projects/cassandra/test/unit/org/apache/cassandra/dht/KeyCollisionTest.java,0,0,1,5,0,0,0,0,0,0,1,1,1,0,0,0,0,0,0,1,0,0,0,0,0,0,0,0,0,0,1,0,0,0,0
cassandra,apache/cassandra/dht/LocalPartitioner,LocalPartitioner,dataset/projects/cassandra/src/java/org/apache/cassandra/dht/LocalPartitioner.java,,1,1,0,0,0,0,0,0,0,1,0,0,0,0,0,0,0,0,0,0,0,0,0,0,0,0,0,0,0,0,0,0,0,0,0
cassandra,apache/cassandra/dht/Murmur3Partitioner,Murmur3Partitioner,dataset/projects/cassandra/src/java/org/apache/cassandra/dht/Murmur3Partitioner.java,C:/Users/ismak/Documents/GitHub/relation_test_code_smell_ML/dataset/projects/cassandra/test/unit/org/apache/cassandra/dht/Murmur3PartitionerTest.java,1,4,1,4,1,0,0,1,0,2,1,1,1,0,0,0,0,0,0,0,0,0,0,0,0,0,0,0,0,0,1,0,0,0,0
cassandra,apache/cassandra/dht/NormalizedRanges,NormalizedRanges,dataset/projects/cassandra/src/java/org/apache/cassandra/dht/NormalizedRanges.java,,1,3,0,0,0,2,0,1,0,0,0,0,0,0,0,0,0,0,0,0,0,0,0,0,0,0,0,0,0,0,0,0,0,0,0
cassandra,apache/cassandra/dht/OrderPreservingPartitioner,OrderPreservingPartitioner,dataset/projects/cassandra/src/java/org/apache/cassandra/dht/OrderPreservingPartitioner.java,C:/Users/ismak/Documents/GitHub/relation_test_code_smell_ML/dataset/projects/cassandra/test/unit/org/apache/cassandra/dht/OrderPreservingPartitionerTest.java,1,2,1,3,1,0,0,0,0,1,1,1,1,0,0,0,0,0,0,0,0,0,0,0,0,0,0,0,0,0,0,0,0,0,0
cassandra,apache/cassandra/dht/RandomPartitioner,RandomPartitioner,dataset/projects/cassandra/src/java/org/apache/cassandra/dht/RandomPartitioner.java,C:/Users/ismak/Documents/GitHub/relation_test_code_smell_ML/dataset/projects/cassandra/test/unit/org/apache/cassandra/dht/RandomPartitionerTest.java,1,3,1,6,1,0,0,1,0,1,1,1,1,0,0,1,0,0,0,1,0,0,0,0,0,0,0,0,0,0,1,0,0,0,0
cassandra,apache/cassandra/dht/Range,Range,dataset/projects/cassandra/src/java/org/apache/cassandra/dht/Range.java,C:/Users/ismak/Documents/GitHub/relation_test_code_smell_ML/dataset/projects/cassandra/test/unit/org/apache/cassandra/dht/RangeTest.java,1,7,1,11,1,4,0,1,0,1,1,1,1,0,1,1,0,0,0,0,0,0,1,1,0,0,0,0,0,1,1,1,0,1,0
cassandra,apache/cassandra/dht/RangeFetchMapCalculator,RangeFetchMapCalculator,dataset/projects/cassandra/src/java/org/apache/cassandra/dht/RangeFetchMapCalculator.java,C:/Users/ismak/Documents/GitHub/relation_test_code_smell_ML/dataset/projects/cassandra/test/unit/org/apache/cassandra/dht/RangeFetchMapCalculatorTest.java,1,4,1,6,1,1,0,1,0,1,1,1,1,0,1,0,0,0,0,1,0,0,0,0,0,0,0,0,0,0,0,0,0,1,0
cassandra,apache/cassandra/dht/RangeStreamer,RangeStreamer,dataset/projects/cassandra/src/java/org/apache/cassandra/dht/RangeStreamer.java,,1,5,0,0,1,2,1,0,0,1,0,0,0,0,0,0,0,0,0,0,0,0,0,0,0,0,0,0,0,0,0,0,0,0,0
cassandra,apache/cassandra/dht/Splitter,Splitter,dataset/projects/cassandra/src/java/org/apache/cassandra/dht/Splitter.java,C:/Users/ismak/Documents/GitHub/relation_test_code_smell_ML/dataset/projects/cassandra/test/unit/org/apache/cassandra/dht/SplitterTest.java,1,1,1,8,0,1,0,0,0,0,1,1,1,0,1,1,0,0,0,0,0,0,0,0,0,0,0,0,0,0,1,1,0,1,0
cassandra,apache/cassandra/dht/StreamStateStore,StreamStateStore,,C:/Users/ismak/Documents/GitHub/relation_test_code_smell_ML/dataset/projects/cassandra/test/unit/org/apache/cassandra/dht/StreamStateStoreTest.java,0,0,1,5,0,0,0,0,0,0,1,1,1,0,1,0,0,0,0,0,0,0,0,0,0,0,0,0,0,1,0,0,0,0,0
cassandra,apache/cassandra/dht/Token,Token,dataset/projects/cassandra/src/java/org/apache/cassandra/dht/Token.java,C:/Users/ismak/Documents/GitHub/relation_test_code_smell_ML/dataset/projects/cassandra/test/unit/org/apache/cassandra/dht/TokenTest.java,1,1,1,5,0,0,0,0,0,1,1,1,1,0,0,1,0,0,0,0,0,0,0,0,0,0,0,0,0,0,1,0,0,0,0
cassandra,apache/cassandra/diag/DiagnosticEventService,DiagnosticEventService,dataset/projects/cassandra/src/java/org/apache/cassandra/diag/DiagnosticEventService.java,C:/Users/ismak/Documents/GitHub/relation_test_code_smell_ML/dataset/projects/cassandra/test/unit/org/apache/cassandra/diag/DiagnosticEventServiceTest.java,1,2,1,5,1,0,0,0,0,1,1,1,1,0,1,0,0,0,0,0,0,0,0,0,0,0,0,0,0,1,0,0,0,0,0
cassandra,apache/cassandra/distributed/MaterializedView,MaterializedView,,C:/Users/ismak/Documents/GitHub/relation_test_code_smell_ML/dataset/projects/cassandra/test/distributed/org/apache/cassandra/distributed/MaterializedViewTest.java,0,0,1,5,0,0,0,0,0,0,1,1,1,0,0,0,0,0,0,1,0,0,0,0,0,0,0,0,0,0,1,0,0,0,0
cassandra,apache/cassandra/exceptions/RemoteException,RemoteException,,C:/Users/ismak/Documents/GitHub/relation_test_code_smell_ML/dataset/projects/cassandra/test/unit/org/apache/cassandra/exceptions/RemoteExceptionTest.java,0,0,1,7,0,0,0,0,0,0,1,1,1,0,1,1,0,0,0,1,0,0,0,0,0,0,0,0,0,0,1,0,0,0,0
cassandra,apache/cassandra/exceptions/RequestFailure,RequestFailure,dataset/projects/cassandra/src/java/org/apache/cassandra/exceptions/RequestFailure.java,,1,1,0,0,0,1,0,0,0,0,0,0,0,0,0,0,0,0,0,0,0,0,0,0,0,0,0,0,0,0,0,0,0,0,0
cassandra,apache/cassandra/exceptions/RequestFailureReason,RequestFailureReason,,C:/Users/ismak/Documents/GitHub/relation_test_code_smell_ML/dataset/projects/cassandra/test/unit/org/apache/cassandra/exceptions/RequestFailureReasonTest.java,0,0,1,6,0,0,0,0,0,0,1,1,1,0,1,1,0,0,0,0,0,0,0,0,0,0,0,0,0,0,0,0,0,1,0
cassandra,apache/cassandra/fql/FullQueryLogger,FullQueryLogger,dataset/projects/cassandra/src/java/org/apache/cassandra/fql/FullQueryLogger.java,C:/Users/ismak/Documents/GitHub/relation_test_code_smell_ML/dataset/projects/cassandra/test/unit/org/apache/cassandra/fql/FullQueryLoggerTest.java,1,1,1,13,0,1,0,0,0,0,1,1,1,0,1,1,0,0,0,1,0,1,1,0,1,0,1,0,0,1,0,0,1,1,0
cassandra,apache/cassandra/fqltool/DriverResultSet,DriverResultSet,dataset/projects/cassandra/tools/fqltool/src/org/apache/cassandra/fqltool/DriverResultSet.java,,1,1,0,0,0,1,0,0,0,0,0,0,0,0,0,0,0,0,0,0,0,0,0,0,0,0,0,0,0,0,0,0,0,0,0
cassandra,apache/cassandra/fqltool/FQLCompare,FQLCompare,,C:/Users/ismak/Documents/GitHub/relation_test_code_smell_ML/dataset/projects/cassandra/tools/fqltool/test/unit/org/apache/cassandra/fqltool/FQLCompareTest.java,0,0,1,10,0,0,0,0,0,0,1,1,1,0,1,1,1,0,0,1,0,1,0,0,0,0,0,0,0,0,1,0,1,0,0
cassandra,apache/cassandra/fqltool/FQLReplay,FQLReplay,,C:/Users/ismak/Documents/GitHub/relation_test_code_smell_ML/dataset/projects/cassandra/tools/fqltool/test/unit/org/apache/cassandra/fqltool/FQLReplayTest.java,0,0,1,13,0,0,0,0,0,0,1,1,1,0,1,1,1,0,0,1,0,1,0,0,1,0,0,0,0,1,1,0,1,1,0
cassandra,apache/cassandra/fqltool/QueryReplayer,QueryReplayer,dataset/projects/cassandra/tools/fqltool/src/org/apache/cassandra/fqltool/QueryReplayer.java,,1,1,0,0,1,0,0,0,0,0,0,0,0,0,0,0,0,0,0,0,0,0,0,0,0,0,0,0,0,0,0,0,0,0,0
cassandra,apache/cassandra/fqltool/ResultStore,ResultStore,dataset/projects/cassandra/tools/fqltool/src/org/apache/cassandra/fqltool/ResultStore.java,,1,1,0,0,1,0,0,0,0,0,0,0,0,0,0,0,0,0,0,0,0,0,0,0,0,0,0,0,0,0,0,0,0,0,0
cassandra,apache/cassandra/gms/ArrayBackedBoundedStats,ArrayBackedBoundedStats,,C:/Users/ismak/Documents/GitHub/relation_test_code_smell_ML/dataset/projects/cassandra/test/unit/org/apache/cassandra/gms/ArrayBackedBoundedStatsTest.java,0,0,1,6,0,0,0,0,0,0,1,1,1,0,0,1,0,0,0,1,0,0,0,0,0,0,0,0,0,0,0,0,0,1,0
cassandra,apache/cassandra/gms/ArrivalWindow,ArrivalWindow,,C:/Users/ismak/Documents/GitHub/relation_test_code_smell_ML/dataset/projects/cassandra/test/unit/org/apache/cassandra/gms/ArrivalWindowTest.java,0,0,1,4,0,0,0,0,0,0,1,1,1,0,0,0,0,0,0,0,0,0,0,0,0,0,0,0,0,0,0,0,0,1,0
cassandra,apache/cassandra/gms/EndpointState,EndpointState,dataset/projects/cassandra/src/java/org/apache/cassandra/gms/EndpointState.java,C:/Users/ismak/Documents/GitHub/relation_test_code_smell_ML/dataset/projects/cassandra/test/unit/org/apache/cassandra/gms/EndpointStateTest.java,1,2,1,6,0,0,0,1,0,1,1,1,1,0,0,1,0,0,0,1,0,0,0,0,0,0,0,0,0,0,1,0,0,0,0
cassandra,apache/cassandra/gms/FailureDetector,FailureDetector,dataset/projects/cassandra/src/java/org/apache/cassandra/gms/FailureDetector.java,C:/Users/ismak/Documents/GitHub/relation_test_code_smell_ML/dataset/projects/cassandra/test/unit/org/apache/cassandra/gms/FailureDetectorTest.java,1,4,1,6,1,1,0,1,0,1,1,1,1,0,1,1,0,0,0,1,0,0,0,0,0,0,0,0,0,0,0,0,0,0,0
cassandra,apache/cassandra/gms/GossipDigest,GossipDigest,,C:/Users/ismak/Documents/GitHub/relation_test_code_smell_ML/dataset/projects/cassandra/test/unit/org/apache/cassandra/gms/GossipDigestTest.java,0,0,1,6,0,0,0,0,0,0,1,1,1,0,1,0,0,0,0,1,0,0,0,0,0,0,0,0,0,0,0,0,0,1,0
cassandra,apache/cassandra/gms/GossipDigestAckVerbHandler,GossipDigestAckVerbHandler,dataset/projects/cassandra/src/java/org/apache/cassandra/gms/GossipDigestAckVerbHandler.java,,1,1,0,0,0,1,0,0,0,0,0,0,0,0,0,0,0,0,0,0,0,0,0,0,0,0,0,0,0,0,0,0,0,0,0
cassandra,apache/cassandra/gms/GossipDigestSynVerbHandler,GossipDigestSynVerbHandler,dataset/projects/cassandra/src/java/org/apache/cassandra/gms/GossipDigestSynVerbHandler.java,,1,1,0,0,0,1,0,0,0,0,0,0,0,0,0,0,0,0,0,0,0,0,0,0,0,0,0,0,0,0,0,0,0,0,0
cassandra,apache/cassandra/gms/GossipShutdown,GossipShutdown,,C:/Users/ismak/Documents/GitHub/relation_test_code_smell_ML/dataset/projects/cassandra/test/unit/org/apache/cassandra/gms/GossipShutdownTest.java,0,0,1,5,0,0,0,0,0,0,1,1,1,0,1,0,0,0,0,1,0,0,0,0,0,0,0,0,0,0,0,0,0,0,0
cassandra,apache/cassandra/gms/Gossiper,Gossiper,dataset/projects/cassandra/src/java/org/apache/cassandra/gms/Gossiper.java,C:/Users/ismak/Documents/GitHub/relation_test_code_smell_ML/dataset/projects/cassandra/test/unit/org/apache/cassandra/gms/GossiperTest.java,1,9,1,11,1,6,0,1,0,1,1,1,1,0,1,1,0,0,0,1,1,0,0,0,1,0,0,0,0,1,1,0,0,1,0
cassandra,apache/cassandra/gms/GossiperDiagnostics,GossiperDiagnostics,dataset/projects/cassandra/src/java/org/apache/cassandra/gms/GossiperDiagnostics.java,,1,1,0,0,0,0,0,0,0,1,0,0,0,0,0,0,0,0,0,0,0,0,0,0,0,0,0,0,0,0,0,0,0,0,0
cassandra,apache/cassandra/gms/NewGossiper,NewGossiper,,C:/Users/ismak/Documents/GitHub/relation_test_code_smell_ML/dataset/projects/cassandra/test/unit/org/apache/cassandra/gms/NewGossiperTest.java,0,0,1,7,0,0,0,0,0,0,1,1,1,0,1,1,0,0,0,1,0,0,0,0,0,0,0,0,0,0,1,0,0,0,0
cassandra,apache/cassandra/gms/Serializations,Serializations,,C:/Users/ismak/Documents/GitHub/relation_test_code_smell_ML/dataset/projects/cassandra/test/unit/org/apache/cassandra/gms/SerializationsTest.java,0,0,1,7,0,0,0,0,0,0,1,1,1,0,0,1,0,0,0,1,0,0,0,0,0,0,0,0,0,0,1,1,0,0,0
cassandra,apache/cassandra/gms/VersionedValue,VersionedValue,dataset/projects/cassandra/src/java/org/apache/cassandra/gms/VersionedValue.java,C:/Users/ismak/Documents/GitHub/relation_test_code_smell_ML/dataset/projects/cassandra/test/unit/org/apache/cassandra/gms/VersionedValueTest.java,1,1,1,5,0,0,0,0,0,1,1,1,1,0,0,1,0,0,0,0,0,0,0,0,0,0,0,0,0,0,1,0,0,0,0
cassandra,apache/cassandra/hints/ChecksummedDataInput,ChecksummedDataInput,dataset/projects/cassandra/src/java/org/apache/cassandra/hints/ChecksummedDataInput.java,C:/Users/ismak/Documents/GitHub/relation_test_code_smell_ML/dataset/projects/cassandra/test/unit/org/apache/cassandra/hints/ChecksummedDataInputTest.java,1,1,1,9,0,0,0,0,0,1,1,1,1,0,1,1,0,0,0,1,0,1,0,0,0,0,0,0,0,1,0,0,0,1,0
cassandra,apache/cassandra/hints/Hint,Hint,,C:/Users/ismak/Documents/GitHub/relation_test_code_smell_ML/dataset/projects/cassandra/test/unit/org/apache/cassandra/hints/HintTest.java,0,0,1,6,0,0,0,0,0,0,1,1,1,0,1,1,0,0,0,1,0,0,0,0,0,0,0,0,0,0,0,0,0,0,0
cassandra,apache/cassandra/hints/HintMessage,HintMessage,,C:/Users/ismak/Documents/GitHub/relation_test_code_smell_ML/dataset/projects/cassandra/test/unit/org/apache/cassandra/hints/HintMessageTest.java,0,0,1,5,0,0,0,0,0,0,1,1,1,0,1,0,0,0,0,1,0,0,0,0,0,0,0,0,0,0,0,0,0,0,0
cassandra,apache/cassandra/hints/HintServiceByteman,HintServiceByteman,,C:/Users/ismak/Documents/GitHub/relation_test_code_smell_ML/dataset/projects/cassandra/test/unit/org/apache/cassandra/hints/HintServiceBytemanTest.java,0,0,1,6,0,0,0,0,0,0,1,1,1,0,1,0,0,0,0,1,0,0,0,0,0,0,0,0,0,0,0,0,0,1,0
cassandra,apache/cassandra/hints/HintWriteTTL,HintWriteTTL,,C:/Users/ismak/Documents/GitHub/relation_test_code_smell_ML/dataset/projects/cassandra/test/unit/org/apache/cassandra/hints/HintWriteTTLTest.java,0,0,1,7,0,0,0,0,0,0,1,1,1,0,1,1,0,0,0,1,0,0,0,0,0,0,0,0,0,0,0,0,0,1,0
cassandra,apache/cassandra/hints/HintsBuffer,HintsBuffer,dataset/projects/cassandra/src/java/org/apache/cassandra/hints/HintsBuffer.java,C:/Users/ismak/Documents/GitHub/relation_test_code_smell_ML/dataset/projects/cassandra/test/unit/org/apache/cassandra/hints/HintsBufferTest.java,1,1,1,7,0,0,0,0,0,1,1,1,1,0,1,1,0,0,0,1,0,0,0,0,0,0,0,0,0,0,0,0,0,1,0
cassandra,apache/cassandra/hints/HintsBufferPool,HintsBufferPool,,C:/Users/ismak/Documents/GitHub/relation_test_code_smell_ML/dataset/projects/cassandra/test/unit/org/apache/cassandra/hints/HintsBufferPoolTest.java,0,0,1,5,0,0,0,0,0,0,1,1,1,0,0,1,0,0,0,1,0,0,0,0,0,0,0,0,0,0,0,0,0,0,0
cassandra,apache/cassandra/hints/HintsCatalog,HintsCatalog,dataset/projects/cassandra/src/java/org/apache/cassandra/hints/HintsCatalog.java,C:/Users/ismak/Documents/GitHub/relation_test_code_smell_ML/dataset/projects/cassandra/test/unit/org/apache/cassandra/hints/HintsCatalogTest.java,1,1,1,11,0,0,0,0,0,1,1,1,1,0,1,1,0,0,0,1,0,1,0,0,0,0,0,0,0,1,1,0,1,1,0
cassandra,apache/cassandra/hints/HintsCompression,HintsCompression,,C:/Users/ismak/Documents/GitHub/relation_test_code_smell_ML/dataset/projects/cassandra/test/unit/org/apache/cassandra/hints/HintsCompressionTest.java,0,0,1,5,0,0,0,0,0,0,1,1,1,0,0,0,0,0,0,1,0,0,0,0,0,0,0,0,0,0,1,0,0,0,0
cassandra,apache/cassandra/hints/HintsDescriptor,HintsDescriptor,dataset/projects/cassandra/src/java/org/apache/cassandra/hints/HintsDescriptor.java,C:/Users/ismak/Documents/GitHub/relation_test_code_smell_ML/dataset/projects/cassandra/test/unit/org/apache/cassandra/hints/HintsDescriptorTest.java,1,2,1,10,0,0,0,1,0,1,1,1,1,0,1,0,0,0,0,1,0,1,0,0,0,0,0,0,0,1,1,1,1,0,0
cassandra,apache/cassandra/hints/HintsDispatcher,HintsDispatcher,dataset/projects/cassandra/src/java/org/apache/cassandra/hints/HintsDispatcher.java,,1,4,0,0,1,1,0,1,0,1,0,0,0,0,0,0,0,0,0,0,0,0,0,0,0,0,0,0,0,0,0,0,0,0,0
cassandra,apache/cassandra/hints/HintsEncryption,HintsEncryption,,C:/Users/ismak/Documents/GitHub/relation_test_code_smell_ML/dataset/projects/cassandra/test/unit/org/apache/cassandra/hints/HintsEncryptionTest.java,0,0,1,6,0,0,0,0,0,0,1,1,1,0,0,0,0,0,0,1,1,0,0,0,0,0,0,0,0,0,1,0,0,0,0
cassandra,apache/cassandra/hints/HintsPendingTable,HintsPendingTable,,C:/Users/ismak/Documents/GitHub/relation_test_code_smell_ML/dataset/projects/cassandra/test/unit/org/apache/cassandra/hints/HintsPendingTableTest.java,0,0,1,7,0,0,0,0,0,0,1,1,1,0,1,1,0,0,0,0,1,0,0,0,0,0,0,0,0,1,0,0,0,0,0
cassandra,apache/cassandra/hints/HintsReader,HintsReader,,C:/Users/ismak/Documents/GitHub/relation_test_code_smell_ML/dataset/projects/cassandra/test/unit/org/apache/cassandra/hints/HintsReaderTest.java,0,0,1,6,0,0,0,0,0,0,1,1,1,0,0,0,0,0,0,1,0,0,0,0,0,0,0,0,0,0,1,0,1,0,0
cassandra,apache/cassandra/hints/HintsService,HintsService,dataset/projects/cassandra/src/java/org/apache/cassandra/hints/HintsService.java,C:/Users/ismak/Documents/GitHub/relation_test_code_smell_ML/dataset/projects/cassandra/test/unit/org/apache/cassandra/hints/HintsServiceTest.java,1,2,1,9,1,0,0,0,0,1,1,1,1,0,1,1,0,0,0,1,0,0,0,0,0,0,1,0,0,0,1,0,0,1,0
cassandra,apache/cassandra/hints/HintsStore,HintsStore,dataset/projects/cassandra/src/java/org/apache/cassandra/hints/HintsStore.java,C:/Users/ismak/Documents/GitHub/relation_test_code_smell_ML/dataset/projects/cassandra/test/unit/org/apache/cassandra/hints/HintsStoreTest.java,1,1,1,9,0,0,0,0,0,1,1,1,1,0,1,1,0,0,0,1,0,0,0,0,0,0,0,0,0,0,1,0,1,1,0
cassandra,apache/cassandra/hints/HintsUpgrade,HintsUpgrade,,C:/Users/ismak/Documents/GitHub/relation_test_code_smell_ML/dataset/projects/cassandra/test/unit/org/apache/cassandra/hints/HintsUpgradeTest.java,0,0,1,5,0,0,0,0,0,0,1,1,1,0,0,0,0,0,0,1,0,0,0,0,0,0,0,0,0,0,1,0,0,0,0
cassandra,apache/cassandra/hints/HintsWriteThenRead,HintsWriteThenRead,,C:/Users/ismak/Documents/GitHub/relation_test_code_smell_ML/dataset/projects/cassandra/test/long/org/apache/cassandra/hints/HintsWriteThenReadTest.java,0,0,1,8,0,0,0,0,0,0,1,1,1,0,0,0,0,0,0,1,0,1,0,0,0,0,0,0,0,0,1,1,1,0,0
cassandra,apache/cassandra/index/CustomIndex,CustomIndex,,C:/Users/ismak/Documents/GitHub/relation_test_code_smell_ML/dataset/projects/cassandra/test/unit/org/apache/cassandra/index/CustomIndexTest.java,0,0,1,11,0,0,0,0,0,0,1,1,1,0,1,1,0,0,0,1,0,0,0,0,1,0,0,0,0,1,1,1,0,1,0
cassandra,apache/cassandra/index/Index,Index,dataset/projects/cassandra/src/java/org/apache/cassandra/index/Index.java,,1,1,0,0,0,0,0,0,0,1,0,0,0,0,0,0,0,0,0,0,0,0,0,0,0,0,0,0,0,0,0,0,0,0,0
cassandra,apache/cassandra/index/IndexStatusManager,IndexStatusManager,dataset/projects/cassandra/src/java/org/apache/cassandra/index/IndexStatusManager.java,C:/Users/ismak/Documents/GitHub/relation_test_code_smell_ML/dataset/projects/cassandra/test/unit/org/apache/cassandra/index/IndexStatusManagerTest.java,1,1,1,4,1,0,0,0,0,0,1,1,1,0,0,0,0,0,0,0,0,0,0,0,0,0,0,0,0,0,1,0,0,0,0
cassandra,apache/cassandra/index/SecondaryIndexManager,SecondaryIndexManager,dataset/projects/cassandra/src/java/org/apache/cassandra/index/SecondaryIndexManager.java,C:/Users/ismak/Documents/GitHub/relation_test_code_smell_ML/dataset/projects/cassandra/test/unit/org/apache/cassandra/index/SecondaryIndexManagerTest.java,1,7,1,7,1,4,0,1,0,1,1,1,1,0,1,0,0,0,0,1,0,0,0,0,0,0,0,0,0,1,1,0,0,0,0
cassandra,apache/cassandra/io/DiskSpaceMetrics,DiskSpaceMetrics,,C:/Users/ismak/Documents/GitHub/relation_test_code_smell_ML/dataset/projects/cassandra/test/unit/org/apache/cassandra/io/DiskSpaceMetricsTest.java,0,0,1,6,0,0,0,0,0,0,1,1,1,0,1,1,0,0,0,1,0,0,0,0,0,0,0,0,0,0,0,0,0,0,0
cassandra,apache/cassandra/journal/ActiveSegment,ActiveSegment,dataset/projects/cassandra/src/java/org/apache/cassandra/journal/ActiveSegment.java,,1,2,0,0,1,0,0,0,0,1,0,0,0,0,0,0,0,0,0,0,0,0,0,0,0,0,0,0,0,0,0,0,0,0,0
cassandra,apache/cassandra/journal/Descriptor,Descriptor,dataset/projects/cassandra/src/java/org/apache/cassandra/journal/Descriptor.java,C:/Users/ismak/Documents/GitHub/relation_test_code_smell_ML/dataset/projects/cassandra/test/unit/org/apache/cassandra/journal/DescriptorTest.java,1,1,1,5,0,0,0,0,0,1,1,1,1,0,1,1,0,0,0,0,0,0,0,0,0,0,0,0,0,0,0,0,0,0,0
cassandra,apache/cassandra/journal/Flusher,Flusher,dataset/projects/cassandra/src/java/org/apache/cassandra/journal/Flusher.java,,1,1,0,0,0,0,0,0,0,1,0,0,0,0,0,0,0,0,0,0,0,0,0,0,0,0,0,0,0,0,0,0,0,0,0
cassandra,apache/cassandra/journal/InMemoryIndex,InMemoryIndex,dataset/projects/cassandra/src/java/org/apache/cassandra/journal/InMemoryIndex.java,,1,1,0,0,0,0,0,0,0,1,0,0,0,0,0,0,0,0,0,0,0,0,0,0,0,0,0,0,0,0,0,0,0,0,0
cassandra,apache/cassandra/journal/Index,Index,dataset/projects/cassandra/src/java/org/apache/cassandra/journal/Index.java,C:/Users/ismak/Documents/GitHub/relation_test_code_smell_ML/dataset/projects/cassandra/test/unit/org/apache/cassandra/journal/IndexTest.java,1,1,1,11,0,0,0,0,0,1,1,1,1,0,1,1,0,0,0,1,0,1,0,0,0,0,0,0,0,1,1,1,1,0,0
cassandra,apache/cassandra/journal/Journal,Journal,dataset/projects/cassandra/src/java/org/apache/cassandra/journal/Journal.java,C:/Users/ismak/Documents/GitHub/relation_test_code_smell_ML/dataset/projects/cassandra/test/unit/org/apache/cassandra/journal/JournalTest.java,1,6,1,8,1,3,0,1,0,1,1,1,1,0,1,0,0,0,0,1,0,1,0,0,0,0,0,0,0,1,0,0,1,0,0
cassandra,apache/cassandra/journal/Metadata,Metadata,dataset/projects/cassandra/src/java/org/apache/cassandra/journal/Metadata.java,C:/Users/ismak/Documents/GitHub/relation_test_code_smell_ML/dataset/projects/cassandra/test/unit/org/apache/cassandra/journal/MetadataTest.java,1,1,1,5,0,0,0,0,0,1,1,1,1,0,0,0,0,0,0,1,0,0,0,0,0,0,0,0,0,0,0,0,0,1,0
cassandra,apache/cassandra/journal/OnDiskIndex,OnDiskIndex,dataset/projects/cassandra/src/java/org/apache/cassandra/journal/OnDiskIndex.java,,1,1,0,0,0,0,0,0,0,1,0,0,0,0,0,0,0,0,0,0,0,0,0,0,0,0,0,0,0,0,0,0,0,0,0
cassandra,apache/cassandra/journal/Params,Params,,C:/Users/ismak/Documents/GitHub/relation_test_code_smell_ML/dataset/projects/cassandra/test/unit/org/apache/cassandra/journal/TestParams.java,0,0,1,3,0,0,0,0,0,0,1,1,1,0,0,0,0,0,0,0,0,0,0,0,0,0,0,0,0,0,0,0,0,0,0
cassandra,apache/cassandra/journal/Segment,Segment,dataset/projects/cassandra/src/java/org/apache/cassandra/journal/Segment.java,C:/Users/ismak/Documents/GitHub/relation_test_code_smell_ML/dataset/projects/cassandra/test/unit/org/apache/cassandra/journal/SegmentTest.java,1,1,1,9,0,0,0,0,0,1,1,1,1,0,1,1,0,0,0,1,0,1,0,0,0,0,0,0,0,1,0,0,1,0,0
cassandra,apache/cassandra/journal/Segments,Segments,dataset/projects/cassandra/src/java/org/apache/cassandra/journal/Segments.java,,1,1,0,0,0,0,0,0,0,1,0,0,0,0,0,0,0,0,0,0,0,0,0,0,0,0,0,0,0,0,0,0,0,0,0
cassandra,apache/cassandra/journal/StaticSegment,StaticSegment,dataset/projects/cassandra/src/java/org/apache/cassandra/journal/StaticSegment.java,,1,4,0,0,1,2,0,0,0,1,0,0,0,0,0,0,0,0,0,0,0,0,0,0,0,0,0,0,0,0,0,0,0,0,0
cassandra,apache/cassandra/locator/AbstractReplicaCollection,AbstractReplicaCollection,dataset/projects/cassandra/src/java/org/apache/cassandra/locator/AbstractReplicaCollection.java,,1,4,0,0,1,1,0,0,0,2,0,0,0,0,0,0,0,0,0,0,0,0,0,0,0,0,0,0,0,0,0,0,0,0,0
cassandra,apache/cassandra/locator/AbstractReplicationStrategy,AbstractReplicationStrategy,dataset/projects/cassandra/src/java/org/apache/cassandra/locator/AbstractReplicationStrategy.java,,1,3,0,0,1,0,0,1,0,1,0,0,0,0,0,0,0,0,0,0,0,0,0,0,0,0,0,0,0,0,0,0,0,0,0
cassandra,apache/cassandra/locator/AlibabaCloudSnitch,AlibabaCloudSnitch,,C:/Users/ismak/Documents/GitHub/relation_test_code_smell_ML/dataset/projects/cassandra/test/unit/org/apache/cassandra/locator/AlibabaCloudSnitchTest.java,0,0,1,5,0,0,0,0,0,0,1,1,1,0,1,0,0,0,0,1,0,0,0,0,0,0,0,0,0,0,0,0,0,0,0
cassandra,apache/cassandra/locator/AssureSufficientLiveNodes,AssureSufficientLiveNodes,,C:/Users/ismak/Documents/GitHub/relation_test_code_smell_ML/dataset/projects/cassandra/test/unit/org/apache/cassandra/locator/AssureSufficientLiveNodesTest.java,0,0,1,5,0,0,0,0,0,0,1,1,1,0,0,0,0,0,0,1,0,0,0,0,0,0,0,0,0,0,1,0,0,0,0
cassandra,apache/cassandra/locator/AzureCloudLocationProvider,AzureCloudLocationProvider,dataset/projects/cassandra/src/java/org/apache/cassandra/locator/AzureCloudLocationProvider.java,,1,1,0,0,0,1,0,0,0,0,0,0,0,0,0,0,0,0,0,0,0,0,0,0,0,0,0,0,0,0,0,0,0,0,0
cassandra,apache/cassandra/locator/AzureConnectorMocking,AzureConnectorMocking,,C:/Users/ismak/Documents/GitHub/relation_test_code_smell_ML/dataset/projects/cassandra/test/unit/org/apache/cassandra/locator/AzureConnectorMockingTest.java,0,0,1,5,0,0,0,0,0,0,1,1,1,0,1,0,0,0,0,1,0,0,0,0,0,0,0,0,0,0,0,0,0,0,0
cassandra,apache/cassandra/locator/CloudstackSnitch,CloudstackSnitch,,C:/Users/ismak/Documents/GitHub/relation_test_code_smell_ML/dataset/projects/cassandra/test/unit/org/apache/cassandra/locator/CloudstackSnitchTest.java,0,0,1,5,0,0,0,0,0,0,1,1,1,0,1,0,0,0,0,1,0,0,0,0,0,0,0,0,0,0,0,0,0,0,0
cassandra,apache/cassandra/locator/DefaultCloudMetadataServiceConnector,DefaultCloudMetadataServiceConnector,,C:/Users/ismak/Documents/GitHub/relation_test_code_smell_ML/dataset/projects/cassandra/test/unit/org/apache/cassandra/locator/DefaultCloudMetadataServiceConnectorTest.java,0,0,1,5,0,0,0,0,0,0,1,1,1,0,1,0,0,0,0,0,0,0,0,0,0,0,0,0,0,0,0,0,0,1,0
cassandra,apache/cassandra/locator/DynamicEndpointSnitch,DynamicEndpointSnitch,dataset/projects/cassandra/src/java/org/apache/cassandra/locator/DynamicEndpointSnitch.java,C:/Users/ismak/Documents/GitHub/relation_test_code_smell_ML/dataset/projects/cassandra/test/unit/org/apache/cassandra/locator/DynamicEndpointSnitchTest.java,1,4,1,5,1,1,0,1,0,1,1,1,1,0,0,0,0,0,0,1,1,0,0,0,0,0,0,0,0,0,0,0,0,0,0
cassandra,apache/cassandra/locator/DynamicEndpointSnitchLong,DynamicEndpointSnitchLong,,C:/Users/ismak/Documents/GitHub/relation_test_code_smell_ML/dataset/projects/cassandra/test/long/org/apache/cassandra/locator/DynamicEndpointSnitchLongTest.java,0,0,1,6,0,0,0,0,0,0,1,1,1,0,0,1,0,0,0,1,0,0,0,0,0,0,0,0,0,0,1,0,0,0,0
cassandra,apache/cassandra/locator/Ec2Connector,Ec2Connector,,C:/Users/ismak/Documents/GitHub/relation_test_code_smell_ML/dataset/projects/cassandra/test/unit/org/apache/cassandra/locator/Ec2ConnectorTest.java,0,0,1,5,0,0,0,0,0,0,1,1,1,0,1,0,0,0,0,0,0,0,0,0,0,0,0,0,0,1,0,0,0,0,0
cassandra,apache/cassandra/locator/Ec2Snitch,Ec2Snitch,,C:/Users/ismak/Documents/GitHub/relation_test_code_smell_ML/dataset/projects/cassandra/test/unit/org/apache/cassandra/locator/Ec2SnitchTest.java,0,0,1,8,0,0,0,0,0,0,1,1,1,0,1,1,0,0,0,1,0,0,0,0,0,0,0,0,0,0,1,1,0,0,0
cassandra,apache/cassandra/locator/Ec2V2ConnectorMocking,Ec2V2ConnectorMocking,,C:/Users/ismak/Documents/GitHub/relation_test_code_smell_ML/dataset/projects/cassandra/test/unit/org/apache/cassandra/locator/Ec2V2ConnectorMockingTest.java,0,0,1,6,0,0,0,0,0,0,1,1,1,0,0,0,0,0,0,1,0,0,0,0,0,0,1,0,0,0,1,0,0,0,0
cassandra,apache/cassandra/locator/Endpoints,Endpoints,dataset/projects/cassandra/src/java/org/apache/cassandra/locator/Endpoints.java,,1,1,0,0,0,0,0,0,0,1,0,0,0,0,0,0,0,0,0,0,0,0,0,0,0,0,0,0,0,0,0,0,0,0,0
cassandra,apache/cassandra/locator/EndpointsForRange,EndpointsForRange,dataset/projects/cassandra/src/java/org/apache/cassandra/locator/EndpointsForRange.java,,1,2,0,0,0,1,0,0,0,1,0,0,0,0,0,0,0,0,0,0,0,0,0,0,0,0,0,0,0,0,0,0,0,0,0
cassandra,apache/cassandra/locator/EndpointsForToken,EndpointsForToken,dataset/projects/cassandra/src/java/org/apache/cassandra/locator/EndpointsForToken.java,,1,2,0,0,0,1,0,0,0,1,0,0,0,0,0,0,0,0,0,0,0,0,0,0,0,0,0,0,0,0,0,0,0,0,0
cassandra,apache/cassandra/locator/GoogleCloudSnitch,GoogleCloudSnitch,,C:/Users/ismak/Documents/GitHub/relation_test_code_smell_ML/dataset/projects/cassandra/test/unit/org/apache/cassandra/locator/GoogleCloudSnitchTest.java,0,0,1,5,0,0,0,0,0,0,1,1,1,0,1,0,0,0,0,1,0,0,0,0,0,0,0,0,0,0,0,0,0,0,0
cassandra,apache/cassandra/locator/GossipingPropertyFileSnitch,GossipingPropertyFileSnitch,,C:/Users/ismak/Documents/GitHub/relation_test_code_smell_ML/dataset/projects/cassandra/test/unit/org/apache/cassandra/locator/GossipingPropertyFileSnitchTest.java,0,0,1,4,0,0,0,0,0,0,1,1,1,0,1,0,0,0,0,0,0,0,0,0,0,0,0,0,0,0,0,0,0,0,0
cassandra,apache/cassandra/locator/InetAddressAndPort,InetAddressAndPort,dataset/projects/cassandra/src/java/org/apache/cassandra/locator/InetAddressAndPort.java,C:/Users/ismak/Documents/GitHub/relation_test_code_smell_ML/dataset/projects/cassandra/test/unit/org/apache/cassandra/locator/InetAddressAndPortTest.java,1,2,1,9,0,0,0,1,0,1,1,1,1,0,1,0,0,0,0,1,0,0,0,1,1,0,0,0,0,1,0,0,0,1,0
cassandra,apache/cassandra/locator/InetAddressAndPortSerializer,InetAddressAndPortSerializer,,C:/Users/ismak/Documents/GitHub/relation_test_code_smell_ML/dataset/projects/cassandra/test/unit/org/apache/cassandra/locator/InetAddressAndPortSerializerTest.java,0,0,1,7,0,0,0,0,0,0,1,1,1,0,0,1,0,0,0,1,0,0,0,0,0,0,0,0,0,0,1,1,0,0,0
cassandra,apache/cassandra/locator/MetaStrategy,MetaStrategy,,C:/Users/ismak/Documents/GitHub/relation_test_code_smell_ML/dataset/projects/cassandra/test/unit/org/apache/cassandra/locator/MetaStrategyTest.java,0,0,1,7,0,0,0,0,0,0,1,1,1,0,1,0,0,0,0,1,0,0,0,0,0,0,0,0,0,1,0,0,0,1,0
cassandra,apache/cassandra/locator/NetworkTopologyProximity,NetworkTopologyProximity,dataset/projects/cassandra/src/java/org/apache/cassandra/locator/NetworkTopologyProximity.java,,1,1,0,0,0,1,0,0,0,0,0,0,0,0,0,0,0,0,0,0,0,0,0,0,0,0,0,0,0,0,0,0,0,0,0
cassandra,apache/cassandra/locator/NetworkTopologyStrategy,NetworkTopologyStrategy,dataset/projects/cassandra/src/java/org/apache/cassandra/locator/NetworkTopologyStrategy.java,C:/Users/ismak/Documents/GitHub/relation_test_code_smell_ML/dataset/projects/cassandra/test/unit/org/apache/cassandra/locator/NetworkTopologyStrategyTest.java,1,3,1,9,1,0,0,1,0,1,1,1,1,0,1,1,0,0,0,1,0,0,0,0,0,0,0,0,0,0,1,1,0,1,0
cassandra,apache/cassandra/locator/NodeProximityEndpointCompare,NodeProximityEndpointCompare,,C:/Users/ismak/Documents/GitHub/relation_test_code_smell_ML/dataset/projects/cassandra/test/unit/org/apache/cassandra/locator/NodeProximityEndpointCompareTest.java,0,0,1,5,0,0,0,0,0,0,1,1,1,0,0,1,0,0,0,1,0,0,0,0,0,0,0,0,0,0,0,0,0,0,0
cassandra,apache/cassandra/locator/PendingRanges,PendingRanges,,C:/Users/ismak/Documents/GitHub/relation_test_code_smell_ML/dataset/projects/cassandra/test/unit/org/apache/cassandra/locator/PendingRangesTest.java,0,0,1,5,0,0,0,0,0,0,1,1,1,0,0,0,0,0,0,0,0,0,0,0,0,0,0,0,0,0,0,1,0,1,0
cassandra,apache/cassandra/locator/PropertyFileSnitch,PropertyFileSnitch,,C:/Users/ismak/Documents/GitHub/relation_test_code_smell_ML/dataset/projects/cassandra/test/unit/org/apache/cassandra/locator/PropertyFileSnitchTest.java,0,0,1,6,0,0,0,0,0,0,1,1,1,0,1,0,0,0,0,1,1,0,0,0,0,0,0,0,0,0,0,0,0,0,0
cassandra,apache/cassandra/locator/RangesAtEndpoint,RangesAtEndpoint,dataset/projects/cassandra/src/java/org/apache/cassandra/locator/RangesAtEndpoint.java,,1,2,0,0,0,1,0,0,0,1,0,0,0,0,0,0,0,0,0,0,0,0,0,0,0,0,0,0,0,0,0,0,0,0,0
cassandra,apache/cassandra/locator/ReconnectableSnitchHelper,ReconnectableSnitchHelper,,C:/Users/ismak/Documents/GitHub/relation_test_code_smell_ML/dataset/projects/cassandra/test/unit/org/apache/cassandra/locator/ReconnectableSnitchHelperTest.java,0,0,1,5,0,0,0,0,0,0,1,1,1,0,0,0,0,0,0,1,0,0,0,0,0,0,0,0,0,0,1,0,0,0,0
cassandra,apache/cassandra/locator/Replica,Replica,dataset/projects/cassandra/src/java/org/apache/cassandra/locator/Replica.java,,1,1,0,0,0,0,0,0,0,1,0,0,0,0,0,0,0,0,0,0,0,0,0,0,0,0,0,0,0,0,0,0,0,0,0
cassandra,apache/cassandra/locator/ReplicaCollection,ReplicaCollection,dataset/projects/cassandra/src/java/org/apache/cassandra/locator/ReplicaCollection.java,C:/Users/ismak/Documents/GitHub/relation_test_code_smell_ML/dataset/projects/cassandra/test/unit/org/apache/cassandra/locator/ReplicaCollectionTest.java,1,1,1,9,0,0,0,0,0,1,1,1,1,0,1,1,0,0,0,1,0,0,0,0,0,0,0,0,0,1,1,1,0,0,0
cassandra,apache/cassandra/locator/ReplicaLayout,ReplicaLayout,dataset/projects/cassandra/src/java/org/apache/cassandra/locator/ReplicaLayout.java,C:/Users/ismak/Documents/GitHub/relation_test_code_smell_ML/dataset/projects/cassandra/test/unit/org/apache/cassandra/locator/ReplicaLayoutTest.java,1,2,1,5,1,0,0,0,0,1,1,1,1,0,1,0,0,0,0,0,0,0,0,0,0,0,0,0,0,1,0,0,0,0,0
cassandra,apache/cassandra/locator/ReplicaPlan,ReplicaPlan,dataset/projects/cassandra/src/java/org/apache/cassandra/locator/ReplicaPlan.java,,1,4,0,0,1,1,1,0,0,1,0,0,0,0,0,0,0,0,0,0,0,0,0,0,0,0,0,0,0,0,0,0,0,0,0
cassandra,apache/cassandra/locator/ReplicaPlans,ReplicaPlans,dataset/projects/cassandra/src/java/org/apache/cassandra/locator/ReplicaPlans.java,C:/Users/ismak/Documents/GitHub/relation_test_code_smell_ML/dataset/projects/cassandra/test/unit/org/apache/cassandra/locator/ReplicaPlansTest.java,1,5,1,5,1,2,0,1,0,1,1,1,1,0,1,0,0,0,0,0,0,0,0,0,0,0,0,0,0,1,0,0,0,0,0
cassandra,apache/cassandra/locator/ReplicationFactor,ReplicationFactor,,C:/Users/ismak/Documents/GitHub/relation_test_code_smell_ML/dataset/projects/cassandra/test/unit/org/apache/cassandra/locator/ReplicationFactorTest.java,0,0,1,4,0,0,0,0,0,0,1,1,1,0,0,0,0,0,0,0,0,0,0,1,0,0,0,0,0,0,0,0,0,0,0
cassandra,apache/cassandra/locator/SimpleSeedProvider,SimpleSeedProvider,,C:/Users/ismak/Documents/GitHub/relation_test_code_smell_ML/dataset/projects/cassandra/test/unit/org/apache/cassandra/locator/SimpleSeedProviderTest.java,0,0,1,8,0,0,0,0,0,0,1,1,1,0,1,1,0,0,0,1,0,0,0,0,0,0,0,0,0,1,0,0,0,1,0
cassandra,apache/cassandra/locator/SimpleStrategy,SimpleStrategy,dataset/projects/cassandra/src/java/org/apache/cassandra/locator/SimpleStrategy.java,C:/Users/ismak/Documents/GitHub/relation_test_code_smell_ML/dataset/projects/cassandra/test/unit/org/apache/cassandra/locator/SimpleStrategyTest.java,1,1,1,8,1,0,0,0,0,0,1,1,1,0,1,1,0,0,0,1,0,0,0,0,0,0,0,0,0,0,1,0,0,1,0
cassandra,apache/cassandra/locator/SnitchUtils,SnitchUtils,,C:/Users/ismak/Documents/GitHub/relation_test_code_smell_ML/dataset/projects/cassandra/test/unit/org/apache/cassandra/locator/SnitchUtilsTest.java,0,0,1,5,0,0,0,0,0,0,1,1,1,0,1,0,0,0,0,0,0,0,0,0,0,0,0,0,0,1,0,0,0,0,0
cassandra,apache/cassandra/locator/TopologyFileLocationProvider,TopologyFileLocationProvider,dataset/projects/cassandra/src/java/org/apache/cassandra/locator/TopologyFileLocationProvider.java,,1,1,0,0,0,1,0,0,0,0,0,0,0,0,0,0,0,0,0,0,0,0,0,0,0,0,0,0,0,0,0,0,0,0,0
cassandra,apache/cassandra/metrics/AccordCoordinatorMetrics,AccordCoordinatorMetrics,dataset/projects/cassandra/src/java/org/apache/cassandra/metrics/AccordCoordinatorMetrics.java,,1,1,0,0,0,1,0,0,0,0,0,0,0,0,0,0,0,0,0,0,0,0,0,0,0,0,0,0,0,0,0,0,0,0,0
cassandra,apache/cassandra/metrics/BatchMetrics,BatchMetrics,,C:/Users/ismak/Documents/GitHub/relation_test_code_smell_ML/dataset/projects/cassandra/test/unit/org/apache/cassandra/metrics/BatchMetricsTest.java,0,0,1,3,0,0,0,0,0,0,1,1,1,0,0,0,0,0,0,0,0,0,0,0,0,0,0,0,0,0,0,0,0,0,0
cassandra,apache/cassandra/metrics/BufferPoolMetrics,BufferPoolMetrics,,C:/Users/ismak/Documents/GitHub/relation_test_code_smell_ML/dataset/projects/cassandra/test/unit/org/apache/cassandra/metrics/BufferPoolMetricsTest.java,0,0,1,7,0,0,0,0,0,0,1,1,1,0,1,1,0,0,0,0,0,0,0,0,0,0,0,0,0,1,0,0,0,1,0
cassandra,apache/cassandra/metrics/CQLMetrics,CQLMetrics,,C:/Users/ismak/Documents/GitHub/relation_test_code_smell_ML/dataset/projects/cassandra/test/unit/org/apache/cassandra/metrics/CQLMetricsTest.java,0,0,1,8,0,0,0,0,0,0,1,1,1,0,1,1,0,0,0,1,0,0,0,0,0,0,0,0,0,1,0,0,0,1,0
cassandra,apache/cassandra/metrics/CacheMetrics,CacheMetrics,,C:/Users/ismak/Documents/GitHub/relation_test_code_smell_ML/dataset/projects/cassandra/test/unit/org/apache/cassandra/metrics/CacheMetricsTest.java,0,0,1,3,0,0,0,0,0,0,1,1,1,0,0,0,0,0,0,0,0,0,0,0,0,0,0,0,0,0,0,0,0,0,0
cassandra,apache/cassandra/metrics/CassandraMetricsRegistry,CassandraMetricsRegistry,dataset/projects/cassandra/src/java/org/apache/cassandra/metrics/CassandraMetricsRegistry.java,C:/Users/ismak/Documents/GitHub/relation_test_code_smell_ML/dataset/projects/cassandra/test/unit/org/apache/cassandra/metrics/CassandraMetricsRegistryTest.java,1,6,1,6,1,2,0,2,0,1,1,1,1,0,1,1,0,0,0,0,0,0,0,0,0,0,0,0,0,0,0,0,0,1,0
cassandra,apache/cassandra/metrics/ClientMetrics,ClientMetrics,dataset/projects/cassandra/src/java/org/apache/cassandra/metrics/ClientMetrics.java,C:/Users/ismak/Documents/GitHub/relation_test_code_smell_ML/dataset/projects/cassandra/test/unit/org/apache/cassandra/metrics/ClientMetricsTest.java,1,3,1,8,1,0,0,0,1,1,1,1,1,0,1,0,0,0,0,1,1,0,0,0,0,0,0,0,0,1,0,0,0,1,0
cassandra,apache/cassandra/metrics/ClientRequestMetrics,ClientRequestMetrics,,C:/Users/ismak/Documents/GitHub/relation_test_code_smell_ML/dataset/projects/cassandra/test/unit/org/apache/cassandra/metrics/ClientRequestMetricsTest.java,0,0,1,6,0,0,0,0,0,0,1,1,1,0,1,0,0,0,0,1,0,0,0,0,0,0,0,0,0,0,0,0,0,1,0
cassandra,apache/cassandra/metrics/ClientRequestRowAndColumnMetrics,ClientRequestRowAndColumnMetrics,,C:/Users/ismak/Documents/GitHub/relation_test_code_smell_ML/dataset/projects/cassandra/test/unit/org/apache/cassandra/metrics/ClientRequestRowAndColumnMetricsTest.java,0,0,1,7,0,0,0,0,0,0,1,1,1,0,1,0,0,0,0,1,0,0,0,0,0,0,0,0,0,0,1,0,0,1,0
cassandra,apache/cassandra/metrics/ClientRequestSizeMetrics,ClientRequestSizeMetrics,,C:/Users/ismak/Documents/GitHub/relation_test_code_smell_ML/dataset/projects/cassandra/test/unit/org/apache/cassandra/metrics/ClientRequestSizeMetricsTest.java,0,0,1,5,0,0,0,0,0,0,1,1,1,0,1,0,0,0,0,1,0,0,0,0,0,0,0,0,0,0,0,0,0,0,0
cassandra,apache/cassandra/metrics/DecayingEstimatedHistogramReservoir,DecayingEstimatedHistogramReservoir,dataset/projects/cassandra/src/java/org/apache/cassandra/metrics/DecayingEstimatedHistogramReservoir.java,C:/Users/ismak/Documents/GitHub/relation_test_code_smell_ML/dataset/projects/cassandra/test/unit/org/apache/cassandra/metrics/DecayingEstimatedHistogramReservoirTest.java,1,3,1,11,0,1,0,1,0,1,1,1,1,0,1,1,0,0,0,1,0,0,1,0,0,0,0,0,0,1,1,1,0,1,0
cassandra,apache/cassandra/metrics/HintedHandOffMetrics,HintedHandOffMetrics,,C:/Users/ismak/Documents/GitHub/relation_test_code_smell_ML/dataset/projects/cassandra/test/unit/org/apache/cassandra/metrics/HintedHandOffMetricsTest.java,0,0,1,8,0,0,0,0,0,0,1,1,1,0,1,1,0,0,0,1,0,0,0,0,0,0,0,0,0,1,0,0,0,1,0
cassandra,apache/cassandra/metrics/HitRate,HitRate,,C:/Users/ismak/Documents/GitHub/relation_test_code_smell_ML/dataset/projects/cassandra/test/unit/org/apache/cassandra/metrics/HitRateTest.java,0,0,1,6,0,0,0,0,0,0,1,1,1,0,1,0,0,0,0,0,0,0,0,0,0,0,0,0,0,1,0,0,0,1,0
cassandra,apache/cassandra/metrics/JmxVirtualTableMetrics,JmxVirtualTableMetrics,,C:/Users/ismak/Documents/GitHub/relation_test_code_smell_ML/dataset/projects/cassandra/test/unit/org/apache/cassandra/metrics/JmxVirtualTableMetricsTest.java,0,0,1,7,0,0,0,0,0,0,1,1,1,0,1,1,0,0,0,1,0,0,0,0,0,0,0,0,0,0,0,0,0,1,0
cassandra,apache/cassandra/metrics/KeyspaceMetrics,KeyspaceMetrics,,C:/Users/ismak/Documents/GitHub/relation_test_code_smell_ML/dataset/projects/cassandra/test/unit/org/apache/cassandra/metrics/KeyspaceMetricsTest.java,0,0,1,6,0,0,0,0,0,0,1,1,1,0,1,1,0,0,0,0,0,0,0,0,0,0,0,0,0,0,0,0,0,1,0
cassandra,apache/cassandra/metrics/LatencyMetrics,LatencyMetrics,,C:/Users/ismak/Documents/GitHub/relation_test_code_smell_ML/dataset/projects/cassandra/test/unit/org/apache/cassandra/metrics/LatencyMetricsTest.java,0,0,1,6,0,0,0,0,0,0,1,1,1,0,1,1,0,0,0,0,0,0,0,0,0,0,0,0,0,0,0,0,0,1,0
cassandra,apache/cassandra/metrics/LogLinearDecayingHistogram,LogLinearDecayingHistogram,,C:/Users/ismak/Documents/GitHub/relation_test_code_smell_ML/dataset/projects/cassandra/test/unit/org/apache/cassandra/metrics/LogLinearDecayingHistogramTest.java,0,0,1,7,0,0,0,0,0,0,1,1,1,0,1,1,0,0,0,0,0,0,0,0,0,0,0,0,0,1,0,0,0,1,0
cassandra,apache/cassandra/metrics/LogLinearHistogram,LogLinearHistogram,dataset/projects/cassandra/src/java/org/apache/cassandra/metrics/LogLinearHistogram.java,C:/Users/ismak/Documents/GitHub/relation_test_code_smell_ML/dataset/projects/cassandra/test/unit/org/apache/cassandra/metrics/LogLinearHistogramTest.java,1,1,1,7,0,0,0,0,0,1,1,1,1,0,1,1,0,0,0,0,0,0,0,0,0,0,0,0,0,1,0,0,0,1,0
cassandra,apache/cassandra/metrics/MaxSampler,MaxSampler,,C:/Users/ismak/Documents/GitHub/relation_test_code_smell_ML/dataset/projects/cassandra/test/unit/org/apache/cassandra/metrics/MaxSamplerTest.java,0,0,1,5,0,0,0,0,0,0,1,1,1,0,0,1,0,0,0,1,0,0,0,0,0,0,0,0,0,0,0,0,0,0,0
cassandra,apache/cassandra/metrics/MessagingMetrics,MessagingMetrics,dataset/projects/cassandra/src/java/org/apache/cassandra/metrics/MessagingMetrics.java,,1,1,0,0,0,0,0,0,0,1,0,0,0,0,0,0,0,0,0,0,0,0,0,0,0,0,0,0,0,0,0,0,0,0,0
cassandra,apache/cassandra/metrics/Sampler,Sampler,,C:/Users/ismak/Documents/GitHub/relation_test_code_smell_ML/dataset/projects/cassandra/test/unit/org/apache/cassandra/metrics/SamplerTest.java,0,0,1,8,0,0,0,0,0,0,1,1,1,0,1,1,0,0,0,1,0,0,0,0,0,0,1,0,0,0,0,0,0,1,0
cassandra,apache/cassandra/metrics/ShardedHitRate,ShardedHitRate,dataset/projects/cassandra/src/java/org/apache/cassandra/metrics/ShardedHitRate.java,,1,1,0,0,0,0,0,0,0,1,0,0,0,0,0,0,0,0,0,0,0,0,0,0,0,0,0,0,0,0,0,0,0,0,0
cassandra,apache/cassandra/metrics/TableMetrics,TableMetrics,dataset/projects/cassandra/src/java/org/apache/cassandra/metrics/TableMetrics.java,C:/Users/ismak/Documents/GitHub/relation_test_code_smell_ML/dataset/projects/cassandra/test/unit/org/apache/cassandra/metrics/TableMetricsTest.java,1,3,1,8,1,0,0,1,0,1,1,1,1,0,1,1,0,0,0,1,0,0,0,0,0,0,0,0,0,1,0,0,0,1,0
cassandra,apache/cassandra/metrics/ThreadLocalCounter,ThreadLocalCounter,,C:/Users/ismak/Documents/GitHub/relation_test_code_smell_ML/dataset/projects/cassandra/test/unit/org/apache/cassandra/metrics/ThreadLocalCounterTest.java,0,0,1,7,0,0,0,0,0,0,1,1,1,0,1,1,0,0,0,1,0,0,0,0,0,0,0,0,0,0,0,0,0,1,0
cassandra,apache/cassandra/metrics/ThreadLocalHistogram,ThreadLocalHistogram,,C:/Users/ismak/Documents/GitHub/relation_test_code_smell_ML/dataset/projects/cassandra/test/unit/org/apache/cassandra/metrics/ThreadLocalHistogramTest.java,0,0,1,5,0,0,0,0,0,0,1,1,1,0,1,0,0,0,0,0,0,0,0,0,0,0,0,0,0,0,0,0,0,1,0
cassandra,apache/cassandra/metrics/ThreadLocalMeter,ThreadLocalMeter,dataset/projects/cassandra/src/java/org/apache/cassandra/metrics/ThreadLocalMeter.java,C:/Users/ismak/Documents/GitHub/relation_test_code_smell_ML/dataset/projects/cassandra/test/unit/org/apache/cassandra/metrics/ThreadLocalMeterTest.java,1,1,1,6,0,0,0,0,0,1,1,1,1,0,1,1,0,0,0,0,0,0,0,0,0,0,0,0,0,0,0,0,0,1,0
cassandra,apache/cassandra/metrics/ThreadLocalMetrics,ThreadLocalMetrics,dataset/projects/cassandra/src/java/org/apache/cassandra/metrics/ThreadLocalMetrics.java,,1,1,0,0,0,0,0,0,0,1,0,0,0,0,0,0,0,0,0,0,0,0,0,0,0,0,0,0,0,0,0,0,0,0,0
cassandra,apache/cassandra/metrics/ThreadPoolMetrics,ThreadPoolMetrics,,C:/Users/ismak/Documents/GitHub/relation_test_code_smell_ML/dataset/projects/cassandra/test/unit/org/apache/cassandra/metrics/ThreadPoolMetricsTest.java,0,0,1,5,0,0,0,0,0,0,1,1,1,0,0,0,0,0,0,0,0,0,0,0,0,0,0,0,0,0,1,1,0,0,0
cassandra,apache/cassandra/metrics/TopFrequencySampler,TopFrequencySampler,,C:/Users/ismak/Documents/GitHub/relation_test_code_smell_ML/dataset/projects/cassandra/test/unit/org/apache/cassandra/metrics/TopFrequencySamplerTest.java,0,0,1,5,0,0,0,0,0,0,1,1,1,0,0,1,0,0,0,1,0,0,0,0,0,0,0,0,0,0,0,0,0,0,0
cassandra,apache/cassandra/metrics/TrieMemtableMetrics,TrieMemtableMetrics,,C:/Users/ismak/Documents/GitHub/relation_test_code_smell_ML/dataset/projects/cassandra/test/unit/org/apache/cassandra/metrics/TrieMemtableMetricsTest.java,0,0,1,8,0,0,0,0,0,0,1,1,1,0,1,1,0,0,0,1,0,0,0,0,1,0,0,0,0,0,0,0,0,1,0
cassandra,apache/cassandra/net/AbstractMessageHandler,AbstractMessageHandler,dataset/projects/cassandra/src/java/org/apache/cassandra/net/AbstractMessageHandler.java,,1,2,0,0,1,0,0,0,0,1,0,0,0,0,0,0,0,0,0,0,0,0,0,0,0,0,0,0,0,0,0,0,0,0,0
cassandra,apache/cassandra/net/ArtificialLatency,ArtificialLatency,dataset/projects/cassandra/src/java/org/apache/cassandra/net/ArtificialLatency.java,,1,3,0,0,1,2,0,0,0,0,0,0,0,0,0,0,0,0,0,0,0,0,0,0,0,0,0,0,0,0,0,0,0,0,0
cassandra,apache/cassandra/net/AsyncChannelOutputPlus,AsyncChannelOutputPlus,dataset/projects/cassandra/src/java/org/apache/cassandra/net/AsyncChannelOutputPlus.java,,1,1,0,0,0,0,0,0,0,1,0,0,0,0,0,0,0,0,0,0,0,0,0,0,0,0,0,0,0,0,0,0,0,0,0
cassandra,apache/cassandra/net/AsyncChannelPromise,AsyncChannelPromise,dataset/projects/cassandra/src/java/org/apache/cassandra/net/AsyncChannelPromise.java,C:/Users/ismak/Documents/GitHub/relation_test_code_smell_ML/dataset/projects/cassandra/test/unit/org/apache/cassandra/net/AsyncChannelPromiseTest.java,1,1,1,5,0,0,0,0,0,1,1,1,1,0,0,1,0,0,0,0,0,0,0,0,0,0,0,0,0,0,0,0,0,1,0
cassandra,apache/cassandra/net/AsyncMessageOutputPlus,AsyncMessageOutputPlus,,C:/Users/ismak/Documents/GitHub/relation_test_code_smell_ML/dataset/projects/cassandra/test/unit/org/apache/cassandra/net/AsyncMessageOutputPlusTest.java,0,0,1,7,0,0,0,0,0,0,1,1,1,0,1,0,0,0,0,1,0,0,0,0,0,0,0,0,0,1,0,0,0,1,0
cassandra,apache/cassandra/net/AsyncOneResponse,AsyncOneResponse,,C:/Users/ismak/Documents/GitHub/relation_test_code_smell_ML/dataset/projects/cassandra/test/unit/org/apache/cassandra/net/AsyncOneResponseTest.java,0,0,1,6,0,0,0,0,0,0,1,1,1,0,1,0,0,0,0,1,0,0,0,0,0,0,1,0,0,0,0,0,0,0,0
cassandra,apache/cassandra/net/AsyncStreamingInputPlus,AsyncStreamingInputPlus,,C:/Users/ismak/Documents/GitHub/relation_test_code_smell_ML/dataset/projects/cassandra/test/unit/org/apache/cassandra/net/AsyncStreamingInputPlusTest.java,0,0,1,8,0,0,0,0,0,0,1,1,1,0,1,0,0,0,0,1,1,0,0,0,0,0,0,0,0,0,1,0,0,1,0
cassandra,apache/cassandra/net/AsyncStreamingOutputPlus,AsyncStreamingOutputPlus,,C:/Users/ismak/Documents/GitHub/relation_test_code_smell_ML/dataset/projects/cassandra/test/unit/org/apache/cassandra/net/AsyncStreamingOutputPlusTest.java,0,0,1,9,0,0,0,0,0,0,1,1,1,0,1,0,0,0,0,1,0,0,0,0,0,0,0,0,0,1,1,1,0,1,0
cassandra,apache/cassandra/net/BufferPoolAllocator,BufferPoolAllocator,,C:/Users/ismak/Documents/GitHub/relation_test_code_smell_ML/dataset/projects/cassandra/test/unit/org/apache/cassandra/net/BufferPoolAllocatorTest.java,0,0,1,7,0,0,0,0,0,0,1,1,1,0,1,0,0,0,0,0,0,0,0,0,0,0,0,0,0,1,1,0,0,1,0
cassandra,apache/cassandra/net/Channel,Channel,,C:/Users/ismak/Documents/GitHub/relation_test_code_smell_ML/dataset/projects/cassandra/test/unit/org/apache/cassandra/net/TestChannel.java,0,0,1,4,0,0,0,0,0,0,1,1,1,0,0,0,1,0,0,0,0,0,0,0,0,0,0,0,0,0,0,0,0,0,0
cassandra,apache/cassandra/net/ChunkedInputPlus,ChunkedInputPlus,,C:/Users/ismak/Documents/GitHub/relation_test_code_smell_ML/dataset/projects/cassandra/test/unit/org/apache/cassandra/net/ChunkedInputPlusTest.java,0,0,1,7,0,0,0,0,0,0,1,1,1,0,1,0,0,0,0,1,0,0,0,0,0,0,0,0,0,1,0,0,0,1,0
cassandra,apache/cassandra/net/Connection,Connection,,C:/Users/ismak/Documents/GitHub/relation_test_code_smell_ML/dataset/projects/cassandra/test/unit/org/apache/cassandra/net/ConnectionTest.java,0,0,1,10,0,0,0,0,0,0,1,1,1,0,1,1,0,0,0,1,0,0,0,0,0,0,0,0,0,1,1,1,0,1,0
cassandra,apache/cassandra/net/ConnectionBurn,ConnectionBurn,,C:/Users/ismak/Documents/GitHub/relation_test_code_smell_ML/dataset/projects/cassandra/test/burn/org/apache/cassandra/net/ConnectionBurnTest.java,0,0,1,6,0,0,0,0,0,0,1,1,1,0,0,0,0,0,0,1,0,0,0,0,0,0,0,0,0,0,1,1,0,0,0
cassandra,apache/cassandra/net/ForwardingInfo,ForwardingInfo,,C:/Users/ismak/Documents/GitHub/relation_test_code_smell_ML/dataset/projects/cassandra/test/unit/org/apache/cassandra/net/ForwardingInfoTest.java,0,0,1,7,0,0,0,0,0,0,1,1,1,0,0,1,0,0,0,1,0,0,0,0,0,0,0,0,0,0,1,1,0,0,0
cassandra,apache/cassandra/net/FrameDecoder,FrameDecoder,dataset/projects/cassandra/src/java/org/apache/cassandra/net/FrameDecoder.java,,1,1,0,0,0,0,0,0,0,1,0,0,0,0,0,0,0,0,0,0,0,0,0,0,0,0,0,0,0,0,0,0,0,0,0
cassandra,apache/cassandra/net/FrameDecoderCrc,FrameDecoderCrc,dataset/projects/cassandra/src/java/org/apache/cassandra/net/FrameDecoderCrc.java,,1,1,0,0,0,0,0,0,0,1,0,0,0,0,0,0,0,0,0,0,0,0,0,0,0,0,0,0,0,0,0,0,0,0,0
cassandra,apache/cassandra/net/Framing,Framing,,C:/Users/ismak/Documents/GitHub/relation_test_code_smell_ML/dataset/projects/cassandra/test/unit/org/apache/cassandra/net/FramingTest.java,0,0,1,7,0,0,0,0,0,0,1,1,1,0,1,0,0,0,0,1,0,0,0,0,0,0,0,0,0,0,1,1,0,0,0
cassandra,apache/cassandra/net/FutureDelegate,FutureDelegate,dataset/projects/cassandra/src/java/org/apache/cassandra/net/FutureDelegate.java,,1,1,0,0,0,0,0,0,0,1,0,0,0,0,0,0,0,0,0,0,0,0,0,0,0,0,0,0,0,0,0,0,0,0,0
cassandra,apache/cassandra/net/Handshake,Handshake,,C:/Users/ismak/Documents/GitHub/relation_test_code_smell_ML/dataset/projects/cassandra/test/unit/org/apache/cassandra/net/HandshakeTest.java,0,0,1,10,0,0,0,0,0,0,1,1,1,0,1,1,0,0,0,1,1,0,0,0,0,0,1,0,0,0,1,1,0,0,0
cassandra,apache/cassandra/net/InboundConnectionInitiator,InboundConnectionInitiator,dataset/projects/cassandra/src/java/org/apache/cassandra/net/InboundConnectionInitiator.java,,1,2,0,0,1,1,0,0,0,0,0,0,0,0,0,0,0,0,0,0,0,0,0,0,0,0,0,0,0,0,0,0,0,0,0
cassandra,apache/cassandra/net/InboundConnectionSettings,InboundConnectionSettings,dataset/projects/cassandra/src/java/org/apache/cassandra/net/InboundConnectionSettings.java,,1,2,0,0,0,1,0,0,0,1,0,0,0,0,0,0,0,0,0,0,0,0,0,0,0,0,0,0,0,0,0,0,0,0,0
cassandra,apache/cassandra/net/InboundCounters,InboundCounters,dataset/projects/cassandra/src/java/org/apache/cassandra/net/InboundCounters.java,,1,1,0,0,0,0,0,0,0,1,0,0,0,0,0,0,0,0,0,0,0,0,0,0,0,0,0,0,0,0,0,0,0,0,0
cassandra,apache/cassandra/net/InboundMessageCallbacks,InboundMessageCallbacks,dataset/projects/cassandra/src/java/org/apache/cassandra/net/InboundMessageCallbacks.java,,1,1,0,0,0,0,0,0,0,1,0,0,0,0,0,0,0,0,0,0,0,0,0,0,0,0,0,0,0,0,0,0,0,0,0
cassandra,apache/cassandra/net/InboundMessageHandler,InboundMessageHandler,dataset/projects/cassandra/src/java/org/apache/cassandra/net/InboundMessageHandler.java,,1,3,0,0,1,0,1,0,0,1,0,0,0,0,0,0,0,0,0,0,0,0,0,0,0,0,0,0,0,0,0,0,0,0,0
cassandra,apache/cassandra/net/InboundMessageHandlers,InboundMessageHandlers,dataset/projects/cassandra/src/java/org/apache/cassandra/net/InboundMessageHandlers.java,,1,3,0,0,1,0,1,0,0,1,0,0,0,0,0,0,0,0,0,0,0,0,0,0,0,0,0,0,0,0,0,0,0,0,0
cassandra,apache/cassandra/net/InboundSink,InboundSink,dataset/projects/cassandra/src/java/org/apache/cassandra/net/InboundSink.java,,1,1,0,0,0,1,0,0,0,0,0,0,0,0,0,0,0,0,0,0,0,0,0,0,0,0,0,0,0,0,0,0,0,0,0
cassandra,apache/cassandra/net/Message,Message,dataset/projects/cassandra/src/java/org/apache/cassandra/net/Message.java,C:/Users/ismak/Documents/GitHub/relation_test_code_smell_ML/dataset/projects/cassandra/test/unit/org/apache/cassandra/net/MessageTest.java,1,9,1,9,1,2,0,2,0,4,1,1,1,0,1,1,0,0,0,1,0,0,0,0,0,0,0,0,0,0,1,1,0,1,0
cassandra,apache/cassandra/net/MessageDelivery,MessageDelivery,dataset/projects/cassandra/src/java/org/apache/cassandra/net/MessageDelivery.java,C:/Users/ismak/Documents/GitHub/relation_test_code_smell_ML/dataset/projects/cassandra/test/unit/org/apache/cassandra/net/MessageDeliveryTest.java,1,1,1,6,0,0,0,0,0,1,1,1,1,0,1,1,0,0,0,0,0,0,0,0,0,0,0,0,0,1,0,0,0,0,0
cassandra,apache/cassandra/net/MessageSerializationProperty,MessageSerializationProperty,,C:/Users/ismak/Documents/GitHub/relation_test_code_smell_ML/dataset/projects/cassandra/test/unit/org/apache/cassandra/net/MessageSerializationPropertyTest.java,0,0,1,5,0,0,0,0,0,0,1,1,1,0,0,1,0,0,0,1,0,0,0,0,0,0,0,0,0,0,0,0,0,0,0
cassandra,apache/cassandra/net/MessagingService,MessagingService,dataset/projects/cassandra/src/java/org/apache/cassandra/net/MessagingService.java,C:/Users/ismak/Documents/GitHub/relation_test_code_smell_ML/dataset/projects/cassandra/test/unit/org/apache/cassandra/net/MessagingServiceTest.java,1,3,1,10,1,0,0,1,0,1,1,1,1,0,1,1,0,0,0,1,0,0,0,0,1,0,0,0,0,1,1,0,0,1,0
cassandra,apache/cassandra/net/MessagingServiceMBeanImpl,MessagingServiceMBeanImpl,dataset/projects/cassandra/src/java/org/apache/cassandra/net/MessagingServiceMBeanImpl.java,,1,1,0,0,0,0,0,0,0,1,0,0,0,0,0,0,0,0,0,0,0,0,0,0,0,0,0,0,0,0,0,0,0,0,0
cassandra,apache/cassandra/net/MessagingServiceOrdinaryVersion,MessagingServiceOrdinaryVersion,,C:/Users/ismak/Documents/GitHub/relation_test_code_smell_ML/dataset/projects/cassandra/test/unit/org/apache/cassandra/net/MessagingServiceOrdinaryVersionTest.java,0,0,1,4,0,0,0,0,0,0,1,1,1,0,0,1,0,0,0,0,0,0,0,0,0,0,0,0,0,0,0,0,0,0,0
cassandra,apache/cassandra/net/MockMessagingService,MockMessagingService,,C:/Users/ismak/Documents/GitHub/relation_test_code_smell_ML/dataset/projects/cassandra/test/unit/org/apache/cassandra/net/MockMessagingServiceTest.java,0,0,1,6,0,0,0,0,0,0,1,1,1,0,1,0,0,0,0,1,0,0,0,0,0,0,0,0,0,0,0,0,0,1,0
cassandra,apache/cassandra/net/OutboundConnection,OutboundConnection,dataset/projects/cassandra/src/java/org/apache/cassandra/net/OutboundConnection.java,,1,11,0,0,1,7,0,1,1,1,0,0,0,0,0,0,0,0,0,0,0,0,0,0,0,0,0,0,0,0,0,0,0,0,0
cassandra,apache/cassandra/net/OutboundConnectionInitiator,OutboundConnectionInitiator,dataset/projects/cassandra/src/java/org/apache/cassandra/net/OutboundConnectionInitiator.java,,1,2,0,0,1,1,0,0,0,0,0,0,0,0,0,0,0,0,0,0,0,0,0,0,0,0,0,0,0,0,0,0,0,0,0
cassandra,apache/cassandra/net/OutboundConnectionSettings,OutboundConnectionSettings,dataset/projects/cassandra/src/java/org/apache/cassandra/net/OutboundConnectionSettings.java,C:/Users/ismak/Documents/GitHub/relation_test_code_smell_ML/dataset/projects/cassandra/test/unit/org/apache/cassandra/net/OutboundConnectionSettingsTest.java,1,1,1,4,0,0,0,0,0,1,1,1,1,0,0,0,0,0,0,0,0,0,0,0,0,0,0,0,0,0,0,1,0,0,0
cassandra,apache/cassandra/net/OutboundConnections,OutboundConnections,dataset/projects/cassandra/src/java/org/apache/cassandra/net/OutboundConnections.java,C:/Users/ismak/Documents/GitHub/relation_test_code_smell_ML/dataset/projects/cassandra/test/unit/org/apache/cassandra/net/OutboundConnectionsTest.java,1,3,1,6,1,1,0,0,0,1,1,1,1,0,1,1,0,0,0,1,0,0,0,0,0,0,0,0,0,0,0,0,0,0,0
cassandra,apache/cassandra/net/OutboundMessageQueue,OutboundMessageQueue,dataset/projects/cassandra/src/java/org/apache/cassandra/net/OutboundMessageQueue.java,C:/Users/ismak/Documents/GitHub/relation_test_code_smell_ML/dataset/projects/cassandra/test/unit/org/apache/cassandra/net/OutboundMessageQueueTest.java,1,1,1,7,0,0,0,0,0,1,1,1,1,0,1,0,0,0,0,1,0,0,0,0,0,0,0,0,0,1,0,0,0,1,0
cassandra,apache/cassandra/net/ProxyHandlerConnections,ProxyHandlerConnections,,C:/Users/ismak/Documents/GitHub/relation_test_code_smell_ML/dataset/projects/cassandra/test/unit/org/apache/cassandra/net/ProxyHandlerConnectionsTest.java,0,0,1,10,0,0,0,0,0,0,1,1,1,0,1,1,0,0,0,1,0,0,0,0,0,0,0,0,0,1,1,1,0,1,0
cassandra,apache/cassandra/net/PrunableArrayQueue,PrunableArrayQueue,dataset/projects/cassandra/src/java/org/apache/cassandra/net/PrunableArrayQueue.java,C:/Users/ismak/Documents/GitHub/relation_test_code_smell_ML/dataset/projects/cassandra/test/unit/org/apache/cassandra/net/PrunableArrayQueueTest.java,1,1,1,7,0,1,0,0,0,0,1,1,1,0,1,1,0,0,0,1,0,0,0,0,0,0,0,0,0,0,0,0,0,1,0
cassandra,apache/cassandra/net/RequestCallbacks,RequestCallbacks,dataset/projects/cassandra/src/java/org/apache/cassandra/net/RequestCallbacks.java,,1,1,0,0,0,0,0,0,0,1,0,0,0,0,0,0,0,0,0,0,0,0,0,0,0,0,0,0,0,0,0,0,0,0,0
cassandra,apache/cassandra/net/ResourceLimits,ResourceLimits,,C:/Users/ismak/Documents/GitHub/relation_test_code_smell_ML/dataset/projects/cassandra/test/unit/org/apache/cassandra/net/ResourceLimitsTest.java,0,0,1,9,0,0,0,0,0,0,1,1,1,0,1,1,0,0,0,1,0,0,0,0,0,0,0,0,0,0,1,1,0,1,0
cassandra,apache/cassandra/net/ResponseVerbHandler,ResponseVerbHandler,dataset/projects/cassandra/src/java/org/apache/cassandra/net/ResponseVerbHandler.java,,1,1,0,0,0,1,0,0,0,0,0,0,0,0,0,0,0,0,0,0,0,0,0,0,0,0,0,0,0,0,0,0,0,0,0
cassandra,apache/cassandra/net/ScheduledFuture,ScheduledFuture,,C:/Users/ismak/Documents/GitHub/relation_test_code_smell_ML/dataset/projects/cassandra/test/unit/org/apache/cassandra/net/TestScheduledFuture.java,0,0,1,3,0,0,0,0,0,0,1,1,1,0,0,0,0,0,0,0,0,0,0,0,0,0,0,0,0,0,0,0,0,0,0
cassandra,apache/cassandra/net/ShareableBytes,ShareableBytes,dataset/projects/cassandra/src/java/org/apache/cassandra/net/ShareableBytes.java,,1,1,0,0,0,0,0,0,0,1,0,0,0,0,0,0,0,0,0,0,0,0,0,0,0,0,0,0,0,0,0,0,0,0,0
cassandra,apache/cassandra/net/SocketFactory,SocketFactory,dataset/projects/cassandra/src/java/org/apache/cassandra/net/SocketFactory.java,,1,2,0,0,1,0,0,0,0,1,0,0,0,0,0,0,0,0,0,0,0,0,0,0,0,0,0,0,0,0,0,0,0,0,0
cassandra,apache/cassandra/net/StartupClusterConnectivityChecker,StartupClusterConnectivityChecker,dataset/projects/cassandra/src/java/org/apache/cassandra/net/StartupClusterConnectivityChecker.java,C:/Users/ismak/Documents/GitHub/relation_test_code_smell_ML/dataset/projects/cassandra/test/unit/org/apache/cassandra/net/StartupClusterConnectivityCheckerTest.java,1,1,1,7,0,1,0,0,0,0,1,1,1,0,0,1,0,0,0,1,1,0,0,0,0,0,0,0,0,0,1,0,0,0,0
cassandra,apache/cassandra/net/Verb,Verb,,C:/Users/ismak/Documents/GitHub/relation_test_code_smell_ML/dataset/projects/cassandra/test/unit/org/apache/cassandra/net/VerbTest.java,0,0,1,4,0,0,0,0,0,0,1,1,1,0,0,1,0,0,0,0,0,0,0,0,0,0,0,0,0,0,0,0,0,0,0
cassandra,apache/cassandra/repair/AbstractRepair,AbstractRepair,,C:/Users/ismak/Documents/GitHub/relation_test_code_smell_ML/dataset/projects/cassandra/test/unit/org/apache/cassandra/repair/AbstractRepairTest.java,0,0,1,4,0,0,0,0,0,0,1,1,1,0,0,0,0,0,0,0,0,0,0,0,0,0,0,0,0,0,0,1,0,0,0
cassandra,apache/cassandra/repair/ConcurrentIrWithPreviewFuzz,ConcurrentIrWithPreviewFuzz,,C:/Users/ismak/Documents/GitHub/relation_test_code_smell_ML/dataset/projects/cassandra/test/unit/org/apache/cassandra/repair/ConcurrentIrWithPreviewFuzzTest.java,0,0,1,5,0,0,0,0,0,0,1,1,1,0,1,1,0,0,0,0,0,0,0,0,0,0,0,0,0,0,0,0,0,0,0
cassandra,apache/cassandra/repair/FailedAck,FailedAck,,C:/Users/ismak/Documents/GitHub/relation_test_code_smell_ML/dataset/projects/cassandra/test/unit/org/apache/cassandra/repair/FailedAckTest.java,0,0,1,7,0,0,0,0,0,0,1,1,1,0,1,1,0,0,0,1,0,0,0,0,0,0,0,0,0,1,0,0,0,0,0
cassandra,apache/cassandra/repair/FailingRepairFuzz,FailingRepairFuzz,,C:/Users/ismak/Documents/GitHub/relation_test_code_smell_ML/dataset/projects/cassandra/test/unit/org/apache/cassandra/repair/FailingRepairFuzzTest.java,0,0,1,7,0,0,0,0,0,0,1,1,1,0,1,1,0,0,0,1,0,0,0,0,0,0,0,0,0,1,0,0,0,0,0
cassandra,apache/cassandra/repair/HappyPathFuzz,HappyPathFuzz,,C:/Users/ismak/Documents/GitHub/relation_test_code_smell_ML/dataset/projects/cassandra/test/unit/org/apache/cassandra/repair/HappyPathFuzzTest.java,0,0,1,5,0,0,0,0,0,0,1,1,1,0,0,1,0,0,0,0,0,0,0,0,0,0,0,0,0,0,1,0,0,0,0
cassandra,apache/cassandra/repair/LocalSyncTask,LocalSyncTask,,C:/Users/ismak/Documents/GitHub/relation_test_code_smell_ML/dataset/projects/cassandra/test/unit/org/apache/cassandra/repair/LocalSyncTaskTest.java,0,0,1,6,0,0,0,0,0,0,1,1,1,0,1,0,0,0,0,1,0,0,0,1,0,0,0,0,0,0,0,0,0,0,0
cassandra,apache/cassandra/repair/NeighborsAndRanges,NeighborsAndRanges,,C:/Users/ismak/Documents/GitHub/relation_test_code_smell_ML/dataset/projects/cassandra/test/unit/org/apache/cassandra/repair/NeighborsAndRangesTest.java,0,0,1,3,0,0,0,0,0,0,1,1,1,0,0,0,0,0,0,0,0,0,0,0,0,0,0,0,0,0,0,0,0,0,0
cassandra,apache/cassandra/repair/RepairCoordinator,RepairCoordinator,dataset/projects/cassandra/src/java/org/apache/cassandra/repair/RepairCoordinator.java,,1,6,0,0,1,4,0,0,0,1,0,0,0,0,0,0,0,0,0,0,0,0,0,0,0,0,0,0,0,0,0,0,0,0,0
cassandra,apache/cassandra/repair/RepairJob,RepairJob,dataset/projects/cassandra/src/java/org/apache/cassandra/repair/RepairJob.java,C:/Users/ismak/Documents/GitHub/relation_test_code_smell_ML/dataset/projects/cassandra/test/unit/org/apache/cassandra/repair/RepairJobTest.java,1,3,1,11,1,1,0,0,0,1,1,1,1,0,1,1,0,0,0,1,0,0,0,0,0,0,1,0,0,1,1,1,0,1,0
cassandra,apache/cassandra/repair/RepairJobDesc,RepairJobDesc,dataset/projects/cassandra/src/java/org/apache/cassandra/repair/RepairJobDesc.java,,1,1,0,0,0,1,0,0,0,0,0,0,0,0,0,0,0,0,0,0,0,0,0,0,0,0,0,0,0,0,0,0,0,0,0
cassandra,apache/cassandra/repair/RepairMessageVerbHandler,RepairMessageVerbHandler,dataset/projects/cassandra/src/java/org/apache/cassandra/repair/RepairMessageVerbHandler.java,,1,2,0,0,1,1,0,0,0,0,0,0,0,0,0,0,0,0,0,0,0,0,0,0,0,0,0,0,0,0,0,0,0,0,0
cassandra,apache/cassandra/repair/RepairMessageVerbHandlerOutOfRange,RepairMessageVerbHandlerOutOfRange,,C:/Users/ismak/Documents/GitHub/relation_test_code_smell_ML/dataset/projects/cassandra/test/unit/org/apache/cassandra/repair/RepairMessageVerbHandlerOutOfRangeTest.java,0,0,1,5,0,0,0,0,0,0,1,1,1,0,0,0,0,0,0,1,0,0,0,0,0,0,0,0,0,0,1,0,0,0,0
cassandra,apache/cassandra/repair/RepairSession,RepairSession,dataset/projects/cassandra/src/java/org/apache/cassandra/repair/RepairSession.java,C:/Users/ismak/Documents/GitHub/relation_test_code_smell_ML/dataset/projects/cassandra/test/unit/org/apache/cassandra/repair/RepairSessionTest.java,1,5,1,5,1,1,1,1,0,1,1,1,1,0,1,0,0,0,0,1,0,0,0,0,0,0,0,0,0,0,0,0,0,0,0
cassandra,apache/cassandra/repair/SharedContext,SharedContext,dataset/projects/cassandra/src/java/org/apache/cassandra/repair/SharedContext.java,,1,3,0,0,0,0,0,0,0,3,0,0,0,0,0,0,0,0,0,0,0,0,0,0,0,0,0,0,0,0,0,0,0,0,0
cassandra,apache/cassandra/repair/SlowMessageFuzz,SlowMessageFuzz,,C:/Users/ismak/Documents/GitHub/relation_test_code_smell_ML/dataset/projects/cassandra/test/unit/org/apache/cassandra/repair/SlowMessageFuzzTest.java,0,0,1,5,0,0,0,0,0,0,1,1,1,0,0,1,0,0,0,0,0,0,0,0,0,0,0,0,0,0,1,0,0,0,0
cassandra,apache/cassandra/repair/StreamingRepairTask,StreamingRepairTask,,C:/Users/ismak/Documents/GitHub/relation_test_code_smell_ML/dataset/projects/cassandra/test/unit/org/apache/cassandra/repair/StreamingRepairTaskTest.java,0,0,1,5,0,0,0,0,0,0,1,1,1,0,0,0,0,0,0,1,1,0,0,0,0,0,0,0,0,0,0,0,0,0,0
cassandra,apache/cassandra/repair/SymmetricRemoteSyncTask,SymmetricRemoteSyncTask,,C:/Users/ismak/Documents/GitHub/relation_test_code_smell_ML/dataset/projects/cassandra/test/unit/org/apache/cassandra/repair/SymmetricRemoteSyncTaskTest.java,0,0,1,4,0,0,0,0,0,0,1,1,1,0,1,0,0,0,0,0,0,0,0,0,0,0,0,0,0,0,0,0,0,0,0
cassandra,apache/cassandra/repair/ValidationManager,ValidationManager,dataset/projects/cassandra/src/java/org/apache/cassandra/repair/ValidationManager.java,,1,1,0,0,0,1,0,0,0,0,0,0,0,0,0,0,0,0,0,0,0,0,0,0,0,0,0,0,0,0,0,0,0,0,0
cassandra,apache/cassandra/repair/ValidationTask,ValidationTask,,C:/Users/ismak/Documents/GitHub/relation_test_code_smell_ML/dataset/projects/cassandra/test/unit/org/apache/cassandra/repair/ValidationTaskTest.java,0,0,1,6,0,0,0,0,0,0,1,1,1,0,1,0,0,0,0,1,0,0,0,0,0,0,0,0,0,0,0,0,0,1,0
cassandra,apache/cassandra/repair/Validator,Validator,dataset/projects/cassandra/src/java/org/apache/cassandra/repair/Validator.java,C:/Users/ismak/Documents/GitHub/relation_test_code_smell_ML/dataset/projects/cassandra/test/unit/org/apache/cassandra/repair/ValidatorTest.java,1,1,1,8,1,0,0,0,0,0,1,1,1,0,1,1,0,0,0,1,0,0,0,0,0,0,0,0,0,0,1,0,0,1,0
cassandra,apache/cassandra/schema/AutoRepairParams,AutoRepairParams,dataset/projects/cassandra/src/java/org/apache/cassandra/schema/AutoRepairParams.java,,1,1,0,0,0,1,0,0,0,0,0,0,0,0,0,0,0,0,0,0,0,0,0,0,0,0,0,0,0,0,0,0,0,0,0
cassandra,apache/cassandra/schema/CachingParams,CachingParams,dataset/projects/cassandra/src/java/org/apache/cassandra/schema/CachingParams.java,,1,1,0,0,0,0,0,0,0,1,0,0,0,0,0,0,0,0,0,0,0,0,0,0,0,0,0,0,0,0,0,0,0,0,0
cassandra,apache/cassandra/schema/ColumnMetadata,ColumnMetadata,dataset/projects/cassandra/src/java/org/apache/cassandra/schema/ColumnMetadata.java,,1,6,0,0,1,2,1,1,0,1,0,0,0,0,0,0,0,0,0,0,0,0,0,0,0,0,0,0,0,0,0,0,0,0,0
cassandra,apache/cassandra/schema/CompactionParams,CompactionParams,dataset/projects/cassandra/src/java/org/apache/cassandra/schema/CompactionParams.java,,1,3,0,0,0,1,0,1,0,1,0,0,0,0,0,0,0,0,0,0,0,0,0,0,0,0,0,0,0,0,0,0,0,0,0
cassandra,apache/cassandra/schema/CompressionParams,CompressionParams,dataset/projects/cassandra/src/java/org/apache/cassandra/schema/CompressionParams.java,C:/Users/ismak/Documents/GitHub/relation_test_code_smell_ML/dataset/projects/cassandra/test/unit/org/apache/cassandra/schema/CompressionParamsTest.java,1,4,1,4,0,2,0,1,0,1,1,1,1,0,1,0,0,0,0,0,0,0,0,0,0,0,0,0,0,0,0,0,0,0,0
cassandra,apache/cassandra/schema/CreateTableValidation,CreateTableValidation,,C:/Users/ismak/Documents/GitHub/relation_test_code_smell_ML/dataset/projects/cassandra/test/unit/org/apache/cassandra/schema/CreateTableValidationTest.java,0,0,1,7,0,0,0,0,0,0,1,1,1,0,1,0,0,0,0,1,0,0,0,0,0,0,0,0,0,1,1,0,0,0,0
cassandra,apache/cassandra/schema/DistributedSchema,DistributedSchema,dataset/projects/cassandra/src/java/org/apache/cassandra/schema/DistributedSchema.java,C:/Users/ismak/Documents/GitHub/relation_test_code_smell_ML/dataset/projects/cassandra/test/unit/org/apache/cassandra/schema/DistributedSchemaTest.java,1,4,1,5,1,1,0,1,0,1,1,1,1,0,1,1,0,0,0,0,0,0,0,0,0,0,0,0,0,0,0,0,0,0,0
cassandra,apache/cassandra/schema/DropKS,DropKS,,C:/Users/ismak/Documents/GitHub/relation_test_code_smell_ML/dataset/projects/cassandra/test/unit/org/apache/cassandra/schema/DropKSTest.java,0,0,1,6,0,0,0,0,0,0,1,1,1,0,1,1,0,0,0,1,0,0,0,0,0,0,0,0,0,0,0,0,0,0,0
cassandra,apache/cassandra/schema/FastPathSchema,FastPathSchema,,C:/Users/ismak/Documents/GitHub/relation_test_code_smell_ML/dataset/projects/cassandra/test/unit/org/apache/cassandra/schema/FastPathSchemaTest.java,0,0,1,5,0,0,0,0,0,0,1,1,1,0,1,0,0,0,0,0,0,0,0,0,0,0,0,0,0,0,0,0,0,1,0
cassandra,apache/cassandra/schema/IndexMetadata,IndexMetadata,dataset/projects/cassandra/src/java/org/apache/cassandra/schema/IndexMetadata.java,C:/Users/ismak/Documents/GitHub/relation_test_code_smell_ML/dataset/projects/cassandra/test/unit/org/apache/cassandra/schema/IndexMetadataTest.java,1,4,1,4,0,2,0,1,0,1,1,1,1,0,1,0,0,0,0,0,0,0,0,0,0,0,0,0,0,0,0,0,0,0,0
cassandra,apache/cassandra/schema/Indexes,Indexes,dataset/projects/cassandra/src/java/org/apache/cassandra/schema/Indexes.java,,1,1,0,0,0,0,0,0,0,1,0,0,0,0,0,0,0,0,0,0,0,0,0,0,0,0,0,0,0,0,0,0,0,0,0
cassandra,apache/cassandra/schema/KeyspaceMetadata,KeyspaceMetadata,dataset/projects/cassandra/src/java/org/apache/cassandra/schema/KeyspaceMetadata.java,C:/Users/ismak/Documents/GitHub/relation_test_code_smell_ML/dataset/projects/cassandra/test/unit/org/apache/cassandra/schema/KeyspaceMetadataTest.java,1,4,1,4,1,1,0,1,0,1,1,1,1,0,0,1,0,0,0,0,0,0,0,0,0,0,0,0,0,0,0,0,0,0,0
cassandra,apache/cassandra/schema/KeyspaceParams,KeyspaceParams,dataset/projects/cassandra/src/java/org/apache/cassandra/schema/KeyspaceParams.java,,1,1,0,0,0,0,0,0,0,1,0,0,0,0,0,0,0,0,0,0,0,0,0,0,0,0,0,0,0,0,0,0,0,0,0
cassandra,apache/cassandra/schema/Keyspaces,Keyspaces,dataset/projects/cassandra/src/java/org/apache/cassandra/schema/Keyspaces.java,,1,1,0,0,0,0,0,0,0,1,0,0,0,0,0,0,0,0,0,0,0,0,0,0,0,0,0,0,0,0,0,0,0,0,0
cassandra,apache/cassandra/schema/MemtableParams,MemtableParams,dataset/projects/cassandra/src/java/org/apache/cassandra/schema/MemtableParams.java,C:/Users/ismak/Documents/GitHub/relation_test_code_smell_ML/dataset/projects/cassandra/test/unit/org/apache/cassandra/schema/MemtableParamsTest.java,1,3,1,7,0,2,0,1,0,0,1,1,1,0,1,1,0,0,0,1,0,0,0,0,0,0,0,0,0,1,0,0,0,0,0
cassandra,apache/cassandra/schema/PartitionDenylist,PartitionDenylist,dataset/projects/cassandra/src/java/org/apache/cassandra/schema/PartitionDenylist.java,,1,4,0,0,0,2,0,1,0,1,0,0,0,0,0,0,0,0,0,0,0,0,0,0,0,0,0,0,0,0,0,0,0,0,0
cassandra,apache/cassandra/schema/ReplicationParams,ReplicationParams,dataset/projects/cassandra/src/java/org/apache/cassandra/schema/ReplicationParams.java,,1,1,0,0,0,0,0,0,0,1,0,0,0,0,0,0,0,0,0,0,0,0,0,0,0,0,0,0,0,0,0,0,0,0,0
cassandra,apache/cassandra/schema/Schema,Schema,dataset/projects/cassandra/src/java/org/apache/cassandra/schema/Schema.java,C:/Users/ismak/Documents/GitHub/relation_test_code_smell_ML/dataset/projects/cassandra/test/unit/org/apache/cassandra/schema/SchemaTest.java,1,2,1,6,1,0,0,0,0,1,1,1,1,0,1,0,0,0,0,1,0,0,0,0,0,0,0,0,0,0,1,0,0,0,0
cassandra,apache/cassandra/schema/SchemaChangeDuringRangeMovement,SchemaChangeDuringRangeMovement,,C:/Users/ismak/Documents/GitHub/relation_test_code_smell_ML/dataset/projects/cassandra/test/unit/org/apache/cassandra/schema/SchemaChangeDuringRangeMovementTest.java,0,0,1,6,0,0,0,0,0,0,1,1,1,0,1,0,0,0,0,1,0,0,0,0,0,0,0,0,0,0,1,0,0,0,0
cassandra,apache/cassandra/schema/SchemaChangeListener,SchemaChangeListener,dataset/projects/cassandra/src/java/org/apache/cassandra/schema/SchemaChangeListener.java,,1,1,0,0,0,0,0,0,0,1,0,0,0,0,0,0,0,0,0,0,0,0,0,0,0,0,0,0,0,0,0,0,0,0,0
cassandra,apache/cassandra/schema/SchemaChangeNotifier,SchemaChangeNotifier,dataset/projects/cassandra/src/java/org/apache/cassandra/schema/SchemaChangeNotifier.java,,1,1,0,0,0,0,0,0,0,1,0,0,0,0,0,0,0,0,0,0,0,0,0,0,0,0,0,0,0,0,0,0,0,0,0
cassandra,apache/cassandra/schema/SchemaChanges,SchemaChanges,,C:/Users/ismak/Documents/GitHub/relation_test_code_smell_ML/dataset/projects/cassandra/test/unit/org/apache/cassandra/schema/SchemaChangesTest.java,0,0,1,10,0,0,0,0,0,0,1,1,1,0,1,1,0,0,0,1,0,1,0,0,0,0,0,0,0,0,1,0,1,1,0
cassandra,apache/cassandra/schema/SchemaDiagnostics,SchemaDiagnostics,dataset/projects/cassandra/src/java/org/apache/cassandra/schema/SchemaDiagnostics.java,,1,1,0,0,0,0,0,0,0,1,0,0,0,0,0,0,0,0,0,0,0,0,0,0,0,0,0,0,0,0,0,0,0,0,0
cassandra,apache/cassandra/schema/SchemaEvent,SchemaEvent,dataset/projects/cassandra/src/java/org/apache/cassandra/schema/SchemaEvent.java,,1,2,0,0,1,0,0,0,0,1,0,0,0,0,0,0,0,0,0,0,0,0,0,0,0,0,0,0,0,0,0,0,0,0,0
cassandra,apache/cassandra/schema/SchemaKeyspace,SchemaKeyspace,dataset/projects/cassandra/src/java/org/apache/cassandra/schema/SchemaKeyspace.java,C:/Users/ismak/Documents/GitHub/relation_test_code_smell_ML/dataset/projects/cassandra/test/unit/org/apache/cassandra/schema/SchemaKeyspaceTest.java,1,7,1,7,1,4,0,1,0,1,1,1,1,0,1,1,0,0,0,1,0,0,0,0,0,0,0,0,0,0,1,0,0,0,0
cassandra,apache/cassandra/schema/SchemaMetadataSerialization,SchemaMetadataSerialization,,C:/Users/ismak/Documents/GitHub/relation_test_code_smell_ML/dataset/projects/cassandra/test/unit/org/apache/cassandra/schema/SchemaMetadataSerializationTest.java,0,0,1,5,0,0,0,0,0,0,1,1,1,0,1,0,0,0,0,1,0,0,0,0,0,0,0,0,0,0,0,0,0,0,0
cassandra,apache/cassandra/schema/SchemaMutationsSerializer,SchemaMutationsSerializer,,C:/Users/ismak/Documents/GitHub/relation_test_code_smell_ML/dataset/projects/cassandra/test/unit/org/apache/cassandra/schema/SchemaMutationsSerializerTest.java,0,0,1,4,0,0,0,0,0,0,1,1,1,0,0,0,0,0,0,1,0,0,0,0,0,0,0,0,0,0,0,0,0,0,0
cassandra,apache/cassandra/schema/SchemaProvider,SchemaProvider,dataset/projects/cassandra/src/java/org/apache/cassandra/schema/SchemaProvider.java,,1,1,0,0,0,0,0,0,0,1,0,0,0,0,0,0,0,0,0,0,0,0,0,0,0,0,0,0,0,0,0,0,0,0,0
cassandra,apache/cassandra/schema/SchemaStatementWarnings,SchemaStatementWarnings,,C:/Users/ismak/Documents/GitHub/relation_test_code_smell_ML/dataset/projects/cassandra/test/unit/org/apache/cassandra/schema/SchemaStatementWarningsTest.java,0,0,1,4,0,0,0,0,0,0,1,1,1,0,1,0,0,0,0,0,0,0,0,0,0,0,0,0,0,0,0,0,0,0,0
cassandra,apache/cassandra/schema/SystemDistributedKeyspace,SystemDistributedKeyspace,dataset/projects/cassandra/src/java/org/apache/cassandra/schema/SystemDistributedKeyspace.java,,1,3,0,0,1,0,0,1,0,1,0,0,0,0,0,0,0,0,0,0,0,0,0,0,0,0,0,0,0,0,0,0,0,0,0
cassandra,apache/cassandra/schema/SystemDistributedKeyspaceCompressionDictionary,SystemDistributedKeyspaceCompressionDictionary,,C:/Users/ismak/Documents/GitHub/relation_test_code_smell_ML/dataset/projects/cassandra/test/unit/org/apache/cassandra/schema/SystemDistributedKeyspaceCompressionDictionaryTest.java,0,0,1,6,0,0,0,0,0,0,1,1,1,0,1,0,0,0,0,1,1,0,0,0,0,0,0,0,0,0,0,0,0,0,0
cassandra,apache/cassandra/schema/TableId,TableId,dataset/projects/cassandra/src/java/org/apache/cassandra/schema/TableId.java,C:/Users/ismak/Documents/GitHub/relation_test_code_smell_ML/dataset/projects/cassandra/test/unit/org/apache/cassandra/schema/TableIdTest.java,1,3,1,5,1,0,0,1,0,1,1,1,1,0,1,0,0,0,0,0,0,0,0,0,0,0,0,0,0,0,1,0,0,0,0
cassandra,apache/cassandra/schema/TableMetadata,TableMetadata,dataset/projects/cassandra/src/java/org/apache/cassandra/schema/TableMetadata.java,C:/Users/ismak/Documents/GitHub/relation_test_code_smell_ML/dataset/projects/cassandra/test/unit/org/apache/cassandra/schema/TableMetadataTest.java,1,12,1,5,1,7,0,2,0,2,1,1,1,0,1,0,0,0,0,0,0,0,0,0,0,0,0,0,0,1,0,0,0,0,0
cassandra,apache/cassandra/schema/TableMetadataSerDe,TableMetadataSerDe,,C:/Users/ismak/Documents/GitHub/relation_test_code_smell_ML/dataset/projects/cassandra/test/unit/org/apache/cassandra/schema/TableMetadataSerDeTest.java,0,0,1,9,0,0,0,0,0,0,1,1,1,0,1,1,0,0,0,1,0,0,1,1,1,0,0,0,0,0,0,0,0,0,0
cassandra,apache/cassandra/schema/TableParams,TableParams,dataset/projects/cassandra/src/java/org/apache/cassandra/schema/TableParams.java,C:/Users/ismak/Documents/GitHub/relation_test_code_smell_ML/dataset/projects/cassandra/test/unit/org/apache/cassandra/schema/TableParamsTest.java,1,4,1,4,1,1,0,0,1,1,1,1,1,0,0,0,0,0,0,0,0,0,0,0,0,0,0,0,0,0,1,0,0,0,0
cassandra,apache/cassandra/schema/Tables,Tables,dataset/projects/cassandra/src/java/org/apache/cassandra/schema/Tables.java,,1,2,0,0,1,0,0,0,0,1,0,0,0,0,0,0,0,0,0,0,0,0,0,0,0,0,0,0,0,0,0,0,0,0,0
cassandra,apache/cassandra/schema/TransactionalConfigSchema,TransactionalConfigSchema,,C:/Users/ismak/Documents/GitHub/relation_test_code_smell_ML/dataset/projects/cassandra/test/unit/org/apache/cassandra/schema/TransactionalConfigSchemaTest.java,0,0,1,3,0,0,0,0,0,0,1,1,1,0,0,0,0,0,0,0,0,0,0,0,0,0,0,0,0,0,0,0,0,0,0
cassandra,apache/cassandra/schema/Triggers,Triggers,dataset/projects/cassandra/src/java/org/apache/cassandra/schema/Triggers.java,,1,1,0,0,0,0,0,0,0,1,0,0,0,0,0,0,0,0,0,0,0,0,0,0,0,0,0,0,0,0,0,0,0,0,0
cassandra,apache/cassandra/schema/TupleTypesRepresentation,TupleTypesRepresentation,,C:/Users/ismak/Documents/GitHub/relation_test_code_smell_ML/dataset/projects/cassandra/test/unit/org/apache/cassandra/schema/TupleTypesRepresentationTest.java,0,0,1,7,0,0,0,0,0,0,1,1,1,0,0,1,0,0,0,1,0,0,0,0,1,0,0,0,0,0,0,1,0,0,0
cassandra,apache/cassandra/schema/Types,Types,dataset/projects/cassandra/src/java/org/apache/cassandra/schema/Types.java,,1,3,0,0,1,1,0,0,0,1,0,0,0,0,0,0,0,0,0,0,0,0,0,0,0,0,0,0,0,0,0,0,0,0,0
cassandra,apache/cassandra/schema/UserFunctions,UserFunctions,dataset/projects/cassandra/src/java/org/apache/cassandra/schema/UserFunctions.java,,1,2,0,0,1,0,0,0,0,1,0,0,0,0,0,0,0,0,0,0,0,0,0,0,0,0,0,0,0,0,0,0,0,0,0
cassandra,apache/cassandra/schema/Validation,Validation,,C:/Users/ismak/Documents/GitHub/relation_test_code_smell_ML/dataset/projects/cassandra/test/unit/org/apache/cassandra/schema/ValidationTest.java,0,0,1,5,0,0,0,0,0,0,1,1,1,0,1,1,0,0,0,0,0,0,0,0,0,0,0,0,0,0,0,0,0,0,0
cassandra,apache/cassandra/schema/ViewMetadata,ViewMetadata,dataset/projects/cassandra/src/java/org/apache/cassandra/schema/ViewMetadata.java,,1,1,0,0,0,0,0,0,0,1,0,0,0,0,0,0,0,0,0,0,0,0,0,0,0,0,0,0,0,0,0,0,0,0,0
cassandra,apache/cassandra/schema/Views,Views,dataset/projects/cassandra/src/java/org/apache/cassandra/schema/Views.java,,1,1,0,0,0,0,0,0,0,1,0,0,0,0,0,0,0,0,0,0,0,0,0,0,0,0,0,0,0,0,0,0,0,0,0
cassandra,apache/cassandra/security/AbstractCryptoProvider,AbstractCryptoProvider,dataset/projects/cassandra/src/java/org/apache/cassandra/security/AbstractCryptoProvider.java,,1,1,0,0,0,1,0,0,0,0,0,0,0,0,0,0,0,0,0,0,0,0,0,0,0,0,0,0,0,0,0,0,0,0,0
cassandra,apache/cassandra/security/CipherFactory,CipherFactory,,C:/Users/ismak/Documents/GitHub/relation_test_code_smell_ML/dataset/projects/cassandra/test/unit/org/apache/cassandra/security/CipherFactoryTest.java,0,0,1,4,0,0,0,0,0,0,1,1,1,0,0,0,0,0,0,1,0,0,0,0,0,0,0,0,0,0,0,0,0,0,0
cassandra,apache/cassandra/security/CryptoProvider,CryptoProvider,,C:/Users/ismak/Documents/GitHub/relation_test_code_smell_ML/dataset/projects/cassandra/test/unit/org/apache/cassandra/security/CryptoProviderTest.java,0,0,1,6,0,0,0,0,0,0,1,1,1,0,1,0,0,0,0,1,0,0,0,0,0,0,0,0,0,1,0,0,0,0,0
cassandra,apache/cassandra/security/CustomSslContextFactoryConfig,CustomSslContextFactoryConfig,,C:/Users/ismak/Documents/GitHub/relation_test_code_smell_ML/dataset/projects/cassandra/test/unit/org/apache/cassandra/security/CustomSslContextFactoryConfigTest.java,0,0,1,6,0,0,0,0,0,0,1,1,1,0,1,0,0,0,0,1,0,0,0,0,0,0,0,0,0,0,0,0,0,1,0
cassandra,apache/cassandra/security/CustomSslContextFactoryInvalidConfig,CustomSslContextFactoryInvalidConfig,,C:/Users/ismak/Documents/GitHub/relation_test_code_smell_ML/dataset/projects/cassandra/test/unit/org/apache/cassandra/security/CustomSslContextFactoryInvalidConfigTest.java,0,0,1,3,0,0,0,0,0,0,1,1,1,0,0,0,0,0,0,0,0,0,0,0,0,0,0,0,0,0,0,0,0,0,0
cassandra,apache/cassandra/security/DefaultSslContextFactory,DefaultSslContextFactory,,C:/Users/ismak/Documents/GitHub/relation_test_code_smell_ML/dataset/projects/cassandra/test/unit/org/apache/cassandra/security/DefaultSslContextFactoryTest.java,0,0,1,7,0,0,0,0,0,0,1,1,1,0,1,1,0,0,0,1,0,0,0,0,0,0,0,0,0,1,0,0,0,0,0
cassandra,apache/cassandra/security/EncryptionUtils,EncryptionUtils,,C:/Users/ismak/Documents/GitHub/relation_test_code_smell_ML/dataset/projects/cassandra/test/unit/org/apache/cassandra/security/EncryptionUtilsTest.java,0,0,1,7,0,0,0,0,0,0,1,1,1,0,0,0,0,0,0,1,1,1,0,0,0,0,0,0,0,0,0,0,1,0,0
cassandra,apache/cassandra/security/FileBasedSslContextFactory,FileBasedSslContextFactory,,C:/Users/ismak/Documents/GitHub/relation_test_code_smell_ML/dataset/projects/cassandra/test/unit/org/apache/cassandra/security/FileBasedSslContextFactoryTest.java,0,0,1,6,0,0,0,0,0,0,1,1,1,0,1,0,0,0,0,1,1,0,0,0,0,0,0,0,0,0,0,0,0,0,0
cassandra,apache/cassandra/security/FileBasedStoreContext,FileBasedStoreContext,,C:/Users/ismak/Documents/GitHub/relation_test_code_smell_ML/dataset/projects/cassandra/test/unit/org/apache/cassandra/security/FileBasedStoreContextTest.java,0,0,1,3,0,0,0,0,0,0,1,1,1,0,0,0,0,0,0,0,0,0,0,0,0,0,0,0,0,0,0,0,0,0,0
cassandra,apache/cassandra/security/JKSKeyProvider,JKSKeyProvider,,C:/Users/ismak/Documents/GitHub/relation_test_code_smell_ML/dataset/projects/cassandra/test/unit/org/apache/cassandra/security/JKSKeyProviderTest.java,0,0,1,4,0,0,0,0,0,0,1,1,1,0,0,0,0,0,0,1,0,0,0,0,0,0,0,0,0,0,0,0,0,0,0
cassandra,apache/cassandra/security/JREProvider,JREProvider,,C:/Users/ismak/Documents/GitHub/relation_test_code_smell_ML/dataset/projects/cassandra/test/unit/org/apache/cassandra/security/TestJREProvider.java,0,0,1,4,0,0,0,0,0,0,1,1,1,0,0,0,1,0,0,0,0,0,0,0,0,0,0,0,0,0,0,0,0,0,0
cassandra,apache/cassandra/security/KubernetesSecretsPEMSslContextFactory,KubernetesSecretsPEMSslContextFactory,,C:/Users/ismak/Documents/GitHub/relation_test_code_smell_ML/dataset/projects/cassandra/examples/ssl-factory/test/unit/org/apache/cassandra/security/KubernetesSecretsPEMSslContextFactoryTest.java,0,0,1,6,0,0,0,0,0,0,1,1,1,0,1,0,0,0,0,1,0,0,0,0,0,0,0,0,0,1,0,0,0,0,0
cassandra,apache/cassandra/security/KubernetesSecretsSslContextFactory,KubernetesSecretsSslContextFactory,,C:/Users/ismak/Documents/GitHub/relation_test_code_smell_ML/dataset/projects/cassandra/examples/ssl-factory/test/unit/org/apache/cassandra/security/KubernetesSecretsSslContextFactoryTest.java,0,0,1,6,0,0,0,0,0,0,1,1,1,0,1,0,0,0,0,1,0,0,0,0,0,0,0,0,0,1,0,0,0,0,0
cassandra,apache/cassandra/security/PEMBasedSslContextFactory,PEMBasedSslContextFactory,dataset/projects/cassandra/src/java/org/apache/cassandra/security/PEMBasedSslContextFactory.java,C:/Users/ismak/Documents/GitHub/relation_test_code_smell_ML/dataset/projects/cassandra/test/unit/org/apache/cassandra/security/PEMBasedSslContextFactoryTest.java,1,2,1,6,0,0,0,1,0,1,1,1,1,0,1,1,0,0,0,1,0,0,0,0,0,0,0,0,0,0,0,0,0,0,0
cassandra,apache/cassandra/security/PEMBasedSslContextFactoryConfig,PEMBasedSslContextFactoryConfig,,C:/Users/ismak/Documents/GitHub/relation_test_code_smell_ML/dataset/projects/cassandra/test/unit/org/apache/cassandra/security/PEMBasedSslContextFactoryConfigTest.java,0,0,1,5,0,0,0,0,0,0,1,1,1,0,1,0,0,0,0,1,0,0,0,0,0,0,0,0,0,0,0,0,0,0,0
cassandra,apache/cassandra/security/PEMBasedSslContextFactoryConfigWithMismatchingPasswords,PEMBasedSslContextFactoryConfigWithMismatchingPasswords,,C:/Users/ismak/Documents/GitHub/relation_test_code_smell_ML/dataset/projects/cassandra/test/unit/org/apache/cassandra/security/PEMBasedSslContextFactoryConfigWithMismatchingPasswordsTest.java,0,0,1,4,0,0,0,0,0,0,1,1,1,0,0,0,0,0,0,1,0,0,0,0,0,0,0,0,0,0,0,0,0,0,0
cassandra,apache/cassandra/security/PEMBasedSslContextFactoryConfigWithPasswordFile,PEMBasedSslContextFactoryConfigWithPasswordFile,,C:/Users/ismak/Documents/GitHub/relation_test_code_smell_ML/dataset/projects/cassandra/test/unit/org/apache/cassandra/security/PEMBasedSslContextFactoryConfigWithPasswordFileTest.java,0,0,1,5,0,0,0,0,0,0,1,1,1,0,1,0,0,0,0,1,0,0,0,0,0,0,0,0,0,0,0,0,0,0,0
cassandra,apache/cassandra/security/PEMBasedSslContextFactoryConfigWithUnencryptedKeys,PEMBasedSslContextFactoryConfigWithUnencryptedKeys,,C:/Users/ismak/Documents/GitHub/relation_test_code_smell_ML/dataset/projects/cassandra/test/unit/org/apache/cassandra/security/PEMBasedSslContextFactoryConfigWithUnencryptedKeysTest.java,0,0,1,5,0,0,0,0,0,0,1,1,1,0,1,0,0,0,0,1,0,0,0,0,0,0,0,0,0,0,0,0,0,0,0
cassandra,apache/cassandra/security/PEMBasedSslContextFactoryInvalidConfig,PEMBasedSslContextFactoryInvalidConfig,,C:/Users/ismak/Documents/GitHub/relation_test_code_smell_ML/dataset/projects/cassandra/test/unit/org/apache/cassandra/security/PEMBasedSslContextFactoryInvalidConfigTest.java,0,0,1,5,0,0,0,0,0,0,1,1,1,0,1,0,0,0,0,1,0,0,0,0,0,0,0,0,0,0,0,0,0,0,0
cassandra,apache/cassandra/security/PEMJKSSslContextFactoryConfig,PEMJKSSslContextFactoryConfig,,C:/Users/ismak/Documents/GitHub/relation_test_code_smell_ML/dataset/projects/cassandra/test/unit/org/apache/cassandra/security/PEMJKSSslContextFactoryConfigTest.java,0,0,1,5,0,0,0,0,0,0,1,1,1,0,1,0,0,0,0,1,0,0,0,0,0,0,0,0,0,0,0,0,0,0,0
cassandra,apache/cassandra/security/PEMReader,PEMReader,,C:/Users/ismak/Documents/GitHub/relation_test_code_smell_ML/dataset/projects/cassandra/test/unit/org/apache/cassandra/security/PEMReaderTest.java,0,0,1,5,0,0,0,0,0,0,1,1,1,0,0,1,0,0,0,1,0,0,0,0,0,0,0,0,0,0,0,0,0,0,0
cassandra,apache/cassandra/security/SSLFactory,SSLFactory,dataset/projects/cassandra/src/java/org/apache/cassandra/security/SSLFactory.java,C:/Users/ismak/Documents/GitHub/relation_test_code_smell_ML/dataset/projects/cassandra/test/unit/org/apache/cassandra/security/SSLFactoryTest.java,1,2,1,8,0,1,0,0,0,1,1,1,1,0,1,0,0,0,0,1,1,1,0,0,0,0,0,0,0,0,0,0,1,0,0
cassandra,apache/cassandra/security/ThreadAwareSecurityManager,ThreadAwareSecurityManager,dataset/projects/cassandra/src/java/org/apache/cassandra/security/ThreadAwareSecurityManager.java,,1,1,0,0,0,1,0,0,0,0,0,0,0,0,0,0,0,0,0,0,0,0,0,0,0,0,0,0,0,0,0,0,0,0,0
cassandra,apache/cassandra/serializers/AbstractMapSerializer,AbstractMapSerializer,dataset/projects/cassandra/src/java/org/apache/cassandra/serializers/AbstractMapSerializer.java,,1,2,0,0,0,2,0,0,0,0,0,0,0,0,0,0,0,0,0,0,0,0,0,0,0,0,0,0,0,0,0,0,0,0,0
cassandra,apache/cassandra/serializers/CollectionSerializer,CollectionSerializer,dataset/projects/cassandra/src/java/org/apache/cassandra/serializers/CollectionSerializer.java,,1,2,0,0,1,0,0,0,0,1,0,0,0,0,0,0,0,0,0,0,0,0,0,0,0,0,0,0,0,0,0,0,0,0,0
cassandra,apache/cassandra/serializers/DecimalSerializer,DecimalSerializer,,C:/Users/ismak/Documents/GitHub/relation_test_code_smell_ML/dataset/projects/cassandra/test/unit/org/apache/cassandra/serializers/DecimalSerializerTest.java,0,0,1,5,0,0,0,0,0,0,1,1,1,0,1,0,0,0,0,0,0,0,0,0,1,0,0,0,0,0,0,0,0,0,0
cassandra,apache/cassandra/serializers/DurationSerializer,DurationSerializer,dataset/projects/cassandra/src/java/org/apache/cassandra/serializers/DurationSerializer.java,,1,1,0,0,0,1,0,0,0,0,0,0,0,0,0,0,0,0,0,0,0,0,0,0,0,0,0,0,0,0,0,0,0,0,0
cassandra,apache/cassandra/serializers/MapSerializer,MapSerializer,,C:/Users/ismak/Documents/GitHub/relation_test_code_smell_ML/dataset/projects/cassandra/test/unit/org/apache/cassandra/serializers/MapSerializerTest.java,0,0,1,5,0,0,0,0,0,0,1,1,1,0,0,0,0,0,0,0,0,0,0,0,0,0,0,0,0,0,1,1,0,0,0
cassandra,apache/cassandra/serializers/SetSerializer,SetSerializer,,C:/Users/ismak/Documents/GitHub/relation_test_code_smell_ML/dataset/projects/cassandra/test/unit/org/apache/cassandra/serializers/SetSerializerTest.java,0,0,1,5,0,0,0,0,0,0,1,1,1,0,0,0,0,0,0,0,0,0,0,0,0,0,0,0,0,0,1,1,0,0,0
cassandra,apache/cassandra/serializers/SimpleDateSerializer,SimpleDateSerializer,,C:/Users/ismak/Documents/GitHub/relation_test_code_smell_ML/dataset/projects/cassandra/test/unit/org/apache/cassandra/serializers/SimpleDateSerializerTest.java,0,0,1,6,0,0,0,0,0,0,1,1,1,0,0,1,0,0,0,1,0,0,0,0,0,0,0,0,0,0,1,0,0,0,0
cassandra,apache/cassandra/serializers/TimeSerializer,TimeSerializer,dataset/projects/cassandra/src/java/org/apache/cassandra/serializers/TimeSerializer.java,C:/Users/ismak/Documents/GitHub/relation_test_code_smell_ML/dataset/projects/cassandra/test/unit/org/apache/cassandra/serializers/TimeSerializerTest.java,1,1,1,4,0,1,0,0,0,0,1,1,1,0,0,0,0,0,0,0,0,0,0,0,0,0,0,0,0,0,1,0,0,0,0
cassandra,apache/cassandra/serializers/TimestampSerializer,TimestampSerializer,,C:/Users/ismak/Documents/GitHub/relation_test_code_smell_ML/dataset/projects/cassandra/test/unit/org/apache/cassandra/serializers/TimestampSerializerTest.java,0,0,1,8,0,0,0,0,0,0,1,1,1,0,1,1,0,0,0,1,0,0,0,0,1,0,0,0,0,0,1,0,0,0,0
cassandra,apache/cassandra/serializers/TupleSerializer,TupleSerializer,dataset/projects/cassandra/src/java/org/apache/cassandra/serializers/TupleSerializer.java,,1,1,0,0,0,1,0,0,0,0,0,0,0,0,0,0,0,0,0,0,0,0,0,0,0,0,0,0,0,0,0,0,0,0,0
cassandra,apache/cassandra/serializers/TypeSerializer,TypeSerializer,dataset/projects/cassandra/src/java/org/apache/cassandra/serializers/TypeSerializer.java,,1,1,0,0,0,0,0,0,0,1,0,0,0,0,0,0,0,0,0,0,0,0,0,0,0,0,0,0,0,0,0,0,0,0,0
cassandra,apache/cassandra/serializers/UTF8Serializer,UTF8Serializer,dataset/projects/cassandra/src/java/org/apache/cassandra/serializers/UTF8Serializer.java,,1,1,0,0,0,1,0,0,0,0,0,0,0,0,0,0,0,0,0,0,0,0,0,0,0,0,0,0,0,0,0,0,0,0,0
cassandra,apache/cassandra/serializers/UTF8Validator,UTF8Validator,,C:/Users/ismak/Documents/GitHub/relation_test_code_smell_ML/dataset/projects/cassandra/test/unit/org/apache/cassandra/serializers/UTF8ValidatorTest.java,0,0,1,4,0,0,0,0,0,0,1,1,1,0,0,0,0,0,0,0,0,0,0,1,0,0,0,0,0,0,0,0,0,0,0
cassandra,apache/cassandra/serializers/UserTypeSerializer,UserTypeSerializer,dataset/projects/cassandra/src/java/org/apache/cassandra/serializers/UserTypeSerializer.java,,1,1,0,0,0,1,0,0,0,0,0,0,0,0,0,0,0,0,0,0,0,0,0,0,0,0,0,0,0,0,0,0,0,0,0
cassandra,apache/cassandra/service/AbstractFilesystemOwnershipCheck,AbstractFilesystemOwnershipCheck,,C:/Users/ismak/Documents/GitHub/relation_test_code_smell_ML/dataset/projects/cassandra/test/unit/org/apache/cassandra/service/AbstractFilesystemOwnershipCheckTest.java,0,0,1,10,0,0,0,0,0,0,1,1,1,0,1,1,0,0,0,1,0,1,0,0,0,0,0,0,0,0,1,1,1,0,0
cassandra,apache/cassandra/service/AbstractWriteResponseHandler,AbstractWriteResponseHandler,dataset/projects/cassandra/src/java/org/apache/cassandra/service/AbstractWriteResponseHandler.java,,1,3,0,0,1,1,0,0,0,1,0,0,0,0,0,0,0,0,0,0,0,0,0,0,0,0,0,0,0,0,0,0,0,0,0
cassandra,apache/cassandra/service/ActiveRepairService,ActiveRepairService,dataset/projects/cassandra/src/java/org/apache/cassandra/service/ActiveRepairService.java,C:/Users/ismak/Documents/GitHub/relation_test_code_smell_ML/dataset/projects/cassandra/test/unit/org/apache/cassandra/service/ActiveRepairServiceTest.java,1,8,1,11,1,4,1,1,0,1,1,1,1,0,1,1,0,0,0,1,1,0,0,0,1,0,1,0,0,1,0,0,0,1,0
cassandra,apache/cassandra/service/AlterTopologyArgParsing,AlterTopologyArgParsing,,C:/Users/ismak/Documents/GitHub/relation_test_code_smell_ML/dataset/projects/cassandra/test/unit/org/apache/cassandra/service/AlterTopologyArgParsingTest.java,0,0,1,7,0,0,0,0,0,0,1,1,1,0,1,1,0,0,0,1,0,0,0,0,0,0,0,0,0,0,0,0,0,1,0
cassandra,apache/cassandra/service/AsyncProfilerService,AsyncProfilerService,dataset/projects/cassandra/src/java/org/apache/cassandra/service/AsyncProfilerService.java,C:/Users/ismak/Documents/GitHub/relation_test_code_smell_ML/dataset/projects/cassandra/test/unit/org/apache/cassandra/service/AsyncProfilerServiceTest.java,1,4,1,9,0,2,0,1,0,1,1,1,1,0,1,0,0,0,0,1,1,0,0,0,0,0,1,0,0,0,1,0,1,0,0
cassandra,apache/cassandra/service/AutoRepairService,AutoRepairService,dataset/projects/cassandra/src/java/org/apache/cassandra/service/AutoRepairService.java,,1,1,0,0,0,1,0,0,0,0,0,0,0,0,0,0,0,0,0,0,0,0,0,0,0,0,0,0,0,0,0,0,0,0,0
cassandra,apache/cassandra/service/AutoRepairServiceBasic,AutoRepairServiceBasic,,C:/Users/ismak/Documents/GitHub/relation_test_code_smell_ML/dataset/projects/cassandra/test/unit/org/apache/cassandra/service/AutoRepairServiceBasicTest.java,0,0,1,5,0,0,0,0,0,0,1,1,1,0,0,0,0,0,0,0,1,0,0,0,0,0,0,0,0,0,0,0,0,1,0
cassandra,apache/cassandra/service/AutoRepairServiceRepairType,AutoRepairServiceRepairType,,C:/Users/ismak/Documents/GitHub/relation_test_code_smell_ML/dataset/projects/cassandra/test/unit/org/apache/cassandra/service/AutoRepairServiceRepairTypeTest.java,0,0,1,4,0,0,0,0,0,0,1,1,1,0,0,0,0,0,0,0,0,0,0,0,1,0,0,0,0,0,0,0,0,0,0
cassandra,apache/cassandra/service/AutoRepairServiceSetter,AutoRepairServiceSetter,,C:/Users/ismak/Documents/GitHub/relation_test_code_smell_ML/dataset/projects/cassandra/test/unit/org/apache/cassandra/service/AutoRepairServiceSetterTest.java,0,0,1,8,0,0,0,0,0,0,1,1,1,0,1,1,0,0,0,0,0,0,0,0,1,0,0,0,0,1,1,0,0,0,0
cassandra,apache/cassandra/service/BootstrapTransient,BootstrapTransient,,C:/Users/ismak/Documents/GitHub/relation_test_code_smell_ML/dataset/projects/cassandra/test/unit/org/apache/cassandra/service/BootstrapTransientTest.java,0,0,1,4,0,0,0,0,0,0,1,1,1,0,0,0,0,0,0,0,0,0,0,0,0,0,0,0,0,0,1,0,0,0,0
cassandra,apache/cassandra/service/CacheService,CacheService,dataset/projects/cassandra/src/java/org/apache/cassandra/service/CacheService.java,,1,3,0,0,1,0,0,1,0,1,0,0,0,0,0,0,0,0,0,0,0,0,0,0,0,0,0,0,0,0,0,0,0,0,0
cassandra,apache/cassandra/service/CassandraDaemon,CassandraDaemon,dataset/projects/cassandra/src/java/org/apache/cassandra/service/CassandraDaemon.java,C:/Users/ismak/Documents/GitHub/relation_test_code_smell_ML/dataset/projects/cassandra/test/unit/org/apache/cassandra/service/CassandraDaemonTest.java,1,6,1,6,1,3,0,1,0,1,1,1,1,0,1,1,0,0,0,0,0,0,0,0,0,0,0,0,0,0,0,0,0,1,0
cassandra,apache/cassandra/service/ClientState,ClientState,dataset/projects/cassandra/src/java/org/apache/cassandra/service/ClientState.java,C:/Users/ismak/Documents/GitHub/relation_test_code_smell_ML/dataset/projects/cassandra/test/unit/org/apache/cassandra/service/ClientStateTest.java,1,5,1,4,1,2,0,1,0,1,1,1,1,0,0,0,0,0,0,0,0,0,0,0,0,0,0,0,0,0,0,0,0,1,0
cassandra,apache/cassandra/service/ClientWarnings,ClientWarnings,,C:/Users/ismak/Documents/GitHub/relation_test_code_smell_ML/dataset/projects/cassandra/test/unit/org/apache/cassandra/service/ClientWarningsTest.java,0,0,1,7,0,0,0,0,0,0,1,1,1,0,1,1,0,0,0,1,0,0,0,0,0,0,0,0,0,0,0,0,0,1,0
cassandra,apache/cassandra/service/DataResurrectionCheck,DataResurrectionCheck,dataset/projects/cassandra/src/java/org/apache/cassandra/service/DataResurrectionCheck.java,,1,1,0,0,0,1,0,0,0,0,0,0,0,0,0,0,0,0,0,0,0,0,0,0,0,0,0,0,0,0,0,0,0,0,0
cassandra,apache/cassandra/service/DefaultDiskErrorsHandler,DefaultDiskErrorsHandler,dataset/projects/cassandra/src/java/org/apache/cassandra/service/DefaultDiskErrorsHandler.java,,1,2,0,0,0,1,0,0,0,1,0,0,0,0,0,0,0,0,0,0,0,0,0,0,0,0,0,0,0,0,0,0,0,0,0
cassandra,apache/cassandra/service/DefaultFSErrorHandler,DefaultFSErrorHandler,,C:/Users/ismak/Documents/GitHub/relation_test_code_smell_ML/dataset/projects/cassandra/test/unit/org/apache/cassandra/service/DefaultFSErrorHandlerTest.java,0,0,1,5,0,0,0,0,0,0,1,1,1,0,0,0,1,0,0,0,1,0,0,0,0,0,0,0,0,0,0,0,0,0,0
cassandra,apache/cassandra/service/DiskErrorsHandler,DiskErrorsHandler,,C:/Users/ismak/Documents/GitHub/relation_test_code_smell_ML/dataset/projects/cassandra/test/unit/org/apache/cassandra/service/DiskErrorsHandlerTest.java,0,0,1,6,0,0,0,0,0,0,1,1,1,0,1,0,0,0,0,1,0,0,0,0,0,0,0,0,0,1,0,0,0,0,0
cassandra,apache/cassandra/service/DiskFailurePolicy,DiskFailurePolicy,,C:/Users/ismak/Documents/GitHub/relation_test_code_smell_ML/dataset/projects/cassandra/test/unit/org/apache/cassandra/service/DiskFailurePolicyTest.java,0,0,1,9,0,0,0,0,0,0,1,1,1,0,1,1,1,0,0,1,1,0,0,0,0,0,0,0,0,0,0,0,1,0,0
cassandra,apache/cassandra/service/FailureRecordingCallback,FailureRecordingCallback,,C:/Users/ismak/Documents/GitHub/relation_test_code_smell_ML/dataset/projects/cassandra/test/unit/org/apache/cassandra/service/FailureRecordingCallbackTest.java,0,0,1,5,0,0,0,0,0,0,1,1,1,0,0,0,0,0,0,1,0,0,0,0,0,0,0,0,0,0,0,0,0,1,0
cassandra,apache/cassandra/service/FileSystemOwnershipCheck,FileSystemOwnershipCheck,dataset/projects/cassandra/src/java/org/apache/cassandra/service/FileSystemOwnershipCheck.java,,1,2,0,0,0,1,0,1,0,0,0,0,0,0,0,0,0,0,0,0,0,0,0,0,0,0,0,0,0,0,0,0,0,0,0
cassandra,apache/cassandra/service/GCInspector,GCInspector,dataset/projects/cassandra/src/java/org/apache/cassandra/service/GCInspector.java,C:/Users/ismak/Documents/GitHub/relation_test_code_smell_ML/dataset/projects/cassandra/test/unit/org/apache/cassandra/service/GCInspectorTest.java,1,5,1,6,0,4,0,1,0,0,1,1,1,0,1,0,0,0,0,0,1,0,0,0,0,0,0,0,0,0,0,0,0,1,0
cassandra,apache/cassandra/service/JoinTokenRing,JoinTokenRing,,C:/Users/ismak/Documents/GitHub/relation_test_code_smell_ML/dataset/projects/cassandra/test/unit/org/apache/cassandra/service/JoinTokenRingTest.java,0,0,1,6,0,0,0,0,0,0,1,1,1,0,1,0,0,0,0,1,0,0,0,0,0,0,0,0,0,0,0,1,0,0,0
cassandra,apache/cassandra/service/LegacyAuthFail,LegacyAuthFail,,C:/Users/ismak/Documents/GitHub/relation_test_code_smell_ML/dataset/projects/cassandra/test/unit/org/apache/cassandra/service/LegacyAuthFailTest.java,0,0,1,6,0,0,0,0,0,0,1,1,1,0,1,1,0,0,0,1,0,0,0,0,0,0,0,0,0,0,0,0,0,0,0
cassandra,apache/cassandra/service/NativeTransportService,NativeTransportService,,C:/Users/ismak/Documents/GitHub/relation_test_code_smell_ML/dataset/projects/cassandra/test/unit/org/apache/cassandra/service/NativeTransportServiceTest.java,0,0,1,5,0,0,0,0,0,0,1,1,1,0,1,0,0,0,0,0,0,0,0,0,0,0,0,0,0,0,1,0,0,0,0
cassandra,apache/cassandra/service/OptionalTasks,OptionalTasks,,C:/Users/ismak/Documents/GitHub/relation_test_code_smell_ML/dataset/projects/cassandra/test/unit/org/apache/cassandra/service/OptionalTasksTest.java,0,0,1,3,0,0,0,0,0,0,1,1,1,0,0,0,0,0,0,0,0,0,0,0,0,0,0,0,0,0,0,0,0,0,0
cassandra,apache/cassandra/service/PartitionDenylist,PartitionDenylist,,C:/Users/ismak/Documents/GitHub/relation_test_code_smell_ML/dataset/projects/cassandra/test/unit/org/apache/cassandra/service/PartitionDenylistTest.java,0,0,1,8,0,0,0,0,0,0,1,1,1,0,1,1,0,0,0,0,0,0,0,0,0,0,0,0,0,1,1,0,0,1,0
cassandra,apache/cassandra/service/PaxosState,PaxosState,,C:/Users/ismak/Documents/GitHub/relation_test_code_smell_ML/dataset/projects/cassandra/test/unit/org/apache/cassandra/service/PaxosStateTest.java,0,0,1,4,0,0,0,0,0,0,1,1,1,0,0,0,0,0,0,1,0,0,0,0,0,0,0,0,0,0,0,0,0,0,0
cassandra,apache/cassandra/service/ProtocolBetaVersion,ProtocolBetaVersion,,C:/Users/ismak/Documents/GitHub/relation_test_code_smell_ML/dataset/projects/cassandra/test/unit/org/apache/cassandra/service/ProtocolBetaVersionTest.java,0,0,1,7,0,0,0,0,0,0,1,1,1,0,1,1,0,0,0,1,0,0,0,0,0,0,0,0,0,0,0,0,0,1,0
cassandra,apache/cassandra/service/QueryPager,QueryPager,,C:/Users/ismak/Documents/GitHub/relation_test_code_smell_ML/dataset/projects/cassandra/test/unit/org/apache/cassandra/service/QueryPagerTest.java,0,0,1,5,0,0,0,0,0,0,1,1,1,0,0,1,0,0,0,0,0,0,0,0,0,0,0,0,0,0,1,0,0,0,0
cassandra,apache/cassandra/service/RMIServerSocketFactoryImpl,RMIServerSocketFactoryImpl,,C:/Users/ismak/Documents/GitHub/relation_test_code_smell_ML/dataset/projects/cassandra/test/unit/org/apache/cassandra/service/RMIServerSocketFactoryImplTest.java,0,0,1,4,0,0,0,0,0,0,1,1,1,0,0,0,0,0,0,1,0,0,0,0,0,0,0,0,0,0,0,0,0,0,0
cassandra,apache/cassandra/service/Rebuild,Rebuild,dataset/projects/cassandra/src/java/org/apache/cassandra/service/Rebuild.java,,1,2,0,0,1,1,0,0,0,0,0,0,0,0,0,0,0,0,0,0,0,0,0,0,0,0,0,0,0,0,0,0,0,0,0
cassandra,apache/cassandra/service/Remove,Remove,,C:/Users/ismak/Documents/GitHub/relation_test_code_smell_ML/dataset/projects/cassandra/test/unit/org/apache/cassandra/service/RemoveTest.java,0,0,1,4,0,0,0,0,0,0,1,1,1,0,0,0,0,0,0,0,1,0,0,0,0,0,0,0,0,0,0,0,0,0,0
cassandra,apache/cassandra/service/RetryStrategy,RetryStrategy,dataset/projects/cassandra/src/java/org/apache/cassandra/service/RetryStrategy.java,C:/Users/ismak/Documents/GitHub/relation_test_code_smell_ML/dataset/projects/cassandra/test/unit/org/apache/cassandra/service/RetryStrategyTest.java,1,1,1,8,0,1,0,0,0,0,1,1,1,0,1,1,0,0,0,1,0,0,0,0,0,0,0,0,0,1,1,0,0,0,0
cassandra,apache/cassandra/service/SSTablesGlobalTracker,SSTablesGlobalTracker,dataset/projects/cassandra/src/java/org/apache/cassandra/service/SSTablesGlobalTracker.java,C:/Users/ismak/Documents/GitHub/relation_test_code_smell_ML/dataset/projects/cassandra/test/unit/org/apache/cassandra/service/SSTablesGlobalTrackerTest.java,1,1,1,5,0,1,0,0,0,0,1,1,1,0,1,1,0,0,0,0,0,0,0,0,0,0,0,0,0,0,0,0,0,0,0
cassandra,apache/cassandra/service/Serializations,Serializations,,C:/Users/ismak/Documents/GitHub/relation_test_code_smell_ML/dataset/projects/cassandra/test/unit/org/apache/cassandra/service/SerializationsTest.java,0,0,1,8,0,0,0,0,0,0,1,1,1,0,0,1,0,0,0,1,0,0,1,0,0,0,0,0,0,0,1,1,0,0,0
cassandra,apache/cassandra/service/StartupChecks,StartupChecks,dataset/projects/cassandra/src/java/org/apache/cassandra/service/StartupChecks.java,C:/Users/ismak/Documents/GitHub/relation_test_code_smell_ML/dataset/projects/cassandra/test/unit/org/apache/cassandra/service/StartupChecksTest.java,1,5,1,11,1,4,0,0,0,0,1,1,1,0,1,0,0,0,0,1,1,1,0,0,0,0,1,0,0,0,1,1,1,0,0
cassandra,apache/cassandra/service/StorageProxy,StorageProxy,dataset/projects/cassandra/src/java/org/apache/cassandra/service/StorageProxy.java,C:/Users/ismak/Documents/GitHub/relation_test_code_smell_ML/dataset/projects/cassandra/test/unit/org/apache/cassandra/service/StorageProxyTest.java,1,21,1,6,1,18,0,1,0,1,1,1,1,0,1,0,0,0,0,1,0,0,0,0,0,0,0,0,0,1,0,0,0,0,0
cassandra,apache/cassandra/service/StorageProxyMBean,StorageProxyMBean,dataset/projects/cassandra/src/java/org/apache/cassandra/service/StorageProxyMBean.java,,1,1,0,0,0,0,0,0,0,1,0,0,0,0,0,0,0,0,0,0,0,0,0,0,0,0,0,0,0,0,0,0,0,0,0
cassandra,apache/cassandra/service/StorageService,StorageService,dataset/projects/cassandra/src/java/org/apache/cassandra/service/StorageService.java,C:/Users/ismak/Documents/GitHub/relation_test_code_smell_ML/dataset/projects/cassandra/test/unit/org/apache/cassandra/service/StorageServiceTest.java,1,16,1,7,1,11,2,1,0,1,1,1,1,0,1,0,0,0,0,1,0,0,0,0,0,0,0,0,0,1,0,0,0,1,0
cassandra,apache/cassandra/service/StorageServiceDrain,StorageServiceDrain,,C:/Users/ismak/Documents/GitHub/relation_test_code_smell_ML/dataset/projects/cassandra/test/unit/org/apache/cassandra/service/StorageServiceDrainTest.java,0,0,1,5,0,0,0,0,0,0,1,1,1,0,1,0,0,0,0,1,0,0,0,0,0,0,0,0,0,0,0,0,0,0,0
cassandra,apache/cassandra/service/StorageServiceMBean,StorageServiceMBean,dataset/projects/cassandra/src/java/org/apache/cassandra/service/StorageServiceMBean.java,,1,3,0,0,0,0,2,0,0,1,0,0,0,0,0,0,0,0,0,0,0,0,0,0,0,0,0,0,0,0,0,0,0,0,0
cassandra,apache/cassandra/service/StorageServiceServer,StorageServiceServer,,C:/Users/ismak/Documents/GitHub/relation_test_code_smell_ML/dataset/projects/cassandra/test/unit/org/apache/cassandra/service/StorageServiceServerTest.java,0,0,1,6,0,0,0,0,0,0,1,1,1,0,1,0,0,0,0,1,0,0,0,0,0,0,0,0,0,1,0,0,0,0,0
cassandra,apache/cassandra/service/StorageServiceServerM3P,StorageServiceServerM3P,,C:/Users/ismak/Documents/GitHub/relation_test_code_smell_ML/dataset/projects/cassandra/test/unit/org/apache/cassandra/service/StorageServiceServerM3PTest.java,0,0,1,6,0,0,0,0,0,0,1,1,1,0,0,1,0,0,0,1,0,0,0,0,0,0,0,0,0,0,0,0,1,0,0
cassandra,apache/cassandra/service/SystemPropertiesBasedFileSystemOwnershipCheck,SystemPropertiesBasedFileSystemOwnershipCheck,,C:/Users/ismak/Documents/GitHub/relation_test_code_smell_ML/dataset/projects/cassandra/test/unit/org/apache/cassandra/service/SystemPropertiesBasedFileSystemOwnershipCheckTest.java,0,0,1,3,0,0,0,0,0,0,1,1,1,0,0,0,0,0,0,0,0,0,0,0,0,0,0,0,0,0,0,0,0,0,0
cassandra,apache/cassandra/service/TimeoutStrategy,TimeoutStrategy,dataset/projects/cassandra/src/java/org/apache/cassandra/service/TimeoutStrategy.java,C:/Users/ismak/Documents/GitHub/relation_test_code_smell_ML/dataset/projects/cassandra/test/unit/org/apache/cassandra/service/TimeoutStrategyTest.java,1,1,1,5,0,0,0,0,0,1,1,1,1,0,1,0,0,0,0,0,0,0,0,0,0,0,0,0,0,0,0,0,0,1,0
cassandra,apache/cassandra/service/TimestampSource,TimestampSource,dataset/projects/cassandra/src/java/org/apache/cassandra/service/TimestampSource.java,C:/Users/ismak/Documents/GitHub/relation_test_code_smell_ML/dataset/projects/cassandra/test/unit/org/apache/cassandra/service/TimestampSourceTest.java,1,1,1,5,0,1,0,0,0,0,1,1,1,0,1,1,0,0,0,0,0,0,0,0,0,0,0,0,0,0,0,0,0,0,0
cassandra,apache/cassandra/service/TruncateResponseHandler,TruncateResponseHandler,dataset/projects/cassandra/src/java/org/apache/cassandra/service/TruncateResponseHandler.java,,1,1,0,0,0,1,0,0,0,0,0,0,0,0,0,0,0,0,0,0,0,0,0,0,0,0,0,0,0,0,0,0,0,0,0
cassandra,apache/cassandra/service/WriteResponseHandler,WriteResponseHandler,,C:/Users/ismak/Documents/GitHub/relation_test_code_smell_ML/dataset/projects/cassandra/test/unit/org/apache/cassandra/service/WriteResponseHandlerTest.java,0,0,1,6,0,0,0,0,0,0,1,1,1,0,1,0,0,0,0,1,0,0,0,0,0,0,0,0,0,0,0,0,0,1,0
cassandra,apache/cassandra/service/WriteResponseHandlerTransient,WriteResponseHandlerTransient,,C:/Users/ismak/Documents/GitHub/relation_test_code_smell_ML/dataset/projects/cassandra/test/unit/org/apache/cassandra/service/WriteResponseHandlerTransientTest.java,0,0,1,3,0,0,0,0,0,0,1,1,1,0,0,0,0,0,0,0,0,0,0,0,0,0,0,0,0,0,0,0,0,0,0
cassandra,apache/cassandra/service/YamlBasedFileSystemOwnershipCheck,YamlBasedFileSystemOwnershipCheck,,C:/Users/ismak/Documents/GitHub/relation_test_code_smell_ML/dataset/projects/cassandra/test/unit/org/apache/cassandra/service/YamlBasedFileSystemOwnershipCheckTest.java,0,0,1,3,0,0,0,0,0,0,1,1,1,0,0,0,0,0,0,0,0,0,0,0,0,0,0,0,0,0,0,0,0,0,0
cassandra,apache/cassandra/streaming/EntireSSTableStreamingCorrectFilesCount,EntireSSTableStreamingCorrectFilesCount,,C:/Users/ismak/Documents/GitHub/relation_test_code_smell_ML/dataset/projects/cassandra/test/unit/org/apache/cassandra/streaming/EntireSSTableStreamingCorrectFilesCountTest.java,0,0,1,6,0,0,0,0,0,0,1,1,1,0,1,1,0,0,0,1,0,0,0,0,0,0,0,0,0,0,0,0,0,0,0
cassandra,apache/cassandra/streaming/LongStreaming,LongStreaming,,C:/Users/ismak/Documents/GitHub/relation_test_code_smell_ML/dataset/projects/cassandra/test/long/org/apache/cassandra/streaming/LongStreamingTest.java,0,0,1,6,0,0,0,0,0,0,1,1,1,0,0,0,0,0,0,1,0,0,0,0,0,0,0,0,0,0,1,1,0,0,0
cassandra,apache/cassandra/streaming/SessionInfo,SessionInfo,,C:/Users/ismak/Documents/GitHub/relation_test_code_smell_ML/dataset/projects/cassandra/test/unit/org/apache/cassandra/streaming/SessionInfoTest.java,0,0,1,5,0,0,0,0,0,0,1,1,1,0,0,1,0,0,0,0,0,0,0,0,0,0,0,0,0,0,1,0,0,0,0
cassandra,apache/cassandra/streaming/StreamCoordinator,StreamCoordinator,dataset/projects/cassandra/src/java/org/apache/cassandra/streaming/StreamCoordinator.java,,1,2,0,0,1,0,0,0,0,1,0,0,0,0,0,0,0,0,0,0,0,0,0,0,0,0,0,0,0,0,0,0,0,0,0
cassandra,apache/cassandra/streaming/StreamDeserializingTask,StreamDeserializingTask,dataset/projects/cassandra/src/java/org/apache/cassandra/streaming/StreamDeserializingTask.java,,1,1,0,0,0,1,0,0,0,0,0,0,0,0,0,0,0,0,0,0,0,0,0,0,0,0,0,0,0,0,0,0,0,0,0
cassandra,apache/cassandra/streaming/StreamManager,StreamManager,dataset/projects/cassandra/src/java/org/apache/cassandra/streaming/StreamManager.java,C:/Users/ismak/Documents/GitHub/relation_test_code_smell_ML/dataset/projects/cassandra/test/unit/org/apache/cassandra/streaming/StreamManagerTest.java,1,2,1,4,1,0,0,0,0,1,1,1,1,0,0,0,0,0,0,0,0,0,0,0,0,0,0,0,0,0,0,0,0,1,0
cassandra,apache/cassandra/streaming/StreamOperation,StreamOperation,,C:/Users/ismak/Documents/GitHub/relation_test_code_smell_ML/dataset/projects/cassandra/test/unit/org/apache/cassandra/streaming/StreamOperationTest.java,0,0,1,4,0,0,0,0,0,0,1,1,1,0,1,0,0,0,0,0,0,0,0,0,0,0,0,0,0,0,0,0,0,0,0
cassandra,apache/cassandra/streaming/StreamPlan,StreamPlan,dataset/projects/cassandra/src/java/org/apache/cassandra/streaming/StreamPlan.java,,1,1,0,0,0,0,0,0,0,1,0,0,0,0,0,0,0,0,0,0,0,0,0,0,0,0,0,0,0,0,0,0,0,0,0
cassandra,apache/cassandra/streaming/StreamRateLimiter,StreamRateLimiter,,C:/Users/ismak/Documents/GitHub/relation_test_code_smell_ML/dataset/projects/cassandra/test/unit/org/apache/cassandra/streaming/StreamRateLimiterTest.java,0,0,1,5,0,0,0,0,0,0,1,1,1,0,1,0,0,0,0,0,0,0,0,0,0,0,0,0,0,1,0,0,0,0,0
cassandra,apache/cassandra/streaming/StreamReader,StreamReader,,C:/Users/ismak/Documents/GitHub/relation_test_code_smell_ML/dataset/projects/cassandra/test/unit/org/apache/cassandra/streaming/StreamReaderTest.java,0,0,1,5,0,0,0,0,0,0,1,1,1,0,0,0,0,0,0,1,0,0,0,0,0,0,0,0,0,0,1,0,0,0,0
cassandra,apache/cassandra/streaming/StreamResultFuture,StreamResultFuture,dataset/projects/cassandra/src/java/org/apache/cassandra/streaming/StreamResultFuture.java,,1,1,0,0,0,0,0,0,0,1,0,0,0,0,0,0,0,0,0,0,0,0,0,0,0,0,0,0,0,0,0,0,0,0,0
cassandra,apache/cassandra/streaming/StreamSession,StreamSession,dataset/projects/cassandra/src/java/org/apache/cassandra/streaming/StreamSession.java,C:/Users/ismak/Documents/GitHub/relation_test_code_smell_ML/dataset/projects/cassandra/test/unit/org/apache/cassandra/streaming/StreamSessionTest.java,1,5,1,6,1,2,0,1,0,1,1,1,1,0,1,0,0,0,0,1,0,0,0,0,0,0,1,0,0,0,0,0,0,0,0
cassandra,apache/cassandra/streaming/StreamSessionOwnedRanges,StreamSessionOwnedRanges,,C:/Users/ismak/Documents/GitHub/relation_test_code_smell_ML/dataset/projects/cassandra/test/unit/org/apache/cassandra/streaming/StreamSessionOwnedRangesTest.java,0,0,1,5,0,0,0,0,0,0,1,1,1,0,0,0,0,0,0,1,0,0,0,0,0,0,0,0,0,0,1,0,0,0,0
cassandra,apache/cassandra/streaming/StreamTransferTask,StreamTransferTask,,C:/Users/ismak/Documents/GitHub/relation_test_code_smell_ML/dataset/projects/cassandra/test/unit/org/apache/cassandra/streaming/StreamTransferTaskTest.java,0,0,1,9,0,0,0,0,0,0,1,1,1,0,1,1,0,0,0,1,0,0,0,1,0,0,1,0,0,0,0,0,0,1,0
cassandra,apache/cassandra/streaming/StreamingState,StreamingState,dataset/projects/cassandra/src/java/org/apache/cassandra/streaming/StreamingState.java,,1,2,0,0,0,0,0,1,0,1,0,0,0,0,0,0,0,0,0,0,0,0,0,0,0,0,0,0,0,0,0,0,0,0,0
cassandra,apache/cassandra/streaming/StreamingTransfer,StreamingTransfer,,C:/Users/ismak/Documents/GitHub/relation_test_code_smell_ML/dataset/projects/cassandra/test/unit/org/apache/cassandra/streaming/StreamingTransferTest.java,0,0,1,7,0,0,0,0,0,0,1,1,1,0,1,0,0,0,0,1,0,0,0,0,0,0,0,0,0,0,1,0,0,1,0
cassandra,apache/cassandra/stress/CompactionStress,CompactionStress,dataset/projects/cassandra/tools/stress/src/org/apache/cassandra/stress/CompactionStress.java,,1,1,0,0,1,0,0,0,0,0,0,0,0,0,0,0,0,0,0,0,0,0,0,0,0,0,0,0,0,0,0,0,0,0,0
cassandra,apache/cassandra/stress/Stress,Stress,dataset/projects/cassandra/tools/stress/src/org/apache/cassandra/stress/Stress.java,,1,1,0,0,0,1,0,0,0,0,0,0,0,0,0,0,0,0,0,0,0,0,0,0,0,0,0,0,0,0,0,0,0,0,0
cassandra,apache/cassandra/stress/StressAction,StressAction,dataset/projects/cassandra/tools/stress/src/org/apache/cassandra/stress/StressAction.java,,1,5,0,0,1,4,0,0,0,0,0,0,0,0,0,0,0,0,0,0,0,0,0,0,0,0,0,0,0,0,0,0,0,0,0
cassandra,apache/cassandra/stress/StressGraph,StressGraph,dataset/projects/cassandra/tools/stress/src/org/apache/cassandra/stress/StressGraph.java,,1,1,0,0,0,1,0,0,0,0,0,0,0,0,0,0,0,0,0,0,0,0,0,0,0,0,0,0,0,0,0,0,0,0,0
cassandra,apache/cassandra/stress/StressProfile,StressProfile,dataset/projects/cassandra/tools/stress/src/org/apache/cassandra/stress/StressProfile.java,,1,7,0,0,1,4,0,0,1,1,0,0,0,0,0,0,0,0,0,0,0,0,0,0,0,0,0,0,0,0,0,0,0,0,0
cassandra,apache/cassandra/tcm/AbstractLocalProcessor,AbstractLocalProcessor,dataset/projects/cassandra/src/java/org/apache/cassandra/tcm/AbstractLocalProcessor.java,,1,1,0,0,0,1,0,0,0,0,0,0,0,0,0,0,0,0,0,0,0,0,0,0,0,0,0,0,0,0,0,0,0,0,0
cassandra,apache/cassandra/tcm/BootWithMetadata,BootWithMetadata,,C:/Users/ismak/Documents/GitHub/relation_test_code_smell_ML/dataset/projects/cassandra/test/unit/org/apache/cassandra/tcm/BootWithMetadataTest.java,0,0,1,6,0,0,0,0,0,0,1,1,1,0,0,1,0,0,0,1,0,0,0,0,0,0,0,0,0,0,1,0,0,0,0
cassandra,apache/cassandra/tcm/CMSOperations,CMSOperations,dataset/projects/cassandra/src/java/org/apache/cassandra/tcm/CMSOperations.java,,1,3,0,0,0,1,0,1,0,1,0,0,0,0,0,0,0,0,0,0,0,0,0,0,0,0,0,0,0,0,0,0,0,0,0
cassandra,apache/cassandra/tcm/CMSOperationsMBean,CMSOperationsMBean,dataset/projects/cassandra/src/java/org/apache/cassandra/tcm/CMSOperationsMBean.java,,1,1,0,0,0,0,0,0,0,1,0,0,0,0,0,0,0,0,0,0,0,0,0,0,0,0,0,0,0,0,0,0,0,0,0
cassandra,apache/cassandra/tcm/ClusterMetadata,ClusterMetadata,dataset/projects/cassandra/src/java/org/apache/cassandra/tcm/ClusterMetadata.java,,1,8,0,0,1,3,1,1,0,2,0,0,0,0,0,0,0,0,0,0,0,0,0,0,0,0,0,0,0,0,0,0,0,0,0
cassandra,apache/cassandra/tcm/ClusterMetadataMetadataKey,ClusterMetadataMetadataKey,,C:/Users/ismak/Documents/GitHub/relation_test_code_smell_ML/dataset/projects/cassandra/test/unit/org/apache/cassandra/tcm/ClusterMetadataMetadataKeyTest.java,0,0,1,6,0,0,0,0,0,0,1,1,1,0,1,1,0,0,0,1,0,0,0,0,0,0,0,0,0,0,0,0,0,0,0
cassandra,apache/cassandra/tcm/ClusterMetadataSerializer,ClusterMetadataSerializer,,C:/Users/ismak/Documents/GitHub/relation_test_code_smell_ML/dataset/projects/cassandra/test/unit/org/apache/cassandra/tcm/ClusterMetadataSerializerTest.java,0,0,1,6,0,0,0,0,0,0,1,1,1,0,1,1,0,0,0,0,0,0,0,0,0,0,0,0,0,0,1,0,0,0,0
cassandra,apache/cassandra/tcm/ClusterMetadataService,ClusterMetadataService,dataset/projects/cassandra/src/java/org/apache/cassandra/tcm/ClusterMetadataService.java,,1,5,0,0,1,2,0,1,0,1,0,0,0,0,0,0,0,0,0,0,0,0,0,0,0,0,0,0,0,0,0,0,0,0,0
cassandra,apache/cassandra/tcm/ClusterMetadataTransformation,ClusterMetadataTransformation,,C:/Users/ismak/Documents/GitHub/relation_test_code_smell_ML/dataset/projects/cassandra/test/unit/org/apache/cassandra/tcm/ClusterMetadataTransformationTest.java,0,0,1,6,0,0,0,0,0,0,1,1,1,0,1,0,0,0,0,1,0,0,0,0,0,0,0,0,0,1,0,0,0,0,0
cassandra,apache/cassandra/tcm/Commit,Commit,dataset/projects/cassandra/src/java/org/apache/cassandra/tcm/Commit.java,,1,1,0,0,1,0,0,0,0,0,0,0,0,0,0,0,0,0,0,0,0,0,0,0,0,0,0,0,0,0,0,0,0,0,0
cassandra,apache/cassandra/tcm/DiscoverySimulation,DiscoverySimulation,,C:/Users/ismak/Documents/GitHub/relation_test_code_smell_ML/dataset/projects/cassandra/test/unit/org/apache/cassandra/tcm/DiscoverySimulationTest.java,0,0,1,5,0,0,0,0,0,0,1,1,1,0,0,1,0,0,0,1,0,0,0,0,0,0,0,0,0,0,0,0,0,0,0
cassandra,apache/cassandra/tcm/GetLogState,GetLogState,,C:/Users/ismak/Documents/GitHub/relation_test_code_smell_ML/dataset/projects/cassandra/test/unit/org/apache/cassandra/tcm/GetLogStateTest.java,0,0,1,6,0,0,0,0,0,0,1,1,1,0,1,1,0,0,0,0,0,0,0,0,0,0,0,0,0,0,0,1,0,0,0
cassandra,apache/cassandra/tcm/LogState,LogState,,C:/Users/ismak/Documents/GitHub/relation_test_code_smell_ML/dataset/projects/cassandra/test/unit/org/apache/cassandra/tcm/LogStateTest.java,0,0,1,4,0,0,0,0,0,0,1,1,1,0,0,1,0,0,0,0,0,0,0,0,0,0,0,0,0,0,0,0,0,0,0
cassandra,apache/cassandra/tcm/MultiStepOperation,MultiStepOperation,dataset/projects/cassandra/src/java/org/apache/cassandra/tcm/MultiStepOperation.java,,1,2,0,0,1,0,0,0,0,1,0,0,0,0,0,0,0,0,0,0,0,0,0,0,0,0,0,0,0,0,0,0,0,0,0
cassandra,apache/cassandra/tcm/NewTransformationVersionCompatibility,NewTransformationVersionCompatibility,,C:/Users/ismak/Documents/GitHub/relation_test_code_smell_ML/dataset/projects/cassandra/test/unit/org/apache/cassandra/tcm/NewTransformationVersionCompatibilityTest.java,0,0,1,4,0,0,0,0,0,0,1,1,1,0,0,0,0,0,0,0,0,0,0,0,0,0,0,0,0,0,1,0,0,0,0
cassandra,apache/cassandra/tcm/PaxosBackedProcessor,PaxosBackedProcessor,dataset/projects/cassandra/src/java/org/apache/cassandra/tcm/PaxosBackedProcessor.java,,1,2,0,0,1,1,0,0,0,0,0,0,0,0,0,0,0,0,0,0,0,0,0,0,0,0,0,0,0,0,0,0,0,0,0
cassandra,apache/cassandra/tcm/RemoteProcessor,RemoteProcessor,dataset/projects/cassandra/src/java/org/apache/cassandra/tcm/RemoteProcessor.java,C:/Users/ismak/Documents/GitHub/relation_test_code_smell_ML/dataset/projects/cassandra/test/unit/org/apache/cassandra/tcm/RemoteProcessorTest.java,1,2,1,6,1,0,0,0,0,1,1,1,1,0,1,1,0,0,0,0,0,0,0,0,0,0,0,0,0,0,0,0,0,1,0
cassandra,apache/cassandra/tcm/Retry,Retry,dataset/projects/cassandra/src/java/org/apache/cassandra/tcm/Retry.java,C:/Users/ismak/Documents/GitHub/relation_test_code_smell_ML/dataset/projects/cassandra/test/unit/org/apache/cassandra/tcm/RetryTest.java,1,1,1,4,0,0,0,0,0,1,1,1,1,0,0,0,0,0,0,0,0,0,0,0,0,0,0,0,0,0,1,0,0,0,0
cassandra,apache/cassandra/tcm/Startup,Startup,dataset/projects/cassandra/src/java/org/apache/cassandra/tcm/Startup.java,,1,6,0,0,1,3,0,1,0,1,0,0,0,0,0,0,0,0,0,0,0,0,0,0,0,0,0,0,0,0,0,0,0,0,0
cassandra,apache/cassandra/tcm/Unregister,Unregister,,C:/Users/ismak/Documents/GitHub/relation_test_code_smell_ML/dataset/projects/cassandra/test/unit/org/apache/cassandra/tcm/UnregisterTest.java,0,0,1,4,0,0,0,0,0,0,1,1,1,0,0,0,0,0,0,0,0,0,0,0,0,0,0,0,0,0,1,0,0,0,0
cassandra,apache/cassandra/tools/AuditLogViewer,AuditLogViewer,,C:/Users/ismak/Documents/GitHub/relation_test_code_smell_ML/dataset/projects/cassandra/test/unit/org/apache/cassandra/tools/AuditLogViewerTest.java,0,0,1,8,0,0,0,0,0,0,1,1,1,0,1,0,0,0,0,1,1,0,0,0,0,0,1,0,0,0,0,0,0,1,0
cassandra,apache/cassandra/tools/BulkLoader,BulkLoader,dataset/projects/cassandra/tools/sstableloader/src/org/apache/cassandra/tools/BulkLoader.java,C:/Users/ismak/Documents/GitHub/relation_test_code_smell_ML/dataset/projects/cassandra/test/unit/org/apache/cassandra/tools/BulkLoaderTest.java,1,2,1,7,1,1,0,0,0,0,1,1,1,0,1,1,0,0,0,1,0,0,0,0,0,0,0,0,0,0,0,0,0,1,0
cassandra,apache/cassandra/tools/CMSOfflineTool,CMSOfflineTool,dataset/projects/cassandra/src/java/org/apache/cassandra/tools/CMSOfflineTool.java,C:/Users/ismak/Documents/GitHub/relation_test_code_smell_ML/dataset/projects/cassandra/test/unit/org/apache/cassandra/tools/CMSOfflineToolTest.java,1,2,1,7,1,1,0,0,0,0,1,1,1,0,1,1,0,0,0,1,0,0,0,0,0,0,0,0,0,1,0,0,0,0,0
cassandra,apache/cassandra/tools/CompactionStress,CompactionStress,,C:/Users/ismak/Documents/GitHub/relation_test_code_smell_ML/dataset/projects/cassandra/test/unit/org/apache/cassandra/tools/CompactionStressTest.java,0,0,1,5,0,0,0,0,0,0,1,1,1,0,0,0,0,0,0,0,0,1,0,0,0,0,0,0,0,0,0,0,1,0,0
cassandra,apache/cassandra/tools/GenerateTokens,GenerateTokens,,C:/Users/ismak/Documents/GitHub/relation_test_code_smell_ML/dataset/projects/cassandra/test/unit/org/apache/cassandra/tools/GenerateTokensTest.java,0,0,1,4,0,0,0,0,0,0,1,1,1,0,0,1,0,0,0,0,0,0,0,0,0,0,0,0,0,0,0,0,0,0,0
cassandra,apache/cassandra/tools/GetVersion,GetVersion,,C:/Users/ismak/Documents/GitHub/relation_test_code_smell_ML/dataset/projects/cassandra/test/unit/org/apache/cassandra/tools/GetVersionTest.java,0,0,1,3,0,0,0,0,0,0,1,1,1,0,0,0,0,0,0,0,0,0,0,0,0,0,0,0,0,0,0,0,0,0,0
cassandra,apache/cassandra/tools/HashPassword,HashPassword,dataset/projects/cassandra/src/java/org/apache/cassandra/tools/HashPassword.java,C:/Users/ismak/Documents/GitHub/relation_test_code_smell_ML/dataset/projects/cassandra/test/unit/org/apache/cassandra/tools/HashPasswordTest.java,1,1,1,6,0,1,0,0,0,0,1,1,1,0,0,0,0,0,0,1,0,1,0,0,0,0,0,0,0,0,0,0,1,0,0
cassandra,apache/cassandra/tools/JMXCompatibility,JMXCompatibility,,C:/Users/ismak/Documents/GitHub/relation_test_code_smell_ML/dataset/projects/cassandra/test/unit/org/apache/cassandra/tools/JMXCompatibilityTest.java,0,0,1,6,0,0,0,0,0,0,1,1,1,0,0,1,0,0,0,1,0,0,0,0,0,0,0,0,0,0,1,0,0,0,0
cassandra,apache/cassandra/tools/JMXStandards,JMXStandards,,C:/Users/ismak/Documents/GitHub/relation_test_code_smell_ML/dataset/projects/cassandra/test/unit/org/apache/cassandra/tools/JMXStandardsTest.java,0,0,1,5,0,0,0,0,0,0,1,1,1,0,0,1,0,0,0,1,0,0,0,0,0,0,0,0,0,0,0,0,0,0,0
cassandra,apache/cassandra/tools/JMXTool,JMXTool,dataset/projects/cassandra/src/java/org/apache/cassandra/tools/JMXTool.java,C:/Users/ismak/Documents/GitHub/relation_test_code_smell_ML/dataset/projects/cassandra/test/unit/org/apache/cassandra/tools/JMXToolTest.java,1,3,1,4,1,2,0,0,0,0,1,1,1,0,0,0,0,0,0,0,0,0,0,0,0,0,0,0,0,0,1,0,0,0,0
cassandra,apache/cassandra/tools/JsonTransformer,JsonTransformer,dataset/projects/cassandra/src/java/org/apache/cassandra/tools/JsonTransformer.java,,1,3,0,0,1,1,0,0,0,1,0,0,0,0,0,0,0,0,0,0,0,0,0,0,0,0,0,0,0,0,0,0,0,0,0
cassandra,apache/cassandra/tools/LoaderOptions,LoaderOptions,dataset/projects/cassandra/tools/sstableloader/src/org/apache/cassandra/tools/LoaderOptions.java,C:/Users/ismak/Documents/GitHub/relation_test_code_smell_ML/dataset/projects/cassandra/tools/sstableloader/test/unit/org/apache/cassandra/tools/LoaderOptionsTest.java,1,6,1,10,1,2,0,1,1,1,1,1,1,0,1,0,0,0,0,1,0,1,0,0,0,0,0,0,0,1,1,0,1,1,0
cassandra,apache/cassandra/tools/NodeProbe,NodeProbe,dataset/projects/cassandra/src/java/org/apache/cassandra/tools/NodeProbe.java,C:/Users/ismak/Documents/GitHub/relation_test_code_smell_ML/dataset/projects/cassandra/test/unit/org/apache/cassandra/tools/NodeProbeTest.java,1,18,1,3,1,11,3,1,1,1,1,1,1,0,0,0,0,0,0,0,0,0,0,0,0,0,0,0,0,0,0,0,0,0,0
cassandra,apache/cassandra/tools/NodeToolCommand,NodeToolCommand,,C:/Users/ismak/Documents/GitHub/relation_test_code_smell_ML/dataset/projects/cassandra/test/unit/org/apache/cassandra/tools/NodeToolCommandTest.java,0,0,1,7,0,0,0,0,0,0,1,1,1,0,1,0,0,0,0,1,0,0,0,0,1,0,0,0,0,0,0,1,0,0,0
cassandra,apache/cassandra/tools/OfflineClusterMetadataDump,OfflineClusterMetadataDump,dataset/projects/cassandra/src/java/org/apache/cassandra/tools/OfflineClusterMetadataDump.java,C:/Users/ismak/Documents/GitHub/relation_test_code_smell_ML/dataset/projects/cassandra/test/unit/org/apache/cassandra/tools/OfflineClusterMetadataDumpTest.java,1,5,1,6,1,2,0,1,0,1,1,1,1,0,1,0,0,0,0,0,0,0,0,0,1,0,0,0,0,1,0,0,0,0,0
cassandra,apache/cassandra/tools/OfflineClusterMetadataDumpIntegration,OfflineClusterMetadataDumpIntegration,,C:/Users/ismak/Documents/GitHub/relation_test_code_smell_ML/dataset/projects/cassandra/test/unit/org/apache/cassandra/tools/OfflineClusterMetadataDumpIntegrationTest.java,0,0,1,6,0,0,0,0,0,0,1,1,1,0,1,1,0,0,0,0,0,0,0,0,0,0,0,0,0,1,0,0,0,0,0
cassandra,apache/cassandra/tools/RepairRunner,RepairRunner,dataset/projects/cassandra/src/java/org/apache/cassandra/tools/RepairRunner.java,,1,1,0,0,0,0,0,0,0,1,0,0,0,0,0,0,0,0,0,0,0,0,0,0,0,0,0,0,0,0,0,0,0,0,0
cassandra,apache/cassandra/tools/SSTableExpiredBlockers,SSTableExpiredBlockers,,C:/Users/ismak/Documents/GitHub/relation_test_code_smell_ML/dataset/projects/cassandra/test/unit/org/apache/cassandra/tools/SSTableExpiredBlockersTest.java,0,0,1,5,0,0,0,0,0,0,1,1,1,0,1,0,0,0,0,0,0,0,0,0,0,0,0,0,0,0,0,0,0,1,0
cassandra,apache/cassandra/tools/SSTableExport,SSTableExport,dataset/projects/cassandra/src/java/org/apache/cassandra/tools/SSTableExport.java,C:/Users/ismak/Documents/GitHub/relation_test_code_smell_ML/dataset/projects/cassandra/test/unit/org/apache/cassandra/tools/SSTableExportTest.java,1,1,1,5,0,1,0,0,0,0,1,1,1,0,1,0,0,0,0,0,0,0,0,0,0,0,0,0,0,0,0,0,0,1,0
cassandra,apache/cassandra/tools/SSTableExportSchemaLoading,SSTableExportSchemaLoading,,C:/Users/ismak/Documents/GitHub/relation_test_code_smell_ML/dataset/projects/cassandra/test/unit/org/apache/cassandra/tools/SSTableExportSchemaLoadingTest.java,0,0,1,8,0,0,0,0,0,0,1,1,1,0,1,1,0,0,0,1,0,0,0,0,0,0,0,0,0,1,0,0,0,1,0
cassandra,apache/cassandra/tools/SSTableLevelResetter,SSTableLevelResetter,dataset/projects/cassandra/src/java/org/apache/cassandra/tools/SSTableLevelResetter.java,C:/Users/ismak/Documents/GitHub/relation_test_code_smell_ML/dataset/projects/cassandra/test/unit/org/apache/cassandra/tools/SSTableLevelResetterTest.java,1,1,1,5,0,1,0,0,0,0,1,1,1,0,1,0,0,0,0,0,0,0,0,0,0,0,0,0,0,0,0,0,0,1,0
cassandra,apache/cassandra/tools/SSTableMetadataViewer,SSTableMetadataViewer,dataset/projects/cassandra/src/java/org/apache/cassandra/tools/SSTableMetadataViewer.java,C:/Users/ismak/Documents/GitHub/relation_test_code_smell_ML/dataset/projects/cassandra/test/unit/org/apache/cassandra/tools/SSTableMetadataViewerTest.java,1,5,1,6,1,2,0,1,0,1,1,1,1,0,1,0,0,0,0,0,0,0,0,0,0,0,0,0,0,1,0,0,0,1,0
cassandra,apache/cassandra/tools/SSTableOfflineRelevel,SSTableOfflineRelevel,dataset/projects/cassandra/src/java/org/apache/cassandra/tools/SSTableOfflineRelevel.java,C:/Users/ismak/Documents/GitHub/relation_test_code_smell_ML/dataset/projects/cassandra/test/unit/org/apache/cassandra/tools/SSTableOfflineRelevelTest.java,1,2,1,5,0,2,0,0,0,0,1,1,1,0,1,0,0,0,0,0,0,0,0,0,0,0,0,0,0,0,0,0,0,1,0
cassandra,apache/cassandra/tools/SSTablePartitions,SSTablePartitions,dataset/projects/cassandra/src/java/org/apache/cassandra/tools/SSTablePartitions.java,C:/Users/ismak/Documents/GitHub/relation_test_code_smell_ML/dataset/projects/cassandra/test/unit/org/apache/cassandra/tools/SSTablePartitionsTest.java,1,8,1,7,1,5,0,1,0,1,1,1,1,0,1,0,0,0,0,0,0,0,0,0,0,0,0,0,0,0,1,1,1,0,0
cassandra,apache/cassandra/tools/SSTableRepairedAtSetter,SSTableRepairedAtSetter,dataset/projects/cassandra/src/java/org/apache/cassandra/tools/SSTableRepairedAtSetter.java,C:/Users/ismak/Documents/GitHub/relation_test_code_smell_ML/dataset/projects/cassandra/test/unit/org/apache/cassandra/tools/SSTableRepairedAtSetterTest.java,1,1,1,8,0,1,0,0,0,0,1,1,1,0,1,0,0,0,0,1,0,1,0,0,0,0,0,0,0,0,0,0,1,1,0
cassandra,apache/cassandra/tools/StandaloneJournalUtil,StandaloneJournalUtil,dataset/projects/cassandra/src/java/org/apache/cassandra/tools/StandaloneJournalUtil.java,,1,2,0,0,0,2,0,0,0,0,0,0,0,0,0,0,0,0,0,0,0,0,0,0,0,0,0,0,0,0,0,0,0,0,0
cassandra,apache/cassandra/tools/StandaloneSSTableUtil,StandaloneSSTableUtil,,C:/Users/ismak/Documents/GitHub/relation_test_code_smell_ML/dataset/projects/cassandra/test/unit/org/apache/cassandra/tools/StandaloneSSTableUtilTest.java,0,0,1,6,0,0,0,0,0,0,1,1,1,0,1,0,0,0,0,0,0,0,0,0,0,0,0,0,0,1,0,0,0,1,0
cassandra,apache/cassandra/tools/StandaloneScrubber,StandaloneScrubber,dataset/projects/cassandra/src/java/org/apache/cassandra/tools/StandaloneScrubber.java,C:/Users/ismak/Documents/GitHub/relation_test_code_smell_ML/dataset/projects/cassandra/test/unit/org/apache/cassandra/tools/StandaloneScrubberTest.java,1,2,1,5,1,1,0,0,0,0,1,1,1,0,1,0,0,0,0,0,0,0,0,0,0,0,0,0,0,0,0,0,0,1,0
cassandra,apache/cassandra/tools/StandaloneSplitter,StandaloneSplitter,dataset/projects/cassandra/src/java/org/apache/cassandra/tools/StandaloneSplitter.java,C:/Users/ismak/Documents/GitHub/relation_test_code_smell_ML/dataset/projects/cassandra/test/unit/org/apache/cassandra/tools/StandaloneSplitterTest.java,1,1,1,6,0,1,0,0,0,0,1,1,1,0,1,0,0,0,0,0,0,0,0,0,0,0,0,0,0,1,0,0,0,1,0
cassandra,apache/cassandra/tools/StandaloneSplitterWithCQLTester,StandaloneSplitterWithCQLTester,,C:/Users/ismak/Documents/GitHub/relation_test_code_smell_ML/dataset/projects/cassandra/test/unit/org/apache/cassandra/tools/StandaloneSplitterWithCQLTesterTest.java,0,0,1,7,0,0,0,0,0,0,1,1,1,0,1,1,0,0,0,1,0,0,0,0,0,0,0,0,0,0,0,0,0,1,0
cassandra,apache/cassandra/tools/StandaloneUpgrader,StandaloneUpgrader,dataset/projects/cassandra/src/java/org/apache/cassandra/tools/StandaloneUpgrader.java,C:/Users/ismak/Documents/GitHub/relation_test_code_smell_ML/dataset/projects/cassandra/test/unit/org/apache/cassandra/tools/StandaloneUpgraderTest.java,1,1,1,5,0,1,0,0,0,0,1,1,1,0,1,0,0,0,0,0,0,0,0,0,0,0,0,0,0,0,0,0,0,1,0
cassandra,apache/cassandra/tools/StandaloneUpgraderOnSStables,StandaloneUpgraderOnSStables,,C:/Users/ismak/Documents/GitHub/relation_test_code_smell_ML/dataset/projects/cassandra/test/unit/org/apache/cassandra/tools/StandaloneUpgraderOnSStablesTest.java,0,0,1,5,0,0,0,0,0,0,1,1,1,0,0,0,0,0,0,1,0,0,0,0,0,0,0,0,0,0,0,0,0,1,0
cassandra,apache/cassandra/tools/StandaloneVerifier,StandaloneVerifier,dataset/projects/cassandra/src/java/org/apache/cassandra/tools/StandaloneVerifier.java,C:/Users/ismak/Documents/GitHub/relation_test_code_smell_ML/dataset/projects/cassandra/test/unit/org/apache/cassandra/tools/StandaloneVerifierTest.java,1,1,1,5,0,1,0,0,0,0,1,1,1,0,1,0,0,0,0,0,0,0,0,0,0,0,0,0,0,0,0,0,0,1,0
cassandra,apache/cassandra/tools/StandaloneVerifierOnSSTables,StandaloneVerifierOnSSTables,,C:/Users/ismak/Documents/GitHub/relation_test_code_smell_ML/dataset/projects/cassandra/test/unit/org/apache/cassandra/tools/StandaloneVerifierOnSSTablesTest.java,0,0,1,9,0,0,0,0,0,0,1,1,1,0,1,1,0,0,0,1,0,1,0,0,0,0,0,0,0,0,0,0,1,1,0
cassandra,apache/cassandra/tools/ToolsEnvsConfigs,ToolsEnvsConfigs,,C:/Users/ismak/Documents/GitHub/relation_test_code_smell_ML/dataset/projects/cassandra/test/unit/org/apache/cassandra/tools/ToolsEnvsConfigsTest.java,0,0,1,3,0,0,0,0,0,0,1,1,1,0,0,0,0,0,0,0,0,0,0,0,0,0,0,0,0,0,0,0,0,0,0
cassandra,apache/cassandra/tools/ToolsSchemaLoading,ToolsSchemaLoading,,C:/Users/ismak/Documents/GitHub/relation_test_code_smell_ML/dataset/projects/cassandra/test/unit/org/apache/cassandra/tools/ToolsSchemaLoadingTest.java,0,0,1,5,0,0,0,0,0,0,1,1,1,0,1,0,0,0,0,0,0,0,0,0,0,0,0,0,0,0,0,0,0,1,0
cassandra,apache/cassandra/tools/TopPartitions,TopPartitions,,C:/Users/ismak/Documents/GitHub/relation_test_code_smell_ML/dataset/projects/cassandra/test/unit/org/apache/cassandra/tools/TopPartitionsTest.java,0,0,1,9,0,0,0,0,0,0,1,1,1,0,1,1,0,0,0,1,0,0,0,0,0,0,1,0,0,1,0,0,0,1,0
cassandra,apache/cassandra/tools/Util,Util,dataset/projects/cassandra/src/java/org/apache/cassandra/tools/Util.java,,1,1,0,0,0,1,0,0,0,0,0,0,0,0,0,0,0,0,0,0,0,0,0,0,0,0,0,0,0,0,0,0,0,0,0
cassandra,apache/cassandra/tracing/TraceState,TraceState,dataset/projects/cassandra/src/java/org/apache/cassandra/tracing/TraceState.java,,1,1,0,0,0,0,0,0,0,1,0,0,0,0,0,0,0,0,0,0,0,0,0,0,0,0,0,0,0,0,0,0,0,0,0
cassandra,apache/cassandra/tracing/Tracing,Tracing,dataset/projects/cassandra/src/java/org/apache/cassandra/tracing/Tracing.java,C:/Users/ismak/Documents/GitHub/relation_test_code_smell_ML/dataset/projects/cassandra/test/unit/org/apache/cassandra/tracing/TracingTest.java,1,1,1,4,0,0,0,0,0,1,1,1,1,0,0,0,0,0,0,0,0,0,0,0,0,0,0,0,0,0,1,0,0,0,0
cassandra,apache/cassandra/transport/AuthMessageSizeLimit,AuthMessageSizeLimit,,C:/Users/ismak/Documents/GitHub/relation_test_code_smell_ML/dataset/projects/cassandra/test/unit/org/apache/cassandra/transport/AuthMessageSizeLimitTest.java,0,0,1,4,0,0,0,0,0,0,1,1,1,0,0,0,0,0,0,0,0,0,0,0,0,0,0,0,0,0,1,0,0,0,0
cassandra,apache/cassandra/transport/Authentication,Authentication,,C:/Users/ismak/Documents/GitHub/relation_test_code_smell_ML/dataset/projects/cassandra/test/unit/org/apache/cassandra/transport/AuthenticationTest.java,0,0,1,5,0,0,0,0,0,0,1,1,1,0,0,1,0,0,0,1,0,0,0,0,0,0,0,0,0,0,0,0,0,0,0
cassandra,apache/cassandra/transport/CBUtil,CBUtil,dataset/projects/cassandra/src/java/org/apache/cassandra/transport/CBUtil.java,C:/Users/ismak/Documents/GitHub/relation_test_code_smell_ML/dataset/projects/cassandra/test/unit/org/apache/cassandra/transport/CBUtilTest.java,1,4,1,6,1,1,0,1,0,1,1,1,1,0,1,1,0,0,0,0,0,0,0,0,0,0,0,0,0,0,0,0,0,1,0
cassandra,apache/cassandra/transport/CQLConnection,CQLConnection,,C:/Users/ismak/Documents/GitHub/relation_test_code_smell_ML/dataset/projects/cassandra/test/unit/org/apache/cassandra/transport/CQLConnectionTest.java,0,0,1,8,0,0,0,0,0,0,1,1,1,0,1,0,0,0,0,1,1,0,0,0,0,0,0,0,0,0,1,1,0,0,0
cassandra,apache/cassandra/transport/CQLMessageHandler,CQLMessageHandler,dataset/projects/cassandra/src/java/org/apache/cassandra/transport/CQLMessageHandler.java,,1,7,0,0,1,3,1,1,0,1,0,0,0,0,0,0,0,0,0,0,0,0,0,0,0,0,0,0,0,0,0,0,0,0,0
cassandra,apache/cassandra/transport/CQLUserAudit,CQLUserAudit,,C:/Users/ismak/Documents/GitHub/relation_test_code_smell_ML/dataset/projects/cassandra/test/unit/org/apache/cassandra/transport/CQLUserAuditTest.java,0,0,1,8,0,0,0,0,0,0,1,1,1,0,1,0,0,0,0,1,0,0,0,0,0,0,0,0,0,1,1,0,0,1,0
cassandra,apache/cassandra/transport/Client,Client,dataset/projects/cassandra/src/java/org/apache/cassandra/transport/Client.java,,1,1,0,0,0,1,0,0,0,0,0,0,0,0,0,0,0,0,0,0,0,0,0,0,0,0,0,0,0,0,0,0,0,0,0
cassandra,apache/cassandra/transport/ClientNotifications,ClientNotifications,,C:/Users/ismak/Documents/GitHub/relation_test_code_smell_ML/dataset/projects/cassandra/test/unit/org/apache/cassandra/transport/ClientNotificationsTest.java,0,0,1,5,0,0,0,0,0,0,1,1,1,0,0,1,0,0,0,1,0,0,0,0,0,0,0,0,0,0,0,0,0,0,0
cassandra,apache/cassandra/transport/ClientResourceLimits,ClientResourceLimits,,C:/Users/ismak/Documents/GitHub/relation_test_code_smell_ML/dataset/projects/cassandra/test/unit/org/apache/cassandra/transport/ClientResourceLimitsTest.java,0,0,1,9,0,0,0,0,0,0,1,1,1,0,1,0,0,0,0,1,0,0,0,0,0,0,0,0,0,1,1,1,0,1,0
cassandra,apache/cassandra/transport/ConnectedClient,ConnectedClient,dataset/projects/cassandra/src/java/org/apache/cassandra/transport/ConnectedClient.java,,1,1,0,0,0,0,0,0,0,1,0,0,0,0,0,0,0,0,0,0,0,0,0,0,0,0,0,0,0,0,0,0,0,0,0
cassandra,apache/cassandra/transport/ConnectionTracker,ConnectionTracker,,C:/Users/ismak/Documents/GitHub/relation_test_code_smell_ML/dataset/projects/cassandra/test/unit/org/apache/cassandra/transport/ConnectionTrackerTest.java,0,0,1,6,0,0,0,0,0,0,1,1,1,0,1,1,0,0,0,0,0,0,0,0,0,0,0,0,0,0,0,0,0,1,0
cassandra,apache/cassandra/transport/DataType,DataType,dataset/projects/cassandra/src/java/org/apache/cassandra/transport/DataType.java,C:/Users/ismak/Documents/GitHub/relation_test_code_smell_ML/dataset/projects/cassandra/test/unit/org/apache/cassandra/transport/DataTypeTest.java,1,3,1,6,0,3,0,0,0,0,1,1,1,0,0,1,0,0,0,0,0,0,0,0,0,0,0,0,0,0,1,1,0,0,0
cassandra,apache/cassandra/transport/DeletionTimeDeSer,DeletionTimeDeSer,,C:/Users/ismak/Documents/GitHub/relation_test_code_smell_ML/dataset/projects/cassandra/test/unit/org/apache/cassandra/transport/DeletionTimeDeSerTest.java,0,0,1,5,0,0,0,0,0,0,1,1,1,0,0,1,0,0,0,1,0,0,0,0,0,0,0,0,0,0,0,0,0,0,0
cassandra,apache/cassandra/transport/DriverBurn,DriverBurn,,C:/Users/ismak/Documents/GitHub/relation_test_code_smell_ML/dataset/projects/cassandra/test/burn/org/apache/cassandra/transport/DriverBurnTest.java,0,0,1,7,0,0,0,0,0,0,1,1,1,0,1,1,0,0,0,1,0,0,0,0,0,0,0,0,0,0,1,0,0,0,0
cassandra,apache/cassandra/transport/EarlyAuthentication,EarlyAuthentication,,C:/Users/ismak/Documents/GitHub/relation_test_code_smell_ML/dataset/projects/cassandra/test/unit/org/apache/cassandra/transport/EarlyAuthenticationTest.java,0,0,1,6,0,0,0,0,0,0,1,1,1,0,0,1,0,0,0,1,0,0,0,0,0,0,0,0,0,0,1,0,0,0,0
cassandra,apache/cassandra/transport/Envelope,Envelope,dataset/projects/cassandra/src/java/org/apache/cassandra/transport/Envelope.java,,1,1,0,0,0,1,0,0,0,0,0,0,0,0,0,0,0,0,0,0,0,0,0,0,0,0,0,0,0,0,0,0,0,0,0
cassandra,apache/cassandra/transport/EnvelopeHeaderFlags,EnvelopeHeaderFlags,,C:/Users/ismak/Documents/GitHub/relation_test_code_smell_ML/dataset/projects/cassandra/test/unit/org/apache/cassandra/transport/EnvelopeHeaderFlagsTest.java,0,0,1,5,0,0,0,0,0,0,1,1,1,0,1,1,0,0,0,0,0,0,0,0,0,0,0,0,0,0,0,0,0,0,0
cassandra,apache/cassandra/transport/ErrorMessage,ErrorMessage,,C:/Users/ismak/Documents/GitHub/relation_test_code_smell_ML/dataset/projects/cassandra/test/unit/org/apache/cassandra/transport/ErrorMessageTest.java,0,0,1,6,0,0,0,0,0,0,1,1,1,0,1,0,0,0,0,1,0,0,0,0,0,0,0,0,0,0,0,0,0,1,0
cassandra,apache/cassandra/transport/Flusher,Flusher,dataset/projects/cassandra/src/java/org/apache/cassandra/transport/Flusher.java,,1,2,0,0,1,0,0,0,0,1,0,0,0,0,0,0,0,0,0,0,0,0,0,0,0,0,0,0,0,0,0,0,0,0,0
cassandra,apache/cassandra/transport/IdleDisconnect,IdleDisconnect,,C:/Users/ismak/Documents/GitHub/relation_test_code_smell_ML/dataset/projects/cassandra/test/unit/org/apache/cassandra/transport/IdleDisconnectTest.java,0,0,1,7,0,0,0,0,0,0,1,1,1,0,1,1,0,0,0,1,0,0,0,0,0,0,1,0,0,0,0,0,0,0,0
cassandra,apache/cassandra/transport/Message,Message,dataset/projects/cassandra/src/java/org/apache/cassandra/transport/Message.java,,1,3,0,0,1,2,0,0,0,0,0,0,0,0,0,0,0,0,0,0,0,0,0,0,0,0,0,0,0,0,0,0,0,0,0
cassandra,apache/cassandra/transport/MessageDispatcher,MessageDispatcher,,C:/Users/ismak/Documents/GitHub/relation_test_code_smell_ML/dataset/projects/cassandra/test/unit/org/apache/cassandra/transport/MessageDispatcherTest.java,0,0,1,8,0,0,0,0,0,0,1,1,1,0,1,1,0,0,0,1,0,0,0,0,0,0,0,0,0,1,0,0,0,1,0
cassandra,apache/cassandra/transport/MessagePayload,MessagePayload,,C:/Users/ismak/Documents/GitHub/relation_test_code_smell_ML/dataset/projects/cassandra/test/unit/org/apache/cassandra/transport/MessagePayloadTest.java,0,0,1,6,0,0,0,0,0,0,1,1,1,0,1,0,0,0,0,1,0,0,0,0,0,0,0,0,0,1,0,0,0,0,0
cassandra,apache/cassandra/transport/MessageSizeLimit,MessageSizeLimit,,C:/Users/ismak/Documents/GitHub/relation_test_code_smell_ML/dataset/projects/cassandra/test/unit/org/apache/cassandra/transport/MessageSizeLimitTest.java,0,0,1,5,0,0,0,0,0,0,1,1,1,0,0,1,0,0,0,1,0,0,0,0,0,0,0,0,0,0,0,0,0,0,0
cassandra,apache/cassandra/transport/MutualTlsWithPasswordFallbackAuthenticatorEarlyAuthentication,MutualTlsWithPasswordFallbackAuthenticatorEarlyAuthentication,,C:/Users/ismak/Documents/GitHub/relation_test_code_smell_ML/dataset/projects/cassandra/test/unit/org/apache/cassandra/transport/MutualTlsWithPasswordFallbackAuthenticatorEarlyAuthenticationTest.java,0,0,1,4,0,0,0,0,0,0,1,1,1,0,0,1,0,0,0,0,0,0,0,0,0,0,0,0,0,0,0,0,0,0,0
cassandra,apache/cassandra/transport/PipelineConfigurator,PipelineConfigurator,dataset/projects/cassandra/src/java/org/apache/cassandra/transport/PipelineConfigurator.java,,1,2,0,0,1,0,0,0,0,1,0,0,0,0,0,0,0,0,0,0,0,0,0,0,0,0,0,0,0,0,0,0,0,0,0
cassandra,apache/cassandra/transport/PreV5Handlers,PreV5Handlers,dataset/projects/cassandra/src/java/org/apache/cassandra/transport/PreV5Handlers.java,,1,2,0,0,1,1,0,0,0,0,0,0,0,0,0,0,0,0,0,0,0,0,0,0,0,0,0,0,0,0,0,0,0,0,0
cassandra,apache/cassandra/transport/ProtocolError,ProtocolError,,C:/Users/ismak/Documents/GitHub/relation_test_code_smell_ML/dataset/projects/cassandra/test/unit/org/apache/cassandra/transport/ProtocolErrorTest.java,0,0,1,8,0,0,0,0,0,0,1,1,1,0,1,1,0,0,0,1,0,0,0,0,0,0,0,0,0,0,1,0,0,1,0
cassandra,apache/cassandra/transport/ProtocolNegotiation,ProtocolNegotiation,,C:/Users/ismak/Documents/GitHub/relation_test_code_smell_ML/dataset/projects/cassandra/test/unit/org/apache/cassandra/transport/ProtocolNegotiationTest.java,0,0,1,5,0,0,0,0,0,0,1,1,1,0,0,0,0,0,0,0,0,0,0,0,0,0,0,0,0,0,1,1,0,0,0
cassandra,apache/cassandra/transport/ProtocolVersion,ProtocolVersion,dataset/projects/cassandra/src/java/org/apache/cassandra/transport/ProtocolVersion.java,C:/Users/ismak/Documents/GitHub/relation_test_code_smell_ML/dataset/projects/cassandra/test/unit/org/apache/cassandra/transport/ProtocolVersionTest.java,1,1,1,8,0,1,0,0,0,0,1,1,1,0,1,1,0,0,0,1,0,0,0,0,0,0,0,0,0,1,0,0,0,1,0
cassandra,apache/cassandra/transport/ProtocolVersionTracker,ProtocolVersionTracker,,C:/Users/ismak/Documents/GitHub/relation_test_code_smell_ML/dataset/projects/cassandra/test/unit/org/apache/cassandra/transport/ProtocolVersionTrackerTest.java,0,0,1,8,0,0,0,0,0,0,1,1,1,0,1,1,0,0,0,1,0,0,0,0,0,0,1,0,0,0,0,0,0,1,0
cassandra,apache/cassandra/transport/QueueBackpressure,QueueBackpressure,,C:/Users/ismak/Documents/GitHub/relation_test_code_smell_ML/dataset/projects/cassandra/test/unit/org/apache/cassandra/transport/QueueBackpressureTest.java,0,0,1,7,0,0,0,0,0,0,1,1,1,0,1,1,0,0,0,0,0,0,0,0,0,0,0,0,0,1,0,0,0,1,0
cassandra,apache/cassandra/transport/RateLimiting,RateLimiting,,C:/Users/ismak/Documents/GitHub/relation_test_code_smell_ML/dataset/projects/cassandra/test/unit/org/apache/cassandra/transport/RateLimitingTest.java,0,0,1,8,0,0,0,0,0,0,1,1,1,0,0,0,1,0,0,1,1,0,0,0,0,0,0,0,0,0,1,1,0,0,0
cassandra,apache/cassandra/transport/SerDeser,SerDeser,,C:/Users/ismak/Documents/GitHub/relation_test_code_smell_ML/dataset/projects/cassandra/test/unit/org/apache/cassandra/transport/SerDeserTest.java,0,0,1,5,0,0,0,0,0,0,1,1,1,0,1,1,0,0,0,0,0,0,0,0,0,0,0,0,0,0,0,0,0,0,0
cassandra,apache/cassandra/transport/Server,Server,dataset/projects/cassandra/src/java/org/apache/cassandra/transport/Server.java,,1,3,0,0,1,0,0,0,0,2,0,0,0,0,0,0,0,0,0,0,0,0,0,0,0,0,0,0,0,0,0,0,0,0,0
cassandra,apache/cassandra/transport/ServerConnection,ServerConnection,dataset/projects/cassandra/src/java/org/apache/cassandra/transport/ServerConnection.java,,1,2,0,0,0,2,0,0,0,0,0,0,0,0,0,0,0,0,0,0,0,0,0,0,0,0,0,0,0,0,0,0,0,0,0
cassandra,apache/cassandra/transport/SimpleClient,SimpleClient,dataset/projects/cassandra/src/java/org/apache/cassandra/transport/SimpleClient.java,,1,3,0,0,1,1,0,0,0,1,0,0,0,0,0,0,0,0,0,0,0,0,0,0,0,0,0,0,0,0,0,0,0,0,0
cassandra,apache/cassandra/transport/SimpleClientBurn,SimpleClientBurn,,C:/Users/ismak/Documents/GitHub/relation_test_code_smell_ML/dataset/projects/cassandra/test/burn/org/apache/cassandra/transport/SimpleClientBurnTest.java,0,0,1,7,0,0,0,0,0,0,1,1,1,0,1,1,0,0,0,1,0,0,1,0,0,0,0,0,0,0,0,0,0,0,0
cassandra,apache/cassandra/transport/SimpleClientPerf,SimpleClientPerf,,C:/Users/ismak/Documents/GitHub/relation_test_code_smell_ML/dataset/projects/cassandra/test/burn/org/apache/cassandra/transport/SimpleClientPerfTest.java,0,0,1,5,0,0,0,0,0,0,1,1,1,0,0,0,0,0,0,1,0,0,0,0,0,0,0,0,0,0,1,0,0,0,0
cassandra,apache/cassandra/transport/WriteBytes,WriteBytes,,C:/Users/ismak/Documents/GitHub/relation_test_code_smell_ML/dataset/projects/cassandra/test/unit/org/apache/cassandra/transport/WriteBytesTest.java,0,0,1,5,0,0,0,0,0,0,1,1,1,0,1,1,0,0,0,0,0,0,0,0,0,0,0,0,0,0,0,0,0,0,0
cassandra,apache/cassandra/triggers/TriggerExecutor,TriggerExecutor,dataset/projects/cassandra/src/java/org/apache/cassandra/triggers/TriggerExecutor.java,C:/Users/ismak/Documents/GitHub/relation_test_code_smell_ML/dataset/projects/cassandra/test/unit/org/apache/cassandra/triggers/TriggerExecutorTest.java,1,3,1,8,0,2,0,1,0,0,1,1,1,0,1,1,0,0,0,1,0,0,0,0,0,0,0,0,0,1,0,0,0,1,0
cassandra,apache/cassandra/triggers/Triggers,Triggers,,C:/Users/ismak/Documents/GitHub/relation_test_code_smell_ML/dataset/projects/cassandra/test/unit/org/apache/cassandra/triggers/TriggersTest.java,0,0,1,8,0,0,0,0,0,0,1,1,1,0,1,1,0,0,0,1,1,0,0,0,0,0,0,0,0,0,0,0,0,1,0
cassandra,apache/cassandra/triggers/TriggersSchema,TriggersSchema,,C:/Users/ismak/Documents/GitHub/relation_test_code_smell_ML/dataset/projects/cassandra/test/unit/org/apache/cassandra/triggers/TriggersSchemaTest.java,0,0,1,6,0,0,0,0,0,0,1,1,1,0,1,0,0,0,0,1,0,0,0,0,0,0,0,0,0,0,0,0,0,1,0
cassandra,apache/cassandra/utils/AbstractBiMultiValMap,AbstractBiMultiValMap,dataset/projects/cassandra/src/java/org/apache/cassandra/utils/AbstractBiMultiValMap.java,,1,1,0,0,0,0,0,0,0,1,0,0,0,0,0,0,0,0,0,0,0,0,0,0,0,0,0,0,0,0,0,0,0,0,0
cassandra,apache/cassandra/utils/AbstractIterator,AbstractIterator,,C:/Users/ismak/Documents/GitHub/relation_test_code_smell_ML/dataset/projects/cassandra/test/unit/org/apache/cassandra/utils/AbstractIteratorTest.java,0,0,1,10,0,0,0,0,0,0,1,1,1,0,1,1,0,0,0,1,0,0,0,0,0,0,1,0,0,1,1,0,0,1,0
cassandra,apache/cassandra/utils/AbstractTypeGenerators,AbstractTypeGenerators,,C:/Users/ismak/Documents/GitHub/relation_test_code_smell_ML/dataset/projects/cassandra/test/unit/org/apache/cassandra/utils/AbstractTypeGeneratorsTest.java,0,0,1,4,0,0,0,0,0,0,1,1,1,0,0,1,0,0,0,0,0,0,0,0,0,0,0,0,0,0,0,0,0,0,0
cassandra,apache/cassandra/utils/ArraySerializers,ArraySerializers,dataset/projects/cassandra/src/java/org/apache/cassandra/utils/ArraySerializers.java,,1,2,0,0,1,0,0,0,0,1,0,0,0,0,0,0,0,0,0,0,0,0,0,0,0,0,0,0,0,0,0,0,0,0,0
cassandra,apache/cassandra/utils/ArrayUtils,ArrayUtils,dataset/projects/cassandra/src/java/org/apache/cassandra/utils/ArrayUtils.java,,1,2,0,0,0,2,0,0,0,0,0,0,0,0,0,0,0,0,0,0,0,0,0,0,0,0,0,0,0,0,0,0,0,0,0
cassandra,apache/cassandra/utils/AssertionUtils,AssertionUtils,,C:/Users/ismak/Documents/GitHub/relation_test_code_smell_ML/dataset/projects/cassandra/test/unit/org/apache/cassandra/utils/AssertionUtilsTest.java,0,0,1,4,0,0,0,0,0,0,1,1,1,0,1,0,0,0,0,0,0,0,0,0,0,0,0,0,0,0,0,0,0,0,0
cassandra,apache/cassandra/utils/BloomFilter,BloomFilter,dataset/projects/cassandra/src/java/org/apache/cassandra/utils/BloomFilter.java,C:/Users/ismak/Documents/GitHub/relation_test_code_smell_ML/dataset/projects/cassandra/test/unit/org/apache/cassandra/utils/BloomFilterTest.java,1,1,1,8,0,0,0,0,0,1,1,1,1,0,0,1,0,0,0,1,1,0,0,0,0,0,0,0,0,0,1,1,0,0,0
cassandra,apache/cassandra/utils/ByteArrayUtil,ByteArrayUtil,dataset/projects/cassandra/src/java/org/apache/cassandra/utils/ByteArrayUtil.java,C:/Users/ismak/Documents/GitHub/relation_test_code_smell_ML/dataset/projects/cassandra/test/unit/org/apache/cassandra/utils/ByteArrayUtilTest.java,1,2,1,6,0,0,0,1,0,1,1,1,1,0,0,1,0,0,0,0,0,0,0,0,0,0,0,0,0,0,1,0,0,1,0
cassandra,apache/cassandra/utils/ByteBufferUtil,ByteBufferUtil,dataset/projects/cassandra/src/java/org/apache/cassandra/utils/ByteBufferUtil.java,C:/Users/ismak/Documents/GitHub/relation_test_code_smell_ML/dataset/projects/cassandra/test/unit/org/apache/cassandra/utils/ByteBufferUtilTest.java,1,8,1,9,1,5,0,1,0,1,1,1,1,0,1,1,0,0,0,1,0,0,0,0,0,0,0,0,0,1,1,0,0,1,0
cassandra,apache/cassandra/utils/BytesReadTracker,BytesReadTracker,,C:/Users/ismak/Documents/GitHub/relation_test_code_smell_ML/dataset/projects/cassandra/test/unit/org/apache/cassandra/utils/BytesReadTrackerTest.java,0,0,1,5,0,0,0,0,0,0,1,1,1,0,0,0,0,0,0,1,0,0,0,0,0,0,0,0,0,0,1,0,0,0,0
cassandra,apache/cassandra/utils/CassandraGenerators,CassandraGenerators,,C:/Users/ismak/Documents/GitHub/relation_test_code_smell_ML/dataset/projects/cassandra/test/unit/org/apache/cassandra/utils/CassandraGeneratorsTest.java,0,0,1,4,0,0,0,0,0,0,1,1,1,0,0,1,0,0,0,0,0,0,0,0,0,0,0,0,0,0,0,0,0,0,0
cassandra,apache/cassandra/utils/CassandraVersion,CassandraVersion,dataset/projects/cassandra/src/java/org/apache/cassandra/utils/CassandraVersion.java,C:/Users/ismak/Documents/GitHub/relation_test_code_smell_ML/dataset/projects/cassandra/test/unit/org/apache/cassandra/utils/CassandraVersionTest.java,1,4,1,9,0,2,0,1,0,1,1,1,1,0,1,1,0,0,0,1,0,0,0,0,1,0,0,0,0,1,0,0,0,1,0
cassandra,apache/cassandra/utils/CollectionSerializers,CollectionSerializers,dataset/projects/cassandra/src/java/org/apache/cassandra/utils/CollectionSerializers.java,C:/Users/ismak/Documents/GitHub/relation_test_code_smell_ML/dataset/projects/cassandra/test/unit/org/apache/cassandra/utils/CollectionSerializersTest.java,1,4,1,4,1,1,0,1,0,1,1,1,1,0,0,0,0,0,0,0,0,0,0,0,0,0,0,0,0,0,1,0,0,0,0
cassandra,apache/cassandra/utils/ConcurrentBiMap,ConcurrentBiMap,dataset/projects/cassandra/src/java/org/apache/cassandra/utils/ConcurrentBiMap.java,,1,1,0,0,0,0,0,0,0,1,0,0,0,0,0,0,0,0,0,0,0,0,0,0,0,0,0,0,0,0,0,0,0,0,0
cassandra,apache/cassandra/utils/ConfigGenBuilder,ConfigGenBuilder,,C:/Users/ismak/Documents/GitHub/relation_test_code_smell_ML/dataset/projects/cassandra/test/unit/org/apache/cassandra/utils/ConfigGenBuilderTest.java,0,0,1,4,0,0,0,0,0,0,1,1,1,0,0,0,0,0,0,0,0,0,0,0,0,0,0,0,0,0,1,0,0,0,0
cassandra,apache/cassandra/utils/DynamicList,DynamicList,dataset/projects/cassandra/src/java/org/apache/cassandra/utils/DynamicList.java,,1,1,0,0,0,1,0,0,0,0,0,0,0,0,0,0,0,0,0,0,0,0,0,0,0,0,0,0,0,0,0,0,0,0,0
cassandra,apache/cassandra/utils/EstimatedHistogram,EstimatedHistogram,dataset/projects/cassandra/src/java/org/apache/cassandra/utils/EstimatedHistogram.java,C:/Users/ismak/Documents/GitHub/relation_test_code_smell_ML/dataset/projects/cassandra/test/unit/org/apache/cassandra/utils/EstimatedHistogramTest.java,1,2,1,7,0,0,0,1,0,1,1,1,1,0,1,1,0,0,0,0,0,0,0,0,0,0,0,0,0,1,0,0,0,1,0
cassandra,apache/cassandra/utils/ExecutorUtils,ExecutorUtils,dataset/projects/cassandra/src/java/org/apache/cassandra/utils/ExecutorUtils.java,,1,3,0,0,0,2,0,0,0,1,0,0,0,0,0,0,0,0,0,0,0,0,0,0,0,0,0,0,0,0,0,0,0,0,0
cassandra,apache/cassandra/utils/FBUtilities,FBUtilities,dataset/projects/cassandra/src/java/org/apache/cassandra/utils/FBUtilities.java,C:/Users/ismak/Documents/GitHub/relation_test_code_smell_ML/dataset/projects/cassandra/test/unit/org/apache/cassandra/utils/FBUtilitiesTest.java,1,6,1,9,1,3,0,1,0,1,1,1,1,0,1,1,0,0,0,1,0,0,0,0,1,0,0,0,0,1,0,0,0,1,0
cassandra,apache/cassandra/utils/FastByteOperations,FastByteOperations,dataset/projects/cassandra/src/java/org/apache/cassandra/utils/FastByteOperations.java,C:/Users/ismak/Documents/GitHub/relation_test_code_smell_ML/dataset/projects/cassandra/test/unit/org/apache/cassandra/utils/FastByteOperationsTest.java,1,4,1,6,0,0,0,0,0,4,1,1,1,0,0,1,0,0,0,0,0,0,0,0,0,0,0,0,0,0,1,1,0,0,0
cassandra,apache/cassandra/utils/Generators,Generators,,C:/Users/ismak/Documents/GitHub/relation_test_code_smell_ML/dataset/projects/cassandra/test/unit/org/apache/cassandra/utils/GeneratorsTest.java,0,0,1,6,0,0,0,0,0,0,1,1,1,0,1,1,0,0,0,0,0,0,0,0,0,0,0,0,0,0,1,0,0,0,0
cassandra,apache/cassandra/utils/HeapUtils,HeapUtils,,C:/Users/ismak/Documents/GitHub/relation_test_code_smell_ML/dataset/projects/cassandra/test/long/org/apache/cassandra/utils/HeapUtilsTest.java,0,0,1,5,0,0,0,0,0,0,1,1,1,0,1,0,0,0,0,0,0,0,0,0,0,0,0,0,0,1,0,0,0,0,0
cassandra,apache/cassandra/utils/Helper,Helper,,C:/Users/ismak/Documents/GitHub/relation_test_code_smell_ML/dataset/projects/cassandra/test/unit/org/apache/cassandra/utils/TestHelper.java,0,0,1,3,0,0,0,0,0,0,1,1,1,0,0,0,0,0,0,0,0,0,0,0,0,0,0,0,0,0,0,0,0,0,0
cassandra,apache/cassandra/utils/Hex,Hex,,C:/Users/ismak/Documents/GitHub/relation_test_code_smell_ML/dataset/projects/cassandra/test/unit/org/apache/cassandra/utils/HexTest.java,0,0,1,5,0,0,0,0,0,0,1,1,1,0,0,1,0,0,0,0,0,0,0,0,0,0,0,0,0,0,1,0,0,0,0
cassandra,apache/cassandra/utils/HistogramBuilder,HistogramBuilder,dataset/projects/cassandra/src/java/org/apache/cassandra/utils/HistogramBuilder.java,C:/Users/ismak/Documents/GitHub/relation_test_code_smell_ML/dataset/projects/cassandra/test/unit/org/apache/cassandra/utils/HistogramBuilderTest.java,1,1,1,5,0,1,0,0,0,0,1,1,1,0,1,1,0,0,0,0,0,0,0,0,0,0,0,0,0,0,0,0,0,0,0
cassandra,apache/cassandra/utils/InsertionOrderedNavigableSet,InsertionOrderedNavigableSet,dataset/projects/cassandra/src/java/org/apache/cassandra/utils/InsertionOrderedNavigableSet.java,,1,1,0,0,0,0,0,0,0,1,0,0,0,0,0,0,0,0,0,0,0,0,0,0,0,0,0,0,0,0,0,0,0,0,0
cassandra,apache/cassandra/utils/IntegerIntervals,IntegerIntervals,,C:/Users/ismak/Documents/GitHub/relation_test_code_smell_ML/dataset/projects/cassandra/test/unit/org/apache/cassandra/utils/IntegerIntervalsTest.java,0,0,1,9,0,0,0,0,0,0,1,1,1,0,1,1,0,0,0,1,0,0,0,0,0,0,0,0,0,1,1,1,0,0,0
cassandra,apache/cassandra/utils/IntervalTree,IntervalTree,dataset/projects/cassandra/src/java/org/apache/cassandra/utils/IntervalTree.java,C:/Users/ismak/Documents/GitHub/relation_test_code_smell_ML/dataset/projects/cassandra/test/unit/org/apache/cassandra/utils/IntervalTreeTest.java,1,10,1,8,1,7,0,1,0,1,1,1,1,0,1,1,0,0,0,1,0,0,0,0,0,0,0,0,0,1,0,0,0,1,0
cassandra,apache/cassandra/utils/JVMStabilityInspector,JVMStabilityInspector,dataset/projects/cassandra/src/java/org/apache/cassandra/utils/JVMStabilityInspector.java,C:/Users/ismak/Documents/GitHub/relation_test_code_smell_ML/dataset/projects/cassandra/test/unit/org/apache/cassandra/utils/JVMStabilityInspectorTest.java,1,2,1,8,0,1,0,0,0,1,1,1,1,0,1,1,0,0,0,1,0,0,0,1,0,0,0,0,0,1,0,0,0,0,0
cassandra,apache/cassandra/utils/JavaUtils,JavaUtils,,C:/Users/ismak/Documents/GitHub/relation_test_code_smell_ML/dataset/projects/cassandra/test/unit/org/apache/cassandra/utils/JavaUtilsTest.java,0,0,1,4,0,0,0,0,0,0,1,1,1,0,1,0,0,0,0,0,0,0,0,0,0,0,0,0,0,0,0,0,0,0,0
cassandra,apache/cassandra/utils/JsonUtils,JsonUtils,dataset/projects/cassandra/src/java/org/apache/cassandra/utils/JsonUtils.java,C:/Users/ismak/Documents/GitHub/relation_test_code_smell_ML/dataset/projects/cassandra/test/unit/org/apache/cassandra/utils/JsonUtilsTest.java,1,1,1,4,0,0,0,0,0,1,1,1,1,0,1,0,0,0,0,0,0,0,0,0,0,0,0,0,0,0,0,0,0,0,0
cassandra,apache/cassandra/utils/KillerFor,KillerFor,,C:/Users/ismak/Documents/GitHub/relation_test_code_smell_ML/dataset/projects/cassandra/test/unit/org/apache/cassandra/utils/KillerForTests.java,0,0,1,4,0,0,0,0,0,0,1,1,1,0,0,0,1,0,0,0,0,0,0,0,0,0,0,0,0,0,0,0,0,0,0
cassandra,apache/cassandra/utils/LongBTree,LongBTree,,C:/Users/ismak/Documents/GitHub/relation_test_code_smell_ML/dataset/projects/cassandra/test/burn/org/apache/cassandra/utils/LongBTreeTest.java,0,0,1,9,0,0,0,0,0,0,1,1,1,0,1,1,0,0,0,1,0,0,0,0,0,0,0,0,0,1,1,1,0,0,0
cassandra,apache/cassandra/utils/LongBloomFilter,LongBloomFilter,,C:/Users/ismak/Documents/GitHub/relation_test_code_smell_ML/dataset/projects/cassandra/test/long/org/apache/cassandra/utils/LongBloomFilterTest.java,0,0,1,7,0,0,0,0,0,0,1,1,1,0,0,1,0,0,0,0,0,0,1,0,0,0,0,0,0,0,1,1,0,0,0
cassandra,apache/cassandra/utils/LongTimSort,LongTimSort,dataset/projects/cassandra/src/java/org/apache/cassandra/utils/LongTimSort.java,,1,8,0,0,0,7,0,0,0,1,0,0,0,0,0,0,0,0,0,0,0,0,0,0,0,0,0,0,0,0,0,0,0,0,0
cassandra,apache/cassandra/utils/MBeanWrapper,MBeanWrapper,dataset/projects/cassandra/src/java/org/apache/cassandra/utils/MBeanWrapper.java,,1,1,0,0,0,0,0,0,0,1,0,0,0,0,0,0,0,0,0,0,0,0,0,0,0,0,0,0,0,0,0,0,0,0,0
cassandra,apache/cassandra/utils/MergeIterator,MergeIterator,dataset/projects/cassandra/src/java/org/apache/cassandra/utils/MergeIterator.java,C:/Users/ismak/Documents/GitHub/relation_test_code_smell_ML/dataset/projects/cassandra/test/unit/org/apache/cassandra/utils/MergeIteratorTest.java,1,2,1,6,1,1,0,0,0,0,1,1,1,0,0,0,0,0,0,1,1,0,0,0,0,0,0,0,0,0,1,0,0,0,0
cassandra,apache/cassandra/utils/MergeIteratorComparison,MergeIteratorComparison,,C:/Users/ismak/Documents/GitHub/relation_test_code_smell_ML/dataset/projects/cassandra/test/unit/org/apache/cassandra/utils/MergeIteratorComparisonTest.java,0,0,1,6,0,0,0,0,0,0,1,1,1,0,0,1,0,0,0,0,0,0,1,0,0,0,0,0,0,0,1,0,0,0,0
cassandra,apache/cassandra/utils/MerkleTree,MerkleTree,dataset/projects/cassandra/src/java/org/apache/cassandra/utils/MerkleTree.java,C:/Users/ismak/Documents/GitHub/relation_test_code_smell_ML/dataset/projects/cassandra/test/unit/org/apache/cassandra/utils/MerkleTreeTest.java,1,6,1,11,1,2,0,1,0,2,1,1,1,0,1,1,0,0,0,1,1,0,0,0,0,0,0,0,0,1,1,1,0,1,0
cassandra,apache/cassandra/utils/MerkleTrees,MerkleTrees,dataset/projects/cassandra/src/java/org/apache/cassandra/utils/MerkleTrees.java,C:/Users/ismak/Documents/GitHub/relation_test_code_smell_ML/dataset/projects/cassandra/test/unit/org/apache/cassandra/utils/MerkleTreesTest.java,1,2,1,10,1,0,0,0,0,1,1,1,1,0,1,1,0,0,0,1,1,0,0,0,0,0,0,0,0,1,1,0,0,1,0
cassandra,apache/cassandra/utils/MonotonicClock,MonotonicClock,,C:/Users/ismak/Documents/GitHub/relation_test_code_smell_ML/dataset/projects/cassandra/test/unit/org/apache/cassandra/utils/MonotonicClockTest.java,0,0,1,6,0,0,0,0,0,0,1,1,1,0,0,1,0,0,0,1,0,0,0,0,0,0,1,0,0,0,0,0,0,0,0
cassandra,apache/cassandra/utils/MurmurHash,MurmurHash,dataset/projects/cassandra/src/java/org/apache/cassandra/utils/MurmurHash.java,,1,5,0,0,0,4,0,0,0,1,0,0,0,0,0,0,0,0,0,0,0,0,0,0,0,0,0,0,0,0,0,0,0,0,0
cassandra,apache/cassandra/utils/NativeLibrary,NativeLibrary,dataset/projects/cassandra/src/java/org/apache/cassandra/utils/NativeLibrary.java,C:/Users/ismak/Documents/GitHub/relation_test_code_smell_ML/dataset/projects/cassandra/test/unit/org/apache/cassandra/utils/NativeLibraryTest.java,1,1,1,6,0,0,0,0,0,1,1,1,1,0,0,0,0,0,0,0,0,1,0,0,0,0,0,0,0,0,1,0,1,0,0
cassandra,apache/cassandra/utils/NativeLibraryDarwin,NativeLibraryDarwin,dataset/projects/cassandra/src/java/org/apache/cassandra/utils/NativeLibraryDarwin.java,,1,1,0,0,0,0,0,0,0,1,0,0,0,0,0,0,0,0,0,0,0,0,0,0,0,0,0,0,0,0,0,0,0,0,0
cassandra,apache/cassandra/utils/NativeLibraryLinux,NativeLibraryLinux,dataset/projects/cassandra/src/java/org/apache/cassandra/utils/NativeLibraryLinux.java,,1,1,0,0,0,0,0,0,0,1,0,0,0,0,0,0,0,0,0,0,0,0,0,0,0,0,0,0,0,0,0,0,0,0,0
cassandra,apache/cassandra/utils/NativeSSTableLoaderClient,NativeSSTableLoaderClient,dataset/projects/cassandra/tools/sstableloader/src/org/apache/cassandra/utils/NativeSSTableLoaderClient.java,,1,1,0,0,1,0,0,0,0,0,0,0,0,0,0,0,0,0,0,0,0,0,0,0,0,0,0,0,0,0,0,0,0,0,0
cassandra,apache/cassandra/utils/NoSpamLogger,NoSpamLogger,dataset/projects/cassandra/src/java/org/apache/cassandra/utils/NoSpamLogger.java,C:/Users/ismak/Documents/GitHub/relation_test_code_smell_ML/dataset/projects/cassandra/test/unit/org/apache/cassandra/utils/NoSpamLoggerTest.java,1,2,1,10,0,0,0,0,0,2,1,1,1,0,1,0,0,0,0,1,0,0,0,1,0,0,0,0,0,1,1,1,0,1,0
cassandra,apache/cassandra/utils/NullableSerializer,NullableSerializer,dataset/projects/cassandra/src/java/org/apache/cassandra/utils/NullableSerializer.java,,1,2,0,0,1,0,0,0,0,1,0,0,0,0,0,0,0,0,0,0,0,0,0,0,0,0,0,0,0,0,0,0,0,0,0
cassandra,apache/cassandra/utils/ObjectSizes,ObjectSizes,dataset/projects/cassandra/src/java/org/apache/cassandra/utils/ObjectSizes.java,C:/Users/ismak/Documents/GitHub/relation_test_code_smell_ML/dataset/projects/cassandra/test/unit/org/apache/cassandra/utils/ObjectSizesTest.java,1,1,1,4,0,0,0,0,0,1,1,1,1,0,0,0,0,0,0,0,0,0,0,0,0,0,0,0,0,0,1,0,0,0,0
cassandra,apache/cassandra/utils/OrderedKeys,OrderedKeys,,C:/Users/ismak/Documents/GitHub/relation_test_code_smell_ML/dataset/projects/cassandra/test/unit/org/apache/cassandra/utils/OrderedKeysTest.java,0,0,1,7,0,0,0,0,0,0,1,1,1,0,1,1,0,0,0,0,0,0,0,0,0,0,0,0,0,1,0,0,0,1,0
cassandra,apache/cassandra/utils/OverlapIterator,OverlapIterator,,C:/Users/ismak/Documents/GitHub/relation_test_code_smell_ML/dataset/projects/cassandra/test/unit/org/apache/cassandra/utils/OverlapIteratorTest.java,0,0,1,6,0,0,0,0,0,0,1,1,1,0,0,1,0,0,0,0,0,0,0,0,0,0,0,0,0,0,1,1,0,0,0
cassandra,apache/cassandra/utils/Overlaps,Overlaps,,C:/Users/ismak/Documents/GitHub/relation_test_code_smell_ML/dataset/projects/cassandra/test/unit/org/apache/cassandra/utils/OverlapsTest.java,0,0,1,6,0,0,0,0,0,0,1,1,1,0,1,1,0,0,0,0,0,0,0,0,0,0,0,0,0,0,0,0,0,1,0
cassandra,apache/cassandra/utils/PojoToString,PojoToString,dataset/projects/cassandra/src/java/org/apache/cassandra/utils/PojoToString.java,,1,1,0,0,0,1,0,0,0,0,0,0,0,0,0,0,0,0,0,0,0,0,0,0,0,0,0,0,0,0,0,0,0,0,0
cassandra,apache/cassandra/utils/PreSortedBubbleInsert,PreSortedBubbleInsert,,C:/Users/ismak/Documents/GitHub/relation_test_code_smell_ML/dataset/projects/cassandra/test/unit/org/apache/cassandra/utils/PreSortedBubbleInsertTest.java,0,0,1,4,0,0,0,0,0,0,1,1,1,0,1,0,0,0,0,0,0,0,0,0,0,0,0,0,0,0,0,0,0,0,0
cassandra,apache/cassandra/utils/RTree,RTree,dataset/projects/cassandra/src/java/org/apache/cassandra/utils/RTree.java,,1,5,0,0,1,2,0,0,0,2,0,0,0,0,0,0,0,0,0,0,0,0,0,0,0,0,0,0,0,0,0,0,0,0,0
cassandra,apache/cassandra/utils/RangeTree,RangeTree,,C:/Users/ismak/Documents/GitHub/relation_test_code_smell_ML/dataset/projects/cassandra/test/unit/org/apache/cassandra/utils/RangeTreeTest.java,0,0,1,7,0,0,0,0,0,0,1,1,1,0,1,1,1,0,0,0,0,0,0,0,0,0,0,0,0,1,0,0,0,0,0
cassandra,apache/cassandra/utils/Serializations,Serializations,,C:/Users/ismak/Documents/GitHub/relation_test_code_smell_ML/dataset/projects/cassandra/test/unit/org/apache/cassandra/utils/SerializationsTest.java,0,0,1,9,0,0,0,0,0,0,1,1,1,0,1,1,0,0,0,1,0,0,0,0,0,0,0,0,0,1,1,1,0,0,0
cassandra,apache/cassandra/utils/SimpleBitSetSerializers,SimpleBitSetSerializers,,C:/Users/ismak/Documents/GitHub/relation_test_code_smell_ML/dataset/projects/cassandra/test/unit/org/apache/cassandra/utils/SimpleBitSetSerializersTest.java,0,0,1,7,0,0,0,0,0,0,1,1,1,0,1,1,0,0,0,0,0,0,0,0,0,0,0,0,0,0,1,0,0,1,0
cassandra,apache/cassandra/utils/SimpleGraph,SimpleGraph,,C:/Users/ismak/Documents/GitHub/relation_test_code_smell_ML/dataset/projects/cassandra/test/unit/org/apache/cassandra/utils/SimpleGraphTest.java,0,0,1,5,0,0,0,0,0,0,1,1,1,0,1,1,0,0,0,0,0,0,0,0,0,0,0,0,0,0,0,0,0,0,0
cassandra,apache/cassandra/utils/StatefulRangeTree,StatefulRangeTree,,C:/Users/ismak/Documents/GitHub/relation_test_code_smell_ML/dataset/projects/cassandra/test/unit/org/apache/cassandra/utils/StatefulRangeTreeTest.java,0,0,1,4,0,0,0,0,0,0,1,1,1,0,0,0,0,0,0,0,0,0,0,0,0,0,0,0,0,0,1,0,0,0,0
cassandra,apache/cassandra/utils/StatusLogger,StatusLogger,,C:/Users/ismak/Documents/GitHub/relation_test_code_smell_ML/dataset/projects/cassandra/test/unit/org/apache/cassandra/utils/StatusLoggerTest.java,0,0,1,4,0,0,0,0,0,0,1,1,1,0,0,0,0,0,0,1,0,0,0,0,0,0,0,0,0,0,0,0,0,0,0
cassandra,apache/cassandra/utils/StorageCompatibilityMode,StorageCompatibilityMode,,C:/Users/ismak/Documents/GitHub/relation_test_code_smell_ML/dataset/projects/cassandra/test/unit/org/apache/cassandra/utils/StorageCompatibilityModeTest.java,0,0,1,5,0,0,0,0,0,0,1,1,1,0,0,1,0,0,0,1,0,0,0,0,0,0,0,0,0,0,0,0,0,0,0
cassandra,apache/cassandra/utils/SystemInfo,SystemInfo,,C:/Users/ismak/Documents/GitHub/relation_test_code_smell_ML/dataset/projects/cassandra/test/unit/org/apache/cassandra/utils/SystemInfoTest.java,0,0,1,3,0,0,0,0,0,0,1,1,1,0,0,0,0,0,0,0,0,0,0,0,0,0,0,0,0,0,0,0,0,0,0
cassandra,apache/cassandra/utils/TeeDataInputPlus,TeeDataInputPlus,,C:/Users/ismak/Documents/GitHub/relation_test_code_smell_ML/dataset/projects/cassandra/test/unit/org/apache/cassandra/utils/TeeDataInputPlusTest.java,0,0,1,7,0,0,0,0,0,0,1,1,1,0,1,0,0,0,0,1,0,0,0,0,0,0,0,0,0,1,0,0,0,1,0
cassandra,apache/cassandra/utils/Throwables,Throwables,dataset/projects/cassandra/src/java/org/apache/cassandra/utils/Throwables.java,,1,3,0,0,0,1,0,1,0,1,0,0,0,0,0,0,0,0,0,0,0,0,0,0,0,0,0,0,0,0,0,0,0,0,0
cassandra,apache/cassandra/utils/TimeUUID,TimeUUID,dataset/projects/cassandra/src/java/org/apache/cassandra/utils/TimeUUID.java,,1,3,0,0,1,0,0,0,0,2,0,0,0,0,0,0,0,0,0,0,0,0,0,0,0,0,0,0,0,0,0,0,0,0,0
cassandra,apache/cassandra/utils/UUID,UUID,,C:/Users/ismak/Documents/GitHub/relation_test_code_smell_ML/dataset/projects/cassandra/test/unit/org/apache/cassandra/utils/UUIDTest.java,0,0,1,6,0,0,0,0,0,0,1,1,1,0,0,1,0,0,0,1,0,0,0,0,0,0,0,0,0,0,1,0,0,0,0
cassandra,cassandra/auth/jmx/AbstractJMXAuth,AbstractJMXAuth,,C:/Users/ismak/Documents/GitHub/relation_test_code_smell_ML/dataset/projects/cassandra/test/unit/org/apache/cassandra/auth/jmx/AbstractJMXAuthTest.java,0,0,1,6,0,0,0,0,0,0,1,1,1,0,0,0,0,0,0,1,1,0,0,0,0,0,0,0,0,0,0,1,0,0,0
cassandra,cassandra/auth/jmx/AuthorizationProxy,AuthorizationProxy,dataset/projects/cassandra/src/java/org/apache/cassandra/auth/jmx/AuthorizationProxy.java,C:/Users/ismak/Documents/GitHub/relation_test_code_smell_ML/dataset/projects/cassandra/test/unit/org/apache/cassandra/auth/jmx/AuthorizationProxyTest.java,1,6,1,8,0,4,0,1,0,1,1,1,1,0,1,1,0,0,0,1,0,0,0,0,0,0,0,0,0,0,1,1,0,0,0
cassandra,cassandra/auth/jmx/JMXAuthJMXServerOptions,JMXAuthJMXServerOptions,,C:/Users/ismak/Documents/GitHub/relation_test_code_smell_ML/dataset/projects/cassandra/test/unit/org/apache/cassandra/auth/jmx/JMXAuthJMXServerOptionsTest.java,0,0,1,3,0,0,0,0,0,0,1,1,1,0,0,0,0,0,0,0,0,0,0,0,0,0,0,0,0,0,0,0,0,0,0
cassandra,cassandra/auth/jmx/JMXAuthSystemProperties,JMXAuthSystemProperties,,C:/Users/ismak/Documents/GitHub/relation_test_code_smell_ML/dataset/projects/cassandra/test/unit/org/apache/cassandra/auth/jmx/JMXAuthSystemPropertiesTest.java,0,0,1,3,0,0,0,0,0,0,1,1,1,0,0,0,0,0,0,0,0,0,0,0,0,0,0,0,0,0,0,0,0,0,0
cassandra,cassandra/cql/jdbc/JdbcDecimal,JdbcDecimal,,C:/Users/ismak/Documents/GitHub/relation_test_code_smell_ML/dataset/projects/cassandra/test/unit/org/apache/cassandra/cql/jdbc/JdbcDecimalTest.java,0,0,1,3,0,0,0,0,0,0,1,1,1,0,0,0,0,0,0,0,0,0,0,0,0,0,0,0,0,0,0,0,0,0,0
cassandra,cassandra/cql3/ast/CQLFormatterPrettyPrint,CQLFormatterPrettyPrint,,C:/Users/ismak/Documents/GitHub/relation_test_code_smell_ML/dataset/projects/cassandra/test/unit/org/apache/cassandra/cql3/ast/CQLFormatterPrettyPrintTest.java,0,0,1,3,0,0,0,0,0,0,1,1,1,0,0,0,0,0,0,0,0,0,0,0,0,0,0,0,0,0,0,0,0,0,0
cassandra,cassandra/cql3/ast/Expression,Expression,,C:/Users/ismak/Documents/GitHub/relation_test_code_smell_ML/dataset/projects/cassandra/test/unit/org/apache/cassandra/cql3/ast/ExpressionTest.java,0,0,1,4,0,0,0,0,0,0,1,1,1,0,0,1,0,0,0,0,0,0,0,0,0,0,0,0,0,0,0,0,0,0,0
cassandra,cassandra/cql3/conditions/ColumnCondition,ColumnCondition,dataset/projects/cassandra/src/java/org/apache/cassandra/cql3/conditions/ColumnCondition.java,C:/Users/ismak/Documents/GitHub/relation_test_code_smell_ML/dataset/projects/cassandra/test/unit/org/apache/cassandra/cql3/conditions/ColumnConditionTest.java,1,1,1,7,1,0,0,0,0,0,1,1,1,0,1,0,0,0,0,1,0,0,0,0,0,0,0,0,0,1,1,0,0,0,0
cassandra,cassandra/cql3/constraints/AbstractFunctionSatisfiabilityChecker,AbstractFunctionSatisfiabilityChecker,dataset/projects/cassandra/src/java/org/apache/cassandra/cql3/constraints/AbstractFunctionSatisfiabilityChecker.java,,1,1,0,0,0,1,0,0,0,0,0,0,0,0,0,0,0,0,0,0,0,0,0,0,0,0,0,0,0,0,0,0,0,0,0
cassandra,cassandra/cql3/constraints/ColumnConstraints,ColumnConstraints,dataset/projects/cassandra/src/java/org/apache/cassandra/cql3/constraints/ColumnConstraints.java,,1,1,0,0,0,0,0,0,0,1,0,0,0,0,0,0,0,0,0,0,0,0,0,0,0,0,0,0,0,0,0,0,0,0,0
cassandra,cassandra/cql3/constraints/FunctionColumnConstraint,FunctionColumnConstraint,dataset/projects/cassandra/src/java/org/apache/cassandra/cql3/constraints/FunctionColumnConstraint.java,,1,1,0,0,0,0,0,0,0,1,0,0,0,0,0,0,0,0,0,0,0,0,0,0,0,0,0,0,0,0,0,0,0,0,0
cassandra,cassandra/cql3/functions/AbstractFormatFct,AbstractFormatFct,,C:/Users/ismak/Documents/GitHub/relation_test_code_smell_ML/dataset/projects/cassandra/test/unit/org/apache/cassandra/cql3/functions/AbstractFormatFctTest.java,0,0,1,4,0,0,0,0,0,0,1,1,1,0,0,0,0,0,0,0,0,0,0,0,0,0,0,0,0,0,0,1,0,0,0
cassandra,cassandra/cql3/functions/AbstractFunction,AbstractFunction,dataset/projects/cassandra/src/java/org/apache/cassandra/cql3/functions/AbstractFunction.java,,1,1,0,0,0,0,0,0,0,1,0,0,0,0,0,0,0,0,0,0,0,0,0,0,0,0,0,0,0,0,0,0,0,0,0
cassandra,cassandra/cql3/functions/CastFcts,CastFcts,dataset/projects/cassandra/src/java/org/apache/cassandra/cql3/functions/CastFcts.java,C:/Users/ismak/Documents/GitHub/relation_test_code_smell_ML/dataset/projects/cassandra/test/unit/org/apache/cassandra/cql3/functions/CastFctsTest.java,1,1,1,5,1,0,0,0,0,0,1,1,1,0,0,1,0,0,0,1,0,0,0,0,0,0,0,0,0,0,0,0,0,0,0
cassandra,cassandra/cql3/functions/ClusterMetadataFcts,ClusterMetadataFcts,,C:/Users/ismak/Documents/GitHub/relation_test_code_smell_ML/dataset/projects/cassandra/test/unit/org/apache/cassandra/cql3/functions/ClusterMetadataFctsTest.java,0,0,1,6,0,0,0,0,0,0,1,1,1,0,1,1,0,0,0,1,0,0,0,0,0,0,0,0,0,0,0,0,0,0,0
cassandra,cassandra/cql3/functions/CollectionFcts,CollectionFcts,dataset/projects/cassandra/src/java/org/apache/cassandra/cql3/functions/CollectionFcts.java,C:/Users/ismak/Documents/GitHub/relation_test_code_smell_ML/dataset/projects/cassandra/test/unit/org/apache/cassandra/cql3/functions/CollectionFctsTest.java,1,3,1,4,1,2,0,0,0,0,1,1,1,0,0,0,0,0,0,1,0,0,0,0,0,0,0,0,0,0,0,0,0,0,0
cassandra,cassandra/cql3/functions/FormatBytesFct,FormatBytesFct,,C:/Users/ismak/Documents/GitHub/relation_test_code_smell_ML/dataset/projects/cassandra/test/unit/org/apache/cassandra/cql3/functions/FormatBytesFctTest.java,0,0,1,5,0,0,0,0,0,0,1,1,1,0,1,1,0,0,0,0,0,0,0,0,0,0,0,0,0,0,0,0,0,0,0
cassandra,cassandra/cql3/functions/FormatTimeFct,FormatTimeFct,,C:/Users/ismak/Documents/GitHub/relation_test_code_smell_ML/dataset/projects/cassandra/test/unit/org/apache/cassandra/cql3/functions/FormatTimeFctTest.java,0,0,1,5,0,0,0,0,0,0,1,1,1,0,1,1,0,0,0,0,0,0,0,0,0,0,0,0,0,0,0,0,0,0,0
cassandra,cassandra/cql3/functions/FunctionCall,FunctionCall,dataset/projects/cassandra/src/java/org/apache/cassandra/cql3/functions/FunctionCall.java,,1,1,0,0,0,1,0,0,0,0,0,0,0,0,0,0,0,0,0,0,0,0,0,0,0,0,0,0,0,0,0,0,0,0,0
cassandra,cassandra/cql3/functions/FunctionFactory,FunctionFactory,,C:/Users/ismak/Documents/GitHub/relation_test_code_smell_ML/dataset/projects/cassandra/test/unit/org/apache/cassandra/cql3/functions/FunctionFactoryTest.java,0,0,1,5,0,0,0,0,0,0,1,1,1,0,0,0,0,0,0,1,0,0,0,0,0,0,0,0,0,0,0,1,0,0,0
cassandra,cassandra/cql3/functions/FunctionParameter,FunctionParameter,dataset/projects/cassandra/src/java/org/apache/cassandra/cql3/functions/FunctionParameter.java,,1,1,0,0,0,0,0,0,0,1,0,0,0,0,0,0,0,0,0,0,0,0,0,0,0,0,0,0,0,0,0,0,0,0,0
cassandra,cassandra/cql3/functions/FunctionResolver,FunctionResolver,dataset/projects/cassandra/src/java/org/apache/cassandra/cql3/functions/FunctionResolver.java,,1,1,0,0,0,1,0,0,0,0,0,0,0,0,0,0,0,0,0,0,0,0,0,0,0,0,0,0,0,0,0,0,0,0,0
cassandra,cassandra/cql3/functions/JavaBasedUDFunction,JavaBasedUDFunction,dataset/projects/cassandra/src/java/org/apache/cassandra/cql3/functions/JavaBasedUDFunction.java,,1,4,0,0,1,1,0,1,0,1,0,0,0,0,0,0,0,0,0,0,0,0,0,0,0,0,0,0,0,0,0,0,0,0,0
cassandra,cassandra/cql3/functions/LengthFcts,LengthFcts,,C:/Users/ismak/Documents/GitHub/relation_test_code_smell_ML/dataset/projects/cassandra/test/unit/org/apache/cassandra/cql3/functions/LengthFctsTest.java,0,0,1,4,0,0,0,0,0,0,1,1,1,0,0,0,0,0,0,1,0,0,0,0,0,0,0,0,0,0,0,0,0,0,0
cassandra,cassandra/cql3/functions/MathFcts,MathFcts,,C:/Users/ismak/Documents/GitHub/relation_test_code_smell_ML/dataset/projects/cassandra/test/unit/org/apache/cassandra/cql3/functions/MathFctsTest.java,0,0,1,3,0,0,0,0,0,0,1,1,1,0,0,0,0,0,0,0,0,0,0,0,0,0,0,0,0,0,0,0,0,0,0
cassandra,cassandra/cql3/functions/NativeFunctions,NativeFunctions,,C:/Users/ismak/Documents/GitHub/relation_test_code_smell_ML/dataset/projects/cassandra/test/unit/org/apache/cassandra/cql3/functions/NativeFunctionsTest.java,0,0,1,6,0,0,0,0,0,0,1,1,1,0,1,1,0,0,0,0,0,0,0,0,0,0,0,0,0,1,0,0,0,0,0
cassandra,cassandra/cql3/functions/OperationFcts,OperationFcts,,C:/Users/ismak/Documents/GitHub/relation_test_code_smell_ML/dataset/projects/cassandra/test/unit/org/apache/cassandra/cql3/functions/OperationFctsTest.java,0,0,1,4,0,0,0,0,0,0,1,1,1,0,0,0,0,0,0,1,0,0,0,0,0,0,0,0,0,0,0,0,0,0,0
cassandra,cassandra/cql3/functions/TimeFcts,TimeFcts,,C:/Users/ismak/Documents/GitHub/relation_test_code_smell_ML/dataset/projects/cassandra/test/unit/org/apache/cassandra/cql3/functions/TimeFctsTest.java,0,0,1,3,0,0,0,0,0,0,1,1,1,0,0,0,0,0,0,0,0,0,0,0,0,0,0,0,0,0,0,0,0,0,0
cassandra,cassandra/cql3/functions/UDAggregate,UDAggregate,dataset/projects/cassandra/src/java/org/apache/cassandra/cql3/functions/UDAggregate.java,,1,4,0,0,1,1,0,1,0,1,0,0,0,0,0,0,0,0,0,0,0,0,0,0,0,0,0,0,0,0,0,0,0,0,0
cassandra,cassandra/cql3/functions/UDFByteCodeVerifier,UDFByteCodeVerifier,dataset/projects/cassandra/src/java/org/apache/cassandra/cql3/functions/UDFByteCodeVerifier.java,,1,1,0,0,0,1,0,0,0,0,0,0,0,0,0,0,0,0,0,0,0,0,0,0,0,0,0,0,0,0,0,0,0,0,0
cassandra,cassandra/cql3/functions/UDFContextImpl,UDFContextImpl,dataset/projects/cassandra/src/java/org/apache/cassandra/cql3/functions/UDFContextImpl.java,,1,1,0,0,0,0,0,0,0,1,0,0,0,0,0,0,0,0,0,0,0,0,0,0,0,0,0,0,0,0,0,0,0,0,0
cassandra,cassandra/cql3/functions/UDFDataType,UDFDataType,dataset/projects/cassandra/src/java/org/apache/cassandra/cql3/functions/UDFDataType.java,,1,1,0,0,0,0,0,0,0,1,0,0,0,0,0,0,0,0,0,0,0,0,0,0,0,0,0,0,0,0,0,0,0,0,0
cassandra,cassandra/cql3/functions/UDFunction,UDFunction,dataset/projects/cassandra/src/java/org/apache/cassandra/cql3/functions/UDFunction.java,,1,8,0,0,1,5,0,1,0,1,0,0,0,0,0,0,0,0,0,0,0,0,0,0,0,0,0,0,0,0,0,0,0,0,0
cassandra,cassandra/cql3/functions/VectorFcts,VectorFcts,,C:/Users/ismak/Documents/GitHub/relation_test_code_smell_ML/dataset/projects/cassandra/test/unit/org/apache/cassandra/cql3/functions/VectorFctsTest.java,0,0,1,5,0,0,0,0,0,0,1,1,1,0,1,1,0,0,0,0,0,0,0,0,0,0,0,0,0,0,0,0,0,0,0
cassandra,cassandra/cql3/restrictions/ClusteringColumnRestrictions,ClusteringColumnRestrictions,,C:/Users/ismak/Documents/GitHub/relation_test_code_smell_ML/dataset/projects/cassandra/test/unit/org/apache/cassandra/cql3/restrictions/ClusteringColumnRestrictionsTest.java,0,0,1,7,0,0,0,0,0,0,1,1,1,0,1,0,0,0,0,0,0,0,0,0,0,1,0,0,0,1,0,0,0,1,0
cassandra,cassandra/cql3/restrictions/ClusteringElements,ClusteringElements,dataset/projects/cassandra/src/java/org/apache/cassandra/cql3/restrictions/ClusteringElements.java,C:/Users/ismak/Documents/GitHub/relation_test_code_smell_ML/dataset/projects/cassandra/test/unit/org/apache/cassandra/cql3/restrictions/ClusteringElementsTest.java,1,5,1,7,0,3,0,1,0,1,1,1,1,0,1,1,0,0,0,0,0,0,0,0,0,0,0,0,0,1,0,0,0,1,0
cassandra,cassandra/cql3/restrictions/MergedRestriction,MergedRestriction,dataset/projects/cassandra/src/java/org/apache/cassandra/cql3/restrictions/MergedRestriction.java,,1,3,0,0,0,1,0,1,0,1,0,0,0,0,0,0,0,0,0,0,0,0,0,0,0,0,0,0,0,0,0,0,0,0,0
cassandra,cassandra/cql3/restrictions/PartitionKeyRestrictions,PartitionKeyRestrictions,dataset/projects/cassandra/src/java/org/apache/cassandra/cql3/restrictions/PartitionKeyRestrictions.java,,1,4,0,0,1,1,0,1,0,1,0,0,0,0,0,0,0,0,0,0,0,0,0,0,0,0,0,0,0,0,0,0,0,0,0
cassandra,cassandra/cql3/restrictions/RestrictionSet,RestrictionSet,dataset/projects/cassandra/src/java/org/apache/cassandra/cql3/restrictions/RestrictionSet.java,,1,1,0,0,0,0,0,0,0,1,0,0,0,0,0,0,0,0,0,0,0,0,0,0,0,0,0,0,0,0,0,0,0,0,0
cassandra,cassandra/cql3/restrictions/RestrictionSetWrapper,RestrictionSetWrapper,dataset/projects/cassandra/src/java/org/apache/cassandra/cql3/restrictions/RestrictionSetWrapper.java,,1,1,0,0,0,0,0,0,0,1,0,0,0,0,0,0,0,0,0,0,0,0,0,0,0,0,0,0,0,0,0,0,0,0,0
cassandra,cassandra/cql3/restrictions/SimpleRestriction,SimpleRestriction,dataset/projects/cassandra/src/java/org/apache/cassandra/cql3/restrictions/SimpleRestriction.java,,1,4,0,0,1,2,0,0,0,1,0,0,0,0,0,0,0,0,0,0,0,0,0,0,0,0,0,0,0,0,0,0,0,0,0
cassandra,cassandra/cql3/restrictions/StatementRestrictions,StatementRestrictions,dataset/projects/cassandra/src/java/org/apache/cassandra/cql3/restrictions/StatementRestrictions.java,,1,10,0,0,1,5,2,1,0,1,0,0,0,0,0,0,0,0,0,0,0,0,0,0,0,0,0,0,0,0,0,0,0,0,0
cassandra,cassandra/cql3/selection/AbstractFunctionSelector,AbstractFunctionSelector,dataset/projects/cassandra/src/java/org/apache/cassandra/cql3/selection/AbstractFunctionSelector.java,,1,2,0,0,1,0,0,0,0,1,0,0,0,0,0,0,0,0,0,0,0,0,0,0,0,0,0,0,0,0,0,0,0,0,0
cassandra,cassandra/cql3/selection/ElementsSelector,ElementsSelector,dataset/projects/cassandra/src/java/org/apache/cassandra/cql3/selection/ElementsSelector.java,,1,1,0,0,1,0,0,0,0,0,0,0,0,0,0,0,0,0,0,0,0,0,0,0,0,0,0,0,0,0,0,0,0,0,0
cassandra,cassandra/cql3/selection/FieldSelector,FieldSelector,dataset/projects/cassandra/src/java/org/apache/cassandra/cql3/selection/FieldSelector.java,,1,1,0,0,0,0,0,0,0,1,0,0,0,0,0,0,0,0,0,0,0,0,0,0,0,0,0,0,0,0,0,0,0,0,0
cassandra,cassandra/cql3/selection/ListSelector,ListSelector,dataset/projects/cassandra/src/java/org/apache/cassandra/cql3/selection/ListSelector.java,,1,1,0,0,0,0,0,0,0,1,0,0,0,0,0,0,0,0,0,0,0,0,0,0,0,0,0,0,0,0,0,0,0,0,0
cassandra,cassandra/cql3/selection/MapSelector,MapSelector,dataset/projects/cassandra/src/java/org/apache/cassandra/cql3/selection/MapSelector.java,,1,2,0,0,1,0,0,0,0,1,0,0,0,0,0,0,0,0,0,0,0,0,0,0,0,0,0,0,0,0,0,0,0,0,0
cassandra,cassandra/cql3/selection/Selectable,Selectable,dataset/projects/cassandra/src/java/org/apache/cassandra/cql3/selection/Selectable.java,,1,2,0,0,1,1,0,0,0,0,0,0,0,0,0,0,0,0,0,0,0,0,0,0,0,0,0,0,0,0,0,0,0,0,0
cassandra,cassandra/cql3/selection/Selection,Selection,dataset/projects/cassandra/src/java/org/apache/cassandra/cql3/selection/Selection.java,,1,2,0,0,1,0,0,0,0,1,0,0,0,0,0,0,0,0,0,0,0,0,0,0,0,0,0,0,0,0,0,0,0,0,0
cassandra,cassandra/cql3/selection/SelectionColumnMapping,SelectionColumnMapping,,C:/Users/ismak/Documents/GitHub/relation_test_code_smell_ML/dataset/projects/cassandra/test/unit/org/apache/cassandra/cql3/selection/SelectionColumnMappingTest.java,0,0,1,6,0,0,0,0,0,0,1,1,1,0,0,0,0,0,0,1,0,0,0,0,0,0,0,0,0,0,1,1,0,0,0
cassandra,cassandra/cql3/selection/Selector,Selector,dataset/projects/cassandra/src/java/org/apache/cassandra/cql3/selection/Selector.java,,1,2,0,0,1,0,0,0,0,1,0,0,0,0,0,0,0,0,0,0,0,0,0,0,0,0,0,0,0,0,0,0,0,0,0
cassandra,cassandra/cql3/selection/SelectorFactories,SelectorFactories,dataset/projects/cassandra/src/java/org/apache/cassandra/cql3/selection/SelectorFactories.java,,1,1,0,0,0,0,0,0,0,1,0,0,0,0,0,0,0,0,0,0,0,0,0,0,0,0,0,0,0,0,0,0,0,0,0
cassandra,cassandra/cql3/selection/SelectorSerialization,SelectorSerialization,,C:/Users/ismak/Documents/GitHub/relation_test_code_smell_ML/dataset/projects/cassandra/test/unit/org/apache/cassandra/cql3/selection/SelectorSerializationTest.java,0,0,1,5,0,0,0,0,0,0,1,1,1,0,0,0,0,0,0,1,0,0,0,0,0,0,0,0,0,0,1,0,0,0,0
cassandra,cassandra/cql3/selection/SetSelector,SetSelector,dataset/projects/cassandra/src/java/org/apache/cassandra/cql3/selection/SetSelector.java,,1,1,0,0,0,0,0,0,0,1,0,0,0,0,0,0,0,0,0,0,0,0,0,0,0,0,0,0,0,0,0,0,0,0,0
cassandra,cassandra/cql3/selection/SimpleSelector,SimpleSelector,dataset/projects/cassandra/src/java/org/apache/cassandra/cql3/selection/SimpleSelector.java,,1,1,0,0,0,0,0,0,0,1,0,0,0,0,0,0,0,0,0,0,0,0,0,0,0,0,0,0,0,0,0,0,0,0,0
cassandra,cassandra/cql3/selection/TermSelection,TermSelection,,C:/Users/ismak/Documents/GitHub/relation_test_code_smell_ML/dataset/projects/cassandra/test/unit/org/apache/cassandra/cql3/selection/TermSelectionTest.java,0,0,1,6,0,0,0,0,0,0,1,1,1,0,1,0,0,0,0,1,0,0,0,0,0,0,0,0,0,0,0,0,0,1,0
cassandra,cassandra/cql3/selection/TupleSelector,TupleSelector,dataset/projects/cassandra/src/java/org/apache/cassandra/cql3/selection/TupleSelector.java,,1,1,0,0,0,0,0,0,0,1,0,0,0,0,0,0,0,0,0,0,0,0,0,0,0,0,0,0,0,0,0,0,0,0,0
cassandra,cassandra/cql3/selection/UserTypeSelector,UserTypeSelector,dataset/projects/cassandra/src/java/org/apache/cassandra/cql3/selection/UserTypeSelector.java,,1,2,0,0,1,0,0,0,0,1,0,0,0,0,0,0,0,0,0,0,0,0,0,0,0,0,0,0,0,0,0,0,0,0,0
cassandra,cassandra/cql3/selection/VectorSelector,VectorSelector,dataset/projects/cassandra/src/java/org/apache/cassandra/cql3/selection/VectorSelector.java,,1,1,0,0,0,0,0,0,0,1,0,0,0,0,0,0,0,0,0,0,0,0,0,0,0,0,0,0,0,0,0,0,0,0,0
cassandra,cassandra/cql3/selection/WritetimeOrTTLSelector,WritetimeOrTTLSelector,dataset/projects/cassandra/src/java/org/apache/cassandra/cql3/selection/WritetimeOrTTLSelector.java,,1,1,0,0,0,0,0,0,0,1,0,0,0,0,0,0,0,0,0,0,0,0,0,0,0,0,0,0,0,0,0,0,0,0,0
cassandra,cassandra/cql3/statements/AddIdentityStatement,AddIdentityStatement,,C:/Users/ismak/Documents/GitHub/relation_test_code_smell_ML/dataset/projects/cassandra/test/unit/org/apache/cassandra/cql3/statements/AddIdentityStatementTest.java,0,0,1,6,0,0,0,0,0,0,1,1,1,0,1,0,0,0,0,0,0,0,0,0,0,0,0,0,0,1,1,0,0,0,0
cassandra,cassandra/cql3/statements/AlterRoleStatement,AlterRoleStatement,dataset/projects/cassandra/src/java/org/apache/cassandra/cql3/statements/AlterRoleStatement.java,C:/Users/ismak/Documents/GitHub/relation_test_code_smell_ML/dataset/projects/cassandra/test/unit/org/apache/cassandra/cql3/statements/AlterRoleStatementTest.java,1,2,1,4,0,2,0,0,0,0,1,1,1,0,1,0,0,0,0,0,0,0,0,0,0,0,0,0,0,0,0,0,0,0,0
cassandra,cassandra/cql3/statements/BatchStatement,BatchStatement,dataset/projects/cassandra/src/java/org/apache/cassandra/cql3/statements/BatchStatement.java,,1,9,0,0,1,6,0,1,0,1,0,0,0,0,0,0,0,0,0,0,0,0,0,0,0,0,0,0,0,0,0,0,0,0,0
cassandra,cassandra/cql3/statements/BatchUpdatesCollector,BatchUpdatesCollector,dataset/projects/cassandra/src/java/org/apache/cassandra/cql3/statements/BatchUpdatesCollector.java,,1,1,0,0,1,0,0,0,0,0,0,0,0,0,0,0,0,0,0,0,0,0,0,0,0,0,0,0,0,0,0,0,0,0,0
cassandra,cassandra/cql3/statements/CQL3CasRequest,CQL3CasRequest,dataset/projects/cassandra/src/java/org/apache/cassandra/cql3/statements/CQL3CasRequest.java,,1,3,0,0,1,0,0,1,0,1,0,0,0,0,0,0,0,0,0,0,0,0,0,0,0,0,0,0,0,0,0,0,0,0,0
cassandra,cassandra/cql3/statements/CreateRoleStatement,CreateRoleStatement,dataset/projects/cassandra/src/java/org/apache/cassandra/cql3/statements/CreateRoleStatement.java,C:/Users/ismak/Documents/GitHub/relation_test_code_smell_ML/dataset/projects/cassandra/test/unit/org/apache/cassandra/cql3/statements/CreateRoleStatementTest.java,1,1,1,5,0,1,0,0,0,0,1,1,1,0,1,0,0,0,0,1,0,0,0,0,0,0,0,0,0,0,0,0,0,0,0
cassandra,cassandra/cql3/statements/CreateUserStatement,CreateUserStatement,,C:/Users/ismak/Documents/GitHub/relation_test_code_smell_ML/dataset/projects/cassandra/test/unit/org/apache/cassandra/cql3/statements/CreateUserStatementTest.java,0,0,1,4,0,0,0,0,0,0,1,1,1,0,0,0,0,0,0,1,0,0,0,0,0,0,0,0,0,0,0,0,0,0,0
cassandra,cassandra/cql3/statements/DeleteStatement,DeleteStatement,dataset/projects/cassandra/src/java/org/apache/cassandra/cql3/statements/DeleteStatement.java,,1,1,0,0,1,0,0,0,0,0,0,0,0,0,0,0,0,0,0,0,0,0,0,0,0,0,0,0,0,0,0,0,0,0,0
cassandra,cassandra/cql3/statements/DescribeStatement,DescribeStatement,dataset/projects/cassandra/src/java/org/apache/cassandra/cql3/statements/DescribeStatement.java,C:/Users/ismak/Documents/GitHub/relation_test_code_smell_ML/dataset/projects/cassandra/test/unit/org/apache/cassandra/cql3/statements/DescribeStatementTest.java,1,2,1,9,1,0,0,0,0,1,1,1,1,0,1,1,0,0,0,1,0,0,0,0,1,0,0,0,0,0,1,1,0,0,0
cassandra,cassandra/cql3/statements/DropIdentityStatement,DropIdentityStatement,,C:/Users/ismak/Documents/GitHub/relation_test_code_smell_ML/dataset/projects/cassandra/test/unit/org/apache/cassandra/cql3/statements/DropIdentityStatementTest.java,0,0,1,5,0,0,0,0,0,0,1,1,1,0,1,0,0,0,0,0,0,0,0,0,0,0,0,0,0,0,1,0,0,0,0
cassandra,cassandra/cql3/statements/ListSuperUsersStatement,ListSuperUsersStatement,,C:/Users/ismak/Documents/GitHub/relation_test_code_smell_ML/dataset/projects/cassandra/test/unit/org/apache/cassandra/cql3/statements/ListSuperUsersStatementTest.java,0,0,1,6,0,0,0,0,0,0,1,1,1,0,1,0,0,0,0,1,0,0,0,0,1,0,0,0,0,0,0,0,0,0,0
cassandra,cassandra/cql3/statements/ModificationStatement,ModificationStatement,dataset/projects/cassandra/src/java/org/apache/cassandra/cql3/statements/ModificationStatement.java,,1,7,0,0,1,4,0,1,0,1,0,0,0,0,0,0,0,0,0,0,0,0,0,0,0,0,0,0,0,0,0,0,0,0,0
cassandra,cassandra/cql3/statements/PropertyDefinitions,PropertyDefinitions,dataset/projects/cassandra/src/java/org/apache/cassandra/cql3/statements/PropertyDefinitions.java,C:/Users/ismak/Documents/GitHub/relation_test_code_smell_ML/dataset/projects/cassandra/test/unit/org/apache/cassandra/cql3/statements/PropertyDefinitionsTest.java,1,1,1,6,0,0,0,0,0,1,1,1,1,0,1,0,0,0,0,0,0,0,0,0,1,0,0,0,0,0,0,1,0,0,0
cassandra,cassandra/cql3/statements/RequestValidations,RequestValidations,dataset/projects/cassandra/src/java/org/apache/cassandra/cql3/statements/RequestValidations.java,,1,1,0,0,0,0,0,0,0,1,0,0,0,0,0,0,0,0,0,0,0,0,0,0,0,0,0,0,0,0,0,0,0,0,0
cassandra,cassandra/cql3/statements/SchemaDescriptionsUtil,SchemaDescriptionsUtil,dataset/projects/cassandra/src/java/org/apache/cassandra/cql3/statements/SchemaDescriptionsUtil.java,,1,1,0,0,0,0,0,0,0,1,0,0,0,0,0,0,0,0,0,0,0,0,0,0,0,0,0,0,0,0,0,0,0,0,0
cassandra,cassandra/cql3/statements/SelectStatement,SelectStatement,dataset/projects/cassandra/src/java/org/apache/cassandra/cql3/statements/SelectStatement.java,C:/Users/ismak/Documents/GitHub/relation_test_code_smell_ML/dataset/projects/cassandra/test/unit/org/apache/cassandra/cql3/statements/SelectStatementTest.java,1,13,1,4,1,7,1,2,0,2,1,1,1,0,1,0,0,0,0,0,0,0,0,0,0,0,0,0,0,0,0,0,0,0,0
cassandra,cassandra/cql3/statements/TransactionStatement,TransactionStatement,dataset/projects/cassandra/src/java/org/apache/cassandra/cql3/statements/TransactionStatement.java,C:/Users/ismak/Documents/GitHub/relation_test_code_smell_ML/dataset/projects/cassandra/test/unit/org/apache/cassandra/cql3/statements/TransactionStatementTest.java,1,7,1,7,1,4,0,1,0,1,1,1,1,0,1,1,0,0,0,1,0,0,0,0,0,0,0,0,0,1,0,0,0,0,0
cassandra,cassandra/cql3/statements/TxnDataName,TxnDataName,,C:/Users/ismak/Documents/GitHub/relation_test_code_smell_ML/dataset/projects/cassandra/test/unit/org/apache/cassandra/cql3/statements/TxnDataNameTest.java,0,0,1,7,0,0,0,0,0,0,1,1,1,0,1,1,0,0,0,1,0,0,0,0,0,0,0,0,0,0,0,0,0,1,0
cassandra,cassandra/cql3/statements/UpdateStatement,UpdateStatement,dataset/projects/cassandra/src/java/org/apache/cassandra/cql3/statements/UpdateStatement.java,,1,1,0,0,1,0,0,0,0,0,0,0,0,0,0,0,0,0,0,0,0,0,0,0,0,0,0,0,0,0,0,0,0,0,0
cassandra,cassandra/cql3/terms/Constants,Constants,dataset/projects/cassandra/src/java/org/apache/cassandra/cql3/terms/Constants.java,,1,5,0,0,1,3,0,1,0,0,0,0,0,0,0,0,0,0,0,0,0,0,0,0,0,0,0,0,0,0,0,0,0,0,0
cassandra,cassandra/cql3/terms/Lists,Lists,dataset/projects/cassandra/src/java/org/apache/cassandra/cql3/terms/Lists.java,C:/Users/ismak/Documents/GitHub/relation_test_code_smell_ML/dataset/projects/cassandra/test/unit/org/apache/cassandra/cql3/terms/ListsTest.java,1,2,1,8,1,1,0,0,0,0,1,1,1,0,1,1,0,0,0,0,0,0,0,0,0,0,0,0,0,1,1,1,0,0,0
cassandra,cassandra/cql3/terms/Maps,Maps,dataset/projects/cassandra/src/java/org/apache/cassandra/cql3/terms/Maps.java,,1,1,0,0,1,0,0,0,0,0,0,0,0,0,0,0,0,0,0,0,0,0,0,0,0,0,0,0,0,0,0,0,0,0,0
cassandra,cassandra/cql3/terms/Sets,Sets,dataset/projects/cassandra/src/java/org/apache/cassandra/cql3/terms/Sets.java,,1,1,0,0,1,0,0,0,0,0,0,0,0,0,0,0,0,0,0,0,0,0,0,0,0,0,0,0,0,0,0,0,0,0,0
cassandra,cassandra/cql3/terms/Terms,Terms,dataset/projects/cassandra/src/java/org/apache/cassandra/cql3/terms/Terms.java,,1,1,0,0,0,0,0,0,0,1,0,0,0,0,0,0,0,0,0,0,0,0,0,0,0,0,0,0,0,0,0,0,0,0,0
cassandra,cassandra/cql3/terms/UserTypes,UserTypes,dataset/projects/cassandra/src/java/org/apache/cassandra/cql3/terms/UserTypes.java,,1,1,0,0,1,0,0,0,0,0,0,0,0,0,0,0,0,0,0,0,0,0,0,0,0,0,0,0,0,0,0,0,0,0,0
cassandra,cassandra/cql3/terms/Vectors,Vectors,dataset/projects/cassandra/src/java/org/apache/cassandra/cql3/terms/Vectors.java,,1,1,0,0,0,1,0,0,0,0,0,0,0,0,0,0,0,0,0,0,0,0,0,0,0,0,0,0,0,0,0,0,0,0,0
cassandra,cassandra/cql3/transactions/ConditionStatement,ConditionStatement,dataset/projects/cassandra/src/java/org/apache/cassandra/cql3/transactions/ConditionStatement.java,,1,1,0,0,0,1,0,0,0,0,0,0,0,0,0,0,0,0,0,0,0,0,0,0,0,0,0,0,0,0,0,0,0,0,0
cassandra,cassandra/cql3/transactions/RowDataReference,RowDataReference,dataset/projects/cassandra/src/java/org/apache/cassandra/cql3/transactions/RowDataReference.java,,1,3,0,0,1,0,0,0,0,2,0,0,0,0,0,0,0,0,0,0,0,0,0,0,0,0,0,0,0,0,0,0,0,0,0
cassandra,cassandra/db/aggregation/GroupMaker,GroupMaker,,C:/Users/ismak/Documents/GitHub/relation_test_code_smell_ML/dataset/projects/cassandra/test/unit/org/apache/cassandra/db/aggregation/GroupMakerTest.java,0,0,1,4,0,0,0,0,0,0,1,1,1,0,1,0,0,0,0,0,0,0,0,0,0,0,0,0,0,0,0,0,0,0,0
cassandra,cassandra/db/columniterator/SSTableReverseIterator,SSTableReverseIterator,,C:/Users/ismak/Documents/GitHub/relation_test_code_smell_ML/dataset/projects/cassandra/test/unit/org/apache/cassandra/db/columniterator/SSTableReverseIteratorTest.java,0,0,1,7,0,0,0,0,0,0,1,1,1,0,1,1,0,0,0,0,1,0,0,0,0,0,0,0,0,0,0,0,0,1,0
cassandra,cassandra/db/commitlog/AbstractCommitLogSegmentManager,AbstractCommitLogSegmentManager,dataset/projects/cassandra/src/java/org/apache/cassandra/db/commitlog/AbstractCommitLogSegmentManager.java,,1,5,0,0,1,2,0,1,0,1,0,0,0,0,0,0,0,0,0,0,0,0,0,0,0,0,0,0,0,0,0,0,0,0,0
cassandra,cassandra/db/commitlog/AbstractCommitLogService,AbstractCommitLogService,,C:/Users/ismak/Documents/GitHub/relation_test_code_smell_ML/dataset/projects/cassandra/test/unit/org/apache/cassandra/db/commitlog/AbstractCommitLogServiceTest.java,0,0,1,8,0,0,0,0,0,0,1,1,1,0,1,1,0,0,0,1,0,0,0,0,0,0,0,0,0,1,0,0,0,1,0
cassandra,cassandra/db/commitlog/BatchCommitLog,BatchCommitLog,,C:/Users/ismak/Documents/GitHub/relation_test_code_smell_ML/dataset/projects/cassandra/test/unit/org/apache/cassandra/db/commitlog/BatchCommitLogTest.java,0,0,1,6,0,0,0,0,0,0,1,1,1,0,1,0,1,0,0,1,0,0,0,0,0,0,0,0,0,0,0,0,0,0,0
cassandra,cassandra/db/commitlog/BatchCommitLogStress,BatchCommitLogStress,,C:/Users/ismak/Documents/GitHub/relation_test_code_smell_ML/dataset/projects/cassandra/test/long/org/apache/cassandra/db/commitlog/BatchCommitLogStressTest.java,0,0,1,4,0,0,0,0,0,0,1,1,1,0,0,0,1,0,0,0,0,0,0,0,0,0,0,0,0,0,0,0,0,0,0
cassandra,cassandra/db/commitlog/CommitLog,CommitLog,dataset/projects/cassandra/src/java/org/apache/cassandra/db/commitlog/CommitLog.java,C:/Users/ismak/Documents/GitHub/relation_test_code_smell_ML/dataset/projects/cassandra/test/unit/org/apache/cassandra/db/commitlog/CommitLogTest.java,1,3,1,13,1,0,0,1,0,1,1,1,1,0,1,1,1,0,0,1,0,1,0,0,0,0,0,0,0,1,1,1,1,1,0
cassandra,cassandra/db/commitlog/CommitLogArchiver,CommitLogArchiver,dataset/projects/cassandra/src/java/org/apache/cassandra/db/commitlog/CommitLogArchiver.java,C:/Users/ismak/Documents/GitHub/relation_test_code_smell_ML/dataset/projects/cassandra/test/unit/org/apache/cassandra/db/commitlog/CommitLogArchiverTest.java,1,3,1,7,0,2,0,1,0,0,1,1,1,0,0,1,0,0,0,1,1,0,0,0,0,0,0,0,0,0,0,0,1,0,0
cassandra,cassandra/db/commitlog/CommitLogCQL,CommitLogCQL,,C:/Users/ismak/Documents/GitHub/relation_test_code_smell_ML/dataset/projects/cassandra/test/unit/org/apache/cassandra/db/commitlog/CommitLogCQLTest.java,0,0,1,8,0,0,0,0,0,0,1,1,1,0,0,1,0,0,0,1,0,0,0,0,1,0,1,0,0,0,1,0,0,0,0
cassandra,cassandra/db/commitlog/CommitLogChainedMarkers,CommitLogChainedMarkers,,C:/Users/ismak/Documents/GitHub/relation_test_code_smell_ML/dataset/projects/cassandra/test/unit/org/apache/cassandra/db/commitlog/CommitLogChainedMarkersTest.java,0,0,1,7,0,0,0,0,0,0,1,1,1,0,0,1,0,0,0,1,0,1,0,0,0,0,0,0,0,0,0,0,1,0,0
cassandra,cassandra/db/commitlog/CommitLogDescriptor,CommitLogDescriptor,dataset/projects/cassandra/src/java/org/apache/cassandra/db/commitlog/CommitLogDescriptor.java,C:/Users/ismak/Documents/GitHub/relation_test_code_smell_ML/dataset/projects/cassandra/test/unit/org/apache/cassandra/db/commitlog/CommitLogDescriptorTest.java,1,1,1,13,0,0,0,0,0,1,1,1,1,0,1,1,0,0,0,1,1,1,0,1,0,0,0,0,0,1,1,1,1,0,0
cassandra,cassandra/db/commitlog/CommitLogFailurePolicy,CommitLogFailurePolicy,,C:/Users/ismak/Documents/GitHub/relation_test_code_smell_ML/dataset/projects/cassandra/test/unit/org/apache/cassandra/db/commitlog/CommitLogFailurePolicyTest.java,0,0,1,5,0,0,0,0,0,0,1,1,1,0,1,0,0,0,0,1,0,0,0,0,0,0,0,0,0,0,0,0,0,0,0
cassandra,cassandra/db/commitlog/CommitLogInitWithException,CommitLogInitWithException,,C:/Users/ismak/Documents/GitHub/relation_test_code_smell_ML/dataset/projects/cassandra/test/unit/org/apache/cassandra/db/commitlog/CommitLogInitWithExceptionTest.java,0,0,1,4,0,0,0,0,0,0,1,1,1,0,0,0,0,0,0,0,0,0,0,0,0,0,0,0,0,0,1,0,0,0,0
cassandra,cassandra/db/commitlog/CommitLogReader,CommitLogReader,dataset/projects/cassandra/src/java/org/apache/cassandra/db/commitlog/CommitLogReader.java,C:/Users/ismak/Documents/GitHub/relation_test_code_smell_ML/dataset/projects/cassandra/test/unit/org/apache/cassandra/db/commitlog/CommitLogReaderTest.java,1,5,1,9,1,2,0,1,0,1,1,1,1,0,0,1,0,0,0,1,0,1,0,0,0,0,0,0,0,0,1,0,1,1,0
cassandra,cassandra/db/commitlog/CommitLogReplayer,CommitLogReplayer,dataset/projects/cassandra/src/java/org/apache/cassandra/db/commitlog/CommitLogReplayer.java,,1,3,0,0,1,1,0,0,0,1,0,0,0,0,0,0,0,0,0,0,0,0,0,0,0,0,0,0,0,0,0,0,0,0,0
cassandra,cassandra/db/commitlog/CommitLogSegment,CommitLogSegment,dataset/projects/cassandra/src/java/org/apache/cassandra/db/commitlog/CommitLogSegment.java,,1,5,0,0,1,2,0,1,0,1,0,0,0,0,0,0,0,0,0,0,0,0,0,0,0,0,0,0,0,0,0,0,0,0,0
cassandra,cassandra/db/commitlog/CommitLogSegmentBackpressure,CommitLogSegmentBackpressure,,C:/Users/ismak/Documents/GitHub/relation_test_code_smell_ML/dataset/projects/cassandra/test/unit/org/apache/cassandra/db/commitlog/CommitLogSegmentBackpressureTest.java,0,0,1,7,0,0,0,0,0,0,1,1,1,0,0,1,0,0,0,1,0,0,0,0,0,0,1,0,0,0,0,0,0,1,0
cassandra,cassandra/db/commitlog/CommitLogSegmentManagerCDC,CommitLogSegmentManagerCDC,dataset/projects/cassandra/src/java/org/apache/cassandra/db/commitlog/CommitLogSegmentManagerCDC.java,C:/Users/ismak/Documents/GitHub/relation_test_code_smell_ML/dataset/projects/cassandra/test/unit/org/apache/cassandra/db/commitlog/CommitLogSegmentManagerCDCTest.java,1,1,1,12,0,0,0,0,0,1,1,1,1,0,0,1,0,0,0,1,0,1,0,0,1,0,0,0,0,1,1,1,1,1,0
cassandra,cassandra/db/commitlog/CommitLogSegmentReader,CommitLogSegmentReader,dataset/projects/cassandra/src/java/org/apache/cassandra/db/commitlog/CommitLogSegmentReader.java,,1,1,0,0,0,1,0,0,0,0,0,0,0,0,0,0,0,0,0,0,0,0,0,0,0,0,0,0,0,0,0,0,0,0,0
cassandra,cassandra/db/commitlog/CommitLogStress,CommitLogStress,,C:/Users/ismak/Documents/GitHub/relation_test_code_smell_ML/dataset/projects/cassandra/test/long/org/apache/cassandra/db/commitlog/CommitLogStressTest.java,0,0,1,8,0,0,0,0,0,0,1,1,1,0,0,0,1,0,0,1,0,0,0,0,0,0,0,0,0,0,1,1,1,0,0
cassandra,cassandra/db/commitlog/CommitLogUpgrade,CommitLogUpgrade,,C:/Users/ismak/Documents/GitHub/relation_test_code_smell_ML/dataset/projects/cassandra/test/unit/org/apache/cassandra/db/commitlog/CommitLogUpgradeTest.java,0,0,1,9,0,0,0,0,0,0,1,1,1,0,1,1,0,0,0,1,1,0,0,0,0,0,0,0,0,0,1,0,1,0,0
cassandra,cassandra/db/commitlog/CommitlogShutdown,CommitlogShutdown,,C:/Users/ismak/Documents/GitHub/relation_test_code_smell_ML/dataset/projects/cassandra/test/unit/org/apache/cassandra/db/commitlog/CommitlogShutdownTest.java,0,0,1,7,0,0,0,0,0,0,1,1,1,0,0,1,0,0,0,1,0,0,0,0,1,0,0,0,0,0,0,0,1,0,0
cassandra,cassandra/db/commitlog/DirectIOSegment,DirectIOSegment,,C:/Users/ismak/Documents/GitHub/relation_test_code_smell_ML/dataset/projects/cassandra/test/unit/org/apache/cassandra/db/commitlog/DirectIOSegmentTest.java,0,0,1,7,0,0,0,0,0,0,1,1,1,0,1,1,0,0,0,1,0,0,0,0,0,0,0,0,0,1,0,0,0,0,0
cassandra,cassandra/db/commitlog/DirectIOSegmentByteman,DirectIOSegmentByteman,,C:/Users/ismak/Documents/GitHub/relation_test_code_smell_ML/dataset/projects/cassandra/test/unit/org/apache/cassandra/db/commitlog/DirectIOSegmentBytemanTest.java,0,0,1,3,0,0,0,0,0,0,1,1,1,0,0,0,0,0,0,0,0,0,0,0,0,0,0,0,0,0,0,0,0,0,0
cassandra,cassandra/db/commitlog/GroupCommitLog,GroupCommitLog,,C:/Users/ismak/Documents/GitHub/relation_test_code_smell_ML/dataset/projects/cassandra/test/unit/org/apache/cassandra/db/commitlog/GroupCommitLogTest.java,0,0,1,4,0,0,0,0,0,0,1,1,1,0,0,0,1,0,0,0,0,0,0,0,0,0,0,0,0,0,0,0,0,0,0
cassandra,cassandra/db/commitlog/GroupCommitLogStress,GroupCommitLogStress,,C:/Users/ismak/Documents/GitHub/relation_test_code_smell_ML/dataset/projects/cassandra/test/long/org/apache/cassandra/db/commitlog/GroupCommitLogStressTest.java,0,0,1,4,0,0,0,0,0,0,1,1,1,0,0,0,1,0,0,0,0,0,0,0,0,0,0,0,0,0,0,0,0,0,0
cassandra,cassandra/db/commitlog/PeriodicCommitLogStress,PeriodicCommitLogStress,,C:/Users/ismak/Documents/GitHub/relation_test_code_smell_ML/dataset/projects/cassandra/test/long/org/apache/cassandra/db/commitlog/PeriodicCommitLogStressTest.java,0,0,1,4,0,0,0,0,0,0,1,1,1,0,0,0,1,0,0,0,0,0,0,0,0,0,0,0,0,0,0,0,0,0,0
cassandra,cassandra/db/commitlog/SegmentReader,SegmentReader,,C:/Users/ismak/Documents/GitHub/relation_test_code_smell_ML/dataset/projects/cassandra/test/unit/org/apache/cassandra/db/commitlog/SegmentReaderTest.java,0,0,1,5,0,0,0,0,0,0,1,1,1,0,0,0,0,0,0,1,0,0,0,0,0,0,0,0,0,0,1,0,0,0,0
cassandra,cassandra/db/compaction/AbstractCompactionStrategy,AbstractCompactionStrategy,dataset/projects/cassandra/src/java/org/apache/cassandra/db/compaction/AbstractCompactionStrategy.java,C:/Users/ismak/Documents/GitHub/relation_test_code_smell_ML/dataset/projects/cassandra/test/unit/org/apache/cassandra/db/compaction/AbstractCompactionStrategyTest.java,1,5,1,5,1,2,0,1,0,1,1,1,1,0,1,1,0,0,0,0,0,0,0,0,0,0,0,0,0,0,0,0,0,0,0
cassandra,cassandra/db/compaction/AbstractPendingRepair,AbstractPendingRepair,,C:/Users/ismak/Documents/GitHub/relation_test_code_smell_ML/dataset/projects/cassandra/test/unit/org/apache/cassandra/db/compaction/AbstractPendingRepairTest.java,0,0,1,4,0,0,0,0,0,0,1,1,1,0,0,0,0,0,0,0,0,0,0,0,0,0,0,0,0,0,0,1,0,0,0
cassandra,cassandra/db/compaction/AbstractStrategyHolder,AbstractStrategyHolder,dataset/projects/cassandra/src/java/org/apache/cassandra/db/compaction/AbstractStrategyHolder.java,,1,2,0,0,1,0,0,0,0,1,0,0,0,0,0,0,0,0,0,0,0,0,0,0,0,0,0,0,0,0,0,0,0,0,0
cassandra,cassandra/db/compaction/ActiveCompactions,ActiveCompactions,,C:/Users/ismak/Documents/GitHub/relation_test_code_smell_ML/dataset/projects/cassandra/test/unit/org/apache/cassandra/db/compaction/ActiveCompactionsTest.java,0,0,1,7,0,0,0,0,0,0,1,1,1,0,1,1,0,0,0,1,0,0,0,0,0,0,0,0,0,0,1,0,0,0,0
cassandra,cassandra/db/compaction/AntiCompaction,AntiCompaction,,C:/Users/ismak/Documents/GitHub/relation_test_code_smell_ML/dataset/projects/cassandra/test/unit/org/apache/cassandra/db/compaction/AntiCompactionTest.java,0,0,1,7,0,0,0,0,0,0,1,1,1,0,1,1,0,0,0,1,0,0,0,0,0,0,0,0,0,0,0,0,0,1,0
cassandra,cassandra/db/compaction/AntiCompactionByteman,AntiCompactionByteman,,C:/Users/ismak/Documents/GitHub/relation_test_code_smell_ML/dataset/projects/cassandra/test/unit/org/apache/cassandra/db/compaction/AntiCompactionBytemanTest.java,0,0,1,7,0,0,0,0,0,0,1,1,1,0,1,1,0,0,0,1,0,0,0,0,0,0,0,0,0,0,0,0,0,1,0
cassandra,cassandra/db/compaction/CancelCompactions,CancelCompactions,,C:/Users/ismak/Documents/GitHub/relation_test_code_smell_ML/dataset/projects/cassandra/test/unit/org/apache/cassandra/db/compaction/CancelCompactionsTest.java,0,0,1,10,0,0,0,0,0,0,1,1,1,0,1,1,0,0,0,1,0,0,0,0,0,0,1,0,0,1,1,0,0,1,0
cassandra,cassandra/db/compaction/CompactionAccordIterators,CompactionAccordIterators,,C:/Users/ismak/Documents/GitHub/relation_test_code_smell_ML/dataset/projects/cassandra/test/unit/org/apache/cassandra/db/compaction/CompactionAccordIteratorsTest.java,0,0,1,7,0,0,0,0,0,0,1,1,1,0,0,0,0,0,0,1,1,0,0,0,0,0,0,0,0,0,1,1,0,0,0
cassandra,cassandra/db/compaction/CompactionAllocation,CompactionAllocation,,C:/Users/ismak/Documents/GitHub/relation_test_code_smell_ML/dataset/projects/cassandra/test/memory/org/apache/cassandra/db/compaction/CompactionAllocationTest.java,0,0,1,7,0,0,0,0,0,0,1,1,1,0,0,1,0,0,0,1,0,0,0,0,0,0,0,0,0,0,1,1,0,0,0
cassandra,cassandra/db/compaction/CompactionController,CompactionController,dataset/projects/cassandra/src/java/org/apache/cassandra/db/compaction/CompactionController.java,C:/Users/ismak/Documents/GitHub/relation_test_code_smell_ML/dataset/projects/cassandra/test/unit/org/apache/cassandra/db/compaction/CompactionControllerTest.java,1,4,1,9,0,2,0,1,0,1,1,1,1,0,1,1,0,0,0,1,0,0,0,0,0,0,0,0,0,1,1,0,0,1,0
cassandra,cassandra/db/compaction/CompactionExecutor,CompactionExecutor,,C:/Users/ismak/Documents/GitHub/relation_test_code_smell_ML/dataset/projects/cassandra/test/unit/org/apache/cassandra/db/compaction/CompactionExecutorTest.java,0,0,1,7,0,0,0,0,0,0,1,1,1,0,1,1,0,0,0,1,0,0,0,0,0,0,1,0,0,0,0,0,0,0,0
cassandra,cassandra/db/compaction/CompactionGarbageCollectOnlyPurgeRepaired,CompactionGarbageCollectOnlyPurgeRepaired,,C:/Users/ismak/Documents/GitHub/relation_test_code_smell_ML/dataset/projects/cassandra/test/unit/org/apache/cassandra/db/compaction/CompactionGarbageCollectOnlyPurgeRepairedTest.java,0,0,1,8,0,0,0,0,0,0,1,1,1,0,0,1,0,0,0,1,0,0,0,0,0,0,1,0,0,0,1,0,0,1,0
cassandra,cassandra/db/compaction/CompactionInfo,CompactionInfo,,C:/Users/ismak/Documents/GitHub/relation_test_code_smell_ML/dataset/projects/cassandra/test/unit/org/apache/cassandra/db/compaction/CompactionInfoTest.java,0,0,1,4,0,0,0,0,0,0,1,1,1,0,0,0,0,0,0,0,0,0,0,0,1,0,0,0,0,0,0,0,0,0,0
cassandra,cassandra/db/compaction/CompactionIterator,CompactionIterator,dataset/projects/cassandra/src/java/org/apache/cassandra/db/compaction/CompactionIterator.java,C:/Users/ismak/Documents/GitHub/relation_test_code_smell_ML/dataset/projects/cassandra/test/unit/org/apache/cassandra/db/compaction/CompactionIteratorTest.java,1,4,1,8,1,2,0,0,0,1,1,1,1,0,1,1,0,0,0,1,0,0,0,0,0,0,0,0,0,0,1,1,0,0,0
cassandra,cassandra/db/compaction/CompactionLogger,CompactionLogger,dataset/projects/cassandra/src/java/org/apache/cassandra/db/compaction/CompactionLogger.java,,1,2,0,0,1,0,0,0,0,1,0,0,0,0,0,0,0,0,0,0,0,0,0,0,0,0,0,0,0,0,0,0,0,0,0
cassandra,cassandra/db/compaction/CompactionManager,CompactionManager,dataset/projects/cassandra/src/java/org/apache/cassandra/db/compaction/CompactionManager.java,,1,5,0,0,1,2,0,1,0,1,0,0,0,0,0,0,0,0,0,0,0,0,0,0,0,0,0,0,0,0,0,0,0,0,0
cassandra,cassandra/db/compaction/CompactionStrategyHolder,CompactionStrategyHolder,dataset/projects/cassandra/src/java/org/apache/cassandra/db/compaction/CompactionStrategyHolder.java,,1,2,0,0,1,0,0,0,0,1,0,0,0,0,0,0,0,0,0,0,0,0,0,0,0,0,0,0,0,0,0,0,0,0,0
cassandra,cassandra/db/compaction/CompactionStrategyManager,CompactionStrategyManager,dataset/projects/cassandra/src/java/org/apache/cassandra/db/compaction/CompactionStrategyManager.java,C:/Users/ismak/Documents/GitHub/relation_test_code_smell_ML/dataset/projects/cassandra/test/unit/org/apache/cassandra/db/compaction/CompactionStrategyManagerTest.java,1,5,1,9,1,2,0,1,0,1,1,1,1,0,1,1,0,0,0,1,0,0,0,1,0,0,0,0,0,1,0,0,0,1,0
cassandra,cassandra/db/compaction/CompactionStrategyManagerBoundaryReload,CompactionStrategyManagerBoundaryReload,,C:/Users/ismak/Documents/GitHub/relation_test_code_smell_ML/dataset/projects/cassandra/test/unit/org/apache/cassandra/db/compaction/CompactionStrategyManagerBoundaryReloadTest.java,0,0,1,6,0,0,0,0,0,0,1,1,1,0,1,0,0,0,0,1,0,0,0,0,0,0,0,0,0,1,0,0,0,0,0
cassandra,cassandra/db/compaction/CompactionStrategyManagerPendingRepair,CompactionStrategyManagerPendingRepair,,C:/Users/ismak/Documents/GitHub/relation_test_code_smell_ML/dataset/projects/cassandra/test/unit/org/apache/cassandra/db/compaction/CompactionStrategyManagerPendingRepairTest.java,0,0,1,9,0,0,0,0,0,0,1,1,1,0,1,1,0,0,0,1,0,0,1,0,0,0,0,0,0,1,0,0,0,1,0
cassandra,cassandra/db/compaction/CompactionTask,CompactionTask,dataset/projects/cassandra/src/java/org/apache/cassandra/db/compaction/CompactionTask.java,C:/Users/ismak/Documents/GitHub/relation_test_code_smell_ML/dataset/projects/cassandra/test/unit/org/apache/cassandra/db/compaction/CompactionTaskTest.java,1,7,1,7,1,4,0,1,0,1,1,1,1,0,1,1,0,0,0,1,0,0,0,0,0,0,0,0,0,0,0,0,0,1,0
cassandra,cassandra/db/compaction/Compactions,Compactions,,C:/Users/ismak/Documents/GitHub/relation_test_code_smell_ML/dataset/projects/cassandra/test/unit/org/apache/cassandra/db/compaction/CompactionsTest.java,0,0,1,11,0,0,0,0,0,0,1,1,1,0,1,1,0,0,0,1,1,0,0,0,0,0,1,0,0,1,0,1,0,1,0
cassandra,cassandra/db/compaction/CompactionsByteman,CompactionsByteman,,C:/Users/ismak/Documents/GitHub/relation_test_code_smell_ML/dataset/projects/cassandra/test/unit/org/apache/cassandra/db/compaction/CompactionsBytemanTest.java,0,0,1,9,0,0,0,0,0,0,1,1,1,0,1,1,0,0,0,1,0,0,0,0,0,0,1,0,0,1,0,0,0,1,0
cassandra,cassandra/db/compaction/CompactionsCQL,CompactionsCQL,,C:/Users/ismak/Documents/GitHub/relation_test_code_smell_ML/dataset/projects/cassandra/test/unit/org/apache/cassandra/db/compaction/CompactionsCQLTest.java,0,0,1,12,0,0,0,0,0,0,1,1,1,0,1,1,0,0,0,1,1,0,0,0,0,0,1,0,0,1,1,1,0,1,0
cassandra,cassandra/db/compaction/CompactionsPurge,CompactionsPurge,,C:/Users/ismak/Documents/GitHub/relation_test_code_smell_ML/dataset/projects/cassandra/test/unit/org/apache/cassandra/db/compaction/CompactionsPurgeTest.java,0,0,1,9,0,0,0,0,0,0,1,1,1,0,1,1,0,0,0,1,1,0,0,0,0,0,0,0,0,1,0,0,0,1,0
cassandra,cassandra/db/compaction/CorruptedSSTablesCompactions,CorruptedSSTablesCompactions,,C:/Users/ismak/Documents/GitHub/relation_test_code_smell_ML/dataset/projects/cassandra/test/unit/org/apache/cassandra/db/compaction/CorruptedSSTablesCompactionsTest.java,0,0,1,9,0,0,0,0,0,0,1,1,1,0,1,1,0,0,0,1,0,0,0,0,1,0,0,0,0,0,1,0,1,0,0
cassandra,cassandra/db/compaction/CursorCompactor,CursorCompactor,dataset/projects/cassandra/src/java/org/apache/cassandra/db/compaction/CursorCompactor.java,,1,13,0,0,1,10,0,1,0,1,0,0,0,0,0,0,0,0,0,0,0,0,0,0,0,0,0,0,0,0,0,0,0,0,0
cassandra,cassandra/db/compaction/LeveledCompactionStrategy,LeveledCompactionStrategy,dataset/projects/cassandra/src/java/org/apache/cassandra/db/compaction/LeveledCompactionStrategy.java,C:/Users/ismak/Documents/GitHub/relation_test_code_smell_ML/dataset/projects/cassandra/test/unit/org/apache/cassandra/db/compaction/LeveledCompactionStrategyTest.java,1,4,1,10,1,2,0,0,0,1,1,1,1,0,1,1,0,0,0,1,1,0,0,0,0,0,1,0,0,1,0,0,0,1,0
cassandra,cassandra/db/compaction/LeveledGenerations,LeveledGenerations,dataset/projects/cassandra/src/java/org/apache/cassandra/db/compaction/LeveledGenerations.java,C:/Users/ismak/Documents/GitHub/relation_test_code_smell_ML/dataset/projects/cassandra/test/unit/org/apache/cassandra/db/compaction/LeveledGenerationsTest.java,1,3,1,7,0,1,0,1,0,1,1,1,1,0,1,1,0,0,0,1,0,0,0,0,0,0,0,0,0,0,0,0,0,1,0
cassandra,cassandra/db/compaction/LeveledManifest,LeveledManifest,dataset/projects/cassandra/src/java/org/apache/cassandra/db/compaction/LeveledManifest.java,,1,7,0,0,1,4,0,1,0,1,0,0,0,0,0,0,0,0,0,0,0,0,0,0,0,0,0,0,0,0,0,0,0,0,0
cassandra,cassandra/db/compaction/LongCompactions,LongCompactions,,C:/Users/ismak/Documents/GitHub/relation_test_code_smell_ML/dataset/projects/cassandra/test/long/org/apache/cassandra/db/compaction/LongCompactionsTest.java,0,0,1,9,0,0,0,0,0,0,1,1,1,0,0,1,0,0,0,1,0,0,0,0,1,0,0,0,0,1,1,1,0,0,0
cassandra,cassandra/db/compaction/LongLeveledCompactionStrategy,LongLeveledCompactionStrategy,,C:/Users/ismak/Documents/GitHub/relation_test_code_smell_ML/dataset/projects/cassandra/test/long/org/apache/cassandra/db/compaction/LongLeveledCompactionStrategyTest.java,0,0,1,8,0,0,0,0,0,0,1,1,1,0,1,1,0,0,0,1,0,0,0,0,0,0,0,0,0,1,1,0,0,0,0
cassandra,cassandra/db/compaction/LongLeveledCompactionStrategyCQL,LongLeveledCompactionStrategyCQL,,C:/Users/ismak/Documents/GitHub/relation_test_code_smell_ML/dataset/projects/cassandra/test/long/org/apache/cassandra/db/compaction/LongLeveledCompactionStrategyCQLTest.java,0,0,1,6,0,0,0,0,0,0,1,1,1,0,0,1,0,0,0,1,0,0,0,0,0,0,0,0,0,0,1,0,0,0,0
cassandra,cassandra/db/compaction/NeverPurge,NeverPurge,,C:/Users/ismak/Documents/GitHub/relation_test_code_smell_ML/dataset/projects/cassandra/test/unit/org/apache/cassandra/db/compaction/NeverPurgeTest.java,0,0,1,8,0,0,0,0,0,0,1,1,1,0,0,1,0,0,0,1,0,0,0,0,0,0,1,0,0,0,1,1,0,0,0
cassandra,cassandra/db/compaction/OneCompaction,OneCompaction,,C:/Users/ismak/Documents/GitHub/relation_test_code_smell_ML/dataset/projects/cassandra/test/unit/org/apache/cassandra/db/compaction/OneCompactionTest.java,0,0,1,5,0,0,0,0,0,0,1,1,1,0,0,0,0,0,0,0,0,0,0,0,0,0,0,0,0,0,1,1,0,0,0
cassandra,cassandra/db/compaction/PartialCompactions,PartialCompactions,,C:/Users/ismak/Documents/GitHub/relation_test_code_smell_ML/dataset/projects/cassandra/test/unit/org/apache/cassandra/db/compaction/PartialCompactionsTest.java,0,0,1,4,0,0,0,0,0,0,1,1,1,0,0,0,0,0,0,0,0,0,0,0,0,0,0,0,0,0,0,0,0,1,0
cassandra,cassandra/db/compaction/PendingRepairHolder,PendingRepairHolder,dataset/projects/cassandra/src/java/org/apache/cassandra/db/compaction/PendingRepairHolder.java,,1,2,0,0,1,0,0,0,0,1,0,0,0,0,0,0,0,0,0,0,0,0,0,0,0,0,0,0,0,0,0,0,0,0,0
cassandra,cassandra/db/compaction/PendingRepairManager,PendingRepairManager,dataset/projects/cassandra/src/java/org/apache/cassandra/db/compaction/PendingRepairManager.java,C:/Users/ismak/Documents/GitHub/relation_test_code_smell_ML/dataset/projects/cassandra/test/unit/org/apache/cassandra/db/compaction/PendingRepairManagerTest.java,1,3,1,7,1,0,0,1,0,1,1,1,1,0,1,0,0,0,0,1,0,0,0,0,0,0,0,0,0,1,0,0,0,1,0
cassandra,cassandra/db/compaction/ShardManager,ShardManager,dataset/projects/cassandra/src/java/org/apache/cassandra/db/compaction/ShardManager.java,C:/Users/ismak/Documents/GitHub/relation_test_code_smell_ML/dataset/projects/cassandra/test/unit/org/apache/cassandra/db/compaction/ShardManagerTest.java,1,2,1,12,0,1,0,0,0,1,1,1,1,0,1,1,0,0,0,0,1,0,1,0,1,0,0,0,0,1,1,1,0,1,0
cassandra,cassandra/db/compaction/ShardManagerDiskAware,ShardManagerDiskAware,dataset/projects/cassandra/src/java/org/apache/cassandra/db/compaction/ShardManagerDiskAware.java,,1,1,0,0,0,0,0,0,0,1,0,0,0,0,0,0,0,0,0,0,0,0,0,0,0,0,0,0,0,0,0,0,0,0,0
cassandra,cassandra/db/compaction/ShardTracker,ShardTracker,dataset/projects/cassandra/src/java/org/apache/cassandra/db/compaction/ShardTracker.java,,1,1,0,0,0,0,0,0,0,1,0,0,0,0,0,0,0,0,0,0,0,0,0,0,0,0,0,0,0,0,0,0,0,0,0
cassandra,cassandra/db/compaction/SingleSSTableLCSTask,SingleSSTableLCSTask,,C:/Users/ismak/Documents/GitHub/relation_test_code_smell_ML/dataset/projects/cassandra/test/unit/org/apache/cassandra/db/compaction/SingleSSTableLCSTaskTest.java,0,0,1,8,0,0,0,0,0,0,1,1,1,0,1,1,0,0,0,1,0,0,0,0,0,0,0,0,0,0,1,0,0,1,0
cassandra,cassandra/db/compaction/SizeTieredCompactionStrategy,SizeTieredCompactionStrategy,dataset/projects/cassandra/src/java/org/apache/cassandra/db/compaction/SizeTieredCompactionStrategy.java,C:/Users/ismak/Documents/GitHub/relation_test_code_smell_ML/dataset/projects/cassandra/test/unit/org/apache/cassandra/db/compaction/SizeTieredCompactionStrategyTest.java,1,3,1,8,1,0,0,1,0,1,1,1,1,0,1,1,0,0,0,1,0,0,0,0,0,0,0,0,0,1,0,0,0,1,0
cassandra,cassandra/db/compaction/StatefulCursor,StatefulCursor,dataset/projects/cassandra/src/java/org/apache/cassandra/db/compaction/StatefulCursor.java,,1,2,0,0,0,0,0,1,0,1,0,0,0,0,0,0,0,0,0,0,0,0,0,0,0,0,0,0,0,0,0,0,0,0,0
cassandra,cassandra/db/compaction/TTLExpiry,TTLExpiry,,C:/Users/ismak/Documents/GitHub/relation_test_code_smell_ML/dataset/projects/cassandra/test/unit/org/apache/cassandra/db/compaction/TTLExpiryTest.java,0,0,1,9,0,0,0,0,0,0,1,1,1,0,1,1,0,0,0,1,0,0,0,0,0,0,1,0,0,0,1,0,0,1,0
cassandra,cassandra/db/compaction/TimeWindowCompactionStrategy,TimeWindowCompactionStrategy,dataset/projects/cassandra/src/java/org/apache/cassandra/db/compaction/TimeWindowCompactionStrategy.java,C:/Users/ismak/Documents/GitHub/relation_test_code_smell_ML/dataset/projects/cassandra/test/unit/org/apache/cassandra/db/compaction/TimeWindowCompactionStrategyTest.java,1,4,1,9,1,1,0,1,0,1,1,1,1,0,1,1,0,0,0,1,0,0,0,0,0,0,1,0,0,1,0,0,0,1,0
cassandra,cassandra/db/compaction/TimeWindowCompactionStrategyOptions,TimeWindowCompactionStrategyOptions,dataset/projects/cassandra/src/java/org/apache/cassandra/db/compaction/TimeWindowCompactionStrategyOptions.java,,1,1,0,0,0,1,0,0,0,0,0,0,0,0,0,0,0,0,0,0,0,0,0,0,0,0,0,0,0,0,0,0,0,0,0
cassandra,cassandra/db/compaction/UnifiedCompactionStrategy,UnifiedCompactionStrategy,dataset/projects/cassandra/src/java/org/apache/cassandra/db/compaction/UnifiedCompactionStrategy.java,C:/Users/ismak/Documents/GitHub/relation_test_code_smell_ML/dataset/projects/cassandra/test/unit/org/apache/cassandra/db/compaction/UnifiedCompactionStrategyTest.java,1,4,1,10,1,1,0,1,0,1,1,1,1,0,1,1,0,0,0,0,0,0,1,0,1,0,0,0,0,0,1,1,0,1,0
cassandra,cassandra/db/compaction/ValidationExecutor,ValidationExecutor,,C:/Users/ismak/Documents/GitHub/relation_test_code_smell_ML/dataset/projects/cassandra/test/unit/org/apache/cassandra/db/compaction/ValidationExecutorTest.java,0,0,1,7,0,0,0,0,0,0,1,1,1,0,1,1,0,0,0,1,0,0,0,0,0,0,0,0,0,0,0,0,0,1,0
cassandra,cassandra/db/composites/CType,CType,,C:/Users/ismak/Documents/GitHub/relation_test_code_smell_ML/dataset/projects/cassandra/test/unit/org/apache/cassandra/db/composites/CTypeTest.java,0,0,1,4,0,0,0,0,0,0,1,1,1,0,0,0,0,0,0,0,0,0,0,0,0,0,0,0,0,0,1,0,0,0,0
cassandra,cassandra/db/compression/CompressionDictionary,CompressionDictionary,dataset/projects/cassandra/src/java/org/apache/cassandra/db/compression/CompressionDictionary.java,,1,2,0,0,0,1,0,0,0,1,0,0,0,0,0,0,0,0,0,0,0,0,0,0,0,0,0,0,0,0,0,0,0,0,0
cassandra,cassandra/db/compression/CompressionDictionaryCache,CompressionDictionaryCache,,C:/Users/ismak/Documents/GitHub/relation_test_code_smell_ML/dataset/projects/cassandra/test/unit/org/apache/cassandra/db/compression/CompressionDictionaryCacheTest.java,0,0,1,10,0,0,0,0,0,0,1,1,1,0,1,1,0,0,0,1,1,0,0,0,0,0,1,0,0,1,0,0,0,1,0
cassandra,cassandra/db/compression/CompressionDictionaryDataObject,CompressionDictionaryDataObject,,C:/Users/ismak/Documents/GitHub/relation_test_code_smell_ML/dataset/projects/cassandra/test/unit/org/apache/cassandra/db/compression/CompressionDictionaryDataObjectTest.java,0,0,1,5,0,0,0,0,0,0,1,1,1,0,1,0,0,0,0,0,0,0,0,0,1,0,0,0,0,0,0,0,0,0,0
cassandra,cassandra/db/compression/CompressionDictionaryDetailsTabularData,CompressionDictionaryDetailsTabularData,dataset/projects/cassandra/src/java/org/apache/cassandra/db/compression/CompressionDictionaryDetailsTabularData.java,,1,1,0,0,0,1,0,0,0,0,0,0,0,0,0,0,0,0,0,0,0,0,0,0,0,0,0,0,0,0,0,0,0,0,0
cassandra,cassandra/db/compression/CompressionDictionaryEventHandler,CompressionDictionaryEventHandler,,C:/Users/ismak/Documents/GitHub/relation_test_code_smell_ML/dataset/projects/cassandra/test/unit/org/apache/cassandra/db/compression/CompressionDictionaryEventHandlerTest.java,0,0,1,8,0,0,0,0,0,0,1,1,1,0,1,1,0,0,0,1,1,0,0,0,0,0,0,0,0,0,0,0,0,1,0
cassandra,cassandra/db/compression/CompressionDictionaryIntegration,CompressionDictionaryIntegration,,C:/Users/ismak/Documents/GitHub/relation_test_code_smell_ML/dataset/projects/cassandra/test/unit/org/apache/cassandra/db/compression/CompressionDictionaryIntegrationTest.java,0,0,1,6,0,0,0,0,0,0,1,1,1,0,1,1,0,0,0,0,0,0,0,0,0,0,0,0,0,1,0,0,0,0,0
cassandra,cassandra/db/compression/CompressionDictionaryManager,CompressionDictionaryManager,dataset/projects/cassandra/src/java/org/apache/cassandra/db/compression/CompressionDictionaryManager.java,C:/Users/ismak/Documents/GitHub/relation_test_code_smell_ML/dataset/projects/cassandra/test/unit/org/apache/cassandra/db/compression/CompressionDictionaryManagerTest.java,1,3,1,6,0,1,0,1,0,1,1,1,1,0,1,0,0,0,0,0,1,0,0,0,0,0,0,0,0,1,0,0,0,0,0
cassandra,cassandra/db/compression/CompressionDictionaryManagerMBean,CompressionDictionaryManagerMBean,,C:/Users/ismak/Documents/GitHub/relation_test_code_smell_ML/dataset/projects/cassandra/test/unit/org/apache/cassandra/db/compression/CompressionDictionaryManagerMBeanTest.java,0,0,1,5,0,0,0,0,0,0,1,1,1,0,1,0,0,0,0,0,0,0,0,0,0,0,0,0,0,1,0,0,0,0,0
cassandra,cassandra/db/compression/CompressionDictionaryOrphaned,CompressionDictionaryOrphaned,,C:/Users/ismak/Documents/GitHub/relation_test_code_smell_ML/dataset/projects/cassandra/test/unit/org/apache/cassandra/db/compression/CompressionDictionaryOrphanedTest.java,0,0,1,3,0,0,0,0,0,0,1,1,1,0,0,0,0,0,0,0,0,0,0,0,0,0,0,0,0,0,0,0,0,0,0
cassandra,cassandra/db/compression/CompressionDictionaryScheduler,CompressionDictionaryScheduler,,C:/Users/ismak/Documents/GitHub/relation_test_code_smell_ML/dataset/projects/cassandra/test/unit/org/apache/cassandra/db/compression/CompressionDictionarySchedulerTest.java,0,0,1,4,0,0,0,0,0,0,1,1,1,0,1,0,0,0,0,0,0,0,0,0,0,0,0,0,0,0,0,0,0,0,0
cassandra,cassandra/db/compression/CompressionDictionaryTrainingConfig,CompressionDictionaryTrainingConfig,,C:/Users/ismak/Documents/GitHub/relation_test_code_smell_ML/dataset/projects/cassandra/test/unit/org/apache/cassandra/db/compression/CompressionDictionaryTrainingConfigTest.java,0,0,1,5,0,0,0,0,0,0,1,1,1,0,1,0,0,0,0,0,0,0,0,0,0,0,0,0,0,1,0,0,0,0,0
cassandra,cassandra/db/compression/CompressionDictionaryTrainingFrequency,CompressionDictionaryTrainingFrequency,,C:/Users/ismak/Documents/GitHub/relation_test_code_smell_ML/dataset/projects/cassandra/test/unit/org/apache/cassandra/db/compression/CompressionDictionaryTrainingFrequencyTest.java,0,0,1,4,0,0,0,0,0,0,1,1,1,0,0,0,0,0,0,1,0,0,0,0,0,0,0,0,0,0,0,0,0,0,0
cassandra,cassandra/db/compression/SSTableChunkSampler,SSTableChunkSampler,,C:/Users/ismak/Documents/GitHub/relation_test_code_smell_ML/dataset/projects/cassandra/test/unit/org/apache/cassandra/db/compression/SSTableChunkSamplerTest.java,0,0,1,6,0,0,0,0,0,0,1,1,1,0,1,1,0,0,0,0,0,0,0,0,0,0,0,0,0,1,0,0,0,0,0
cassandra,cassandra/db/compression/ZstdCompressionDictionary,ZstdCompressionDictionary,dataset/projects/cassandra/src/java/org/apache/cassandra/db/compression/ZstdCompressionDictionary.java,C:/Users/ismak/Documents/GitHub/relation_test_code_smell_ML/dataset/projects/cassandra/test/unit/org/apache/cassandra/db/compression/ZstdCompressionDictionaryTest.java,1,1,1,9,0,0,0,0,0,1,1,1,1,0,1,1,0,0,0,1,1,0,0,0,0,0,0,0,0,1,0,0,0,1,0
cassandra,cassandra/db/compression/ZstdDictionaryTrainer,ZstdDictionaryTrainer,dataset/projects/cassandra/src/java/org/apache/cassandra/db/compression/ZstdDictionaryTrainer.java,C:/Users/ismak/Documents/GitHub/relation_test_code_smell_ML/dataset/projects/cassandra/test/unit/org/apache/cassandra/db/compression/ZstdDictionaryTrainerTest.java,1,1,1,8,0,0,0,0,0,1,1,1,1,0,1,1,0,0,0,1,1,0,0,0,0,0,0,0,0,1,0,0,0,0,0
cassandra,cassandra/db/context/CounterContext,CounterContext,dataset/projects/cassandra/src/java/org/apache/cassandra/db/context/CounterContext.java,C:/Users/ismak/Documents/GitHub/relation_test_code_smell_ML/dataset/projects/cassandra/test/unit/org/apache/cassandra/db/context/CounterContextTest.java,1,8,1,6,1,4,0,1,0,2,1,1,1,0,1,0,0,0,0,0,0,0,0,0,0,0,0,0,0,1,0,0,0,1,0
cassandra,cassandra/db/filter/ClusteringIndexNamesFilter,ClusteringIndexNamesFilter,dataset/projects/cassandra/src/java/org/apache/cassandra/db/filter/ClusteringIndexNamesFilter.java,,1,2,0,0,0,1,0,0,0,1,0,0,0,0,0,0,0,0,0,0,0,0,0,0,0,0,0,0,0,0,0,0,0,0,0
cassandra,cassandra/db/filter/ClusteringIndexSliceFilter,ClusteringIndexSliceFilter,dataset/projects/cassandra/src/java/org/apache/cassandra/db/filter/ClusteringIndexSliceFilter.java,,1,1,0,0,0,0,0,0,0,1,0,0,0,0,0,0,0,0,0,0,0,0,0,0,0,0,0,0,0,0,0,0,0,0,0
cassandra,cassandra/db/filter/ColumnFilter,ColumnFilter,dataset/projects/cassandra/src/java/org/apache/cassandra/db/filter/ColumnFilter.java,C:/Users/ismak/Documents/GitHub/relation_test_code_smell_ML/dataset/projects/cassandra/test/unit/org/apache/cassandra/db/filter/ColumnFilterTest.java,1,4,1,7,1,0,0,0,0,3,1,1,1,0,1,0,0,0,0,0,0,0,0,0,1,0,0,0,0,0,1,1,0,0,0
cassandra,cassandra/db/filter/DataLimits,DataLimits,dataset/projects/cassandra/src/java/org/apache/cassandra/db/filter/DataLimits.java,,1,6,0,0,1,0,0,0,0,5,0,0,0,0,0,0,0,0,0,0,0,0,0,0,0,0,0,0,0,0,0,0,0,0,0
cassandra,cassandra/db/filter/IndexHints,IndexHints,dataset/projects/cassandra/src/java/org/apache/cassandra/db/filter/IndexHints.java,C:/Users/ismak/Documents/GitHub/relation_test_code_smell_ML/dataset/projects/cassandra/test/unit/org/apache/cassandra/db/filter/IndexHintsTest.java,1,4,1,9,1,1,0,1,0,1,1,1,1,0,1,1,0,0,0,1,0,0,0,0,0,0,0,0,0,1,1,1,0,0,0
cassandra,cassandra/db/filter/RowFilter,RowFilter,dataset/projects/cassandra/src/java/org/apache/cassandra/db/filter/RowFilter.java,C:/Users/ismak/Documents/GitHub/relation_test_code_smell_ML/dataset/projects/cassandra/test/unit/org/apache/cassandra/db/filter/RowFilterTest.java,1,4,1,5,1,1,0,0,0,2,1,1,1,0,1,0,0,0,0,0,0,0,0,0,0,0,0,0,0,1,0,0,0,0,0
cassandra,cassandra/db/filter/Slice,Slice,,C:/Users/ismak/Documents/GitHub/relation_test_code_smell_ML/dataset/projects/cassandra/test/unit/org/apache/cassandra/db/filter/SliceTest.java,0,0,1,4,0,0,0,0,0,0,1,1,1,0,1,0,0,0,0,0,0,0,0,0,0,0,0,0,0,0,0,0,0,0,0
cassandra,cassandra/db/guardrails/AbstractGenerational,AbstractGenerational,,C:/Users/ismak/Documents/GitHub/relation_test_code_smell_ML/dataset/projects/cassandra/test/unit/org/apache/cassandra/db/guardrails/AbstractGenerationalTest.java,0,0,1,4,0,0,0,0,0,0,1,1,1,0,0,0,0,0,0,0,0,0,0,0,0,0,0,0,0,0,0,1,0,0,0
cassandra,cassandra/db/guardrails/CassandraPasswordConfiguration,CassandraPasswordConfiguration,dataset/projects/cassandra/src/java/org/apache/cassandra/db/guardrails/CassandraPasswordConfiguration.java,,1,1,0,0,0,1,0,0,0,0,0,0,0,0,0,0,0,0,0,0,0,0,0,0,0,0,0,0,0,0,0,0,0,0,0
cassandra,cassandra/db/guardrails/CassandraPasswordGenerator,CassandraPasswordGenerator,,C:/Users/ismak/Documents/GitHub/relation_test_code_smell_ML/dataset/projects/cassandra/test/unit/org/apache/cassandra/db/guardrails/CassandraPasswordGeneratorTest.java,0,0,1,7,0,0,0,0,0,0,1,1,1,0,1,1,0,0,0,0,0,0,0,0,0,0,0,0,0,1,0,0,0,1,0
cassandra,cassandra/db/guardrails/CassandraPasswordValidator,CassandraPasswordValidator,dataset/projects/cassandra/src/java/org/apache/cassandra/db/guardrails/CassandraPasswordValidator.java,C:/Users/ismak/Documents/GitHub/relation_test_code_smell_ML/dataset/projects/cassandra/test/unit/org/apache/cassandra/db/guardrails/CassandraPasswordValidatorTest.java,1,1,1,9,1,0,0,0,0,0,1,1,1,0,1,1,0,0,0,0,0,0,0,0,0,0,0,0,0,1,1,0,1,1,0
cassandra,cassandra/db/guardrails/ClientDriverVersionGuardrail,ClientDriverVersionGuardrail,dataset/projects/cassandra/src/java/org/apache/cassandra/db/guardrails/ClientDriverVersionGuardrail.java,,1,1,0,0,0,1,0,0,0,0,0,0,0,0,0,0,0,0,0,0,0,0,0,0,0,0,0,0,0,0,0,0,0,0,0
cassandra,cassandra/db/guardrails/GenerationalGuardrails,GenerationalGuardrails,,C:/Users/ismak/Documents/GitHub/relation_test_code_smell_ML/dataset/projects/cassandra/test/unit/org/apache/cassandra/db/guardrails/GenerationalGuardrailsTest.java,0,0,1,6,0,0,0,0,0,0,1,1,1,0,1,0,0,0,0,0,0,0,0,0,0,0,0,0,0,1,1,0,0,0,0
cassandra,cassandra/db/guardrails/Guardrail,Guardrail,dataset/projects/cassandra/src/java/org/apache/cassandra/db/guardrails/Guardrail.java,,1,1,0,0,0,0,0,0,0,1,0,0,0,0,0,0,0,0,0,0,0,0,0,0,0,0,0,0,0,0,0,0,0,0,0
cassandra,cassandra/db/guardrails/GuardrailAllowFiltering,GuardrailAllowFiltering,,C:/Users/ismak/Documents/GitHub/relation_test_code_smell_ML/dataset/projects/cassandra/test/unit/org/apache/cassandra/db/guardrails/GuardrailAllowFilteringTest.java,0,0,1,6,0,0,0,0,0,0,1,1,1,0,0,0,0,0,0,1,1,0,0,0,0,0,0,0,0,0,1,0,0,0,0
cassandra,cassandra/db/guardrails/GuardrailAllowUncompressedTables,GuardrailAllowUncompressedTables,,C:/Users/ismak/Documents/GitHub/relation_test_code_smell_ML/dataset/projects/cassandra/test/unit/org/apache/cassandra/db/guardrails/GuardrailAllowUncompressedTablesTest.java,0,0,1,4,0,0,0,0,0,0,1,1,1,0,0,0,0,0,0,1,0,0,0,0,0,0,0,0,0,0,0,0,0,0,0
cassandra,cassandra/db/guardrails/GuardrailAlterTable,GuardrailAlterTable,,C:/Users/ismak/Documents/GitHub/relation_test_code_smell_ML/dataset/projects/cassandra/test/unit/org/apache/cassandra/db/guardrails/GuardrailAlterTableTest.java,0,0,1,5,0,0,0,0,0,0,1,1,1,0,0,0,1,0,0,1,0,0,0,0,0,0,0,0,0,0,0,0,0,0,0
cassandra,cassandra/db/guardrails/GuardrailClientDriverVersion,GuardrailClientDriverVersion,,C:/Users/ismak/Documents/GitHub/relation_test_code_smell_ML/dataset/projects/cassandra/test/unit/org/apache/cassandra/db/guardrails/GuardrailClientDriverVersionTest.java,0,0,1,7,0,0,0,0,0,0,1,1,1,0,1,0,0,0,0,1,1,0,0,0,0,0,0,0,0,0,1,0,0,0,0
cassandra,cassandra/db/guardrails/GuardrailCollectionListSize,GuardrailCollectionListSize,,C:/Users/ismak/Documents/GitHub/relation_test_code_smell_ML/dataset/projects/cassandra/test/unit/org/apache/cassandra/db/guardrails/GuardrailCollectionListSizeTest.java,0,0,1,5,0,0,0,0,0,0,1,1,1,0,0,0,1,0,0,1,0,0,0,0,0,0,0,0,0,0,0,0,0,0,0
cassandra,cassandra/db/guardrails/GuardrailCollectionMapSize,GuardrailCollectionMapSize,,C:/Users/ismak/Documents/GitHub/relation_test_code_smell_ML/dataset/projects/cassandra/test/unit/org/apache/cassandra/db/guardrails/GuardrailCollectionMapSizeTest.java,0,0,1,5,0,0,0,0,0,0,1,1,1,0,0,0,1,0,0,1,0,0,0,0,0,0,0,0,0,0,0,0,0,0,0
cassandra,cassandra/db/guardrails/GuardrailCollectionSetSize,GuardrailCollectionSetSize,,C:/Users/ismak/Documents/GitHub/relation_test_code_smell_ML/dataset/projects/cassandra/test/unit/org/apache/cassandra/db/guardrails/GuardrailCollectionSetSizeTest.java,0,0,1,5,0,0,0,0,0,0,1,1,1,0,0,0,1,0,0,1,0,0,0,0,0,0,0,0,0,0,0,0,0,0,0
cassandra,cassandra/db/guardrails/GuardrailCollectionSize,GuardrailCollectionSize,,C:/Users/ismak/Documents/GitHub/relation_test_code_smell_ML/dataset/projects/cassandra/test/unit/org/apache/cassandra/db/guardrails/GuardrailCollectionSizeTest.java,0,0,1,5,0,0,0,0,0,0,1,1,1,0,0,0,1,0,0,1,0,0,0,0,0,0,0,0,0,0,0,0,0,0,0
cassandra,cassandra/db/guardrails/GuardrailColumnAsciiValueSize,GuardrailColumnAsciiValueSize,,C:/Users/ismak/Documents/GitHub/relation_test_code_smell_ML/dataset/projects/cassandra/test/unit/org/apache/cassandra/db/guardrails/GuardrailColumnAsciiValueSizeTest.java,0,0,1,4,0,0,0,0,0,0,1,1,1,0,0,0,1,0,0,0,0,0,0,0,0,0,0,0,0,0,0,0,0,0,0
cassandra,cassandra/db/guardrails/GuardrailColumnBlobValueSize,GuardrailColumnBlobValueSize,,C:/Users/ismak/Documents/GitHub/relation_test_code_smell_ML/dataset/projects/cassandra/test/unit/org/apache/cassandra/db/guardrails/GuardrailColumnBlobValueSizeTest.java,0,0,1,6,0,0,0,0,0,0,1,1,1,0,0,0,1,0,0,1,0,0,0,0,0,0,0,0,0,0,1,0,0,0,0
cassandra,cassandra/db/guardrails/GuardrailColumnTextAndVarcharValueSize,GuardrailColumnTextAndVarcharValueSize,,C:/Users/ismak/Documents/GitHub/relation_test_code_smell_ML/dataset/projects/cassandra/test/unit/org/apache/cassandra/db/guardrails/GuardrailColumnTextAndVarcharValueSizeTest.java,0,0,1,4,0,0,0,0,0,0,1,1,1,0,0,0,1,0,0,0,0,0,0,0,0,0,0,0,0,0,0,0,0,0,0
cassandra,cassandra/db/guardrails/GuardrailColumnValueSize,GuardrailColumnValueSize,,C:/Users/ismak/Documents/GitHub/relation_test_code_smell_ML/dataset/projects/cassandra/test/unit/org/apache/cassandra/db/guardrails/GuardrailColumnValueSizeTest.java,0,0,1,7,0,0,0,0,0,0,1,1,1,0,0,1,1,0,0,1,0,0,0,0,0,0,0,0,0,0,1,0,0,0,0
cassandra,cassandra/db/guardrails/GuardrailColumnsPerTable,GuardrailColumnsPerTable,,C:/Users/ismak/Documents/GitHub/relation_test_code_smell_ML/dataset/projects/cassandra/test/unit/org/apache/cassandra/db/guardrails/GuardrailColumnsPerTableTest.java,0,0,1,6,0,0,0,0,0,0,1,1,1,0,0,0,1,0,0,1,0,0,0,0,0,0,0,0,0,0,1,0,0,0,0
cassandra,cassandra/db/guardrails/GuardrailDiskUsage,GuardrailDiskUsage,,C:/Users/ismak/Documents/GitHub/relation_test_code_smell_ML/dataset/projects/cassandra/test/unit/org/apache/cassandra/db/guardrails/GuardrailDiskUsageTest.java,0,0,1,8,0,0,0,0,0,0,1,1,1,0,1,1,0,0,0,1,0,0,0,0,0,0,0,0,0,1,0,0,0,1,0
cassandra,cassandra/db/guardrails/GuardrailDropKeyspace,GuardrailDropKeyspace,,C:/Users/ismak/Documents/GitHub/relation_test_code_smell_ML/dataset/projects/cassandra/test/unit/org/apache/cassandra/db/guardrails/GuardrailDropKeyspaceTest.java,0,0,1,6,0,0,0,0,0,0,1,1,1,0,0,0,1,0,0,1,0,0,0,0,0,0,0,0,0,0,1,0,0,0,0
cassandra,cassandra/db/guardrails/GuardrailDropTruncateTable,GuardrailDropTruncateTable,,C:/Users/ismak/Documents/GitHub/relation_test_code_smell_ML/dataset/projects/cassandra/test/unit/org/apache/cassandra/db/guardrails/GuardrailDropTruncateTableTest.java,0,0,1,5,0,0,0,0,0,0,1,1,1,0,0,0,0,0,0,1,0,0,0,0,0,0,0,0,0,0,1,0,0,0,0
cassandra,cassandra/db/guardrails/GuardrailFieldsPerUDT,GuardrailFieldsPerUDT,,C:/Users/ismak/Documents/GitHub/relation_test_code_smell_ML/dataset/projects/cassandra/test/unit/org/apache/cassandra/db/guardrails/GuardrailFieldsPerUDTTest.java,0,0,1,6,0,0,0,0,0,0,1,1,1,0,0,0,1,0,0,1,0,0,0,0,0,0,0,0,0,0,1,0,0,0,0
cassandra,cassandra/db/guardrails/GuardrailGroupBy,GuardrailGroupBy,,C:/Users/ismak/Documents/GitHub/relation_test_code_smell_ML/dataset/projects/cassandra/test/unit/org/apache/cassandra/db/guardrails/GuardrailGroupByTest.java,0,0,1,5,0,0,0,0,0,0,1,1,1,0,0,0,0,0,0,1,0,0,0,0,0,0,0,0,0,0,1,0,0,0,0
cassandra,cassandra/db/guardrails/GuardrailInSelectCartesianProduct,GuardrailInSelectCartesianProduct,,C:/Users/ismak/Documents/GitHub/relation_test_code_smell_ML/dataset/projects/cassandra/test/unit/org/apache/cassandra/db/guardrails/GuardrailInSelectCartesianProductTest.java,0,0,1,7,0,0,0,0,0,0,1,1,1,0,0,0,1,0,0,1,0,0,0,0,0,0,0,0,0,0,1,1,0,0,0
cassandra,cassandra/db/guardrails/GuardrailItemsPerCollection,GuardrailItemsPerCollection,,C:/Users/ismak/Documents/GitHub/relation_test_code_smell_ML/dataset/projects/cassandra/test/unit/org/apache/cassandra/db/guardrails/GuardrailItemsPerCollectionTest.java,0,0,1,5,0,0,0,0,0,0,1,1,1,0,0,0,1,0,0,1,0,0,0,0,0,0,0,0,0,0,0,0,0,0,0
cassandra,cassandra/db/guardrails/GuardrailKeyspaceProperties,GuardrailKeyspaceProperties,,C:/Users/ismak/Documents/GitHub/relation_test_code_smell_ML/dataset/projects/cassandra/test/unit/org/apache/cassandra/db/guardrails/GuardrailKeyspacePropertiesTest.java,0,0,1,6,0,0,0,0,0,0,1,1,1,0,0,0,1,0,0,1,0,0,0,1,0,0,0,0,0,0,0,0,0,0,0
cassandra,cassandra/db/guardrails/GuardrailKeyspaces,GuardrailKeyspaces,,C:/Users/ismak/Documents/GitHub/relation_test_code_smell_ML/dataset/projects/cassandra/test/unit/org/apache/cassandra/db/guardrails/GuardrailKeyspacesTest.java,0,0,1,5,0,0,0,0,0,0,1,1,1,0,0,0,1,0,0,1,0,0,0,0,0,0,0,0,0,0,0,0,0,0,0
cassandra,cassandra/db/guardrails/GuardrailMaximumReplicationFactor,GuardrailMaximumReplicationFactor,,C:/Users/ismak/Documents/GitHub/relation_test_code_smell_ML/dataset/projects/cassandra/test/unit/org/apache/cassandra/db/guardrails/GuardrailMaximumReplicationFactorTest.java,0,0,1,6,0,0,0,0,0,0,1,1,1,0,1,0,1,0,0,1,0,0,0,0,0,0,0,0,0,0,0,0,0,0,0
cassandra,cassandra/db/guardrails/GuardrailMaximumTimestamp,GuardrailMaximumTimestamp,,C:/Users/ismak/Documents/GitHub/relation_test_code_smell_ML/dataset/projects/cassandra/test/unit/org/apache/cassandra/db/guardrails/GuardrailMaximumTimestampTest.java,0,0,1,5,0,0,0,0,0,0,1,1,1,0,0,0,1,0,0,1,0,0,0,0,0,0,0,0,0,0,0,0,0,0,0
cassandra,cassandra/db/guardrails/GuardrailMinimumReplicationFactor,GuardrailMinimumReplicationFactor,,C:/Users/ismak/Documents/GitHub/relation_test_code_smell_ML/dataset/projects/cassandra/test/unit/org/apache/cassandra/db/guardrails/GuardrailMinimumReplicationFactorTest.java,0,0,1,7,0,0,0,0,0,0,1,1,1,0,1,0,1,0,0,1,1,0,0,0,0,0,0,0,0,0,0,0,0,0,0
cassandra,cassandra/db/guardrails/GuardrailMinimumTimestamp,GuardrailMinimumTimestamp,,C:/Users/ismak/Documents/GitHub/relation_test_code_smell_ML/dataset/projects/cassandra/test/unit/org/apache/cassandra/db/guardrails/GuardrailMinimumTimestampTest.java,0,0,1,5,0,0,0,0,0,0,1,1,1,0,0,0,1,0,0,1,0,0,0,0,0,0,0,0,0,0,0,0,0,0,0
cassandra,cassandra/db/guardrails/GuardrailNewCompactStorage,GuardrailNewCompactStorage,,C:/Users/ismak/Documents/GitHub/relation_test_code_smell_ML/dataset/projects/cassandra/test/unit/org/apache/cassandra/db/guardrails/GuardrailNewCompactStorageTest.java,0,0,1,4,0,0,0,0,0,0,1,1,1,0,0,0,0,0,0,1,0,0,0,0,0,0,0,0,0,0,0,0,0,0,0
cassandra,cassandra/db/guardrails/GuardrailPageSize,GuardrailPageSize,,C:/Users/ismak/Documents/GitHub/relation_test_code_smell_ML/dataset/projects/cassandra/test/unit/org/apache/cassandra/db/guardrails/GuardrailPageSizeTest.java,0,0,1,5,0,0,0,0,0,0,1,1,1,0,0,0,1,0,0,1,0,0,0,0,0,0,0,0,0,0,0,0,0,0,0
cassandra,cassandra/db/guardrails/GuardrailPartitionKeysInSelect,GuardrailPartitionKeysInSelect,,C:/Users/ismak/Documents/GitHub/relation_test_code_smell_ML/dataset/projects/cassandra/test/unit/org/apache/cassandra/db/guardrails/GuardrailPartitionKeysInSelectTest.java,0,0,1,7,0,0,0,0,0,0,1,1,1,0,0,0,1,0,0,1,1,0,0,0,0,0,0,0,0,0,1,0,0,0,0
cassandra,cassandra/db/guardrails/GuardrailPartitionSize,GuardrailPartitionSize,,C:/Users/ismak/Documents/GitHub/relation_test_code_smell_ML/dataset/projects/cassandra/test/unit/org/apache/cassandra/db/guardrails/GuardrailPartitionSizeTest.java,0,0,1,5,0,0,0,0,0,0,1,1,1,0,0,0,1,0,0,1,0,0,0,0,0,0,0,0,0,0,0,0,0,0,0
cassandra,cassandra/db/guardrails/GuardrailPartitionTombstones,GuardrailPartitionTombstones,,C:/Users/ismak/Documents/GitHub/relation_test_code_smell_ML/dataset/projects/cassandra/test/unit/org/apache/cassandra/db/guardrails/GuardrailPartitionTombstonesTest.java,0,0,1,5,0,0,0,0,0,0,1,1,1,0,0,0,1,0,0,1,0,0,0,0,0,0,0,0,0,0,0,0,0,0,0
cassandra,cassandra/db/guardrails/GuardrailPasswordPolicy,GuardrailPasswordPolicy,,C:/Users/ismak/Documents/GitHub/relation_test_code_smell_ML/dataset/projects/cassandra/test/unit/org/apache/cassandra/db/guardrails/GuardrailPasswordPolicyTest.java,0,0,1,6,0,0,0,0,0,0,1,1,1,0,1,0,0,0,0,1,0,0,0,0,0,0,0,0,0,0,1,0,0,0,0
cassandra,cassandra/db/guardrails/GuardrailReadBeforeWriteListOperations,GuardrailReadBeforeWriteListOperations,,C:/Users/ismak/Documents/GitHub/relation_test_code_smell_ML/dataset/projects/cassandra/test/unit/org/apache/cassandra/db/guardrails/GuardrailReadBeforeWriteListOperationsTest.java,0,0,1,7,0,0,0,0,0,0,1,1,1,0,0,0,1,0,0,1,0,0,0,0,0,0,0,0,0,0,1,1,0,0,0
cassandra,cassandra/db/guardrails/GuardrailReadConsistencyLevels,GuardrailReadConsistencyLevels,,C:/Users/ismak/Documents/GitHub/relation_test_code_smell_ML/dataset/projects/cassandra/test/unit/org/apache/cassandra/db/guardrails/GuardrailReadConsistencyLevelsTest.java,0,0,1,7,0,0,0,0,0,0,1,1,1,0,0,0,1,0,0,1,0,0,0,0,0,0,0,0,0,0,1,1,0,0,0
cassandra,cassandra/db/guardrails/GuardrailRoleNamePolicy,GuardrailRoleNamePolicy,,C:/Users/ismak/Documents/GitHub/relation_test_code_smell_ML/dataset/projects/cassandra/test/unit/org/apache/cassandra/db/guardrails/GuardrailRoleNamePolicyTest.java,0,0,1,6,0,0,0,0,0,0,1,1,1,0,1,0,0,0,0,1,0,0,0,0,0,0,0,0,0,0,0,0,0,1,0
cassandra,cassandra/db/guardrails/GuardrailSaiFrozenTermSize,GuardrailSaiFrozenTermSize,,C:/Users/ismak/Documents/GitHub/relation_test_code_smell_ML/dataset/projects/cassandra/test/unit/org/apache/cassandra/db/guardrails/GuardrailSaiFrozenTermSizeTest.java,0,0,1,9,0,0,0,0,0,0,1,1,1,0,1,1,1,0,0,1,0,0,0,0,0,0,0,0,0,0,1,0,0,1,0
cassandra,cassandra/db/guardrails/GuardrailSaiStringTermSize,GuardrailSaiStringTermSize,,C:/Users/ismak/Documents/GitHub/relation_test_code_smell_ML/dataset/projects/cassandra/test/unit/org/apache/cassandra/db/guardrails/GuardrailSaiStringTermSizeTest.java,0,0,1,9,0,0,0,0,0,0,1,1,1,0,1,1,1,0,0,1,0,0,0,0,0,0,0,0,0,0,1,0,0,1,0
cassandra,cassandra/db/guardrails/GuardrailSaiVectorTermSize,GuardrailSaiVectorTermSize,,C:/Users/ismak/Documents/GitHub/relation_test_code_smell_ML/dataset/projects/cassandra/test/unit/org/apache/cassandra/db/guardrails/GuardrailSaiVectorTermSizeTest.java,0,0,1,7,0,0,0,0,0,0,1,1,1,0,1,0,1,0,0,1,0,0,0,0,0,0,0,0,0,0,0,0,0,1,0
cassandra,cassandra/db/guardrails/GuardrailSecondaryIndex,GuardrailSecondaryIndex,,C:/Users/ismak/Documents/GitHub/relation_test_code_smell_ML/dataset/projects/cassandra/test/unit/org/apache/cassandra/db/guardrails/GuardrailSecondaryIndexTest.java,0,0,1,5,0,0,0,0,0,0,1,1,1,0,0,0,1,0,0,1,0,0,0,0,0,0,0,0,0,0,0,0,0,0,0
cassandra,cassandra/db/guardrails/GuardrailSecondaryIndexesPerTable,GuardrailSecondaryIndexesPerTable,,C:/Users/ismak/Documents/GitHub/relation_test_code_smell_ML/dataset/projects/cassandra/test/unit/org/apache/cassandra/db/guardrails/GuardrailSecondaryIndexesPerTableTest.java,0,0,1,6,0,0,0,0,0,0,1,1,1,0,0,0,1,0,0,1,0,0,0,0,0,0,0,0,0,0,1,0,0,0,0
cassandra,cassandra/db/guardrails/GuardrailSimpleStrategy,GuardrailSimpleStrategy,,C:/Users/ismak/Documents/GitHub/relation_test_code_smell_ML/dataset/projects/cassandra/test/unit/org/apache/cassandra/db/guardrails/GuardrailSimpleStrategyTest.java,0,0,1,5,0,0,0,0,0,0,1,1,1,0,0,0,1,0,0,1,0,0,0,0,0,0,0,0,0,0,0,0,0,0,0
cassandra,cassandra/db/guardrails/GuardrailTableProperties,GuardrailTableProperties,,C:/Users/ismak/Documents/GitHub/relation_test_code_smell_ML/dataset/projects/cassandra/test/unit/org/apache/cassandra/db/guardrails/GuardrailTablePropertiesTest.java,0,0,1,9,0,0,0,0,0,0,1,1,1,0,1,0,1,0,0,1,0,0,0,1,0,0,0,0,0,0,1,0,0,1,0
cassandra,cassandra/db/guardrails/GuardrailTables,GuardrailTables,,C:/Users/ismak/Documents/GitHub/relation_test_code_smell_ML/dataset/projects/cassandra/test/unit/org/apache/cassandra/db/guardrails/GuardrailTablesTest.java,0,0,1,5,0,0,0,0,0,0,1,1,1,0,0,0,1,0,0,1,0,0,0,0,0,0,0,0,0,0,0,0,0,0,0
cassandra,cassandra/db/guardrails/GuardrailUnsetTrainingMinFrequency,GuardrailUnsetTrainingMinFrequency,,C:/Users/ismak/Documents/GitHub/relation_test_code_smell_ML/dataset/projects/cassandra/test/unit/org/apache/cassandra/db/guardrails/GuardrailUnsetTrainingMinFrequencyTest.java,0,0,1,7,0,0,0,0,0,0,1,1,1,0,0,1,1,0,0,1,0,0,0,0,0,0,0,0,0,0,1,0,0,0,0
cassandra,cassandra/db/guardrails/GuardrailUserTimestamps,GuardrailUserTimestamps,,C:/Users/ismak/Documents/GitHub/relation_test_code_smell_ML/dataset/projects/cassandra/test/unit/org/apache/cassandra/db/guardrails/GuardrailUserTimestampsTest.java,0,0,1,7,0,0,0,0,0,0,1,1,1,0,0,1,1,0,0,1,0,0,0,0,0,0,0,0,0,0,1,0,0,0,0
cassandra,cassandra/db/guardrails/GuardrailVectorDimensions,GuardrailVectorDimensions,,C:/Users/ismak/Documents/GitHub/relation_test_code_smell_ML/dataset/projects/cassandra/test/unit/org/apache/cassandra/db/guardrails/GuardrailVectorDimensionsTest.java,0,0,1,8,0,0,0,0,0,0,1,1,1,0,0,1,1,0,0,1,0,0,0,0,0,0,0,0,0,0,1,1,0,0,0
cassandra,cassandra/db/guardrails/GuardrailVectorTypeEnabled,GuardrailVectorTypeEnabled,,C:/Users/ismak/Documents/GitHub/relation_test_code_smell_ML/dataset/projects/cassandra/test/unit/org/apache/cassandra/db/guardrails/GuardrailVectorTypeEnabledTest.java,0,0,1,8,0,0,0,0,0,0,1,1,1,0,0,1,1,0,0,1,0,0,0,0,0,0,0,0,0,0,1,1,0,0,0
cassandra,cassandra/db/guardrails/GuardrailViewsPerTable,GuardrailViewsPerTable,,C:/Users/ismak/Documents/GitHub/relation_test_code_smell_ML/dataset/projects/cassandra/test/unit/org/apache/cassandra/db/guardrails/GuardrailViewsPerTableTest.java,0,0,1,6,0,0,0,0,0,0,1,1,1,0,0,0,1,0,0,1,0,0,0,0,0,0,0,0,0,0,1,0,0,0,0
cassandra,cassandra/db/guardrails/GuardrailWriteConsistencyLevels,GuardrailWriteConsistencyLevels,,C:/Users/ismak/Documents/GitHub/relation_test_code_smell_ML/dataset/projects/cassandra/test/unit/org/apache/cassandra/db/guardrails/GuardrailWriteConsistencyLevelsTest.java,0,0,1,7,0,0,0,0,0,0,1,1,1,0,0,0,1,0,0,1,0,0,0,0,0,0,0,0,0,0,1,1,0,0,0
cassandra,cassandra/db/guardrails/GuardrailZeroDefaultTTLOnTWCS,GuardrailZeroDefaultTTLOnTWCS,,C:/Users/ismak/Documents/GitHub/relation_test_code_smell_ML/dataset/projects/cassandra/test/unit/org/apache/cassandra/db/guardrails/GuardrailZeroDefaultTTLOnTWCSTest.java,0,0,1,7,0,0,0,0,0,0,1,1,1,0,0,1,1,0,0,1,0,0,0,0,0,0,0,0,0,0,1,0,0,0,0
cassandra,cassandra/db/guardrails/Guardrails,Guardrails,dataset/projects/cassandra/src/java/org/apache/cassandra/db/guardrails/Guardrails.java,C:/Users/ismak/Documents/GitHub/relation_test_code_smell_ML/dataset/projects/cassandra/test/unit/org/apache/cassandra/db/guardrails/GuardrailsTest.java,1,3,1,10,1,1,0,0,0,1,1,1,1,0,1,1,0,0,0,1,0,0,0,0,0,0,0,0,0,1,1,1,0,1,0
cassandra,cassandra/db/guardrails/GuardrailsConfigProvider,GuardrailsConfigProvider,,C:/Users/ismak/Documents/GitHub/relation_test_code_smell_ML/dataset/projects/cassandra/test/unit/org/apache/cassandra/db/guardrails/GuardrailsConfigProviderTest.java,0,0,1,5,0,0,0,0,0,0,1,1,1,0,0,1,0,0,0,1,0,0,0,0,0,0,0,0,0,0,0,0,0,0,0
cassandra,cassandra/db/guardrails/MispreparedStatements,MispreparedStatements,,C:/Users/ismak/Documents/GitHub/relation_test_code_smell_ML/dataset/projects/cassandra/test/unit/org/apache/cassandra/db/guardrails/MispreparedStatementsTest.java,0,0,1,6,0,0,0,0,0,0,1,1,1,0,0,1,0,0,0,1,1,0,0,0,0,0,0,0,0,0,0,0,0,0,0
cassandra,cassandra/db/guardrails/PreparedStatementParameterRequirementGuardrail,PreparedStatementParameterRequirementGuardrail,dataset/projects/cassandra/src/java/org/apache/cassandra/db/guardrails/PreparedStatementParameterRequirementGuardrail.java,,1,1,0,0,0,1,0,0,0,0,0,0,0,0,0,0,0,0,0,0,0,0,0,0,0,0,0,0,0,0,0,0,0,0,0
cassandra,cassandra/db/guardrails/RoleNameValidator,RoleNameValidator,,C:/Users/ismak/Documents/GitHub/relation_test_code_smell_ML/dataset/projects/cassandra/test/unit/org/apache/cassandra/db/guardrails/RoleNameValidatorTest.java,0,0,1,4,0,0,0,0,0,0,1,1,1,0,1,0,0,0,0,0,0,0,0,0,0,0,0,0,0,0,0,0,0,0,0
cassandra,cassandra/db/guardrails/RoleNameValidator,RoleNameValidator,,C:/Users/ismak/Documents/GitHub/relation_test_code_smell_ML/dataset/projects/cassandra/test/unit/org/apache/cassandra/db/guardrails/TestRoleNameValidator.java,0,0,1,4,0,0,0,0,0,0,1,1,1,0,0,0,1,0,0,0,0,0,0,0,0,0,0,0,0,0,0,0,0,0,0
cassandra,cassandra/db/guardrails/Threshold,Threshold,dataset/projects/cassandra/src/java/org/apache/cassandra/db/guardrails/Threshold.java,,1,1,0,0,0,0,0,0,0,1,0,0,0,0,0,0,0,0,0,0,0,0,0,0,0,0,0,0,0,0,0,0,0,0,0
cassandra,cassandra/db/guardrails/UUIDRoleNameGenerator,UUIDRoleNameGenerator,dataset/projects/cassandra/src/java/org/apache/cassandra/db/guardrails/UUIDRoleNameGenerator.java,C:/Users/ismak/Documents/GitHub/relation_test_code_smell_ML/dataset/projects/cassandra/test/unit/org/apache/cassandra/db/guardrails/UUIDRoleNameGeneratorTest.java,1,2,1,5,0,2,0,0,0,0,1,1,1,0,1,1,0,0,0,0,0,0,0,0,0,0,0,0,0,0,0,0,0,0,0
cassandra,cassandra/db/guardrails/ValueGenerator,ValueGenerator,,C:/Users/ismak/Documents/GitHub/relation_test_code_smell_ML/dataset/projects/cassandra/test/unit/org/apache/cassandra/db/guardrails/ValueGeneratorTest.java,0,0,1,6,0,0,0,0,0,0,1,1,1,0,1,1,0,0,0,0,0,0,0,0,0,0,0,0,0,0,0,0,0,1,0
cassandra,cassandra/db/guardrails/ValueValidator,ValueValidator,,C:/Users/ismak/Documents/GitHub/relation_test_code_smell_ML/dataset/projects/cassandra/test/unit/org/apache/cassandra/db/guardrails/ValueValidatorTest.java,0,0,1,5,0,0,0,0,0,0,1,1,1,0,1,0,0,0,0,0,0,0,0,0,0,0,0,0,0,1,0,0,0,0,0
cassandra,cassandra/db/lifecycle/Helpers,Helpers,dataset/projects/cassandra/src/java/org/apache/cassandra/db/lifecycle/Helpers.java,C:/Users/ismak/Documents/GitHub/relation_test_code_smell_ML/dataset/projects/cassandra/test/unit/org/apache/cassandra/db/lifecycle/HelpersTest.java,1,2,1,9,1,0,0,0,0,1,1,1,1,0,1,1,0,0,0,1,0,0,0,0,0,0,0,0,0,1,1,0,0,1,0
cassandra,cassandra/db/lifecycle/ILifecycleTransaction,ILifecycleTransaction,dataset/projects/cassandra/src/java/org/apache/cassandra/db/lifecycle/ILifecycleTransaction.java,,1,1,0,0,0,0,0,0,0,1,0,0,0,0,0,0,0,0,0,0,0,0,0,0,0,0,0,0,0,0,0,0,0,0,0
cassandra,cassandra/db/lifecycle/LifecycleTransaction,LifecycleTransaction,dataset/projects/cassandra/src/java/org/apache/cassandra/db/lifecycle/LifecycleTransaction.java,C:/Users/ismak/Documents/GitHub/relation_test_code_smell_ML/dataset/projects/cassandra/test/unit/org/apache/cassandra/db/lifecycle/LifecycleTransactionTest.java,1,4,1,9,1,1,0,1,0,1,1,1,1,0,1,0,0,0,0,1,1,0,0,0,0,0,0,0,0,1,0,1,0,1,0
cassandra,cassandra/db/lifecycle/LogFile,LogFile,dataset/projects/cassandra/src/java/org/apache/cassandra/db/lifecycle/LogFile.java,,1,5,0,0,1,2,0,1,0,1,0,0,0,0,0,0,0,0,0,0,0,0,0,0,0,0,0,0,0,0,0,0,0,0,0
cassandra,cassandra/db/lifecycle/LogRecord,LogRecord,dataset/projects/cassandra/src/java/org/apache/cassandra/db/lifecycle/LogRecord.java,,1,3,0,0,1,0,0,1,0,1,0,0,0,0,0,0,0,0,0,0,0,0,0,0,0,0,0,0,0,0,0,0,0,0,0
cassandra,cassandra/db/lifecycle/LogReplica,LogReplica,dataset/projects/cassandra/src/java/org/apache/cassandra/db/lifecycle/LogReplica.java,,1,1,0,0,0,0,0,0,0,1,0,0,0,0,0,0,0,0,0,0,0,0,0,0,0,0,0,0,0,0,0,0,0,0,0
cassandra,cassandra/db/lifecycle/LogReplicaSet,LogReplicaSet,dataset/projects/cassandra/src/java/org/apache/cassandra/db/lifecycle/LogReplicaSet.java,,1,2,0,0,0,1,0,0,0,1,0,0,0,0,0,0,0,0,0,0,0,0,0,0,0,0,0,0,0,0,0,0,0,0,0
cassandra,cassandra/db/lifecycle/LogTransaction,LogTransaction,dataset/projects/cassandra/src/java/org/apache/cassandra/db/lifecycle/LogTransaction.java,C:/Users/ismak/Documents/GitHub/relation_test_code_smell_ML/dataset/projects/cassandra/test/unit/org/apache/cassandra/db/lifecycle/LogTransactionTest.java,1,2,1,13,1,0,0,0,0,1,1,1,1,0,1,1,0,0,0,1,0,1,0,0,0,0,1,0,0,1,1,1,1,1,0
cassandra,cassandra/db/lifecycle/PartialLifecycleTransaction,PartialLifecycleTransaction,dataset/projects/cassandra/src/java/org/apache/cassandra/db/lifecycle/PartialLifecycleTransaction.java,,1,1,0,0,0,0,0,0,0,1,0,0,0,0,0,0,0,0,0,0,0,0,0,0,0,0,0,0,0,0,0,0,0,0,0
cassandra,cassandra/db/lifecycle/RealTransactions,RealTransactions,,C:/Users/ismak/Documents/GitHub/relation_test_code_smell_ML/dataset/projects/cassandra/test/unit/org/apache/cassandra/db/lifecycle/RealTransactionsTest.java,0,0,1,4,0,0,0,0,0,0,1,1,1,0,0,0,0,0,0,1,0,0,0,0,0,0,0,0,0,0,0,0,0,0,0
cassandra,cassandra/db/lifecycle/SSTableIntervalTree,SSTableIntervalTree,dataset/projects/cassandra/src/java/org/apache/cassandra/db/lifecycle/SSTableIntervalTree.java,,1,1,0,0,0,0,0,0,0,1,0,0,0,0,0,0,0,0,0,0,0,0,0,0,0,0,0,0,0,0,0,0,0,0,0
cassandra,cassandra/db/lifecycle/Tracker,Tracker,dataset/projects/cassandra/src/java/org/apache/cassandra/db/lifecycle/Tracker.java,C:/Users/ismak/Documents/GitHub/relation_test_code_smell_ML/dataset/projects/cassandra/test/unit/org/apache/cassandra/db/lifecycle/TrackerTest.java,1,4,1,9,1,1,0,1,0,1,1,1,1,0,1,1,0,0,0,0,0,0,0,0,0,0,0,0,0,1,1,1,0,1,0
cassandra,cassandra/db/lifecycle/View,View,dataset/projects/cassandra/src/java/org/apache/cassandra/db/lifecycle/View.java,C:/Users/ismak/Documents/GitHub/relation_test_code_smell_ML/dataset/projects/cassandra/test/unit/org/apache/cassandra/db/lifecycle/ViewTest.java,1,3,1,8,1,1,0,0,0,1,1,1,1,0,1,1,0,0,0,0,0,0,0,0,0,0,0,0,0,1,0,1,0,1,0
cassandra,cassandra/db/lifecycle/WrappedLifecycleTransaction,WrappedLifecycleTransaction,dataset/projects/cassandra/src/java/org/apache/cassandra/db/lifecycle/WrappedLifecycleTransaction.java,,1,1,0,0,0,0,0,0,0,1,0,0,0,0,0,0,0,0,0,0,0,0,0,0,0,0,0,0,0,0,0,0,0,0,0
cassandra,cassandra/db/lifecycle/ableLifecycleTransaction,ableLifecycleTransaction,,C:/Users/ismak/Documents/GitHub/relation_test_code_smell_ML/dataset/projects/cassandra/test/unit/org/apache/cassandra/db/lifecycle/TestableLifecycleTransaction.java,0,0,1,4,0,0,0,0,0,0,1,1,1,0,0,0,1,0,0,0,0,0,0,0,0,0,0,0,0,0,0,0,0,0,0
cassandra,cassandra/db/marshal/AbstractCompositeType,AbstractCompositeType,dataset/projects/cassandra/src/java/org/apache/cassandra/db/marshal/AbstractCompositeType.java,C:/Users/ismak/Documents/GitHub/relation_test_code_smell_ML/dataset/projects/cassandra/test/unit/org/apache/cassandra/db/marshal/AbstractCompositeTypeTest.java,1,4,1,4,1,1,0,1,0,1,1,1,1,0,1,0,0,0,0,0,0,0,0,0,0,0,0,0,0,0,0,0,0,0,0
cassandra,cassandra/db/marshal/AbstractTimeUUIDType,AbstractTimeUUIDType,dataset/projects/cassandra/src/java/org/apache/cassandra/db/marshal/AbstractTimeUUIDType.java,,1,1,0,0,0,0,0,0,0,1,0,0,0,0,0,0,0,0,0,0,0,0,0,0,0,0,0,0,0,0,0,0,0,0,0
cassandra,cassandra/db/marshal/AbstractType,AbstractType,dataset/projects/cassandra/src/java/org/apache/cassandra/db/marshal/AbstractType.java,C:/Users/ismak/Documents/GitHub/relation_test_code_smell_ML/dataset/projects/cassandra/test/unit/org/apache/cassandra/db/marshal/AbstractTypeTest.java,1,4,1,9,1,1,0,1,0,1,1,1,1,0,1,1,0,0,0,1,0,0,0,0,0,0,0,0,0,1,1,1,0,0,0
cassandra,cassandra/db/marshal/ByteArrayAccessor,ByteArrayAccessor,dataset/projects/cassandra/src/java/org/apache/cassandra/db/marshal/ByteArrayAccessor.java,,1,1,0,0,0,0,0,0,0,1,0,0,0,0,0,0,0,0,0,0,0,0,0,0,0,0,0,0,0,0,0,0,0,0,0
cassandra,cassandra/db/marshal/ByteBufferAccessor,ByteBufferAccessor,dataset/projects/cassandra/src/java/org/apache/cassandra/db/marshal/ByteBufferAccessor.java,C:/Users/ismak/Documents/GitHub/relation_test_code_smell_ML/dataset/projects/cassandra/test/unit/org/apache/cassandra/db/marshal/ByteBufferAccessorTest.java,1,1,1,5,0,0,0,0,0,1,1,1,1,0,0,0,0,0,0,0,0,0,0,0,0,0,0,0,0,0,1,1,0,0,0
cassandra,cassandra/db/marshal/ByteType,ByteType,dataset/projects/cassandra/src/java/org/apache/cassandra/db/marshal/ByteType.java,,1,1,0,0,0,0,0,0,0,1,0,0,0,0,0,0,0,0,0,0,0,0,0,0,0,0,0,0,0,0,0,0,0,0,0
cassandra,cassandra/db/marshal/BytesType,BytesType,,C:/Users/ismak/Documents/GitHub/relation_test_code_smell_ML/dataset/projects/cassandra/test/unit/org/apache/cassandra/db/marshal/BytesTypeTest.java,0,0,1,3,0,0,0,0,0,0,1,1,1,0,0,0,0,0,0,0,0,0,0,0,0,0,0,0,0,0,0,0,0,0,0
cassandra,cassandra/db/marshal/CollectionType,CollectionType,dataset/projects/cassandra/src/java/org/apache/cassandra/db/marshal/CollectionType.java,C:/Users/ismak/Documents/GitHub/relation_test_code_smell_ML/dataset/projects/cassandra/test/unit/org/apache/cassandra/db/marshal/CollectionTypeTest.java,1,2,1,6,1,0,0,0,0,1,1,1,1,0,1,1,0,0,0,0,0,0,0,0,0,0,0,0,0,0,0,0,0,1,0
cassandra,cassandra/db/marshal/CollectionTypes,CollectionTypes,,C:/Users/ismak/Documents/GitHub/relation_test_code_smell_ML/dataset/projects/cassandra/test/unit/org/apache/cassandra/db/marshal/CollectionTypesTest.java,0,0,1,5,0,0,0,0,0,0,1,1,1,0,0,0,0,0,0,0,0,0,0,0,0,0,0,0,0,0,1,1,0,0,0
cassandra,cassandra/db/marshal/CompositeAndTupleTypes,CompositeAndTupleTypes,,C:/Users/ismak/Documents/GitHub/relation_test_code_smell_ML/dataset/projects/cassandra/test/unit/org/apache/cassandra/db/marshal/CompositeAndTupleTypesTest.java,0,0,1,6,0,0,0,0,0,0,1,1,1,0,1,1,0,0,0,0,0,0,0,0,0,0,0,0,0,0,1,0,0,0,0
cassandra,cassandra/db/marshal/CompositeType,CompositeType,dataset/projects/cassandra/src/java/org/apache/cassandra/db/marshal/CompositeType.java,C:/Users/ismak/Documents/GitHub/relation_test_code_smell_ML/dataset/projects/cassandra/test/unit/org/apache/cassandra/db/marshal/CompositeTypeTest.java,1,4,1,9,1,1,0,1,0,1,1,1,1,0,0,1,0,0,0,1,0,0,0,0,0,0,0,0,0,1,1,1,0,1,0
cassandra,cassandra/db/marshal/CounterColumnType,CounterColumnType,dataset/projects/cassandra/src/java/org/apache/cassandra/db/marshal/CounterColumnType.java,,1,1,0,0,0,0,0,0,0,1,0,0,0,0,0,0,0,0,0,0,0,0,0,0,0,0,0,0,0,0,0,0,0,0,0
cassandra,cassandra/db/marshal/DecimalType,DecimalType,dataset/projects/cassandra/src/java/org/apache/cassandra/db/marshal/DecimalType.java,C:/Users/ismak/Documents/GitHub/relation_test_code_smell_ML/dataset/projects/cassandra/test/unit/org/apache/cassandra/db/marshal/DecimalTypeTest.java,1,3,1,6,0,1,0,1,0,1,1,1,1,0,1,1,0,0,0,0,0,0,0,0,0,0,0,0,0,0,0,0,0,1,0
cassandra,cassandra/db/marshal/DoubleType,DoubleType,dataset/projects/cassandra/src/java/org/apache/cassandra/db/marshal/DoubleType.java,,1,1,0,0,0,0,0,0,0,1,0,0,0,0,0,0,0,0,0,0,0,0,0,0,0,0,0,0,0,0,0,0,0,0,0
cassandra,cassandra/db/marshal/DynamicCompositeType,DynamicCompositeType,dataset/projects/cassandra/src/java/org/apache/cassandra/db/marshal/DynamicCompositeType.java,C:/Users/ismak/Documents/GitHub/relation_test_code_smell_ML/dataset/projects/cassandra/test/unit/org/apache/cassandra/db/marshal/DynamicCompositeTypeTest.java,1,5,1,7,1,2,0,1,0,1,1,1,1,0,0,1,0,0,0,1,0,0,0,0,0,0,0,0,0,1,1,0,0,0,0
cassandra,cassandra/db/marshal/EmptyType,EmptyType,dataset/projects/cassandra/src/java/org/apache/cassandra/db/marshal/EmptyType.java,C:/Users/ismak/Documents/GitHub/relation_test_code_smell_ML/dataset/projects/cassandra/test/unit/org/apache/cassandra/db/marshal/EmptyTypeTest.java,1,2,1,6,1,0,0,0,0,1,1,1,1,0,1,0,0,0,0,0,0,0,0,0,0,0,0,0,0,1,1,0,0,0,0
cassandra,cassandra/db/marshal/FloatType,FloatType,dataset/projects/cassandra/src/java/org/apache/cassandra/db/marshal/FloatType.java,,1,1,0,0,0,0,0,0,0,1,0,0,0,0,0,0,0,0,0,0,0,0,0,0,0,0,0,0,0,0,0,0,0,0,0
cassandra,cassandra/db/marshal/Int32Type,Int32Type,dataset/projects/cassandra/src/java/org/apache/cassandra/db/marshal/Int32Type.java,,1,1,0,0,0,0,0,0,0,1,0,0,0,0,0,0,0,0,0,0,0,0,0,0,0,0,0,0,0,0,0,0,0,0,0
cassandra,cassandra/db/marshal/IntegerType,IntegerType,dataset/projects/cassandra/src/java/org/apache/cassandra/db/marshal/IntegerType.java,C:/Users/ismak/Documents/GitHub/relation_test_code_smell_ML/dataset/projects/cassandra/test/unit/org/apache/cassandra/db/marshal/IntegerTypeTest.java,1,7,1,7,1,5,0,0,0,1,1,1,1,0,1,1,0,0,0,0,0,0,0,0,0,0,0,0,0,1,0,0,0,1,0
cassandra,cassandra/db/marshal/JsonConversion,JsonConversion,,C:/Users/ismak/Documents/GitHub/relation_test_code_smell_ML/dataset/projects/cassandra/test/unit/org/apache/cassandra/db/marshal/JsonConversionTest.java,0,0,1,4,0,0,0,0,0,0,1,1,1,0,0,0,0,0,0,1,0,0,0,0,0,0,0,0,0,0,0,0,0,0,0
cassandra,cassandra/db/marshal/ListType,ListType,dataset/projects/cassandra/src/java/org/apache/cassandra/db/marshal/ListType.java,,1,3,0,0,1,0,0,1,0,1,0,0,0,0,0,0,0,0,0,0,0,0,0,0,0,0,0,0,0,0,0,0,0,0,0
cassandra,cassandra/db/marshal/LongType,LongType,dataset/projects/cassandra/src/java/org/apache/cassandra/db/marshal/LongType.java,,1,2,0,0,1,0,0,0,0,1,0,0,0,0,0,0,0,0,0,0,0,0,0,0,0,0,0,0,0,0,0,0,0,0,0
cassandra,cassandra/db/marshal/MapType,MapType,dataset/projects/cassandra/src/java/org/apache/cassandra/db/marshal/MapType.java,,1,4,0,0,1,1,0,1,0,1,0,0,0,0,0,0,0,0,0,0,0,0,0,0,0,0,0,0,0,0,0,0,0,0,0
cassandra,cassandra/db/marshal/NativeAccessor,NativeAccessor,dataset/projects/cassandra/src/java/org/apache/cassandra/db/marshal/NativeAccessor.java,C:/Users/ismak/Documents/GitHub/relation_test_code_smell_ML/dataset/projects/cassandra/test/unit/org/apache/cassandra/db/marshal/NativeAccessorTest.java,1,2,1,9,0,0,0,1,0,1,1,1,1,0,1,1,0,0,0,1,0,0,1,0,0,0,0,0,0,0,1,1,0,0,0
cassandra,cassandra/db/marshal/NativeDataAllocator,NativeDataAllocator,,C:/Users/ismak/Documents/GitHub/relation_test_code_smell_ML/dataset/projects/cassandra/test/unit/org/apache/cassandra/db/marshal/TestNativeDataAllocator.java,0,0,1,3,0,0,0,0,0,0,1,1,1,0,0,0,0,0,0,0,0,0,0,0,0,0,0,0,0,0,0,0,0,0,0
cassandra,cassandra/db/marshal/NumberType,NumberType,dataset/projects/cassandra/src/java/org/apache/cassandra/db/marshal/NumberType.java,,1,1,0,0,0,0,0,0,0,1,0,0,0,0,0,0,0,0,0,0,0,0,0,0,0,0,0,0,0,0,0,0,0,0,0
cassandra,cassandra/db/marshal/PartitionerDefinedOrder,PartitionerDefinedOrder,dataset/projects/cassandra/src/java/org/apache/cassandra/db/marshal/PartitionerDefinedOrder.java,C:/Users/ismak/Documents/GitHub/relation_test_code_smell_ML/dataset/projects/cassandra/test/unit/org/apache/cassandra/db/marshal/PartitionerDefinedOrderTest.java,1,2,1,5,1,0,0,0,0,1,1,1,1,0,1,1,0,0,0,0,0,0,0,0,0,0,0,0,0,0,0,0,0,0,0
cassandra,cassandra/db/marshal/ReversedType,ReversedType,dataset/projects/cassandra/src/java/org/apache/cassandra/db/marshal/ReversedType.java,C:/Users/ismak/Documents/GitHub/relation_test_code_smell_ML/dataset/projects/cassandra/test/unit/org/apache/cassandra/db/marshal/ReversedTypeTest.java,1,2,1,4,1,0,0,0,0,1,1,1,1,0,0,0,0,0,0,0,0,0,0,0,0,0,0,0,0,0,1,0,0,0,0
cassandra,cassandra/db/marshal/RoundTrip,RoundTrip,,C:/Users/ismak/Documents/GitHub/relation_test_code_smell_ML/dataset/projects/cassandra/test/unit/org/apache/cassandra/db/marshal/RoundTripTest.java,0,0,1,5,0,0,0,0,0,0,1,1,1,0,0,0,0,0,0,1,0,0,0,0,0,0,0,0,0,0,1,0,0,0,0
cassandra,cassandra/db/marshal/SetType,SetType,dataset/projects/cassandra/src/java/org/apache/cassandra/db/marshal/SetType.java,,1,3,0,0,1,0,0,1,0,1,0,0,0,0,0,0,0,0,0,0,0,0,0,0,0,0,0,0,0,0,0,0,0,0,0
cassandra,cassandra/db/marshal/ShortType,ShortType,dataset/projects/cassandra/src/java/org/apache/cassandra/db/marshal/ShortType.java,,1,1,0,0,0,0,0,0,0,1,0,0,0,0,0,0,0,0,0,0,0,0,0,0,0,0,0,0,0,0,0,0,0,0,0
cassandra,cassandra/db/marshal/SimpleDateType,SimpleDateType,,C:/Users/ismak/Documents/GitHub/relation_test_code_smell_ML/dataset/projects/cassandra/test/unit/org/apache/cassandra/db/marshal/SimpleDateTypeTest.java,0,0,1,5,0,0,0,0,0,0,1,1,1,0,0,1,0,0,0,0,0,0,0,0,0,0,0,0,0,0,1,0,0,0,0
cassandra,cassandra/db/marshal/TimeType,TimeType,,C:/Users/ismak/Documents/GitHub/relation_test_code_smell_ML/dataset/projects/cassandra/test/unit/org/apache/cassandra/db/marshal/TimeTypeTest.java,0,0,1,5,0,0,0,0,0,0,1,1,1,0,0,0,0,0,0,1,0,0,0,0,0,0,0,0,0,0,1,0,0,0,0
cassandra,cassandra/db/marshal/TimeUUIDType,TimeUUIDType,,C:/Users/ismak/Documents/GitHub/relation_test_code_smell_ML/dataset/projects/cassandra/test/unit/org/apache/cassandra/db/marshal/TimeUUIDTypeTest.java,0,0,1,6,0,0,0,0,0,0,1,1,1,0,0,1,0,0,0,0,0,0,0,0,0,0,0,0,0,0,1,0,0,1,0
cassandra,cassandra/db/marshal/TimestampType,TimestampType,dataset/projects/cassandra/src/java/org/apache/cassandra/db/marshal/TimestampType.java,C:/Users/ismak/Documents/GitHub/relation_test_code_smell_ML/dataset/projects/cassandra/test/unit/org/apache/cassandra/db/marshal/TimestampTypeTest.java,1,1,1,4,0,0,0,0,0,1,1,1,1,0,0,0,0,0,0,0,0,0,0,0,1,0,0,0,0,0,0,0,0,0,0
cassandra,cassandra/db/marshal/TupleType,TupleType,dataset/projects/cassandra/src/java/org/apache/cassandra/db/marshal/TupleType.java,,1,7,0,0,1,4,0,1,0,1,0,0,0,0,0,0,0,0,0,0,0,0,0,0,0,0,0,0,0,0,0,0,0,0,0
cassandra,cassandra/db/marshal/TypeCompare,TypeCompare,,C:/Users/ismak/Documents/GitHub/relation_test_code_smell_ML/dataset/projects/cassandra/test/unit/org/apache/cassandra/db/marshal/TypeCompareTest.java,0,0,1,5,0,0,0,0,0,0,1,1,1,0,0,1,0,0,0,0,0,0,0,0,0,0,0,0,0,0,1,0,0,0,0
cassandra,cassandra/db/marshal/TypeParser,TypeParser,dataset/projects/cassandra/src/java/org/apache/cassandra/db/marshal/TypeParser.java,C:/Users/ismak/Documents/GitHub/relation_test_code_smell_ML/dataset/projects/cassandra/test/unit/org/apache/cassandra/db/marshal/TypeParserTest.java,1,9,1,9,1,6,0,1,0,1,1,1,1,0,1,1,0,0,0,1,0,0,0,0,1,0,0,0,0,1,1,0,0,0,0
cassandra,cassandra/db/marshal/TypeValidation,TypeValidation,,C:/Users/ismak/Documents/GitHub/relation_test_code_smell_ML/dataset/projects/cassandra/test/unit/org/apache/cassandra/db/marshal/TypeValidationTest.java,0,0,1,6,0,0,0,0,0,0,1,1,1,0,1,1,0,0,0,1,0,0,0,0,0,0,0,0,0,0,0,0,0,0,0
cassandra,cassandra/db/marshal/UUIDType,UUIDType,dataset/projects/cassandra/src/java/org/apache/cassandra/db/marshal/UUIDType.java,C:/Users/ismak/Documents/GitHub/relation_test_code_smell_ML/dataset/projects/cassandra/test/unit/org/apache/cassandra/db/marshal/UUIDTypeTest.java,1,1,1,7,0,0,0,0,0,1,1,1,1,0,1,1,0,0,0,0,0,0,0,0,0,0,0,0,0,0,1,0,0,1,0
cassandra,cassandra/db/marshal/UserType,UserType,dataset/projects/cassandra/src/java/org/apache/cassandra/db/marshal/UserType.java,,1,6,0,0,1,3,0,1,0,1,0,0,0,0,0,0,0,0,0,0,0,0,0,0,0,0,0,0,0,0,0,0,0,0,0
cassandra,cassandra/db/marshal/ValueAccessor,ValueAccessor,dataset/projects/cassandra/src/java/org/apache/cassandra/db/marshal/ValueAccessor.java,C:/Users/ismak/Documents/GitHub/relation_test_code_smell_ML/dataset/projects/cassandra/test/unit/org/apache/cassandra/db/marshal/ValueAccessorTest.java,1,4,1,5,0,2,0,0,0,2,1,1,1,0,0,0,0,0,0,0,0,0,0,0,0,0,0,0,0,0,1,1,0,0,0
cassandra,cassandra/db/marshal/VectorType,VectorType,dataset/projects/cassandra/src/java/org/apache/cassandra/db/marshal/VectorType.java,C:/Users/ismak/Documents/GitHub/relation_test_code_smell_ML/dataset/projects/cassandra/test/unit/org/apache/cassandra/db/marshal/VectorTypeTest.java,1,4,1,5,1,1,0,1,0,1,1,1,1,0,1,1,0,0,0,0,0,0,0,0,0,0,0,0,0,0,0,0,0,0,0
cassandra,cassandra/db/memtable/AbstractAllocatorMemtable,AbstractAllocatorMemtable,dataset/projects/cassandra/src/java/org/apache/cassandra/db/memtable/AbstractAllocatorMemtable.java,,1,2,0,0,1,0,0,0,0,1,0,0,0,0,0,0,0,0,0,0,0,0,0,0,0,0,0,0,0,0,0,0,0,0,0
cassandra,cassandra/db/memtable/AbstractMemtable,AbstractMemtable,dataset/projects/cassandra/src/java/org/apache/cassandra/db/memtable/AbstractMemtable.java,,1,1,0,0,1,0,0,0,0,0,0,0,0,0,0,0,0,0,0,0,0,0,0,0,0,0,0,0,0,0,0,0,0,0,0
cassandra,cassandra/db/memtable/Flushing,Flushing,dataset/projects/cassandra/src/java/org/apache/cassandra/db/memtable/Flushing.java,,1,1,0,0,0,1,0,0,0,0,0,0,0,0,0,0,0,0,0,0,0,0,0,0,0,0,0,0,0,0,0,0,0,0,0
cassandra,cassandra/db/memtable/Memtable,Memtable,dataset/projects/cassandra/src/java/org/apache/cassandra/db/memtable/Memtable.java,C:/Users/ismak/Documents/GitHub/relation_test_code_smell_ML/dataset/projects/cassandra/test/unit/org/apache/cassandra/db/memtable/TestMemtable.java,1,1,1,3,0,0,0,0,0,1,1,1,1,0,0,0,0,0,0,0,0,0,0,0,0,0,0,0,0,0,0,0,0,0,0
cassandra,cassandra/db/memtable/MemtableQuick,MemtableQuick,,C:/Users/ismak/Documents/GitHub/relation_test_code_smell_ML/dataset/projects/cassandra/test/unit/org/apache/cassandra/db/memtable/MemtableQuickTest.java,0,0,1,6,0,0,0,0,0,0,1,1,1,0,1,1,0,0,0,1,0,0,0,0,0,0,0,0,0,0,0,0,0,0,0
cassandra,cassandra/db/memtable/MemtableSizeHeapBuffers,MemtableSizeHeapBuffers,,C:/Users/ismak/Documents/GitHub/relation_test_code_smell_ML/dataset/projects/cassandra/test/unit/org/apache/cassandra/db/memtable/MemtableSizeHeapBuffersTest.java,0,0,1,3,0,0,0,0,0,0,1,1,1,0,0,0,0,0,0,0,0,0,0,0,0,0,0,0,0,0,0,0,0,0,0
cassandra,cassandra/db/memtable/MemtableSizeOffheapBuffers,MemtableSizeOffheapBuffers,,C:/Users/ismak/Documents/GitHub/relation_test_code_smell_ML/dataset/projects/cassandra/test/unit/org/apache/cassandra/db/memtable/MemtableSizeOffheapBuffersTest.java,0,0,1,3,0,0,0,0,0,0,1,1,1,0,0,0,0,0,0,0,0,0,0,0,0,0,0,0,0,0,0,0,0,0,0
cassandra,cassandra/db/memtable/MemtableSizeOffheapObjects,MemtableSizeOffheapObjects,,C:/Users/ismak/Documents/GitHub/relation_test_code_smell_ML/dataset/projects/cassandra/test/unit/org/apache/cassandra/db/memtable/MemtableSizeOffheapObjectsTest.java,0,0,1,3,0,0,0,0,0,0,1,1,1,0,0,0,0,0,0,0,0,0,0,0,0,0,0,0,0,0,0,0,0,0,0
cassandra,cassandra/db/memtable/MemtableSizeUnslabbed,MemtableSizeUnslabbed,,C:/Users/ismak/Documents/GitHub/relation_test_code_smell_ML/dataset/projects/cassandra/test/unit/org/apache/cassandra/db/memtable/MemtableSizeUnslabbedTest.java,0,0,1,3,0,0,0,0,0,0,1,1,1,0,0,0,0,0,0,0,0,0,0,0,0,0,0,0,0,0,0,0,0,0,0
cassandra,cassandra/db/memtable/NonSplittablePartitionerTrieMemtableFlushSet,NonSplittablePartitionerTrieMemtableFlushSet,,C:/Users/ismak/Documents/GitHub/relation_test_code_smell_ML/dataset/projects/cassandra/test/unit/org/apache/cassandra/db/memtable/NonSplittablePartitionerTrieMemtableFlushSetTest.java,0,0,1,3,0,0,0,0,0,0,1,1,1,0,0,0,0,0,0,0,0,0,0,0,0,0,0,0,0,0,0,0,0,0,0
cassandra,cassandra/db/memtable/ShardedMemtableConfig,ShardedMemtableConfig,,C:/Users/ismak/Documents/GitHub/relation_test_code_smell_ML/dataset/projects/cassandra/test/unit/org/apache/cassandra/db/memtable/ShardedMemtableConfigTest.java,0,0,1,7,0,0,0,0,0,0,1,1,1,0,1,0,0,0,0,1,0,0,0,0,1,0,0,0,0,0,0,0,0,1,0
cassandra,cassandra/db/memtable/ShardedSkipListMemtable,ShardedSkipListMemtable,dataset/projects/cassandra/src/java/org/apache/cassandra/db/memtable/ShardedSkipListMemtable.java,,1,3,0,0,1,1,0,0,0,1,0,0,0,0,0,0,0,0,0,0,0,0,0,0,0,0,0,0,0,0,0,0,0,0,0
cassandra,cassandra/db/memtable/SkipListMemtable,SkipListMemtable,dataset/projects/cassandra/src/java/org/apache/cassandra/db/memtable/SkipListMemtable.java,,1,2,0,0,1,1,0,0,0,0,0,0,0,0,0,0,0,0,0,0,0,0,0,0,0,0,0,0,0,0,0,0,0,0,0
cassandra,cassandra/db/memtable/SplittablePartitionerTrieMemtableFlushSet,SplittablePartitionerTrieMemtableFlushSet,,C:/Users/ismak/Documents/GitHub/relation_test_code_smell_ML/dataset/projects/cassandra/test/unit/org/apache/cassandra/db/memtable/SplittablePartitionerTrieMemtableFlushSetTest.java,0,0,1,3,0,0,0,0,0,0,1,1,1,0,0,0,0,0,0,0,0,0,0,0,0,0,0,0,0,0,0,0,0,0,0
cassandra,cassandra/db/memtable/TrieMemtable,TrieMemtable,dataset/projects/cassandra/src/java/org/apache/cassandra/db/memtable/TrieMemtable.java,,1,3,0,0,1,1,0,0,0,1,0,0,0,0,0,0,0,0,0,0,0,0,0,0,0,0,0,0,0,0,0,0,0,0,0
cassandra,cassandra/db/monitoring/MonitorableImpl,MonitorableImpl,dataset/projects/cassandra/src/java/org/apache/cassandra/db/monitoring/MonitorableImpl.java,,1,1,0,0,0,0,0,0,0,1,0,0,0,0,0,0,0,0,0,0,0,0,0,0,0,0,0,0,0,0,0,0,0,0,0
cassandra,cassandra/db/monitoring/MonitoringTask,MonitoringTask,dataset/projects/cassandra/src/java/org/apache/cassandra/db/monitoring/MonitoringTask.java,C:/Users/ismak/Documents/GitHub/relation_test_code_smell_ML/dataset/projects/cassandra/test/unit/org/apache/cassandra/db/monitoring/MonitoringTaskTest.java,1,1,1,9,0,0,0,0,0,1,1,1,1,0,1,1,0,0,0,1,0,0,0,0,0,0,1,0,0,0,1,0,0,1,0
cassandra,cassandra/db/partition/PartitionImplementation,PartitionImplementation,,C:/Users/ismak/Documents/GitHub/relation_test_code_smell_ML/dataset/projects/cassandra/test/unit/org/apache/cassandra/db/partition/PartitionImplementationTest.java,0,0,1,5,0,0,0,0,0,0,1,1,1,0,0,0,0,0,0,0,0,0,0,0,0,0,0,0,0,0,1,1,0,0,0
cassandra,cassandra/db/partition/PartitionUpdate,PartitionUpdate,,C:/Users/ismak/Documents/GitHub/relation_test_code_smell_ML/dataset/projects/cassandra/test/unit/org/apache/cassandra/db/partition/PartitionUpdateTest.java,0,0,1,5,0,0,0,0,0,0,1,1,1,0,1,0,0,0,0,0,0,0,0,0,0,0,0,0,0,0,0,0,0,1,0
cassandra,cassandra/db/partitions/AbstractBTreePartition,AbstractBTreePartition,dataset/projects/cassandra/src/java/org/apache/cassandra/db/partitions/AbstractBTreePartition.java,,1,3,0,0,1,0,0,1,0,1,0,0,0,0,0,0,0,0,0,0,0,0,0,0,0,0,0,0,0,0,0,0,0,0,0
cassandra,cassandra/db/partitions/AtomicBTreePartition,AtomicBTreePartition,dataset/projects/cassandra/src/java/org/apache/cassandra/db/partitions/AtomicBTreePartition.java,,1,1,0,0,0,0,0,0,0,1,0,0,0,0,0,0,0,0,0,0,0,0,0,0,0,0,0,0,0,0,0,0,0,0,0
cassandra,cassandra/db/partitions/AtomicBTreePartitionMemtableAccounting,AtomicBTreePartitionMemtableAccounting,,C:/Users/ismak/Documents/GitHub/relation_test_code_smell_ML/dataset/projects/cassandra/test/unit/org/apache/cassandra/db/partitions/AtomicBTreePartitionMemtableAccountingTest.java,0,0,1,6,0,0,0,0,0,0,1,1,1,0,0,0,0,0,0,0,1,0,0,0,0,0,0,0,0,0,1,1,0,0,0
cassandra,cassandra/db/partitions/BTreePartitionUpdater,BTreePartitionUpdater,dataset/projects/cassandra/src/java/org/apache/cassandra/db/partitions/BTreePartitionUpdater.java,,1,1,0,0,0,0,0,0,0,1,0,0,0,0,0,0,0,0,0,0,0,0,0,0,0,0,0,0,0,0,0,0,0,0,0
cassandra,cassandra/db/partitions/MemtableNegativeReleasedCQLRepro,MemtableNegativeReleasedCQLRepro,,C:/Users/ismak/Documents/GitHub/relation_test_code_smell_ML/dataset/projects/cassandra/test/unit/org/apache/cassandra/db/partitions/MemtableNegativeReleasedCQLReproTest.java,0,0,1,4,0,0,0,0,0,0,1,1,1,0,0,1,0,0,0,0,0,0,0,0,0,0,0,0,0,0,0,0,0,0,0
cassandra,cassandra/db/partitions/PartitionUpdate,PartitionUpdate,dataset/projects/cassandra/src/java/org/apache/cassandra/db/partitions/PartitionUpdate.java,,1,4,0,0,1,0,0,1,0,2,0,0,0,0,0,0,0,0,0,0,0,0,0,0,0,0,0,0,0,0,0,0,0,0,0
cassandra,cassandra/db/partitions/PurgeFunction,PurgeFunction,,C:/Users/ismak/Documents/GitHub/relation_test_code_smell_ML/dataset/projects/cassandra/test/unit/org/apache/cassandra/db/partitions/PurgeFunctionTest.java,0,0,1,4,0,0,0,0,0,0,1,1,1,0,0,0,0,0,0,0,1,0,0,0,0,0,0,0,0,0,0,0,0,0,0
cassandra,cassandra/db/repair/AbstractPendingAntiCompaction,AbstractPendingAntiCompaction,,C:/Users/ismak/Documents/GitHub/relation_test_code_smell_ML/dataset/projects/cassandra/test/unit/org/apache/cassandra/db/repair/AbstractPendingAntiCompactionTest.java,0,0,1,4,0,0,0,0,0,0,1,1,1,0,0,0,0,0,0,0,0,0,0,0,0,0,0,0,0,0,0,1,0,0,0
cassandra,cassandra/db/repair/CassandraValidationIterator,CassandraValidationIterator,dataset/projects/cassandra/src/java/org/apache/cassandra/db/repair/CassandraValidationIterator.java,,1,1,0,0,1,0,0,0,0,0,0,0,0,0,0,0,0,0,0,0,0,0,0,0,0,0,0,0,0,0,0,0,0,0,0
cassandra,cassandra/db/repair/CompactionManagerGetSSTablesForValidation,CompactionManagerGetSSTablesForValidation,,C:/Users/ismak/Documents/GitHub/relation_test_code_smell_ML/dataset/projects/cassandra/test/unit/org/apache/cassandra/db/repair/CompactionManagerGetSSTablesForValidationTest.java,0,0,1,7,0,0,0,0,0,0,1,1,1,0,1,0,0,0,0,1,1,0,0,0,0,0,0,0,0,0,0,0,0,1,0
cassandra,cassandra/db/repair/PendingAntiCompaction,PendingAntiCompaction,dataset/projects/cassandra/src/java/org/apache/cassandra/db/repair/PendingAntiCompaction.java,C:/Users/ismak/Documents/GitHub/relation_test_code_smell_ML/dataset/projects/cassandra/test/unit/org/apache/cassandra/db/repair/PendingAntiCompactionTest.java,1,2,1,9,1,1,0,0,0,0,1,1,1,0,1,1,0,0,0,1,0,0,0,0,0,0,0,0,0,1,1,0,0,1,0
cassandra,cassandra/db/repair/PendingAntiCompactionByteman,PendingAntiCompactionByteman,,C:/Users/ismak/Documents/GitHub/relation_test_code_smell_ML/dataset/projects/cassandra/test/unit/org/apache/cassandra/db/repair/PendingAntiCompactionBytemanTest.java,0,0,1,7,0,0,0,0,0,0,1,1,1,0,1,1,0,0,0,1,0,0,0,0,0,0,0,0,0,0,0,0,0,1,0
cassandra,cassandra/db/rows/AbstractCell,AbstractCell,dataset/projects/cassandra/src/java/org/apache/cassandra/db/rows/AbstractCell.java,,1,2,0,0,0,1,0,0,0,1,0,0,0,0,0,0,0,0,0,0,0,0,0,0,0,0,0,0,0,0,0,0,0,0,0
cassandra,cassandra/db/rows/AbstractRow,AbstractRow,dataset/projects/cassandra/src/java/org/apache/cassandra/db/rows/AbstractRow.java,,1,2,0,0,0,1,0,0,0,1,0,0,0,0,0,0,0,0,0,0,0,0,0,0,0,0,0,0,0,0,0,0,0,0,0
cassandra,cassandra/db/rows/ArrayCell,ArrayCell,dataset/projects/cassandra/src/java/org/apache/cassandra/db/rows/ArrayCell.java,,1,1,0,0,0,0,0,0,0,1,0,0,0,0,0,0,0,0,0,0,0,0,0,0,0,0,0,0,0,0,0,0,0,0,0
cassandra,cassandra/db/rows/BTreeRow,BTreeRow,dataset/projects/cassandra/src/java/org/apache/cassandra/db/rows/BTreeRow.java,,1,5,0,0,1,2,0,1,0,1,0,0,0,0,0,0,0,0,0,0,0,0,0,0,0,0,0,0,0,0,0,0,0,0,0
cassandra,cassandra/db/rows/BTreeRowHasLiveData,BTreeRowHasLiveData,,C:/Users/ismak/Documents/GitHub/relation_test_code_smell_ML/dataset/projects/cassandra/test/unit/org/apache/cassandra/db/rows/BTreeRowHasLiveDataTest.java,0,0,1,4,0,0,0,0,0,0,1,1,1,0,1,0,0,0,0,0,0,0,0,0,0,0,0,0,0,0,0,0,0,0,0
cassandra,cassandra/db/rows/BufferCell,BufferCell,dataset/projects/cassandra/src/java/org/apache/cassandra/db/rows/BufferCell.java,,1,1,0,0,0,0,0,0,0,1,0,0,0,0,0,0,0,0,0,0,0,0,0,0,0,0,0,0,0,0,0,0,0,0,0
cassandra,cassandra/db/rows/Cell,Cell,dataset/projects/cassandra/src/java/org/apache/cassandra/db/rows/Cell.java,,1,5,0,0,1,2,0,1,0,1,0,0,0,0,0,0,0,0,0,0,0,0,0,0,0,0,0,0,0,0,0,0,0,0,0
cassandra,cassandra/db/rows/Cells,Cells,dataset/projects/cassandra/src/java/org/apache/cassandra/db/rows/Cells.java,,1,4,0,0,0,2,0,1,0,1,0,0,0,0,0,0,0,0,0,0,0,0,0,0,0,0,0,0,0,0,0,0,0,0,0
cassandra,cassandra/db/rows/ColumnData,ColumnData,dataset/projects/cassandra/src/java/org/apache/cassandra/db/rows/ColumnData.java,,1,1,0,0,0,0,0,0,0,1,0,0,0,0,0,0,0,0,0,0,0,0,0,0,0,0,0,0,0,0,0,0,0,0,0
cassandra,cassandra/db/rows/ColumnMetadataVersionComparator,ColumnMetadataVersionComparator,,C:/Users/ismak/Documents/GitHub/relation_test_code_smell_ML/dataset/projects/cassandra/test/unit/org/apache/cassandra/db/rows/ColumnMetadataVersionComparatorTest.java,0,0,1,6,0,0,0,0,0,0,1,1,1,0,0,1,0,0,0,0,1,0,0,0,0,0,0,0,0,0,1,0,0,0,0
cassandra,cassandra/db/rows/ComplexColumnData,ComplexColumnData,dataset/projects/cassandra/src/java/org/apache/cassandra/db/rows/ComplexColumnData.java,,1,2,0,0,1,0,0,0,0,1,0,0,0,0,0,0,0,0,0,0,0,0,0,0,0,0,0,0,0,0,0,0,0,0,0
cassandra,cassandra/db/rows/DeserializationHelper,DeserializationHelper,,C:/Users/ismak/Documents/GitHub/relation_test_code_smell_ML/dataset/projects/cassandra/test/unit/org/apache/cassandra/db/rows/DeserializationHelperTest.java,0,0,1,4,0,0,0,0,0,0,1,1,1,0,0,0,0,0,0,0,0,0,0,0,0,0,0,0,0,0,0,0,0,1,0
cassandra,cassandra/db/rows/EncodingStats,EncodingStats,dataset/projects/cassandra/src/java/org/apache/cassandra/db/rows/EncodingStats.java,C:/Users/ismak/Documents/GitHub/relation_test_code_smell_ML/dataset/projects/cassandra/test/unit/org/apache/cassandra/db/rows/EncodingStatsTest.java,1,1,1,5,0,1,0,0,0,0,1,1,1,0,0,0,0,0,0,0,0,0,0,0,0,0,0,0,0,0,1,0,0,1,0
cassandra,cassandra/db/rows/LazilyInitializedUnfilteredRowIterator,LazilyInitializedUnfilteredRowIterator,dataset/projects/cassandra/src/java/org/apache/cassandra/db/rows/LazilyInitializedUnfilteredRowIterator.java,,1,1,0,0,0,0,0,0,0,1,0,0,0,0,0,0,0,0,0,0,0,0,0,0,0,0,0,0,0,0,0,0,0,0,0
cassandra,cassandra/db/rows/NativeCell,NativeCell,dataset/projects/cassandra/src/java/org/apache/cassandra/db/rows/NativeCell.java,,1,1,0,0,0,0,0,0,0,1,0,0,0,0,0,0,0,0,0,0,0,0,0,0,0,0,0,0,0,0,0,0,0,0,0
cassandra,cassandra/db/rows/PartitionSerializationException,PartitionSerializationException,,C:/Users/ismak/Documents/GitHub/relation_test_code_smell_ML/dataset/projects/cassandra/test/unit/org/apache/cassandra/db/rows/PartitionSerializationExceptionTest.java,0,0,1,3,0,0,0,0,0,0,1,1,1,0,0,0,0,0,0,0,0,0,0,0,0,0,0,0,0,0,0,0,0,0,0
cassandra,cassandra/db/rows/RangeTombstoneBoundMarker,RangeTombstoneBoundMarker,dataset/projects/cassandra/src/java/org/apache/cassandra/db/rows/RangeTombstoneBoundMarker.java,,1,2,0,0,1,0,0,0,0,1,0,0,0,0,0,0,0,0,0,0,0,0,0,0,0,0,0,0,0,0,0,0,0,0,0
cassandra,cassandra/db/rows/RangeTombstoneBoundaryMarker,RangeTombstoneBoundaryMarker,dataset/projects/cassandra/src/java/org/apache/cassandra/db/rows/RangeTombstoneBoundaryMarker.java,,1,1,0,0,0,0,0,0,0,1,0,0,0,0,0,0,0,0,0,0,0,0,0,0,0,0,0,0,0,0,0,0,0,0,0
cassandra,cassandra/db/rows/Row,Row,dataset/projects/cassandra/src/java/org/apache/cassandra/db/rows/Row.java,,1,5,0,0,1,2,0,0,0,2,0,0,0,0,0,0,0,0,0,0,0,0,0,0,0,0,0,0,0,0,0,0,0,0,0
cassandra,cassandra/db/rows/RowAndDeletionMergeIterator,RowAndDeletionMergeIterator,dataset/projects/cassandra/src/java/org/apache/cassandra/db/rows/RowAndDeletionMergeIterator.java,C:/Users/ismak/Documents/GitHub/relation_test_code_smell_ML/dataset/projects/cassandra/test/unit/org/apache/cassandra/db/rows/RowAndDeletionMergeIteratorTest.java,1,2,1,7,0,1,0,0,0,1,1,1,1,0,1,0,0,0,0,0,1,0,0,0,0,0,0,0,0,1,0,0,0,1,0
cassandra,cassandra/db/rows/Rows,Rows,dataset/projects/cassandra/src/java/org/apache/cassandra/db/rows/Rows.java,C:/Users/ismak/Documents/GitHub/relation_test_code_smell_ML/dataset/projects/cassandra/test/unit/org/apache/cassandra/db/rows/RowsTest.java,1,4,1,6,1,3,0,0,0,0,1,1,1,0,1,0,0,0,0,0,0,0,0,0,0,0,0,0,0,1,0,0,0,1,0
cassandra,cassandra/db/rows/RowsMerging,RowsMerging,,C:/Users/ismak/Documents/GitHub/relation_test_code_smell_ML/dataset/projects/cassandra/test/unit/org/apache/cassandra/db/rows/RowsMergingTest.java,0,0,1,5,0,0,0,0,0,0,1,1,1,0,0,0,0,0,0,1,0,0,0,0,0,0,0,0,0,0,1,0,0,0,0
cassandra,cassandra/db/rows/ThrottledUnfilteredIterator,ThrottledUnfilteredIterator,,C:/Users/ismak/Documents/GitHub/relation_test_code_smell_ML/dataset/projects/cassandra/test/unit/org/apache/cassandra/db/rows/ThrottledUnfilteredIteratorTest.java,0,0,1,9,0,0,0,0,0,0,1,1,1,0,1,1,0,0,0,1,0,0,1,0,0,0,0,0,0,0,1,0,0,1,0
cassandra,cassandra/db/rows/UnfilteredRowIteratorSerializer,UnfilteredRowIteratorSerializer,dataset/projects/cassandra/src/java/org/apache/cassandra/db/rows/UnfilteredRowIteratorSerializer.java,,1,3,0,0,1,1,0,0,0,1,0,0,0,0,0,0,0,0,0,0,0,0,0,0,0,0,0,0,0,0,0,0,0,0,0
cassandra,cassandra/db/rows/UnfilteredRowIteratorWithLowerBound,UnfilteredRowIteratorWithLowerBound,dataset/projects/cassandra/src/java/org/apache/cassandra/db/rows/UnfilteredRowIteratorWithLowerBound.java,C:/Users/ismak/Documents/GitHub/relation_test_code_smell_ML/dataset/projects/cassandra/test/unit/org/apache/cassandra/db/rows/UnfilteredRowIteratorWithLowerBoundTest.java,1,1,1,4,0,0,0,0,0,1,1,1,1,0,1,0,0,0,0,0,0,0,0,0,0,0,0,0,0,0,0,0,0,0,0
cassandra,cassandra/db/rows/UnfilteredRowIterators,UnfilteredRowIterators,dataset/projects/cassandra/src/java/org/apache/cassandra/db/rows/UnfilteredRowIterators.java,C:/Users/ismak/Documents/GitHub/relation_test_code_smell_ML/dataset/projects/cassandra/test/unit/org/apache/cassandra/db/rows/UnfilteredRowIteratorsTest.java,1,2,1,5,1,0,0,0,0,1,1,1,1,0,1,0,0,0,0,0,0,0,0,0,0,0,0,0,0,1,0,0,0,0,0
cassandra,cassandra/db/rows/UnfilteredRowIteratorsMerge,UnfilteredRowIteratorsMerge,,C:/Users/ismak/Documents/GitHub/relation_test_code_smell_ML/dataset/projects/cassandra/test/unit/org/apache/cassandra/db/rows/UnfilteredRowIteratorsMergeTest.java,0,0,1,7,0,0,0,0,0,0,1,1,1,0,0,1,1,0,0,0,0,0,1,0,0,0,0,0,0,0,1,0,0,0,0
cassandra,cassandra/db/rows/UnfilteredSerializer,UnfilteredSerializer,dataset/projects/cassandra/src/java/org/apache/cassandra/db/rows/UnfilteredSerializer.java,C:/Users/ismak/Documents/GitHub/relation_test_code_smell_ML/dataset/projects/cassandra/test/unit/org/apache/cassandra/db/rows/UnfilteredSerializerTest.java,1,7,1,5,1,4,0,1,0,1,1,1,1,0,0,0,0,0,0,1,0,0,0,0,0,0,0,0,0,0,1,0,0,0,0
cassandra,cassandra/db/streaming/CassandraCompressedStreamReader,CassandraCompressedStreamReader,dataset/projects/cassandra/src/java/org/apache/cassandra/db/streaming/CassandraCompressedStreamReader.java,,1,1,0,0,0,1,0,0,0,0,0,0,0,0,0,0,0,0,0,0,0,0,0,0,0,0,0,0,0,0,0,0,0,0,0
cassandra,cassandra/db/streaming/CassandraEntireSSTableStreamReader,CassandraEntireSSTableStreamReader,dataset/projects/cassandra/src/java/org/apache/cassandra/db/streaming/CassandraEntireSSTableStreamReader.java,,1,1,0,0,1,0,0,0,0,0,0,0,0,0,0,0,0,0,0,0,0,0,0,0,0,0,0,0,0,0,0,0,0,0,0
cassandra,cassandra/db/streaming/CassandraEntireSSTableStreamWriter,CassandraEntireSSTableStreamWriter,,C:/Users/ismak/Documents/GitHub/relation_test_code_smell_ML/dataset/projects/cassandra/test/unit/org/apache/cassandra/db/streaming/CassandraEntireSSTableStreamWriterTest.java,0,0,1,5,0,0,0,0,0,0,1,1,1,0,0,0,0,0,0,1,0,0,0,0,0,0,0,0,0,0,0,0,0,1,0
cassandra,cassandra/db/streaming/CassandraOutgoingFile,CassandraOutgoingFile,,C:/Users/ismak/Documents/GitHub/relation_test_code_smell_ML/dataset/projects/cassandra/test/unit/org/apache/cassandra/db/streaming/CassandraOutgoingFileTest.java,0,0,1,3,0,0,0,0,0,0,1,1,1,0,0,0,0,0,0,0,0,0,0,0,0,0,0,0,0,0,0,0,0,0,0
cassandra,cassandra/db/streaming/CassandraStreamHeader,CassandraStreamHeader,dataset/projects/cassandra/src/java/org/apache/cassandra/db/streaming/CassandraStreamHeader.java,C:/Users/ismak/Documents/GitHub/relation_test_code_smell_ML/dataset/projects/cassandra/test/unit/org/apache/cassandra/db/streaming/CassandraStreamHeaderTest.java,1,1,1,5,0,0,0,0,0,1,1,1,1,0,1,0,0,0,0,0,0,0,0,0,0,0,0,0,0,1,0,0,0,0,0
cassandra,cassandra/db/streaming/CassandraStreamManager,CassandraStreamManager,dataset/projects/cassandra/src/java/org/apache/cassandra/db/streaming/CassandraStreamManager.java,C:/Users/ismak/Documents/GitHub/relation_test_code_smell_ML/dataset/projects/cassandra/test/unit/org/apache/cassandra/db/streaming/CassandraStreamManagerTest.java,1,1,1,7,1,0,0,0,0,0,1,1,1,0,1,0,0,0,0,1,1,0,0,0,0,0,0,0,0,0,0,0,0,1,0
cassandra,cassandra/db/streaming/CassandraStreamReader,CassandraStreamReader,dataset/projects/cassandra/src/java/org/apache/cassandra/db/streaming/CassandraStreamReader.java,,1,2,0,0,1,0,0,0,0,1,0,0,0,0,0,0,0,0,0,0,0,0,0,0,0,0,0,0,0,0,0,0,0,0,0
cassandra,cassandra/db/streaming/CassandraStreamReceiver,CassandraStreamReceiver,dataset/projects/cassandra/src/java/org/apache/cassandra/db/streaming/CassandraStreamReceiver.java,C:/Users/ismak/Documents/GitHub/relation_test_code_smell_ML/dataset/projects/cassandra/test/unit/org/apache/cassandra/db/streaming/CassandraStreamReceiverTest.java,1,3,1,4,1,1,0,0,0,1,1,1,1,0,1,0,0,0,0,0,0,0,0,0,0,0,0,0,0,0,0,0,0,0,0
cassandra,cassandra/db/streaming/ComponentManifest,ComponentManifest,,C:/Users/ismak/Documents/GitHub/relation_test_code_smell_ML/dataset/projects/cassandra/test/unit/org/apache/cassandra/db/streaming/ComponentManifestTest.java,0,0,1,3,0,0,0,0,0,0,1,1,1,0,0,0,0,0,0,0,0,0,0,0,0,0,0,0,0,0,0,0,0,0,0
cassandra,cassandra/db/streaming/EntireSSTableStreamConcurrentComponentMutation,EntireSSTableStreamConcurrentComponentMutation,,C:/Users/ismak/Documents/GitHub/relation_test_code_smell_ML/dataset/projects/cassandra/test/unit/org/apache/cassandra/db/streaming/EntireSSTableStreamConcurrentComponentMutationTest.java,0,0,1,7,0,0,0,0,0,0,1,1,1,0,0,0,0,0,0,1,1,0,0,0,0,0,0,0,0,0,1,1,0,0,0
cassandra,cassandra/db/streaming/StreamRequest,StreamRequest,,C:/Users/ismak/Documents/GitHub/relation_test_code_smell_ML/dataset/projects/cassandra/test/unit/org/apache/cassandra/db/streaming/StreamRequestTest.java,0,0,1,6,0,0,0,0,0,0,1,1,1,0,1,0,0,0,0,1,1,0,0,0,0,0,0,0,0,0,0,0,0,0,0
cassandra,cassandra/db/transform/BasePartitions,BasePartitions,dataset/projects/cassandra/src/java/org/apache/cassandra/db/transform/BasePartitions.java,,1,1,0,0,0,1,0,0,0,0,0,0,0,0,0,0,0,0,0,0,0,0,0,0,0,0,0,0,0,0,0,0,0,0,0
cassandra,cassandra/db/transform/BaseRows,BaseRows,dataset/projects/cassandra/src/java/org/apache/cassandra/db/transform/BaseRows.java,,1,1,0,0,0,1,0,0,0,0,0,0,0,0,0,0,0,0,0,0,0,0,0,0,0,0,0,0,0,0,0,0,0,0,0
cassandra,cassandra/db/transform/DuplicateRowChecker,DuplicateRowChecker,,C:/Users/ismak/Documents/GitHub/relation_test_code_smell_ML/dataset/projects/cassandra/test/unit/org/apache/cassandra/db/transform/DuplicateRowCheckerTest.java,0,0,1,4,0,0,0,0,0,0,1,1,1,0,0,0,0,0,0,0,1,0,0,0,0,0,0,0,0,0,0,0,0,0,0
cassandra,cassandra/db/transform/RTTransformations,RTTransformations,,C:/Users/ismak/Documents/GitHub/relation_test_code_smell_ML/dataset/projects/cassandra/test/unit/org/apache/cassandra/db/transform/RTTransformationsTest.java,0,0,1,5,0,0,0,0,0,0,1,1,1,0,0,0,0,0,0,0,1,0,0,0,0,0,0,0,0,0,1,0,0,0,0
cassandra,cassandra/db/transform/Transformation,Transformation,dataset/projects/cassandra/src/java/org/apache/cassandra/db/transform/Transformation.java,,1,1,0,0,0,0,0,0,0,1,0,0,0,0,0,0,0,0,0,0,0,0,0,0,0,0,0,0,0,0,0,0,0,0,0
cassandra,cassandra/db/transform/TransformationOptimalSizeStack,TransformationOptimalSizeStack,,C:/Users/ismak/Documents/GitHub/relation_test_code_smell_ML/dataset/projects/cassandra/test/unit/org/apache/cassandra/db/transform/TransformationOptimalSizeStackTest.java,0,0,1,4,0,0,0,0,0,0,1,1,1,0,0,0,0,0,0,0,0,0,0,0,1,0,0,0,0,0,0,0,0,0,0
cassandra,cassandra/db/tries/CollectionMergeTrie,CollectionMergeTrie,dataset/projects/cassandra/src/java/org/apache/cassandra/db/tries/CollectionMergeTrie.java,C:/Users/ismak/Documents/GitHub/relation_test_code_smell_ML/dataset/projects/cassandra/test/unit/org/apache/cassandra/db/tries/CollectionMergeTrieTest.java,1,1,1,8,0,0,0,0,0,1,1,1,1,0,1,1,0,0,0,1,0,0,0,0,0,0,0,0,0,1,1,0,0,0,0
cassandra,cassandra/db/tries/InMemoryReadTrie,InMemoryReadTrie,dataset/projects/cassandra/src/java/org/apache/cassandra/db/tries/InMemoryReadTrie.java,,1,2,0,0,0,0,0,0,0,2,0,0,0,0,0,0,0,0,0,0,0,0,0,0,0,0,0,0,0,0,0,0,0,0,0
cassandra,cassandra/db/tries/InMemoryTrie,InMemoryTrie,dataset/projects/cassandra/src/java/org/apache/cassandra/db/tries/InMemoryTrie.java,,1,5,0,0,1,1,0,1,0,2,0,0,0,0,0,0,0,0,0,0,0,0,0,0,0,0,0,0,0,0,0,0,0,0,0
cassandra,cassandra/db/tries/InMemoryTrieApply,InMemoryTrieApply,,C:/Users/ismak/Documents/GitHub/relation_test_code_smell_ML/dataset/projects/cassandra/test/unit/org/apache/cassandra/db/tries/InMemoryTrieApplyTest.java,0,0,1,3,0,0,0,0,0,0,1,1,1,0,0,0,0,0,0,0,0,0,0,0,0,0,0,0,0,0,0,0,0,0,0
cassandra,cassandra/db/tries/InMemoryTriePut,InMemoryTriePut,,C:/Users/ismak/Documents/GitHub/relation_test_code_smell_ML/dataset/projects/cassandra/test/unit/org/apache/cassandra/db/tries/InMemoryTriePutTest.java,0,0,1,5,0,0,0,0,0,0,1,1,1,0,0,0,0,0,0,1,0,0,0,0,0,0,0,0,0,0,0,1,0,0,0
cassandra,cassandra/db/tries/InMemoryTrieThreaded,InMemoryTrieThreaded,,C:/Users/ismak/Documents/GitHub/relation_test_code_smell_ML/dataset/projects/cassandra/test/unit/org/apache/cassandra/db/tries/InMemoryTrieThreadedTest.java,0,0,1,5,0,0,0,0,0,0,1,1,1,0,0,1,0,0,0,1,0,0,0,0,0,0,0,0,0,0,0,0,0,0,0
cassandra,cassandra/db/tries/MergeTrie,MergeTrie,,C:/Users/ismak/Documents/GitHub/relation_test_code_smell_ML/dataset/projects/cassandra/test/unit/org/apache/cassandra/db/tries/MergeTrieTest.java,0,0,1,3,0,0,0,0,0,0,1,1,1,0,0,0,0,0,0,0,0,0,0,0,0,0,0,0,0,0,0,0,0,0,0
cassandra,cassandra/db/tries/SlicedTrie,SlicedTrie,dataset/projects/cassandra/src/java/org/apache/cassandra/db/tries/SlicedTrie.java,C:/Users/ismak/Documents/GitHub/relation_test_code_smell_ML/dataset/projects/cassandra/test/unit/org/apache/cassandra/db/tries/SlicedTrieTest.java,1,1,1,8,0,1,0,0,0,0,1,1,1,0,1,1,0,0,0,0,0,0,0,0,0,0,0,0,0,1,1,0,0,1,0
cassandra,cassandra/db/tries/Trie,Trie,dataset/projects/cassandra/src/java/org/apache/cassandra/db/tries/Trie.java,,1,2,0,0,1,0,0,0,0,1,0,0,0,0,0,0,0,0,0,0,0,0,0,0,0,0,0,0,0,0,0,0,0,0,0
cassandra,cassandra/db/tries/TrieToDot,TrieToDot,,C:/Users/ismak/Documents/GitHub/relation_test_code_smell_ML/dataset/projects/cassandra/test/unit/org/apache/cassandra/db/tries/TrieToDotTest.java,0,0,1,7,0,0,0,0,0,0,1,1,1,0,0,1,0,0,0,1,0,0,1,0,0,0,0,0,0,0,1,0,0,0,0
cassandra,cassandra/db/tries/TrieToMermaid,TrieToMermaid,,C:/Users/ismak/Documents/GitHub/relation_test_code_smell_ML/dataset/projects/cassandra/test/unit/org/apache/cassandra/db/tries/TrieToMermaidTest.java,0,0,1,7,0,0,0,0,0,0,1,1,1,0,0,1,0,0,0,1,0,0,1,0,0,0,0,0,0,0,1,0,0,0,0
cassandra,cassandra/db/view/TableViews,TableViews,dataset/projects/cassandra/src/java/org/apache/cassandra/db/view/TableViews.java,,1,5,0,0,1,2,0,1,0,1,0,0,0,0,0,0,0,0,0,0,0,0,0,0,0,0,0,0,0,0,0,0,0,0,0
cassandra,cassandra/db/view/View,View,dataset/projects/cassandra/src/java/org/apache/cassandra/db/view/View.java,,1,1,0,0,0,0,0,0,0,1,0,0,0,0,0,0,0,0,0,0,0,0,0,0,0,0,0,0,0,0,0,0,0,0,0
cassandra,cassandra/db/view/ViewBuilderTask,ViewBuilderTask,dataset/projects/cassandra/src/java/org/apache/cassandra/db/view/ViewBuilderTask.java,C:/Users/ismak/Documents/GitHub/relation_test_code_smell_ML/dataset/projects/cassandra/test/unit/org/apache/cassandra/db/view/ViewBuilderTaskTest.java,1,1,1,6,0,1,0,0,0,0,1,1,1,0,0,1,0,0,0,1,0,0,0,0,0,0,0,0,0,0,1,0,0,0,0
cassandra,cassandra/db/view/ViewManager,ViewManager,dataset/projects/cassandra/src/java/org/apache/cassandra/db/view/ViewManager.java,,1,1,0,0,0,1,0,0,0,0,0,0,0,0,0,0,0,0,0,0,0,0,0,0,0,0,0,0,0,0,0,0,0,0,0
cassandra,cassandra/db/view/ViewUpdateGenerator,ViewUpdateGenerator,dataset/projects/cassandra/src/java/org/apache/cassandra/db/view/ViewUpdateGenerator.java,,1,7,0,0,1,4,0,1,0,1,0,0,0,0,0,0,0,0,0,0,0,0,0,0,0,0,0,0,0,0,0,0,0,0,0
cassandra,cassandra/db/view/ViewUtils,ViewUtils,,C:/Users/ismak/Documents/GitHub/relation_test_code_smell_ML/dataset/projects/cassandra/test/unit/org/apache/cassandra/db/view/ViewUtilsTest.java,0,0,1,5,0,0,0,0,0,0,1,1,1,0,1,0,0,0,0,1,0,0,0,0,0,0,0,0,0,0,0,0,0,0,0
cassandra,cassandra/db/virtual/AbstractLazyVirtualTable,AbstractLazyVirtualTable,dataset/projects/cassandra/src/java/org/apache/cassandra/db/virtual/AbstractLazyVirtualTable.java,,1,6,0,0,1,1,0,1,0,3,0,0,0,0,0,0,0,0,0,0,0,0,0,0,0,0,0,0,0,0,0,0,0,0,0
cassandra,cassandra/db/virtual/AbstractLoggerVirtualTable,AbstractLoggerVirtualTable,,C:/Users/ismak/Documents/GitHub/relation_test_code_smell_ML/dataset/projects/cassandra/test/unit/org/apache/cassandra/db/virtual/AbstractLoggerVirtualTableTest.java,0,0,1,7,0,0,0,0,0,0,1,1,1,0,1,0,0,0,0,1,0,0,0,0,0,0,0,0,0,0,0,1,0,1,0
cassandra,cassandra/db/virtual/AbstractSchemaMetadataTable,AbstractSchemaMetadataTable,dataset/projects/cassandra/src/java/org/apache/cassandra/db/virtual/AbstractSchemaMetadataTable.java,,1,2,0,0,0,1,0,0,0,1,0,0,0,0,0,0,0,0,0,0,0,0,0,0,0,0,0,0,0,0,0,0,0,0,0
cassandra,cassandra/db/virtual/AccordDebugKeyspace,AccordDebugKeyspace,dataset/projects/cassandra/src/java/org/apache/cassandra/db/virtual/AccordDebugKeyspace.java,C:/Users/ismak/Documents/GitHub/relation_test_code_smell_ML/dataset/projects/cassandra/test/unit/org/apache/cassandra/db/virtual/AccordDebugKeyspaceTest.java,1,12,1,10,1,9,0,1,0,1,1,1,1,0,1,1,0,0,0,1,0,0,0,0,1,0,0,0,0,1,1,1,0,0,0
cassandra,cassandra/db/virtual/AccordVirtualTables,AccordVirtualTables,,C:/Users/ismak/Documents/GitHub/relation_test_code_smell_ML/dataset/projects/cassandra/test/unit/org/apache/cassandra/db/virtual/AccordVirtualTablesTest.java,0,0,1,4,0,0,0,0,0,0,1,1,1,0,0,0,0,0,0,0,1,0,0,0,0,0,0,0,0,0,0,0,0,0,0
cassandra,cassandra/db/virtual/BatchMetricsTable,BatchMetricsTable,,C:/Users/ismak/Documents/GitHub/relation_test_code_smell_ML/dataset/projects/cassandra/test/unit/org/apache/cassandra/db/virtual/BatchMetricsTableTest.java,0,0,1,7,0,0,0,0,0,0,1,1,1,0,1,1,0,0,0,1,0,0,0,0,0,0,0,0,0,0,0,0,0,1,0
cassandra,cassandra/db/virtual/CIDRFilteringMetricsTable,CIDRFilteringMetricsTable,,C:/Users/ismak/Documents/GitHub/relation_test_code_smell_ML/dataset/projects/cassandra/test/unit/org/apache/cassandra/db/virtual/CIDRFilteringMetricsTableTest.java,0,0,1,5,0,0,0,0,0,0,1,1,1,0,1,0,0,0,0,1,0,0,0,0,0,0,0,0,0,0,0,0,0,0,0
cassandra,cassandra/db/virtual/CQLMetricsTable,CQLMetricsTable,,C:/Users/ismak/Documents/GitHub/relation_test_code_smell_ML/dataset/projects/cassandra/test/unit/org/apache/cassandra/db/virtual/CQLMetricsTableTest.java,0,0,1,6,0,0,0,0,0,0,1,1,1,0,0,1,0,0,0,1,0,0,0,0,0,0,0,0,0,0,1,0,0,0,0
cassandra,cassandra/db/virtual/ClientsTable,ClientsTable,,C:/Users/ismak/Documents/GitHub/relation_test_code_smell_ML/dataset/projects/cassandra/test/unit/org/apache/cassandra/db/virtual/ClientsTableTest.java,0,0,1,5,0,0,0,0,0,0,1,1,1,0,1,1,0,0,0,0,0,0,0,0,0,0,0,0,0,0,0,0,0,0,0
cassandra,cassandra/db/virtual/ClientsTableKeyspaceCol,ClientsTableKeyspaceCol,,C:/Users/ismak/Documents/GitHub/relation_test_code_smell_ML/dataset/projects/cassandra/test/unit/org/apache/cassandra/db/virtual/ClientsTableKeyspaceColTest.java,0,0,1,5,0,0,0,0,0,0,1,1,1,0,1,1,0,0,0,0,0,0,0,0,0,0,0,0,0,0,0,0,0,0,0
cassandra,cassandra/db/virtual/ClusterMetadataDirectoryTable,ClusterMetadataDirectoryTable,dataset/projects/cassandra/src/java/org/apache/cassandra/db/virtual/ClusterMetadataDirectoryTable.java,,1,1,0,0,0,1,0,0,0,0,0,0,0,0,0,0,0,0,0,0,0,0,0,0,0,0,0,0,0,0,0,0,0,0,0
cassandra,cassandra/db/virtual/CollectionVirtualTableAdapter,CollectionVirtualTableAdapter,dataset/projects/cassandra/src/java/org/apache/cassandra/db/virtual/CollectionVirtualTableAdapter.java,C:/Users/ismak/Documents/GitHub/relation_test_code_smell_ML/dataset/projects/cassandra/test/unit/org/apache/cassandra/db/virtual/CollectionVirtualTableAdapterTest.java,1,2,1,6,1,0,0,0,0,1,1,1,1,0,1,1,0,0,0,0,0,0,0,0,0,0,0,0,0,0,0,0,0,1,0
cassandra,cassandra/db/virtual/CredentialsCacheKeysTable,CredentialsCacheKeysTable,,C:/Users/ismak/Documents/GitHub/relation_test_code_smell_ML/dataset/projects/cassandra/test/unit/org/apache/cassandra/db/virtual/CredentialsCacheKeysTableTest.java,0,0,1,5,0,0,0,0,0,0,1,1,1,0,0,0,0,0,0,1,1,0,0,0,0,0,0,0,0,0,0,0,0,0,0
cassandra,cassandra/db/virtual/ExceptionsTable,ExceptionsTable,,C:/Users/ismak/Documents/GitHub/relation_test_code_smell_ML/dataset/projects/cassandra/test/unit/org/apache/cassandra/db/virtual/ExceptionsTableTest.java,0,0,1,6,0,0,0,0,0,0,1,1,1,0,1,0,0,0,0,0,0,0,0,0,0,0,0,0,0,1,0,0,0,1,0
cassandra,cassandra/db/virtual/GossipInfoTable,GossipInfoTable,,C:/Users/ismak/Documents/GitHub/relation_test_code_smell_ML/dataset/projects/cassandra/test/unit/org/apache/cassandra/db/virtual/GossipInfoTableTest.java,0,0,1,5,0,0,0,0,0,0,1,1,1,0,1,0,0,0,0,1,0,0,0,0,0,0,0,0,0,0,0,0,0,0,0
cassandra,cassandra/db/virtual/JmxPermissionsCacheKeysTable,JmxPermissionsCacheKeysTable,,C:/Users/ismak/Documents/GitHub/relation_test_code_smell_ML/dataset/projects/cassandra/test/unit/org/apache/cassandra/db/virtual/JmxPermissionsCacheKeysTableTest.java,0,0,1,5,0,0,0,0,0,0,1,1,1,0,0,0,0,0,0,1,1,0,0,0,0,0,0,0,0,0,0,0,0,0,0
cassandra,cassandra/db/virtual/LazyVirtualTable,LazyVirtualTable,,C:/Users/ismak/Documents/GitHub/relation_test_code_smell_ML/dataset/projects/cassandra/test/unit/org/apache/cassandra/db/virtual/LazyVirtualTableTest.java,0,0,1,6,0,0,0,0,0,0,1,1,1,0,0,1,0,0,0,0,0,0,0,0,0,0,0,0,0,0,1,1,0,0,0
cassandra,cassandra/db/virtual/LocalRepairTables,LocalRepairTables,dataset/projects/cassandra/src/java/org/apache/cassandra/db/virtual/LocalRepairTables.java,C:/Users/ismak/Documents/GitHub/relation_test_code_smell_ML/dataset/projects/cassandra/test/unit/org/apache/cassandra/db/virtual/LocalRepairTablesTest.java,1,2,1,6,1,0,0,0,0,1,1,1,1,0,0,1,0,0,0,1,0,0,0,0,1,0,0,0,0,0,0,0,0,0,0
cassandra,cassandra/db/virtual/LogMessagesTable,LogMessagesTable,,C:/Users/ismak/Documents/GitHub/relation_test_code_smell_ML/dataset/projects/cassandra/test/unit/org/apache/cassandra/db/virtual/LogMessagesTableTest.java,0,0,1,6,0,0,0,0,0,0,1,1,1,0,1,0,0,0,0,0,0,0,0,0,0,0,0,0,0,1,0,0,0,1,0
cassandra,cassandra/db/virtual/NetworkPermissionsCacheKeysTable,NetworkPermissionsCacheKeysTable,,C:/Users/ismak/Documents/GitHub/relation_test_code_smell_ML/dataset/projects/cassandra/test/unit/org/apache/cassandra/db/virtual/NetworkPermissionsCacheKeysTableTest.java,0,0,1,5,0,0,0,0,0,0,1,1,1,0,0,0,0,0,0,1,1,0,0,0,0,0,0,0,0,0,0,0,0,0,0
cassandra,cassandra/db/virtual/PartitionKeyStatsTable,PartitionKeyStatsTable,dataset/projects/cassandra/src/java/org/apache/cassandra/db/virtual/PartitionKeyStatsTable.java,C:/Users/ismak/Documents/GitHub/relation_test_code_smell_ML/dataset/projects/cassandra/test/unit/org/apache/cassandra/db/virtual/PartitionKeyStatsTableTest.java,1,2,1,8,1,1,0,0,0,0,1,1,1,0,1,0,1,0,0,1,1,0,0,0,0,0,0,0,0,0,0,0,0,1,0
cassandra,cassandra/db/virtual/PermissionsCacheKeysTable,PermissionsCacheKeysTable,,C:/Users/ismak/Documents/GitHub/relation_test_code_smell_ML/dataset/projects/cassandra/test/unit/org/apache/cassandra/db/virtual/PermissionsCacheKeysTableTest.java,0,0,1,5,0,0,0,0,0,0,1,1,1,0,0,0,0,0,0,1,1,0,0,0,0,0,0,0,0,0,0,0,0,0,0
cassandra,cassandra/db/virtual/RemoteToLocalVirtualTable,RemoteToLocalVirtualTable,dataset/projects/cassandra/src/java/org/apache/cassandra/db/virtual/RemoteToLocalVirtualTable.java,,1,7,0,0,1,4,0,1,0,1,0,0,0,0,0,0,0,0,0,0,0,0,0,0,0,0,0,0,0,0,0,0,0,0,0
cassandra,cassandra/db/virtual/RolesCacheKeysTable,RolesCacheKeysTable,,C:/Users/ismak/Documents/GitHub/relation_test_code_smell_ML/dataset/projects/cassandra/test/unit/org/apache/cassandra/db/virtual/RolesCacheKeysTableTest.java,0,0,1,5,0,0,0,0,0,0,1,1,1,0,0,0,0,0,0,1,1,0,0,0,0,0,0,0,0,0,0,0,0,0,0
cassandra,cassandra/db/virtual/SSTableTasksTable,SSTableTasksTable,,C:/Users/ismak/Documents/GitHub/relation_test_code_smell_ML/dataset/projects/cassandra/test/unit/org/apache/cassandra/db/virtual/SSTableTasksTableTest.java,0,0,1,6,0,0,0,0,0,0,1,1,1,0,0,0,0,0,0,1,1,0,0,0,1,0,0,0,0,0,0,0,0,0,0
cassandra,cassandra/db/virtual/SchemaMetadataTable,SchemaMetadataTable,,C:/Users/ismak/Documents/GitHub/relation_test_code_smell_ML/dataset/projects/cassandra/test/unit/org/apache/cassandra/db/virtual/SchemaMetadataTableTest.java,0,0,1,6,0,0,0,0,0,0,1,1,1,0,0,1,0,0,0,1,0,0,0,0,0,0,0,0,0,0,1,0,0,0,0
cassandra,cassandra/db/virtual/SettingsTable,SettingsTable,,C:/Users/ismak/Documents/GitHub/relation_test_code_smell_ML/dataset/projects/cassandra/test/unit/org/apache/cassandra/db/virtual/SettingsTableTest.java,0,0,1,8,0,0,0,0,0,0,1,1,1,0,1,1,0,0,0,1,1,0,0,0,0,0,0,0,0,0,1,0,0,0,0
cassandra,cassandra/db/virtual/SlowQueriesTable,SlowQueriesTable,,C:/Users/ismak/Documents/GitHub/relation_test_code_smell_ML/dataset/projects/cassandra/test/unit/org/apache/cassandra/db/virtual/SlowQueriesTableTest.java,0,0,1,6,0,0,0,0,0,0,1,1,1,0,1,0,0,0,0,0,0,0,0,0,0,0,0,0,0,1,0,0,0,1,0
cassandra,cassandra/db/virtual/SnapshotsTable,SnapshotsTable,,C:/Users/ismak/Documents/GitHub/relation_test_code_smell_ML/dataset/projects/cassandra/test/unit/org/apache/cassandra/db/virtual/SnapshotsTableTest.java,0,0,1,3,0,0,0,0,0,0,1,1,1,0,0,0,0,0,0,0,0,0,0,0,0,0,0,0,0,0,0,0,0,0,0
cassandra,cassandra/db/virtual/StreamingVirtualTable,StreamingVirtualTable,,C:/Users/ismak/Documents/GitHub/relation_test_code_smell_ML/dataset/projects/cassandra/test/unit/org/apache/cassandra/db/virtual/StreamingVirtualTableTest.java,0,0,1,6,0,0,0,0,0,0,1,1,1,0,0,0,0,0,0,1,0,0,0,0,1,0,0,0,0,0,1,0,0,0,0
cassandra,cassandra/db/virtual/SystemPropertiesTable,SystemPropertiesTable,,C:/Users/ismak/Documents/GitHub/relation_test_code_smell_ML/dataset/projects/cassandra/test/unit/org/apache/cassandra/db/virtual/SystemPropertiesTableTest.java,0,0,1,6,0,0,0,0,0,0,1,1,1,0,0,1,0,0,0,1,1,0,0,0,0,0,0,0,0,0,0,0,0,0,0
cassandra,cassandra/dht/tokenallocator/AbstractReplicationAwareTokenAllocator,AbstractReplicationAwareTokenAllocator,,C:/Users/ismak/Documents/GitHub/relation_test_code_smell_ML/dataset/projects/cassandra/test/long/org/apache/cassandra/dht/tokenallocator/AbstractReplicationAwareTokenAllocatorTest.java,0,0,1,4,0,0,0,0,0,0,1,1,1,0,0,0,0,0,0,0,0,0,0,0,0,0,0,0,0,0,0,1,0,0,0
cassandra,cassandra/dht/tokenallocator/Murmur3ReplicationAwareTokenAllocator,Murmur3ReplicationAwareTokenAllocator,,C:/Users/ismak/Documents/GitHub/relation_test_code_smell_ML/dataset/projects/cassandra/test/long/org/apache/cassandra/dht/tokenallocator/Murmur3ReplicationAwareTokenAllocatorTest.java,0,0,1,4,0,0,0,0,0,0,1,1,1,0,0,0,0,0,0,0,0,0,0,0,0,0,0,0,0,0,1,0,0,0,0
cassandra,cassandra/dht/tokenallocator/NoReplicationTokenAllocator,NoReplicationTokenAllocator,dataset/projects/cassandra/src/java/org/apache/cassandra/dht/tokenallocator/NoReplicationTokenAllocator.java,C:/Users/ismak/Documents/GitHub/relation_test_code_smell_ML/dataset/projects/cassandra/test/long/org/apache/cassandra/dht/tokenallocator/NoReplicationTokenAllocatorTest.java,1,2,1,6,1,1,0,0,0,0,1,1,1,0,0,0,0,0,0,0,0,0,1,0,0,0,0,0,0,0,1,1,0,0,0
cassandra,cassandra/dht/tokenallocator/OfflineTokenAllocator,OfflineTokenAllocator,,C:/Users/ismak/Documents/GitHub/relation_test_code_smell_ML/dataset/projects/cassandra/test/unit/org/apache/cassandra/dht/tokenallocator/OfflineTokenAllocatorTest.java,0,0,1,4,0,0,0,0,0,0,1,1,1,0,0,0,0,0,0,0,0,0,0,0,0,0,0,0,0,0,0,0,0,1,0
cassandra,cassandra/dht/tokenallocator/OfflineTokenAllocatorGenerations,OfflineTokenAllocatorGenerations,,C:/Users/ismak/Documents/GitHub/relation_test_code_smell_ML/dataset/projects/cassandra/test/unit/org/apache/cassandra/dht/tokenallocator/OfflineTokenAllocatorGenerationsTest.java,0,0,1,4,0,0,0,0,0,0,1,1,1,0,0,1,0,0,0,0,0,0,0,0,0,0,0,0,0,0,0,0,0,0,0
cassandra,cassandra/dht/tokenallocator/RandomReplicationAwareTokenAllocator,RandomReplicationAwareTokenAllocator,,C:/Users/ismak/Documents/GitHub/relation_test_code_smell_ML/dataset/projects/cassandra/test/long/org/apache/cassandra/dht/tokenallocator/RandomReplicationAwareTokenAllocatorTest.java,0,0,1,4,0,0,0,0,0,0,1,1,1,0,0,0,0,0,0,0,0,0,0,0,0,0,0,0,0,0,1,0,0,0,0
cassandra,cassandra/dht/tokenallocator/ReplicationAwareTokenAllocator,ReplicationAwareTokenAllocator,dataset/projects/cassandra/src/java/org/apache/cassandra/dht/tokenallocator/ReplicationAwareTokenAllocator.java,,1,3,0,0,1,1,0,0,0,1,0,0,0,0,0,0,0,0,0,0,0,0,0,0,0,0,0,0,0,0,0,0,0,0,0
cassandra,cassandra/dht/tokenallocator/TokenAllocation,TokenAllocation,dataset/projects/cassandra/src/java/org/apache/cassandra/dht/tokenallocator/TokenAllocation.java,C:/Users/ismak/Documents/GitHub/relation_test_code_smell_ML/dataset/projects/cassandra/test/unit/org/apache/cassandra/dht/tokenallocator/TokenAllocationTest.java,1,2,1,6,1,0,0,0,0,1,1,1,1,0,0,1,0,0,0,1,0,0,0,0,0,0,0,0,0,0,1,0,0,0,0
cassandra,cassandra/dht/tokenallocator/TokenAllocatorBase,TokenAllocatorBase,dataset/projects/cassandra/src/java/org/apache/cassandra/dht/tokenallocator/TokenAllocatorBase.java,,1,1,0,0,1,0,0,0,0,0,0,0,0,0,0,0,0,0,0,0,0,0,0,0,0,0,0,0,0,0,0,0,0,0,0
cassandra,cassandra/dht/tokenallocator/TokenAllocatorDiagnostics,TokenAllocatorDiagnostics,dataset/projects/cassandra/src/java/org/apache/cassandra/dht/tokenallocator/TokenAllocatorDiagnostics.java,,1,1,0,0,1,0,0,0,0,0,0,0,0,0,0,0,0,0,0,0,0,0,0,0,0,0,0,0,0,0,0,0,0,0,0
cassandra,cassandra/diag/store/DiagnosticEventMemoryStore,DiagnosticEventMemoryStore,,C:/Users/ismak/Documents/GitHub/relation_test_code_smell_ML/dataset/projects/cassandra/test/unit/org/apache/cassandra/diag/store/DiagnosticEventMemoryStoreTest.java,0,0,1,6,0,0,0,0,0,0,1,1,1,0,1,0,0,0,0,0,0,0,0,0,0,0,0,0,0,1,0,0,0,1,0
cassandra,cassandra/distributed/impl/AbstractCluster,AbstractCluster,,C:/Users/ismak/Documents/GitHub/relation_test_code_smell_ML/dataset/projects/cassandra/test/distributed/org/apache/cassandra/distributed/impl/AbstractClusterTest.java,0,0,1,4,0,0,0,0,0,0,1,1,1,0,0,0,0,0,0,0,0,0,0,0,0,0,0,0,0,0,1,0,0,0,0
cassandra,cassandra/distributed/impl/ChangeListener,ChangeListener,,C:/Users/ismak/Documents/GitHub/relation_test_code_smell_ML/dataset/projects/cassandra/test/distributed/org/apache/cassandra/distributed/impl/TestChangeListener.java,0,0,1,3,0,0,0,0,0,0,1,1,1,0,0,0,0,0,0,0,0,0,0,0,0,0,0,0,0,0,0,0,0,0,0
cassandra,cassandra/distributed/impl/EndpointCache,EndpointCache,,C:/Users/ismak/Documents/GitHub/relation_test_code_smell_ML/dataset/projects/cassandra/test/distributed/org/apache/cassandra/distributed/impl/TestEndpointCache.java,0,0,1,3,0,0,0,0,0,0,1,1,1,0,0,0,0,0,0,0,0,0,0,0,0,0,0,0,0,0,0,0,0,0,0
cassandra,cassandra/distributed/test/AbstractHintWindow,AbstractHintWindow,,C:/Users/ismak/Documents/GitHub/relation_test_code_smell_ML/dataset/projects/cassandra/test/distributed/org/apache/cassandra/distributed/test/AbstractHintWindowTest.java,0,0,1,4,0,0,0,0,0,0,1,1,1,0,0,0,0,0,0,0,0,0,0,0,0,0,0,0,0,0,0,1,0,0,0
cassandra,cassandra/distributed/test/AbstractNodetoolStatus,AbstractNodetoolStatus,,C:/Users/ismak/Documents/GitHub/relation_test_code_smell_ML/dataset/projects/cassandra/test/distributed/org/apache/cassandra/distributed/test/AbstractNodetoolStatusTest.java,0,0,1,7,0,0,0,0,0,0,1,1,1,0,1,1,0,0,0,0,0,0,0,0,0,0,0,0,0,0,0,1,0,1,0
cassandra,cassandra/distributed/test/AbstractVirtualLogsTable,AbstractVirtualLogsTable,,C:/Users/ismak/Documents/GitHub/relation_test_code_smell_ML/dataset/projects/cassandra/test/distributed/org/apache/cassandra/distributed/test/AbstractVirtualLogsTableTest.java,0,0,1,4,0,0,0,0,0,0,1,1,1,0,0,0,0,0,0,0,0,0,0,0,0,0,0,0,0,0,0,1,0,0,0
cassandra,cassandra/distributed/test/AllowAutoSnapshot,AllowAutoSnapshot,,C:/Users/ismak/Documents/GitHub/relation_test_code_smell_ML/dataset/projects/cassandra/test/distributed/org/apache/cassandra/distributed/test/AllowAutoSnapshotTest.java,0,0,1,5,0,0,0,0,0,0,1,1,1,0,0,0,0,0,0,1,0,0,0,0,0,0,0,0,0,0,1,0,0,0,0
cassandra,cassandra/distributed/test/Alter,Alter,,C:/Users/ismak/Documents/GitHub/relation_test_code_smell_ML/dataset/projects/cassandra/test/distributed/org/apache/cassandra/distributed/test/AlterTest.java,0,0,1,8,0,0,0,0,0,0,1,1,1,0,1,1,0,0,0,1,0,0,0,0,0,0,0,0,0,1,0,0,0,1,0
cassandra,cassandra/distributed/test/AsyncProfiler,AsyncProfiler,,C:/Users/ismak/Documents/GitHub/relation_test_code_smell_ML/dataset/projects/cassandra/test/distributed/org/apache/cassandra/distributed/test/AsyncProfilerTest.java,0,0,1,8,0,0,0,0,0,0,1,1,1,0,1,0,0,0,0,1,0,1,0,0,0,0,0,0,0,1,0,0,1,0,0
cassandra,cassandra/distributed/test/Auth,Auth,,C:/Users/ismak/Documents/GitHub/relation_test_code_smell_ML/dataset/projects/cassandra/test/distributed/org/apache/cassandra/distributed/test/AuthTest.java,0,0,1,7,0,0,0,0,0,0,1,1,1,0,1,0,0,0,0,1,0,0,0,0,0,0,0,0,0,0,1,0,0,1,0
cassandra,cassandra/distributed/test/AutoSnapshotTtl,AutoSnapshotTtl,,C:/Users/ismak/Documents/GitHub/relation_test_code_smell_ML/dataset/projects/cassandra/test/distributed/org/apache/cassandra/distributed/test/AutoSnapshotTtlTest.java,0,0,1,5,0,0,0,0,0,0,1,1,1,0,0,0,0,0,0,1,0,0,0,0,0,0,1,0,0,0,0,0,0,0,0
cassandra,cassandra/distributed/test/BaseImpl,BaseImpl,,C:/Users/ismak/Documents/GitHub/relation_test_code_smell_ML/dataset/projects/cassandra/test/distributed/org/apache/cassandra/distributed/test/TestBaseImpl.java,0,0,1,3,0,0,0,0,0,0,1,1,1,0,0,0,0,0,0,0,0,0,0,0,0,0,0,0,0,0,0,0,0,0,0
cassandra,cassandra/distributed/test/BetweenInversion,BetweenInversion,,C:/Users/ismak/Documents/GitHub/relation_test_code_smell_ML/dataset/projects/cassandra/test/distributed/org/apache/cassandra/distributed/test/BetweenInversionTest.java,0,0,1,6,0,0,0,0,0,0,1,1,1,0,1,0,0,0,0,1,0,0,0,0,0,0,0,0,0,0,0,0,0,1,0
cassandra,cassandra/distributed/test/Boolean,Boolean,,C:/Users/ismak/Documents/GitHub/relation_test_code_smell_ML/dataset/projects/cassandra/test/distributed/org/apache/cassandra/distributed/test/BooleanTest.java,0,0,1,7,0,0,0,0,0,0,1,1,1,0,1,1,0,0,0,1,0,0,0,0,0,0,0,0,0,0,0,0,0,1,0
cassandra,cassandra/distributed/test/BootstrapBinaryDisabled,BootstrapBinaryDisabled,,C:/Users/ismak/Documents/GitHub/relation_test_code_smell_ML/dataset/projects/cassandra/test/distributed/org/apache/cassandra/distributed/test/BootstrapBinaryDisabledTest.java,0,0,1,6,0,0,0,0,0,0,1,1,1,0,0,1,0,0,0,1,0,0,0,0,0,0,0,0,0,0,1,0,0,0,0
cassandra,cassandra/distributed/test/ByteBuddyExamples,ByteBuddyExamples,,C:/Users/ismak/Documents/GitHub/relation_test_code_smell_ML/dataset/projects/cassandra/test/distributed/org/apache/cassandra/distributed/test/ByteBuddyExamplesTest.java,0,0,1,6,0,0,0,0,0,0,1,1,1,0,1,0,0,0,0,1,0,0,0,0,0,0,0,0,0,0,0,0,0,1,0
cassandra,cassandra/distributed/test/CAS,CAS,,C:/Users/ismak/Documents/GitHub/relation_test_code_smell_ML/dataset/projects/cassandra/test/distributed/org/apache/cassandra/distributed/test/CASTest.java,0,0,1,8,0,0,0,0,0,0,1,1,1,0,0,1,0,0,0,1,0,0,0,1,0,0,0,0,0,0,1,1,0,0,0
cassandra,cassandra/distributed/test/CASAdd,CASAdd,,C:/Users/ismak/Documents/GitHub/relation_test_code_smell_ML/dataset/projects/cassandra/test/distributed/org/apache/cassandra/distributed/test/CASAddTest.java,0,0,1,5,0,0,0,0,0,0,1,1,1,0,1,0,0,0,0,1,0,0,0,0,0,0,0,0,0,0,0,0,0,0,0
cassandra,cassandra/distributed/test/CASContention,CASContention,,C:/Users/ismak/Documents/GitHub/relation_test_code_smell_ML/dataset/projects/cassandra/test/distributed/org/apache/cassandra/distributed/test/CASContentionTest.java,0,0,1,6,0,0,0,0,0,0,1,1,1,0,1,0,0,0,0,1,0,0,0,0,0,0,0,0,0,0,0,0,0,1,0
cassandra,cassandra/distributed/test/CASMultiDC,CASMultiDC,,C:/Users/ismak/Documents/GitHub/relation_test_code_smell_ML/dataset/projects/cassandra/test/distributed/org/apache/cassandra/distributed/test/CASMultiDCTest.java,0,0,1,5,0,0,0,0,0,0,1,1,1,0,0,0,0,0,0,0,0,0,0,0,0,0,0,0,0,0,1,1,0,0,0
cassandra,cassandra/distributed/test/CasCriticalSection,CasCriticalSection,,C:/Users/ismak/Documents/GitHub/relation_test_code_smell_ML/dataset/projects/cassandra/test/distributed/org/apache/cassandra/distributed/test/CasCriticalSectionTest.java,0,0,1,7,0,0,0,0,0,0,1,1,1,0,1,1,0,0,0,1,0,0,0,0,0,0,1,0,0,0,0,0,0,0,0
cassandra,cassandra/distributed/test/CasWrite,CasWrite,,C:/Users/ismak/Documents/GitHub/relation_test_code_smell_ML/dataset/projects/cassandra/test/distributed/org/apache/cassandra/distributed/test/CasWriteTest.java,0,0,1,10,0,0,0,0,0,0,1,1,1,0,1,1,0,0,0,1,0,0,0,0,0,0,1,0,0,0,1,1,0,1,0
cassandra,cassandra/distributed/test/ClearSnapshot,ClearSnapshot,,C:/Users/ismak/Documents/GitHub/relation_test_code_smell_ML/dataset/projects/cassandra/test/distributed/org/apache/cassandra/distributed/test/ClearSnapshotTest.java,0,0,1,6,0,0,0,0,0,0,1,1,1,0,0,1,0,0,0,1,0,0,0,0,0,0,1,0,0,0,0,0,0,0,0
cassandra,cassandra/distributed/test/ClientNetworkStopStart,ClientNetworkStopStart,,C:/Users/ismak/Documents/GitHub/relation_test_code_smell_ML/dataset/projects/cassandra/test/distributed/org/apache/cassandra/distributed/test/ClientNetworkStopStartTest.java,0,0,1,4,0,0,0,0,0,0,1,1,1,0,0,0,0,0,0,1,0,0,0,0,0,0,0,0,0,0,0,0,0,0,0
cassandra,cassandra/distributed/test/ClusterStorageUsage,ClusterStorageUsage,,C:/Users/ismak/Documents/GitHub/relation_test_code_smell_ML/dataset/projects/cassandra/test/distributed/org/apache/cassandra/distributed/test/ClusterStorageUsageTest.java,0,0,1,5,0,0,0,0,0,0,1,1,1,0,0,0,0,0,0,1,0,0,0,0,0,0,0,0,0,0,1,0,0,0,0
cassandra,cassandra/distributed/test/Collections,Collections,,C:/Users/ismak/Documents/GitHub/relation_test_code_smell_ML/dataset/projects/cassandra/test/distributed/org/apache/cassandra/distributed/test/CollectionsTest.java,0,0,1,3,0,0,0,0,0,0,1,1,1,0,0,0,0,0,0,0,0,0,0,0,0,0,0,0,0,0,0,0,0,0,0
cassandra,cassandra/distributed/test/ColumnConstraints,ColumnConstraints,,C:/Users/ismak/Documents/GitHub/relation_test_code_smell_ML/dataset/projects/cassandra/test/distributed/org/apache/cassandra/distributed/test/ColumnConstraintsTest.java,0,0,1,5,0,0,0,0,0,0,1,1,1,0,0,1,0,0,0,1,0,0,0,0,0,0,0,0,0,0,0,0,0,0,0
cassandra,cassandra/distributed/test/ColumnFamilyStoreMBeans,ColumnFamilyStoreMBeans,,C:/Users/ismak/Documents/GitHub/relation_test_code_smell_ML/dataset/projects/cassandra/test/distributed/org/apache/cassandra/distributed/test/ColumnFamilyStoreMBeansTest.java,0,0,1,6,0,0,0,0,0,0,1,1,1,0,1,1,0,0,0,1,0,0,0,0,0,0,0,0,0,0,0,0,0,0,0
cassandra,cassandra/distributed/test/ColumnMask,ColumnMask,,C:/Users/ismak/Documents/GitHub/relation_test_code_smell_ML/dataset/projects/cassandra/test/distributed/org/apache/cassandra/distributed/test/ColumnMaskTest.java,0,0,1,4,0,0,0,0,0,0,1,1,1,0,0,0,0,0,0,1,0,0,0,0,0,0,0,0,0,0,0,0,0,0,0
cassandra,cassandra/distributed/test/CompactionDiskSpace,CompactionDiskSpace,,C:/Users/ismak/Documents/GitHub/relation_test_code_smell_ML/dataset/projects/cassandra/test/distributed/org/apache/cassandra/distributed/test/CompactionDiskSpaceTest.java,0,0,1,7,0,0,0,0,0,0,1,1,1,0,0,1,0,0,0,1,0,1,0,0,0,0,0,0,0,0,0,0,1,0,0
cassandra,cassandra/distributed/test/CompactionOverlappingSSTable,CompactionOverlappingSSTable,,C:/Users/ismak/Documents/GitHub/relation_test_code_smell_ML/dataset/projects/cassandra/test/distributed/org/apache/cassandra/distributed/test/CompactionOverlappingSSTableTest.java,0,0,1,8,0,0,0,0,0,0,1,1,1,0,1,1,0,0,0,1,0,0,0,0,0,0,0,0,0,1,0,0,0,1,0
cassandra,cassandra/distributed/test/CompactionStrategyOverride,CompactionStrategyOverride,,C:/Users/ismak/Documents/GitHub/relation_test_code_smell_ML/dataset/projects/cassandra/test/distributed/org/apache/cassandra/distributed/test/CompactionStrategyOverrideTest.java,0,0,1,6,0,0,0,0,0,0,1,1,1,0,1,1,0,0,0,1,0,0,0,0,0,0,0,0,0,0,0,0,0,0,0
cassandra,cassandra/distributed/test/CompressorProvider,CompressorProvider,,C:/Users/ismak/Documents/GitHub/relation_test_code_smell_ML/dataset/projects/cassandra/test/distributed/org/apache/cassandra/distributed/test/CompressorProviderTest.java,0,0,1,7,0,0,0,0,0,0,1,1,1,0,1,1,0,0,0,1,0,0,0,0,0,0,0,0,0,1,0,0,0,0,0
cassandra,cassandra/distributed/test/Counters,Counters,,C:/Users/ismak/Documents/GitHub/relation_test_code_smell_ML/dataset/projects/cassandra/test/distributed/org/apache/cassandra/distributed/test/CountersTest.java,0,0,1,7,0,0,0,0,0,0,1,1,1,0,0,1,0,0,0,1,0,0,0,0,0,0,0,0,0,0,1,1,0,0,0
cassandra,cassandra/distributed/test/CreateTableNonDeterministic,CreateTableNonDeterministic,,C:/Users/ismak/Documents/GitHub/relation_test_code_smell_ML/dataset/projects/cassandra/test/distributed/org/apache/cassandra/distributed/test/CreateTableNonDeterministicTest.java,0,0,1,6,0,0,0,0,0,0,1,1,1,0,1,1,0,0,0,1,0,0,0,0,0,0,0,0,0,0,0,0,0,0,0
cassandra,cassandra/distributed/test/CryptoProvider,CryptoProvider,,C:/Users/ismak/Documents/GitHub/relation_test_code_smell_ML/dataset/projects/cassandra/test/distributed/org/apache/cassandra/distributed/test/CryptoProviderTest.java,0,0,1,5,0,0,0,0,0,0,1,1,1,0,1,0,0,0,0,1,0,0,0,0,0,0,0,0,0,0,0,0,0,0,0
cassandra,cassandra/distributed/test/DataResurrectionCheck,DataResurrectionCheck,,C:/Users/ismak/Documents/GitHub/relation_test_code_smell_ML/dataset/projects/cassandra/test/distributed/org/apache/cassandra/distributed/test/DataResurrectionCheckTest.java,0,0,1,7,0,0,0,0,0,0,1,1,1,0,1,1,0,0,0,1,0,0,0,0,0,0,1,0,0,0,0,0,0,0,0
cassandra,cassandra/distributed/test/Decommission,Decommission,,C:/Users/ismak/Documents/GitHub/relation_test_code_smell_ML/dataset/projects/cassandra/test/distributed/org/apache/cassandra/distributed/test/DecommissionTest.java,0,0,1,7,0,0,0,0,0,0,1,1,1,0,1,1,0,0,0,1,0,0,0,0,0,0,0,0,0,1,0,0,0,0,0
cassandra,cassandra/distributed/test/DisableBinary,DisableBinary,,C:/Users/ismak/Documents/GitHub/relation_test_code_smell_ML/dataset/projects/cassandra/test/distributed/org/apache/cassandra/distributed/test/DisableBinaryTest.java,0,0,1,7,0,0,0,0,0,0,1,1,1,0,1,1,0,0,0,1,0,0,0,0,0,0,0,0,0,1,0,0,0,0,0
cassandra,cassandra/distributed/test/DistinctRead,DistinctRead,,C:/Users/ismak/Documents/GitHub/relation_test_code_smell_ML/dataset/projects/cassandra/test/distributed/org/apache/cassandra/distributed/test/DistinctReadTest.java,0,0,1,5,0,0,0,0,0,0,1,1,1,0,0,0,0,0,0,1,0,0,0,0,0,0,0,0,0,0,1,0,0,0,0
cassandra,cassandra/distributed/test/DistributedRowUtil,DistributedRowUtil,,C:/Users/ismak/Documents/GitHub/relation_test_code_smell_ML/dataset/projects/cassandra/test/distributed/org/apache/cassandra/distributed/test/DistributedRowUtilTest.java,0,0,1,4,0,0,0,0,0,0,1,1,1,0,0,0,0,0,0,1,0,0,0,0,0,0,0,0,0,0,0,0,0,0,0
cassandra,cassandra/distributed/test/DropColumn,DropColumn,,C:/Users/ismak/Documents/GitHub/relation_test_code_smell_ML/dataset/projects/cassandra/test/distributed/org/apache/cassandra/distributed/test/DropColumnTest.java,0,0,1,6,0,0,0,0,0,0,1,1,1,0,1,0,0,0,0,1,0,0,0,0,0,0,0,0,0,0,0,0,0,1,0
cassandra,cassandra/distributed/test/DurableWrites,DurableWrites,,C:/Users/ismak/Documents/GitHub/relation_test_code_smell_ML/dataset/projects/cassandra/test/distributed/org/apache/cassandra/distributed/test/DurableWritesTest.java,0,0,1,5,0,0,0,0,0,0,1,1,1,0,0,1,0,0,0,1,0,0,0,0,0,0,0,0,0,0,0,0,0,0,0
cassandra,cassandra/distributed/test/EphemeralSnapshot,EphemeralSnapshot,,C:/Users/ismak/Documents/GitHub/relation_test_code_smell_ML/dataset/projects/cassandra/test/distributed/org/apache/cassandra/distributed/test/EphemeralSnapshotTest.java,0,0,1,9,0,0,0,0,0,0,1,1,1,0,1,0,0,0,0,1,0,0,0,0,0,0,0,0,0,1,1,0,1,1,0
cassandra,cassandra/distributed/test/ExpandCQL,ExpandCQL,,C:/Users/ismak/Documents/GitHub/relation_test_code_smell_ML/dataset/projects/cassandra/test/distributed/org/apache/cassandra/distributed/test/ExpandCQLTest.java,0,0,1,5,0,0,0,0,0,0,1,1,1,0,0,0,0,0,0,1,0,0,0,0,0,0,0,0,0,0,1,0,0,0,0
cassandra,cassandra/distributed/test/FailingMove,FailingMove,,C:/Users/ismak/Documents/GitHub/relation_test_code_smell_ML/dataset/projects/cassandra/test/distributed/org/apache/cassandra/distributed/test/FailingMoveTest.java,0,0,1,6,0,0,0,0,0,0,1,1,1,0,1,1,0,0,0,1,0,0,0,0,0,0,0,0,0,0,0,0,0,0,0
cassandra,cassandra/distributed/test/FailingRepair,FailingRepair,,C:/Users/ismak/Documents/GitHub/relation_test_code_smell_ML/dataset/projects/cassandra/test/distributed/org/apache/cassandra/distributed/test/FailingRepairTest.java,0,0,1,9,0,0,0,0,0,0,1,1,1,0,1,1,1,0,0,1,0,0,0,0,1,0,0,0,0,0,0,0,0,1,0
cassandra,cassandra/distributed/test/FailingResponseDoesNotLog,FailingResponseDoesNotLog,,C:/Users/ismak/Documents/GitHub/relation_test_code_smell_ML/dataset/projects/cassandra/test/distributed/org/apache/cassandra/distributed/test/FailingResponseDoesNotLogTest.java,0,0,1,6,0,0,0,0,0,0,1,1,1,0,1,0,0,0,0,1,0,0,0,0,0,0,0,0,0,1,0,0,0,0,0
cassandra,cassandra/distributed/test/FailingTruncation,FailingTruncation,,C:/Users/ismak/Documents/GitHub/relation_test_code_smell_ML/dataset/projects/cassandra/test/distributed/org/apache/cassandra/distributed/test/FailingTruncationTest.java,0,0,1,5,0,0,0,0,0,0,1,1,1,0,1,0,0,0,0,1,0,0,0,0,0,0,0,0,0,0,0,0,0,0,0
cassandra,cassandra/distributed/test/FailureLogging,FailureLogging,,C:/Users/ismak/Documents/GitHub/relation_test_code_smell_ML/dataset/projects/cassandra/test/distributed/org/apache/cassandra/distributed/test/FailureLoggingTest.java,0,0,1,6,0,0,0,0,0,0,1,1,1,0,1,0,0,0,0,1,0,0,0,0,0,0,0,0,0,0,0,0,0,1,0
cassandra,cassandra/distributed/test/FrozenUDT,FrozenUDT,,C:/Users/ismak/Documents/GitHub/relation_test_code_smell_ML/dataset/projects/cassandra/test/distributed/org/apache/cassandra/distributed/test/FrozenUDTTest.java,0,0,1,6,0,0,0,0,0,0,1,1,1,0,0,1,0,0,0,1,0,0,0,0,0,0,0,0,0,0,1,0,0,0,0
cassandra,cassandra/distributed/test/FullRepairCoordinatorFast,FullRepairCoordinatorFast,,C:/Users/ismak/Documents/GitHub/relation_test_code_smell_ML/dataset/projects/cassandra/test/distributed/org/apache/cassandra/distributed/test/FullRepairCoordinatorFastTest.java,0,0,1,4,0,0,0,0,0,0,1,1,1,0,0,0,1,0,0,0,0,0,0,0,0,0,0,0,0,0,0,0,0,0,0
cassandra,cassandra/distributed/test/FullRepairCoordinatorNeighbourDown,FullRepairCoordinatorNeighbourDown,,C:/Users/ismak/Documents/GitHub/relation_test_code_smell_ML/dataset/projects/cassandra/test/distributed/org/apache/cassandra/distributed/test/FullRepairCoordinatorNeighbourDownTest.java,0,0,1,4,0,0,0,0,0,0,1,1,1,0,0,0,1,0,0,0,0,0,0,0,0,0,0,0,0,0,0,0,0,0,0
cassandra,cassandra/distributed/test/FullRepairCoordinatorTimeout,FullRepairCoordinatorTimeout,,C:/Users/ismak/Documents/GitHub/relation_test_code_smell_ML/dataset/projects/cassandra/test/distributed/org/apache/cassandra/distributed/test/FullRepairCoordinatorTimeoutTest.java,0,0,1,4,0,0,0,0,0,0,1,1,1,0,0,0,1,0,0,0,0,0,0,0,0,0,0,0,0,0,0,0,0,0,0
cassandra,cassandra/distributed/test/GetEndpoints,GetEndpoints,,C:/Users/ismak/Documents/GitHub/relation_test_code_smell_ML/dataset/projects/cassandra/test/distributed/org/apache/cassandra/distributed/test/GetEndpointsTest.java,0,0,1,8,0,0,0,0,0,0,1,1,1,0,1,1,0,0,0,1,0,0,0,0,1,0,0,0,0,0,0,0,0,1,0
cassandra,cassandra/distributed/test/Gossip,Gossip,,C:/Users/ismak/Documents/GitHub/relation_test_code_smell_ML/dataset/projects/cassandra/test/distributed/org/apache/cassandra/distributed/test/GossipTest.java,0,0,1,7,0,0,0,0,0,0,1,1,1,0,1,1,0,0,0,1,0,0,0,0,0,0,0,0,0,1,0,0,0,0,0
cassandra,cassandra/distributed/test/GossipSettles,GossipSettles,,C:/Users/ismak/Documents/GitHub/relation_test_code_smell_ML/dataset/projects/cassandra/test/distributed/org/apache/cassandra/distributed/test/GossipSettlesTest.java,0,0,1,5,0,0,0,0,0,0,1,1,1,0,1,0,0,0,0,1,0,0,0,0,0,0,0,0,0,0,0,0,0,0,0
cassandra,cassandra/distributed/test/GossipShutdown,GossipShutdown,,C:/Users/ismak/Documents/GitHub/relation_test_code_smell_ML/dataset/projects/cassandra/test/distributed/org/apache/cassandra/distributed/test/GossipShutdownTest.java,0,0,1,6,0,0,0,0,0,0,1,1,1,0,0,1,0,0,0,1,0,0,0,0,0,0,0,0,0,0,1,0,0,0,0
cassandra,cassandra/distributed/test/GroupBy,GroupBy,,C:/Users/ismak/Documents/GitHub/relation_test_code_smell_ML/dataset/projects/cassandra/test/distributed/org/apache/cassandra/distributed/test/GroupByTest.java,0,0,1,5,0,0,0,0,0,0,1,1,1,0,0,1,0,0,0,1,0,0,0,0,0,0,0,0,0,0,0,0,0,0,0
cassandra,cassandra/distributed/test/HibernatingGossipOnlyMembers,HibernatingGossipOnlyMembers,,C:/Users/ismak/Documents/GitHub/relation_test_code_smell_ML/dataset/projects/cassandra/test/distributed/org/apache/cassandra/distributed/test/HibernatingGossipOnlyMembersTest.java,0,0,1,5,0,0,0,0,0,0,1,1,1,0,0,0,0,0,0,1,0,0,0,0,0,0,0,0,0,0,1,0,0,0,0
cassandra,cassandra/distributed/test/HintDataReappearing,HintDataReappearing,,C:/Users/ismak/Documents/GitHub/relation_test_code_smell_ML/dataset/projects/cassandra/test/distributed/org/apache/cassandra/distributed/test/HintDataReappearingTest.java,0,0,1,5,0,0,0,0,0,0,1,1,1,0,0,0,0,0,0,1,0,0,0,0,0,0,0,0,0,0,1,0,0,0,0
cassandra,cassandra/distributed/test/HintedHandoffAddRemoveNodes,HintedHandoffAddRemoveNodes,,C:/Users/ismak/Documents/GitHub/relation_test_code_smell_ML/dataset/projects/cassandra/test/distributed/org/apache/cassandra/distributed/test/HintedHandoffAddRemoveNodesTest.java,0,0,1,7,0,0,0,0,0,0,1,1,1,0,1,0,0,0,0,1,0,0,0,0,1,0,0,0,0,0,1,0,0,0,0
cassandra,cassandra/distributed/test/HintedHandoffNodetool,HintedHandoffNodetool,,C:/Users/ismak/Documents/GitHub/relation_test_code_smell_ML/dataset/projects/cassandra/test/distributed/org/apache/cassandra/distributed/test/HintedHandoffNodetoolTest.java,0,0,1,4,0,0,0,0,0,0,1,1,1,0,1,0,0,0,0,0,0,0,0,0,0,0,0,0,0,0,0,0,0,0,0
cassandra,cassandra/distributed/test/HintsDisabled,HintsDisabled,,C:/Users/ismak/Documents/GitHub/relation_test_code_smell_ML/dataset/projects/cassandra/test/distributed/org/apache/cassandra/distributed/test/HintsDisabledTest.java,0,0,1,6,0,0,0,0,0,0,1,1,1,0,1,1,0,0,0,1,0,0,0,0,0,0,0,0,0,0,0,0,0,0,0
cassandra,cassandra/distributed/test/HintsMaxSize,HintsMaxSize,,C:/Users/ismak/Documents/GitHub/relation_test_code_smell_ML/dataset/projects/cassandra/test/distributed/org/apache/cassandra/distributed/test/HintsMaxSizeTest.java,0,0,1,5,0,0,0,0,0,0,1,1,1,0,0,1,0,0,0,1,0,0,0,0,0,0,0,0,0,0,0,0,0,0,0
cassandra,cassandra/distributed/test/HintsMaxWindow,HintsMaxWindow,,C:/Users/ismak/Documents/GitHub/relation_test_code_smell_ML/dataset/projects/cassandra/test/distributed/org/apache/cassandra/distributed/test/HintsMaxWindowTest.java,0,0,1,7,0,0,0,0,0,0,1,1,1,0,1,0,0,0,0,1,0,0,0,0,0,0,1,0,0,0,0,0,0,1,0
cassandra,cassandra/distributed/test/HintsPersistentWindow,HintsPersistentWindow,,C:/Users/ismak/Documents/GitHub/relation_test_code_smell_ML/dataset/projects/cassandra/test/distributed/org/apache/cassandra/distributed/test/HintsPersistentWindowTest.java,0,0,1,6,0,0,0,0,0,0,1,1,1,0,1,0,0,0,0,1,0,0,0,0,0,0,1,0,0,0,0,0,0,0,0
cassandra,cassandra/distributed/test/HungBootstrapDoesNotHang,HungBootstrapDoesNotHang,,C:/Users/ismak/Documents/GitHub/relation_test_code_smell_ML/dataset/projects/cassandra/test/distributed/org/apache/cassandra/distributed/test/HungBootstrapDoesNotHangTest.java,0,0,1,4,0,0,0,0,0,0,1,1,1,0,0,0,0,0,0,1,0,0,0,0,0,0,0,0,0,0,0,0,0,0,0
cassandra,cassandra/distributed/test/IPMembership,IPMembership,,C:/Users/ismak/Documents/GitHub/relation_test_code_smell_ML/dataset/projects/cassandra/test/distributed/org/apache/cassandra/distributed/test/IPMembershipTest.java,0,0,1,5,0,0,0,0,0,0,1,1,1,0,0,1,0,0,0,1,0,0,0,0,0,0,0,0,0,0,0,0,0,0,0
cassandra,cassandra/distributed/test/IncRepairAdmin,IncRepairAdmin,,C:/Users/ismak/Documents/GitHub/relation_test_code_smell_ML/dataset/projects/cassandra/test/distributed/org/apache/cassandra/distributed/test/IncRepairAdminTest.java,0,0,1,5,0,0,0,0,0,0,1,1,1,0,0,0,0,0,0,1,0,0,0,0,0,0,0,0,0,0,1,0,0,0,0
cassandra,cassandra/distributed/test/IncRepairCoordinatorError,IncRepairCoordinatorError,,C:/Users/ismak/Documents/GitHub/relation_test_code_smell_ML/dataset/projects/cassandra/test/distributed/org/apache/cassandra/distributed/test/IncRepairCoordinatorErrorTest.java,0,0,1,5,0,0,0,0,0,0,1,1,1,0,0,1,0,0,0,1,0,0,0,0,0,0,0,0,0,0,0,0,0,0,0
cassandra,cassandra/distributed/test/IncRepairTruncation,IncRepairTruncation,,C:/Users/ismak/Documents/GitHub/relation_test_code_smell_ML/dataset/projects/cassandra/test/distributed/org/apache/cassandra/distributed/test/IncRepairTruncationTest.java,0,0,1,6,0,0,0,0,0,0,1,1,1,0,0,1,0,0,0,1,0,0,1,0,0,0,0,0,0,0,0,0,0,0,0
cassandra,cassandra/distributed/test/IncrementalRepairCleanupAfterNodeAdding,IncrementalRepairCleanupAfterNodeAdding,,C:/Users/ismak/Documents/GitHub/relation_test_code_smell_ML/dataset/projects/cassandra/test/distributed/org/apache/cassandra/distributed/test/IncrementalRepairCleanupAfterNodeAddingTest.java,0,0,1,8,0,0,0,0,0,0,1,1,1,0,1,0,0,0,0,1,0,0,0,0,0,0,1,0,0,1,0,0,0,1,0
cassandra,cassandra/distributed/test/IncrementalRepairCoordinatorFast,IncrementalRepairCoordinatorFast,,C:/Users/ismak/Documents/GitHub/relation_test_code_smell_ML/dataset/projects/cassandra/test/distributed/org/apache/cassandra/distributed/test/IncrementalRepairCoordinatorFastTest.java,0,0,1,4,0,0,0,0,0,0,1,1,1,0,0,0,1,0,0,0,0,0,0,0,0,0,0,0,0,0,0,0,0,0,0
cassandra,cassandra/distributed/test/IncrementalRepairCoordinatorNeighbourDown,IncrementalRepairCoordinatorNeighbourDown,,C:/Users/ismak/Documents/GitHub/relation_test_code_smell_ML/dataset/projects/cassandra/test/distributed/org/apache/cassandra/distributed/test/IncrementalRepairCoordinatorNeighbourDownTest.java,0,0,1,4,0,0,0,0,0,0,1,1,1,0,0,0,1,0,0,0,0,0,0,0,0,0,0,0,0,0,0,0,0,0,0
cassandra,cassandra/distributed/test/IncrementalRepairCoordinatorTimeout,IncrementalRepairCoordinatorTimeout,,C:/Users/ismak/Documents/GitHub/relation_test_code_smell_ML/dataset/projects/cassandra/test/distributed/org/apache/cassandra/distributed/test/IncrementalRepairCoordinatorTimeoutTest.java,0,0,1,4,0,0,0,0,0,0,1,1,1,0,0,0,1,0,0,0,0,0,0,0,0,0,0,0,0,0,0,0,0,0,0
cassandra,cassandra/distributed/test/IndexDropping,IndexDropping,,C:/Users/ismak/Documents/GitHub/relation_test_code_smell_ML/dataset/projects/cassandra/test/distributed/org/apache/cassandra/distributed/test/IndexDroppingTest.java,0,0,1,4,0,0,0,0,0,0,1,1,1,0,0,0,0,0,0,1,0,0,0,0,0,0,0,0,0,0,0,0,0,0,0
cassandra,cassandra/distributed/test/InternodeEncryptionEnforcement,InternodeEncryptionEnforcement,,C:/Users/ismak/Documents/GitHub/relation_test_code_smell_ML/dataset/projects/cassandra/test/distributed/org/apache/cassandra/distributed/test/InternodeEncryptionEnforcementTest.java,0,0,1,9,0,0,0,0,0,0,1,1,1,0,1,1,0,0,0,1,0,0,0,0,0,0,0,0,0,1,1,0,0,1,0
cassandra,cassandra/distributed/test/InternodeEncryptionOptions,InternodeEncryptionOptions,,C:/Users/ismak/Documents/GitHub/relation_test_code_smell_ML/dataset/projects/cassandra/test/distributed/org/apache/cassandra/distributed/test/InternodeEncryptionOptionsTest.java,0,0,1,7,0,0,0,0,0,0,1,1,1,0,1,1,0,0,0,1,0,0,0,0,0,0,0,0,0,0,0,0,0,1,0
cassandra,cassandra/distributed/test/InternodeErrorExclusion,InternodeErrorExclusion,,C:/Users/ismak/Documents/GitHub/relation_test_code_smell_ML/dataset/projects/cassandra/test/distributed/org/apache/cassandra/distributed/test/InternodeErrorExclusionTest.java,0,0,1,4,0,0,0,0,0,0,1,1,1,0,0,0,0,0,0,1,0,0,0,0,0,0,0,0,0,0,0,0,0,0,0
cassandra,cassandra/distributed/test/JVMDTest,JVMDTest,,C:/Users/ismak/Documents/GitHub/relation_test_code_smell_ML/dataset/projects/cassandra/test/distributed/org/apache/cassandra/distributed/test/JVMDTestTest.java,0,0,1,7,0,0,0,0,0,0,1,1,1,0,1,0,0,0,0,1,0,0,0,0,0,0,0,0,0,1,0,0,0,1,0
cassandra,cassandra/distributed/test/JVMStabilityInspectorThrowable,JVMStabilityInspectorThrowable,,C:/Users/ismak/Documents/GitHub/relation_test_code_smell_ML/dataset/projects/cassandra/test/distributed/org/apache/cassandra/distributed/test/JVMStabilityInspectorThrowableTest.java,0,0,1,7,0,0,0,0,0,0,1,1,1,0,0,0,1,0,0,1,0,0,0,0,0,0,0,0,0,0,1,1,0,0,0
cassandra,cassandra/distributed/test/LargeColumn,LargeColumn,,C:/Users/ismak/Documents/GitHub/relation_test_code_smell_ML/dataset/projects/cassandra/test/distributed/org/apache/cassandra/distributed/test/LargeColumnTest.java,0,0,1,6,0,0,0,0,0,0,1,1,1,0,0,0,0,0,0,1,0,0,0,0,0,0,0,0,0,0,1,1,0,0,0
cassandra,cassandra/distributed/test/LargeMessage,LargeMessage,,C:/Users/ismak/Documents/GitHub/relation_test_code_smell_ML/dataset/projects/cassandra/test/distributed/org/apache/cassandra/distributed/test/LargeMessageTest.java,0,0,1,5,0,0,0,0,0,0,1,1,1,0,0,1,0,0,0,1,0,0,0,0,0,0,0,0,0,0,0,0,0,0,0
cassandra,cassandra/distributed/test/LegacyCAS,LegacyCAS,,C:/Users/ismak/Documents/GitHub/relation_test_code_smell_ML/dataset/projects/cassandra/test/distributed/org/apache/cassandra/distributed/test/LegacyCASTest.java,0,0,1,4,0,0,0,0,0,0,1,1,1,0,0,0,0,0,0,0,0,0,0,0,0,0,0,0,0,0,0,1,0,0,0
cassandra,cassandra/distributed/test/LeveledCompactionTask,LeveledCompactionTask,,C:/Users/ismak/Documents/GitHub/relation_test_code_smell_ML/dataset/projects/cassandra/test/distributed/org/apache/cassandra/distributed/test/LeveledCompactionTaskTest.java,0,0,1,5,0,0,0,0,0,0,1,1,1,0,0,1,0,0,0,1,0,0,0,0,0,0,0,0,0,0,0,0,0,0,0
cassandra,cassandra/distributed/test/MessageFilters,MessageFilters,,C:/Users/ismak/Documents/GitHub/relation_test_code_smell_ML/dataset/projects/cassandra/test/distributed/org/apache/cassandra/distributed/test/MessageFiltersTest.java,0,0,1,9,0,0,0,0,0,0,1,1,1,0,1,1,0,0,0,1,0,0,0,0,0,0,0,0,0,0,1,1,0,1,0
cassandra,cassandra/distributed/test/MessageForwarding,MessageForwarding,,C:/Users/ismak/Documents/GitHub/relation_test_code_smell_ML/dataset/projects/cassandra/test/distributed/org/apache/cassandra/distributed/test/MessageForwardingTest.java,0,0,1,5,0,0,0,0,0,0,1,1,1,0,0,1,0,0,0,1,0,0,0,0,0,0,0,0,0,0,0,0,0,0,0
cassandra,cassandra/distributed/test/MessageTimestamp,MessageTimestamp,,C:/Users/ismak/Documents/GitHub/relation_test_code_smell_ML/dataset/projects/cassandra/test/distributed/org/apache/cassandra/distributed/test/MessageTimestampTest.java,0,0,1,6,0,0,0,0,0,0,1,1,1,0,1,1,0,0,0,1,0,0,0,0,0,0,0,0,0,0,0,0,0,0,0
cassandra,cassandra/distributed/test/Metrics,Metrics,,C:/Users/ismak/Documents/GitHub/relation_test_code_smell_ML/dataset/projects/cassandra/test/distributed/org/apache/cassandra/distributed/test/MetricsTest.java,0,0,1,6,0,0,0,0,0,0,1,1,1,0,1,0,0,0,0,1,0,0,0,0,0,0,0,0,0,0,0,0,0,1,0
cassandra,cassandra/distributed/test/MetricsCountQueries,MetricsCountQueries,,C:/Users/ismak/Documents/GitHub/relation_test_code_smell_ML/dataset/projects/cassandra/test/distributed/org/apache/cassandra/distributed/test/MetricsCountQueriesTest.java,0,0,1,7,0,0,0,0,0,0,1,1,1,0,1,1,0,0,0,1,0,0,0,0,0,0,0,0,0,0,0,0,0,1,0
cassandra,cassandra/distributed/test/MixedModeFuzz,MixedModeFuzz,,C:/Users/ismak/Documents/GitHub/relation_test_code_smell_ML/dataset/projects/cassandra/test/distributed/org/apache/cassandra/distributed/test/MixedModeFuzzTest.java,0,0,1,8,0,0,0,0,0,0,1,1,1,0,1,1,0,0,0,1,0,0,0,0,0,0,0,0,0,1,0,0,0,1,0
cassandra,cassandra/distributed/test/Move,Move,,C:/Users/ismak/Documents/GitHub/relation_test_code_smell_ML/dataset/projects/cassandra/test/distributed/org/apache/cassandra/distributed/test/MoveTest.java,0,0,1,5,0,0,0,0,0,0,1,1,1,0,0,0,0,0,0,1,0,0,0,0,0,0,0,0,0,0,1,0,0,0,0
cassandra,cassandra/distributed/test/MultipleDataDirectory,MultipleDataDirectory,,C:/Users/ismak/Documents/GitHub/relation_test_code_smell_ML/dataset/projects/cassandra/test/distributed/org/apache/cassandra/distributed/test/MultipleDataDirectoryTest.java,0,0,1,4,0,0,0,0,0,0,1,1,1,0,0,0,0,0,0,0,0,0,0,0,0,0,0,0,0,0,0,0,0,1,0
cassandra,cassandra/distributed/test/NativeMixedVersion,NativeMixedVersion,,C:/Users/ismak/Documents/GitHub/relation_test_code_smell_ML/dataset/projects/cassandra/test/distributed/org/apache/cassandra/distributed/test/NativeMixedVersionTest.java,0,0,1,7,0,0,0,0,0,0,1,1,1,0,1,1,0,0,0,1,0,0,0,0,0,0,0,0,0,1,0,0,0,0,0
cassandra,cassandra/distributed/test/NativeProtocol,NativeProtocol,,C:/Users/ismak/Documents/GitHub/relation_test_code_smell_ML/dataset/projects/cassandra/test/distributed/org/apache/cassandra/distributed/test/NativeProtocolTest.java,0,0,1,8,0,0,0,0,0,0,1,1,1,0,1,0,0,0,0,1,0,0,0,0,0,0,0,0,0,1,1,0,0,1,0
cassandra,cassandra/distributed/test/NativeTransportEncryptionOptions,NativeTransportEncryptionOptions,,C:/Users/ismak/Documents/GitHub/relation_test_code_smell_ML/dataset/projects/cassandra/test/distributed/org/apache/cassandra/distributed/test/NativeTransportEncryptionOptionsTest.java,0,0,1,7,0,0,0,0,0,0,1,1,1,0,1,0,0,0,0,1,0,0,0,0,0,0,0,0,0,0,1,1,0,0,0
cassandra,cassandra/distributed/test/NetstatsBootstrapWithEntireSSTablesCompressionStreaming,NetstatsBootstrapWithEntireSSTablesCompressionStreaming,,C:/Users/ismak/Documents/GitHub/relation_test_code_smell_ML/dataset/projects/cassandra/test/distributed/org/apache/cassandra/distributed/test/NetstatsBootstrapWithEntireSSTablesCompressionStreamingTest.java,0,0,1,5,0,0,0,0,0,0,1,1,1,0,0,0,0,0,0,1,0,0,0,0,0,0,0,0,0,0,1,0,0,0,0
cassandra,cassandra/distributed/test/NetstatsBootstrapWithoutEntireSSTablesCompressionStreaming,NetstatsBootstrapWithoutEntireSSTablesCompressionStreaming,,C:/Users/ismak/Documents/GitHub/relation_test_code_smell_ML/dataset/projects/cassandra/test/distributed/org/apache/cassandra/distributed/test/NetstatsBootstrapWithoutEntireSSTablesCompressionStreamingTest.java,0,0,1,5,0,0,0,0,0,0,1,1,1,0,0,0,0,0,0,1,0,0,0,0,0,0,0,0,0,0,1,0,0,0,0
cassandra,cassandra/distributed/test/NetstatsRepairStreaming,NetstatsRepairStreaming,,C:/Users/ismak/Documents/GitHub/relation_test_code_smell_ML/dataset/projects/cassandra/test/distributed/org/apache/cassandra/distributed/test/NetstatsRepairStreamingTest.java,0,0,1,5,0,0,0,0,0,0,1,1,1,0,0,0,0,0,0,1,0,0,0,0,0,0,0,0,0,0,1,0,0,0,0
cassandra,cassandra/distributed/test/NetworkTopology,NetworkTopology,,C:/Users/ismak/Documents/GitHub/relation_test_code_smell_ML/dataset/projects/cassandra/test/distributed/org/apache/cassandra/distributed/test/NetworkTopologyTest.java,0,0,1,6,0,0,0,0,0,0,1,1,1,0,1,0,0,0,0,1,0,0,0,0,0,0,0,0,0,0,0,0,0,1,0
cassandra,cassandra/distributed/test/NodeTool,NodeTool,,C:/Users/ismak/Documents/GitHub/relation_test_code_smell_ML/dataset/projects/cassandra/test/distributed/org/apache/cassandra/distributed/test/NodeToolTest.java,0,0,1,7,0,0,0,0,0,0,1,1,1,0,1,1,0,0,0,1,0,0,0,0,0,0,0,0,0,0,0,0,0,1,0
cassandra,cassandra/distributed/test/NodeToolEnableDisableBinary,NodeToolEnableDisableBinary,,C:/Users/ismak/Documents/GitHub/relation_test_code_smell_ML/dataset/projects/cassandra/test/distributed/org/apache/cassandra/distributed/test/NodeToolEnableDisableBinaryTest.java,0,0,1,7,0,0,0,0,0,0,1,1,1,0,1,0,0,0,0,1,0,0,0,0,0,0,0,0,0,1,0,0,0,1,0
cassandra,cassandra/distributed/test/NodeToolStatusWithVNodes,NodeToolStatusWithVNodes,,C:/Users/ismak/Documents/GitHub/relation_test_code_smell_ML/dataset/projects/cassandra/test/distributed/org/apache/cassandra/distributed/test/NodeToolStatusWithVNodesTest.java,0,0,1,4,0,0,0,0,0,0,1,1,1,0,0,0,0,0,0,0,0,0,0,0,0,0,0,0,0,0,1,0,0,0,0
cassandra,cassandra/distributed/test/NodetoolStatusWithoutVNodes,NodetoolStatusWithoutVNodes,,C:/Users/ismak/Documents/GitHub/relation_test_code_smell_ML/dataset/projects/cassandra/test/distributed/org/apache/cassandra/distributed/test/NodetoolStatusWithoutVNodesTest.java,0,0,1,4,0,0,0,0,0,0,1,1,1,0,0,0,0,0,0,0,0,0,0,0,0,0,0,0,0,0,1,0,0,0,0
cassandra,cassandra/distributed/test/OptimiseStreamsRepair,OptimiseStreamsRepair,,C:/Users/ismak/Documents/GitHub/relation_test_code_smell_ML/dataset/projects/cassandra/test/distributed/org/apache/cassandra/distributed/test/OptimiseStreamsRepairTest.java,0,0,1,6,0,0,0,0,0,0,1,1,1,0,0,1,0,0,0,1,0,0,0,0,0,0,1,0,0,0,0,0,0,0,0
cassandra,cassandra/distributed/test/Overload,Overload,,C:/Users/ismak/Documents/GitHub/relation_test_code_smell_ML/dataset/projects/cassandra/test/distributed/org/apache/cassandra/distributed/test/OverloadTest.java,0,0,1,9,0,0,0,0,0,0,1,1,1,0,1,1,0,0,0,1,0,0,0,0,0,0,0,0,0,0,1,1,0,1,0
cassandra,cassandra/distributed/test/OversizedMutation,OversizedMutation,,C:/Users/ismak/Documents/GitHub/relation_test_code_smell_ML/dataset/projects/cassandra/test/distributed/org/apache/cassandra/distributed/test/OversizedMutationTest.java,0,0,1,4,0,0,0,0,0,0,1,1,1,0,0,0,0,0,0,1,0,0,0,0,0,0,0,0,0,0,0,0,0,0,0
cassandra,cassandra/distributed/test/Paging,Paging,,C:/Users/ismak/Documents/GitHub/relation_test_code_smell_ML/dataset/projects/cassandra/test/distributed/org/apache/cassandra/distributed/test/PagingTest.java,0,0,1,5,0,0,0,0,0,0,1,1,1,0,0,1,0,0,0,1,0,0,0,0,0,0,0,0,0,0,0,0,0,0,0
cassandra,cassandra/distributed/test/PartitionDenylist,PartitionDenylist,,C:/Users/ismak/Documents/GitHub/relation_test_code_smell_ML/dataset/projects/cassandra/test/distributed/org/apache/cassandra/distributed/test/PartitionDenylistTest.java,0,0,1,5,0,0,0,0,0,0,1,1,1,0,0,0,0,0,0,1,0,0,0,0,0,0,0,0,0,0,1,0,0,0,0
cassandra,cassandra/distributed/test/PaxosEpochSerialization,PaxosEpochSerialization,,C:/Users/ismak/Documents/GitHub/relation_test_code_smell_ML/dataset/projects/cassandra/test/distributed/org/apache/cassandra/distributed/test/PaxosEpochSerializationTest.java,0,0,1,5,0,0,0,0,0,0,1,1,1,0,0,1,0,0,0,1,0,0,0,0,0,0,0,0,0,0,0,0,0,0,0
cassandra,cassandra/distributed/test/PaxosRepair,PaxosRepair,,C:/Users/ismak/Documents/GitHub/relation_test_code_smell_ML/dataset/projects/cassandra/test/distributed/org/apache/cassandra/distributed/test/PaxosRepairTest.java,0,0,1,8,0,0,0,0,0,0,1,1,1,0,1,1,0,0,0,1,0,0,0,0,0,0,0,0,0,1,0,0,0,1,0
cassandra,cassandra/distributed/test/PaxosRepair2,PaxosRepair2,,C:/Users/ismak/Documents/GitHub/relation_test_code_smell_ML/dataset/projects/cassandra/test/distributed/org/apache/cassandra/distributed/test/PaxosRepair2Test.java,0,0,1,10,0,0,0,0,0,0,1,1,1,0,1,1,0,0,0,1,0,0,0,0,1,0,1,0,0,1,0,0,0,1,0
cassandra,cassandra/distributed/test/PaxosUncommittedIndex,PaxosUncommittedIndex,,C:/Users/ismak/Documents/GitHub/relation_test_code_smell_ML/dataset/projects/cassandra/test/distributed/org/apache/cassandra/distributed/test/PaxosUncommittedIndexTest.java,0,0,1,5,0,0,0,0,0,0,1,1,1,0,1,0,0,0,0,1,0,0,0,0,0,0,0,0,0,0,0,0,0,0,0
cassandra,cassandra/distributed/test/PrepareBatchStatements,PrepareBatchStatements,,C:/Users/ismak/Documents/GitHub/relation_test_code_smell_ML/dataset/projects/cassandra/test/distributed/org/apache/cassandra/distributed/test/PrepareBatchStatementsTest.java,0,0,1,5,0,0,0,0,0,0,1,1,1,0,1,0,0,0,0,1,0,0,0,0,0,0,0,0,0,0,0,0,0,0,0
cassandra,cassandra/distributed/test/PreparedStatementInvalidation,PreparedStatementInvalidation,,C:/Users/ismak/Documents/GitHub/relation_test_code_smell_ML/dataset/projects/cassandra/test/distributed/org/apache/cassandra/distributed/test/PreparedStatementInvalidationTest.java,0,0,1,5,0,0,0,0,0,0,1,1,1,0,0,0,0,0,0,1,0,0,0,0,0,0,0,0,0,0,1,0,0,0,0
cassandra,cassandra/distributed/test/PreparedStatementInvalidationRace,PreparedStatementInvalidationRace,,C:/Users/ismak/Documents/GitHub/relation_test_code_smell_ML/dataset/projects/cassandra/test/distributed/org/apache/cassandra/distributed/test/PreparedStatementInvalidationRaceTest.java,0,0,1,7,0,0,0,0,0,0,1,1,1,0,1,1,0,0,0,1,0,0,0,0,0,0,0,0,0,0,0,0,0,1,0
cassandra,cassandra/distributed/test/PreviewRepair,PreviewRepair,,C:/Users/ismak/Documents/GitHub/relation_test_code_smell_ML/dataset/projects/cassandra/test/distributed/org/apache/cassandra/distributed/test/PreviewRepairTest.java,0,0,1,7,0,0,0,0,0,0,1,1,1,0,1,1,0,0,0,1,0,0,0,0,0,0,0,0,0,0,0,0,0,1,0
cassandra,cassandra/distributed/test/PreviewRepairCoordinatorFast,PreviewRepairCoordinatorFast,,C:/Users/ismak/Documents/GitHub/relation_test_code_smell_ML/dataset/projects/cassandra/test/distributed/org/apache/cassandra/distributed/test/PreviewRepairCoordinatorFastTest.java,0,0,1,4,0,0,0,0,0,0,1,1,1,0,0,0,1,0,0,0,0,0,0,0,0,0,0,0,0,0,0,0,0,0,0
cassandra,cassandra/distributed/test/PreviewRepairCoordinatorNeighbourDown,PreviewRepairCoordinatorNeighbourDown,,C:/Users/ismak/Documents/GitHub/relation_test_code_smell_ML/dataset/projects/cassandra/test/distributed/org/apache/cassandra/distributed/test/PreviewRepairCoordinatorNeighbourDownTest.java,0,0,1,4,0,0,0,0,0,0,1,1,1,0,0,0,1,0,0,0,0,0,0,0,0,0,0,0,0,0,0,0,0,0,0
cassandra,cassandra/distributed/test/PreviewRepairCoordinatorTimeout,PreviewRepairCoordinatorTimeout,,C:/Users/ismak/Documents/GitHub/relation_test_code_smell_ML/dataset/projects/cassandra/test/distributed/org/apache/cassandra/distributed/test/PreviewRepairCoordinatorTimeoutTest.java,0,0,1,4,0,0,0,0,0,0,1,1,1,0,0,0,1,0,0,0,0,0,0,0,0,0,0,0,0,0,0,0,0,0,0
cassandra,cassandra/distributed/test/PreviewRepairSnapshot,PreviewRepairSnapshot,,C:/Users/ismak/Documents/GitHub/relation_test_code_smell_ML/dataset/projects/cassandra/test/distributed/org/apache/cassandra/distributed/test/PreviewRepairSnapshotTest.java,0,0,1,5,0,0,0,0,0,0,1,1,1,0,0,1,0,0,0,1,0,0,0,0,0,0,0,0,0,0,0,0,0,0,0
cassandra,cassandra/distributed/test/ProfileLoad,ProfileLoad,,C:/Users/ismak/Documents/GitHub/relation_test_code_smell_ML/dataset/projects/cassandra/test/distributed/org/apache/cassandra/distributed/test/ProfileLoadTest.java,0,0,1,5,0,0,0,0,0,0,1,1,1,0,0,1,0,0,0,1,0,0,0,0,0,0,0,0,0,0,0,0,0,0,0
cassandra,cassandra/distributed/test/QueriesTable,QueriesTable,,C:/Users/ismak/Documents/GitHub/relation_test_code_smell_ML/dataset/projects/cassandra/test/distributed/org/apache/cassandra/distributed/test/QueriesTableTest.java,0,0,1,5,0,0,0,0,0,0,1,1,1,0,0,0,0,0,0,1,0,0,0,0,0,0,0,0,0,0,1,0,0,0,0
cassandra,cassandra/distributed/test/QueryReplayerEndToEnd,QueryReplayerEndToEnd,,C:/Users/ismak/Documents/GitHub/relation_test_code_smell_ML/dataset/projects/cassandra/test/distributed/org/apache/cassandra/distributed/test/QueryReplayerEndToEndTest.java,0,0,1,4,0,0,0,0,0,0,1,1,1,0,0,0,0,0,0,1,0,0,0,0,0,0,0,0,0,0,0,0,0,0,0
cassandra,cassandra/distributed/test/ReadDigestConsistency,ReadDigestConsistency,,C:/Users/ismak/Documents/GitHub/relation_test_code_smell_ML/dataset/projects/cassandra/test/distributed/org/apache/cassandra/distributed/test/ReadDigestConsistencyTest.java,0,0,1,6,0,0,0,0,0,0,1,1,1,0,0,1,0,0,0,1,0,0,0,0,0,0,0,0,0,0,1,0,0,0,0
cassandra,cassandra/distributed/test/ReadFailure,ReadFailure,,C:/Users/ismak/Documents/GitHub/relation_test_code_smell_ML/dataset/projects/cassandra/test/distributed/org/apache/cassandra/distributed/test/ReadFailureTest.java,0,0,1,6,0,0,0,0,0,0,1,1,1,0,0,1,0,0,0,1,0,0,0,0,0,0,0,0,0,0,1,0,0,0,0
cassandra,cassandra/distributed/test/ReadRepair,ReadRepair,,C:/Users/ismak/Documents/GitHub/relation_test_code_smell_ML/dataset/projects/cassandra/test/distributed/org/apache/cassandra/distributed/test/ReadRepairTest.java,0,0,1,10,0,0,0,0,0,0,1,1,1,0,1,1,0,0,0,1,0,0,0,0,1,0,0,0,0,0,1,1,0,1,0
cassandra,cassandra/distributed/test/ReadRepairCollectionQueries,ReadRepairCollectionQueries,,C:/Users/ismak/Documents/GitHub/relation_test_code_smell_ML/dataset/projects/cassandra/test/distributed/org/apache/cassandra/distributed/test/ReadRepairCollectionQueriesTest.java,0,0,1,4,0,0,0,0,0,0,1,1,1,0,0,0,0,0,0,0,0,0,0,0,0,0,0,0,0,0,1,0,0,0,0
cassandra,cassandra/distributed/test/ReadRepairEmptyRangeTombstonesWithFlushes,ReadRepairEmptyRangeTombstonesWithFlushes,,C:/Users/ismak/Documents/GitHub/relation_test_code_smell_ML/dataset/projects/cassandra/test/distributed/org/apache/cassandra/distributed/test/ReadRepairEmptyRangeTombstonesWithFlushesTest.java,0,0,1,3,0,0,0,0,0,0,1,1,1,0,0,0,0,0,0,0,0,0,0,0,0,0,0,0,0,0,0,0,0,0,0
cassandra,cassandra/distributed/test/ReadRepairEmptyRangeTombstonesWithoutFlushes,ReadRepairEmptyRangeTombstonesWithoutFlushes,,C:/Users/ismak/Documents/GitHub/relation_test_code_smell_ML/dataset/projects/cassandra/test/distributed/org/apache/cassandra/distributed/test/ReadRepairEmptyRangeTombstonesWithoutFlushesTest.java,0,0,1,3,0,0,0,0,0,0,1,1,1,0,0,0,0,0,0,0,0,0,0,0,0,0,0,0,0,0,0,0,0,0,0
cassandra,cassandra/distributed/test/ReadRepairInQueries,ReadRepairInQueries,,C:/Users/ismak/Documents/GitHub/relation_test_code_smell_ML/dataset/projects/cassandra/test/distributed/org/apache/cassandra/distributed/test/ReadRepairInQueriesTest.java,0,0,1,4,0,0,0,0,0,0,1,1,1,0,0,0,0,0,0,0,0,0,0,0,0,0,0,0,0,0,1,0,0,0,0
cassandra,cassandra/distributed/test/ReadRepairPointQueries,ReadRepairPointQueries,,C:/Users/ismak/Documents/GitHub/relation_test_code_smell_ML/dataset/projects/cassandra/test/distributed/org/apache/cassandra/distributed/test/ReadRepairPointQueriesTest.java,0,0,1,5,0,0,0,0,0,0,1,1,1,0,0,1,0,0,0,0,0,0,0,0,0,0,0,0,0,0,1,0,0,0,0
cassandra,cassandra/distributed/test/ReadRepairRangeQueries,ReadRepairRangeQueries,,C:/Users/ismak/Documents/GitHub/relation_test_code_smell_ML/dataset/projects/cassandra/test/distributed/org/apache/cassandra/distributed/test/ReadRepairRangeQueriesTest.java,0,0,1,5,0,0,0,0,0,0,1,1,1,0,0,1,0,0,0,0,0,0,0,0,0,0,0,0,0,0,1,0,0,0,0
cassandra,cassandra/distributed/test/ReadRepairSliceQueries,ReadRepairSliceQueries,,C:/Users/ismak/Documents/GitHub/relation_test_code_smell_ML/dataset/projects/cassandra/test/distributed/org/apache/cassandra/distributed/test/ReadRepairSliceQueriesTest.java,0,0,1,5,0,0,0,0,0,0,1,1,1,0,0,1,0,0,0,0,0,0,0,0,0,0,0,0,0,0,1,0,0,0,0
cassandra,cassandra/distributed/test/ReadRepairUnrestrictedQueries,ReadRepairUnrestrictedQueries,,C:/Users/ismak/Documents/GitHub/relation_test_code_smell_ML/dataset/projects/cassandra/test/distributed/org/apache/cassandra/distributed/test/ReadRepairUnrestrictedQueriesTest.java,0,0,1,5,0,0,0,0,0,0,1,1,1,0,0,1,0,0,0,0,0,0,0,0,0,0,0,0,0,0,1,0,0,0,0
cassandra,cassandra/distributed/test/ReadSpeculation,ReadSpeculation,,C:/Users/ismak/Documents/GitHub/relation_test_code_smell_ML/dataset/projects/cassandra/test/distributed/org/apache/cassandra/distributed/test/ReadSpeculationTest.java,0,0,1,7,0,0,0,0,0,0,1,1,1,0,1,1,0,0,0,1,0,0,0,0,0,0,0,0,0,0,0,0,0,1,0
cassandra,cassandra/distributed/test/ReconnectToInternalIP,ReconnectToInternalIP,,C:/Users/ismak/Documents/GitHub/relation_test_code_smell_ML/dataset/projects/cassandra/test/distributed/org/apache/cassandra/distributed/test/ReconnectToInternalIPTest.java,0,0,1,5,0,0,0,0,0,0,1,1,1,0,0,0,0,0,0,1,0,0,0,0,0,0,0,0,0,0,1,0,0,0,0
cassandra,cassandra/distributed/test/RemoveNode,RemoveNode,,C:/Users/ismak/Documents/GitHub/relation_test_code_smell_ML/dataset/projects/cassandra/test/distributed/org/apache/cassandra/distributed/test/RemoveNodeTest.java,0,0,1,6,0,0,0,0,0,0,1,1,1,0,1,1,0,0,0,1,0,0,0,0,0,0,0,0,0,0,0,0,0,0,0
cassandra,cassandra/distributed/test/Repair,Repair,,C:/Users/ismak/Documents/GitHub/relation_test_code_smell_ML/dataset/projects/cassandra/test/distributed/org/apache/cassandra/distributed/test/RepairTest.java,0,0,1,6,0,0,0,0,0,0,1,1,1,0,0,1,0,0,0,1,0,0,0,0,0,0,0,0,0,0,1,0,0,0,0
cassandra,cassandra/distributed/test/RepairBoundary,RepairBoundary,,C:/Users/ismak/Documents/GitHub/relation_test_code_smell_ML/dataset/projects/cassandra/test/distributed/org/apache/cassandra/distributed/test/RepairBoundaryTest.java,0,0,1,5,0,0,0,0,0,0,1,1,1,0,0,1,0,0,0,1,0,0,0,0,0,0,0,0,0,0,0,0,0,0,0
cassandra,cassandra/distributed/test/RepairCoordinatorFailingMessage,RepairCoordinatorFailingMessage,,C:/Users/ismak/Documents/GitHub/relation_test_code_smell_ML/dataset/projects/cassandra/test/distributed/org/apache/cassandra/distributed/test/RepairCoordinatorFailingMessageTest.java,0,0,1,6,0,0,0,0,0,0,1,1,1,0,0,0,1,0,0,1,0,0,0,0,0,0,0,0,0,0,0,1,0,0,0
cassandra,cassandra/distributed/test/RepairDigestTracking,RepairDigestTracking,,C:/Users/ismak/Documents/GitHub/relation_test_code_smell_ML/dataset/projects/cassandra/test/distributed/org/apache/cassandra/distributed/test/RepairDigestTrackingTest.java,0,0,1,8,0,0,0,0,0,0,1,1,1,0,1,1,0,0,0,1,0,0,0,0,0,0,0,0,0,1,0,0,0,1,0
cassandra,cassandra/distributed/test/RepairErrors,RepairErrors,,C:/Users/ismak/Documents/GitHub/relation_test_code_smell_ML/dataset/projects/cassandra/test/distributed/org/apache/cassandra/distributed/test/RepairErrorsTest.java,0,0,1,6,0,0,0,0,0,0,1,1,1,0,1,1,0,0,0,1,0,0,0,0,0,0,0,0,0,0,0,0,0,0,0
cassandra,cassandra/distributed/test/RepairOperational,RepairOperational,,C:/Users/ismak/Documents/GitHub/relation_test_code_smell_ML/dataset/projects/cassandra/test/distributed/org/apache/cassandra/distributed/test/RepairOperationalTest.java,0,0,1,5,0,0,0,0,0,0,1,1,1,0,0,1,0,0,0,1,0,0,0,0,0,0,0,0,0,0,0,0,0,0,0
cassandra,cassandra/distributed/test/RepairRequestTimeout,RepairRequestTimeout,,C:/Users/ismak/Documents/GitHub/relation_test_code_smell_ML/dataset/projects/cassandra/test/distributed/org/apache/cassandra/distributed/test/RepairRequestTimeoutTest.java,0,0,1,5,0,0,0,0,0,0,1,1,1,0,0,1,0,0,0,0,0,0,0,0,0,0,0,0,0,0,1,0,0,0,0
cassandra,cassandra/distributed/test/ReplicaFilteringProtection,ReplicaFilteringProtection,,C:/Users/ismak/Documents/GitHub/relation_test_code_smell_ML/dataset/projects/cassandra/test/distributed/org/apache/cassandra/distributed/test/ReplicaFilteringProtectionTest.java,0,0,1,6,0,0,0,0,0,0,1,1,1,0,0,0,0,0,0,1,0,0,0,0,0,0,0,0,0,0,1,1,0,0,0
cassandra,cassandra/distributed/test/ReprepareFuzz,ReprepareFuzz,,C:/Users/ismak/Documents/GitHub/relation_test_code_smell_ML/dataset/projects/cassandra/test/distributed/org/apache/cassandra/distributed/test/ReprepareFuzzTest.java,0,0,1,8,0,0,0,0,0,0,1,1,1,0,1,1,0,0,0,1,0,0,0,0,0,0,0,0,0,1,0,0,0,1,0
cassandra,cassandra/distributed/test/ReprepareNewBehaviour,ReprepareNewBehaviour,,C:/Users/ismak/Documents/GitHub/relation_test_code_smell_ML/dataset/projects/cassandra/test/distributed/org/apache/cassandra/distributed/test/ReprepareNewBehaviourTest.java,0,0,1,8,0,0,0,0,0,0,1,1,1,0,1,0,0,0,0,1,0,0,0,0,0,0,0,0,0,1,1,0,0,1,0
cassandra,cassandra/distributed/test/ReprepareOldBehaviour,ReprepareOldBehaviour,,C:/Users/ismak/Documents/GitHub/relation_test_code_smell_ML/dataset/projects/cassandra/test/distributed/org/apache/cassandra/distributed/test/ReprepareOldBehaviourTest.java,0,0,1,6,0,0,0,0,0,0,1,1,1,0,0,1,0,0,0,1,0,0,0,0,0,0,0,0,0,0,1,0,0,0,0
cassandra,cassandra/distributed/test/ResourceLeak,ResourceLeak,,C:/Users/ismak/Documents/GitHub/relation_test_code_smell_ML/dataset/projects/cassandra/test/distributed/org/apache/cassandra/distributed/test/ResourceLeakTest.java,0,0,1,4,0,0,0,0,0,0,1,1,1,0,0,0,0,0,0,0,0,0,0,0,0,0,0,0,0,0,0,1,0,0,0
cassandra,cassandra/distributed/test/Restart,Restart,,C:/Users/ismak/Documents/GitHub/relation_test_code_smell_ML/dataset/projects/cassandra/test/distributed/org/apache/cassandra/distributed/test/RestartTest.java,0,0,1,5,0,0,0,0,0,0,1,1,1,0,0,0,0,0,0,1,0,0,0,0,0,0,0,0,0,0,1,0,0,0,0
cassandra,cassandra/distributed/test/SSTableIdGeneration,SSTableIdGeneration,,C:/Users/ismak/Documents/GitHub/relation_test_code_smell_ML/dataset/projects/cassandra/test/distributed/org/apache/cassandra/distributed/test/SSTableIdGenerationTest.java,0,0,1,9,0,0,0,0,0,0,1,1,1,0,0,1,0,0,0,1,0,1,0,0,0,0,0,0,0,0,1,1,1,0,0
cassandra,cassandra/distributed/test/SSTableLoaderEncryptionOptions,SSTableLoaderEncryptionOptions,,C:/Users/ismak/Documents/GitHub/relation_test_code_smell_ML/dataset/projects/cassandra/test/distributed/org/apache/cassandra/distributed/test/SSTableLoaderEncryptionOptionsTest.java,0,0,1,7,0,0,0,0,0,0,1,1,1,0,1,0,0,0,0,1,0,1,0,0,0,0,0,0,0,0,0,0,1,0,0
cassandra,cassandra/distributed/test/SSTableReadLogsQuery,SSTableReadLogsQuery,,C:/Users/ismak/Documents/GitHub/relation_test_code_smell_ML/dataset/projects/cassandra/test/distributed/org/apache/cassandra/distributed/test/SSTableReadLogsQueryTest.java,0,0,1,7,0,0,0,0,0,0,1,1,1,0,1,1,0,0,0,1,0,0,0,0,0,0,0,0,0,0,0,0,0,1,0
cassandra,cassandra/distributed/test/SSTableSkippingRead,SSTableSkippingRead,,C:/Users/ismak/Documents/GitHub/relation_test_code_smell_ML/dataset/projects/cassandra/test/distributed/org/apache/cassandra/distributed/test/SSTableSkippingReadTest.java,0,0,1,5,0,0,0,0,0,0,1,1,1,0,0,0,0,0,0,1,0,0,0,0,0,0,0,0,0,0,0,0,0,1,0
cassandra,cassandra/distributed/test/Schema,Schema,,C:/Users/ismak/Documents/GitHub/relation_test_code_smell_ML/dataset/projects/cassandra/test/distributed/org/apache/cassandra/distributed/test/SchemaTest.java,0,0,1,6,0,0,0,0,0,0,1,1,1,0,1,0,0,0,0,1,0,0,0,0,0,0,0,0,0,0,1,0,0,0,0
cassandra,cassandra/distributed/test/SchemaDisagreement,SchemaDisagreement,,C:/Users/ismak/Documents/GitHub/relation_test_code_smell_ML/dataset/projects/cassandra/test/distributed/org/apache/cassandra/distributed/test/SchemaDisagreementTest.java,0,0,1,5,0,0,0,0,0,0,1,1,1,0,0,0,0,0,0,1,0,0,0,0,0,0,0,0,0,0,1,0,0,0,0
cassandra,cassandra/distributed/test/SecondaryIndex,SecondaryIndex,,C:/Users/ismak/Documents/GitHub/relation_test_code_smell_ML/dataset/projects/cassandra/test/distributed/org/apache/cassandra/distributed/test/SecondaryIndexTest.java,0,0,1,7,0,0,0,0,0,0,1,1,1,0,1,1,0,0,0,1,0,0,0,0,0,0,0,0,0,0,0,0,0,1,0
cassandra,cassandra/distributed/test/SecondaryIndexCompaction,SecondaryIndexCompaction,,C:/Users/ismak/Documents/GitHub/relation_test_code_smell_ML/dataset/projects/cassandra/test/distributed/org/apache/cassandra/distributed/test/SecondaryIndexCompactionTest.java,0,0,1,6,0,0,0,0,0,0,1,1,1,0,0,1,0,0,0,1,0,0,0,0,0,0,0,0,0,0,1,0,0,0,0
cassandra,cassandra/distributed/test/ShortReadProtection,ShortReadProtection,,C:/Users/ismak/Documents/GitHub/relation_test_code_smell_ML/dataset/projects/cassandra/test/distributed/org/apache/cassandra/distributed/test/ShortReadProtectionTest.java,0,0,1,3,0,0,0,0,0,0,1,1,1,0,0,0,0,0,0,0,0,0,0,0,0,0,0,0,0,0,0,0,0,0,0
cassandra,cassandra/distributed/test/SimpleReadWrite,SimpleReadWrite,,C:/Users/ismak/Documents/GitHub/relation_test_code_smell_ML/dataset/projects/cassandra/test/distributed/org/apache/cassandra/distributed/test/SimpleReadWriteTest.java,0,0,1,5,0,0,0,0,0,0,1,1,1,0,0,1,0,0,0,0,1,0,0,0,0,0,0,0,0,0,0,0,0,0,0
cassandra,cassandra/distributed/test/SinglePartitionReadCommand,SinglePartitionReadCommand,,C:/Users/ismak/Documents/GitHub/relation_test_code_smell_ML/dataset/projects/cassandra/test/distributed/org/apache/cassandra/distributed/test/SinglePartitionReadCommandTest.java,0,0,1,5,0,0,0,0,0,0,1,1,1,0,0,1,0,0,0,1,0,0,0,0,0,0,0,0,0,0,0,0,0,0,0
cassandra,cassandra/distributed/test/SlowQueriesAppender,SlowQueriesAppender,,C:/Users/ismak/Documents/GitHub/relation_test_code_smell_ML/dataset/projects/cassandra/test/distributed/org/apache/cassandra/distributed/test/SlowQueriesAppenderTest.java,0,0,1,5,0,0,0,0,0,0,1,1,1,0,1,0,0,0,0,1,0,0,0,0,0,0,0,0,0,0,0,0,0,0,0
cassandra,cassandra/distributed/test/SlowQueryDeser,SlowQueryDeser,,C:/Users/ismak/Documents/GitHub/relation_test_code_smell_ML/dataset/projects/cassandra/test/distributed/org/apache/cassandra/distributed/test/SlowQueryDeserTest.java,0,0,1,5,0,0,0,0,0,0,1,1,1,0,0,0,0,0,0,1,0,0,0,0,0,0,0,0,0,0,1,0,0,0,0
cassandra,cassandra/distributed/test/Snapshots,Snapshots,,C:/Users/ismak/Documents/GitHub/relation_test_code_smell_ML/dataset/projects/cassandra/test/distributed/org/apache/cassandra/distributed/test/SnapshotsTest.java,0,0,1,10,0,0,0,0,0,0,1,1,1,0,1,1,0,0,0,1,0,0,0,0,0,0,1,0,0,0,1,0,1,1,0
cassandra,cassandra/distributed/test/StreamPrepareFail,StreamPrepareFail,,C:/Users/ismak/Documents/GitHub/relation_test_code_smell_ML/dataset/projects/cassandra/test/distributed/org/apache/cassandra/distributed/test/StreamPrepareFailTest.java,0,0,1,5,0,0,0,0,0,0,1,1,1,0,1,0,0,0,0,1,0,0,0,0,0,0,0,0,0,0,0,0,0,0,0
cassandra,cassandra/distributed/test/Streaming,Streaming,,C:/Users/ismak/Documents/GitHub/relation_test_code_smell_ML/dataset/projects/cassandra/test/distributed/org/apache/cassandra/distributed/test/StreamingTest.java,0,0,1,6,0,0,0,0,0,0,1,1,1,0,0,0,0,0,0,1,0,0,0,0,0,0,0,0,0,0,1,1,0,0,0
cassandra,cassandra/distributed/test/StreamingDirectWrite,StreamingDirectWrite,,C:/Users/ismak/Documents/GitHub/relation_test_code_smell_ML/dataset/projects/cassandra/test/distributed/org/apache/cassandra/distributed/test/StreamingDirectWriteTest.java,0,0,1,6,0,0,0,0,0,0,1,1,1,0,1,1,0,0,0,1,0,0,0,0,0,0,0,0,0,0,0,0,0,0,0
cassandra,cassandra/distributed/test/StreamsDiskSpace,StreamsDiskSpace,,C:/Users/ismak/Documents/GitHub/relation_test_code_smell_ML/dataset/projects/cassandra/test/distributed/org/apache/cassandra/distributed/test/StreamsDiskSpaceTest.java,0,0,1,5,0,0,0,0,0,0,1,1,1,0,0,1,0,0,0,1,0,0,0,0,0,0,0,0,0,0,0,0,0,0,0
cassandra,cassandra/distributed/test/SystemKeyspacesDataLocation,SystemKeyspacesDataLocation,,C:/Users/ismak/Documents/GitHub/relation_test_code_smell_ML/dataset/projects/cassandra/test/distributed/org/apache/cassandra/distributed/test/SystemKeyspacesDataLocationTest.java,0,0,1,5,0,0,0,0,0,0,1,1,1,0,1,0,0,0,0,1,0,0,0,0,0,0,0,0,0,0,0,0,0,0,0
cassandra,cassandra/distributed/test/TableEstimates,TableEstimates,,C:/Users/ismak/Documents/GitHub/relation_test_code_smell_ML/dataset/projects/cassandra/test/distributed/org/apache/cassandra/distributed/test/TableEstimatesTest.java,0,0,1,6,0,0,0,0,0,0,1,1,1,0,1,0,0,0,0,1,0,0,0,0,0,0,0,0,0,1,0,0,0,0,0
cassandra,cassandra/distributed/test/TableLevelIncrementalBackups,TableLevelIncrementalBackups,,C:/Users/ismak/Documents/GitHub/relation_test_code_smell_ML/dataset/projects/cassandra/test/distributed/org/apache/cassandra/distributed/test/TableLevelIncrementalBackupsTest.java,0,0,1,4,0,0,0,0,0,0,1,1,1,0,0,0,0,0,0,1,0,0,0,0,0,0,0,0,0,0,0,0,0,0,0
cassandra,cassandra/distributed/test/TimeoutAbort,TimeoutAbort,,C:/Users/ismak/Documents/GitHub/relation_test_code_smell_ML/dataset/projects/cassandra/test/distributed/org/apache/cassandra/distributed/test/TimeoutAbortTest.java,0,0,1,8,0,0,0,0,0,0,1,1,1,0,1,1,0,0,0,1,0,0,0,0,1,0,1,0,0,0,0,0,0,0,0
cassandra,cassandra/distributed/test/TombstoneWarning,TombstoneWarning,,C:/Users/ismak/Documents/GitHub/relation_test_code_smell_ML/dataset/projects/cassandra/test/distributed/org/apache/cassandra/distributed/test/TombstoneWarningTest.java,0,0,1,6,0,0,0,0,0,0,1,1,1,0,0,1,0,0,0,1,0,0,0,0,0,0,1,0,0,0,0,0,0,0,0
cassandra,cassandra/distributed/test/TopPartitions,TopPartitions,,C:/Users/ismak/Documents/GitHub/relation_test_code_smell_ML/dataset/projects/cassandra/test/distributed/org/apache/cassandra/distributed/test/TopPartitionsTest.java,0,0,1,10,0,0,0,0,0,0,1,1,1,0,1,1,1,0,0,1,0,0,0,0,0,0,1,0,0,1,0,0,0,1,0
cassandra,cassandra/distributed/test/TopologyChange,TopologyChange,,C:/Users/ismak/Documents/GitHub/relation_test_code_smell_ML/dataset/projects/cassandra/test/distributed/org/apache/cassandra/distributed/test/TopologyChangeTest.java,0,0,1,6,0,0,0,0,0,0,1,1,1,0,1,0,0,0,0,1,0,0,0,0,0,0,0,0,0,0,0,0,0,1,0
cassandra,cassandra/distributed/test/TransientRangeMovement,TransientRangeMovement,,C:/Users/ismak/Documents/GitHub/relation_test_code_smell_ML/dataset/projects/cassandra/test/distributed/org/apache/cassandra/distributed/test/TransientRangeMovementTest.java,0,0,1,6,0,0,0,0,0,0,1,1,1,0,0,1,0,0,0,1,0,0,0,0,0,0,0,0,0,0,0,1,0,0,0
cassandra,cassandra/distributed/test/TransientRangeMovement2,TransientRangeMovement2,,C:/Users/ismak/Documents/GitHub/relation_test_code_smell_ML/dataset/projects/cassandra/test/distributed/org/apache/cassandra/distributed/test/TransientRangeMovement2Test.java,0,0,1,4,0,0,0,0,0,0,1,1,1,0,0,0,0,0,0,1,0,0,0,0,0,0,0,0,0,0,0,0,0,0,0
cassandra,cassandra/distributed/test/UDF,UDF,,C:/Users/ismak/Documents/GitHub/relation_test_code_smell_ML/dataset/projects/cassandra/test/distributed/org/apache/cassandra/distributed/test/UDFTest.java,0,0,1,5,0,0,0,0,0,0,1,1,1,0,0,1,0,0,0,1,0,0,0,0,0,0,0,0,0,0,0,0,0,0,0
cassandra,cassandra/distributed/test/UnableToParseClientMessage,UnableToParseClientMessage,,C:/Users/ismak/Documents/GitHub/relation_test_code_smell_ML/dataset/projects/cassandra/test/distributed/org/apache/cassandra/distributed/test/UnableToParseClientMessageTest.java,0,0,1,7,0,0,0,0,0,0,1,1,1,0,0,1,0,0,0,1,0,0,0,0,0,0,0,0,0,0,1,1,0,0,0
cassandra,cassandra/distributed/test/UnableToParseClientMessageFromBlockedSubnet,UnableToParseClientMessageFromBlockedSubnet,,C:/Users/ismak/Documents/GitHub/relation_test_code_smell_ML/dataset/projects/cassandra/test/distributed/org/apache/cassandra/distributed/test/UnableToParseClientMessageFromBlockedSubnetTest.java,0,0,1,6,0,0,0,0,0,0,1,1,1,0,1,0,0,0,0,1,0,0,0,0,0,0,0,0,0,1,0,0,0,0,0
cassandra,cassandra/distributed/test/UnifiedCompactionDensities,UnifiedCompactionDensities,,C:/Users/ismak/Documents/GitHub/relation_test_code_smell_ML/dataset/projects/cassandra/test/distributed/org/apache/cassandra/distributed/test/UnifiedCompactionDensitiesTest.java,0,0,1,6,0,0,0,0,0,0,1,1,1,0,0,0,0,0,0,1,0,0,0,0,0,0,0,0,0,0,1,1,0,0,0
cassandra,cassandra/distributed/test/UpdateSystemAuthAfterDCExpansion,UpdateSystemAuthAfterDCExpansion,,C:/Users/ismak/Documents/GitHub/relation_test_code_smell_ML/dataset/projects/cassandra/test/distributed/org/apache/cassandra/distributed/test/UpdateSystemAuthAfterDCExpansionTest.java,0,0,1,5,0,0,0,0,0,0,1,1,1,0,0,0,0,0,0,1,0,0,0,0,0,0,0,0,0,0,1,0,0,0,0
cassandra,cassandra/distributed/test/UpgradeSSTables,UpgradeSSTables,,C:/Users/ismak/Documents/GitHub/relation_test_code_smell_ML/dataset/projects/cassandra/test/distributed/org/apache/cassandra/distributed/test/UpgradeSSTablesTest.java,0,0,1,9,0,0,0,0,0,0,1,1,1,0,1,1,0,0,0,1,0,0,0,0,1,0,1,0,0,0,0,0,0,1,0
cassandra,cassandra/distributed/test/VirtualTableFromInternode,VirtualTableFromInternode,,C:/Users/ismak/Documents/GitHub/relation_test_code_smell_ML/dataset/projects/cassandra/test/distributed/org/apache/cassandra/distributed/test/VirtualTableFromInternodeTest.java,0,0,1,5,0,0,0,0,0,0,1,1,1,0,1,1,0,0,0,0,0,0,0,0,0,0,0,0,0,0,0,0,0,0,0
cassandra,cassandra/distributed/test/VirtualTableLogs,VirtualTableLogs,,C:/Users/ismak/Documents/GitHub/relation_test_code_smell_ML/dataset/projects/cassandra/test/distributed/org/apache/cassandra/distributed/test/VirtualTableLogsTest.java,0,0,1,5,0,0,0,0,0,0,1,1,1,0,1,0,0,0,0,1,0,0,0,0,0,0,0,0,0,0,0,0,0,0,0
cassandra,cassandra/distributed/test/WithProperties,WithProperties,,C:/Users/ismak/Documents/GitHub/relation_test_code_smell_ML/dataset/projects/cassandra/test/distributed/org/apache/cassandra/distributed/test/WithPropertiesTest.java,0,0,1,3,0,0,0,0,0,0,1,1,1,0,0,0,0,0,0,0,0,0,0,0,0,0,0,0,0,0,0,0,0,0,0
cassandra,cassandra/distributed/upgrade/AutoRepairUpgrade,AutoRepairUpgrade,,C:/Users/ismak/Documents/GitHub/relation_test_code_smell_ML/dataset/projects/cassandra/test/distributed/org/apache/cassandra/distributed/upgrade/AutoRepairUpgradeTest.java,0,0,1,6,0,0,0,0,0,0,1,1,1,0,0,1,0,0,0,1,0,0,0,0,0,0,0,0,0,0,0,0,0,1,0
cassandra,cassandra/distributed/upgrade/BatchUpgrade,BatchUpgrade,,C:/Users/ismak/Documents/GitHub/relation_test_code_smell_ML/dataset/projects/cassandra/test/distributed/org/apache/cassandra/distributed/upgrade/BatchUpgradeTest.java,0,0,1,6,0,0,0,0,0,0,1,1,1,0,1,0,0,0,0,1,0,0,0,0,0,0,0,0,0,0,0,0,0,1,0
cassandra,cassandra/distributed/upgrade/ClusterMetadata2iInitialize,ClusterMetadata2iInitialize,,C:/Users/ismak/Documents/GitHub/relation_test_code_smell_ML/dataset/projects/cassandra/test/distributed/org/apache/cassandra/distributed/upgrade/ClusterMetadata2iInitializeTest.java,0,0,1,6,0,0,0,0,0,0,1,1,1,0,0,1,0,0,0,1,0,0,0,0,0,0,0,0,0,0,0,0,0,1,0
cassandra,cassandra/distributed/upgrade/ClusterMetadata2iUpgrade,ClusterMetadata2iUpgrade,,C:/Users/ismak/Documents/GitHub/relation_test_code_smell_ML/dataset/projects/cassandra/test/distributed/org/apache/cassandra/distributed/upgrade/ClusterMetadata2iUpgradeTest.java,0,0,1,6,0,0,0,0,0,0,1,1,1,0,0,1,0,0,0,1,0,0,0,0,0,0,0,0,0,0,1,0,0,0,0
cassandra,cassandra/distributed/upgrade/ClusterMetadataSingleNodeUpgrade,ClusterMetadataSingleNodeUpgrade,,C:/Users/ismak/Documents/GitHub/relation_test_code_smell_ML/dataset/projects/cassandra/test/distributed/org/apache/cassandra/distributed/upgrade/ClusterMetadataSingleNodeUpgradeTest.java,0,0,1,4,0,0,0,0,0,0,1,1,1,0,0,0,0,0,0,1,0,0,0,0,0,0,0,0,0,0,0,0,0,0,0
cassandra,cassandra/distributed/upgrade/ClusterMetadataUpgrade,ClusterMetadataUpgrade,,C:/Users/ismak/Documents/GitHub/relation_test_code_smell_ML/dataset/projects/cassandra/test/distributed/org/apache/cassandra/distributed/upgrade/ClusterMetadataUpgradeTest.java,0,0,1,8,0,0,0,0,0,0,1,1,1,0,1,0,0,0,0,1,0,0,0,0,1,0,0,0,0,1,0,0,0,1,0
cassandra,cassandra/distributed/upgrade/ClusterMetadataUpgradeAbortMigration,ClusterMetadataUpgradeAbortMigration,,C:/Users/ismak/Documents/GitHub/relation_test_code_smell_ML/dataset/projects/cassandra/test/distributed/org/apache/cassandra/distributed/upgrade/ClusterMetadataUpgradeAbortMigrationTest.java,0,0,1,4,0,0,0,0,0,0,1,1,1,0,0,0,0,0,0,1,0,0,0,0,0,0,0,0,0,0,0,0,0,0,0
cassandra,cassandra/distributed/upgrade/ClusterMetadataUpgradeAssassinate,ClusterMetadataUpgradeAssassinate,,C:/Users/ismak/Documents/GitHub/relation_test_code_smell_ML/dataset/projects/cassandra/test/distributed/org/apache/cassandra/distributed/upgrade/ClusterMetadataUpgradeAssassinateTest.java,0,0,1,4,0,0,0,0,0,0,1,1,1,0,0,0,0,0,0,1,0,0,0,0,0,0,0,0,0,0,0,0,0,0,0
cassandra,cassandra/distributed/upgrade/ClusterMetadataUpgradeChangeIP,ClusterMetadataUpgradeChangeIP,,C:/Users/ismak/Documents/GitHub/relation_test_code_smell_ML/dataset/projects/cassandra/test/distributed/org/apache/cassandra/distributed/upgrade/ClusterMetadataUpgradeChangeIPTest.java,0,0,1,5,0,0,0,0,0,0,1,1,1,0,0,0,0,0,0,1,0,0,0,0,0,0,0,0,0,0,1,0,0,0,0
cassandra,cassandra/distributed/upgrade/ClusterMetadataUpgradeCleanupPreInitialize,ClusterMetadataUpgradeCleanupPreInitialize,,C:/Users/ismak/Documents/GitHub/relation_test_code_smell_ML/dataset/projects/cassandra/test/distributed/org/apache/cassandra/distributed/upgrade/ClusterMetadataUpgradeCleanupPreInitializeTest.java,0,0,1,6,0,0,0,0,0,0,1,1,1,0,1,1,0,0,0,1,0,0,0,0,0,0,0,0,0,0,0,0,0,0,0
cassandra,cassandra/distributed/upgrade/ClusterMetadataUpgradeDelayedInitialize,ClusterMetadataUpgradeDelayedInitialize,,C:/Users/ismak/Documents/GitHub/relation_test_code_smell_ML/dataset/projects/cassandra/test/distributed/org/apache/cassandra/distributed/upgrade/ClusterMetadataUpgradeDelayedInitializeTest.java,0,0,1,7,0,0,0,0,0,0,1,1,1,0,0,1,0,0,0,1,0,0,1,0,0,0,0,0,0,0,0,0,0,1,0
cassandra,cassandra/distributed/upgrade/ClusterMetadataUpgradeHarry,ClusterMetadataUpgradeHarry,,C:/Users/ismak/Documents/GitHub/relation_test_code_smell_ML/dataset/projects/cassandra/test/distributed/org/apache/cassandra/distributed/upgrade/ClusterMetadataUpgradeHarryTest.java,0,0,1,6,0,0,0,0,0,0,1,1,1,0,0,1,0,0,0,1,0,0,0,0,0,0,0,0,0,0,0,0,0,1,0
cassandra,cassandra/distributed/upgrade/ClusterMetadataUpgradeHibernate,ClusterMetadataUpgradeHibernate,,C:/Users/ismak/Documents/GitHub/relation_test_code_smell_ML/dataset/projects/cassandra/test/distributed/org/apache/cassandra/distributed/upgrade/ClusterMetadataUpgradeHibernateTest.java,0,0,1,7,0,0,0,0,0,0,1,1,1,0,1,1,0,0,0,1,0,0,0,0,0,0,0,0,0,1,0,0,0,0,0
cassandra,cassandra/distributed/upgrade/ClusterMetadataUpgradeHints,ClusterMetadataUpgradeHints,,C:/Users/ismak/Documents/GitHub/relation_test_code_smell_ML/dataset/projects/cassandra/test/distributed/org/apache/cassandra/distributed/upgrade/ClusterMetadataUpgradeHintsTest.java,0,0,1,6,0,0,0,0,0,0,1,1,1,0,1,1,0,0,0,1,0,0,0,0,0,0,0,0,0,0,0,0,0,0,0
cassandra,cassandra/distributed/upgrade/ClusterMetadataUpgradeHostId,ClusterMetadataUpgradeHostId,,C:/Users/ismak/Documents/GitHub/relation_test_code_smell_ML/dataset/projects/cassandra/test/distributed/org/apache/cassandra/distributed/upgrade/ClusterMetadataUpgradeHostIdTest.java,0,0,1,7,0,0,0,0,0,0,1,1,1,0,1,1,0,0,0,1,0,0,1,0,0,0,0,0,0,0,0,0,0,0,0
cassandra,cassandra/distributed/upgrade/ClusterMetadataUpgradeIgnoreHosts,ClusterMetadataUpgradeIgnoreHosts,,C:/Users/ismak/Documents/GitHub/relation_test_code_smell_ML/dataset/projects/cassandra/test/distributed/org/apache/cassandra/distributed/upgrade/ClusterMetadataUpgradeIgnoreHostsTest.java,0,0,1,7,0,0,0,0,0,0,1,1,1,0,1,1,0,0,0,1,0,0,0,0,0,0,0,0,0,0,0,0,0,1,0
cassandra,cassandra/distributed/upgrade/ClusterMetadataUpgradeJoinRing,ClusterMetadataUpgradeJoinRing,,C:/Users/ismak/Documents/GitHub/relation_test_code_smell_ML/dataset/projects/cassandra/test/distributed/org/apache/cassandra/distributed/upgrade/ClusterMetadataUpgradeJoinRingTest.java,0,0,1,5,0,0,0,0,0,0,1,1,1,0,0,1,0,0,0,1,0,0,0,0,0,0,0,0,0,0,0,0,0,0,0
cassandra,cassandra/distributed/upgrade/ClusterMetadataUpgradePreparedStatements,ClusterMetadataUpgradePreparedStatements,,C:/Users/ismak/Documents/GitHub/relation_test_code_smell_ML/dataset/projects/cassandra/test/distributed/org/apache/cassandra/distributed/upgrade/ClusterMetadataUpgradePreparedStatementsTest.java,0,0,1,5,0,0,0,0,0,0,1,1,1,0,0,1,0,0,0,1,0,0,0,0,0,0,0,0,0,0,0,0,0,0,0
cassandra,cassandra/distributed/upgrade/ClusterMetadataUpgradeUnexpectedFailure,ClusterMetadataUpgradeUnexpectedFailure,,C:/Users/ismak/Documents/GitHub/relation_test_code_smell_ML/dataset/projects/cassandra/test/distributed/org/apache/cassandra/distributed/upgrade/ClusterMetadataUpgradeUnexpectedFailureTest.java,0,0,1,4,0,0,0,0,0,0,1,1,1,0,0,0,0,0,0,1,0,0,0,0,0,0,0,0,0,0,0,0,0,0,0
cassandra,cassandra/distributed/upgrade/CompactStorageColumnDelete,CompactStorageColumnDelete,,C:/Users/ismak/Documents/GitHub/relation_test_code_smell_ML/dataset/projects/cassandra/test/distributed/org/apache/cassandra/distributed/upgrade/CompactStorageColumnDeleteTest.java,0,0,1,5,0,0,0,0,0,0,1,1,1,0,0,1,0,0,0,1,0,0,0,0,0,0,0,0,0,0,0,0,0,0,0
cassandra,cassandra/distributed/upgrade/CompactStorageHiddenColumn,CompactStorageHiddenColumn,,C:/Users/ismak/Documents/GitHub/relation_test_code_smell_ML/dataset/projects/cassandra/test/distributed/org/apache/cassandra/distributed/upgrade/CompactStorageHiddenColumnTest.java,0,0,1,5,0,0,0,0,0,0,1,1,1,0,0,1,0,0,0,1,0,0,0,0,0,0,0,0,0,0,0,0,0,0,0
cassandra,cassandra/distributed/upgrade/CompactStorageImplicitNullInClustering,CompactStorageImplicitNullInClustering,,C:/Users/ismak/Documents/GitHub/relation_test_code_smell_ML/dataset/projects/cassandra/test/distributed/org/apache/cassandra/distributed/upgrade/CompactStorageImplicitNullInClusteringTest.java,0,0,1,4,0,0,0,0,0,0,1,1,1,0,0,0,0,0,0,1,0,0,0,0,0,0,0,0,0,0,0,0,0,0,0
cassandra,cassandra/distributed/upgrade/CompactStoragePaging,CompactStoragePaging,,C:/Users/ismak/Documents/GitHub/relation_test_code_smell_ML/dataset/projects/cassandra/test/distributed/org/apache/cassandra/distributed/upgrade/CompactStoragePagingTest.java,0,0,1,6,0,0,0,0,0,0,1,1,1,0,1,1,0,0,0,1,0,0,0,0,0,0,0,0,0,0,0,0,0,0,0
cassandra,cassandra/distributed/upgrade/CompactStoragePagingWithProtocolV41,CompactStoragePagingWithProtocolV41,,C:/Users/ismak/Documents/GitHub/relation_test_code_smell_ML/dataset/projects/cassandra/test/distributed/org/apache/cassandra/distributed/upgrade/CompactStoragePagingWithProtocolV41Test.java,0,0,1,3,0,0,0,0,0,0,1,1,1,0,0,0,0,0,0,0,0,0,0,0,0,0,0,0,0,0,0,0,0,0,0
cassandra,cassandra/distributed/upgrade/CompactionHistorySystemTableUpgrade,CompactionHistorySystemTableUpgrade,,C:/Users/ismak/Documents/GitHub/relation_test_code_smell_ML/dataset/projects/cassandra/test/distributed/org/apache/cassandra/distributed/upgrade/CompactionHistorySystemTableUpgradeTest.java,0,0,1,5,0,0,0,0,0,0,1,1,1,0,0,1,0,0,0,1,0,0,0,0,0,0,0,0,0,0,0,0,0,0,0
cassandra,cassandra/distributed/upgrade/CompressionUpgrade,CompressionUpgrade,,C:/Users/ismak/Documents/GitHub/relation_test_code_smell_ML/dataset/projects/cassandra/test/distributed/org/apache/cassandra/distributed/upgrade/CompressionUpgradeTest.java,0,0,1,5,0,0,0,0,0,0,1,1,1,0,0,0,0,0,0,1,0,0,0,0,0,0,0,0,0,0,1,0,0,0,0
cassandra,cassandra/distributed/upgrade/DropCompactStorage,DropCompactStorage,,C:/Users/ismak/Documents/GitHub/relation_test_code_smell_ML/dataset/projects/cassandra/test/distributed/org/apache/cassandra/distributed/upgrade/DropCompactStorageTest.java,0,0,1,5,0,0,0,0,0,0,1,1,1,0,0,1,0,0,0,1,0,0,0,0,0,0,0,0,0,0,0,0,0,0,0
cassandra,cassandra/distributed/upgrade/DropCompactStorageNullClusteringValues,DropCompactStorageNullClusteringValues,,C:/Users/ismak/Documents/GitHub/relation_test_code_smell_ML/dataset/projects/cassandra/test/distributed/org/apache/cassandra/distributed/upgrade/DropCompactStorageNullClusteringValuesTest.java,0,0,1,4,0,0,0,0,0,0,1,1,1,0,0,0,0,0,0,1,0,0,0,0,0,0,0,0,0,0,0,0,0,0,0
cassandra,cassandra/distributed/upgrade/GroupBy,GroupBy,,C:/Users/ismak/Documents/GitHub/relation_test_code_smell_ML/dataset/projects/cassandra/test/distributed/org/apache/cassandra/distributed/upgrade/GroupByTest.java,0,0,1,4,0,0,0,0,0,0,1,1,1,0,0,0,0,0,0,1,0,0,0,0,0,0,0,0,0,0,0,0,0,0,0
cassandra,cassandra/distributed/upgrade/MixedModeAvailabilityUpgradedCoordinator,MixedModeAvailabilityUpgradedCoordinator,,C:/Users/ismak/Documents/GitHub/relation_test_code_smell_ML/dataset/projects/cassandra/test/distributed/org/apache/cassandra/distributed/upgrade/MixedModeAvailabilityUpgradedCoordinatorTest.java,0,0,1,3,0,0,0,0,0,0,1,1,1,0,0,0,0,0,0,0,0,0,0,0,0,0,0,0,0,0,0,0,0,0,0
cassandra,cassandra/distributed/upgrade/MixedModeAvailabilityUpgradedReplica,MixedModeAvailabilityUpgradedReplica,,C:/Users/ismak/Documents/GitHub/relation_test_code_smell_ML/dataset/projects/cassandra/test/distributed/org/apache/cassandra/distributed/upgrade/MixedModeAvailabilityUpgradedReplicaTest.java,0,0,1,3,0,0,0,0,0,0,1,1,1,0,0,0,0,0,0,0,0,0,0,0,0,0,0,0,0,0,0,0,0,0,0
cassandra,cassandra/distributed/upgrade/MixedModeConsistency,MixedModeConsistency,,C:/Users/ismak/Documents/GitHub/relation_test_code_smell_ML/dataset/projects/cassandra/test/distributed/org/apache/cassandra/distributed/upgrade/MixedModeConsistencyTest.java,0,0,1,6,0,0,0,0,0,0,1,1,1,0,0,1,0,0,0,1,0,0,0,0,0,0,0,0,0,0,1,0,0,0,0
cassandra,cassandra/distributed/upgrade/MixedModeLoggedBatch,MixedModeLoggedBatch,,C:/Users/ismak/Documents/GitHub/relation_test_code_smell_ML/dataset/projects/cassandra/test/distributed/org/apache/cassandra/distributed/upgrade/MixedModeLoggedBatchTest.java,0,0,1,5,0,0,0,0,0,0,1,1,1,0,0,0,0,0,0,1,0,0,0,0,0,0,0,0,0,0,1,0,0,0,0
cassandra,cassandra/distributed/upgrade/MixedModeMessageForward,MixedModeMessageForward,,C:/Users/ismak/Documents/GitHub/relation_test_code_smell_ML/dataset/projects/cassandra/test/distributed/org/apache/cassandra/distributed/upgrade/MixedModeMessageForwardTest.java,0,0,1,5,0,0,0,0,0,0,1,1,1,0,0,0,0,0,0,1,0,0,0,0,0,0,0,0,0,0,1,0,0,0,0
cassandra,cassandra/distributed/upgrade/MixedModePaxosLegacyCoordinator,MixedModePaxosLegacyCoordinator,,C:/Users/ismak/Documents/GitHub/relation_test_code_smell_ML/dataset/projects/cassandra/test/distributed/org/apache/cassandra/distributed/upgrade/MixedModePaxosLegacyCoordinatorTest.java,0,0,1,3,0,0,0,0,0,0,1,1,1,0,0,0,0,0,0,0,0,0,0,0,0,0,0,0,0,0,0,0,0,0,0
cassandra,cassandra/distributed/upgrade/MixedModePaxosTTL,MixedModePaxosTTL,,C:/Users/ismak/Documents/GitHub/relation_test_code_smell_ML/dataset/projects/cassandra/test/distributed/org/apache/cassandra/distributed/upgrade/MixedModePaxosTTLTest.java,0,0,1,5,0,0,0,0,0,0,1,1,1,0,0,1,0,0,0,1,0,0,0,0,0,0,0,0,0,0,0,0,0,0,0
cassandra,cassandra/distributed/upgrade/MixedModePaxosUpgradedCoordinator,MixedModePaxosUpgradedCoordinator,,C:/Users/ismak/Documents/GitHub/relation_test_code_smell_ML/dataset/projects/cassandra/test/distributed/org/apache/cassandra/distributed/upgrade/MixedModePaxosUpgradedCoordinatorTest.java,0,0,1,3,0,0,0,0,0,0,1,1,1,0,0,0,0,0,0,0,0,0,0,0,0,0,0,0,0,0,0,0,0,0,0
cassandra,cassandra/distributed/upgrade/MixedModeReadRepairDelete,MixedModeReadRepairDelete,,C:/Users/ismak/Documents/GitHub/relation_test_code_smell_ML/dataset/projects/cassandra/test/distributed/org/apache/cassandra/distributed/upgrade/MixedModeReadRepairDeleteTest.java,0,0,1,4,0,0,0,0,0,0,1,1,1,0,0,0,0,0,0,1,0,0,0,0,0,0,0,0,0,0,0,0,0,0,0
cassandra,cassandra/distributed/upgrade/MixedModeReadRepairTTL,MixedModeReadRepairTTL,,C:/Users/ismak/Documents/GitHub/relation_test_code_smell_ML/dataset/projects/cassandra/test/distributed/org/apache/cassandra/distributed/upgrade/MixedModeReadRepairTTLTest.java,0,0,1,4,0,0,0,0,0,0,1,1,1,0,0,0,0,0,0,1,0,0,0,0,0,0,0,0,0,0,0,0,0,0,0
cassandra,cassandra/distributed/upgrade/MixedModeReadRepairWrite,MixedModeReadRepairWrite,,C:/Users/ismak/Documents/GitHub/relation_test_code_smell_ML/dataset/projects/cassandra/test/distributed/org/apache/cassandra/distributed/upgrade/MixedModeReadRepairWriteTest.java,0,0,1,4,0,0,0,0,0,0,1,1,1,0,0,0,0,0,0,1,0,0,0,0,0,0,0,0,0,0,0,0,0,0,0
cassandra,cassandra/distributed/upgrade/MixedModeRepair,MixedModeRepair,,C:/Users/ismak/Documents/GitHub/relation_test_code_smell_ML/dataset/projects/cassandra/test/distributed/org/apache/cassandra/distributed/upgrade/MixedModeRepairTest.java,0,0,1,5,0,0,0,0,0,0,1,1,1,0,0,1,0,0,0,1,0,0,0,0,0,0,0,0,0,0,0,0,0,0,0
cassandra,cassandra/distributed/upgrade/MixedModeReplication,MixedModeReplication,,C:/Users/ismak/Documents/GitHub/relation_test_code_smell_ML/dataset/projects/cassandra/test/distributed/org/apache/cassandra/distributed/upgrade/MixedModeReplicationTest.java,0,0,1,5,0,0,0,0,0,0,1,1,1,0,0,1,0,0,0,1,0,0,0,0,0,0,0,0,0,0,0,0,0,0,0
cassandra,cassandra/distributed/upgrade/MixedModeTTLOverflowAfterUpgrade,MixedModeTTLOverflowAfterUpgrade,,C:/Users/ismak/Documents/GitHub/relation_test_code_smell_ML/dataset/projects/cassandra/test/distributed/org/apache/cassandra/distributed/upgrade/MixedModeTTLOverflowAfterUpgradeTest.java,0,0,1,6,0,0,0,0,0,0,1,1,1,0,0,1,0,0,0,1,0,0,0,0,0,0,0,0,0,0,1,0,0,0,0
cassandra,cassandra/distributed/upgrade/MixedModeTTLOverflowDuringUpgrade,MixedModeTTLOverflowDuringUpgrade,,C:/Users/ismak/Documents/GitHub/relation_test_code_smell_ML/dataset/projects/cassandra/test/distributed/org/apache/cassandra/distributed/upgrade/MixedModeTTLOverflowDuringUpgradeTest.java,0,0,1,6,0,0,0,0,0,0,1,1,1,0,0,1,0,0,0,1,0,0,0,0,0,0,0,0,0,0,1,0,0,0,0
cassandra,cassandra/distributed/upgrade/MixedModeUnloggedBatch,MixedModeUnloggedBatch,,C:/Users/ismak/Documents/GitHub/relation_test_code_smell_ML/dataset/projects/cassandra/test/distributed/org/apache/cassandra/distributed/upgrade/MixedModeUnloggedBatchTest.java,0,0,1,5,0,0,0,0,0,0,1,1,1,0,0,0,0,0,0,1,0,0,0,0,0,0,0,0,0,0,1,0,0,0,0
cassandra,cassandra/distributed/upgrade/MixedModeWritetimeOrTTL,MixedModeWritetimeOrTTL,,C:/Users/ismak/Documents/GitHub/relation_test_code_smell_ML/dataset/projects/cassandra/test/distributed/org/apache/cassandra/distributed/upgrade/MixedModeWritetimeOrTTLTest.java,0,0,1,5,0,0,0,0,0,0,1,1,1,0,0,1,0,0,0,1,0,0,0,0,0,0,0,0,0,0,0,0,0,0,0
cassandra,cassandra/distributed/upgrade/Upgrade,Upgrade,,C:/Users/ismak/Documents/GitHub/relation_test_code_smell_ML/dataset/projects/cassandra/test/distributed/org/apache/cassandra/distributed/upgrade/UpgradeTest.java,0,0,1,5,0,0,0,0,0,0,1,1,1,0,0,1,0,0,0,1,0,0,0,0,0,0,0,0,0,0,0,0,0,0,0
cassandra,cassandra/distributed/util/PyDtest,PyDtest,,C:/Users/ismak/Documents/GitHub/relation_test_code_smell_ML/dataset/projects/cassandra/test/distributed/org/apache/cassandra/distributed/util/PyDtest.java,0,0,1,3,0,0,0,0,0,0,1,1,1,0,0,0,0,0,0,0,0,0,0,0,0,0,0,0,0,0,0,0,0,0,0
cassandra,cassandra/fqltool/commands/Dump,Dump,dataset/projects/cassandra/tools/fqltool/src/org/apache/cassandra/fqltool/commands/Dump.java,C:/Users/ismak/Documents/GitHub/relation_test_code_smell_ML/dataset/projects/cassandra/tools/fqltool/test/unit/org/apache/cassandra/fqltool/commands/DumpTest.java,1,1,1,5,0,1,0,0,0,0,1,1,1,0,1,1,0,0,0,0,0,0,0,0,0,0,0,0,0,0,0,0,0,0,0
cassandra,cassandra/fuzz/ring/ConsistentBootstrap,ConsistentBootstrap,,C:/Users/ismak/Documents/GitHub/relation_test_code_smell_ML/dataset/projects/cassandra/test/distributed/org/apache/cassandra/fuzz/ring/ConsistentBootstrapTest.java,0,0,1,6,0,0,0,0,0,0,1,1,1,0,0,1,0,0,0,1,0,0,0,0,0,0,0,0,0,0,1,0,0,0,0
cassandra,cassandra/fuzz/ring/ConsistentLeave,ConsistentLeave,,C:/Users/ismak/Documents/GitHub/relation_test_code_smell_ML/dataset/projects/cassandra/test/distributed/org/apache/cassandra/fuzz/ring/ConsistentLeaveTest.java,0,0,1,5,0,0,0,0,0,0,1,1,1,0,0,1,0,0,0,1,0,0,0,0,0,0,0,0,0,0,0,0,0,0,0
cassandra,cassandra/fuzz/ring/ConsistentMove,ConsistentMove,,C:/Users/ismak/Documents/GitHub/relation_test_code_smell_ML/dataset/projects/cassandra/test/distributed/org/apache/cassandra/fuzz/ring/ConsistentMoveTest.java,0,0,1,5,0,0,0,0,0,0,1,1,1,0,0,1,0,0,0,1,0,0,0,0,0,0,0,0,0,0,0,0,0,0,0
cassandra,cassandra/fuzz/sai/AccordFullMultiNodeSAI,AccordFullMultiNodeSAI,,C:/Users/ismak/Documents/GitHub/relation_test_code_smell_ML/dataset/projects/cassandra/test/distributed/org/apache/cassandra/fuzz/sai/AccordFullMultiNodeSAITest.java,0,0,1,5,0,0,0,0,0,0,1,1,1,0,0,0,1,0,0,0,0,0,0,0,0,0,0,0,0,0,0,1,0,0,0
cassandra,cassandra/fuzz/sai/AccordFullSingleNodeSAI,AccordFullSingleNodeSAI,,C:/Users/ismak/Documents/GitHub/relation_test_code_smell_ML/dataset/projects/cassandra/test/distributed/org/apache/cassandra/fuzz/sai/AccordFullSingleNodeSAITest.java,0,0,1,4,0,0,0,0,0,0,1,1,1,0,0,0,1,0,0,0,0,0,0,0,0,0,0,0,0,0,0,0,0,0,0
cassandra,cassandra/fuzz/sai/AccordInteropMultiNodeSAI,AccordInteropMultiNodeSAI,,C:/Users/ismak/Documents/GitHub/relation_test_code_smell_ML/dataset/projects/cassandra/test/distributed/org/apache/cassandra/fuzz/sai/AccordInteropMultiNodeSAITest.java,0,0,1,5,0,0,0,0,0,0,1,1,1,0,0,0,1,0,0,0,0,0,0,0,0,0,0,0,0,0,0,1,0,0,0
cassandra,cassandra/fuzz/sai/AccordInteropSingleNodeSAI,AccordInteropSingleNodeSAI,,C:/Users/ismak/Documents/GitHub/relation_test_code_smell_ML/dataset/projects/cassandra/test/distributed/org/apache/cassandra/fuzz/sai/AccordInteropSingleNodeSAITest.java,0,0,1,4,0,0,0,0,0,0,1,1,1,0,0,0,1,0,0,0,0,0,0,0,0,0,0,0,0,0,0,0,0,0,0
cassandra,cassandra/fuzz/sai/MultiNodeSAI,MultiNodeSAI,,C:/Users/ismak/Documents/GitHub/relation_test_code_smell_ML/dataset/projects/cassandra/test/distributed/org/apache/cassandra/fuzz/sai/MultiNodeSAITest.java,0,0,1,4,0,0,0,0,0,0,1,1,1,0,0,0,1,0,0,0,0,0,0,0,0,0,0,0,0,0,0,0,0,0,0
cassandra,cassandra/fuzz/sai/SingleNodeSAI,SingleNodeSAI,,C:/Users/ismak/Documents/GitHub/relation_test_code_smell_ML/dataset/projects/cassandra/test/distributed/org/apache/cassandra/fuzz/sai/SingleNodeSAITest.java,0,0,1,4,0,0,0,0,0,0,1,1,1,0,0,0,1,0,0,0,0,0,0,0,0,0,0,0,0,0,0,0,0,0,0
cassandra,cassandra/fuzz/sai/StaticsTorture,StaticsTorture,,C:/Users/ismak/Documents/GitHub/relation_test_code_smell_ML/dataset/projects/cassandra/test/distributed/org/apache/cassandra/fuzz/sai/StaticsTortureTest.java,0,0,1,5,0,0,0,0,0,0,1,1,1,0,0,1,0,0,0,0,0,0,0,0,0,0,0,0,0,0,1,0,0,0,0
cassandra,cassandra/fuzz/snapshots/Snapshots,Snapshots,,C:/Users/ismak/Documents/GitHub/relation_test_code_smell_ML/dataset/projects/cassandra/test/distributed/org/apache/cassandra/fuzz/snapshots/SnapshotsTest.java,0,0,1,4,0,0,0,0,0,0,1,1,1,0,0,0,0,0,0,0,0,0,0,0,0,0,0,0,0,0,1,0,0,0,0
cassandra,cassandra/fuzz/topology/AccordBootstrap,AccordBootstrap,,C:/Users/ismak/Documents/GitHub/relation_test_code_smell_ML/dataset/projects/cassandra/test/distributed/org/apache/cassandra/fuzz/topology/AccordBootstrapTest.java,0,0,1,7,0,0,0,0,0,0,1,1,1,0,0,1,0,0,0,1,0,0,0,0,0,0,1,0,0,0,1,0,0,0,0
cassandra,cassandra/fuzz/topology/AccordBounce,AccordBounce,,C:/Users/ismak/Documents/GitHub/relation_test_code_smell_ML/dataset/projects/cassandra/test/distributed/org/apache/cassandra/fuzz/topology/AccordBounceTest.java,0,0,1,6,0,0,0,0,0,0,1,1,1,0,0,1,0,0,0,1,0,0,0,0,0,0,0,0,0,0,1,0,0,0,0
cassandra,cassandra/fuzz/topology/AccordHardCatchup,AccordHardCatchup,,C:/Users/ismak/Documents/GitHub/relation_test_code_smell_ML/dataset/projects/cassandra/test/distributed/org/apache/cassandra/fuzz/topology/AccordHardCatchupTest.java,0,0,1,7,0,0,0,0,0,0,1,1,1,0,0,1,0,0,0,1,0,0,0,0,0,0,1,0,0,0,1,0,0,0,0
cassandra,cassandra/fuzz/topology/AccordRebootstrap,AccordRebootstrap,,C:/Users/ismak/Documents/GitHub/relation_test_code_smell_ML/dataset/projects/cassandra/test/distributed/org/apache/cassandra/fuzz/topology/AccordRebootstrapTest.java,0,0,1,5,0,0,0,0,0,0,1,1,1,0,0,0,0,0,0,1,0,0,0,0,0,0,0,0,0,0,1,0,0,0,0
cassandra,cassandra/fuzz/topology/AccordTopologyMixup,AccordTopologyMixup,,C:/Users/ismak/Documents/GitHub/relation_test_code_smell_ML/dataset/projects/cassandra/test/distributed/org/apache/cassandra/fuzz/topology/AccordTopologyMixupTest.java,0,0,1,3,0,0,0,0,0,0,1,1,1,0,0,0,0,0,0,0,0,0,0,0,0,0,0,0,0,0,0,0,0,0,0
cassandra,cassandra/fuzz/topology/HarryOnAccordTopologyMixup,HarryOnAccordTopologyMixup,,C:/Users/ismak/Documents/GitHub/relation_test_code_smell_ML/dataset/projects/cassandra/test/distributed/org/apache/cassandra/fuzz/topology/HarryOnAccordTopologyMixupTest.java,0,0,1,4,0,0,0,0,0,0,1,1,1,0,0,0,1,0,0,0,0,0,0,0,0,0,0,0,0,0,0,0,0,0,0
cassandra,cassandra/fuzz/topology/HarryTopologyMixup,HarryTopologyMixup,,C:/Users/ismak/Documents/GitHub/relation_test_code_smell_ML/dataset/projects/cassandra/test/distributed/org/apache/cassandra/fuzz/topology/HarryTopologyMixupTest.java,0,0,1,4,0,0,0,0,0,0,1,1,1,0,0,0,1,0,0,0,0,0,0,0,0,0,0,0,0,0,0,0,0,0,0
cassandra,cassandra/fuzz/topology/IdenticalTopology,IdenticalTopology,,C:/Users/ismak/Documents/GitHub/relation_test_code_smell_ML/dataset/projects/cassandra/test/distributed/org/apache/cassandra/fuzz/topology/IdenticalTopologyTest.java,0,0,1,6,0,0,0,0,0,0,1,1,1,0,0,1,0,0,0,1,0,0,0,0,0,0,0,0,0,0,1,0,0,0,0
cassandra,cassandra/fuzz/topology/JournalGC,JournalGC,,C:/Users/ismak/Documents/GitHub/relation_test_code_smell_ML/dataset/projects/cassandra/test/distributed/org/apache/cassandra/fuzz/topology/JournalGCTest.java,0,0,1,6,0,0,0,0,0,0,1,1,1,0,0,1,0,0,0,1,0,0,0,0,0,0,1,0,0,0,0,0,0,0,0
cassandra,cassandra/harry/checker/Helper,Helper,,C:/Users/ismak/Documents/GitHub/relation_test_code_smell_ML/dataset/projects/cassandra/test/harry/main/org/apache/cassandra/harry/checker/TestHelper.java,0,0,1,3,0,0,0,0,0,0,1,1,1,0,0,0,0,0,0,0,0,0,0,0,0,0,0,0,0,0,0,0,0,0,0
cassandra,cassandra/harry/dsl/Runner,Runner,,C:/Users/ismak/Documents/GitHub/relation_test_code_smell_ML/dataset/projects/cassandra/test/harry/main/org/apache/cassandra/harry/dsl/TestRunner.java,0,0,1,6,0,0,0,0,0,0,1,1,1,0,0,1,0,0,0,1,0,0,0,0,0,0,0,0,0,0,1,0,0,0,0
cassandra,cassandra/harry/model/ASTSingleTableModel,ASTSingleTableModel,,C:/Users/ismak/Documents/GitHub/relation_test_code_smell_ML/dataset/projects/cassandra/test/harry/main/org/apache/cassandra/harry/model/ASTSingleTableModelTest.java,0,0,1,5,0,0,0,0,0,0,1,1,1,0,0,1,0,0,0,0,0,0,0,0,0,0,0,0,0,0,1,0,0,0,0
cassandra,cassandra/harry/test/HarryCompaction,HarryCompaction,,C:/Users/ismak/Documents/GitHub/relation_test_code_smell_ML/dataset/projects/cassandra/test/harry/main/org/apache/cassandra/harry/test/HarryCompactionTest.java,0,0,1,6,0,0,0,0,0,0,1,1,1,0,0,1,0,0,0,1,0,0,0,0,0,0,0,0,0,0,1,0,0,0,0
cassandra,cassandra/harry/test/HarryCompactionWithRangeDeletions,HarryCompactionWithRangeDeletions,,C:/Users/ismak/Documents/GitHub/relation_test_code_smell_ML/dataset/projects/cassandra/test/harry/main/org/apache/cassandra/harry/test/HarryCompactionWithRangeDeletionsTest.java,0,0,1,6,0,0,0,0,0,0,1,1,1,0,0,1,0,0,0,1,0,0,0,0,0,0,0,0,0,0,1,0,0,0,0
cassandra,cassandra/harry/test/HarrySSTableWriter,HarrySSTableWriter,,C:/Users/ismak/Documents/GitHub/relation_test_code_smell_ML/dataset/projects/cassandra/test/harry/main/org/apache/cassandra/harry/test/HarrySSTableWriterTest.java,0,0,1,7,0,0,0,0,0,0,1,1,1,0,0,1,0,0,0,0,1,0,0,0,0,0,0,0,0,0,1,0,1,0,0
cassandra,cassandra/harry/test/HistoryBuilder,HistoryBuilder,,C:/Users/ismak/Documents/GitHub/relation_test_code_smell_ML/dataset/projects/cassandra/test/harry/main/org/apache/cassandra/harry/test/HistoryBuilderTest.java,0,0,1,5,0,0,0,0,0,0,1,1,1,0,0,1,0,0,0,0,0,0,0,0,0,0,0,0,0,0,1,0,0,0,0
cassandra,cassandra/harry/test/QueryBuilder,QueryBuilder,,C:/Users/ismak/Documents/GitHub/relation_test_code_smell_ML/dataset/projects/cassandra/test/harry/main/org/apache/cassandra/harry/test/QueryBuilderTest.java,0,0,1,4,0,0,0,0,0,0,1,1,1,0,1,0,0,0,0,0,0,0,0,0,0,0,0,0,0,0,0,0,0,0,0
cassandra,cassandra/harry/test/SimpleBijection,SimpleBijection,,C:/Users/ismak/Documents/GitHub/relation_test_code_smell_ML/dataset/projects/cassandra/test/harry/main/org/apache/cassandra/harry/test/SimpleBijectionTest.java,0,0,1,6,0,0,0,0,0,0,1,1,1,0,1,1,0,0,0,0,0,0,0,0,0,0,0,0,0,0,1,0,0,0,0
cassandra,cassandra/harry/test/State,State,,C:/Users/ismak/Documents/GitHub/relation_test_code_smell_ML/dataset/projects/cassandra/test/harry/main/org/apache/cassandra/harry/test/TestStateTest.java,0,0,1,5,0,0,0,0,0,0,1,1,1,0,1,0,0,0,0,0,0,0,0,0,0,0,0,0,0,0,0,0,0,1,0
cassandra,cassandra/index/accord/CheckpointIntervalArrayIndex,CheckpointIntervalArrayIndex,dataset/projects/cassandra/src/java/org/apache/cassandra/index/accord/CheckpointIntervalArrayIndex.java,C:/Users/ismak/Documents/GitHub/relation_test_code_smell_ML/dataset/projects/cassandra/test/unit/org/apache/cassandra/index/accord/CheckpointIntervalArrayIndexTest.java,1,2,1,6,1,0,0,0,0,1,1,1,1,0,0,1,0,0,0,1,0,0,0,0,0,0,0,0,0,0,1,0,0,0,0
cassandra,cassandra/index/accord/RangeMemoryIndex,RangeMemoryIndex,dataset/projects/cassandra/src/java/org/apache/cassandra/index/accord/RangeMemoryIndex.java,C:/Users/ismak/Documents/GitHub/relation_test_code_smell_ML/dataset/projects/cassandra/test/unit/org/apache/cassandra/index/accord/RangeMemoryIndexTest.java,1,2,1,4,1,1,0,0,0,0,1,1,1,0,0,0,0,0,0,0,0,0,0,0,0,0,0,0,0,0,1,0,0,0,0
cassandra,cassandra/index/accord/RouteIndex,RouteIndex,,C:/Users/ismak/Documents/GitHub/relation_test_code_smell_ML/dataset/projects/cassandra/test/unit/org/apache/cassandra/index/accord/RouteIndexTest.java,0,0,1,4,0,0,0,0,0,0,1,1,1,0,0,0,0,0,0,0,0,0,0,0,0,0,0,0,0,0,0,1,0,0,0
cassandra,cassandra/index/accord/RouteIndexFormat,RouteIndexFormat,dataset/projects/cassandra/src/java/org/apache/cassandra/index/accord/RouteIndexFormat.java,,1,2,0,0,1,1,0,0,0,0,0,0,0,0,0,0,0,0,0,0,0,0,0,0,0,0,0,0,0,0,0,0,0,0,0
cassandra,cassandra/index/accord/RouteJournalIndex,RouteJournalIndex,dataset/projects/cassandra/src/java/org/apache/cassandra/index/accord/RouteJournalIndex.java,,1,4,0,0,1,1,0,1,0,1,0,0,0,0,0,0,0,0,0,0,0,0,0,0,0,0,0,0,0,0,0,0,0,0,0
cassandra,cassandra/index/accord/RouteSecondaryIndexBuilder,RouteSecondaryIndexBuilder,dataset/projects/cassandra/src/java/org/apache/cassandra/index/accord/RouteSecondaryIndexBuilder.java,,1,1,0,0,0,1,0,0,0,0,0,0,0,0,0,0,0,0,0,0,0,0,0,0,0,0,0,0,0,0,0,0,0,0,0
cassandra,cassandra/index/internal/CassandraIndex,CassandraIndex,dataset/projects/cassandra/src/java/org/apache/cassandra/index/internal/CassandraIndex.java,C:/Users/ismak/Documents/GitHub/relation_test_code_smell_ML/dataset/projects/cassandra/test/unit/org/apache/cassandra/index/internal/CassandraIndexTest.java,1,5,1,6,1,2,0,1,0,1,1,1,1,0,0,1,0,0,0,1,0,0,0,0,0,0,0,0,0,0,1,0,0,0,0
cassandra,cassandra/index/internal/CassandraIndexSearcher,CassandraIndexSearcher,dataset/projects/cassandra/src/java/org/apache/cassandra/index/internal/CassandraIndexSearcher.java,,1,2,0,0,1,1,0,0,0,0,0,0,0,0,0,0,0,0,0,0,0,0,0,0,0,0,0,0,0,0,0,0,0,0,0
cassandra,cassandra/index/sai/StorageAttachedIndex,StorageAttachedIndex,dataset/projects/cassandra/src/java/org/apache/cassandra/index/sai/StorageAttachedIndex.java,,1,5,0,0,1,2,0,1,0,1,0,0,0,0,0,0,0,0,0,0,0,0,0,0,0,0,0,0,0,0,0,0,0,0,0
cassandra,cassandra/index/sai/StorageAttachedIndexBuilder,StorageAttachedIndexBuilder,dataset/projects/cassandra/src/java/org/apache/cassandra/index/sai/StorageAttachedIndexBuilder.java,,1,2,0,0,1,1,0,0,0,0,0,0,0,0,0,0,0,0,0,0,0,0,0,0,0,0,0,0,0,0,0,0,0,0,0
cassandra,cassandra/index/sai/StorageAttachedIndexGroup,StorageAttachedIndexGroup,dataset/projects/cassandra/src/java/org/apache/cassandra/index/sai/StorageAttachedIndexGroup.java,,1,2,0,0,1,0,0,0,0,1,0,0,0,0,0,0,0,0,0,0,0,0,0,0,0,0,0,0,0,0,0,0,0,0,0
cassandra,cassandra/index/sasi/SASICQL,SASICQL,,C:/Users/ismak/Documents/GitHub/relation_test_code_smell_ML/dataset/projects/cassandra/test/unit/org/apache/cassandra/index/sasi/SASICQLTest.java,0,0,1,7,0,0,0,0,0,0,1,1,1,0,1,1,0,0,0,1,0,0,0,0,0,0,0,0,0,0,0,0,0,1,0
cassandra,cassandra/index/sasi/SASIIndex,SASIIndex,dataset/projects/cassandra/src/java/org/apache/cassandra/index/sasi/SASIIndex.java,C:/Users/ismak/Documents/GitHub/relation_test_code_smell_ML/dataset/projects/cassandra/test/unit/org/apache/cassandra/index/sasi/SASIIndexTest.java,1,4,1,13,1,1,0,1,0,1,1,1,1,0,1,1,0,0,0,1,1,1,0,0,0,0,0,0,0,1,1,1,1,1,0
cassandra,cassandra/index/sasi/SASIIndexBuilder,SASIIndexBuilder,dataset/projects/cassandra/src/java/org/apache/cassandra/index/sasi/SASIIndexBuilder.java,,1,1,0,0,0,1,0,0,0,0,0,0,0,0,0,0,0,0,0,0,0,0,0,0,0,0,0,0,0,0,0,0,0,0,0
cassandra,cassandra/index/sasi/SSTableIndex,SSTableIndex,dataset/projects/cassandra/src/java/org/apache/cassandra/index/sasi/SSTableIndex.java,,1,1,0,0,0,0,0,0,0,1,0,0,0,0,0,0,0,0,0,0,0,0,0,0,0,0,0,0,0,0,0,0,0,0,0
cassandra,cassandra/index/sasi/TermIterator,TermIterator,dataset/projects/cassandra/src/java/org/apache/cassandra/index/sasi/TermIterator.java,,1,1,0,0,0,1,0,0,0,0,0,0,0,0,0,0,0,0,0,0,0,0,0,0,0,0,0,0,0,0,0,0,0,0,0
cassandra,cassandra/io/compress/CQLCompression,CQLCompression,,C:/Users/ismak/Documents/GitHub/relation_test_code_smell_ML/dataset/projects/cassandra/test/unit/org/apache/cassandra/io/compress/CQLCompressionTest.java,0,0,1,7,0,0,0,0,0,0,1,1,1,0,1,0,0,0,0,1,0,0,0,0,0,0,0,0,0,1,0,0,0,1,0
cassandra,cassandra/io/compress/CompressedRandomAccessReader,CompressedRandomAccessReader,,C:/Users/ismak/Documents/GitHub/relation_test_code_smell_ML/dataset/projects/cassandra/test/unit/org/apache/cassandra/io/compress/CompressedRandomAccessReaderTest.java,0,0,1,11,0,0,0,0,0,0,1,1,1,0,1,1,0,0,0,1,0,1,0,0,0,0,0,0,0,0,1,1,1,1,0
cassandra,cassandra/io/compress/CompressedSequentialWriter,CompressedSequentialWriter,dataset/projects/cassandra/src/java/org/apache/cassandra/io/compress/CompressedSequentialWriter.java,C:/Users/ismak/Documents/GitHub/relation_test_code_smell_ML/dataset/projects/cassandra/test/unit/org/apache/cassandra/io/compress/CompressedSequentialWriterTest.java,1,3,1,11,0,1,0,1,0,1,1,1,1,0,1,1,0,0,0,1,0,1,0,0,0,0,0,0,0,1,1,1,1,0,0
cassandra,cassandra/io/compress/CompressedSequentialWriterReopen,CompressedSequentialWriterReopen,,C:/Users/ismak/Documents/GitHub/relation_test_code_smell_ML/dataset/projects/cassandra/test/unit/org/apache/cassandra/io/compress/CompressedSequentialWriterReopenTest.java,0,0,1,6,0,0,0,0,0,0,1,1,1,0,0,1,0,0,0,1,0,0,0,0,0,0,0,0,0,0,1,0,0,0,0
cassandra,cassandra/io/compress/CompressionMetadata,CompressionMetadata,dataset/projects/cassandra/src/java/org/apache/cassandra/io/compress/CompressionMetadata.java,C:/Users/ismak/Documents/GitHub/relation_test_code_smell_ML/dataset/projects/cassandra/test/unit/org/apache/cassandra/io/compress/CompressionMetadataTest.java,1,5,1,5,1,1,0,1,0,2,1,1,1,0,1,0,0,0,0,0,0,0,0,0,0,0,0,0,0,1,0,0,0,0,0
cassandra,cassandra/io/compress/Compressor,Compressor,,C:/Users/ismak/Documents/GitHub/relation_test_code_smell_ML/dataset/projects/cassandra/test/unit/org/apache/cassandra/io/compress/CompressorTest.java,0,0,1,10,0,0,0,0,0,0,1,1,1,0,1,1,0,0,0,1,0,1,0,0,0,0,0,0,0,0,1,1,1,0,0
cassandra,cassandra/io/compress/CompressorRegistry,CompressorRegistry,dataset/projects/cassandra/src/java/org/apache/cassandra/io/compress/CompressorRegistry.java,C:/Users/ismak/Documents/GitHub/relation_test_code_smell_ML/dataset/projects/cassandra/test/unit/org/apache/cassandra/io/compress/CompressorRegistryTest.java,1,1,1,8,0,1,0,0,0,0,1,1,1,0,1,1,0,0,0,1,1,0,0,0,0,0,0,0,0,1,0,0,0,0,0
cassandra,cassandra/io/compress/DefaultCompressionProvider,DefaultCompressionProvider,dataset/projects/cassandra/src/java/org/apache/cassandra/io/compress/DefaultCompressionProvider.java,,1,1,0,0,0,1,0,0,0,0,0,0,0,0,0,0,0,0,0,0,0,0,0,0,0,0,0,0,0,0,0,0,0,0,0
cassandra,cassandra/io/compress/DeflateCompressor,DeflateCompressor,dataset/projects/cassandra/src/java/org/apache/cassandra/io/compress/DeflateCompressor.java,,1,1,0,0,0,0,0,0,0,1,0,0,0,0,0,0,0,0,0,0,0,0,0,0,0,0,0,0,0,0,0,0,0,0,0
cassandra,cassandra/io/compress/DirectCompressedSequentialWriter,DirectCompressedSequentialWriter,dataset/projects/cassandra/src/java/org/apache/cassandra/io/compress/DirectCompressedSequentialWriter.java,C:/Users/ismak/Documents/GitHub/relation_test_code_smell_ML/dataset/projects/cassandra/test/unit/org/apache/cassandra/io/compress/DirectCompressedSequentialWriterTest.java,1,2,1,10,0,1,0,0,0,1,1,1,1,0,0,1,0,0,0,1,0,1,0,0,0,0,0,0,0,0,1,1,1,1,0
cassandra,cassandra/io/compress/LZ4Compressor,LZ4Compressor,dataset/projects/cassandra/src/java/org/apache/cassandra/io/compress/LZ4Compressor.java,,1,1,0,0,0,0,0,0,0,1,0,0,0,0,0,0,0,0,0,0,0,0,0,0,0,0,0,0,0,0,0,0,0,0,0
cassandra,cassandra/io/compress/ZstdCompressor,ZstdCompressor,,C:/Users/ismak/Documents/GitHub/relation_test_code_smell_ML/dataset/projects/cassandra/test/unit/org/apache/cassandra/io/compress/ZstdCompressorTest.java,0,0,1,3,0,0,0,0,0,0,1,1,1,0,0,0,0,0,0,0,0,0,0,0,0,0,0,0,0,0,0,0,0,0,0
cassandra,cassandra/io/compress/ZstdCompressorBase,ZstdCompressorBase,dataset/projects/cassandra/src/java/org/apache/cassandra/io/compress/ZstdCompressorBase.java,,1,1,0,0,0,0,0,0,0,1,0,0,0,0,0,0,0,0,0,0,0,0,0,0,0,0,0,0,0,0,0,0,0,0,0
cassandra,cassandra/io/compress/ZstdDictionaryCompressor,ZstdDictionaryCompressor,,C:/Users/ismak/Documents/GitHub/relation_test_code_smell_ML/dataset/projects/cassandra/test/unit/org/apache/cassandra/io/compress/ZstdDictionaryCompressorTest.java,0,0,1,5,0,0,0,0,0,0,1,1,1,0,1,0,0,0,0,1,0,0,0,0,0,0,0,0,0,0,0,0,0,0,0
cassandra,cassandra/io/sstable/AbstractSSTableIterator,AbstractSSTableIterator,dataset/projects/cassandra/src/java/org/apache/cassandra/io/sstable/AbstractSSTableIterator.java,,1,4,0,0,1,1,0,1,0,1,0,0,0,0,0,0,0,0,0,0,0,0,0,0,0,0,0,0,0,0,0,0,0,0,0
cassandra,cassandra/io/sstable/CQLSSTableWriter,CQLSSTableWriter,dataset/projects/cassandra/src/java/org/apache/cassandra/io/sstable/CQLSSTableWriter.java,C:/Users/ismak/Documents/GitHub/relation_test_code_smell_ML/dataset/projects/cassandra/test/unit/org/apache/cassandra/io/sstable/CQLSSTableWriterTest.java,1,5,1,13,1,2,0,1,0,1,1,1,1,0,1,1,0,0,0,1,1,0,0,0,0,0,1,0,0,1,1,1,1,1,0
cassandra,cassandra/io/sstable/CQLSSTableWriterClient,CQLSSTableWriterClient,,C:/Users/ismak/Documents/GitHub/relation_test_code_smell_ML/dataset/projects/cassandra/test/unit/org/apache/cassandra/io/sstable/CQLSSTableWriterClientTest.java,0,0,1,4,0,0,0,0,0,0,1,1,1,0,0,0,0,0,0,0,0,0,0,0,0,0,0,0,0,0,0,0,1,0,0
cassandra,cassandra/io/sstable/CQLSSTableWriterConcurrency,CQLSSTableWriterConcurrency,,C:/Users/ismak/Documents/GitHub/relation_test_code_smell_ML/dataset/projects/cassandra/test/unit/org/apache/cassandra/io/sstable/CQLSSTableWriterConcurrencyTest.java,0,0,1,6,0,0,0,0,0,0,1,1,1,0,0,1,0,0,0,1,0,0,0,0,0,0,0,0,0,0,0,0,1,0,0
cassandra,cassandra/io/sstable/CQLSSTableWriterDaemon,CQLSSTableWriterDaemon,,C:/Users/ismak/Documents/GitHub/relation_test_code_smell_ML/dataset/projects/cassandra/test/unit/org/apache/cassandra/io/sstable/CQLSSTableWriterDaemonTest.java,0,0,1,3,0,0,0,0,0,0,1,1,1,0,0,0,0,0,0,0,0,0,0,0,0,0,0,0,0,0,0,0,0,0,0
cassandra,cassandra/io/sstable/CQLSSTableWriterLong,CQLSSTableWriterLong,,C:/Users/ismak/Documents/GitHub/relation_test_code_smell_ML/dataset/projects/cassandra/test/long/org/apache/cassandra/io/sstable/CQLSSTableWriterLongTest.java,0,0,1,8,0,0,0,0,0,0,1,1,1,0,0,1,0,0,0,1,0,1,0,0,0,0,0,0,0,0,1,0,1,0,0
cassandra,cassandra/io/sstable/ClusteringDescriptor,ClusteringDescriptor,dataset/projects/cassandra/src/java/org/apache/cassandra/io/sstable/ClusteringDescriptor.java,,1,1,0,0,0,0,0,0,0,1,0,0,0,0,0,0,0,0,0,0,0,0,0,0,0,0,0,0,0,0,0,0,0,0,0
cassandra,cassandra/io/sstable/Component,Component,,C:/Users/ismak/Documents/GitHub/relation_test_code_smell_ML/dataset/projects/cassandra/test/unit/org/apache/cassandra/io/sstable/ComponentTest.java,0,0,1,5,0,0,0,0,0,0,1,1,1,0,1,0,0,0,0,0,0,0,0,0,0,0,0,0,0,1,0,0,0,0,0
cassandra,cassandra/io/sstable/Descriptor,Descriptor,dataset/projects/cassandra/src/java/org/apache/cassandra/io/sstable/Descriptor.java,C:/Users/ismak/Documents/GitHub/relation_test_code_smell_ML/dataset/projects/cassandra/test/unit/org/apache/cassandra/io/sstable/DescriptorTest.java,1,2,1,11,0,0,0,1,0,1,1,1,1,0,1,1,1,0,0,1,0,1,0,0,0,0,0,0,0,0,1,1,1,0,0
cassandra,cassandra/io/sstable/KeyIterator,KeyIterator,dataset/projects/cassandra/src/java/org/apache/cassandra/io/sstable/KeyIterator.java,,1,1,0,0,0,1,0,0,0,0,0,0,0,0,0,0,0,0,0,0,0,0,0,0,0,0,0,0,0,0,0,0,0,0,0
cassandra,cassandra/io/sstable/LargePartitions,LargePartitions,,C:/Users/ismak/Documents/GitHub/relation_test_code_smell_ML/dataset/projects/cassandra/test/unit/org/apache/cassandra/io/sstable/LargePartitionsTest.java,0,0,1,7,0,0,0,0,0,0,1,1,1,0,0,1,0,0,0,1,0,0,0,0,0,0,0,0,0,0,1,1,0,0,0
cassandra,cassandra/io/sstable/LegacySSTable,LegacySSTable,,C:/Users/ismak/Documents/GitHub/relation_test_code_smell_ML/dataset/projects/cassandra/test/unit/org/apache/cassandra/io/sstable/LegacySSTableTest.java,0,0,1,11,0,0,0,0,0,0,1,1,1,0,1,1,0,0,0,1,0,0,0,0,0,0,1,0,0,1,1,1,0,1,0
cassandra,cassandra/io/sstable/RangeAwareSSTableWriter,RangeAwareSSTableWriter,,C:/Users/ismak/Documents/GitHub/relation_test_code_smell_ML/dataset/projects/cassandra/test/unit/org/apache/cassandra/io/sstable/RangeAwareSSTableWriterTest.java,0,0,1,5,0,0,0,0,0,0,1,1,1,0,1,0,0,0,0,1,0,0,0,0,0,0,0,0,0,0,0,0,0,0,0
cassandra,cassandra/io/sstable/SSTable,SSTable,dataset/projects/cassandra/src/java/org/apache/cassandra/io/sstable/SSTable.java,,1,2,0,0,1,0,0,0,0,1,0,0,0,0,0,0,0,0,0,0,0,0,0,0,0,0,0,0,0,0,0,0,0,0,0
cassandra,cassandra/io/sstable/SSTableCorruptionDetection,SSTableCorruptionDetection,,C:/Users/ismak/Documents/GitHub/relation_test_code_smell_ML/dataset/projects/cassandra/test/unit/org/apache/cassandra/io/sstable/SSTableCorruptionDetectionTest.java,0,0,1,7,0,0,0,0,0,0,1,1,1,0,0,0,0,0,0,1,1,0,0,0,0,0,0,0,0,0,1,0,1,0,0
cassandra,cassandra/io/sstable/SSTableCursorReader,SSTableCursorReader,dataset/projects/cassandra/src/java/org/apache/cassandra/io/sstable/SSTableCursorReader.java,,1,6,0,0,1,4,0,0,0,1,0,0,0,0,0,0,0,0,0,0,0,0,0,0,0,0,0,0,0,0,0,0,0,0,0
cassandra,cassandra/io/sstable/SSTableCursorWriter,SSTableCursorWriter,dataset/projects/cassandra/src/java/org/apache/cassandra/io/sstable/SSTableCursorWriter.java,,1,5,0,0,1,2,0,1,0,1,0,0,0,0,0,0,0,0,0,0,0,0,0,0,0,0,0,0,0,0,0,0,0,0,0
cassandra,cassandra/io/sstable/SSTableFlushObserver,SSTableFlushObserver,,C:/Users/ismak/Documents/GitHub/relation_test_code_smell_ML/dataset/projects/cassandra/test/unit/org/apache/cassandra/io/sstable/SSTableFlushObserverTest.java,0,0,1,9,0,0,0,0,0,0,1,1,1,0,1,1,0,0,0,1,0,0,0,0,0,0,0,0,0,1,0,0,1,1,0
cassandra,cassandra/io/sstable/SSTableFormat,SSTableFormat,,C:/Users/ismak/Documents/GitHub/relation_test_code_smell_ML/dataset/projects/cassandra/test/unit/org/apache/cassandra/io/sstable/SSTableFormatTest.java,0,0,1,8,0,0,0,0,0,0,1,1,1,0,1,0,0,0,0,1,0,1,0,0,0,0,0,0,0,1,0,0,1,0,0
cassandra,cassandra/io/sstable/SSTableId,SSTableId,,C:/Users/ismak/Documents/GitHub/relation_test_code_smell_ML/dataset/projects/cassandra/test/unit/org/apache/cassandra/io/sstable/SSTableIdTest.java,0,0,1,9,0,0,0,0,0,0,1,1,1,0,1,1,0,0,0,0,0,0,0,0,0,0,0,0,0,1,1,1,0,1,0
cassandra,cassandra/io/sstable/SSTableIdentityIterator,SSTableIdentityIterator,dataset/projects/cassandra/src/java/org/apache/cassandra/io/sstable/SSTableIdentityIterator.java,,1,4,0,0,0,2,0,1,0,1,0,0,0,0,0,0,0,0,0,0,0,0,0,0,0,0,0,0,0,0,0,0,0,0,0
cassandra,cassandra/io/sstable/SSTableLoader,SSTableLoader,dataset/projects/cassandra/src/java/org/apache/cassandra/io/sstable/SSTableLoader.java,C:/Users/ismak/Documents/GitHub/relation_test_code_smell_ML/dataset/projects/cassandra/test/unit/org/apache/cassandra/io/sstable/SSTableLoaderTest.java,1,1,1,12,1,0,0,0,0,0,1,1,1,0,1,1,0,0,0,1,1,1,0,0,0,0,0,0,0,0,1,1,1,1,0
cassandra,cassandra/io/sstable/SSTableLoaderLegacy,SSTableLoaderLegacy,,C:/Users/ismak/Documents/GitHub/relation_test_code_smell_ML/dataset/projects/cassandra/test/unit/org/apache/cassandra/io/sstable/SSTableLoaderLegacyTest.java,0,0,1,7,0,0,0,0,0,0,1,1,1,0,0,0,0,0,0,1,1,1,0,0,0,0,0,0,0,0,0,0,1,0,0
cassandra,cassandra/io/sstable/SSTableMetadata,SSTableMetadata,,C:/Users/ismak/Documents/GitHub/relation_test_code_smell_ML/dataset/projects/cassandra/test/unit/org/apache/cassandra/io/sstable/SSTableMetadataTest.java,0,0,1,8,0,0,0,0,0,0,1,1,1,0,1,1,0,0,0,1,0,0,0,0,0,0,0,0,0,1,0,0,0,1,0
cassandra,cassandra/io/sstable/SSTableReader,SSTableReader,,C:/Users/ismak/Documents/GitHub/relation_test_code_smell_ML/dataset/projects/cassandra/test/unit/org/apache/cassandra/io/sstable/SSTableReaderTest.java,0,0,1,14,0,0,0,0,0,0,1,1,1,0,1,1,0,0,0,1,0,1,1,0,1,0,0,0,0,1,1,1,1,1,0
cassandra,cassandra/io/sstable/SSTableRewriter,SSTableRewriter,dataset/projects/cassandra/src/java/org/apache/cassandra/io/sstable/SSTableRewriter.java,C:/Users/ismak/Documents/GitHub/relation_test_code_smell_ML/dataset/projects/cassandra/test/unit/org/apache/cassandra/io/sstable/SSTableRewriterTest.java,1,2,1,12,0,0,0,1,0,1,1,1,1,0,1,1,0,0,0,1,0,1,0,0,0,0,0,0,0,1,1,1,1,1,0
cassandra,cassandra/io/sstable/SSTableScanner,SSTableScanner,,C:/Users/ismak/Documents/GitHub/relation_test_code_smell_ML/dataset/projects/cassandra/test/unit/org/apache/cassandra/io/sstable/SSTableScannerTest.java,0,0,1,11,0,0,0,0,0,0,1,1,1,0,1,1,0,0,0,1,0,0,0,1,0,0,0,0,0,1,1,1,0,1,0
cassandra,cassandra/io/sstable/SSTableWriter,SSTableWriter,,C:/Users/ismak/Documents/GitHub/relation_test_code_smell_ML/dataset/projects/cassandra/test/unit/org/apache/cassandra/io/sstable/SSTableWriterTest.java,0,0,1,9,0,0,0,0,0,0,1,1,1,0,1,1,0,0,0,1,0,1,0,0,0,0,0,0,0,0,0,0,1,1,0
cassandra,cassandra/io/sstable/SSTableWriterTransaction,SSTableWriterTransaction,,C:/Users/ismak/Documents/GitHub/relation_test_code_smell_ML/dataset/projects/cassandra/test/unit/org/apache/cassandra/io/sstable/SSTableWriterTransactionTest.java,0,0,1,3,0,0,0,0,0,0,1,1,1,0,0,0,0,0,0,0,0,0,0,0,0,0,0,0,0,0,0,0,0,0,0
cassandra,cassandra/io/sstable/SSTableZeroCopyWriter,SSTableZeroCopyWriter,dataset/projects/cassandra/src/java/org/apache/cassandra/io/sstable/SSTableZeroCopyWriter.java,C:/Users/ismak/Documents/GitHub/relation_test_code_smell_ML/dataset/projects/cassandra/test/unit/org/apache/cassandra/io/sstable/SSTableZeroCopyWriterTest.java,1,1,1,5,0,0,0,0,0,1,1,1,1,0,0,1,0,0,0,0,0,0,0,0,0,0,0,0,0,0,1,0,0,0,0
cassandra,cassandra/io/sstable/Scrub,Scrub,,C:/Users/ismak/Documents/GitHub/relation_test_code_smell_ML/dataset/projects/cassandra/test/unit/org/apache/cassandra/io/sstable/ScrubTest.java,0,0,1,13,0,0,0,0,0,0,1,1,1,0,1,1,0,0,0,1,1,1,0,0,0,0,0,0,0,1,1,1,1,1,0
cassandra,cassandra/io/sstable/SimpleSSTableMultiWriter,SimpleSSTableMultiWriter,dataset/projects/cassandra/src/java/org/apache/cassandra/io/sstable/SimpleSSTableMultiWriter.java,,1,1,0,0,0,0,1,0,0,0,0,0,0,0,0,0,0,0,0,0,0,0,0,0,0,0,0,0,0,0,0,0,0,0,0
cassandra,cassandra/io/sstable/StressCQLSSTableWriter,StressCQLSSTableWriter,dataset/projects/cassandra/tools/stress/src/org/apache/cassandra/io/sstable/StressCQLSSTableWriter.java,,1,3,0,0,1,1,0,0,0,1,0,0,0,0,0,0,0,0,0,0,0,0,0,0,0,0,0,0,0,0,0,0,0,0,0
cassandra,cassandra/io/sstable/UnfilteredDescriptor,UnfilteredDescriptor,dataset/projects/cassandra/src/java/org/apache/cassandra/io/sstable/UnfilteredDescriptor.java,,1,1,0,0,0,0,0,0,0,1,0,0,0,0,0,0,0,0,0,0,0,0,0,0,0,0,0,0,0,0,0,0,0,0,0
cassandra,cassandra/io/sstable/Verify,Verify,,C:/Users/ismak/Documents/GitHub/relation_test_code_smell_ML/dataset/projects/cassandra/test/unit/org/apache/cassandra/io/sstable/VerifyTest.java,0,0,1,11,0,0,0,0,0,0,1,1,1,0,1,1,0,0,0,1,0,1,0,0,0,0,0,0,0,1,0,1,1,1,0
cassandra,cassandra/io/tries/ReverseValueIterator,ReverseValueIterator,dataset/projects/cassandra/src/java/org/apache/cassandra/io/tries/ReverseValueIterator.java,,1,1,0,0,0,1,0,0,0,0,0,0,0,0,0,0,0,0,0,0,0,0,0,0,0,0,0,0,0,0,0,0,0,0,0
cassandra,cassandra/io/tries/ReverseValueIteratorLeak,ReverseValueIteratorLeak,,C:/Users/ismak/Documents/GitHub/relation_test_code_smell_ML/dataset/projects/cassandra/test/unit/org/apache/cassandra/io/tries/ReverseValueIteratorLeakTest.java,0,0,1,4,0,0,0,0,0,0,1,1,1,0,0,0,0,0,0,1,0,0,0,0,0,0,0,0,0,0,0,0,0,0,0
cassandra,cassandra/io/tries/TrieBuilder,TrieBuilder,,C:/Users/ismak/Documents/GitHub/relation_test_code_smell_ML/dataset/projects/cassandra/test/unit/org/apache/cassandra/io/tries/TrieBuilderTest.java,0,0,1,5,0,0,0,0,0,0,1,1,1,0,0,0,0,0,0,1,0,0,0,0,0,0,0,0,0,0,1,0,0,0,0
cassandra,cassandra/io/tries/TrieNode,TrieNode,dataset/projects/cassandra/src/java/org/apache/cassandra/io/tries/TrieNode.java,C:/Users/ismak/Documents/GitHub/relation_test_code_smell_ML/dataset/projects/cassandra/test/unit/org/apache/cassandra/io/tries/TrieNodeTest.java,1,2,1,7,0,0,0,0,0,2,1,1,1,0,1,0,0,0,0,1,0,0,0,0,0,0,0,0,0,0,1,0,0,1,0
cassandra,cassandra/io/tries/ValueIterator,ValueIterator,dataset/projects/cassandra/src/java/org/apache/cassandra/io/tries/ValueIterator.java,,1,1,0,0,0,1,0,0,0,0,0,0,0,0,0,0,0,0,0,0,0,0,0,0,0,0,0,0,0,0,0,0,0,0,0
cassandra,cassandra/io/tries/Walker,Walker,dataset/projects/cassandra/src/java/org/apache/cassandra/io/tries/Walker.java,C:/Users/ismak/Documents/GitHub/relation_test_code_smell_ML/dataset/projects/cassandra/test/unit/org/apache/cassandra/io/tries/WalkerTest.java,1,1,1,9,0,0,0,0,0,1,1,1,1,0,1,1,0,0,0,1,0,0,0,0,0,0,0,0,0,1,1,0,0,1,0
cassandra,cassandra/io/util/BufferedDataOutputStream,BufferedDataOutputStream,,C:/Users/ismak/Documents/GitHub/relation_test_code_smell_ML/dataset/projects/cassandra/test/unit/org/apache/cassandra/io/util/BufferedDataOutputStreamTest.java,0,0,1,7,0,0,0,0,0,0,1,1,1,0,1,1,0,0,0,1,0,0,0,0,0,0,0,0,0,0,0,0,0,1,0
cassandra,cassandra/io/util/BufferedDataOutputStreamPlus,BufferedDataOutputStreamPlus,dataset/projects/cassandra/src/java/org/apache/cassandra/io/util/BufferedDataOutputStreamPlus.java,,1,2,0,0,0,1,0,0,0,1,0,0,0,0,0,0,0,0,0,0,0,0,0,0,0,0,0,0,0,0,0,0,0,0,0
cassandra,cassandra/io/util/BufferedRandomAccessFile,BufferedRandomAccessFile,,C:/Users/ismak/Documents/GitHub/relation_test_code_smell_ML/dataset/projects/cassandra/test/unit/org/apache/cassandra/io/util/BufferedRandomAccessFileTest.java,0,0,1,11,0,0,0,0,0,0,1,1,1,0,1,1,0,0,0,1,0,1,0,0,0,0,0,0,0,1,1,0,1,1,0
cassandra,cassandra/io/util/ChannelProxy,ChannelProxy,dataset/projects/cassandra/src/java/org/apache/cassandra/io/util/ChannelProxy.java,,1,1,0,0,0,0,0,0,0,1,0,0,0,0,0,0,0,0,0,0,0,0,0,0,0,0,0,0,0,0,0,0,0,0,0
cassandra,cassandra/io/util/ChecksumedData,ChecksumedData,,C:/Users/ismak/Documents/GitHub/relation_test_code_smell_ML/dataset/projects/cassandra/test/unit/org/apache/cassandra/io/util/ChecksumedDataTest.java,0,0,1,4,0,0,0,0,0,0,1,1,1,0,0,0,0,0,0,0,0,0,0,0,0,0,0,0,0,0,1,0,0,0,0
cassandra,cassandra/io/util/ChecksummedRandomAccessReader,ChecksummedRandomAccessReader,,C:/Users/ismak/Documents/GitHub/relation_test_code_smell_ML/dataset/projects/cassandra/test/unit/org/apache/cassandra/io/util/ChecksummedRandomAccessReaderTest.java,0,0,1,7,0,0,0,0,0,0,1,1,1,0,1,0,0,0,0,1,0,1,0,0,0,0,0,0,0,0,0,0,1,0,0
cassandra,cassandra/io/util/ChecksummedSequentialWriter,ChecksummedSequentialWriter,,C:/Users/ismak/Documents/GitHub/relation_test_code_smell_ML/dataset/projects/cassandra/test/unit/org/apache/cassandra/io/util/ChecksummedSequentialWriterTest.java,0,0,1,3,0,0,0,0,0,0,1,1,1,0,0,0,0,0,0,0,0,0,0,0,0,0,0,0,0,0,0,0,0,0,0
cassandra,cassandra/io/util/CompressedChunkReader,CompressedChunkReader,dataset/projects/cassandra/src/java/org/apache/cassandra/io/util/CompressedChunkReader.java,,1,1,0,0,0,1,0,0,0,0,0,0,0,0,0,0,0,0,0,0,0,0,0,0,0,0,0,0,0,0,0,0,0,0,0
cassandra,cassandra/io/util/CompressedFrameDataInputPlus,CompressedFrameDataInputPlus,dataset/projects/cassandra/src/java/org/apache/cassandra/io/util/CompressedFrameDataInputPlus.java,,1,1,0,0,0,1,0,0,0,0,0,0,0,0,0,0,0,0,0,0,0,0,0,0,0,0,0,0,0,0,0,0,0,0,0
cassandra,cassandra/io/util/DataInputPlus,DataInputPlus,dataset/projects/cassandra/src/java/org/apache/cassandra/io/util/DataInputPlus.java,,1,2,0,0,0,1,0,0,0,1,0,0,0,0,0,0,0,0,0,0,0,0,0,0,0,0,0,0,0,0,0,0,0,0,0
cassandra,cassandra/io/util/DataOutput,DataOutput,,C:/Users/ismak/Documents/GitHub/relation_test_code_smell_ML/dataset/projects/cassandra/test/unit/org/apache/cassandra/io/util/DataOutputTest.java,0,0,1,11,0,0,0,0,0,0,1,1,1,0,1,1,0,0,0,1,0,1,0,0,0,0,0,0,0,0,1,1,1,1,0
cassandra,cassandra/io/util/DataOutputBuffer,DataOutputBuffer,dataset/projects/cassandra/src/java/org/apache/cassandra/io/util/DataOutputBuffer.java,,1,1,0,0,0,0,0,0,0,1,0,0,0,0,0,0,0,0,0,0,0,0,0,0,0,0,0,0,0,0,0,0,0,0,0
cassandra,cassandra/io/util/DataOutputInputPlus,DataOutputInputPlus,,C:/Users/ismak/Documents/GitHub/relation_test_code_smell_ML/dataset/projects/cassandra/test/unit/org/apache/cassandra/io/util/DataOutputInputPlusTest.java,0,0,1,4,0,0,0,0,0,0,1,1,1,0,1,0,0,0,0,0,0,0,0,0,0,0,0,0,0,0,0,0,0,0,0
cassandra,cassandra/io/util/DataOutputPlus,DataOutputPlus,dataset/projects/cassandra/src/java/org/apache/cassandra/io/util/DataOutputPlus.java,,1,3,0,0,0,2,0,0,0,1,0,0,0,0,0,0,0,0,0,0,0,0,0,0,0,0,0,0,0,0,0,0,0,0,0
cassandra,cassandra/io/util/DirectThreadLocalByteBufferHolder,DirectThreadLocalByteBufferHolder,,C:/Users/ismak/Documents/GitHub/relation_test_code_smell_ML/dataset/projects/cassandra/test/unit/org/apache/cassandra/io/util/DirectThreadLocalByteBufferHolderTest.java,0,0,1,5,0,0,0,0,0,0,1,1,1,0,1,0,0,0,0,0,0,0,0,0,0,0,0,0,0,0,0,0,0,1,0
cassandra,cassandra/io/util/DirectThreadLocalReadAheadBuffer,DirectThreadLocalReadAheadBuffer,,C:/Users/ismak/Documents/GitHub/relation_test_code_smell_ML/dataset/projects/cassandra/test/unit/org/apache/cassandra/io/util/DirectThreadLocalReadAheadBufferTest.java,0,0,1,6,0,0,0,0,0,0,1,1,1,0,0,1,0,0,0,0,0,0,0,0,0,0,0,0,0,0,1,1,0,0,0
cassandra,cassandra/io/util/DiskOptimizationStrategy,DiskOptimizationStrategy,,C:/Users/ismak/Documents/GitHub/relation_test_code_smell_ML/dataset/projects/cassandra/test/unit/org/apache/cassandra/io/util/DiskOptimizationStrategyTest.java,0,0,1,6,0,0,0,0,0,0,1,1,1,0,1,1,0,0,0,0,0,0,0,0,0,0,0,0,0,0,0,0,0,1,0
cassandra,cassandra/io/util/File,File,dataset/projects/cassandra/src/java/org/apache/cassandra/io/util/File.java,C:/Users/ismak/Documents/GitHub/relation_test_code_smell_ML/dataset/projects/cassandra/test/unit/org/apache/cassandra/io/util/FileTest.java,1,4,1,11,1,1,0,1,0,1,1,1,1,0,1,1,0,0,0,1,0,1,0,0,0,0,0,0,0,1,1,1,1,0,0
cassandra,cassandra/io/util/FileHandle,FileHandle,dataset/projects/cassandra/src/java/org/apache/cassandra/io/util/FileHandle.java,,1,4,0,0,1,1,0,0,0,2,0,0,0,0,0,0,0,0,0,0,0,0,0,0,0,0,0,0,0,0,0,0,0,0,0
cassandra,cassandra/io/util/FileSegmentInputStream,FileSegmentInputStream,,C:/Users/ismak/Documents/GitHub/relation_test_code_smell_ML/dataset/projects/cassandra/test/unit/org/apache/cassandra/io/util/FileSegmentInputStreamTest.java,0,0,1,8,0,0,0,0,0,0,1,1,1,0,1,0,0,0,0,1,0,0,0,0,0,0,0,0,0,0,1,1,0,1,0
cassandra,cassandra/io/util/FileUtils,FileUtils,dataset/projects/cassandra/src/java/org/apache/cassandra/io/util/FileUtils.java,C:/Users/ismak/Documents/GitHub/relation_test_code_smell_ML/dataset/projects/cassandra/test/unit/org/apache/cassandra/io/util/FileUtilsTest.java,1,5,1,9,1,2,0,1,0,1,1,1,1,0,1,0,0,0,0,1,0,1,0,0,0,0,0,0,0,1,0,0,1,1,0
cassandra,cassandra/io/util/Memory,Memory,dataset/projects/cassandra/src/java/org/apache/cassandra/io/util/Memory.java,C:/Users/ismak/Documents/GitHub/relation_test_code_smell_ML/dataset/projects/cassandra/test/unit/org/apache/cassandra/io/util/MemoryTest.java,1,1,1,8,0,0,0,0,0,1,1,1,1,0,1,0,0,0,0,1,0,0,0,0,0,0,0,0,0,0,1,1,0,1,0
cassandra,cassandra/io/util/MmappedRegions,MmappedRegions,,C:/Users/ismak/Documents/GitHub/relation_test_code_smell_ML/dataset/projects/cassandra/test/unit/org/apache/cassandra/io/util/MmappedRegionsTest.java,0,0,1,10,0,0,0,0,0,0,1,1,1,0,1,1,0,0,0,1,0,1,0,0,0,0,0,0,0,1,0,0,1,1,0
cassandra,cassandra/io/util/NIODataInputStream,NIODataInputStream,,C:/Users/ismak/Documents/GitHub/relation_test_code_smell_ML/dataset/projects/cassandra/test/unit/org/apache/cassandra/io/util/NIODataInputStreamTest.java,0,0,1,10,0,0,0,0,0,0,1,1,1,0,1,1,0,0,0,1,0,1,0,0,0,0,0,0,0,1,0,0,1,1,0
cassandra,cassandra/io/util/PageAware,PageAware,,C:/Users/ismak/Documents/GitHub/relation_test_code_smell_ML/dataset/projects/cassandra/test/unit/org/apache/cassandra/io/util/PageAwareTest.java,0,0,1,9,0,0,0,0,0,0,1,1,1,0,1,1,0,0,0,1,0,0,0,0,0,0,0,0,0,0,1,1,0,1,0
cassandra,cassandra/io/util/PathUtils,PathUtils,dataset/projects/cassandra/src/java/org/apache/cassandra/io/util/PathUtils.java,,1,6,0,0,1,3,0,1,0,1,0,0,0,0,0,0,0,0,0,0,0,0,0,0,0,0,0,0,0,0,0,0,0,0,0
cassandra,cassandra/io/util/RandomAccessReader,RandomAccessReader,dataset/projects/cassandra/src/java/org/apache/cassandra/io/util/RandomAccessReader.java,C:/Users/ismak/Documents/GitHub/relation_test_code_smell_ML/dataset/projects/cassandra/test/unit/org/apache/cassandra/io/util/RandomAccessReaderTest.java,1,1,1,12,0,0,0,0,0,1,1,1,1,0,1,1,0,0,0,1,0,1,0,0,0,0,0,0,0,1,1,1,1,1,0
cassandra,cassandra/io/util/RebufferingInputStream,RebufferingInputStream,dataset/projects/cassandra/src/java/org/apache/cassandra/io/util/RebufferingInputStream.java,,1,3,0,0,0,1,0,1,0,1,0,0,0,0,0,0,0,0,0,0,0,0,0,0,0,0,0,0,0,0,0,0,0,0,0
cassandra,cassandra/io/util/ResizableByteBuffer,ResizableByteBuffer,dataset/projects/cassandra/src/java/org/apache/cassandra/io/util/ResizableByteBuffer.java,,1,1,0,0,0,0,0,0,0,1,0,0,0,0,0,0,0,0,0,0,0,0,0,0,0,0,0,0,0,0,0,0,0,0,0
cassandra,cassandra/io/util/SafeMemoryWriter,SafeMemoryWriter,dataset/projects/cassandra/src/java/org/apache/cassandra/io/util/SafeMemoryWriter.java,C:/Users/ismak/Documents/GitHub/relation_test_code_smell_ML/dataset/projects/cassandra/test/unit/org/apache/cassandra/io/util/SafeMemoryWriterTest.java,1,1,1,7,0,0,0,0,0,1,1,1,1,0,1,1,0,0,0,1,0,0,0,0,0,0,0,0,0,0,1,0,0,0,0
cassandra,cassandra/io/util/SequentialWriter,SequentialWriter,dataset/projects/cassandra/src/java/org/apache/cassandra/io/util/SequentialWriter.java,C:/Users/ismak/Documents/GitHub/relation_test_code_smell_ML/dataset/projects/cassandra/test/unit/org/apache/cassandra/io/util/SequentialWriterTest.java,1,1,1,8,0,0,0,0,0,1,1,1,1,0,1,0,0,0,0,1,0,1,0,0,0,0,0,0,0,1,0,0,1,0,0
cassandra,cassandra/io/util/SizedInts,SizedInts,dataset/projects/cassandra/src/java/org/apache/cassandra/io/util/SizedInts.java,C:/Users/ismak/Documents/GitHub/relation_test_code_smell_ML/dataset/projects/cassandra/test/unit/org/apache/cassandra/io/util/SizedIntsTest.java,1,1,1,7,0,1,0,0,0,0,1,1,1,0,1,0,0,0,0,1,0,0,0,0,0,0,0,0,0,0,1,0,0,1,0
cassandra,cassandra/io/util/TailOverridingRebufferer,TailOverridingRebufferer,,C:/Users/ismak/Documents/GitHub/relation_test_code_smell_ML/dataset/projects/cassandra/test/unit/org/apache/cassandra/io/util/TailOverridingRebuffererTest.java,0,0,1,8,0,0,0,0,0,0,1,1,1,0,1,1,0,0,0,0,0,1,0,0,0,0,0,0,0,0,0,0,1,1,0
cassandra,cassandra/io/util/TeeDataInputPlus,TeeDataInputPlus,dataset/projects/cassandra/src/java/org/apache/cassandra/io/util/TeeDataInputPlus.java,,1,1,0,0,0,0,0,0,0,1,0,0,0,0,0,0,0,0,0,0,0,0,0,0,0,0,0,0,0,0,0,0,0,0,0
cassandra,cassandra/io/util/ThreadLocalReadAheadBuffer,ThreadLocalReadAheadBuffer,dataset/projects/cassandra/src/java/org/apache/cassandra/io/util/ThreadLocalReadAheadBuffer.java,C:/Users/ismak/Documents/GitHub/relation_test_code_smell_ML/dataset/projects/cassandra/test/unit/org/apache/cassandra/io/util/ThreadLocalReadAheadBufferTest.java,1,1,1,5,0,0,0,0,0,1,1,1,1,0,0,0,0,0,0,0,0,0,0,0,0,0,0,0,0,0,1,1,0,0,0
cassandra,cassandra/io/util/TrackedDataInputPlus,TrackedDataInputPlus,dataset/projects/cassandra/src/java/org/apache/cassandra/io/util/TrackedDataInputPlus.java,,1,1,0,0,0,0,0,0,0,1,0,0,0,0,0,0,0,0,0,0,0,0,0,0,0,0,0,0,0,0,0,0,0,0,0
cassandra,cassandra/io/util/TrackedDataOutputPlus,TrackedDataOutputPlus,dataset/projects/cassandra/src/java/org/apache/cassandra/io/util/TrackedDataOutputPlus.java,,1,1,0,0,0,0,0,0,0,1,0,0,0,0,0,0,0,0,0,0,0,0,0,0,0,0,0,0,0,0,0,0,0,0,0
cassandra,cassandra/io/util/UnbufferedDataOutputStreamPlus,UnbufferedDataOutputStreamPlus,dataset/projects/cassandra/src/java/org/apache/cassandra/io/util/UnbufferedDataOutputStreamPlus.java,,1,2,0,0,0,1,0,0,0,1,0,0,0,0,0,0,0,0,0,0,0,0,0,0,0,0,0,0,0,0,0,0,0,0,0
cassandra,cassandra/io/util/WrappingRebufferer,WrappingRebufferer,,C:/Users/ismak/Documents/GitHub/relation_test_code_smell_ML/dataset/projects/cassandra/test/unit/org/apache/cassandra/io/util/WrappingRebuffererTest.java,0,0,1,5,0,0,0,0,0,0,1,1,1,0,1,0,0,0,0,0,0,0,0,0,0,0,0,0,0,1,0,0,0,0,0
cassandra,cassandra/net/proxy/ProxyHandler,ProxyHandler,,C:/Users/ismak/Documents/GitHub/relation_test_code_smell_ML/dataset/projects/cassandra/test/unit/org/apache/cassandra/net/proxy/ProxyHandlerTest.java,0,0,1,7,0,0,0,0,0,0,1,1,1,0,1,1,0,0,0,1,0,0,0,0,0,0,0,0,0,0,1,0,0,0,0
cassandra,cassandra/repair/asymmetric/DifferenceHolder,DifferenceHolder,,C:/Users/ismak/Documents/GitHub/relation_test_code_smell_ML/dataset/projects/cassandra/test/unit/org/apache/cassandra/repair/asymmetric/DifferenceHolderTest.java,0,0,1,6,0,0,0,0,0,0,1,1,1,0,1,1,0,0,0,1,0,0,0,0,0,0,0,0,0,0,0,0,0,0,0
cassandra,cassandra/repair/asymmetric/HostDifferences,HostDifferences,dataset/projects/cassandra/src/java/org/apache/cassandra/repair/asymmetric/HostDifferences.java,,1,1,0,0,0,1,0,0,0,0,0,0,0,0,0,0,0,0,0,0,0,0,0,0,0,0,0,0,0,0,0,0,0,0,0
cassandra,cassandra/repair/asymmetric/RangeDenormalizer,RangeDenormalizer,,C:/Users/ismak/Documents/GitHub/relation_test_code_smell_ML/dataset/projects/cassandra/test/unit/org/apache/cassandra/repair/asymmetric/RangeDenormalizerTest.java,0,0,1,5,0,0,0,0,0,0,1,1,1,0,1,0,0,0,0,0,0,0,0,0,0,0,0,0,0,0,0,0,0,1,0
cassandra,cassandra/repair/asymmetric/RangeMap,RangeMap,dataset/projects/cassandra/src/java/org/apache/cassandra/repair/asymmetric/RangeMap.java,C:/Users/ismak/Documents/GitHub/relation_test_code_smell_ML/dataset/projects/cassandra/test/unit/org/apache/cassandra/repair/asymmetric/RangeMapTest.java,1,1,1,6,0,0,0,0,0,1,1,1,1,0,0,1,0,0,0,0,0,0,1,0,0,0,0,0,0,1,0,0,0,0,0
cassandra,cassandra/repair/asymmetric/ReduceHelper,ReduceHelper,,C:/Users/ismak/Documents/GitHub/relation_test_code_smell_ML/dataset/projects/cassandra/test/unit/org/apache/cassandra/repair/asymmetric/ReduceHelperTest.java,0,0,1,7,0,0,0,0,0,0,1,1,1,0,1,1,0,0,0,0,0,0,0,0,0,0,0,0,0,1,0,0,0,1,0
cassandra,cassandra/repair/asymmetric/StreamFromOptions,StreamFromOptions,,C:/Users/ismak/Documents/GitHub/relation_test_code_smell_ML/dataset/projects/cassandra/test/unit/org/apache/cassandra/repair/asymmetric/StreamFromOptionsTest.java,0,0,1,8,0,0,0,0,0,0,1,1,1,0,1,1,0,0,0,1,0,0,0,0,0,0,0,0,0,0,1,0,0,1,0
cassandra,cassandra/repair/autorepair/AutoRepair,AutoRepair,dataset/projects/cassandra/src/java/org/apache/cassandra/repair/autorepair/AutoRepair.java,C:/Users/ismak/Documents/GitHub/relation_test_code_smell_ML/dataset/projects/cassandra/test/unit/org/apache/cassandra/repair/autorepair/AutoRepairTest.java,1,3,1,5,1,2,0,0,0,0,1,1,1,0,1,1,0,0,0,0,0,0,0,0,0,0,0,0,0,0,0,0,0,0,0
cassandra,cassandra/repair/autorepair/AutoRepairConfig,AutoRepairConfig,dataset/projects/cassandra/src/java/org/apache/cassandra/repair/autorepair/AutoRepairConfig.java,C:/Users/ismak/Documents/GitHub/relation_test_code_smell_ML/dataset/projects/cassandra/test/unit/org/apache/cassandra/repair/autorepair/AutoRepairConfigTest.java,1,2,1,7,0,0,0,1,1,0,1,1,1,0,1,1,0,0,0,0,1,0,0,0,0,0,0,0,0,0,0,0,0,1,0
cassandra,cassandra/repair/autorepair/AutoRepairConfigRepairType,AutoRepairConfigRepairType,,C:/Users/ismak/Documents/GitHub/relation_test_code_smell_ML/dataset/projects/cassandra/test/unit/org/apache/cassandra/repair/autorepair/AutoRepairConfigRepairTypeTest.java,0,0,1,4,0,0,0,0,0,0,1,1,1,0,1,0,0,0,0,0,0,0,0,0,0,0,0,0,0,0,0,0,0,0,0
cassandra,cassandra/repair/autorepair/AutoRepairKeyspace,AutoRepairKeyspace,,C:/Users/ismak/Documents/GitHub/relation_test_code_smell_ML/dataset/projects/cassandra/test/unit/org/apache/cassandra/repair/autorepair/AutoRepairKeyspaceTest.java,0,0,1,5,0,0,0,0,0,0,1,1,1,0,1,1,0,0,0,0,0,0,0,0,0,0,0,0,0,0,0,0,0,0,0
cassandra,cassandra/repair/autorepair/AutoRepairMetrics,AutoRepairMetrics,,C:/Users/ismak/Documents/GitHub/relation_test_code_smell_ML/dataset/projects/cassandra/test/unit/org/apache/cassandra/repair/autorepair/AutoRepairMetricsTest.java,0,0,1,5,0,0,0,0,0,0,1,1,1,0,1,0,0,0,0,0,0,0,0,0,0,0,0,0,0,0,0,0,0,1,0
cassandra,cassandra/repair/autorepair/AutoRepairParameterized,AutoRepairParameterized,,C:/Users/ismak/Documents/GitHub/relation_test_code_smell_ML/dataset/projects/cassandra/test/unit/org/apache/cassandra/repair/autorepair/AutoRepairParameterizedTest.java,0,0,1,10,0,0,0,0,0,0,1,1,1,0,1,1,0,0,0,1,1,0,0,0,0,0,0,0,0,1,1,0,0,1,0
cassandra,cassandra/repair/autorepair/AutoRepairShutdown,AutoRepairShutdown,,C:/Users/ismak/Documents/GitHub/relation_test_code_smell_ML/dataset/projects/cassandra/test/unit/org/apache/cassandra/repair/autorepair/AutoRepairShutdownTest.java,0,0,1,5,0,0,0,0,0,0,1,1,1,0,0,1,0,0,0,1,0,0,0,0,0,0,0,0,0,0,0,0,0,0,0
cassandra,cassandra/repair/autorepair/AutoRepairState,AutoRepairState,dataset/projects/cassandra/src/java/org/apache/cassandra/repair/autorepair/AutoRepairState.java,C:/Users/ismak/Documents/GitHub/relation_test_code_smell_ML/dataset/projects/cassandra/test/unit/org/apache/cassandra/repair/autorepair/AutoRepairStateTest.java,1,1,1,6,0,0,0,0,1,0,1,1,1,0,1,0,0,0,0,1,0,0,0,0,0,0,0,0,0,0,0,0,0,1,0
cassandra,cassandra/repair/autorepair/AutoRepairStateFactory,AutoRepairStateFactory,,C:/Users/ismak/Documents/GitHub/relation_test_code_smell_ML/dataset/projects/cassandra/test/unit/org/apache/cassandra/repair/autorepair/AutoRepairStateFactoryTest.java,0,0,1,6,0,0,0,0,0,0,1,1,1,0,1,1,0,0,0,1,0,0,0,0,0,0,0,0,0,0,0,0,0,0,0
cassandra,cassandra/repair/autorepair/AutoRepairTableProperty,AutoRepairTableProperty,,C:/Users/ismak/Documents/GitHub/relation_test_code_smell_ML/dataset/projects/cassandra/test/unit/org/apache/cassandra/repair/autorepair/AutoRepairTablePropertyTest.java,0,0,1,4,0,0,0,0,0,0,1,1,1,0,0,0,0,0,0,0,0,0,0,0,0,0,0,0,0,0,1,0,0,0,0
cassandra,cassandra/repair/autorepair/AutoRepairUtils,AutoRepairUtils,dataset/projects/cassandra/src/java/org/apache/cassandra/repair/autorepair/AutoRepairUtils.java,C:/Users/ismak/Documents/GitHub/relation_test_code_smell_ML/dataset/projects/cassandra/test/unit/org/apache/cassandra/repair/autorepair/AutoRepairUtilsTest.java,1,6,1,7,1,3,0,1,0,1,1,1,1,0,1,0,0,0,0,1,0,0,0,0,1,0,0,0,0,0,0,0,0,1,0
cassandra,cassandra/repair/autorepair/FixedSplitTokenRangeSplitterNoVNodes,FixedSplitTokenRangeSplitterNoVNodes,,C:/Users/ismak/Documents/GitHub/relation_test_code_smell_ML/dataset/projects/cassandra/test/unit/org/apache/cassandra/repair/autorepair/FixedSplitTokenRangeSplitterNoVNodesTest.java,0,0,1,4,0,0,0,0,0,0,1,1,1,0,0,0,0,0,0,0,0,0,0,0,0,0,0,0,0,0,1,0,0,0,0
cassandra,cassandra/repair/autorepair/FixedSplitTokenRangeSplitterVNodes,FixedSplitTokenRangeSplitterVNodes,,C:/Users/ismak/Documents/GitHub/relation_test_code_smell_ML/dataset/projects/cassandra/test/unit/org/apache/cassandra/repair/autorepair/FixedSplitTokenRangeSplitterVNodesTest.java,0,0,1,4,0,0,0,0,0,0,1,1,1,0,0,0,0,0,0,0,0,0,0,0,0,0,0,0,0,0,1,0,0,0,0
cassandra,cassandra/repair/autorepair/PrioritizedRepairPlan,PrioritizedRepairPlan,,C:/Users/ismak/Documents/GitHub/relation_test_code_smell_ML/dataset/projects/cassandra/test/unit/org/apache/cassandra/repair/autorepair/PrioritizedRepairPlanTest.java,0,0,1,5,0,0,0,0,0,0,1,1,1,0,1,0,0,0,0,0,0,0,0,0,0,0,0,0,0,0,0,0,0,1,0
cassandra,cassandra/repair/autorepair/RepairTokenRangeSplitter,RepairTokenRangeSplitter,dataset/projects/cassandra/src/java/org/apache/cassandra/repair/autorepair/RepairTokenRangeSplitter.java,C:/Users/ismak/Documents/GitHub/relation_test_code_smell_ML/dataset/projects/cassandra/test/unit/org/apache/cassandra/repair/autorepair/RepairTokenRangeSplitterTest.java,1,3,1,7,1,1,0,0,0,1,1,1,1,0,1,1,0,0,0,0,1,0,0,0,0,0,0,0,0,0,0,0,0,1,0
cassandra,cassandra/repair/autorepair/SSTableRepairedAt,SSTableRepairedAt,,C:/Users/ismak/Documents/GitHub/relation_test_code_smell_ML/dataset/projects/cassandra/test/unit/org/apache/cassandra/repair/autorepair/SSTableRepairedAtTest.java,0,0,1,7,0,0,0,0,0,0,1,1,1,0,1,0,0,0,0,1,1,0,0,0,0,0,0,0,0,0,0,0,0,1,0
cassandra,cassandra/repair/consistent/AbstractConsistentSession,AbstractConsistentSession,,C:/Users/ismak/Documents/GitHub/relation_test_code_smell_ML/dataset/projects/cassandra/test/unit/org/apache/cassandra/repair/consistent/AbstractConsistentSessionTest.java,0,0,1,4,0,0,0,0,0,0,1,1,1,0,0,0,0,0,0,0,0,0,0,0,0,0,0,0,0,0,0,1,0,0,0
cassandra,cassandra/repair/consistent/BulkRepairState,BulkRepairState,,C:/Users/ismak/Documents/GitHub/relation_test_code_smell_ML/dataset/projects/cassandra/test/unit/org/apache/cassandra/repair/consistent/BulkRepairStateTest.java,0,0,1,5,0,0,0,0,0,0,1,1,1,0,1,0,0,0,0,0,0,0,0,0,0,0,0,0,0,0,0,0,0,1,0
cassandra,cassandra/repair/consistent/ConsistentSession,ConsistentSession,dataset/projects/cassandra/src/java/org/apache/cassandra/repair/consistent/ConsistentSession.java,,1,1,0,0,0,1,0,0,0,0,0,0,0,0,0,0,0,0,0,0,0,0,0,0,0,0,0,0,0,0,0,0,0,0,0
cassandra,cassandra/repair/consistent/CoordinatorMessaging,CoordinatorMessaging,,C:/Users/ismak/Documents/GitHub/relation_test_code_smell_ML/dataset/projects/cassandra/test/unit/org/apache/cassandra/repair/consistent/CoordinatorMessagingTest.java,0,0,1,9,0,0,0,0,0,0,1,1,1,0,1,0,0,0,0,1,1,0,0,0,0,0,0,0,0,1,1,1,0,0,0
cassandra,cassandra/repair/consistent/CoordinatorSession,CoordinatorSession,dataset/projects/cassandra/src/java/org/apache/cassandra/repair/consistent/CoordinatorSession.java,C:/Users/ismak/Documents/GitHub/relation_test_code_smell_ML/dataset/projects/cassandra/test/unit/org/apache/cassandra/repair/consistent/CoordinatorSessionTest.java,1,1,1,6,0,0,0,0,0,1,1,1,1,0,1,1,0,0,0,0,0,0,0,0,0,0,0,0,0,1,0,0,0,0,0
cassandra,cassandra/repair/consistent/CoordinatorSessions,CoordinatorSessions,,C:/Users/ismak/Documents/GitHub/relation_test_code_smell_ML/dataset/projects/cassandra/test/unit/org/apache/cassandra/repair/consistent/CoordinatorSessionsTest.java,0,0,1,6,0,0,0,0,0,0,1,1,1,0,1,0,0,0,0,1,0,0,0,0,0,0,0,0,0,0,0,0,0,1,0
cassandra,cassandra/repair/consistent/LocalSession,LocalSession,,C:/Users/ismak/Documents/GitHub/relation_test_code_smell_ML/dataset/projects/cassandra/test/unit/org/apache/cassandra/repair/consistent/LocalSessionTest.java,0,0,1,8,0,0,0,0,0,0,1,1,1,0,1,0,0,0,0,1,0,0,0,0,0,0,1,0,0,1,0,0,0,1,0
cassandra,cassandra/repair/consistent/LocalSessions,LocalSessions,dataset/projects/cassandra/src/java/org/apache/cassandra/repair/consistent/LocalSessions.java,,1,4,0,0,1,1,0,1,0,1,0,0,0,0,0,0,0,0,0,0,0,0,0,0,0,0,0,0,0,0,0,0,0,0,0
cassandra,cassandra/repair/consistent/PendingRepairStat,PendingRepairStat,,C:/Users/ismak/Documents/GitHub/relation_test_code_smell_ML/dataset/projects/cassandra/test/unit/org/apache/cassandra/repair/consistent/PendingRepairStatTest.java,0,0,1,6,0,0,0,0,0,0,1,1,1,0,1,0,0,0,0,0,0,0,0,0,0,0,0,0,0,1,0,0,0,1,0
cassandra,cassandra/repair/consistent/RepairState,RepairState,,C:/Users/ismak/Documents/GitHub/relation_test_code_smell_ML/dataset/projects/cassandra/test/unit/org/apache/cassandra/repair/consistent/RepairStateTest.java,0,0,1,5,0,0,0,0,0,0,1,1,1,0,1,0,0,0,0,0,0,0,0,0,0,0,0,0,0,0,0,0,0,1,0
cassandra,cassandra/repair/messages/RepairMessage,RepairMessage,dataset/projects/cassandra/src/java/org/apache/cassandra/repair/messages/RepairMessage.java,C:/Users/ismak/Documents/GitHub/relation_test_code_smell_ML/dataset/projects/cassandra/test/unit/org/apache/cassandra/repair/messages/RepairMessageTest.java,1,2,1,5,1,0,0,0,0,1,1,1,1,0,0,0,0,0,0,0,0,0,0,1,0,0,0,0,0,0,0,1,0,0,0
cassandra,cassandra/repair/messages/RepairMessageSerializations,RepairMessageSerializations,,C:/Users/ismak/Documents/GitHub/relation_test_code_smell_ML/dataset/projects/cassandra/test/unit/org/apache/cassandra/repair/messages/RepairMessageSerializationsTest.java,0,0,1,7,0,0,0,0,0,0,1,1,1,0,1,0,0,0,0,1,0,0,0,0,0,0,0,0,0,1,1,0,0,0,0
cassandra,cassandra/repair/messages/RepairMessageSerializer,RepairMessageSerializer,,C:/Users/ismak/Documents/GitHub/relation_test_code_smell_ML/dataset/projects/cassandra/test/unit/org/apache/cassandra/repair/messages/RepairMessageSerializerTest.java,0,0,1,4,0,0,0,0,0,0,1,1,1,0,0,0,0,0,0,1,0,0,0,0,0,0,0,0,0,0,0,0,0,0,0
cassandra,cassandra/repair/messages/RepairOption,RepairOption,dataset/projects/cassandra/src/java/org/apache/cassandra/repair/messages/RepairOption.java,C:/Users/ismak/Documents/GitHub/relation_test_code_smell_ML/dataset/projects/cassandra/test/unit/org/apache/cassandra/repair/messages/RepairOptionTest.java,1,4,1,7,0,1,1,1,0,1,1,1,1,0,1,1,0,0,0,1,0,0,0,0,0,0,0,0,0,1,0,0,0,0,0
cassandra,cassandra/repair/state/ParticipateState,ParticipateState,dataset/projects/cassandra/src/java/org/apache/cassandra/repair/state/ParticipateState.java,,1,1,0,0,1,0,0,0,0,0,0,0,0,0,0,0,0,0,0,0,0,0,0,0,0,0,0,0,0,0,0,0,0,0,0
cassandra,cassandra/schema/createlike/CreateLike,CreateLike,,C:/Users/ismak/Documents/GitHub/relation_test_code_smell_ML/dataset/projects/cassandra/test/unit/org/apache/cassandra/schema/createlike/CreateLikeTest.java,0,0,1,7,0,0,0,0,0,0,1,1,1,0,1,1,0,0,0,1,0,0,0,0,0,0,0,0,0,0,0,0,0,1,0
cassandra,cassandra/schema/createlike/CreateLikeCqlParse,CreateLikeCqlParse,,C:/Users/ismak/Documents/GitHub/relation_test_code_smell_ML/dataset/projects/cassandra/test/unit/org/apache/cassandra/schema/createlike/CreateLikeCqlParseTest.java,0,0,1,4,0,0,0,0,0,0,1,1,1,0,0,1,0,0,0,0,0,0,0,0,0,0,0,0,0,0,0,0,0,0,0
cassandra,cassandra/schema/createlike/CreateLikeWithSession,CreateLikeWithSession,,C:/Users/ismak/Documents/GitHub/relation_test_code_smell_ML/dataset/projects/cassandra/test/unit/org/apache/cassandra/schema/createlike/CreateLikeWithSessionTest.java,0,0,1,4,0,0,0,0,0,0,1,1,1,0,1,0,0,0,0,0,0,0,0,0,0,0,0,0,0,0,0,0,0,0,0
cassandra,cassandra/service/accord/AccordAgent,AccordAgent,,C:/Users/ismak/Documents/GitHub/relation_test_code_smell_ML/dataset/projects/cassandra/test/unit/org/apache/cassandra/service/accord/AccordAgentTest.java,0,0,1,5,0,0,0,0,0,0,1,1,1,0,1,1,0,0,0,0,0,0,0,0,0,0,0,0,0,0,0,0,0,0,0
cassandra,cassandra/service/accord/AccordAsyncConversion,AccordAsyncConversion,,C:/Users/ismak/Documents/GitHub/relation_test_code_smell_ML/dataset/projects/cassandra/test/unit/org/apache/cassandra/service/accord/AccordAsyncConversionTest.java,0,0,1,6,0,0,0,0,0,0,1,1,1,0,0,1,0,0,0,1,0,0,0,0,0,0,1,0,0,0,0,0,0,0,0
cassandra,cassandra/service/accord/AccordCache,AccordCache,dataset/projects/cassandra/src/java/org/apache/cassandra/service/accord/AccordCache.java,C:/Users/ismak/Documents/GitHub/relation_test_code_smell_ML/dataset/projects/cassandra/test/unit/org/apache/cassandra/service/accord/AccordCacheTest.java,1,12,1,7,1,1,1,2,0,7,1,1,1,0,1,1,0,0,0,0,0,0,0,0,0,0,0,0,0,1,0,0,0,1,0
cassandra,cassandra/service/accord/AccordCacheEntry,AccordCacheEntry,dataset/projects/cassandra/src/java/org/apache/cassandra/service/accord/AccordCacheEntry.java,C:/Users/ismak/Documents/GitHub/relation_test_code_smell_ML/dataset/projects/cassandra/test/unit/org/apache/cassandra/service/accord/AccordCacheEntryTest.java,1,4,1,4,1,1,0,1,0,1,1,1,1,0,1,0,0,0,0,0,0,0,0,0,0,0,0,0,0,0,0,0,0,0,0
cassandra,cassandra/service/accord/AccordCommand,AccordCommand,,C:/Users/ismak/Documents/GitHub/relation_test_code_smell_ML/dataset/projects/cassandra/test/unit/org/apache/cassandra/service/accord/AccordCommandTest.java,0,0,1,7,0,0,0,0,0,0,1,1,1,0,1,1,0,0,0,1,0,0,0,0,0,0,0,0,0,1,0,0,0,0,0
cassandra,cassandra/service/accord/AccordCommandStore,AccordCommandStore,dataset/projects/cassandra/src/java/org/apache/cassandra/service/accord/AccordCommandStore.java,C:/Users/ismak/Documents/GitHub/relation_test_code_smell_ML/dataset/projects/cassandra/test/unit/org/apache/cassandra/service/accord/AccordCommandStoreTest.java,1,4,1,4,1,1,0,1,0,1,1,1,1,0,0,0,0,0,0,1,0,0,0,0,0,0,0,0,0,0,0,0,0,0,0
cassandra,cassandra/service/accord/AccordCommandStores,AccordCommandStores,dataset/projects/cassandra/src/java/org/apache/cassandra/service/accord/AccordCommandStores.java,,1,2,0,0,1,0,0,0,0,1,0,0,0,0,0,0,0,0,0,0,0,0,0,0,0,0,0,0,0,0,0,0,0,0,0
cassandra,cassandra/service/accord/AccordDataStore,AccordDataStore,dataset/projects/cassandra/src/java/org/apache/cassandra/service/accord/AccordDataStore.java,,1,1,0,0,1,0,0,0,0,0,0,0,0,0,0,0,0,0,0,0,0,0,0,0,0,0,0,0,0,0,0,0,0,0,0
cassandra,cassandra/service/accord/AccordExecutor,AccordExecutor,dataset/projects/cassandra/src/java/org/apache/cassandra/service/accord/AccordExecutor.java,,1,10,0,0,1,4,0,2,0,3,0,0,0,0,0,0,0,0,0,0,0,0,0,0,0,0,0,0,0,0,0,0,0,0,0
cassandra,cassandra/service/accord/AccordExecutorAbstractLockLoop,AccordExecutorAbstractLockLoop,dataset/projects/cassandra/src/java/org/apache/cassandra/service/accord/AccordExecutorAbstractLockLoop.java,,1,3,0,0,1,1,0,0,0,1,0,0,0,0,0,0,0,0,0,0,0,0,0,0,0,0,0,0,0,0,0,0,0,0,0
cassandra,cassandra/service/accord/AccordExecutorAbstractLoop,AccordExecutorAbstractLoop,dataset/projects/cassandra/src/java/org/apache/cassandra/service/accord/AccordExecutorAbstractLoop.java,,1,1,0,0,0,0,0,0,0,1,0,0,0,0,0,0,0,0,0,0,0,0,0,0,0,0,0,0,0,0,0,0,0,0,0
cassandra,cassandra/service/accord/AccordExecutorBurn,AccordExecutorBurn,,C:/Users/ismak/Documents/GitHub/relation_test_code_smell_ML/dataset/projects/cassandra/test/burn/org/apache/cassandra/service/accord/AccordExecutorBurnTest.java,0,0,1,5,0,0,0,0,0,0,1,1,1,0,0,0,0,0,1,0,0,0,0,0,0,0,0,0,0,0,1,0,0,0,0
cassandra,cassandra/service/accord/AccordExecutorSignalLoop,AccordExecutorSignalLoop,dataset/projects/cassandra/src/java/org/apache/cassandra/service/accord/AccordExecutorSignalLoop.java,,1,6,0,0,0,5,0,0,0,1,0,0,0,0,0,0,0,0,0,0,0,0,0,0,0,0,0,0,0,0,0,0,0,0,0
cassandra,cassandra/service/accord/AccordExpunge,AccordExpunge,,C:/Users/ismak/Documents/GitHub/relation_test_code_smell_ML/dataset/projects/cassandra/test/unit/org/apache/cassandra/service/accord/AccordExpungeTest.java,0,0,1,4,0,0,0,0,0,0,1,1,1,0,0,0,0,0,0,0,0,0,0,0,0,0,0,0,0,0,0,0,1,0,0
cassandra,cassandra/service/accord/AccordFetchCoordinator,AccordFetchCoordinator,dataset/projects/cassandra/src/java/org/apache/cassandra/service/accord/AccordFetchCoordinator.java,,1,1,0,0,1,0,0,0,0,0,0,0,0,0,0,0,0,0,0,0,0,0,0,0,0,0,0,0,0,0,0,0,0,0,0
cassandra,cassandra/service/accord/AccordJournal,AccordJournal,,C:/Users/ismak/Documents/GitHub/relation_test_code_smell_ML/dataset/projects/cassandra/test/unit/org/apache/cassandra/service/accord/AccordJournalTest.java,0,0,1,5,0,0,0,0,0,0,1,1,1,0,1,1,0,0,0,0,0,0,0,0,0,0,0,0,0,0,0,0,0,0,0
cassandra,cassandra/service/accord/AccordJournalCompaction,AccordJournalCompaction,,C:/Users/ismak/Documents/GitHub/relation_test_code_smell_ML/dataset/projects/cassandra/test/distributed/org/apache/cassandra/service/accord/AccordJournalCompactionTest.java,0,0,1,8,0,0,0,0,0,0,1,1,1,0,1,1,0,0,0,1,0,0,0,0,0,0,0,0,0,0,0,0,1,1,0
cassandra,cassandra/service/accord/AccordJournalOrder,AccordJournalOrder,,C:/Users/ismak/Documents/GitHub/relation_test_code_smell_ML/dataset/projects/cassandra/test/unit/org/apache/cassandra/service/accord/AccordJournalOrderTest.java,0,0,1,5,0,0,0,0,0,0,1,1,1,0,0,1,0,0,0,0,0,0,0,0,0,0,0,0,0,0,0,0,1,0,0
cassandra,cassandra/service/accord/AccordKeyspace,AccordKeyspace,dataset/projects/cassandra/src/java/org/apache/cassandra/service/accord/AccordKeyspace.java,C:/Users/ismak/Documents/GitHub/relation_test_code_smell_ML/dataset/projects/cassandra/test/unit/org/apache/cassandra/service/accord/AccordKeyspaceTest.java,1,5,1,6,1,1,0,1,0,2,1,1,1,0,1,1,0,0,0,1,0,0,0,0,0,0,0,0,0,0,0,0,0,0,0
cassandra,cassandra/service/accord/AccordMessageSink,AccordMessageSink,dataset/projects/cassandra/src/java/org/apache/cassandra/service/accord/AccordMessageSink.java,C:/Users/ismak/Documents/GitHub/relation_test_code_smell_ML/dataset/projects/cassandra/test/unit/org/apache/cassandra/service/accord/AccordMessageSinkTest.java,1,2,1,4,1,1,0,0,0,0,1,1,1,0,0,0,0,0,0,0,0,0,0,0,0,0,0,0,0,0,1,0,0,0,0
cassandra,cassandra/service/accord/AccordObjectSizes,AccordObjectSizes,dataset/projects/cassandra/src/java/org/apache/cassandra/service/accord/AccordObjectSizes.java,,1,4,0,0,1,1,0,1,0,1,0,0,0,0,0,0,0,0,0,0,0,0,0,0,0,0,0,0,0,0,0,0,0,0,0
cassandra,cassandra/service/accord/AccordReadRepair,AccordReadRepair,,C:/Users/ismak/Documents/GitHub/relation_test_code_smell_ML/dataset/projects/cassandra/test/unit/org/apache/cassandra/service/accord/AccordReadRepairTest.java,0,0,1,7,0,0,0,0,0,0,1,1,1,0,0,1,0,0,0,1,0,0,0,0,0,0,0,0,0,0,1,1,0,0,0
cassandra,cassandra/service/accord/AccordResult,AccordResult,dataset/projects/cassandra/src/java/org/apache/cassandra/service/accord/AccordResult.java,,1,3,0,0,0,1,0,1,0,1,0,0,0,0,0,0,0,0,0,0,0,0,0,0,0,0,0,0,0,0,0,0,0,0,0
cassandra,cassandra/service/accord/AccordSafeCommandStore,AccordSafeCommandStore,dataset/projects/cassandra/src/java/org/apache/cassandra/service/accord/AccordSafeCommandStore.java,,1,2,0,0,1,0,0,0,0,1,0,0,0,0,0,0,0,0,0,0,0,0,0,0,0,0,0,0,0,0,0,0,0,0,0
cassandra,cassandra/service/accord/AccordSafeCommandsForKey,AccordSafeCommandsForKey,dataset/projects/cassandra/src/java/org/apache/cassandra/service/accord/AccordSafeCommandsForKey.java,,1,1,0,0,0,0,0,0,0,1,0,0,0,0,0,0,0,0,0,0,0,0,0,0,0,0,0,0,0,0,0,0,0,0,0
cassandra,cassandra/service/accord/AccordSerializers,AccordSerializers,,C:/Users/ismak/Documents/GitHub/relation_test_code_smell_ML/dataset/projects/cassandra/test/unit/org/apache/cassandra/service/accord/AccordSerializersTest.java,0,0,1,4,0,0,0,0,0,0,1,1,1,0,0,0,0,0,0,0,0,0,0,0,0,0,0,0,0,0,1,0,0,0,0
cassandra,cassandra/service/accord/AccordService,AccordService,dataset/projects/cassandra/src/java/org/apache/cassandra/service/accord/AccordService.java,,1,8,0,0,1,5,0,1,0,1,0,0,0,0,0,0,0,0,0,0,0,0,0,0,0,0,0,0,0,0,0,0,0,0,0
cassandra,cassandra/service/accord/AccordStaleReplicas,AccordStaleReplicas,,C:/Users/ismak/Documents/GitHub/relation_test_code_smell_ML/dataset/projects/cassandra/test/unit/org/apache/cassandra/service/accord/AccordStaleReplicasTest.java,0,0,1,4,0,0,0,0,0,0,1,1,1,0,0,0,0,0,0,0,0,0,0,0,0,0,0,0,0,0,1,0,0,0,0
cassandra,cassandra/service/accord/AccordTask,AccordTask,dataset/projects/cassandra/src/java/org/apache/cassandra/service/accord/AccordTask.java,C:/Users/ismak/Documents/GitHub/relation_test_code_smell_ML/dataset/projects/cassandra/test/unit/org/apache/cassandra/service/accord/AccordTaskTest.java,1,10,1,6,1,6,0,1,0,2,1,1,1,0,1,1,0,0,0,1,0,0,0,0,0,0,0,0,0,0,0,0,0,0,0
cassandra,cassandra/service/accord/AccordTopology,AccordTopology,,C:/Users/ismak/Documents/GitHub/relation_test_code_smell_ML/dataset/projects/cassandra/test/unit/org/apache/cassandra/service/accord/AccordTopologyTest.java,0,0,1,5,0,0,0,0,0,0,1,1,1,0,1,0,0,0,0,0,0,0,0,0,0,0,0,0,0,1,0,0,0,0,0
cassandra,cassandra/service/accord/CommandChange,CommandChange,,C:/Users/ismak/Documents/GitHub/relation_test_code_smell_ML/dataset/projects/cassandra/test/unit/org/apache/cassandra/service/accord/CommandChangeTest.java,0,0,1,4,0,0,0,0,0,0,1,1,1,0,0,1,0,0,0,0,0,0,0,0,0,0,0,0,0,0,0,0,0,0,0
cassandra,cassandra/service/accord/DurableBeforeIntegration,DurableBeforeIntegration,,C:/Users/ismak/Documents/GitHub/relation_test_code_smell_ML/dataset/projects/cassandra/test/unit/org/apache/cassandra/service/accord/DurableBeforeIntegrationTest.java,0,0,1,5,0,0,0,0,0,0,1,1,1,0,0,0,0,0,0,0,0,0,0,0,0,0,0,0,0,0,1,1,0,0,0
cassandra,cassandra/service/accord/EndpointMapping,EndpointMapping,,C:/Users/ismak/Documents/GitHub/relation_test_code_smell_ML/dataset/projects/cassandra/test/unit/org/apache/cassandra/service/accord/EndpointMappingTest.java,0,0,1,4,0,0,0,0,0,0,1,1,1,0,0,0,0,0,0,1,0,0,0,0,0,0,0,0,0,0,0,0,0,0,0
cassandra,cassandra/service/accord/EpochSync,EpochSync,,C:/Users/ismak/Documents/GitHub/relation_test_code_smell_ML/dataset/projects/cassandra/test/unit/org/apache/cassandra/service/accord/EpochSyncTest.java,0,0,1,4,0,0,0,0,0,0,1,1,1,0,0,0,0,0,0,0,0,0,0,0,0,0,0,0,0,0,1,0,0,0,0
cassandra,cassandra/service/accord/FetchTopologies,FetchTopologies,,C:/Users/ismak/Documents/GitHub/relation_test_code_smell_ML/dataset/projects/cassandra/test/unit/org/apache/cassandra/service/accord/FetchTopologiesTest.java,0,0,1,4,0,0,0,0,0,0,1,1,1,0,0,0,0,0,0,0,0,0,0,0,0,0,0,0,0,0,1,0,0,0,0
cassandra,cassandra/service/accord/IAccordService,IAccordService,dataset/projects/cassandra/src/java/org/apache/cassandra/service/accord/IAccordService.java,,1,4,0,0,1,0,0,0,0,3,0,0,0,0,0,0,0,0,0,0,0,0,0,0,0,0,0,0,0,0,0,0,0,0,0
cassandra,cassandra/service/accord/InMemoryRangeIndex,InMemoryRangeIndex,dataset/projects/cassandra/src/java/org/apache/cassandra/service/accord/InMemoryRangeIndex.java,,1,2,0,0,1,1,0,0,0,0,0,0,0,0,0,0,0,0,0,0,0,0,0,0,0,0,0,0,0,0,0,0,0,0,0
cassandra,cassandra/service/accord/JournalKey,JournalKey,dataset/projects/cassandra/src/java/org/apache/cassandra/service/accord/JournalKey.java,,1,1,0,0,0,0,0,0,0,1,0,0,0,0,0,0,0,0,0,0,0,0,0,0,0,0,0,0,0,0,0,0,0,0,0
cassandra,cassandra/service/accord/MaxConflictsIntegration,MaxConflictsIntegration,,C:/Users/ismak/Documents/GitHub/relation_test_code_smell_ML/dataset/projects/cassandra/test/unit/org/apache/cassandra/service/accord/MaxConflictsIntegrationTest.java,0,0,1,5,0,0,0,0,0,0,1,1,1,0,0,0,0,0,0,0,0,0,0,0,0,0,0,0,0,0,1,1,0,0,0
cassandra,cassandra/service/accord/OrderedKeys,OrderedKeys,dataset/projects/cassandra/src/java/org/apache/cassandra/service/accord/OrderedKeys.java,,1,1,0,0,0,1,0,0,0,0,0,0,0,0,0,0,0,0,0,0,0,0,0,0,0,0,0,0,0,0,0,0,0,0,0
cassandra,cassandra/service/accord/RangeIndex,RangeIndex,dataset/projects/cassandra/src/java/org/apache/cassandra/service/accord/RangeIndex.java,,1,1,0,0,0,1,0,0,0,0,0,0,0,0,0,0,0,0,0,0,0,0,0,0,0,0,0,0,0,0,0,0,0,0,0
cassandra,cassandra/service/accord/RequestBookkeeping,RequestBookkeeping,dataset/projects/cassandra/src/java/org/apache/cassandra/service/accord/RequestBookkeeping.java,,1,1,0,0,0,0,0,0,0,1,0,0,0,0,0,0,0,0,0,0,0,0,0,0,0,0,0,0,0,0,0,0,0,0,0
cassandra,cassandra/service/accord/RouteInMemoryIndex,RouteInMemoryIndex,,C:/Users/ismak/Documents/GitHub/relation_test_code_smell_ML/dataset/projects/cassandra/test/unit/org/apache/cassandra/service/accord/RouteInMemoryIndexTest.java,0,0,1,4,0,0,0,0,0,0,1,1,1,0,0,0,0,0,0,0,0,0,0,0,0,0,0,0,0,0,1,0,0,0,0
cassandra,cassandra/service/accord/SimpleSimulatedAccordCommandStore,SimpleSimulatedAccordCommandStore,,C:/Users/ismak/Documents/GitHub/relation_test_code_smell_ML/dataset/projects/cassandra/test/unit/org/apache/cassandra/service/accord/SimpleSimulatedAccordCommandStoreTest.java,0,0,1,4,0,0,0,0,0,0,1,1,1,0,0,1,0,0,0,0,0,0,0,0,0,0,0,0,0,0,0,0,0,0,0
cassandra,cassandra/service/accord/SimulatedAccordTask,SimulatedAccordTask,,C:/Users/ismak/Documents/GitHub/relation_test_code_smell_ML/dataset/projects/cassandra/test/unit/org/apache/cassandra/service/accord/SimulatedAccordTaskTest.java,0,0,1,5,0,0,0,0,0,0,1,1,1,0,0,0,0,0,0,0,0,0,0,0,0,0,0,0,0,0,1,1,0,0,0
cassandra,cassandra/service/accord/SimulatedDeps,SimulatedDeps,,C:/Users/ismak/Documents/GitHub/relation_test_code_smell_ML/dataset/projects/cassandra/test/unit/org/apache/cassandra/service/accord/SimulatedDepsTest.java,0,0,1,5,0,0,0,0,0,0,1,1,1,0,0,1,0,0,0,1,0,0,0,0,0,0,0,0,0,0,0,0,0,0,0
cassandra,cassandra/service/accord/SimulatedMultiKeyAndRange,SimulatedMultiKeyAndRange,,C:/Users/ismak/Documents/GitHub/relation_test_code_smell_ML/dataset/projects/cassandra/test/unit/org/apache/cassandra/service/accord/SimulatedMultiKeyAndRangeTest.java,0,0,1,5,0,0,0,0,0,0,1,1,1,0,0,1,0,0,0,1,0,0,0,0,0,0,0,0,0,0,0,0,0,0,0
cassandra,cassandra/service/accord/SimulatedRandomKeysWithRangeConflict,SimulatedRandomKeysWithRangeConflict,,C:/Users/ismak/Documents/GitHub/relation_test_code_smell_ML/dataset/projects/cassandra/test/unit/org/apache/cassandra/service/accord/SimulatedRandomKeysWithRangeConflictTest.java,0,0,1,4,0,0,0,0,0,0,1,1,1,0,0,0,0,0,0,0,0,0,0,0,0,0,0,0,0,0,1,0,0,0,0
cassandra,cassandra/service/accord/TokenRange,TokenRange,dataset/projects/cassandra/src/java/org/apache/cassandra/service/accord/TokenRange.java,,1,1,0,0,0,0,0,0,0,1,0,0,0,0,0,0,0,0,0,0,0,0,0,0,0,0,0,0,0,0,0,0,0,0,0
cassandra,cassandra/service/accord/WatermarkCollector,WatermarkCollector,,C:/Users/ismak/Documents/GitHub/relation_test_code_smell_ML/dataset/projects/cassandra/test/unit/org/apache/cassandra/service/accord/WatermarkCollectorTest.java,0,0,1,4,0,0,0,0,0,0,1,1,1,0,0,0,0,0,0,0,0,0,0,0,0,0,0,0,0,0,1,0,0,0,0
cassandra,cassandra/service/consensus/TransactionalMode,TransactionalMode,dataset/projects/cassandra/src/java/org/apache/cassandra/service/consensus/TransactionalMode.java,,1,2,0,0,0,2,0,0,0,0,0,0,0,0,0,0,0,0,0,0,0,0,0,0,0,0,0,0,0,0,0,0,0,0,0
cassandra,cassandra/service/pager/PagingState,PagingState,dataset/projects/cassandra/src/java/org/apache/cassandra/service/pager/PagingState.java,C:/Users/ismak/Documents/GitHub/relation_test_code_smell_ML/dataset/projects/cassandra/test/unit/org/apache/cassandra/service/pager/PagingStateTest.java,1,4,1,5,0,2,0,1,0,1,1,1,1,0,1,0,0,0,0,1,0,0,0,0,0,0,0,0,0,0,0,0,0,0,0
cassandra,cassandra/service/pager/RandomizedPagingState,RandomizedPagingState,,C:/Users/ismak/Documents/GitHub/relation_test_code_smell_ML/dataset/projects/cassandra/test/unit/org/apache/cassandra/service/pager/RandomizedPagingStateTest.java,0,0,1,5,0,0,0,0,0,0,1,1,1,0,0,1,0,0,0,0,0,0,0,0,0,0,0,0,0,0,1,0,0,0,0
cassandra,cassandra/service/paxos/AbstractPaxosRepair,AbstractPaxosRepair,dataset/projects/cassandra/src/java/org/apache/cassandra/service/paxos/AbstractPaxosRepair.java,C:/Users/ismak/Documents/GitHub/relation_test_code_smell_ML/dataset/projects/cassandra/test/unit/org/apache/cassandra/service/paxos/AbstractPaxosRepairTest.java,1,1,1,5,0,0,0,0,0,1,1,1,1,0,1,0,0,0,0,1,0,0,0,0,0,0,0,0,0,0,0,0,0,0,0
cassandra,cassandra/service/paxos/Commit,Commit,dataset/projects/cassandra/src/java/org/apache/cassandra/service/paxos/Commit.java,,1,1,0,0,0,0,0,0,0,1,0,0,0,0,0,0,0,0,0,0,0,0,0,0,0,0,0,0,0,0,0,0,0,0,0
cassandra,cassandra/service/paxos/ContentionStrategy,ContentionStrategy,dataset/projects/cassandra/src/java/org/apache/cassandra/service/paxos/ContentionStrategy.java,,1,1,0,0,0,0,0,0,0,1,0,0,0,0,0,0,0,0,0,0,0,0,0,0,0,0,0,0,0,0,0,0,0,0,0
cassandra,cassandra/service/paxos/Paxos,Paxos,dataset/projects/cassandra/src/java/org/apache/cassandra/service/paxos/Paxos.java,,1,8,0,0,1,4,0,1,0,2,0,0,0,0,0,0,0,0,0,0,0,0,0,0,0,0,0,0,0,0,0,0,0,0,0
cassandra,cassandra/service/paxos/PaxosCommit,PaxosCommit,dataset/projects/cassandra/src/java/org/apache/cassandra/service/paxos/PaxosCommit.java,,1,2,0,0,1,0,0,0,0,1,0,0,0,0,0,0,0,0,0,0,0,0,0,0,0,0,0,0,0,0,0,0,0,0,0
cassandra,cassandra/service/paxos/PaxosPrepare,PaxosPrepare,dataset/projects/cassandra/src/java/org/apache/cassandra/service/paxos/PaxosPrepare.java,,1,9,0,0,1,6,0,1,0,1,0,0,0,0,0,0,0,0,0,0,0,0,0,0,0,0,0,0,0,0,0,0,0,0,0
cassandra,cassandra/service/paxos/PaxosPropose,PaxosPropose,dataset/projects/cassandra/src/java/org/apache/cassandra/service/paxos/PaxosPropose.java,C:/Users/ismak/Documents/GitHub/relation_test_code_smell_ML/dataset/projects/cassandra/test/unit/org/apache/cassandra/service/paxos/PaxosProposeTest.java,1,2,1,6,1,0,0,0,0,1,1,1,1,0,0,1,0,0,0,1,0,0,0,0,0,0,0,0,0,0,1,0,0,0,0
cassandra,cassandra/service/paxos/PaxosRepair,PaxosRepair,dataset/projects/cassandra/src/java/org/apache/cassandra/service/paxos/PaxosRepair.java,C:/Users/ismak/Documents/GitHub/relation_test_code_smell_ML/dataset/projects/cassandra/test/unit/org/apache/cassandra/service/paxos/PaxosRepairTest.java,1,3,1,4,1,1,0,0,0,1,1,1,1,0,1,0,0,0,0,0,0,0,0,0,0,0,0,0,0,0,0,0,0,0,0
cassandra,cassandra/service/paxos/PaxosRepairHistory,PaxosRepairHistory,dataset/projects/cassandra/src/java/org/apache/cassandra/service/paxos/PaxosRepairHistory.java,C:/Users/ismak/Documents/GitHub/relation_test_code_smell_ML/dataset/projects/cassandra/test/unit/org/apache/cassandra/service/paxos/PaxosRepairHistoryTest.java,1,2,1,8,0,0,0,1,0,1,1,1,1,0,1,1,0,0,0,0,0,0,0,0,0,0,0,0,0,0,1,1,0,1,0
cassandra,cassandra/service/paxos/PaxosState,PaxosState,dataset/projects/cassandra/src/java/org/apache/cassandra/service/paxos/PaxosState.java,C:/Users/ismak/Documents/GitHub/relation_test_code_smell_ML/dataset/projects/cassandra/test/unit/org/apache/cassandra/service/paxos/PaxosStateTest.java,1,6,1,4,1,3,0,1,0,1,1,1,1,0,0,0,0,0,0,1,0,0,0,0,0,0,0,0,0,0,0,0,0,0,0
cassandra,cassandra/service/paxos/PaxosVerbHandlerOutOfRange,PaxosVerbHandlerOutOfRange,,C:/Users/ismak/Documents/GitHub/relation_test_code_smell_ML/dataset/projects/cassandra/test/unit/org/apache/cassandra/service/paxos/PaxosVerbHandlerOutOfRangeTest.java,0,0,1,6,0,0,0,0,0,0,1,1,1,0,0,0,0,0,0,1,1,0,0,0,0,0,0,0,0,0,1,0,0,0,0
cassandra,cassandra/service/reads/AbstractReadExecutor,AbstractReadExecutor,dataset/projects/cassandra/src/java/org/apache/cassandra/service/reads/AbstractReadExecutor.java,,1,2,0,0,1,0,0,0,0,1,0,0,0,0,0,0,0,0,0,0,0,0,0,0,0,0,0,0,0,0,0,0,0,0,0
cassandra,cassandra/service/reads/AbstractReadResponse,AbstractReadResponse,,C:/Users/ismak/Documents/GitHub/relation_test_code_smell_ML/dataset/projects/cassandra/test/unit/org/apache/cassandra/service/reads/AbstractReadResponseTest.java,0,0,1,4,0,0,0,0,0,0,1,1,1,0,0,0,0,0,0,0,0,0,0,0,0,0,0,0,0,0,0,1,0,0,0
cassandra,cassandra/service/reads/DataResolver,DataResolver,dataset/projects/cassandra/src/java/org/apache/cassandra/service/reads/DataResolver.java,C:/Users/ismak/Documents/GitHub/relation_test_code_smell_ML/dataset/projects/cassandra/test/unit/org/apache/cassandra/service/reads/DataResolverTest.java,1,2,1,9,1,0,0,0,0,1,1,1,1,0,1,0,0,0,0,1,0,0,0,0,0,0,0,0,0,1,1,1,0,1,0
cassandra,cassandra/service/reads/DigestResolver,DigestResolver,,C:/Users/ismak/Documents/GitHub/relation_test_code_smell_ML/dataset/projects/cassandra/test/unit/org/apache/cassandra/service/reads/DigestResolverTest.java,0,0,1,6,0,0,0,0,0,0,1,1,1,0,1,1,0,0,0,0,0,0,0,0,0,0,0,0,0,1,0,0,0,0,0
cassandra,cassandra/service/reads/ReadCallback,ReadCallback,dataset/projects/cassandra/src/java/org/apache/cassandra/service/reads/ReadCallback.java,,1,3,0,0,0,1,0,1,0,1,0,0,0,0,0,0,0,0,0,0,0,0,0,0,0,0,0,0,0,0,0,0,0,0,0
cassandra,cassandra/service/reads/ReadExecutor,ReadExecutor,,C:/Users/ismak/Documents/GitHub/relation_test_code_smell_ML/dataset/projects/cassandra/test/unit/org/apache/cassandra/service/reads/ReadExecutorTest.java,0,0,1,7,0,0,0,0,0,0,1,1,1,0,1,0,0,0,0,1,0,0,0,0,0,0,0,0,0,1,0,0,0,1,0
cassandra,cassandra/service/reads/ReplicaFilteringProtection,ReplicaFilteringProtection,dataset/projects/cassandra/src/java/org/apache/cassandra/service/reads/ReplicaFilteringProtection.java,,1,3,0,0,1,2,0,0,0,0,0,0,0,0,0,0,0,0,0,0,0,0,0,0,0,0,0,0,0,0,0,0,0,0,0
cassandra,cassandra/service/reads/SpeculativeRetryParse,SpeculativeRetryParse,,C:/Users/ismak/Documents/GitHub/relation_test_code_smell_ML/dataset/projects/cassandra/test/unit/org/apache/cassandra/service/reads/SpeculativeRetryParseTest.java,0,0,1,4,0,0,0,0,0,0,1,1,1,0,0,0,0,0,0,0,0,0,0,0,1,0,0,0,0,0,0,0,0,0,0
cassandra,cassandra/service/snapshot/ListSnapshotsTask,ListSnapshotsTask,dataset/projects/cassandra/src/java/org/apache/cassandra/service/snapshot/ListSnapshotsTask.java,,1,1,0,0,0,1,0,0,0,0,0,0,0,0,0,0,0,0,0,0,0,0,0,0,0,0,0,0,0,0,0,0,0,0,0
cassandra,cassandra/service/snapshot/MetadataSnapshots,MetadataSnapshots,,C:/Users/ismak/Documents/GitHub/relation_test_code_smell_ML/dataset/projects/cassandra/test/unit/org/apache/cassandra/service/snapshot/MetadataSnapshotsTest.java,0,0,1,8,0,0,0,0,0,0,1,1,1,0,1,1,0,0,0,1,0,0,0,0,0,0,1,0,0,1,0,0,0,0,0
cassandra,cassandra/service/snapshot/SnapshotLoader,SnapshotLoader,,C:/Users/ismak/Documents/GitHub/relation_test_code_smell_ML/dataset/projects/cassandra/test/unit/org/apache/cassandra/service/snapshot/SnapshotLoaderTest.java,0,0,1,9,0,0,0,0,0,0,1,1,1,0,1,1,0,0,0,1,0,1,0,0,0,0,0,0,0,1,0,0,1,0,0
cassandra,cassandra/service/snapshot/SnapshotManager,SnapshotManager,dataset/projects/cassandra/src/java/org/apache/cassandra/service/snapshot/SnapshotManager.java,C:/Users/ismak/Documents/GitHub/relation_test_code_smell_ML/dataset/projects/cassandra/test/unit/org/apache/cassandra/service/snapshot/SnapshotManagerTest.java,1,3,1,9,1,0,0,1,0,1,1,1,1,0,1,1,0,0,0,0,0,1,0,0,0,0,0,0,0,1,0,0,1,1,0
cassandra,cassandra/service/snapshot/SnapshotManifest,SnapshotManifest,,C:/Users/ismak/Documents/GitHub/relation_test_code_smell_ML/dataset/projects/cassandra/test/unit/org/apache/cassandra/service/snapshot/SnapshotManifestTest.java,0,0,1,8,0,0,0,0,0,0,1,1,1,0,1,0,0,0,0,1,0,1,0,0,0,0,0,0,0,1,0,0,1,0,0
cassandra,cassandra/service/snapshot/SnapshotOptions,SnapshotOptions,dataset/projects/cassandra/src/java/org/apache/cassandra/service/snapshot/SnapshotOptions.java,C:/Users/ismak/Documents/GitHub/relation_test_code_smell_ML/dataset/projects/cassandra/test/unit/org/apache/cassandra/service/snapshot/SnapshotOptionsTest.java,1,2,1,6,0,1,0,0,0,1,1,1,1,0,1,1,0,0,0,0,0,0,0,0,0,0,0,0,0,1,0,0,0,0,0
cassandra,cassandra/service/snapshot/TableSnapshot,TableSnapshot,dataset/projects/cassandra/src/java/org/apache/cassandra/service/snapshot/TableSnapshot.java,C:/Users/ismak/Documents/GitHub/relation_test_code_smell_ML/dataset/projects/cassandra/test/unit/org/apache/cassandra/service/snapshot/TableSnapshotTest.java,1,5,1,9,1,2,0,1,0,1,1,1,1,0,1,1,0,0,0,1,0,1,0,0,0,0,0,0,0,1,0,0,1,0,0
cassandra,cassandra/service/snapshot/TakeSnapshotTask,TakeSnapshotTask,dataset/projects/cassandra/src/java/org/apache/cassandra/service/snapshot/TakeSnapshotTask.java,,1,3,0,0,1,1,0,1,0,0,0,0,0,0,0,0,0,0,0,0,0,0,0,0,0,0,0,0,0,0,0,0,0,0,0
cassandra,cassandra/simulator/paxos/AbstractPairOfSequencesPaxosSimulation,AbstractPairOfSequencesPaxosSimulation,,C:/Users/ismak/Documents/GitHub/relation_test_code_smell_ML/dataset/projects/cassandra/test/simulator/test/org/apache/cassandra/simulator/paxos/AbstractPairOfSequencesPaxosSimulationTest.java,0,0,1,4,0,0,0,0,0,0,1,1,1,0,0,0,0,0,0,0,0,0,0,0,0,0,0,0,0,0,1,0,0,0,0
cassandra,cassandra/simulator/paxos/HistoryValidator,HistoryValidator,,C:/Users/ismak/Documents/GitHub/relation_test_code_smell_ML/dataset/projects/cassandra/test/simulator/test/org/apache/cassandra/simulator/paxos/HistoryValidatorTest.java,0,0,1,8,0,0,0,0,0,0,1,1,1,0,0,1,1,0,1,0,0,0,0,0,0,0,0,0,0,0,1,1,0,0,0
cassandra,cassandra/simulator/test/AccordExecutor,AccordExecutor,,C:/Users/ismak/Documents/GitHub/relation_test_code_smell_ML/dataset/projects/cassandra/test/simulator/test/org/apache/cassandra/simulator/test/AccordExecutorTest.java,0,0,1,4,0,0,0,0,0,0,1,1,1,0,0,0,0,0,0,0,0,0,0,0,0,0,0,0,0,0,1,0,0,0,0
cassandra,cassandra/simulator/test/AccordHarrySimulation,AccordHarrySimulation,,C:/Users/ismak/Documents/GitHub/relation_test_code_smell_ML/dataset/projects/cassandra/test/simulator/test/org/apache/cassandra/simulator/test/AccordHarrySimulationTest.java,0,0,1,3,0,0,0,0,0,0,1,1,1,0,0,0,0,0,0,0,0,0,0,0,0,0,0,0,0,0,0,0,0,0,0
cassandra,cassandra/simulator/test/AccordJournalSimulation,AccordJournalSimulation,,C:/Users/ismak/Documents/GitHub/relation_test_code_smell_ML/dataset/projects/cassandra/test/simulator/test/org/apache/cassandra/simulator/test/AccordJournalSimulationTest.java,0,0,1,5,0,0,0,0,0,0,1,1,1,0,0,0,0,0,0,0,0,0,0,0,0,0,0,0,0,0,1,0,1,0,0
cassandra,cassandra/simulator/test/EpochStress,EpochStress,,C:/Users/ismak/Documents/GitHub/relation_test_code_smell_ML/dataset/projects/cassandra/test/simulator/test/org/apache/cassandra/simulator/test/EpochStressTest.java,0,0,1,6,0,0,0,0,0,0,1,1,1,0,0,1,0,0,0,1,0,0,0,0,0,0,0,0,0,0,1,0,0,0,0
cassandra,cassandra/simulator/test/HarrySimulator,HarrySimulator,,C:/Users/ismak/Documents/GitHub/relation_test_code_smell_ML/dataset/projects/cassandra/test/simulator/test/org/apache/cassandra/simulator/test/HarrySimulatorTest.java,0,0,1,6,0,0,0,0,0,0,1,1,1,0,0,0,0,0,0,1,0,0,0,0,0,0,0,0,0,0,1,1,0,0,0
cassandra,cassandra/simulator/test/MonitorMethodTransformer,MonitorMethodTransformer,,C:/Users/ismak/Documents/GitHub/relation_test_code_smell_ML/dataset/projects/cassandra/test/simulator/test/org/apache/cassandra/simulator/test/MonitorMethodTransformerTest.java,0,0,1,5,0,0,0,0,0,0,1,1,1,0,0,1,0,0,0,0,0,0,0,0,0,0,0,0,0,0,1,0,0,0,0
cassandra,cassandra/simulator/test/Semaphore,Semaphore,,C:/Users/ismak/Documents/GitHub/relation_test_code_smell_ML/dataset/projects/cassandra/test/simulator/test/org/apache/cassandra/simulator/test/SemaphoreTest.java,0,0,1,6,0,0,0,0,0,0,1,1,1,0,1,0,0,0,0,1,0,0,0,0,0,0,0,0,0,0,1,0,0,0,0
cassandra,cassandra/simulator/test/ShortAccordSimulation,ShortAccordSimulation,,C:/Users/ismak/Documents/GitHub/relation_test_code_smell_ML/dataset/projects/cassandra/test/simulator/test/org/apache/cassandra/simulator/test/ShortAccordSimulationTest.java,0,0,1,4,0,0,0,0,0,0,1,1,1,0,0,0,0,0,0,0,0,0,0,0,0,0,0,0,0,0,1,0,0,0,0
cassandra,cassandra/simulator/test/ShortPaxosMigrationFromAccordSimulation,ShortPaxosMigrationFromAccordSimulation,,C:/Users/ismak/Documents/GitHub/relation_test_code_smell_ML/dataset/projects/cassandra/test/simulator/test/org/apache/cassandra/simulator/test/ShortPaxosMigrationFromAccordSimulationTest.java,0,0,1,4,0,0,0,0,0,0,1,1,1,0,0,0,0,0,0,0,0,0,0,0,0,0,0,0,0,0,0,1,0,0,0
cassandra,cassandra/simulator/test/ShortPaxosMigrationToAccordSimulation,ShortPaxosMigrationToAccordSimulation,,C:/Users/ismak/Documents/GitHub/relation_test_code_smell_ML/dataset/projects/cassandra/test/simulator/test/org/apache/cassandra/simulator/test/ShortPaxosMigrationToAccordSimulationTest.java,0,0,1,4,0,0,0,0,0,0,1,1,1,0,0,0,0,0,0,0,0,0,0,0,0,0,0,0,0,0,0,1,0,0,0
cassandra,cassandra/simulator/test/ShortPaxosSimulation,ShortPaxosSimulation,,C:/Users/ismak/Documents/GitHub/relation_test_code_smell_ML/dataset/projects/cassandra/test/simulator/test/org/apache/cassandra/simulator/test/ShortPaxosSimulationTest.java,0,0,1,4,0,0,0,0,0,0,1,1,1,0,0,0,0,0,0,0,0,0,0,0,0,0,0,0,0,0,1,0,0,0,0
cassandra,cassandra/simulator/test/SingleNodeSingleTableAST,SingleNodeSingleTableAST,,C:/Users/ismak/Documents/GitHub/relation_test_code_smell_ML/dataset/projects/cassandra/test/simulator/test/org/apache/cassandra/simulator/test/SingleNodeSingleTableASTTest.java,0,0,1,6,0,0,0,0,0,0,1,1,1,0,0,0,0,0,0,1,0,0,0,0,0,0,0,0,0,0,1,1,0,0,0
cassandra,cassandra/simulator/test/TrivialSimulation,TrivialSimulation,,C:/Users/ismak/Documents/GitHub/relation_test_code_smell_ML/dataset/projects/cassandra/test/simulator/test/org/apache/cassandra/simulator/test/TrivialSimulationTest.java,0,0,1,6,0,0,0,0,0,0,1,1,1,0,0,1,0,0,0,1,0,0,0,0,0,0,0,0,0,0,1,0,0,0,0
cassandra,cassandra/streaming/async/NettyStreamingChannel,NettyStreamingChannel,dataset/projects/cassandra/src/java/org/apache/cassandra/streaming/async/NettyStreamingChannel.java,,1,1,0,0,0,0,0,0,0,1,0,0,0,0,0,0,0,0,0,0,0,0,0,0,0,0,0,0,0,0,0,0,0,0,0
cassandra,cassandra/streaming/async/StreamCompressionSerializer,StreamCompressionSerializer,,C:/Users/ismak/Documents/GitHub/relation_test_code_smell_ML/dataset/projects/cassandra/test/unit/org/apache/cassandra/streaming/async/StreamCompressionSerializerTest.java,0,0,1,6,0,0,0,0,0,0,1,1,1,0,0,1,0,0,0,1,0,0,0,0,0,0,0,0,0,0,1,0,0,0,0
cassandra,cassandra/streaming/async/StreamingInboundHandler,StreamingInboundHandler,,C:/Users/ismak/Documents/GitHub/relation_test_code_smell_ML/dataset/projects/cassandra/test/unit/org/apache/cassandra/streaming/async/StreamingInboundHandlerTest.java,0,0,1,7,0,0,0,0,0,0,1,1,1,0,1,0,0,0,0,1,1,0,0,0,0,0,0,0,0,0,0,0,0,1,0
cassandra,cassandra/streaming/async/StreamingMultiplexedChannel,StreamingMultiplexedChannel,dataset/projects/cassandra/src/java/org/apache/cassandra/streaming/async/StreamingMultiplexedChannel.java,C:/Users/ismak/Documents/GitHub/relation_test_code_smell_ML/dataset/projects/cassandra/test/unit/org/apache/cassandra/streaming/async/StreamingMultiplexedChannelTest.java,1,1,1,7,0,0,0,0,0,1,1,1,1,0,1,0,0,0,0,1,1,0,0,0,0,0,0,0,0,1,0,0,0,0,0
cassandra,cassandra/streaming/compression/CompressedInputStream,CompressedInputStream,,C:/Users/ismak/Documents/GitHub/relation_test_code_smell_ML/dataset/projects/cassandra/test/unit/org/apache/cassandra/streaming/compression/CompressedInputStreamTest.java,0,0,1,6,0,0,0,0,0,0,1,1,1,0,0,0,0,0,0,1,0,0,0,0,0,0,0,0,0,0,1,1,0,0,0
cassandra,cassandra/streaming/messages/KeepAliveMessage,KeepAliveMessage,,C:/Users/ismak/Documents/GitHub/relation_test_code_smell_ML/dataset/projects/cassandra/test/unit/org/apache/cassandra/streaming/messages/KeepAliveMessageTest.java,0,0,1,5,0,0,0,0,0,0,1,1,1,0,0,0,0,0,0,1,0,0,0,0,0,0,0,0,0,0,0,0,0,1,0
cassandra,cassandra/streaming/messages/StreamMessage,StreamMessage,,C:/Users/ismak/Documents/GitHub/relation_test_code_smell_ML/dataset/projects/cassandra/test/unit/org/apache/cassandra/streaming/messages/StreamMessageTest.java,0,0,1,6,0,0,0,0,0,0,1,1,1,0,1,1,0,0,0,1,0,0,0,0,0,0,0,0,0,0,0,0,0,0,0
cassandra,cassandra/stress/generate/DistributionGaussian,DistributionGaussian,,C:/Users/ismak/Documents/GitHub/relation_test_code_smell_ML/dataset/projects/cassandra/tools/stress/test/unit/org/apache/cassandra/stress/generate/DistributionGaussianTest.java,0,0,1,6,0,0,0,0,0,0,1,1,1,0,1,1,0,0,0,0,0,0,0,0,0,0,0,0,0,0,0,0,0,1,0
cassandra,cassandra/stress/generate/DistributionSequence,DistributionSequence,,C:/Users/ismak/Documents/GitHub/relation_test_code_smell_ML/dataset/projects/cassandra/tools/stress/test/unit/org/apache/cassandra/stress/generate/DistributionSequenceTest.java,0,0,1,7,0,0,0,0,0,0,1,1,1,0,1,1,0,0,0,1,0,0,0,0,0,0,0,0,0,0,0,0,0,1,0
cassandra,cassandra/stress/generate/PartitionIterator,PartitionIterator,dataset/projects/cassandra/tools/stress/src/org/apache/cassandra/stress/generate/PartitionIterator.java,,1,6,0,0,0,5,0,0,0,1,0,0,0,0,0,0,0,0,0,0,0,0,0,0,0,0,0,0,0,0,0,0,0,0,0
cassandra,cassandra/stress/generate/SeedManager,SeedManager,dataset/projects/cassandra/tools/stress/src/org/apache/cassandra/stress/generate/SeedManager.java,,1,1,0,0,0,1,0,0,0,0,0,0,0,0,0,0,0,0,0,0,0,0,0,0,0,0,0,0,0,0,0,0,0,0,0
cassandra,cassandra/stress/report/StressMetrics,StressMetrics,dataset/projects/cassandra/tools/stress/src/org/apache/cassandra/stress/report/StressMetrics.java,,1,2,0,0,0,0,0,1,0,1,0,0,0,0,0,0,0,0,0,0,0,0,0,0,0,0,0,0,0,0,0,0,0,0,0
cassandra,cassandra/stress/report/TimingInterval,TimingInterval,dataset/projects/cassandra/tools/stress/src/org/apache/cassandra/stress/report/TimingInterval.java,,1,2,0,0,0,1,0,0,0,1,0,0,0,0,0,0,0,0,0,0,0,0,0,0,0,0,0,0,0,0,0,0,0,0,0
cassandra,cassandra/stress/report/TimingIntervals,TimingIntervals,dataset/projects/cassandra/tools/stress/src/org/apache/cassandra/stress/report/TimingIntervals.java,,1,1,0,0,0,0,0,0,0,1,0,0,0,0,0,0,0,0,0,0,0,0,0,0,0,0,0,0,0,0,0,0,0,0,0
cassandra,cassandra/stress/settings/OptionMulti,OptionMulti,dataset/projects/cassandra/tools/stress/src/org/apache/cassandra/stress/settings/OptionMulti.java,,1,1,0,0,0,0,0,0,0,1,0,0,0,0,0,0,0,0,0,0,0,0,0,0,0,0,0,0,0,0,0,0,0,0,0
cassandra,cassandra/stress/settings/OptionReplication,OptionReplication,,C:/Users/ismak/Documents/GitHub/relation_test_code_smell_ML/dataset/projects/cassandra/tools/stress/test/unit/org/apache/cassandra/stress/settings/OptionReplicationTest.java,0,0,1,4,0,0,0,0,0,0,1,1,1,0,0,0,0,0,0,1,0,0,0,0,0,0,0,0,0,0,0,0,0,0,0
cassandra,cassandra/stress/settings/SettingsColumn,SettingsColumn,dataset/projects/cassandra/tools/stress/src/org/apache/cassandra/stress/settings/SettingsColumn.java,,1,1,0,0,0,1,0,0,0,0,0,0,0,0,0,0,0,0,0,0,0,0,0,0,0,0,0,0,0,0,0,0,0,0,0
cassandra,cassandra/stress/settings/SettingsCommandUser,SettingsCommandUser,dataset/projects/cassandra/tools/stress/src/org/apache/cassandra/stress/settings/SettingsCommandUser.java,,1,2,0,0,1,1,0,0,0,0,0,0,0,0,0,0,0,0,0,0,0,0,0,0,0,0,0,0,0,0,0,0,0,0,0
cassandra,cassandra/stress/settings/SettingsCredentials,SettingsCredentials,,C:/Users/ismak/Documents/GitHub/relation_test_code_smell_ML/dataset/projects/cassandra/tools/stress/test/unit/org/apache/cassandra/stress/settings/SettingsCredentialsTest.java,0,0,1,7,0,0,0,0,0,0,1,1,1,0,1,0,0,0,0,1,0,1,0,0,0,0,0,0,0,0,0,0,1,0,0
cassandra,cassandra/stress/settings/SettingsMisc,SettingsMisc,dataset/projects/cassandra/tools/stress/src/org/apache/cassandra/stress/settings/SettingsMisc.java,C:/Users/ismak/Documents/GitHub/relation_test_code_smell_ML/dataset/projects/cassandra/tools/stress/test/unit/org/apache/cassandra/stress/settings/SettingsMiscTest.java,1,1,1,4,0,1,0,0,0,0,1,1,1,0,0,0,0,0,0,1,0,0,0,0,0,0,0,0,0,0,0,0,0,0,0
cassandra,cassandra/stress/settings/SettingsMode,SettingsMode,dataset/projects/cassandra/tools/stress/src/org/apache/cassandra/stress/settings/SettingsMode.java,,1,1,0,0,0,1,0,0,0,0,0,0,0,0,0,0,0,0,0,0,0,0,0,0,0,0,0,0,0,0,0,0,0,0,0
cassandra,cassandra/stress/settings/SettingsNode,SettingsNode,,C:/Users/ismak/Documents/GitHub/relation_test_code_smell_ML/dataset/projects/cassandra/tools/stress/test/unit/org/apache/cassandra/stress/settings/SettingsNodeTest.java,0,0,1,4,0,0,0,0,0,0,1,1,1,0,0,0,0,0,0,1,0,0,0,0,0,0,0,0,0,0,0,0,0,0,0
cassandra,cassandra/stress/settings/StressSettings,StressSettings,dataset/projects/cassandra/tools/stress/src/org/apache/cassandra/stress/settings/StressSettings.java,C:/Users/ismak/Documents/GitHub/relation_test_code_smell_ML/dataset/projects/cassandra/tools/stress/test/unit/org/apache/cassandra/stress/settings/StressSettingsTest.java,1,2,1,6,1,0,1,0,0,0,1,1,1,0,0,0,0,0,0,1,0,0,0,0,0,0,0,0,0,0,1,0,0,1,0
cassandra,cassandra/stress/util/JavaDriverClient,JavaDriverClient,dataset/projects/cassandra/tools/stress/src/org/apache/cassandra/stress/util/JavaDriverClient.java,,1,2,0,0,1,1,0,0,0,0,0,0,0,0,0,0,0,0,0,0,0,0,0,0,0,0,0,0,0,0,0,0,0,0,0
cassandra,cassandra/stress/util/MultiResultLogger,MultiResultLogger,,C:/Users/ismak/Documents/GitHub/relation_test_code_smell_ML/dataset/projects/cassandra/tools/stress/test/unit/org/apache/cassandra/stress/util/MultiResultLoggerTest.java,0,0,1,5,0,0,0,0,0,0,1,1,1,0,0,0,0,0,0,1,0,0,0,0,1,0,0,0,0,0,0,0,0,0,0
cassandra,cassandra/tcm/compatibility/GossipHelper,GossipHelper,dataset/projects/cassandra/src/java/org/apache/cassandra/tcm/compatibility/GossipHelper.java,C:/Users/ismak/Documents/GitHub/relation_test_code_smell_ML/dataset/projects/cassandra/test/unit/org/apache/cassandra/tcm/compatibility/GossipHelperTest.java,1,4,1,8,1,1,0,1,0,1,1,1,1,0,1,1,0,0,0,1,0,0,0,0,0,0,0,0,0,0,1,0,0,1,0
cassandra,cassandra/tcm/listeners/ClientNotificationListener,ClientNotificationListener,dataset/projects/cassandra/src/java/org/apache/cassandra/tcm/listeners/ClientNotificationListener.java,C:/Users/ismak/Documents/GitHub/relation_test_code_smell_ML/dataset/projects/cassandra/test/unit/org/apache/cassandra/tcm/listeners/ClientNotificationListenerTest.java,1,1,1,6,0,1,0,0,0,0,1,1,1,0,1,1,0,0,0,0,0,0,0,0,1,0,0,0,0,0,0,0,0,0,0
cassandra,cassandra/tcm/listeners/LegacyStateListener,LegacyStateListener,dataset/projects/cassandra/src/java/org/apache/cassandra/tcm/listeners/LegacyStateListener.java,,1,3,0,0,0,3,0,0,0,0,0,0,0,0,0,0,0,0,0,0,0,0,0,0,0,0,0,0,0,0,0,0,0,0,0
cassandra,cassandra/tcm/listeners/MetadataSnapshotListener,MetadataSnapshotListener,,C:/Users/ismak/Documents/GitHub/relation_test_code_smell_ML/dataset/projects/cassandra/test/unit/org/apache/cassandra/tcm/listeners/MetadataSnapshotListenerTest.java,0,0,1,5,0,0,0,0,0,0,1,1,1,0,1,0,0,0,0,0,1,0,0,0,0,0,0,0,0,0,0,0,0,0,0
cassandra,cassandra/tcm/log/DistributedLogState,DistributedLogState,,C:/Users/ismak/Documents/GitHub/relation_test_code_smell_ML/dataset/projects/cassandra/test/unit/org/apache/cassandra/tcm/log/DistributedLogStateTest.java,0,0,1,3,0,0,0,0,0,0,1,1,1,0,0,0,0,0,0,0,0,0,0,0,0,0,0,0,0,0,0,0,0,0,0
cassandra,cassandra/tcm/log/LocalLog,LocalLog,dataset/projects/cassandra/src/java/org/apache/cassandra/tcm/log/LocalLog.java,C:/Users/ismak/Documents/GitHub/relation_test_code_smell_ML/dataset/projects/cassandra/test/unit/org/apache/cassandra/tcm/log/LocalLogTest.java,1,7,1,9,1,3,0,1,0,2,1,1,1,0,1,1,0,0,0,1,0,0,0,0,0,0,0,0,0,1,1,0,0,1,0
cassandra,cassandra/tcm/log/LocalStorageLogState,LocalStorageLogState,,C:/Users/ismak/Documents/GitHub/relation_test_code_smell_ML/dataset/projects/cassandra/test/unit/org/apache/cassandra/tcm/log/LocalStorageLogStateTest.java,0,0,1,7,0,0,0,0,0,0,1,1,1,0,1,0,1,0,0,1,0,0,0,0,0,0,0,0,0,1,0,0,0,0,0
cassandra,cassandra/tcm/log/LogListenerNotification,LogListenerNotification,,C:/Users/ismak/Documents/GitHub/relation_test_code_smell_ML/dataset/projects/cassandra/test/unit/org/apache/cassandra/tcm/log/LogListenerNotificationTest.java,0,0,1,5,0,0,0,0,0,0,1,1,1,0,0,1,0,0,0,0,0,0,0,0,0,0,0,0,0,0,1,0,0,0,0
cassandra,cassandra/tcm/log/LogReader,LogReader,dataset/projects/cassandra/src/java/org/apache/cassandra/tcm/log/LogReader.java,,1,1,0,0,0,1,0,0,0,0,0,0,0,0,0,0,0,0,0,0,0,0,0,0,0,0,0,0,0,0,0,0,0,0,0
cassandra,cassandra/tcm/log/LogState,LogState,dataset/projects/cassandra/src/java/org/apache/cassandra/tcm/log/LogState.java,,1,1,0,0,0,0,0,0,0,1,0,0,0,0,0,0,0,0,0,0,0,0,0,0,0,0,0,0,0,0,0,0,0,0,0
cassandra,cassandra/tcm/membership/Directory,Directory,dataset/projects/cassandra/src/java/org/apache/cassandra/tcm/membership/Directory.java,C:/Users/ismak/Documents/GitHub/relation_test_code_smell_ML/dataset/projects/cassandra/test/unit/org/apache/cassandra/tcm/membership/DirectoryTest.java,1,6,1,6,1,4,0,0,0,1,1,1,1,0,1,1,0,0,0,0,0,0,0,0,0,0,0,0,0,1,0,0,0,0,0
cassandra,cassandra/tcm/membership/NodeVersion,NodeVersion,,C:/Users/ismak/Documents/GitHub/relation_test_code_smell_ML/dataset/projects/cassandra/test/unit/org/apache/cassandra/tcm/membership/NodeVersionTest.java,0,0,1,4,0,0,0,0,0,0,1,1,1,0,0,0,0,0,0,1,0,0,0,0,0,0,0,0,0,0,0,0,0,0,0
cassandra,cassandra/tcm/migration/GossipCMSListener,GossipCMSListener,dataset/projects/cassandra/src/java/org/apache/cassandra/tcm/migration/GossipCMSListener.java,,1,1,0,0,0,1,0,0,0,0,0,0,0,0,0,0,0,0,0,0,0,0,0,0,0,0,0,0,0,0,0,0,0,0,0
cassandra,cassandra/tcm/ownership/DataPlacement,DataPlacement,dataset/projects/cassandra/src/java/org/apache/cassandra/tcm/ownership/DataPlacement.java,,1,1,0,0,0,0,0,0,0,1,0,0,0,0,0,0,0,0,0,0,0,0,0,0,0,0,0,0,0,0,0,0,0,0,0
cassandra,cassandra/tcm/ownership/DataPlacements,DataPlacements,dataset/projects/cassandra/src/java/org/apache/cassandra/tcm/ownership/DataPlacements.java,,1,1,0,0,0,0,0,0,0,1,0,0,0,0,0,0,0,0,0,0,0,0,0,0,0,0,0,0,0,0,0,0,0,0,0
cassandra,cassandra/tcm/ownership/DeltaMap,DeltaMap,,C:/Users/ismak/Documents/GitHub/relation_test_code_smell_ML/dataset/projects/cassandra/test/unit/org/apache/cassandra/tcm/ownership/DeltaMapTest.java,0,0,1,7,0,0,0,0,0,0,1,1,1,0,1,1,0,0,0,0,0,0,0,0,0,0,0,0,0,1,0,0,0,1,0
cassandra,cassandra/tcm/ownership/LocalRangesAllSettled,LocalRangesAllSettled,,C:/Users/ismak/Documents/GitHub/relation_test_code_smell_ML/dataset/projects/cassandra/test/unit/org/apache/cassandra/tcm/ownership/LocalRangesAllSettledTest.java,0,0,1,6,0,0,0,0,0,0,1,1,1,0,1,1,0,0,0,0,0,0,0,0,0,0,0,0,0,1,0,0,0,0,0
cassandra,cassandra/tcm/ownership/PlacementDeltas,PlacementDeltas,dataset/projects/cassandra/src/java/org/apache/cassandra/tcm/ownership/PlacementDeltas.java,,1,1,0,0,0,0,0,0,0,1,0,0,0,0,0,0,0,0,0,0,0,0,0,0,0,0,0,0,0,0,0,0,0,0,0
cassandra,cassandra/tcm/ownership/PlacementTransitionPlan,PlacementTransitionPlan,dataset/projects/cassandra/src/java/org/apache/cassandra/tcm/ownership/PlacementTransitionPlan.java,C:/Users/ismak/Documents/GitHub/relation_test_code_smell_ML/dataset/projects/cassandra/test/unit/org/apache/cassandra/tcm/ownership/PlacementTransitionPlanTest.java,1,1,1,3,0,1,0,0,0,0,1,1,1,0,0,0,0,0,0,0,0,0,0,0,0,0,0,0,0,0,0,0,0,0,0
cassandra,cassandra/tcm/ownership/PrimaryRangeComparator,PrimaryRangeComparator,,C:/Users/ismak/Documents/GitHub/relation_test_code_smell_ML/dataset/projects/cassandra/test/unit/org/apache/cassandra/tcm/ownership/PrimaryRangeComparatorTest.java,0,0,1,3,0,0,0,0,0,0,1,1,1,0,0,0,0,0,0,0,0,0,0,0,0,0,0,0,0,0,0,0,0,0,0
cassandra,cassandra/tcm/ownership/ReplicaGroups,ReplicaGroups,dataset/projects/cassandra/src/java/org/apache/cassandra/tcm/ownership/ReplicaGroups.java,,1,3,0,0,1,1,0,0,0,1,0,0,0,0,0,0,0,0,0,0,0,0,0,0,0,0,0,0,0,0,0,0,0,0,0
cassandra,cassandra/tcm/ownership/ReplicationMap,ReplicationMap,dataset/projects/cassandra/src/java/org/apache/cassandra/tcm/ownership/ReplicationMap.java,,1,1,0,0,0,0,0,0,0,1,0,0,0,0,0,0,0,0,0,0,0,0,0,0,0,0,0,0,0,0,0,0,0,0,0
cassandra,cassandra/tcm/ownership/TokenMap,TokenMap,dataset/projects/cassandra/src/java/org/apache/cassandra/tcm/ownership/TokenMap.java,,1,1,0,0,0,0,0,0,0,1,0,0,0,0,0,0,0,0,0,0,0,0,0,0,0,0,0,0,0,0,0,0,0,0,0
cassandra,cassandra/tcm/ownership/UniformRangePlacement,UniformRangePlacement,dataset/projects/cassandra/src/java/org/apache/cassandra/tcm/ownership/UniformRangePlacement.java,C:/Users/ismak/Documents/GitHub/relation_test_code_smell_ML/dataset/projects/cassandra/test/unit/org/apache/cassandra/tcm/ownership/UniformRangePlacementTest.java,1,1,1,5,0,0,0,0,0,1,1,1,1,0,0,1,0,0,0,0,0,0,0,0,0,0,0,0,0,0,0,0,0,1,0
cassandra,cassandra/tcm/ownership/UniformRangePlacementIntegration,UniformRangePlacementIntegration,,C:/Users/ismak/Documents/GitHub/relation_test_code_smell_ML/dataset/projects/cassandra/test/unit/org/apache/cassandra/tcm/ownership/UniformRangePlacementIntegrationTest.java,0,0,1,7,0,0,0,0,0,0,1,1,1,0,0,1,0,0,0,1,1,0,0,0,0,0,0,0,0,0,1,0,0,0,0
cassandra,cassandra/tcm/ownership/VersionedEndpoints,VersionedEndpoints,dataset/projects/cassandra/src/java/org/apache/cassandra/tcm/ownership/VersionedEndpoints.java,,1,1,0,0,0,0,0,0,0,1,0,0,0,0,0,0,0,0,0,0,0,0,0,0,0,0,0,0,0,0,0,0,0,0,0
cassandra,cassandra/tcm/sequences/AddToCMS,AddToCMS,dataset/projects/cassandra/src/java/org/apache/cassandra/tcm/sequences/AddToCMS.java,,1,2,0,0,1,0,0,0,0,1,0,0,0,0,0,0,0,0,0,0,0,0,0,0,0,0,0,0,0,0,0,0,0,0,0
cassandra,cassandra/tcm/sequences/BootstrapAndJoin,BootstrapAndJoin,dataset/projects/cassandra/src/java/org/apache/cassandra/tcm/sequences/BootstrapAndJoin.java,,1,4,0,0,1,1,0,1,0,1,0,0,0,0,0,0,0,0,0,0,0,0,0,0,0,0,0,0,0,0,0,0,0,0,0
cassandra,cassandra/tcm/sequences/BootstrapAndReplace,BootstrapAndReplace,dataset/projects/cassandra/src/java/org/apache/cassandra/tcm/sequences/BootstrapAndReplace.java,,1,4,0,0,1,1,0,1,0,1,0,0,0,0,0,0,0,0,0,0,0,0,0,0,0,0,0,0,0,0,0,0,0,0,0
cassandra,cassandra/tcm/sequences/DropAccordTable,DropAccordTable,dataset/projects/cassandra/src/java/org/apache/cassandra/tcm/sequences/DropAccordTable.java,C:/Users/ismak/Documents/GitHub/relation_test_code_smell_ML/dataset/projects/cassandra/test/unit/org/apache/cassandra/tcm/sequences/DropAccordTableTest.java,1,2,1,6,1,0,0,0,0,1,1,1,1,0,1,0,0,0,0,0,0,0,0,0,0,0,0,0,0,1,1,0,0,0,0
cassandra,cassandra/tcm/sequences/InProgressSequenceCancellation,InProgressSequenceCancellation,,C:/Users/ismak/Documents/GitHub/relation_test_code_smell_ML/dataset/projects/cassandra/test/unit/org/apache/cassandra/tcm/sequences/InProgressSequenceCancellationTest.java,0,0,1,7,0,0,0,0,0,0,1,1,1,0,0,1,0,0,0,1,0,0,0,0,0,0,0,0,0,0,1,1,0,0,0
cassandra,cassandra/tcm/sequences/InProgressSequences,InProgressSequences,dataset/projects/cassandra/src/java/org/apache/cassandra/tcm/sequences/InProgressSequences.java,,1,1,0,0,0,0,0,0,0,1,0,0,0,0,0,0,0,0,0,0,0,0,0,0,0,0,0,0,0,0,0,0,0,0,0
cassandra,cassandra/tcm/sequences/LockedRanges,LockedRanges,dataset/projects/cassandra/src/java/org/apache/cassandra/tcm/sequences/LockedRanges.java,,1,1,0,0,0,1,0,0,0,0,0,0,0,0,0,0,0,0,0,0,0,0,0,0,0,0,0,0,0,0,0,0,0,0,0
cassandra,cassandra/tcm/sequences/Move,Move,dataset/projects/cassandra/src/java/org/apache/cassandra/tcm/sequences/Move.java,,1,5,0,0,1,2,0,1,0,1,0,0,0,0,0,0,0,0,0,0,0,0,0,0,0,0,0,0,0,0,0,0,0,0,0
cassandra,cassandra/tcm/sequences/ProgressBarrier,ProgressBarrier,dataset/projects/cassandra/src/java/org/apache/cassandra/tcm/sequences/ProgressBarrier.java,C:/Users/ismak/Documents/GitHub/relation_test_code_smell_ML/dataset/projects/cassandra/test/unit/org/apache/cassandra/tcm/sequences/ProgressBarrierTest.java,1,2,1,7,1,1,0,0,0,0,1,1,1,0,1,1,0,0,0,1,0,0,0,0,0,0,0,0,0,1,0,0,0,0,0
cassandra,cassandra/tcm/sequences/ReconfigureCMS,ReconfigureCMS,dataset/projects/cassandra/src/java/org/apache/cassandra/tcm/sequences/ReconfigureCMS.java,,1,2,0,0,1,0,0,0,0,1,0,0,0,0,0,0,0,0,0,0,0,0,0,0,0,0,0,0,0,0,0,0,0,0,0
cassandra,cassandra/tcm/sequences/SingleNodeSequences,SingleNodeSequences,dataset/projects/cassandra/src/java/org/apache/cassandra/tcm/sequences/SingleNodeSequences.java,,1,5,0,0,0,5,0,0,0,0,0,0,0,0,0,0,0,0,0,0,0,0,0,0,0,0,0,0,0,0,0,0,0,0,0
cassandra,cassandra/tcm/sequences/UnbootstrapAndLeave,UnbootstrapAndLeave,dataset/projects/cassandra/src/java/org/apache/cassandra/tcm/sequences/UnbootstrapAndLeave.java,,1,4,0,0,1,1,0,1,0,1,0,0,0,0,0,0,0,0,0,0,0,0,0,0,0,0,0,0,0,0,0,0,0,0,0
cassandra,cassandra/tcm/sequences/UnbootstrapStreams,UnbootstrapStreams,dataset/projects/cassandra/src/java/org/apache/cassandra/tcm/sequences/UnbootstrapStreams.java,,1,1,0,0,1,0,0,0,0,0,0,0,0,0,0,0,0,0,0,0,0,0,0,0,0,0,0,0,0,0,0,0,0,0,0
cassandra,cassandra/tcm/transformations/AccordMarkHardRemoved,AccordMarkHardRemoved,dataset/projects/cassandra/src/java/org/apache/cassandra/tcm/transformations/AccordMarkHardRemoved.java,,1,1,0,0,0,1,0,0,0,0,0,0,0,0,0,0,0,0,0,0,0,0,0,0,0,0,0,0,0,0,0,0,0,0,0
cassandra,cassandra/tcm/transformations/AccordMarkRejoining,AccordMarkRejoining,,C:/Users/ismak/Documents/GitHub/relation_test_code_smell_ML/dataset/projects/cassandra/test/unit/org/apache/cassandra/tcm/transformations/AccordMarkRejoiningTest.java,0,0,1,5,0,0,0,0,0,0,1,1,1,0,0,0,0,0,0,1,0,0,0,0,0,0,0,0,0,0,1,0,0,0,0
cassandra,cassandra/tcm/transformations/AccordMarkStale,AccordMarkStale,,C:/Users/ismak/Documents/GitHub/relation_test_code_smell_ML/dataset/projects/cassandra/test/unit/org/apache/cassandra/tcm/transformations/AccordMarkStaleTest.java,0,0,1,5,0,0,0,0,0,0,1,1,1,0,0,0,0,0,0,1,0,0,0,0,0,0,0,0,0,0,1,0,0,0,0
cassandra,cassandra/tcm/transformations/AlterSchema,AlterSchema,dataset/projects/cassandra/src/java/org/apache/cassandra/tcm/transformations/AlterSchema.java,,1,2,0,0,1,1,0,0,0,0,0,0,0,0,0,0,0,0,0,0,0,0,0,0,0,0,0,0,0,0,0,0,0,0,0
cassandra,cassandra/tcm/transformations/CustomTransformation,CustomTransformation,dataset/projects/cassandra/src/java/org/apache/cassandra/tcm/transformations/CustomTransformation.java,,1,1,0,0,0,0,0,0,0,1,0,0,0,0,0,0,0,0,0,0,0,0,0,0,0,0,0,0,0,0,0,0,0,0,0
cassandra,cassandra/tcm/transformations/EventsMetadata,EventsMetadata,,C:/Users/ismak/Documents/GitHub/relation_test_code_smell_ML/dataset/projects/cassandra/test/unit/org/apache/cassandra/tcm/transformations/EventsMetadataTest.java,0,0,1,6,0,0,0,0,0,0,1,1,1,0,1,0,0,0,0,1,0,0,0,0,0,0,0,0,0,1,0,0,0,0,0
cassandra,cassandra/tcm/transformations/MaybeFinishConsensusMigrationForTableAndRange,MaybeFinishConsensusMigrationForTableAndRange,dataset/projects/cassandra/src/java/org/apache/cassandra/tcm/transformations/MaybeFinishConsensusMigrationForTableAndRange.java,,1,2,0,0,1,1,0,0,0,0,0,0,0,0,0,0,0,0,0,0,0,0,0,0,0,0,0,0,0,0,0,0,0,0,0
cassandra,cassandra/tcm/transformations/PrepareJoin,PrepareJoin,dataset/projects/cassandra/src/java/org/apache/cassandra/tcm/transformations/PrepareJoin.java,C:/Users/ismak/Documents/GitHub/relation_test_code_smell_ML/dataset/projects/cassandra/test/unit/org/apache/cassandra/tcm/transformations/PrepareJoinTest.java,1,1,1,6,1,0,0,0,0,0,1,1,1,0,1,1,0,0,0,0,1,0,0,0,0,0,0,0,0,0,0,0,0,0,0
cassandra,cassandra/tcm/transformations/PrepareLeave,PrepareLeave,dataset/projects/cassandra/src/java/org/apache/cassandra/tcm/transformations/PrepareLeave.java,C:/Users/ismak/Documents/GitHub/relation_test_code_smell_ML/dataset/projects/cassandra/test/unit/org/apache/cassandra/tcm/transformations/PrepareLeaveTest.java,1,1,1,6,1,0,0,0,0,0,1,1,1,0,1,0,0,0,0,1,0,0,0,0,0,0,0,0,0,1,0,0,0,0,0
cassandra,cassandra/tcm/transformations/PrepareMove,PrepareMove,dataset/projects/cassandra/src/java/org/apache/cassandra/tcm/transformations/PrepareMove.java,,1,1,0,0,1,0,0,0,0,0,0,0,0,0,0,0,0,0,0,0,0,0,0,0,0,0,0,0,0,0,0,0,0,0,0
cassandra,cassandra/tcm/transformations/PrepareReplace,PrepareReplace,dataset/projects/cassandra/src/java/org/apache/cassandra/tcm/transformations/PrepareReplace.java,,1,1,0,0,1,0,0,0,0,0,0,0,0,0,0,0,0,0,0,0,0,0,0,0,0,0,0,0,0,0,0,0,0,0,0
cassandra,cassandra/tcm/transformations/Register,Register,dataset/projects/cassandra/src/java/org/apache/cassandra/tcm/transformations/Register.java,C:/Users/ismak/Documents/GitHub/relation_test_code_smell_ML/dataset/projects/cassandra/test/unit/org/apache/cassandra/tcm/transformations/RegisterTest.java,1,1,1,5,0,1,0,0,0,0,1,1,1,0,1,0,0,0,0,1,0,0,0,0,0,0,0,0,0,0,0,0,0,0,0
cassandra,cassandra/tcm/transformations/Startup,Startup,dataset/projects/cassandra/src/java/org/apache/cassandra/tcm/transformations/Startup.java,C:/Users/ismak/Documents/GitHub/relation_test_code_smell_ML/dataset/projects/cassandra/test/unit/org/apache/cassandra/tcm/transformations/StartupTest.java,1,1,1,5,1,0,0,0,0,0,1,1,1,0,1,0,0,0,0,1,0,0,0,0,0,0,0,0,0,0,0,0,0,0,0
cassandra,cassandra/test/microbench/CachingBench,CachingBench,,C:/Users/ismak/Documents/GitHub/relation_test_code_smell_ML/dataset/projects/cassandra/test/microbench/org/apache/cassandra/test/microbench/CachingBenchTest.java,0,0,1,9,0,0,0,0,0,0,1,1,1,0,1,1,0,0,0,1,1,0,1,0,0,0,0,0,0,0,1,0,0,0,0
cassandra,cassandra/test/microbench/GcCompactionBench,GcCompactionBench,,C:/Users/ismak/Documents/GitHub/relation_test_code_smell_ML/dataset/projects/cassandra/test/microbench/org/apache/cassandra/test/microbench/GcCompactionBenchTest.java,0,0,1,9,0,0,0,0,0,0,1,1,1,0,1,1,0,0,0,1,1,0,1,0,0,0,0,0,0,0,1,0,0,0,0
cassandra,cassandra/tools/cassandrastress/Cassandrastress,Cassandrastress,,C:/Users/ismak/Documents/GitHub/relation_test_code_smell_ML/dataset/projects/cassandra/test/unit/org/apache/cassandra/tools/cassandrastress/CassandrastressTest.java,0,0,1,6,0,0,0,0,0,0,1,1,1,0,1,0,0,0,0,0,0,0,0,0,0,0,0,0,0,0,1,0,0,1,0
cassandra,cassandra/tools/cqlsh/Cqlsh,Cqlsh,,C:/Users/ismak/Documents/GitHub/relation_test_code_smell_ML/dataset/projects/cassandra/test/unit/org/apache/cassandra/tools/cqlsh/CqlshTest.java,0,0,1,7,0,0,0,0,0,0,1,1,1,0,0,0,0,0,0,1,0,1,0,0,0,0,0,0,0,0,0,0,1,1,0
cassandra,cassandra/tools/nodetool/AutoRepairStatus,AutoRepairStatus,,C:/Users/ismak/Documents/GitHub/relation_test_code_smell_ML/dataset/projects/cassandra/test/unit/org/apache/cassandra/tools/nodetool/AutoRepairStatusTest.java,0,0,1,5,0,0,0,0,0,0,1,1,1,0,0,0,0,0,0,0,1,0,0,0,1,0,0,0,0,0,0,0,0,0,0
cassandra,cassandra/tools/nodetool/CIDRFilteringStats,CIDRFilteringStats,,C:/Users/ismak/Documents/GitHub/relation_test_code_smell_ML/dataset/projects/cassandra/test/unit/org/apache/cassandra/tools/nodetool/CIDRFilteringStatsTest.java,0,0,1,5,0,0,0,0,0,0,1,1,1,0,1,0,0,0,0,0,0,0,0,0,0,0,0,0,0,1,0,0,0,0,0
cassandra,cassandra/tools/nodetool/CMSAdmin,CMSAdmin,dataset/projects/cassandra/src/java/org/apache/cassandra/tools/nodetool/CMSAdmin.java,,1,1,0,0,0,1,0,0,0,0,0,0,0,0,0,0,0,0,0,0,0,0,0,0,0,0,0,0,0,0,0,0,0,0,0
cassandra,cassandra/tools/nodetool/ClearSnapshot,ClearSnapshot,dataset/projects/cassandra/src/java/org/apache/cassandra/tools/nodetool/ClearSnapshot.java,C:/Users/ismak/Documents/GitHub/relation_test_code_smell_ML/dataset/projects/cassandra/test/unit/org/apache/cassandra/tools/nodetool/ClearSnapshotTest.java,1,1,1,6,0,1,0,0,0,0,1,1,1,0,1,0,0,0,0,1,0,0,0,0,0,0,0,0,0,1,0,0,0,0,0
cassandra,cassandra/tools/nodetool/ClientStats,ClientStats,dataset/projects/cassandra/src/java/org/apache/cassandra/tools/nodetool/ClientStats.java,C:/Users/ismak/Documents/GitHub/relation_test_code_smell_ML/dataset/projects/cassandra/test/unit/org/apache/cassandra/tools/nodetool/ClientStatsTest.java,1,1,1,6,0,1,0,0,0,0,1,1,1,0,1,0,0,0,0,0,1,0,0,0,0,0,0,0,0,1,0,0,0,0,0
cassandra,cassandra/tools/nodetool/CommandUtils,CommandUtils,dataset/projects/cassandra/src/java/org/apache/cassandra/tools/nodetool/CommandUtils.java,,1,1,0,0,0,0,0,0,0,1,0,0,0,0,0,0,0,0,0,0,0,0,0,0,0,0,0,0,0,0,0,0,0,0,0
cassandra,cassandra/tools/nodetool/Compact,Compact,dataset/projects/cassandra/src/java/org/apache/cassandra/tools/nodetool/Compact.java,C:/Users/ismak/Documents/GitHub/relation_test_code_smell_ML/dataset/projects/cassandra/test/unit/org/apache/cassandra/tools/nodetool/CompactTest.java,1,1,1,7,0,1,0,0,0,0,1,1,1,0,1,1,0,0,0,1,0,0,0,0,0,0,0,0,0,1,0,0,0,0,0
cassandra,cassandra/tools/nodetool/CompactionHistory,CompactionHistory,,C:/Users/ismak/Documents/GitHub/relation_test_code_smell_ML/dataset/projects/cassandra/test/unit/org/apache/cassandra/tools/nodetool/CompactionHistoryTest.java,0,0,1,5,0,0,0,0,0,0,1,1,1,0,0,1,0,0,0,1,0,0,0,0,0,0,0,0,0,0,0,0,0,0,0
cassandra,cassandra/tools/nodetool/CompactionStats,CompactionStats,dataset/projects/cassandra/src/java/org/apache/cassandra/tools/nodetool/CompactionStats.java,C:/Users/ismak/Documents/GitHub/relation_test_code_smell_ML/dataset/projects/cassandra/test/unit/org/apache/cassandra/tools/nodetool/CompactionStatsTest.java,1,1,1,5,0,1,0,0,0,0,1,1,1,0,1,0,0,0,0,0,0,0,0,0,0,0,0,0,0,1,0,0,0,0,0
cassandra,cassandra/tools/nodetool/CompressionDictionaryCommandGroup,CompressionDictionaryCommandGroup,dataset/projects/cassandra/src/java/org/apache/cassandra/tools/nodetool/CompressionDictionaryCommandGroup.java,,1,1,0,0,0,1,0,0,0,0,0,0,0,0,0,0,0,0,0,0,0,0,0,0,0,0,0,0,0,0,0,0,0,0,0
cassandra,cassandra/tools/nodetool/DataPaths,DataPaths,,C:/Users/ismak/Documents/GitHub/relation_test_code_smell_ML/dataset/projects/cassandra/test/unit/org/apache/cassandra/tools/nodetool/DataPathsTest.java,0,0,1,5,0,0,0,0,0,0,1,1,1,0,1,0,0,0,0,0,0,0,0,0,0,0,0,0,0,1,0,0,0,0,0
cassandra,cassandra/tools/nodetool/DescribeCluster,DescribeCluster,dataset/projects/cassandra/src/java/org/apache/cassandra/tools/nodetool/DescribeCluster.java,,1,1,0,0,0,1,0,0,0,0,0,0,0,0,0,0,0,0,0,0,0,0,0,0,0,0,0,0,0,0,0,0,0,0,0
cassandra,cassandra/tools/nodetool/DropCIDRGroup,DropCIDRGroup,,C:/Users/ismak/Documents/GitHub/relation_test_code_smell_ML/dataset/projects/cassandra/test/unit/org/apache/cassandra/tools/nodetool/DropCIDRGroupTest.java,0,0,1,5,0,0,0,0,0,0,1,1,1,0,1,0,0,0,0,0,0,0,0,0,0,0,0,0,0,1,0,0,0,0,0
cassandra,cassandra/tools/nodetool/ExportImportListCompressionDictionary,ExportImportListCompressionDictionary,,C:/Users/ismak/Documents/GitHub/relation_test_code_smell_ML/dataset/projects/cassandra/test/unit/org/apache/cassandra/tools/nodetool/ExportImportListCompressionDictionaryTest.java,0,0,1,9,0,0,0,0,0,0,1,1,1,0,1,0,0,0,0,1,0,1,0,0,0,0,0,0,0,0,1,0,1,1,0
cassandra,cassandra/tools/nodetool/ForceCompaction,ForceCompaction,,C:/Users/ismak/Documents/GitHub/relation_test_code_smell_ML/dataset/projects/cassandra/test/unit/org/apache/cassandra/tools/nodetool/ForceCompactionTest.java,0,0,1,8,0,0,0,0,0,0,1,1,1,0,0,1,0,0,0,1,0,0,0,0,0,0,1,0,0,0,1,1,0,0,0
cassandra,cassandra/tools/nodetool/GcStats,GcStats,,C:/Users/ismak/Documents/GitHub/relation_test_code_smell_ML/dataset/projects/cassandra/test/unit/org/apache/cassandra/tools/nodetool/GcStatsTest.java,0,0,1,5,0,0,0,0,0,0,1,1,1,0,1,1,0,0,0,0,0,0,0,0,0,0,0,0,0,0,0,0,0,0,0
cassandra,cassandra/tools/nodetool/GetAuditLog,GetAuditLog,,C:/Users/ismak/Documents/GitHub/relation_test_code_smell_ML/dataset/projects/cassandra/test/unit/org/apache/cassandra/tools/nodetool/GetAuditLogTest.java,0,0,1,5,0,0,0,0,0,0,1,1,1,0,0,0,0,0,0,0,0,0,0,0,0,0,0,0,0,0,1,1,0,0,0
cassandra,cassandra/tools/nodetool/GetAuthCacheConfig,GetAuthCacheConfig,,C:/Users/ismak/Documents/GitHub/relation_test_code_smell_ML/dataset/projects/cassandra/test/unit/org/apache/cassandra/tools/nodetool/GetAuthCacheConfigTest.java,0,0,1,5,0,0,0,0,0,0,1,1,1,0,1,0,0,0,0,0,0,0,0,0,0,0,0,0,0,1,0,0,0,0,0
cassandra,cassandra/tools/nodetool/GetCIDRGroupsOfIP,GetCIDRGroupsOfIP,,C:/Users/ismak/Documents/GitHub/relation_test_code_smell_ML/dataset/projects/cassandra/test/unit/org/apache/cassandra/tools/nodetool/GetCIDRGroupsOfIPTest.java,0,0,1,5,0,0,0,0,0,0,1,1,1,0,1,0,0,0,0,0,0,0,0,0,0,0,0,0,0,1,0,0,0,0,0
cassandra,cassandra/tools/nodetool/GetDefaultKeyspaceRF,GetDefaultKeyspaceRF,,C:/Users/ismak/Documents/GitHub/relation_test_code_smell_ML/dataset/projects/cassandra/test/unit/org/apache/cassandra/tools/nodetool/GetDefaultKeyspaceRFTest.java,0,0,1,3,0,0,0,0,0,0,1,1,1,0,0,0,0,0,0,0,0,0,0,0,0,0,0,0,0,0,0,0,0,0,0
cassandra,cassandra/tools/nodetool/GetFullQueryLog,GetFullQueryLog,,C:/Users/ismak/Documents/GitHub/relation_test_code_smell_ML/dataset/projects/cassandra/test/unit/org/apache/cassandra/tools/nodetool/GetFullQueryLogTest.java,0,0,1,5,0,0,0,0,0,0,1,1,1,0,0,0,0,0,0,0,0,0,0,0,0,0,0,0,0,0,1,1,0,0,0
cassandra,cassandra/tools/nodetool/GetInterDCStreamThroughput,GetInterDCStreamThroughput,dataset/projects/cassandra/src/java/org/apache/cassandra/tools/nodetool/GetInterDCStreamThroughput.java,,1,1,0,0,0,1,0,0,0,0,0,0,0,0,0,0,0,0,0,0,0,0,0,0,0,0,0,0,0,0,0,0,0,0,0
cassandra,cassandra/tools/nodetool/GetStreamThroughput,GetStreamThroughput,dataset/projects/cassandra/src/java/org/apache/cassandra/tools/nodetool/GetStreamThroughput.java,,1,1,0,0,0,1,0,0,0,0,0,0,0,0,0,0,0,0,0,0,0,0,0,0,0,0,0,0,0,0,0,0,0,0,0
cassandra,cassandra/tools/nodetool/GossipInfo,GossipInfo,,C:/Users/ismak/Documents/GitHub/relation_test_code_smell_ML/dataset/projects/cassandra/test/unit/org/apache/cassandra/tools/nodetool/GossipInfoTest.java,0,0,1,5,0,0,0,0,0,0,1,1,1,0,1,0,0,0,0,0,0,0,0,0,0,0,0,0,0,1,0,0,0,0,0
cassandra,cassandra/tools/nodetool/GuardrailsConfigCommand,GuardrailsConfigCommand,dataset/projects/cassandra/src/java/org/apache/cassandra/tools/nodetool/GuardrailsConfigCommand.java,,1,3,0,0,0,3,0,0,0,0,0,0,0,0,0,0,0,0,0,0,0,0,0,0,0,0,0,0,0,0,0,0,0,0,0
cassandra,cassandra/tools/nodetool/GuardrailsConfigCommands,GuardrailsConfigCommands,,C:/Users/ismak/Documents/GitHub/relation_test_code_smell_ML/dataset/projects/cassandra/test/unit/org/apache/cassandra/tools/nodetool/GuardrailsConfigCommandsTest.java,0,0,1,6,0,0,0,0,0,0,1,1,1,0,1,1,0,0,0,0,0,0,0,0,0,0,0,0,0,1,0,0,0,0,0
cassandra,cassandra/tools/nodetool/Help,Help,dataset/projects/cassandra/src/java/org/apache/cassandra/tools/nodetool/Help.java,,1,1,0,0,0,1,0,0,0,0,0,0,0,0,0,0,0,0,0,0,0,0,0,0,0,0,0,0,0,0,0,0,0,0,0
cassandra,cassandra/tools/nodetool/History,History,,C:/Users/ismak/Documents/GitHub/relation_test_code_smell_ML/dataset/projects/cassandra/test/unit/org/apache/cassandra/tools/nodetool/HistoryTest.java,0,0,1,7,0,0,0,0,0,0,1,1,1,0,1,0,0,0,0,0,0,1,0,0,0,0,0,0,0,1,0,0,1,0,0
cassandra,cassandra/tools/nodetool/Info,Info,dataset/projects/cassandra/src/java/org/apache/cassandra/tools/nodetool/Info.java,,1,1,0,0,0,1,0,0,0,0,0,0,0,0,0,0,0,0,0,0,0,0,0,0,0,0,0,0,0,0,0,0,0,0,0
cassandra,cassandra/tools/nodetool/InvalidateCIDRPermissionsCache,InvalidateCIDRPermissionsCache,,C:/Users/ismak/Documents/GitHub/relation_test_code_smell_ML/dataset/projects/cassandra/test/unit/org/apache/cassandra/tools/nodetool/InvalidateCIDRPermissionsCacheTest.java,0,0,1,5,0,0,0,0,0,0,1,1,1,0,1,0,0,0,0,0,0,0,0,0,0,0,0,0,0,1,0,0,0,0,0
cassandra,cassandra/tools/nodetool/InvalidateCredentialsCache,InvalidateCredentialsCache,,C:/Users/ismak/Documents/GitHub/relation_test_code_smell_ML/dataset/projects/cassandra/test/unit/org/apache/cassandra/tools/nodetool/InvalidateCredentialsCacheTest.java,0,0,1,5,0,0,0,0,0,0,1,1,1,0,1,0,0,0,0,0,0,0,0,0,0,0,0,0,0,1,0,0,0,0,0
cassandra,cassandra/tools/nodetool/InvalidateJmxPermissionsCache,InvalidateJmxPermissionsCache,,C:/Users/ismak/Documents/GitHub/relation_test_code_smell_ML/dataset/projects/cassandra/test/unit/org/apache/cassandra/tools/nodetool/InvalidateJmxPermissionsCacheTest.java,0,0,1,5,0,0,0,0,0,0,1,1,1,0,1,0,0,0,0,0,0,0,0,0,0,0,0,0,0,1,0,0,0,0,0
cassandra,cassandra/tools/nodetool/InvalidateNetworkPermissionsCache,InvalidateNetworkPermissionsCache,,C:/Users/ismak/Documents/GitHub/relation_test_code_smell_ML/dataset/projects/cassandra/test/unit/org/apache/cassandra/tools/nodetool/InvalidateNetworkPermissionsCacheTest.java,0,0,1,5,0,0,0,0,0,0,1,1,1,0,1,0,0,0,0,0,0,0,0,0,0,0,0,0,0,1,0,0,0,0,0
cassandra,cassandra/tools/nodetool/InvalidatePermissionsCache,InvalidatePermissionsCache,dataset/projects/cassandra/src/java/org/apache/cassandra/tools/nodetool/InvalidatePermissionsCache.java,C:/Users/ismak/Documents/GitHub/relation_test_code_smell_ML/dataset/projects/cassandra/test/unit/org/apache/cassandra/tools/nodetool/InvalidatePermissionsCacheTest.java,1,1,1,6,0,1,0,0,0,0,1,1,1,0,1,0,0,0,0,1,0,0,0,0,0,0,0,0,0,1,0,0,0,0,0
cassandra,cassandra/tools/nodetool/InvalidateRolesCache,InvalidateRolesCache,,C:/Users/ismak/Documents/GitHub/relation_test_code_smell_ML/dataset/projects/cassandra/test/unit/org/apache/cassandra/tools/nodetool/InvalidateRolesCacheTest.java,0,0,1,5,0,0,0,0,0,0,1,1,1,0,1,0,0,0,0,0,0,0,0,0,0,0,0,0,0,1,0,0,0,0,0
cassandra,cassandra/tools/nodetool/ListCIDRGroup,ListCIDRGroup,,C:/Users/ismak/Documents/GitHub/relation_test_code_smell_ML/dataset/projects/cassandra/test/unit/org/apache/cassandra/tools/nodetool/ListCIDRGroupTest.java,0,0,1,5,0,0,0,0,0,0,1,1,1,0,1,0,0,0,0,0,0,0,0,0,0,0,0,0,0,1,0,0,0,0,0
cassandra,cassandra/tools/nodetool/ListSnapshots,ListSnapshots,dataset/projects/cassandra/src/java/org/apache/cassandra/tools/nodetool/ListSnapshots.java,,1,1,0,0,0,1,0,0,0,0,0,0,0,0,0,0,0,0,0,0,0,0,0,0,0,0,0,0,0,0,0,0,0,0,0
cassandra,cassandra/tools/nodetool/NetStats,NetStats,dataset/projects/cassandra/src/java/org/apache/cassandra/tools/nodetool/NetStats.java,C:/Users/ismak/Documents/GitHub/relation_test_code_smell_ML/dataset/projects/cassandra/test/unit/org/apache/cassandra/tools/nodetool/NetStatsTest.java,1,1,1,6,0,1,0,0,0,0,1,1,1,0,1,0,0,0,0,1,0,0,0,0,0,0,0,0,0,1,0,0,0,0,0
cassandra,cassandra/tools/nodetool/NodetoolClassHierarchy,NodetoolClassHierarchy,,C:/Users/ismak/Documents/GitHub/relation_test_code_smell_ML/dataset/projects/cassandra/test/unit/org/apache/cassandra/tools/nodetool/NodetoolClassHierarchyTest.java,0,0,1,6,0,0,0,0,0,0,1,1,1,0,0,1,0,0,0,1,0,0,0,0,0,0,0,0,0,0,1,0,0,0,0
cassandra,cassandra/tools/nodetool/NodetoolHelpCommandsOutput,NodetoolHelpCommandsOutput,,C:/Users/ismak/Documents/GitHub/relation_test_code_smell_ML/dataset/projects/cassandra/test/unit/org/apache/cassandra/tools/nodetool/NodetoolHelpCommandsOutputTest.java,0,0,1,5,0,0,0,0,0,0,1,1,1,0,0,0,0,0,0,1,0,0,0,0,0,0,0,0,0,0,1,0,0,0,0
cassandra,cassandra/tools/nodetool/NodetoolPrintPortBackwardCompatibility,NodetoolPrintPortBackwardCompatibility,,C:/Users/ismak/Documents/GitHub/relation_test_code_smell_ML/dataset/projects/cassandra/test/unit/org/apache/cassandra/tools/nodetool/NodetoolPrintPortBackwardCompatibilityTest.java,0,0,1,3,0,0,0,0,0,0,1,1,1,0,0,0,0,0,0,0,0,0,0,0,0,0,0,0,0,0,0,0,0,0,0
cassandra,cassandra/tools/nodetool/ProfileLoad,ProfileLoad,dataset/projects/cassandra/src/java/org/apache/cassandra/tools/nodetool/ProfileLoad.java,,1,1,0,0,0,1,0,0,0,0,0,0,0,0,0,0,0,0,0,0,0,0,0,0,0,0,0,0,0,0,0,0,0,0,0
cassandra,cassandra/tools/nodetool/ReloadCIDRGroupsCache,ReloadCIDRGroupsCache,,C:/Users/ismak/Documents/GitHub/relation_test_code_smell_ML/dataset/projects/cassandra/test/unit/org/apache/cassandra/tools/nodetool/ReloadCIDRGroupsCacheTest.java,0,0,1,5,0,0,0,0,0,0,1,1,1,0,1,0,0,0,0,0,0,0,0,0,0,0,0,0,0,1,0,0,0,0,0
cassandra,cassandra/tools/nodetool/Repair,Repair,dataset/projects/cassandra/src/java/org/apache/cassandra/tools/nodetool/Repair.java,,1,2,0,0,0,1,0,0,1,0,0,0,0,0,0,0,0,0,0,0,0,0,0,0,0,0,0,0,0,0,0,0,0,0,0
cassandra,cassandra/tools/nodetool/Ring,Ring,dataset/projects/cassandra/src/java/org/apache/cassandra/tools/nodetool/Ring.java,C:/Users/ismak/Documents/GitHub/relation_test_code_smell_ML/dataset/projects/cassandra/test/unit/org/apache/cassandra/tools/nodetool/RingTest.java,1,1,1,7,0,1,0,0,0,0,1,1,1,0,1,0,0,0,0,0,0,0,0,0,0,0,0,0,0,1,1,0,0,1,0
cassandra,cassandra/tools/nodetool/SSTableRepairedSet,SSTableRepairedSet,dataset/projects/cassandra/src/java/org/apache/cassandra/tools/nodetool/SSTableRepairedSet.java,C:/Users/ismak/Documents/GitHub/relation_test_code_smell_ML/dataset/projects/cassandra/test/unit/org/apache/cassandra/tools/nodetool/SSTableRepairedSetTest.java,1,1,1,4,0,1,0,0,0,0,1,1,1,0,0,0,0,0,0,0,0,0,0,0,0,0,0,0,0,0,1,0,0,0,0
cassandra,cassandra/tools/nodetool/ScrubTool,ScrubTool,,C:/Users/ismak/Documents/GitHub/relation_test_code_smell_ML/dataset/projects/cassandra/test/unit/org/apache/cassandra/tools/nodetool/ScrubToolTest.java,0,0,1,7,0,0,0,0,0,0,1,1,1,0,1,0,0,0,0,1,0,0,0,0,0,0,0,0,0,1,0,0,0,1,0
cassandra,cassandra/tools/nodetool/SetAuthCacheConfig,SetAuthCacheConfig,,C:/Users/ismak/Documents/GitHub/relation_test_code_smell_ML/dataset/projects/cassandra/test/unit/org/apache/cassandra/tools/nodetool/SetAuthCacheConfigTest.java,0,0,1,5,0,0,0,0,0,0,1,1,1,0,1,0,0,0,0,0,0,0,0,0,0,0,0,0,0,1,0,0,0,0,0
cassandra,cassandra/tools/nodetool/SetAutoRepairConfig,SetAutoRepairConfig,dataset/projects/cassandra/src/java/org/apache/cassandra/tools/nodetool/SetAutoRepairConfig.java,C:/Users/ismak/Documents/GitHub/relation_test_code_smell_ML/dataset/projects/cassandra/test/unit/org/apache/cassandra/tools/nodetool/SetAutoRepairConfigTest.java,1,1,1,5,0,1,0,0,0,0,1,1,1,0,0,0,0,0,0,1,0,0,0,0,0,0,0,0,0,0,1,0,0,0,0
cassandra,cassandra/tools/nodetool/SetDefaultKeyspaceRF,SetDefaultKeyspaceRF,,C:/Users/ismak/Documents/GitHub/relation_test_code_smell_ML/dataset/projects/cassandra/test/unit/org/apache/cassandra/tools/nodetool/SetDefaultKeyspaceRFTest.java,0,0,1,3,0,0,0,0,0,0,1,1,1,0,0,0,0,0,0,0,0,0,0,0,0,0,0,0,0,0,0,0,0,0,0
cassandra,cassandra/tools/nodetool/SetGetColumnIndexSize,SetGetColumnIndexSize,,C:/Users/ismak/Documents/GitHub/relation_test_code_smell_ML/dataset/projects/cassandra/test/unit/org/apache/cassandra/tools/nodetool/SetGetColumnIndexSizeTest.java,0,0,1,3,0,0,0,0,0,0,1,1,1,0,0,0,0,0,0,0,0,0,0,0,0,0,0,0,0,0,0,0,0,0,0
cassandra,cassandra/tools/nodetool/SetGetCompactionThroughput,SetGetCompactionThroughput,,C:/Users/ismak/Documents/GitHub/relation_test_code_smell_ML/dataset/projects/cassandra/test/unit/org/apache/cassandra/tools/nodetool/SetGetCompactionThroughputTest.java,0,0,1,5,0,0,0,0,0,0,1,1,1,0,1,0,0,0,0,0,0,0,0,0,0,0,0,0,0,1,0,0,0,0,0
cassandra,cassandra/tools/nodetool/SetGetEntireSSTableInterDCStreamThroughput,SetGetEntireSSTableInterDCStreamThroughput,,C:/Users/ismak/Documents/GitHub/relation_test_code_smell_ML/dataset/projects/cassandra/test/unit/org/apache/cassandra/tools/nodetool/SetGetEntireSSTableInterDCStreamThroughputTest.java,0,0,1,3,0,0,0,0,0,0,1,1,1,0,0,0,0,0,0,0,0,0,0,0,0,0,0,0,0,0,0,0,0,0,0
cassandra,cassandra/tools/nodetool/SetGetEntireSSTableStreamThroughput,SetGetEntireSSTableStreamThroughput,,C:/Users/ismak/Documents/GitHub/relation_test_code_smell_ML/dataset/projects/cassandra/test/unit/org/apache/cassandra/tools/nodetool/SetGetEntireSSTableStreamThroughputTest.java,0,0,1,3,0,0,0,0,0,0,1,1,1,0,0,0,0,0,0,0,0,0,0,0,0,0,0,0,0,0,0,0,0,0,0
cassandra,cassandra/tools/nodetool/SetGetInterDCStreamThroughput,SetGetInterDCStreamThroughput,,C:/Users/ismak/Documents/GitHub/relation_test_code_smell_ML/dataset/projects/cassandra/test/unit/org/apache/cassandra/tools/nodetool/SetGetInterDCStreamThroughputTest.java,0,0,1,3,0,0,0,0,0,0,1,1,1,0,0,0,0,0,0,0,0,0,0,0,0,0,0,0,0,0,0,0,0,0,0
cassandra,cassandra/tools/nodetool/SetGetStreamThroughput,SetGetStreamThroughput,,C:/Users/ismak/Documents/GitHub/relation_test_code_smell_ML/dataset/projects/cassandra/test/unit/org/apache/cassandra/tools/nodetool/SetGetStreamThroughputTest.java,0,0,1,3,0,0,0,0,0,0,1,1,1,0,0,0,0,0,0,0,0,0,0,0,0,0,0,0,0,0,0,0,0,0,0
cassandra,cassandra/tools/nodetool/SetLoggingLevel,SetLoggingLevel,dataset/projects/cassandra/src/java/org/apache/cassandra/tools/nodetool/SetLoggingLevel.java,,1,1,0,0,0,1,0,0,0,0,0,0,0,0,0,0,0,0,0,0,0,0,0,0,0,0,0,0,0,0,0,0,0,0,0
cassandra,cassandra/tools/nodetool/Sjk,Sjk,dataset/projects/cassandra/src/java/org/apache/cassandra/tools/nodetool/Sjk.java,C:/Users/ismak/Documents/GitHub/relation_test_code_smell_ML/dataset/projects/cassandra/test/unit/org/apache/cassandra/tools/nodetool/SjkTest.java,1,7,1,3,1,4,0,1,0,1,1,1,1,0,0,0,0,0,0,0,0,0,0,0,0,0,0,0,0,0,0,0,0,0,0
cassandra,cassandra/tools/nodetool/Snapshot,Snapshot,dataset/projects/cassandra/src/java/org/apache/cassandra/tools/nodetool/Snapshot.java,C:/Users/ismak/Documents/GitHub/relation_test_code_smell_ML/dataset/projects/cassandra/test/unit/org/apache/cassandra/tools/nodetool/SnapshotTest.java,1,1,1,4,0,1,0,0,0,0,1,1,1,0,1,0,0,0,0,0,0,0,0,0,0,0,0,0,0,0,0,0,0,0,0
cassandra,cassandra/tools/nodetool/Status,Status,dataset/projects/cassandra/src/java/org/apache/cassandra/tools/nodetool/Status.java,C:/Users/ismak/Documents/GitHub/relation_test_code_smell_ML/dataset/projects/cassandra/test/unit/org/apache/cassandra/tools/nodetool/StatusTest.java,1,4,1,6,1,2,0,1,0,0,1,1,1,0,1,0,0,0,0,0,0,0,0,0,0,0,0,0,0,1,1,0,0,0,0
cassandra,cassandra/tools/nodetool/TableHistograms,TableHistograms,dataset/projects/cassandra/src/java/org/apache/cassandra/tools/nodetool/TableHistograms.java,C:/Users/ismak/Documents/GitHub/relation_test_code_smell_ML/dataset/projects/cassandra/test/unit/org/apache/cassandra/tools/nodetool/TableHistogramsTest.java,1,1,1,5,0,1,0,0,0,0,1,1,1,0,1,0,0,0,0,0,0,0,0,0,0,0,0,0,0,1,0,0,0,0,0
cassandra,cassandra/tools/nodetool/TableStats,TableStats,dataset/projects/cassandra/src/java/org/apache/cassandra/tools/nodetool/TableStats.java,C:/Users/ismak/Documents/GitHub/relation_test_code_smell_ML/dataset/projects/cassandra/test/unit/org/apache/cassandra/tools/nodetool/TableStatsTest.java,1,1,1,6,0,1,0,0,0,0,1,1,1,0,1,1,0,0,0,0,0,0,0,0,0,0,0,0,0,1,0,0,0,0,0
cassandra,cassandra/tools/nodetool/TpStats,TpStats,,C:/Users/ismak/Documents/GitHub/relation_test_code_smell_ML/dataset/projects/cassandra/test/unit/org/apache/cassandra/tools/nodetool/TpStatsTest.java,0,0,1,6,0,0,0,0,0,0,1,1,1,0,1,0,0,0,0,1,0,0,0,0,0,0,0,0,0,1,0,0,0,0,0
cassandra,cassandra/tools/nodetool/TrainCompressionDictionary,TrainCompressionDictionary,,C:/Users/ismak/Documents/GitHub/relation_test_code_smell_ML/dataset/projects/cassandra/test/unit/org/apache/cassandra/tools/nodetool/TrainCompressionDictionaryTest.java,0,0,1,4,0,0,0,0,0,0,1,1,1,0,1,0,0,0,0,0,0,0,0,0,0,0,0,0,0,0,0,0,0,0,0
cassandra,cassandra/tools/nodetool/UninitializedServer,UninitializedServer,,C:/Users/ismak/Documents/GitHub/relation_test_code_smell_ML/dataset/projects/cassandra/test/unit/org/apache/cassandra/tools/nodetool/UninitializedServerTest.java,0,0,1,4,0,0,0,0,0,0,1,1,1,0,1,0,0,0,0,0,0,0,0,0,0,0,0,0,0,0,0,0,0,0,0
cassandra,cassandra/tools/nodetool/UpdateCIDRGroup,UpdateCIDRGroup,,C:/Users/ismak/Documents/GitHub/relation_test_code_smell_ML/dataset/projects/cassandra/test/unit/org/apache/cassandra/tools/nodetool/UpdateCIDRGroupTest.java,0,0,1,5,0,0,0,0,0,0,1,1,1,0,1,0,0,0,0,0,0,0,0,0,0,0,0,0,0,1,0,0,0,0,0
cassandra,cassandra/tools/nodetool/UpgradeSSTable,UpgradeSSTable,dataset/projects/cassandra/src/java/org/apache/cassandra/tools/nodetool/UpgradeSSTable.java,,1,1,0,0,0,1,0,0,0,0,0,0,0,0,0,0,0,0,0,0,0,0,0,0,0,0,0,0,0,0,0,0,0,0,0
cassandra,cassandra/tools/nodetool/Verify,Verify,dataset/projects/cassandra/src/java/org/apache/cassandra/tools/nodetool/Verify.java,C:/Users/ismak/Documents/GitHub/relation_test_code_smell_ML/dataset/projects/cassandra/test/unit/org/apache/cassandra/tools/nodetool/VerifyTest.java,1,1,1,6,0,1,0,0,0,0,1,1,1,0,0,1,0,0,0,1,0,1,0,0,0,0,0,0,0,0,0,0,0,0,0
cassandra,cassandra/tools/nodetool/Version,Version,,C:/Users/ismak/Documents/GitHub/relation_test_code_smell_ML/dataset/projects/cassandra/test/unit/org/apache/cassandra/tools/nodetool/VersionTest.java,0,0,1,5,0,0,0,0,0,0,1,1,1,0,1,0,0,0,0,0,0,0,0,0,0,0,0,0,0,1,0,0,0,0,0
cassandra,cassandra/transport/messages/AuthenticateMessage,AuthenticateMessage,,C:/Users/ismak/Documents/GitHub/relation_test_code_smell_ML/dataset/projects/cassandra/test/unit/org/apache/cassandra/transport/messages/AuthenticateMessageTest.java,0,0,1,4,0,0,0,0,0,0,1,1,1,0,0,0,0,0,0,0,0,0,0,0,1,0,0,0,0,0,0,0,0,0,0
cassandra,cassandra/transport/messages/BatchMessage,BatchMessage,dataset/projects/cassandra/src/java/org/apache/cassandra/transport/messages/BatchMessage.java,,1,1,0,0,0,1,0,0,0,0,0,0,0,0,0,0,0,0,0,0,0,0,0,0,0,0,0,0,0,0,0,0,0,0,0
cassandra,cassandra/transport/messages/ErrorMessage,ErrorMessage,dataset/projects/cassandra/src/java/org/apache/cassandra/transport/messages/ErrorMessage.java,,1,6,0,0,1,5,0,0,0,0,0,0,0,0,0,0,0,0,0,0,0,0,0,0,0,0,0,0,0,0,0,0,0,0,0
cassandra,cassandra/transport/messages/ExecuteMessage,ExecuteMessage,dataset/projects/cassandra/src/java/org/apache/cassandra/transport/messages/ExecuteMessage.java,,1,1,0,0,0,1,0,0,0,0,0,0,0,0,0,0,0,0,0,0,0,0,0,0,0,0,0,0,0,0,0,0,0,0,0
cassandra,cassandra/transport/messages/PrepareMessage,PrepareMessage,,C:/Users/ismak/Documents/GitHub/relation_test_code_smell_ML/dataset/projects/cassandra/test/unit/org/apache/cassandra/transport/messages/PrepareMessageTest.java,0,0,1,4,0,0,0,0,0,0,1,1,1,0,0,0,0,0,0,0,0,0,0,0,1,0,0,0,0,0,0,0,0,0,0
cassandra,cassandra/transport/messages/StartupMessage,StartupMessage,dataset/projects/cassandra/src/java/org/apache/cassandra/transport/messages/StartupMessage.java,,1,1,0,0,0,1,0,0,0,0,0,0,0,0,0,0,0,0,0,0,0,0,0,0,0,0,0,0,0,0,0,0,0,0,0
cassandra,cassandra/utils/binlog/BinLog,BinLog,dataset/projects/cassandra/src/java/org/apache/cassandra/utils/binlog/BinLog.java,C:/Users/ismak/Documents/GitHub/relation_test_code_smell_ML/dataset/projects/cassandra/test/unit/org/apache/cassandra/utils/binlog/BinLogTest.java,1,2,1,11,0,1,0,0,0,1,1,1,1,0,1,1,0,0,0,1,1,0,1,0,0,0,1,0,0,1,0,0,0,1,0
cassandra,cassandra/utils/binlog/DeletingArchiver,DeletingArchiver,,C:/Users/ismak/Documents/GitHub/relation_test_code_smell_ML/dataset/projects/cassandra/test/unit/org/apache/cassandra/utils/binlog/DeletingArchiverTest.java,0,0,1,10,0,0,0,0,0,0,1,1,1,0,1,1,0,0,0,1,0,1,0,0,0,0,0,0,0,1,0,0,1,1,0
cassandra,cassandra/utils/binlog/ExternalArchiver,ExternalArchiver,,C:/Users/ismak/Documents/GitHub/relation_test_code_smell_ML/dataset/projects/cassandra/test/unit/org/apache/cassandra/utils/binlog/ExternalArchiverTest.java,0,0,1,11,0,0,0,0,0,0,1,1,1,0,1,1,0,0,0,1,0,1,0,0,0,0,1,0,0,1,0,0,1,1,0
cassandra,cassandra/utils/btree/AbstractBTreeMap,AbstractBTreeMap,dataset/projects/cassandra/src/java/org/apache/cassandra/utils/btree/AbstractBTreeMap.java,,1,1,0,0,0,0,0,0,0,1,0,0,0,0,0,0,0,0,0,0,0,0,0,0,0,0,0,0,0,0,0,0,0,0,0
cassandra,cassandra/utils/btree/BTree,BTree,dataset/projects/cassandra/src/java/org/apache/cassandra/utils/btree/BTree.java,C:/Users/ismak/Documents/GitHub/relation_test_code_smell_ML/dataset/projects/cassandra/test/unit/org/apache/cassandra/utils/btree/BTreeTest.java,1,23,1,9,1,14,0,2,0,6,1,1,1,0,1,1,0,0,0,0,0,0,1,0,0,0,0,0,0,1,1,0,0,1,0
cassandra,cassandra/utils/btree/BTreeBiMap,BTreeBiMap,,C:/Users/ismak/Documents/GitHub/relation_test_code_smell_ML/dataset/projects/cassandra/test/unit/org/apache/cassandra/utils/btree/BTreeBiMapTest.java,0,0,1,8,0,0,0,0,0,0,1,1,1,0,1,1,0,0,0,1,0,0,0,0,0,0,0,0,0,1,0,0,0,1,0
cassandra,cassandra/utils/btree/BTreeBiMapGuava,BTreeBiMapGuava,,C:/Users/ismak/Documents/GitHub/relation_test_code_smell_ML/dataset/projects/cassandra/test/unit/org/apache/cassandra/utils/btree/BTreeBiMapGuavaTest.java,0,0,1,3,0,0,0,0,0,0,1,1,1,0,0,0,0,0,0,0,0,0,0,0,0,0,0,0,0,0,0,0,0,0,0
cassandra,cassandra/utils/btree/BTreeMap,BTreeMap,dataset/projects/cassandra/src/java/org/apache/cassandra/utils/btree/BTreeMap.java,C:/Users/ismak/Documents/GitHub/relation_test_code_smell_ML/dataset/projects/cassandra/test/unit/org/apache/cassandra/utils/btree/BTreeMapTest.java,1,2,1,6,0,0,0,1,0,1,1,1,1,0,0,1,0,0,0,1,0,0,1,0,0,0,0,0,0,0,0,0,0,0,0
cassandra,cassandra/utils/btree/BTreeMapGuava,BTreeMapGuava,,C:/Users/ismak/Documents/GitHub/relation_test_code_smell_ML/dataset/projects/cassandra/test/unit/org/apache/cassandra/utils/btree/BTreeMapGuavaTest.java,0,0,1,4,0,0,0,0,0,0,1,1,1,0,0,0,0,0,0,0,0,0,0,0,0,0,0,0,0,0,1,0,0,0,0
cassandra,cassandra/utils/btree/BTreeMultimap,BTreeMultimap,dataset/projects/cassandra/src/java/org/apache/cassandra/utils/btree/BTreeMultimap.java,C:/Users/ismak/Documents/GitHub/relation_test_code_smell_ML/dataset/projects/cassandra/test/unit/org/apache/cassandra/utils/btree/BTreeMultimapTest.java,1,2,1,6,0,0,0,1,0,1,1,1,1,0,1,1,0,0,0,0,0,0,0,0,0,0,0,0,0,0,0,0,0,1,0
cassandra,cassandra/utils/btree/BTreePrinter,BTreePrinter,dataset/projects/cassandra/src/java/org/apache/cassandra/utils/btree/BTreePrinter.java,,1,1,0,0,0,1,0,0,0,0,0,0,0,0,0,0,0,0,0,0,0,0,0,0,0,0,0,0,0,0,0,0,0,0,0
cassandra,cassandra/utils/btree/BTreeRemoval,BTreeRemoval,dataset/projects/cassandra/src/java/org/apache/cassandra/utils/btree/BTreeRemoval.java,C:/Users/ismak/Documents/GitHub/relation_test_code_smell_ML/dataset/projects/cassandra/test/unit/org/apache/cassandra/utils/btree/BTreeRemovalTest.java,1,4,1,6,0,2,0,1,0,1,1,1,1,0,1,1,0,0,0,0,0,0,0,0,0,0,0,0,0,1,0,0,0,0,0
cassandra,cassandra/utils/btree/BTreeSearchIterator,BTreeSearchIterator,,C:/Users/ismak/Documents/GitHub/relation_test_code_smell_ML/dataset/projects/cassandra/test/unit/org/apache/cassandra/utils/btree/BTreeSearchIteratorTest.java,0,0,1,5,0,0,0,0,0,0,1,1,1,0,1,0,0,0,0,0,0,0,0,0,0,0,0,0,0,1,0,0,0,0,0
cassandra,cassandra/utils/btree/BTreeSet,BTreeSet,dataset/projects/cassandra/src/java/org/apache/cassandra/utils/btree/BTreeSet.java,,1,6,0,0,1,1,0,1,0,3,0,0,0,0,0,0,0,0,0,0,0,0,0,0,0,0,0,0,0,0,0,0,0,0,0
cassandra,cassandra/utils/btree/BTreeSetGuava,BTreeSetGuava,,C:/Users/ismak/Documents/GitHub/relation_test_code_smell_ML/dataset/projects/cassandra/test/unit/org/apache/cassandra/utils/btree/BTreeSetGuavaTest.java,0,0,1,4,0,0,0,0,0,0,1,1,1,0,0,0,0,0,0,0,0,0,0,0,0,0,0,0,0,0,1,0,0,0,0
cassandra,cassandra/utils/btree/FullBTreeSearchIterator,FullBTreeSearchIterator,dataset/projects/cassandra/src/java/org/apache/cassandra/utils/btree/FullBTreeSearchIterator.java,,1,1,0,0,0,0,0,0,0,1,0,0,0,0,0,0,0,0,0,0,0,0,0,0,0,0,0,0,0,0,0,0,0,0,0
cassandra,cassandra/utils/btree/IntervalBTree,IntervalBTree,dataset/projects/cassandra/src/java/org/apache/cassandra/utils/btree/IntervalBTree.java,C:/Users/ismak/Documents/GitHub/relation_test_code_smell_ML/dataset/projects/cassandra/test/unit/org/apache/cassandra/utils/btree/IntervalBTreeTest.java,1,4,1,8,1,3,0,0,0,0,1,1,1,0,1,1,0,0,0,1,0,0,1,0,0,0,0,0,0,0,1,0,0,0,0
cassandra,cassandra/utils/btree/NodeCursor,NodeCursor,dataset/projects/cassandra/src/java/org/apache/cassandra/utils/btree/NodeCursor.java,,1,1,0,0,0,0,0,0,0,1,0,0,0,0,0,0,0,0,0,0,0,0,0,0,0,0,0,0,0,0,0,0,0,0,0
cassandra,cassandra/utils/btree/TreeCursor,TreeCursor,dataset/projects/cassandra/src/java/org/apache/cassandra/utils/btree/TreeCursor.java,,1,1,0,0,0,1,0,0,0,0,0,0,0,0,0,0,0,0,0,0,0,0,0,0,0,0,0,0,0,0,0,0,0,0,0
cassandra,cassandra/utils/bytecomparable/AbstractTypeByteSource,AbstractTypeByteSource,,C:/Users/ismak/Documents/GitHub/relation_test_code_smell_ML/dataset/projects/cassandra/test/unit/org/apache/cassandra/utils/bytecomparable/AbstractTypeByteSourceTest.java,0,0,1,10,0,0,0,0,0,0,1,1,1,0,1,1,1,0,0,1,0,0,0,0,0,0,0,0,0,0,1,1,0,1,0
cassandra,cassandra/utils/bytecomparable/ByteComparable,ByteComparable,dataset/projects/cassandra/src/java/org/apache/cassandra/utils/bytecomparable/ByteComparable.java,,1,1,0,0,0,0,0,0,0,1,0,0,0,0,0,0,0,0,0,0,0,0,0,0,0,0,0,0,0,0,0,0,0,0,0
cassandra,cassandra/utils/bytecomparable/ByteSource,ByteSource,dataset/projects/cassandra/src/java/org/apache/cassandra/utils/bytecomparable/ByteSource.java,,1,1,0,0,0,0,0,0,0,1,0,0,0,0,0,0,0,0,0,0,0,0,0,0,0,0,0,0,0,0,0,0,0,0,0
cassandra,cassandra/utils/bytecomparable/ByteSourceComparison,ByteSourceComparison,,C:/Users/ismak/Documents/GitHub/relation_test_code_smell_ML/dataset/projects/cassandra/test/unit/org/apache/cassandra/utils/bytecomparable/ByteSourceComparisonTest.java,0,0,1,10,0,0,0,0,0,0,1,1,1,0,1,1,0,0,0,1,0,0,0,0,0,0,0,0,0,1,1,1,0,1,0
cassandra,cassandra/utils/bytecomparable/ByteSourceConversion,ByteSourceConversion,,C:/Users/ismak/Documents/GitHub/relation_test_code_smell_ML/dataset/projects/cassandra/test/unit/org/apache/cassandra/utils/bytecomparable/ByteSourceConversionTest.java,0,0,1,7,0,0,0,0,0,0,1,1,1,0,0,1,0,0,0,1,0,0,0,0,0,0,0,0,0,0,1,1,0,0,0
cassandra,cassandra/utils/bytecomparable/ByteSourceInverse,ByteSourceInverse,dataset/projects/cassandra/src/java/org/apache/cassandra/utils/bytecomparable/ByteSourceInverse.java,C:/Users/ismak/Documents/GitHub/relation_test_code_smell_ML/dataset/projects/cassandra/test/unit/org/apache/cassandra/utils/bytecomparable/ByteSourceInverseTest.java,1,1,1,9,0,0,0,0,0,1,1,1,1,0,1,1,1,0,0,1,0,0,0,0,0,0,0,0,0,1,0,0,0,1,0
cassandra,cassandra/utils/bytecomparable/ByteSourceSequence,ByteSourceSequence,,C:/Users/ismak/Documents/GitHub/relation_test_code_smell_ML/dataset/projects/cassandra/test/unit/org/apache/cassandra/utils/bytecomparable/ByteSourceSequenceTest.java,0,0,1,9,0,0,0,0,0,0,1,1,1,0,1,1,1,0,0,0,0,0,0,0,0,0,0,0,0,1,1,1,0,0,0
cassandra,cassandra/utils/bytecomparable/DecoratedKeyByteSource,DecoratedKeyByteSource,,C:/Users/ismak/Documents/GitHub/relation_test_code_smell_ML/dataset/projects/cassandra/test/unit/org/apache/cassandra/utils/bytecomparable/DecoratedKeyByteSourceTest.java,0,0,1,6,0,0,0,0,0,0,1,1,1,0,1,1,1,0,0,0,0,0,0,0,0,0,0,0,0,0,0,0,0,0,0
cassandra,cassandra/utils/concurrent/AbstractFuture,AbstractFuture,dataset/projects/cassandra/src/java/org/apache/cassandra/utils/concurrent/AbstractFuture.java,,1,2,0,0,1,0,0,0,0,1,0,0,0,0,0,0,0,0,0,0,0,0,0,0,0,0,0,0,0,0,0,0,0,0,0
cassandra,cassandra/utils/concurrent/AbstractTransactional,AbstractTransactional,,C:/Users/ismak/Documents/GitHub/relation_test_code_smell_ML/dataset/projects/cassandra/test/unit/org/apache/cassandra/utils/concurrent/AbstractTransactionalTest.java,0,0,1,10,0,0,0,0,0,0,1,1,1,0,1,1,0,0,0,1,0,0,0,1,0,0,0,0,0,1,0,1,0,1,0
cassandra,cassandra/utils/concurrent/Accumulator,Accumulator,dataset/projects/cassandra/src/java/org/apache/cassandra/utils/concurrent/Accumulator.java,C:/Users/ismak/Documents/GitHub/relation_test_code_smell_ML/dataset/projects/cassandra/test/unit/org/apache/cassandra/utils/concurrent/AccumulatorTest.java,1,1,1,7,0,1,0,0,0,0,1,1,1,0,1,0,0,0,0,1,0,0,0,0,0,0,0,0,0,1,0,0,0,1,0
cassandra,cassandra/utils/concurrent/AsyncPromise,AsyncPromise,dataset/projects/cassandra/src/java/org/apache/cassandra/utils/concurrent/AsyncPromise.java,C:/Users/ismak/Documents/GitHub/relation_test_code_smell_ML/dataset/projects/cassandra/test/unit/org/apache/cassandra/utils/concurrent/AsyncPromiseTest.java,1,1,1,5,0,0,0,0,0,1,1,1,1,0,0,1,0,0,0,0,0,0,0,0,0,0,0,0,0,0,0,0,0,1,0
cassandra,cassandra/utils/concurrent/BlockingQueues,BlockingQueues,dataset/projects/cassandra/src/java/org/apache/cassandra/utils/concurrent/BlockingQueues.java,,1,1,0,0,0,0,0,0,0,1,0,0,0,0,0,0,0,0,0,0,0,0,0,0,0,0,0,0,0,0,0,0,0,0,0
cassandra,cassandra/utils/concurrent/Condition,Condition,,C:/Users/ismak/Documents/GitHub/relation_test_code_smell_ML/dataset/projects/cassandra/test/unit/org/apache/cassandra/utils/concurrent/ConditionTest.java,0,0,1,5,0,0,0,0,0,0,1,1,1,0,0,0,0,0,0,0,0,0,0,0,0,0,0,0,0,0,1,1,0,0,0
cassandra,cassandra/utils/concurrent/CountDownLatch,CountDownLatch,,C:/Users/ismak/Documents/GitHub/relation_test_code_smell_ML/dataset/projects/cassandra/test/unit/org/apache/cassandra/utils/concurrent/CountDownLatchTest.java,0,0,1,5,0,0,0,0,0,0,1,1,1,0,0,0,0,0,0,0,0,0,0,0,0,0,0,0,0,0,1,1,0,0,0
cassandra,cassandra/utils/concurrent/Future,Future,dataset/projects/cassandra/src/java/org/apache/cassandra/utils/concurrent/Future.java,,1,1,0,0,0,0,0,0,0,1,0,0,0,0,0,0,0,0,0,0,0,0,0,0,0,0,0,0,0,0,0,0,0,0,0
cassandra,cassandra/utils/concurrent/ImmediateFuture,ImmediateFuture,,C:/Users/ismak/Documents/GitHub/relation_test_code_smell_ML/dataset/projects/cassandra/test/unit/org/apache/cassandra/utils/concurrent/ImmediateFutureTest.java,0,0,1,7,0,0,0,0,0,0,1,1,1,0,1,0,0,0,0,1,0,0,0,0,0,0,0,0,0,0,1,1,0,0,0
cassandra,cassandra/utils/concurrent/IntrusiveStack,IntrusiveStack,dataset/projects/cassandra/src/java/org/apache/cassandra/utils/concurrent/IntrusiveStack.java,,1,2,0,0,1,0,0,0,0,1,0,0,0,0,0,0,0,0,0,0,0,0,0,0,0,0,0,0,0,0,0,0,0,0,0
cassandra,cassandra/utils/concurrent/ListenerList,ListenerList,dataset/projects/cassandra/src/java/org/apache/cassandra/utils/concurrent/ListenerList.java,,1,2,0,0,1,0,0,0,0,1,0,0,0,0,0,0,0,0,0,0,0,0,0,0,0,0,0,0,0,0,0,0,0,0,0
cassandra,cassandra/utils/concurrent/LoadingMap,LoadingMap,,C:/Users/ismak/Documents/GitHub/relation_test_code_smell_ML/dataset/projects/cassandra/test/unit/org/apache/cassandra/utils/concurrent/LoadingMapTest.java,0,0,1,10,0,0,0,0,0,0,1,1,1,0,1,1,0,0,0,1,1,0,0,1,0,0,0,0,0,1,0,0,0,1,0
cassandra,cassandra/utils/concurrent/LockWithAsyncSignal,LockWithAsyncSignal,dataset/projects/cassandra/src/java/org/apache/cassandra/utils/concurrent/LockWithAsyncSignal.java,C:/Users/ismak/Documents/GitHub/relation_test_code_smell_ML/dataset/projects/cassandra/test/unit/org/apache/cassandra/utils/concurrent/LockWithAsyncSignalTest.java,1,1,1,6,0,0,0,0,0,1,1,1,1,0,0,1,0,0,0,0,0,0,0,0,0,0,0,0,0,0,1,1,0,0,0
cassandra,cassandra/utils/concurrent/NonBlockingRateLimiter,NonBlockingRateLimiter,,C:/Users/ismak/Documents/GitHub/relation_test_code_smell_ML/dataset/projects/cassandra/test/unit/org/apache/cassandra/utils/concurrent/NonBlockingRateLimiterTest.java,0,0,1,6,0,0,0,0,0,0,1,1,1,0,1,0,0,0,0,0,0,0,0,0,0,0,0,0,0,1,0,0,0,1,0
cassandra,cassandra/utils/concurrent/Promise,Promise,dataset/projects/cassandra/src/java/org/apache/cassandra/utils/concurrent/Promise.java,,1,1,0,0,0,0,0,0,0,1,0,0,0,0,0,0,0,0,0,0,0,0,0,0,0,0,0,0,0,0,0,0,0,0,0
cassandra,cassandra/utils/concurrent/Ref,Ref,dataset/projects/cassandra/src/java/org/apache/cassandra/utils/concurrent/Ref.java,,1,6,0,0,1,3,0,1,0,1,0,0,0,0,0,0,0,0,0,0,0,0,0,0,0,0,0,0,0,0,0,0,0,0,0
cassandra,cassandra/utils/concurrent/RefCounted,RefCounted,,C:/Users/ismak/Documents/GitHub/relation_test_code_smell_ML/dataset/projects/cassandra/test/unit/org/apache/cassandra/utils/concurrent/RefCountedTest.java,0,0,1,14,0,0,0,0,0,0,1,1,1,0,1,1,0,0,0,1,0,1,1,1,0,0,1,0,0,1,1,1,1,0,0
cassandra,cassandra/utils/concurrent/Refs,Refs,dataset/projects/cassandra/src/java/org/apache/cassandra/utils/concurrent/Refs.java,,1,1,0,0,0,0,0,0,0,1,0,0,0,0,0,0,0,0,0,0,0,0,0,0,0,0,0,0,0,0,0,0,0,0,0
cassandra,cassandra/utils/concurrent/Semaphore,Semaphore,,C:/Users/ismak/Documents/GitHub/relation_test_code_smell_ML/dataset/projects/cassandra/test/unit/org/apache/cassandra/utils/concurrent/SemaphoreTest.java,0,0,1,7,0,0,0,0,0,0,1,1,1,0,1,1,0,0,0,1,0,0,0,0,0,0,0,0,0,0,0,0,0,1,0
cassandra,cassandra/utils/concurrent/SignalLock,SignalLock,dataset/projects/cassandra/src/java/org/apache/cassandra/utils/concurrent/SignalLock.java,,1,4,0,0,0,3,0,0,0,1,0,0,0,0,0,0,0,0,0,0,0,0,0,0,0,0,0,0,0,0,0,0,0,0,0
cassandra,cassandra/utils/concurrent/SyncPromise,SyncPromise,dataset/projects/cassandra/src/java/org/apache/cassandra/utils/concurrent/SyncPromise.java,,1,1,0,0,0,0,0,0,0,1,0,0,0,0,0,0,0,0,0,0,0,0,0,0,0,0,0,0,0,0,0,0,0,0,0
cassandra,cassandra/utils/concurrent/Transactional,Transactional,dataset/projects/cassandra/src/java/org/apache/cassandra/utils/concurrent/Transactional.java,,1,1,0,0,0,0,0,0,0,1,0,0,0,0,0,0,0,0,0,0,0,0,0,0,0,0,0,0,0,0,0,0,0,0,0
cassandra,cassandra/utils/concurrent/WeightedQueue,WeightedQueue,dataset/projects/cassandra/src/java/org/apache/cassandra/utils/concurrent/WeightedQueue.java,C:/Users/ismak/Documents/GitHub/relation_test_code_smell_ML/dataset/projects/cassandra/test/unit/org/apache/cassandra/utils/concurrent/WeightedQueueTest.java,1,1,1,10,0,0,0,0,0,1,1,1,1,0,1,1,0,0,0,1,1,0,0,0,0,0,1,0,0,1,0,0,0,1,0
cassandra,cassandra/utils/jmx/DuplicateJMXConfiguration,DuplicateJMXConfiguration,,C:/Users/ismak/Documents/GitHub/relation_test_code_smell_ML/dataset/projects/cassandra/test/unit/org/apache/cassandra/utils/jmx/DuplicateJMXConfigurationTest.java,0,0,1,3,0,0,0,0,0,0,1,1,1,0,0,0,0,0,0,0,0,0,0,0,0,0,0,0,0,0,0,0,0,0,0
cassandra,cassandra/utils/jmx/JMXSslConfig,JMXSslConfig,,C:/Users/ismak/Documents/GitHub/relation_test_code_smell_ML/dataset/projects/cassandra/test/unit/org/apache/cassandra/utils/jmx/JMXSslConfigTest.java,0,0,1,4,0,0,0,0,0,0,1,1,1,0,0,0,0,0,0,1,0,0,0,0,0,0,0,0,0,0,0,0,0,0,0
cassandra,cassandra/utils/jmx/JMXSslConfiguredWithYamlFileOptions,JMXSslConfiguredWithYamlFileOptions,,C:/Users/ismak/Documents/GitHub/relation_test_code_smell_ML/dataset/projects/cassandra/test/unit/org/apache/cassandra/utils/jmx/JMXSslConfiguredWithYamlFileOptionsTest.java,0,0,1,4,0,0,0,0,0,0,1,1,1,0,0,0,0,0,0,1,0,0,0,0,0,0,0,0,0,0,0,0,0,0,0
cassandra,cassandra/utils/jmx/JMXSslConfiguredWithYamlFileOptionsAndPasswordFile,JMXSslConfiguredWithYamlFileOptionsAndPasswordFile,,C:/Users/ismak/Documents/GitHub/relation_test_code_smell_ML/dataset/projects/cassandra/test/unit/org/apache/cassandra/utils/jmx/JMXSslConfiguredWithYamlFileOptionsAndPasswordFileTest.java,0,0,1,4,0,0,0,0,0,0,1,1,1,0,0,0,0,0,0,1,0,0,0,0,0,0,0,0,0,0,0,0,0,0,0
cassandra,cassandra/utils/jmx/JMXSslDisabledEncryptionOptions,JMXSslDisabledEncryptionOptions,,C:/Users/ismak/Documents/GitHub/relation_test_code_smell_ML/dataset/projects/cassandra/test/unit/org/apache/cassandra/utils/jmx/JMXSslDisabledEncryptionOptionsTest.java,0,0,1,5,0,0,0,0,0,0,1,1,1,0,0,0,0,0,0,1,0,0,0,0,0,0,0,0,0,1,0,0,0,0,0
cassandra,cassandra/utils/jmx/JMXSslPEMConfig,JMXSslPEMConfig,,C:/Users/ismak/Documents/GitHub/relation_test_code_smell_ML/dataset/projects/cassandra/test/unit/org/apache/cassandra/utils/jmx/JMXSslPEMConfigTest.java,0,0,1,4,0,0,0,0,0,0,1,1,1,0,0,0,0,0,0,1,0,0,0,0,0,0,0,0,0,0,0,0,0,0,0
cassandra,cassandra/utils/memory/BigEndianMemoryUtil,BigEndianMemoryUtil,,C:/Users/ismak/Documents/GitHub/relation_test_code_smell_ML/dataset/projects/cassandra/test/unit/org/apache/cassandra/utils/memory/BigEndianMemoryUtilTest.java,0,0,1,6,0,0,0,0,0,0,1,1,1,0,1,0,0,0,0,0,0,0,0,0,0,0,0,0,0,1,0,0,0,1,0
cassandra,cassandra/utils/memory/BufferPool,BufferPool,dataset/projects/cassandra/src/java/org/apache/cassandra/utils/memory/BufferPool.java,C:/Users/ismak/Documents/GitHub/relation_test_code_smell_ML/dataset/projects/cassandra/test/unit/org/apache/cassandra/utils/memory/BufferPoolTest.java,1,8,1,10,1,2,0,2,0,3,1,1,1,0,1,1,0,0,0,1,1,0,0,0,0,0,0,0,0,1,1,0,0,1,0
cassandra,cassandra/utils/memory/ByteBufferCloner,ByteBufferCloner,dataset/projects/cassandra/src/java/org/apache/cassandra/utils/memory/ByteBufferCloner.java,,1,1,0,0,0,0,0,0,0,1,0,0,0,0,0,0,0,0,0,0,0,0,0,0,0,0,0,0,0,0,0,0,0,0,0
cassandra,cassandra/utils/memory/ContextCloner,ContextCloner,,C:/Users/ismak/Documents/GitHub/relation_test_code_smell_ML/dataset/projects/cassandra/test/unit/org/apache/cassandra/utils/memory/ContextClonerTest.java,0,0,1,6,0,0,0,0,0,0,1,1,1,0,1,1,0,0,0,0,0,0,0,0,0,0,0,0,0,0,1,0,0,0,0
cassandra,cassandra/utils/memory/LittleEndianMemoryUtil,LittleEndianMemoryUtil,,C:/Users/ismak/Documents/GitHub/relation_test_code_smell_ML/dataset/projects/cassandra/test/unit/org/apache/cassandra/utils/memory/LittleEndianMemoryUtilTest.java,0,0,1,6,0,0,0,0,0,0,1,1,1,0,1,0,0,0,0,0,0,0,0,0,0,0,0,0,0,1,0,0,0,1,0
cassandra,cassandra/utils/memory/LongBufferPool,LongBufferPool,,C:/Users/ismak/Documents/GitHub/relation_test_code_smell_ML/dataset/projects/cassandra/test/burn/org/apache/cassandra/utils/memory/LongBufferPoolTest.java,0,0,1,8,0,0,0,0,0,0,1,1,1,0,0,1,0,0,0,1,0,0,0,0,0,0,0,0,0,0,1,1,0,1,0
cassandra,cassandra/utils/memory/MemoryUtil,MemoryUtil,dataset/projects/cassandra/src/java/org/apache/cassandra/utils/memory/MemoryUtil.java,C:/Users/ismak/Documents/GitHub/relation_test_code_smell_ML/dataset/projects/cassandra/test/unit/org/apache/cassandra/utils/memory/MemoryUtilTest.java,1,1,1,4,0,0,0,0,0,1,1,1,1,0,0,0,0,0,0,0,0,0,0,0,0,0,0,0,0,0,1,0,0,0,0
cassandra,cassandra/utils/memory/MemtableAllocator,MemtableAllocator,dataset/projects/cassandra/src/java/org/apache/cassandra/utils/memory/MemtableAllocator.java,,1,1,0,0,0,0,0,0,0,1,0,0,0,0,0,0,0,0,0,0,0,0,0,0,0,0,0,0,0,0,0,0,0,0,0
cassandra,cassandra/utils/memory/MemtableCleanerThread,MemtableCleanerThread,,C:/Users/ismak/Documents/GitHub/relation_test_code_smell_ML/dataset/projects/cassandra/test/unit/org/apache/cassandra/utils/memory/MemtableCleanerThreadTest.java,0,0,1,7,0,0,0,0,0,0,1,1,1,0,1,0,0,0,0,1,0,0,0,0,0,0,0,0,0,1,0,0,0,1,0
cassandra,cassandra/utils/memory/MemtablePool,MemtablePool,dataset/projects/cassandra/src/java/org/apache/cassandra/utils/memory/MemtablePool.java,,1,1,0,0,0,0,0,0,0,1,0,0,0,0,0,0,0,0,0,0,0,0,0,0,0,0,0,0,0,0,0,0,0,0,0
cassandra,cassandra/utils/memory/NativeAllocator,NativeAllocator,,C:/Users/ismak/Documents/GitHub/relation_test_code_smell_ML/dataset/projects/cassandra/test/unit/org/apache/cassandra/utils/memory/NativeAllocatorTest.java,0,0,1,8,0,0,0,0,0,0,1,1,1,0,1,0,0,0,0,1,1,0,0,0,0,0,0,0,0,1,0,0,0,1,0
cassandra,cassandra/utils/memory/NativeEndianMemoryUtil,NativeEndianMemoryUtil,,C:/Users/ismak/Documents/GitHub/relation_test_code_smell_ML/dataset/projects/cassandra/test/unit/org/apache/cassandra/utils/memory/NativeEndianMemoryUtilTest.java,0,0,1,6,0,0,0,0,0,0,1,1,1,0,1,0,0,0,0,0,0,0,0,0,0,0,0,0,0,1,0,0,0,1,0
cassandra,cassandra/utils/obs/BitUtil,BitUtil,dataset/projects/cassandra/src/java/org/apache/cassandra/utils/obs/BitUtil.java,,1,1,0,0,0,0,0,0,0,1,0,0,0,0,0,0,0,0,0,0,0,0,0,0,0,0,0,0,0,0,0,0,0,0,0
cassandra,cassandra/utils/obs/OffHeapBitSet,OffHeapBitSet,dataset/projects/cassandra/src/java/org/apache/cassandra/utils/obs/OffHeapBitSet.java,C:/Users/ismak/Documents/GitHub/relation_test_code_smell_ML/dataset/projects/cassandra/test/unit/org/apache/cassandra/utils/obs/OffHeapBitSetTest.java,1,1,1,9,0,0,0,0,0,1,1,1,1,0,1,1,0,0,0,1,0,0,0,0,0,0,0,0,0,1,1,1,0,0,0
cassandra,cassandra/utils/streamhist/StreamingTombstoneHistogramBuilder,StreamingTombstoneHistogramBuilder,,C:/Users/ismak/Documents/GitHub/relation_test_code_smell_ML/dataset/projects/cassandra/test/unit/org/apache/cassandra/utils/streamhist/StreamingTombstoneHistogramBuilderTest.java,0,0,1,10,0,0,0,0,0,0,1,1,1,0,1,1,0,0,0,1,0,0,0,0,0,0,0,0,0,1,1,1,0,1,0
cassandra,cassandra/utils/vint/VIntCoding,VIntCoding,dataset/projects/cassandra/src/java/org/apache/cassandra/utils/vint/VIntCoding.java,C:/Users/ismak/Documents/GitHub/relation_test_code_smell_ML/dataset/projects/cassandra/test/unit/org/apache/cassandra/utils/vint/VIntCodingTest.java,1,3,1,9,1,1,0,0,0,1,1,1,1,0,1,1,0,0,0,1,0,0,0,0,0,0,0,0,0,0,1,1,0,1,0
cassandra,cql/types/multicell/FrozenTuple,FrozenTuple,,C:/Users/ismak/Documents/GitHub/relation_test_code_smell_ML/dataset/projects/cassandra/test/unit/org/apache/cassandra/index/sai/cql/types/multicell/FrozenTupleTest.java,0,0,1,3,0,0,0,0,0,0,1,1,1,0,0,0,0,0,0,0,0,0,0,0,0,0,0,0,0,0,0,0,0,0,0
cassandra,cql/types/multicell/FrozenTupleCollection,FrozenTupleCollection,,C:/Users/ismak/Documents/GitHub/relation_test_code_smell_ML/dataset/projects/cassandra/test/unit/org/apache/cassandra/index/sai/cql/types/multicell/FrozenTupleCollectionTest.java,0,0,1,3,0,0,0,0,0,0,1,1,1,0,0,0,0,0,0,0,0,0,0,0,0,0,0,0,0,0,0,0,0,0,0
cassandra,cql/types/multicell/FrozenTupleTuple,FrozenTupleTuple,,C:/Users/ismak/Documents/GitHub/relation_test_code_smell_ML/dataset/projects/cassandra/test/unit/org/apache/cassandra/index/sai/cql/types/multicell/FrozenTupleTupleTest.java,0,0,1,3,0,0,0,0,0,0,1,1,1,0,0,0,0,0,0,0,0,0,0,0,0,0,0,0,0,0,0,0,0,0,0
cassandra,cql/types/multicell/FrozenUDT,FrozenUDT,,C:/Users/ismak/Documents/GitHub/relation_test_code_smell_ML/dataset/projects/cassandra/test/unit/org/apache/cassandra/index/sai/cql/types/multicell/FrozenUDTTest.java,0,0,1,3,0,0,0,0,0,0,1,1,1,0,0,0,0,0,0,0,0,0,0,0,0,0,0,0,0,0,0,0,0,0,0
cassandra,cql/types/multicell/FrozenUDTCollection,FrozenUDTCollection,,C:/Users/ismak/Documents/GitHub/relation_test_code_smell_ML/dataset/projects/cassandra/test/unit/org/apache/cassandra/index/sai/cql/types/multicell/FrozenUDTCollectionTest.java,0,0,1,3,0,0,0,0,0,0,1,1,1,0,0,0,0,0,0,0,0,0,0,0,0,0,0,0,0,0,0,0,0,0,0
cassandra,cql/types/multicell/Tuple,Tuple,,C:/Users/ismak/Documents/GitHub/relation_test_code_smell_ML/dataset/projects/cassandra/test/unit/org/apache/cassandra/index/sai/cql/types/multicell/TupleTest.java,0,0,1,3,0,0,0,0,0,0,1,1,1,0,0,0,0,0,0,0,0,0,0,0,0,0,0,0,0,0,0,0,0,0,0
cassandra,cql3/functions/masking/ColumnMask,ColumnMask,dataset/projects/cassandra/src/java/org/apache/cassandra/cql3/functions/masking/ColumnMask.java,C:/Users/ismak/Documents/GitHub/relation_test_code_smell_ML/dataset/projects/cassandra/test/unit/org/apache/cassandra/cql3/functions/masking/ColumnMaskTest.java,1,2,1,5,1,1,0,0,0,0,1,1,1,0,0,0,0,0,0,1,0,0,0,1,0,0,0,0,0,0,0,0,0,0,0
cassandra,cql3/functions/masking/ColumnMaskInAnyPositionWithDefault,ColumnMaskInAnyPositionWithDefault,,C:/Users/ismak/Documents/GitHub/relation_test_code_smell_ML/dataset/projects/cassandra/test/unit/org/apache/cassandra/cql3/functions/masking/ColumnMaskInAnyPositionWithDefaultTest.java,0,0,1,3,0,0,0,0,0,0,1,1,1,0,0,0,0,0,0,0,0,0,0,0,0,0,0,0,0,0,0,0,0,0,0
cassandra,cql3/functions/masking/ColumnMaskInAnyPositionWithNull,ColumnMaskInAnyPositionWithNull,,C:/Users/ismak/Documents/GitHub/relation_test_code_smell_ML/dataset/projects/cassandra/test/unit/org/apache/cassandra/cql3/functions/masking/ColumnMaskInAnyPositionWithNullTest.java,0,0,1,3,0,0,0,0,0,0,1,1,1,0,0,0,0,0,0,0,0,0,0,0,0,0,0,0,0,0,0,0,0,0,0
cassandra,cql3/functions/masking/ColumnMaskInAnyPositionWithPartial,ColumnMaskInAnyPositionWithPartial,,C:/Users/ismak/Documents/GitHub/relation_test_code_smell_ML/dataset/projects/cassandra/test/unit/org/apache/cassandra/cql3/functions/masking/ColumnMaskInAnyPositionWithPartialTest.java,0,0,1,3,0,0,0,0,0,0,1,1,1,0,0,0,0,0,0,0,0,0,0,0,0,0,0,0,0,0,0,0,0,0,0
cassandra,cql3/functions/masking/ColumnMaskInAnyPositionWithReplace,ColumnMaskInAnyPositionWithReplace,,C:/Users/ismak/Documents/GitHub/relation_test_code_smell_ML/dataset/projects/cassandra/test/unit/org/apache/cassandra/cql3/functions/masking/ColumnMaskInAnyPositionWithReplaceTest.java,0,0,1,3,0,0,0,0,0,0,1,1,1,0,0,0,0,0,0,0,0,0,0,0,0,0,0,0,0,0,0,0,0,0,0
cassandra,cql3/functions/masking/ColumnMaskInAnyPositionWithUDF,ColumnMaskInAnyPositionWithUDF,,C:/Users/ismak/Documents/GitHub/relation_test_code_smell_ML/dataset/projects/cassandra/test/unit/org/apache/cassandra/cql3/functions/masking/ColumnMaskInAnyPositionWithUDFTest.java,0,0,1,3,0,0,0,0,0,0,1,1,1,0,0,0,0,0,0,0,0,0,0,0,0,0,0,0,0,0,0,0,0,0,0
cassandra,cql3/functions/masking/ColumnMaskNativeTypes,ColumnMaskNativeTypes,,C:/Users/ismak/Documents/GitHub/relation_test_code_smell_ML/dataset/projects/cassandra/test/unit/org/apache/cassandra/cql3/functions/masking/ColumnMaskNativeTypesTest.java,0,0,1,5,0,0,0,0,0,0,1,1,1,0,0,1,0,0,0,1,0,0,0,0,0,0,0,0,0,0,0,0,0,0,0
cassandra,cql3/functions/masking/ColumnMaskQueryWithDefault,ColumnMaskQueryWithDefault,,C:/Users/ismak/Documents/GitHub/relation_test_code_smell_ML/dataset/projects/cassandra/test/unit/org/apache/cassandra/cql3/functions/masking/ColumnMaskQueryWithDefaultTest.java,0,0,1,3,0,0,0,0,0,0,1,1,1,0,0,0,0,0,0,0,0,0,0,0,0,0,0,0,0,0,0,0,0,0,0
cassandra,cql3/functions/masking/ColumnMaskQueryWithNull,ColumnMaskQueryWithNull,,C:/Users/ismak/Documents/GitHub/relation_test_code_smell_ML/dataset/projects/cassandra/test/unit/org/apache/cassandra/cql3/functions/masking/ColumnMaskQueryWithNullTest.java,0,0,1,3,0,0,0,0,0,0,1,1,1,0,0,0,0,0,0,0,0,0,0,0,0,0,0,0,0,0,0,0,0,0,0
cassandra,cql3/functions/masking/ColumnMaskQueryWithPartial,ColumnMaskQueryWithPartial,,C:/Users/ismak/Documents/GitHub/relation_test_code_smell_ML/dataset/projects/cassandra/test/unit/org/apache/cassandra/cql3/functions/masking/ColumnMaskQueryWithPartialTest.java,0,0,1,3,0,0,0,0,0,0,1,1,1,0,0,0,0,0,0,0,0,0,0,0,0,0,0,0,0,0,0,0,0,0,0
cassandra,cql3/functions/masking/ColumnMaskQueryWithReplace,ColumnMaskQueryWithReplace,,C:/Users/ismak/Documents/GitHub/relation_test_code_smell_ML/dataset/projects/cassandra/test/unit/org/apache/cassandra/cql3/functions/masking/ColumnMaskQueryWithReplaceTest.java,0,0,1,3,0,0,0,0,0,0,1,1,1,0,0,0,0,0,0,0,0,0,0,0,0,0,0,0,0,0,0,0,0,0,0
cassandra,cql3/functions/masking/ColumnMaskQueryWithUDF,ColumnMaskQueryWithUDF,,C:/Users/ismak/Documents/GitHub/relation_test_code_smell_ML/dataset/projects/cassandra/test/unit/org/apache/cassandra/cql3/functions/masking/ColumnMaskQueryWithUDFTest.java,0,0,1,3,0,0,0,0,0,0,1,1,1,0,0,0,0,0,0,0,0,0,0,0,0,0,0,0,0,0,0,0,0,0,0
cassandra,cql3/functions/masking/ColumnMaskWithTypeAlteringFunction,ColumnMaskWithTypeAlteringFunction,,C:/Users/ismak/Documents/GitHub/relation_test_code_smell_ML/dataset/projects/cassandra/test/unit/org/apache/cassandra/cql3/functions/masking/ColumnMaskWithTypeAlteringFunctionTest.java,0,0,1,7,0,0,0,0,0,0,1,1,1,0,0,1,0,0,0,0,1,0,0,0,0,0,0,0,0,0,1,1,0,0,0
cassandra,cql3/functions/masking/ColumnMaskWithUDF,ColumnMaskWithUDF,,C:/Users/ismak/Documents/GitHub/relation_test_code_smell_ML/dataset/projects/cassandra/test/unit/org/apache/cassandra/cql3/functions/masking/ColumnMaskWithUDFTest.java,0,0,1,4,0,0,0,0,0,0,1,1,1,0,0,0,0,0,0,1,0,0,0,0,0,0,0,0,0,0,0,0,0,0,0
cassandra,cql3/functions/masking/DefaultMaskingFunction,DefaultMaskingFunction,,C:/Users/ismak/Documents/GitHub/relation_test_code_smell_ML/dataset/projects/cassandra/test/unit/org/apache/cassandra/cql3/functions/masking/DefaultMaskingFunctionTest.java,0,0,1,4,0,0,0,0,0,0,1,1,1,0,0,0,0,0,0,0,0,0,0,0,0,0,0,0,0,0,0,1,0,0,0
cassandra,cql3/functions/masking/HashMaskingFunction,HashMaskingFunction,,C:/Users/ismak/Documents/GitHub/relation_test_code_smell_ML/dataset/projects/cassandra/test/unit/org/apache/cassandra/cql3/functions/masking/HashMaskingFunctionTest.java,0,0,1,4,0,0,0,0,0,0,1,1,1,0,0,0,0,0,0,0,0,0,0,0,0,0,0,0,0,0,0,1,0,0,0
cassandra,cql3/functions/masking/NullMaskingFunction,NullMaskingFunction,,C:/Users/ismak/Documents/GitHub/relation_test_code_smell_ML/dataset/projects/cassandra/test/unit/org/apache/cassandra/cql3/functions/masking/NullMaskingFunctionTest.java,0,0,1,4,0,0,0,0,0,0,1,1,1,0,0,0,0,0,0,0,0,0,0,0,0,0,0,0,0,0,0,1,0,0,0
cassandra,cql3/functions/masking/PartialMaskingFunction,PartialMaskingFunction,,C:/Users/ismak/Documents/GitHub/relation_test_code_smell_ML/dataset/projects/cassandra/test/unit/org/apache/cassandra/cql3/functions/masking/PartialMaskingFunctionTest.java,0,0,1,5,0,0,0,0,0,0,1,1,1,0,0,0,0,0,0,0,0,0,0,0,0,0,0,0,0,0,1,1,0,0,0
cassandra,cql3/functions/masking/ReplaceMaskingFunction,ReplaceMaskingFunction,,C:/Users/ismak/Documents/GitHub/relation_test_code_smell_ML/dataset/projects/cassandra/test/unit/org/apache/cassandra/cql3/functions/masking/ReplaceMaskingFunctionTest.java,0,0,1,5,0,0,0,0,0,0,1,1,1,0,0,0,0,0,0,1,0,0,0,0,0,0,0,0,0,0,0,1,0,0,0
cassandra,cql3/functions/masking/SelectMaskedPermission,SelectMaskedPermission,,C:/Users/ismak/Documents/GitHub/relation_test_code_smell_ML/dataset/projects/cassandra/test/unit/org/apache/cassandra/cql3/functions/masking/SelectMaskedPermissionTest.java,0,0,1,6,0,0,0,0,0,0,1,1,1,0,0,0,0,0,0,1,0,0,0,0,0,0,0,0,0,0,1,1,0,0,0
cassandra,cql3/functions/masking/UnmaskPermission,UnmaskPermission,,C:/Users/ismak/Documents/GitHub/relation_test_code_smell_ML/dataset/projects/cassandra/test/unit/org/apache/cassandra/cql3/functions/masking/UnmaskPermissionTest.java,0,0,1,4,0,0,0,0,0,0,1,1,1,0,0,0,0,0,0,1,0,0,0,0,0,0,0,0,0,0,0,0,0,0,0
cassandra,cql3/functions/types/AbstractAddressableByIndexData,AbstractAddressableByIndexData,dataset/projects/cassandra/src/java/org/apache/cassandra/cql3/functions/types/AbstractAddressableByIndexData.java,,1,3,0,0,1,0,0,1,0,1,0,0,0,0,0,0,0,0,0,0,0,0,0,0,0,0,0,0,0,0,0,0,0,0,0
cassandra,cql3/functions/types/AbstractData,AbstractData,dataset/projects/cassandra/src/java/org/apache/cassandra/cql3/functions/types/AbstractData.java,,1,4,0,0,1,1,0,1,0,1,0,0,0,0,0,0,0,0,0,0,0,0,0,0,0,0,0,0,0,0,0,0,0,0,0
cassandra,cql3/functions/types/AbstractGettableByIndexData,AbstractGettableByIndexData,dataset/projects/cassandra/src/java/org/apache/cassandra/cql3/functions/types/AbstractGettableByIndexData.java,,1,2,0,0,1,0,0,0,0,1,0,0,0,0,0,0,0,0,0,0,0,0,0,0,0,0,0,0,0,0,0,0,0,0,0
cassandra,cql3/functions/types/AbstractGettableData,AbstractGettableData,dataset/projects/cassandra/src/java/org/apache/cassandra/cql3/functions/types/AbstractGettableData.java,,1,1,0,0,1,0,0,0,0,0,0,0,0,0,0,0,0,0,0,0,0,0,0,0,0,0,0,0,0,0,0,0,0,0,0
cassandra,cql3/functions/types/CodecRegistry,CodecRegistry,dataset/projects/cassandra/src/java/org/apache/cassandra/cql3/functions/types/CodecRegistry.java,,1,10,0,0,1,7,0,1,0,1,0,0,0,0,0,0,0,0,0,0,0,0,0,0,0,0,0,0,0,0,0,0,0,0,0
cassandra,cql3/functions/types/CodecUtils,CodecUtils,dataset/projects/cassandra/src/java/org/apache/cassandra/cql3/functions/types/CodecUtils.java,,1,3,0,0,0,2,0,0,0,1,0,0,0,0,0,0,0,0,0,0,0,0,0,0,0,0,0,0,0,0,0,0,0,0,0
cassandra,cql3/functions/types/DataType,DataType,dataset/projects/cassandra/src/java/org/apache/cassandra/cql3/functions/types/DataType.java,,1,1,0,0,0,0,0,0,0,1,0,0,0,0,0,0,0,0,0,0,0,0,0,0,0,0,0,0,0,0,0,0,0,0,0
cassandra,cql3/functions/types/DataTypeClassNameParser,DataTypeClassNameParser,dataset/projects/cassandra/src/java/org/apache/cassandra/cql3/functions/types/DataTypeClassNameParser.java,,1,3,0,0,0,2,0,0,0,1,0,0,0,0,0,0,0,0,0,0,0,0,0,0,0,0,0,0,0,0,0,0,0,0,0
cassandra,cql3/functions/types/Duration,Duration,dataset/projects/cassandra/src/java/org/apache/cassandra/cql3/functions/types/Duration.java,,1,5,0,0,0,3,0,0,0,2,0,0,0,0,0,0,0,0,0,0,0,0,0,0,0,0,0,0,0,0,0,0,0,0,0
cassandra,cql3/functions/types/Metadata,Metadata,dataset/projects/cassandra/src/java/org/apache/cassandra/cql3/functions/types/Metadata.java,,1,1,0,0,0,1,0,0,0,0,0,0,0,0,0,0,0,0,0,0,0,0,0,0,0,0,0,0,0,0,0,0,0,0,0
cassandra,cql3/functions/types/ParseUtils,ParseUtils,dataset/projects/cassandra/src/java/org/apache/cassandra/cql3/functions/types/ParseUtils.java,,1,7,0,0,0,5,0,1,0,1,0,0,0,0,0,0,0,0,0,0,0,0,0,0,0,0,0,0,0,0,0,0,0,0,0
cassandra,cql3/functions/types/TypeCodec,TypeCodec,dataset/projects/cassandra/src/java/org/apache/cassandra/cql3/functions/types/TypeCodec.java,,1,10,0,0,1,8,0,0,0,1,0,0,0,0,0,0,0,0,0,0,0,0,0,0,0,0,0,0,0,0,0,0,0,0,0
cassandra,cql3/functions/types/UserType,UserType,dataset/projects/cassandra/src/java/org/apache/cassandra/cql3/functions/types/UserType.java,,1,1,0,0,0,0,0,0,0,1,0,0,0,0,0,0,0,0,0,0,0,0,0,0,0,0,0,0,0,0,0,0,0,0,0
cassandra,cql3/statements/schema/AlterKeyspaceStatement,AlterKeyspaceStatement,dataset/projects/cassandra/src/java/org/apache/cassandra/cql3/statements/schema/AlterKeyspaceStatement.java,,1,2,0,0,0,2,0,0,0,0,0,0,0,0,0,0,0,0,0,0,0,0,0,0,0,0,0,0,0,0,0,0,0,0,0
cassandra,cql3/statements/schema/AlterSchemaStatement,AlterSchemaStatement,dataset/projects/cassandra/src/java/org/apache/cassandra/cql3/statements/schema/AlterSchemaStatement.java,,1,2,0,0,0,1,0,0,0,1,0,0,0,0,0,0,0,0,0,0,0,0,0,0,0,0,0,0,0,0,0,0,0,0,0
cassandra,cql3/statements/schema/AlterTableStatement,AlterTableStatement,dataset/projects/cassandra/src/java/org/apache/cassandra/cql3/statements/schema/AlterTableStatement.java,,1,9,0,0,1,7,0,0,0,1,0,0,0,0,0,0,0,0,0,0,0,0,0,0,0,0,0,0,0,0,0,0,0,0,0
cassandra,cql3/statements/schema/AlterTypeStatement,AlterTypeStatement,dataset/projects/cassandra/src/java/org/apache/cassandra/cql3/statements/schema/AlterTypeStatement.java,,1,1,0,0,0,1,0,0,0,0,0,0,0,0,0,0,0,0,0,0,0,0,0,0,0,0,0,0,0,0,0,0,0,0,0
cassandra,cql3/statements/schema/CopyTableStatement,CopyTableStatement,dataset/projects/cassandra/src/java/org/apache/cassandra/cql3/statements/schema/CopyTableStatement.java,,1,2,0,0,1,1,0,0,0,0,0,0,0,0,0,0,0,0,0,0,0,0,0,0,0,0,0,0,0,0,0,0,0,0,0
cassandra,cql3/statements/schema/CreateAggregateStatement,CreateAggregateStatement,dataset/projects/cassandra/src/java/org/apache/cassandra/cql3/statements/schema/CreateAggregateStatement.java,,1,1,0,0,0,1,0,0,0,0,0,0,0,0,0,0,0,0,0,0,0,0,0,0,0,0,0,0,0,0,0,0,0,0,0
cassandra,cql3/statements/schema/CreateFunctionStatement,CreateFunctionStatement,dataset/projects/cassandra/src/java/org/apache/cassandra/cql3/statements/schema/CreateFunctionStatement.java,,1,1,0,0,0,1,0,0,0,0,0,0,0,0,0,0,0,0,0,0,0,0,0,0,0,0,0,0,0,0,0,0,0,0,0
cassandra,cql3/statements/schema/CreateIndexStatement,CreateIndexStatement,dataset/projects/cassandra/src/java/org/apache/cassandra/cql3/statements/schema/CreateIndexStatement.java,,1,7,0,0,1,4,0,1,0,1,0,0,0,0,0,0,0,0,0,0,0,0,0,0,0,0,0,0,0,0,0,0,0,0,0
cassandra,cql3/statements/schema/CreateKeyspaceStatement,CreateKeyspaceStatement,dataset/projects/cassandra/src/java/org/apache/cassandra/cql3/statements/schema/CreateKeyspaceStatement.java,,1,1,0,0,0,1,0,0,0,0,0,0,0,0,0,0,0,0,0,0,0,0,0,0,0,0,0,0,0,0,0,0,0,0,0
cassandra,cql3/statements/schema/CreateTableStatement,CreateTableStatement,dataset/projects/cassandra/src/java/org/apache/cassandra/cql3/statements/schema/CreateTableStatement.java,,1,7,0,0,1,3,1,1,0,1,0,0,0,0,0,0,0,0,0,0,0,0,0,0,0,0,0,0,0,0,0,0,0,0,0
cassandra,cql3/statements/schema/CreateTriggerStatement,CreateTriggerStatement,dataset/projects/cassandra/src/java/org/apache/cassandra/cql3/statements/schema/CreateTriggerStatement.java,,1,1,0,0,0,1,0,0,0,0,0,0,0,0,0,0,0,0,0,0,0,0,0,0,0,0,0,0,0,0,0,0,0,0,0
cassandra,cql3/statements/schema/CreateTypeStatement,CreateTypeStatement,dataset/projects/cassandra/src/java/org/apache/cassandra/cql3/statements/schema/CreateTypeStatement.java,,1,1,0,0,0,1,0,0,0,0,0,0,0,0,0,0,0,0,0,0,0,0,0,0,0,0,0,0,0,0,0,0,0,0,0
cassandra,cql3/statements/schema/CreateViewStatement,CreateViewStatement,dataset/projects/cassandra/src/java/org/apache/cassandra/cql3/statements/schema/CreateViewStatement.java,,1,3,0,0,1,1,0,1,0,0,0,0,0,0,0,0,0,0,0,0,0,0,0,0,0,0,0,0,0,0,0,0,0,0,0
cassandra,cql3/statements/schema/DropAggregateStatement,DropAggregateStatement,dataset/projects/cassandra/src/java/org/apache/cassandra/cql3/statements/schema/DropAggregateStatement.java,,1,1,0,0,0,1,0,0,0,0,0,0,0,0,0,0,0,0,0,0,0,0,0,0,0,0,0,0,0,0,0,0,0,0,0
cassandra,cql3/statements/schema/DropFunctionStatement,DropFunctionStatement,dataset/projects/cassandra/src/java/org/apache/cassandra/cql3/statements/schema/DropFunctionStatement.java,,1,1,0,0,0,1,0,0,0,0,0,0,0,0,0,0,0,0,0,0,0,0,0,0,0,0,0,0,0,0,0,0,0,0,0
cassandra,cql3/statements/schema/DropTableStatement,DropTableStatement,dataset/projects/cassandra/src/java/org/apache/cassandra/cql3/statements/schema/DropTableStatement.java,,1,1,0,0,0,1,0,0,0,0,0,0,0,0,0,0,0,0,0,0,0,0,0,0,0,0,0,0,0,0,0,0,0,0,0
cassandra,cql3/statements/schema/DropTypeStatement,DropTypeStatement,dataset/projects/cassandra/src/java/org/apache/cassandra/cql3/statements/schema/DropTypeStatement.java,,1,1,0,0,0,1,0,0,0,0,0,0,0,0,0,0,0,0,0,0,0,0,0,0,0,0,0,0,0,0,0,0,0,0,0
cassandra,cql3/statements/schema/IndexAttributes,IndexAttributes,dataset/projects/cassandra/src/java/org/apache/cassandra/cql3/statements/schema/IndexAttributes.java,,1,1,0,0,0,1,0,0,0,0,0,0,0,0,0,0,0,0,0,0,0,0,0,0,0,0,0,0,0,0,0,0,0,0,0
cassandra,cql3/statements/schema/TableAttributes,TableAttributes,dataset/projects/cassandra/src/java/org/apache/cassandra/cql3/statements/schema/TableAttributes.java,,1,1,0,0,0,1,0,0,0,0,0,0,0,0,0,0,0,0,0,0,0,0,0,0,0,0,0,0,0,0,0,0,0,0,0
cassandra,cql3/validation/entities/Collections,Collections,,C:/Users/ismak/Documents/GitHub/relation_test_code_smell_ML/dataset/projects/cassandra/test/unit/org/apache/cassandra/cql3/validation/entities/CollectionsTest.java,0,0,1,12,0,0,0,0,0,0,1,1,1,0,1,1,0,0,0,1,0,0,1,1,1,0,0,0,0,1,1,0,0,1,0
cassandra,cql3/validation/entities/Counters,Counters,,C:/Users/ismak/Documents/GitHub/relation_test_code_smell_ML/dataset/projects/cassandra/test/unit/org/apache/cassandra/cql3/validation/entities/CountersTest.java,0,0,1,5,0,0,0,0,0,0,1,1,1,0,0,1,0,0,0,1,0,0,0,0,0,0,0,0,0,0,0,0,0,0,0
cassandra,cql3/validation/entities/DateType,DateType,,C:/Users/ismak/Documents/GitHub/relation_test_code_smell_ML/dataset/projects/cassandra/test/unit/org/apache/cassandra/cql3/validation/entities/DateTypeTest.java,0,0,1,4,0,0,0,0,0,0,1,1,1,0,0,0,0,0,0,1,0,0,0,0,0,0,0,0,0,0,0,0,0,0,0
cassandra,cql3/validation/entities/FrozenCollections,FrozenCollections,,C:/Users/ismak/Documents/GitHub/relation_test_code_smell_ML/dataset/projects/cassandra/test/unit/org/apache/cassandra/cql3/validation/entities/FrozenCollectionsTest.java,0,0,1,10,0,0,0,0,0,0,1,1,1,0,1,0,0,0,0,1,0,0,0,1,1,0,0,0,0,1,1,1,0,0,0
cassandra,cql3/validation/entities/Json,Json,,C:/Users/ismak/Documents/GitHub/relation_test_code_smell_ML/dataset/projects/cassandra/test/unit/org/apache/cassandra/cql3/validation/entities/JsonTest.java,0,0,1,7,0,0,0,0,0,0,1,1,1,0,0,1,0,0,0,1,0,0,1,0,0,1,0,0,0,0,0,0,0,0,0
cassandra,cql3/validation/entities/SecondaryIndex,SecondaryIndex,,C:/Users/ismak/Documents/GitHub/relation_test_code_smell_ML/dataset/projects/cassandra/test/unit/org/apache/cassandra/cql3/validation/entities/SecondaryIndexTest.java,0,0,1,12,0,0,0,0,0,0,1,1,1,0,1,1,0,0,0,1,0,0,0,1,0,0,1,0,0,1,1,1,0,1,0
cassandra,cql3/validation/entities/SecondaryIndexOnMapEntries,SecondaryIndexOnMapEntries,,C:/Users/ismak/Documents/GitHub/relation_test_code_smell_ML/dataset/projects/cassandra/test/unit/org/apache/cassandra/cql3/validation/entities/SecondaryIndexOnMapEntriesTest.java,0,0,1,4,0,0,0,0,0,0,1,1,1,0,0,0,0,0,0,1,0,0,0,0,0,0,0,0,0,0,0,0,0,0,0
cassandra,cql3/validation/entities/SecondaryIndexOnStaticColumn,SecondaryIndexOnStaticColumn,,C:/Users/ismak/Documents/GitHub/relation_test_code_smell_ML/dataset/projects/cassandra/test/unit/org/apache/cassandra/cql3/validation/entities/SecondaryIndexOnStaticColumnTest.java,0,0,1,4,0,0,0,0,0,0,1,1,1,0,0,0,0,0,0,1,0,0,0,0,0,0,0,0,0,0,0,0,0,0,0
cassandra,cql3/validation/entities/StaticColumns,StaticColumns,,C:/Users/ismak/Documents/GitHub/relation_test_code_smell_ML/dataset/projects/cassandra/test/unit/org/apache/cassandra/cql3/validation/entities/StaticColumnsTest.java,0,0,1,11,0,0,0,0,0,0,1,1,1,0,1,1,0,0,0,1,0,0,0,1,0,0,1,0,0,1,1,1,0,0,0
cassandra,cql3/validation/entities/Timestamp,Timestamp,,C:/Users/ismak/Documents/GitHub/relation_test_code_smell_ML/dataset/projects/cassandra/test/unit/org/apache/cassandra/cql3/validation/entities/TimestampTest.java,0,0,1,11,0,0,0,0,0,0,1,1,1,0,1,1,0,0,0,1,0,0,0,0,0,0,1,0,0,1,1,1,0,1,0
cassandra,cql3/validation/entities/Timeuuid,Timeuuid,,C:/Users/ismak/Documents/GitHub/relation_test_code_smell_ML/dataset/projects/cassandra/test/unit/org/apache/cassandra/cql3/validation/entities/TimeuuidTest.java,0,0,1,7,0,0,0,0,0,0,1,1,1,0,0,1,0,0,0,1,0,0,0,0,0,0,0,0,0,0,1,0,0,1,0
cassandra,cql3/validation/entities/TupleType,TupleType,,C:/Users/ismak/Documents/GitHub/relation_test_code_smell_ML/dataset/projects/cassandra/test/unit/org/apache/cassandra/cql3/validation/entities/TupleTypeTest.java,0,0,1,6,0,0,0,0,0,0,1,1,1,0,0,1,0,0,0,1,0,0,0,0,0,0,0,0,0,0,1,0,0,0,0
cassandra,cql3/validation/entities/Type,Type,,C:/Users/ismak/Documents/GitHub/relation_test_code_smell_ML/dataset/projects/cassandra/test/unit/org/apache/cassandra/cql3/validation/entities/TypeTest.java,0,0,1,5,0,0,0,0,0,0,1,1,1,0,0,0,0,0,0,1,0,0,0,0,0,0,0,0,0,0,0,0,0,1,0
cassandra,cql3/validation/entities/UF,UF,,C:/Users/ismak/Documents/GitHub/relation_test_code_smell_ML/dataset/projects/cassandra/test/unit/org/apache/cassandra/cql3/validation/entities/UFTest.java,0,0,1,10,0,0,0,0,0,0,1,1,1,0,1,1,0,0,0,1,0,0,0,0,1,0,0,0,0,1,1,0,0,1,0
cassandra,cql3/validation/entities/UFAuth,UFAuth,,C:/Users/ismak/Documents/GitHub/relation_test_code_smell_ML/dataset/projects/cassandra/test/unit/org/apache/cassandra/cql3/validation/entities/UFAuthTest.java,0,0,1,6,0,0,0,0,0,0,1,1,1,0,0,1,0,0,0,1,0,0,0,0,0,0,0,0,0,0,1,0,0,0,0
cassandra,cql3/validation/entities/UFIdentification,UFIdentification,,C:/Users/ismak/Documents/GitHub/relation_test_code_smell_ML/dataset/projects/cassandra/test/unit/org/apache/cassandra/cql3/validation/entities/UFIdentificationTest.java,0,0,1,6,0,0,0,0,0,0,1,1,1,0,0,0,0,0,0,1,1,0,0,0,0,0,0,0,0,0,0,1,0,0,0
cassandra,cql3/validation/entities/UFJava,UFJava,,C:/Users/ismak/Documents/GitHub/relation_test_code_smell_ML/dataset/projects/cassandra/test/unit/org/apache/cassandra/cql3/validation/entities/UFJavaTest.java,0,0,1,9,0,0,0,0,0,0,1,1,1,0,1,1,0,0,0,1,0,0,0,0,0,0,0,0,0,1,1,0,0,1,0
cassandra,cql3/validation/entities/UFSecurity,UFSecurity,,C:/Users/ismak/Documents/GitHub/relation_test_code_smell_ML/dataset/projects/cassandra/test/unit/org/apache/cassandra/cql3/validation/entities/UFSecurityTest.java,0,0,1,6,0,0,0,0,0,0,1,1,1,0,1,1,0,0,0,1,0,0,0,0,0,0,0,0,0,0,0,0,0,0,0
cassandra,cql3/validation/entities/UFTypes,UFTypes,,C:/Users/ismak/Documents/GitHub/relation_test_code_smell_ML/dataset/projects/cassandra/test/unit/org/apache/cassandra/cql3/validation/entities/UFTypesTest.java,0,0,1,7,0,0,0,0,0,0,1,1,1,0,1,1,0,0,0,1,0,0,0,0,1,0,0,0,0,0,0,0,0,0,0
cassandra,cql3/validation/entities/UFVerifier,UFVerifier,,C:/Users/ismak/Documents/GitHub/relation_test_code_smell_ML/dataset/projects/cassandra/test/unit/org/apache/cassandra/cql3/validation/entities/UFVerifierTest.java,0,0,1,5,0,0,0,0,0,0,1,1,1,0,0,0,0,0,0,1,0,0,0,0,0,0,0,0,0,0,1,0,0,0,0
cassandra,cql3/validation/entities/UserTypes,UserTypes,,C:/Users/ismak/Documents/GitHub/relation_test_code_smell_ML/dataset/projects/cassandra/test/unit/org/apache/cassandra/cql3/validation/entities/UserTypesTest.java,0,0,1,7,0,0,0,0,0,0,1,1,1,0,0,1,0,0,0,1,0,0,0,1,0,0,0,0,0,0,1,0,0,0,0
cassandra,cql3/validation/entities/Vectors,Vectors,,C:/Users/ismak/Documents/GitHub/relation_test_code_smell_ML/dataset/projects/cassandra/test/unit/org/apache/cassandra/cql3/validation/entities/VectorsTest.java,0,0,1,4,0,0,0,0,0,0,1,1,1,0,0,0,0,0,0,1,0,0,0,0,0,0,0,0,0,0,0,0,0,0,0
cassandra,cql3/validation/entities/VirtualTable,VirtualTable,,C:/Users/ismak/Documents/GitHub/relation_test_code_smell_ML/dataset/projects/cassandra/test/unit/org/apache/cassandra/cql3/validation/entities/VirtualTableTest.java,0,0,1,7,0,0,0,0,0,0,1,1,1,0,1,1,0,0,0,1,0,0,0,0,0,0,0,0,0,0,1,0,0,0,0
cassandra,cql3/validation/entities/WritetimeOrTTL,WritetimeOrTTL,,C:/Users/ismak/Documents/GitHub/relation_test_code_smell_ML/dataset/projects/cassandra/test/unit/org/apache/cassandra/cql3/validation/entities/WritetimeOrTTLTest.java,0,0,1,4,0,0,0,0,0,0,1,1,1,0,0,0,0,0,0,1,0,0,0,0,0,0,0,0,0,0,0,0,0,0,0
cassandra,cql3/validation/miscellaneous/CommentAndSecurityLabel,CommentAndSecurityLabel,,C:/Users/ismak/Documents/GitHub/relation_test_code_smell_ML/dataset/projects/cassandra/test/unit/org/apache/cassandra/cql3/validation/miscellaneous/CommentAndSecurityLabelTest.java,0,0,1,6,0,0,0,0,0,0,1,1,1,0,0,0,0,0,0,1,0,0,0,0,0,0,0,0,0,0,1,1,0,0,0
cassandra,cql3/validation/miscellaneous/CrcCheckChance,CrcCheckChance,,C:/Users/ismak/Documents/GitHub/relation_test_code_smell_ML/dataset/projects/cassandra/test/unit/org/apache/cassandra/cql3/validation/miscellaneous/CrcCheckChanceTest.java,0,0,1,8,0,0,0,0,0,0,1,1,1,0,0,1,0,0,0,1,0,0,0,0,0,0,0,0,0,1,1,0,0,1,0
cassandra,cql3/validation/miscellaneous/Overflow,Overflow,,C:/Users/ismak/Documents/GitHub/relation_test_code_smell_ML/dataset/projects/cassandra/test/unit/org/apache/cassandra/cql3/validation/miscellaneous/OverflowTest.java,0,0,1,8,0,0,0,0,0,0,1,1,1,0,1,0,0,0,0,1,0,0,0,0,0,0,0,0,0,1,1,0,0,1,0
cassandra,cql3/validation/miscellaneous/PgString,PgString,,C:/Users/ismak/Documents/GitHub/relation_test_code_smell_ML/dataset/projects/cassandra/test/unit/org/apache/cassandra/cql3/validation/miscellaneous/PgStringTest.java,0,0,1,5,0,0,0,0,0,0,1,1,1,0,0,0,0,0,0,1,0,0,0,0,0,0,0,0,0,0,1,0,0,0,0
cassandra,cql3/validation/miscellaneous/PreparedStatement,PreparedStatement,,C:/Users/ismak/Documents/GitHub/relation_test_code_smell_ML/dataset/projects/cassandra/test/unit/org/apache/cassandra/cql3/validation/miscellaneous/PreparedStatementTest.java,0,0,1,7,0,0,0,0,0,0,1,1,1,0,1,1,0,0,0,1,0,0,0,0,0,0,0,0,0,0,0,0,0,1,0
cassandra,cql3/validation/miscellaneous/RoleSyntax,RoleSyntax,,C:/Users/ismak/Documents/GitHub/relation_test_code_smell_ML/dataset/projects/cassandra/test/unit/org/apache/cassandra/cql3/validation/miscellaneous/RoleSyntaxTest.java,0,0,1,6,0,0,0,0,0,0,1,1,1,0,1,1,0,0,0,1,0,0,0,0,0,0,0,0,0,0,0,0,0,0,0
cassandra,cql3/validation/miscellaneous/SSTableMetadataTracking,SSTableMetadataTracking,,C:/Users/ismak/Documents/GitHub/relation_test_code_smell_ML/dataset/projects/cassandra/test/unit/org/apache/cassandra/cql3/validation/miscellaneous/SSTableMetadataTrackingTest.java,0,0,1,7,0,0,0,0,0,0,1,1,1,0,1,0,0,0,0,1,0,0,0,0,0,0,0,0,0,1,0,0,0,1,0
cassandra,cql3/validation/miscellaneous/SSTablesIterated,SSTablesIterated,,C:/Users/ismak/Documents/GitHub/relation_test_code_smell_ML/dataset/projects/cassandra/test/unit/org/apache/cassandra/cql3/validation/miscellaneous/SSTablesIteratedTest.java,0,0,1,9,0,0,0,0,0,0,1,1,1,0,1,1,0,0,0,1,0,0,0,0,0,0,0,0,0,0,1,1,0,1,0
cassandra,cql3/validation/miscellaneous/Tombstones,Tombstones,,C:/Users/ismak/Documents/GitHub/relation_test_code_smell_ML/dataset/projects/cassandra/test/unit/org/apache/cassandra/cql3/validation/miscellaneous/TombstonesTest.java,0,0,1,7,0,0,0,0,0,0,1,1,1,0,1,1,0,0,0,1,0,0,0,0,0,0,0,0,0,1,0,0,0,0,0
cassandra,cql3/validation/operations/Aggregation,Aggregation,,C:/Users/ismak/Documents/GitHub/relation_test_code_smell_ML/dataset/projects/cassandra/test/unit/org/apache/cassandra/cql3/validation/operations/AggregationTest.java,0,0,1,10,0,0,0,0,0,0,1,1,1,0,1,1,0,0,0,1,0,0,0,1,0,0,0,0,0,1,1,0,0,1,0
cassandra,cql3/validation/operations/Alter,Alter,,C:/Users/ismak/Documents/GitHub/relation_test_code_smell_ML/dataset/projects/cassandra/test/unit/org/apache/cassandra/cql3/validation/operations/AlterTest.java,0,0,1,11,0,0,0,0,0,0,1,1,1,0,1,1,0,0,0,1,0,0,0,0,1,0,0,0,0,1,1,1,0,1,0
cassandra,cql3/validation/operations/AlterNTS,AlterNTS,,C:/Users/ismak/Documents/GitHub/relation_test_code_smell_ML/dataset/projects/cassandra/test/unit/org/apache/cassandra/cql3/validation/operations/AlterNTSTest.java,0,0,1,7,0,0,0,0,0,0,1,1,1,0,1,0,0,0,0,1,0,0,0,0,0,0,0,0,0,1,0,0,0,1,0
cassandra,cql3/validation/operations/AutoSnapshot,AutoSnapshot,,C:/Users/ismak/Documents/GitHub/relation_test_code_smell_ML/dataset/projects/cassandra/test/unit/org/apache/cassandra/cql3/validation/operations/AutoSnapshotTest.java,0,0,1,5,0,0,0,0,0,0,1,1,1,0,1,0,0,0,0,1,0,0,0,0,0,0,0,0,0,0,0,0,0,0,0
cassandra,cql3/validation/operations/Batch,Batch,,C:/Users/ismak/Documents/GitHub/relation_test_code_smell_ML/dataset/projects/cassandra/test/unit/org/apache/cassandra/cql3/validation/operations/BatchTest.java,0,0,1,6,0,0,0,0,0,0,1,1,1,0,0,1,0,0,0,1,0,0,0,0,0,0,1,0,0,0,0,0,0,0,0
cassandra,cql3/validation/operations/CQLVector,CQLVector,,C:/Users/ismak/Documents/GitHub/relation_test_code_smell_ML/dataset/projects/cassandra/test/unit/org/apache/cassandra/cql3/validation/operations/CQLVectorTest.java,0,0,1,5,0,0,0,0,0,0,1,1,1,0,0,0,0,0,0,1,0,0,0,0,0,0,0,0,0,0,0,0,0,1,0
cassandra,cql3/validation/operations/CompactStorageSplit1,CompactStorageSplit1,,C:/Users/ismak/Documents/GitHub/relation_test_code_smell_ML/dataset/projects/cassandra/test/unit/org/apache/cassandra/cql3/validation/operations/CompactStorageSplit1Test.java,0,0,1,9,0,0,0,0,0,0,1,1,1,0,1,1,0,0,0,1,0,0,0,0,0,0,0,0,0,1,1,1,0,0,0
cassandra,cql3/validation/operations/CompactStorageSplit2,CompactStorageSplit2,,C:/Users/ismak/Documents/GitHub/relation_test_code_smell_ML/dataset/projects/cassandra/test/unit/org/apache/cassandra/cql3/validation/operations/CompactStorageSplit2Test.java,0,0,1,9,0,0,0,0,0,0,1,1,1,0,1,1,0,0,0,1,0,0,0,0,0,0,0,0,0,0,1,1,0,1,0
cassandra,cql3/validation/operations/CompactTable,CompactTable,,C:/Users/ismak/Documents/GitHub/relation_test_code_smell_ML/dataset/projects/cassandra/test/unit/org/apache/cassandra/cql3/validation/operations/CompactTableTest.java,0,0,1,5,0,0,0,0,0,0,1,1,1,0,1,0,0,0,0,1,0,0,0,0,0,0,0,0,0,0,0,0,0,0,0
cassandra,cql3/validation/operations/Create,Create,,C:/Users/ismak/Documents/GitHub/relation_test_code_smell_ML/dataset/projects/cassandra/test/unit/org/apache/cassandra/cql3/validation/operations/CreateTest.java,0,0,1,7,0,0,0,0,0,0,1,1,1,0,0,1,0,0,0,1,0,0,0,0,0,0,0,0,0,0,1,1,0,0,0
cassandra,cql3/validation/operations/Delete,Delete,,C:/Users/ismak/Documents/GitHub/relation_test_code_smell_ML/dataset/projects/cassandra/test/unit/org/apache/cassandra/cql3/validation/operations/DeleteTest.java,0,0,1,10,0,0,0,0,0,0,1,1,1,0,1,1,0,0,0,1,0,0,0,0,0,0,1,0,0,1,1,1,0,0,0
cassandra,cql3/validation/operations/Drop,Drop,,C:/Users/ismak/Documents/GitHub/relation_test_code_smell_ML/dataset/projects/cassandra/test/unit/org/apache/cassandra/cql3/validation/operations/DropTest.java,0,0,1,4,0,0,0,0,0,0,1,1,1,0,0,0,0,0,0,1,0,0,0,0,0,0,0,0,0,0,0,0,0,0,0
cassandra,cql3/validation/operations/DropRecreateAndRestore,DropRecreateAndRestore,,C:/Users/ismak/Documents/GitHub/relation_test_code_smell_ML/dataset/projects/cassandra/test/unit/org/apache/cassandra/cql3/validation/operations/DropRecreateAndRestoreTest.java,0,0,1,8,0,0,0,0,0,0,1,1,1,0,0,1,0,0,0,1,0,1,0,0,0,0,1,0,0,0,0,0,1,0,0
cassandra,cql3/validation/operations/Insert,Insert,,C:/Users/ismak/Documents/GitHub/relation_test_code_smell_ML/dataset/projects/cassandra/test/unit/org/apache/cassandra/cql3/validation/operations/InsertTest.java,0,0,1,9,0,0,0,0,0,0,1,1,1,0,1,0,0,0,0,1,0,0,0,0,0,0,0,0,0,1,1,1,0,1,0
cassandra,cql3/validation/operations/InsertInvalidateSizedRecords,InsertInvalidateSizedRecords,,C:/Users/ismak/Documents/GitHub/relation_test_code_smell_ML/dataset/projects/cassandra/test/unit/org/apache/cassandra/cql3/validation/operations/InsertInvalidateSizedRecordsTest.java,0,0,1,7,0,0,0,0,0,0,1,1,1,0,1,0,0,0,0,1,0,1,0,0,0,0,0,0,0,0,0,0,1,0,0
cassandra,cql3/validation/operations/InsertUpdateIfCondition,InsertUpdateIfCondition,,C:/Users/ismak/Documents/GitHub/relation_test_code_smell_ML/dataset/projects/cassandra/test/unit/org/apache/cassandra/cql3/validation/operations/InsertUpdateIfConditionTest.java,0,0,1,7,0,0,0,0,0,0,1,1,1,0,0,1,0,0,0,1,0,0,0,0,0,0,1,0,0,0,0,0,0,1,0
cassandra,cql3/validation/operations/InsertUpdateIfConditionCollections,InsertUpdateIfConditionCollections,,C:/Users/ismak/Documents/GitHub/relation_test_code_smell_ML/dataset/projects/cassandra/test/unit/org/apache/cassandra/cql3/validation/operations/InsertUpdateIfConditionCollectionsTest.java,0,0,1,6,0,0,0,0,0,0,1,1,1,0,0,1,0,0,0,1,0,0,0,0,0,0,0,0,0,0,1,0,0,0,0
cassandra,cql3/validation/operations/InsertUpdateIfConditionStatics,InsertUpdateIfConditionStatics,,C:/Users/ismak/Documents/GitHub/relation_test_code_smell_ML/dataset/projects/cassandra/test/unit/org/apache/cassandra/cql3/validation/operations/InsertUpdateIfConditionStaticsTest.java,0,0,1,5,0,0,0,0,0,0,1,1,1,0,0,1,0,0,0,1,0,0,0,0,0,0,0,0,0,0,0,0,0,0,0
cassandra,cql3/validation/operations/Select,Select,,C:/Users/ismak/Documents/GitHub/relation_test_code_smell_ML/dataset/projects/cassandra/test/unit/org/apache/cassandra/cql3/validation/operations/SelectTest.java,0,0,1,11,0,0,0,0,0,0,1,1,1,0,1,1,0,0,0,1,0,0,0,0,1,0,0,0,0,1,1,1,0,1,0
cassandra,cql3/validation/operations/SelectGroupBy,SelectGroupBy,,C:/Users/ismak/Documents/GitHub/relation_test_code_smell_ML/dataset/projects/cassandra/test/unit/org/apache/cassandra/cql3/validation/operations/SelectGroupByTest.java,0,0,1,5,0,0,0,0,0,0,1,1,1,0,0,1,0,0,0,1,0,0,0,0,0,0,0,0,0,0,0,0,0,0,0
cassandra,cql3/validation/operations/SelectLimit,SelectLimit,,C:/Users/ismak/Documents/GitHub/relation_test_code_smell_ML/dataset/projects/cassandra/test/unit/org/apache/cassandra/cql3/validation/operations/SelectLimitTest.java,0,0,1,5,0,0,0,0,0,0,1,1,1,0,0,1,0,0,0,1,0,0,0,0,0,0,0,0,0,0,0,0,0,0,0
cassandra,cql3/validation/operations/SelectMultiColumnRelation,SelectMultiColumnRelation,,C:/Users/ismak/Documents/GitHub/relation_test_code_smell_ML/dataset/projects/cassandra/test/unit/org/apache/cassandra/cql3/validation/operations/SelectMultiColumnRelationTest.java,0,0,1,4,0,0,0,0,0,0,1,1,1,0,0,1,0,0,0,0,0,0,0,0,0,0,0,0,0,0,0,0,0,0,0
cassandra,cql3/validation/operations/SelectOrderBy,SelectOrderBy,,C:/Users/ismak/Documents/GitHub/relation_test_code_smell_ML/dataset/projects/cassandra/test/unit/org/apache/cassandra/cql3/validation/operations/SelectOrderByTest.java,0,0,1,5,0,0,0,0,0,0,1,1,1,0,0,1,0,0,0,1,0,0,0,0,0,0,0,0,0,0,0,0,0,0,0
cassandra,cql3/validation/operations/SelectOrderedPartitioner,SelectOrderedPartitioner,,C:/Users/ismak/Documents/GitHub/relation_test_code_smell_ML/dataset/projects/cassandra/test/unit/org/apache/cassandra/cql3/validation/operations/SelectOrderedPartitionerTest.java,0,0,1,8,0,0,0,0,0,0,1,1,1,0,1,1,0,0,0,1,0,0,0,0,0,0,0,0,0,0,1,0,0,1,0
cassandra,cql3/validation/operations/SelectSingleColumnRelation,SelectSingleColumnRelation,,C:/Users/ismak/Documents/GitHub/relation_test_code_smell_ML/dataset/projects/cassandra/test/unit/org/apache/cassandra/cql3/validation/operations/SelectSingleColumnRelationTest.java,0,0,1,5,0,0,0,0,0,0,1,1,1,0,0,1,0,0,0,1,0,0,0,0,0,0,0,0,0,0,0,0,0,0,0
cassandra,cql3/validation/operations/TTL,TTL,,C:/Users/ismak/Documents/GitHub/relation_test_code_smell_ML/dataset/projects/cassandra/test/unit/org/apache/cassandra/cql3/validation/operations/TTLTest.java,0,0,1,10,0,0,0,0,0,0,1,1,1,0,1,1,0,0,0,1,1,0,0,0,0,0,0,0,0,1,1,0,0,1,0
cassandra,cql3/validation/operations/Truncate,Truncate,,C:/Users/ismak/Documents/GitHub/relation_test_code_smell_ML/dataset/projects/cassandra/test/unit/org/apache/cassandra/cql3/validation/operations/TruncateTest.java,0,0,1,5,0,0,0,0,0,0,1,1,1,0,0,1,0,0,0,1,0,0,0,0,0,0,0,0,0,0,0,0,0,0,0
cassandra,cql3/validation/operations/TuplesWithNullsComparison,TuplesWithNullsComparison,,C:/Users/ismak/Documents/GitHub/relation_test_code_smell_ML/dataset/projects/cassandra/test/unit/org/apache/cassandra/cql3/validation/operations/TuplesWithNullsComparisonTest.java,0,0,1,4,0,0,0,0,0,0,1,1,1,0,0,0,0,0,0,1,0,0,0,0,0,0,0,0,0,0,0,0,0,0,0
cassandra,cql3/validation/operations/Update,Update,,C:/Users/ismak/Documents/GitHub/relation_test_code_smell_ML/dataset/projects/cassandra/test/unit/org/apache/cassandra/cql3/validation/operations/UpdateTest.java,0,0,1,9,0,0,0,0,0,0,1,1,1,0,1,0,0,0,0,1,0,0,0,0,0,0,0,0,0,1,1,1,0,1,0
cassandra,cql3/validation/operations/Use,Use,,C:/Users/ismak/Documents/GitHub/relation_test_code_smell_ML/dataset/projects/cassandra/test/unit/org/apache/cassandra/cql3/validation/operations/UseTest.java,0,0,1,5,0,0,0,0,0,0,1,1,1,0,1,0,0,0,0,1,0,0,0,0,0,0,0,0,0,0,0,0,0,0,0
cassandra,db/compaction/simple/CompactionColumn,CompactionColumn,,C:/Users/ismak/Documents/GitHub/relation_test_code_smell_ML/dataset/projects/cassandra/test/unit/org/apache/cassandra/db/compaction/simple/CompactionColumnTest.java,0,0,1,11,0,0,0,0,0,0,1,1,1,0,1,1,0,0,0,1,0,0,0,0,0,0,1,0,0,1,1,1,0,1,0
cassandra,db/compaction/simple/CompactionColumnDeleteAndPurge,CompactionColumnDeleteAndPurge,,C:/Users/ismak/Documents/GitHub/relation_test_code_smell_ML/dataset/projects/cassandra/test/unit/org/apache/cassandra/db/compaction/simple/CompactionColumnDeleteAndPurgeTest.java,0,0,1,7,0,0,0,0,0,0,1,1,1,0,1,0,0,0,0,1,0,0,0,0,0,0,1,0,0,1,0,0,0,0,0
cassandra,db/compaction/simple/CompactionDeleteAndPurgePK,CompactionDeleteAndPurgePK,,C:/Users/ismak/Documents/GitHub/relation_test_code_smell_ML/dataset/projects/cassandra/test/unit/org/apache/cassandra/db/compaction/simple/CompactionDeleteAndPurgePKTest.java,0,0,1,8,0,0,0,0,0,0,1,1,1,0,1,1,0,0,0,1,0,0,0,0,0,0,1,0,0,1,0,0,0,0,0
cassandra,db/compaction/simple/CompactionDeleteAndPurgeRow,CompactionDeleteAndPurgeRow,,C:/Users/ismak/Documents/GitHub/relation_test_code_smell_ML/dataset/projects/cassandra/test/unit/org/apache/cassandra/db/compaction/simple/CompactionDeleteAndPurgeRowTest.java,0,0,1,9,0,0,0,0,0,0,1,1,1,0,1,1,0,0,0,1,0,0,0,0,0,0,1,0,0,1,1,0,0,0,0
cassandra,db/compaction/simple/CompactionDeletePK,CompactionDeletePK,,C:/Users/ismak/Documents/GitHub/relation_test_code_smell_ML/dataset/projects/cassandra/test/unit/org/apache/cassandra/db/compaction/simple/CompactionDeletePKTest.java,0,0,1,8,0,0,0,0,0,0,1,1,1,0,1,1,0,0,0,1,0,0,0,0,0,0,0,0,0,1,0,0,0,1,0
cassandra,db/compaction/simple/CompactionDeleteRow,CompactionDeleteRow,,C:/Users/ismak/Documents/GitHub/relation_test_code_smell_ML/dataset/projects/cassandra/test/unit/org/apache/cassandra/db/compaction/simple/CompactionDeleteRowTest.java,0,0,1,9,0,0,0,0,0,0,1,1,1,0,1,1,0,0,0,1,0,0,0,0,0,0,1,0,0,1,0,0,0,1,0
cassandra,db/compaction/simple/CompactionDeleteRowRange,CompactionDeleteRowRange,,C:/Users/ismak/Documents/GitHub/relation_test_code_smell_ML/dataset/projects/cassandra/test/unit/org/apache/cassandra/db/compaction/simple/CompactionDeleteRowRangeTest.java,0,0,1,8,0,0,0,0,0,0,1,1,1,0,1,1,0,0,0,1,0,0,0,0,0,0,0,0,0,1,0,0,0,1,0
cassandra,db/compaction/simple/CompactionSimpleValueMerge,CompactionSimpleValueMerge,,C:/Users/ismak/Documents/GitHub/relation_test_code_smell_ML/dataset/projects/cassandra/test/unit/org/apache/cassandra/db/compaction/simple/CompactionSimpleValueMergeTest.java,0,0,1,6,0,0,0,0,0,0,1,1,1,0,0,1,0,0,0,1,0,0,0,0,0,0,0,0,0,0,1,0,0,0,0
cassandra,db/compaction/simple/SimpleCompaction,SimpleCompaction,,C:/Users/ismak/Documents/GitHub/relation_test_code_smell_ML/dataset/projects/cassandra/test/unit/org/apache/cassandra/db/compaction/simple/SimpleCompactionTest.java,0,0,1,4,0,0,0,0,0,0,1,1,1,0,0,0,0,0,0,0,0,0,0,0,0,0,0,0,0,0,0,1,0,0,0
cassandra,db/compaction/unified/BackgroundCompactionTracking,BackgroundCompactionTracking,,C:/Users/ismak/Documents/GitHub/relation_test_code_smell_ML/dataset/projects/cassandra/test/unit/org/apache/cassandra/db/compaction/unified/BackgroundCompactionTrackingTest.java,0,0,1,7,0,0,0,0,0,0,1,1,1,0,1,1,0,0,0,0,0,0,0,0,0,0,0,0,0,0,1,0,0,1,0
cassandra,db/compaction/unified/Controller,Controller,dataset/projects/cassandra/src/java/org/apache/cassandra/db/compaction/unified/Controller.java,C:/Users/ismak/Documents/GitHub/relation_test_code_smell_ML/dataset/projects/cassandra/test/unit/org/apache/cassandra/db/compaction/unified/ControllerTest.java,1,6,1,10,0,3,1,1,0,1,1,1,1,0,1,1,0,0,0,1,0,0,0,0,0,0,0,0,0,1,1,1,0,1,0
cassandra,db/compaction/unified/ParallelizedTasks,ParallelizedTasks,,C:/Users/ismak/Documents/GitHub/relation_test_code_smell_ML/dataset/projects/cassandra/test/unit/org/apache/cassandra/db/compaction/unified/ParallelizedTasksTest.java,0,0,1,6,0,0,0,0,0,0,1,1,1,0,0,0,0,0,0,1,0,0,0,0,0,0,0,0,0,0,1,1,0,0,0
cassandra,db/compaction/unified/ShardedCompactionWriter,ShardedCompactionWriter,,C:/Users/ismak/Documents/GitHub/relation_test_code_smell_ML/dataset/projects/cassandra/test/unit/org/apache/cassandra/db/compaction/unified/ShardedCompactionWriterTest.java,0,0,1,9,0,0,0,0,0,0,1,1,1,0,1,1,0,0,0,1,0,0,0,0,0,0,0,0,0,0,1,1,0,1,0
cassandra,db/compaction/unified/ShardedMultiWriter,ShardedMultiWriter,dataset/projects/cassandra/src/java/org/apache/cassandra/db/compaction/unified/ShardedMultiWriter.java,C:/Users/ismak/Documents/GitHub/relation_test_code_smell_ML/dataset/projects/cassandra/test/unit/org/apache/cassandra/db/compaction/unified/ShardedMultiWriterTest.java,1,2,1,6,0,0,1,0,0,1,1,1,1,0,0,0,0,0,0,1,0,0,0,0,0,0,0,0,0,0,1,1,0,0,0
cassandra,db/compaction/writers/CompactionAwareWriter,CompactionAwareWriter,dataset/projects/cassandra/src/java/org/apache/cassandra/db/compaction/writers/CompactionAwareWriter.java,C:/Users/ismak/Documents/GitHub/relation_test_code_smell_ML/dataset/projects/cassandra/test/unit/org/apache/cassandra/db/compaction/writers/CompactionAwareWriterTest.java,1,1,1,10,0,0,0,0,0,1,1,1,1,0,1,1,0,0,0,1,0,0,0,0,0,0,0,0,0,0,1,1,1,1,0
cassandra,db/virtual/model/TimerMetricRow,TimerMetricRow,dataset/projects/cassandra/src/java/org/apache/cassandra/db/virtual/model/TimerMetricRow.java,,1,1,0,0,0,0,0,0,0,1,0,0,0,0,0,0,0,0,0,0,0,0,0,0,0,0,0,0,0,0,0,0,0,0,0
cassandra,disk/v1/bbtree/BlockBalancedTree,BlockBalancedTree,,C:/Users/ismak/Documents/GitHub/relation_test_code_smell_ML/dataset/projects/cassandra/test/unit/org/apache/cassandra/index/sai/disk/v1/bbtree/BlockBalancedTreeTest.java,0,0,1,8,0,0,0,0,0,0,1,1,1,0,1,1,0,0,0,1,1,0,0,0,0,0,0,0,0,0,0,0,0,1,0
cassandra,disk/v1/bbtree/BlockBalancedTreePostingsWriter,BlockBalancedTreePostingsWriter,,C:/Users/ismak/Documents/GitHub/relation_test_code_smell_ML/dataset/projects/cassandra/test/unit/org/apache/cassandra/index/sai/disk/v1/bbtree/BlockBalancedTreePostingsWriterTest.java,0,0,1,6,0,0,0,0,0,0,1,1,1,0,1,0,0,0,0,1,0,0,0,0,0,0,0,0,0,0,0,0,0,1,0
cassandra,disk/v1/bbtree/BlockBalancedTreeQueries,BlockBalancedTreeQueries,,C:/Users/ismak/Documents/GitHub/relation_test_code_smell_ML/dataset/projects/cassandra/test/unit/org/apache/cassandra/index/sai/disk/v1/bbtree/BlockBalancedTreeQueriesTest.java,0,0,1,5,0,0,0,0,0,0,1,1,1,0,1,1,0,0,0,0,0,0,0,0,0,0,0,0,0,0,0,0,0,0,0
cassandra,disk/v1/bbtree/BlockBalancedTreeReader,BlockBalancedTreeReader,dataset/projects/cassandra/src/java/org/apache/cassandra/index/sai/disk/v1/bbtree/BlockBalancedTreeReader.java,C:/Users/ismak/Documents/GitHub/relation_test_code_smell_ML/dataset/projects/cassandra/test/unit/org/apache/cassandra/index/sai/disk/v1/bbtree/BlockBalancedTreeReaderTest.java,1,1,1,8,1,0,0,0,0,0,1,1,1,0,1,1,0,0,0,1,1,0,0,0,0,0,0,0,0,0,0,0,0,1,0
cassandra,disk/v1/bbtree/BlockBalancedTreeWriter,BlockBalancedTreeWriter,dataset/projects/cassandra/src/java/org/apache/cassandra/index/sai/disk/v1/bbtree/BlockBalancedTreeWriter.java,,1,2,0,0,0,1,0,0,0,1,0,0,0,0,0,0,0,0,0,0,0,0,0,0,0,0,0,0,0,0,0,0,0,0,0
cassandra,disk/v1/bbtree/LeafOrderMap,LeafOrderMap,,C:/Users/ismak/Documents/GitHub/relation_test_code_smell_ML/dataset/projects/cassandra/test/unit/org/apache/cassandra/index/sai/disk/v1/bbtree/LeafOrderMapTest.java,0,0,1,5,0,0,0,0,0,0,1,1,1,0,0,1,0,0,0,1,0,0,0,0,0,0,0,0,0,0,0,0,0,0,0
cassandra,disk/v1/bbtree/NumericIndexWriter,NumericIndexWriter,,C:/Users/ismak/Documents/GitHub/relation_test_code_smell_ML/dataset/projects/cassandra/test/unit/org/apache/cassandra/index/sai/disk/v1/bbtree/NumericIndexWriterTest.java,0,0,1,6,0,0,0,0,0,0,1,1,1,0,0,1,0,0,0,1,1,0,0,0,0,0,0,0,0,0,0,0,0,0,0
cassandra,disk/v1/bitpack/NumericValues,NumericValues,,C:/Users/ismak/Documents/GitHub/relation_test_code_smell_ML/dataset/projects/cassandra/test/unit/org/apache/cassandra/index/sai/disk/v1/bitpack/NumericValuesTest.java,0,0,1,6,0,0,0,0,0,0,1,1,1,0,0,0,0,0,0,1,0,0,0,0,0,0,0,0,0,0,1,1,0,0,0
cassandra,disk/v1/keystore/KeyLookup,KeyLookup,dataset/projects/cassandra/src/java/org/apache/cassandra/index/sai/disk/v1/keystore/KeyLookup.java,C:/Users/ismak/Documents/GitHub/relation_test_code_smell_ML/dataset/projects/cassandra/test/unit/org/apache/cassandra/index/sai/disk/v1/keystore/KeyLookupTest.java,1,2,1,8,0,1,0,0,0,1,1,1,1,0,1,1,0,0,0,1,1,0,0,0,0,0,0,0,0,0,1,0,0,0,0
cassandra,disk/v1/postings/MergePostingList,MergePostingList,,C:/Users/ismak/Documents/GitHub/relation_test_code_smell_ML/dataset/projects/cassandra/test/unit/org/apache/cassandra/index/sai/disk/v1/postings/MergePostingListTest.java,0,0,1,9,0,0,0,0,0,0,1,1,1,0,1,1,0,0,0,1,0,0,0,0,0,0,0,0,0,0,1,1,0,1,0
cassandra,disk/v1/postings/Postings,Postings,,C:/Users/ismak/Documents/GitHub/relation_test_code_smell_ML/dataset/projects/cassandra/test/unit/org/apache/cassandra/index/sai/disk/v1/postings/PostingsTest.java,0,0,1,10,0,0,0,0,0,0,1,1,1,0,1,1,0,0,0,1,0,0,0,0,0,0,0,0,0,1,1,1,0,1,0
cassandra,disk/v1/postings/PostingsReader,PostingsReader,dataset/projects/cassandra/src/java/org/apache/cassandra/index/sai/disk/v1/postings/PostingsReader.java,,1,1,0,0,0,0,0,0,0,1,0,0,0,0,0,0,0,0,0,0,0,0,0,0,0,0,0,0,0,0,0,0,0,0,0
cassandra,disk/v1/postings/PostingsWriter,PostingsWriter,dataset/projects/cassandra/src/java/org/apache/cassandra/index/sai/disk/v1/postings/PostingsWriter.java,,1,1,0,0,0,0,0,0,0,1,0,0,0,0,0,0,0,0,0,0,0,0,0,0,0,0,0,0,0,0,0,0,0,0,0
cassandra,disk/v1/segment/SegmentRamBuffer,SegmentRamBuffer,,C:/Users/ismak/Documents/GitHub/relation_test_code_smell_ML/dataset/projects/cassandra/test/unit/org/apache/cassandra/index/sai/disk/v1/segment/SegmentRamBufferTest.java,0,0,1,3,0,0,0,0,0,0,1,1,1,0,0,0,0,0,0,0,0,0,0,0,0,0,0,0,0,0,0,0,0,0,0
cassandra,disk/v1/segment/VectorIndexSegmentSearcher,VectorIndexSegmentSearcher,dataset/projects/cassandra/src/java/org/apache/cassandra/index/sai/disk/v1/segment/VectorIndexSegmentSearcher.java,,1,4,0,0,1,1,0,1,0,1,0,0,0,0,0,0,0,0,0,0,0,0,0,0,0,0,0,0,0,0,0,0,0,0,0
cassandra,disk/v1/trie/TrieTermsDictionary,TrieTermsDictionary,,C:/Users/ismak/Documents/GitHub/relation_test_code_smell_ML/dataset/projects/cassandra/test/unit/org/apache/cassandra/index/sai/disk/v1/trie/TrieTermsDictionaryTest.java,0,0,1,9,0,0,0,0,0,0,1,1,1,0,1,1,0,0,0,1,1,0,0,0,0,0,0,0,0,0,1,0,0,1,0
cassandra,disk/v1/vector/DiskAnn,DiskAnn,dataset/projects/cassandra/src/java/org/apache/cassandra/index/sai/disk/v1/vector/DiskAnn.java,,1,1,0,0,1,0,0,0,0,0,0,0,0,0,0,0,0,0,0,0,0,0,0,0,0,0,0,0,0,0,0,0,0,0,0
cassandra,disk/v1/vector/OnHeapGraph,OnHeapGraph,dataset/projects/cassandra/src/java/org/apache/cassandra/index/sai/disk/v1/vector/OnHeapGraph.java,,1,2,0,0,1,0,0,0,0,1,0,0,0,0,0,0,0,0,0,0,0,0,0,0,0,0,0,0,0,0,0,0,0,0,0
cassandra,disk/v1/vector/VectorPostings,VectorPostings,dataset/projects/cassandra/src/java/org/apache/cassandra/index/sai/disk/v1/vector/VectorPostings.java,,1,1,0,0,0,0,0,0,0,1,0,0,0,0,0,0,0,0,0,0,0,0,0,0,0,0,0,0,0,0,0,0,0,0,0
cassandra,distributed/test/accord/AccordBootstrap,AccordBootstrap,,C:/Users/ismak/Documents/GitHub/relation_test_code_smell_ML/dataset/projects/cassandra/test/distributed/org/apache/cassandra/distributed/test/accord/AccordBootstrapTest.java,0,0,1,5,0,0,0,0,0,0,1,1,1,0,0,0,0,0,0,1,0,0,0,0,0,0,0,0,0,0,1,0,0,0,0
cassandra,distributed/test/accord/AccordDeleteCommandStore,AccordDeleteCommandStore,,C:/Users/ismak/Documents/GitHub/relation_test_code_smell_ML/dataset/projects/cassandra/test/distributed/org/apache/cassandra/distributed/test/accord/AccordDeleteCommandStoreTest.java,0,0,1,5,0,0,0,0,0,0,1,1,1,0,0,0,0,0,0,1,0,0,0,0,0,0,0,0,0,0,1,0,0,0,0
cassandra,distributed/test/accord/AccordDropKeyspace,AccordDropKeyspace,,C:/Users/ismak/Documents/GitHub/relation_test_code_smell_ML/dataset/projects/cassandra/test/distributed/org/apache/cassandra/distributed/test/accord/AccordDropKeyspaceTest.java,0,0,1,6,0,0,0,0,0,0,1,1,1,0,0,1,0,0,0,1,0,0,0,0,0,0,0,0,0,0,1,0,0,0,0
cassandra,distributed/test/accord/AccordDropTable,AccordDropTable,,C:/Users/ismak/Documents/GitHub/relation_test_code_smell_ML/dataset/projects/cassandra/test/distributed/org/apache/cassandra/distributed/test/accord/AccordDropTableTest.java,0,0,1,6,0,0,0,0,0,0,1,1,1,0,0,1,0,0,0,1,0,0,0,0,0,0,0,0,0,0,1,0,0,0,0
cassandra,distributed/test/accord/AccordFastpathConfiguration,AccordFastpathConfiguration,,C:/Users/ismak/Documents/GitHub/relation_test_code_smell_ML/dataset/projects/cassandra/test/distributed/org/apache/cassandra/distributed/test/accord/AccordFastpathConfigurationTest.java,0,0,1,5,0,0,0,0,0,0,1,1,1,0,0,0,0,0,0,1,0,0,0,0,0,0,0,0,0,0,1,0,0,0,0
cassandra,distributed/test/accord/AccordFeatureFlag,AccordFeatureFlag,,C:/Users/ismak/Documents/GitHub/relation_test_code_smell_ML/dataset/projects/cassandra/test/distributed/org/apache/cassandra/distributed/test/accord/AccordFeatureFlagTest.java,0,0,1,4,0,0,0,0,0,0,1,1,1,0,0,0,0,0,0,1,0,0,0,0,0,0,0,0,0,0,0,0,0,0,0
cassandra,distributed/test/accord/AccordHostReplacement,AccordHostReplacement,,C:/Users/ismak/Documents/GitHub/relation_test_code_smell_ML/dataset/projects/cassandra/test/distributed/org/apache/cassandra/distributed/test/accord/AccordHostReplacementTest.java,0,0,1,6,0,0,0,0,0,0,1,1,1,0,0,1,0,0,0,1,0,0,0,0,0,0,0,0,0,0,1,0,0,0,0
cassandra,distributed/test/accord/AccordIncrementalRepair,AccordIncrementalRepair,,C:/Users/ismak/Documents/GitHub/relation_test_code_smell_ML/dataset/projects/cassandra/test/distributed/org/apache/cassandra/distributed/test/accord/AccordIncrementalRepairTest.java,0,0,1,6,0,0,0,0,0,0,1,1,1,0,0,0,0,0,0,1,0,0,0,0,0,0,0,0,0,0,1,1,0,0,0
cassandra,distributed/test/accord/AccordIntegration,AccordIntegration,,C:/Users/ismak/Documents/GitHub/relation_test_code_smell_ML/dataset/projects/cassandra/test/distributed/org/apache/cassandra/distributed/test/accord/AccordIntegrationTest.java,0,0,1,4,0,0,0,0,0,0,1,1,1,0,0,0,0,0,0,1,0,0,0,0,0,0,0,0,0,0,0,0,0,0,0
cassandra,distributed/test/accord/AccordInteropRead,AccordInteropRead,,C:/Users/ismak/Documents/GitHub/relation_test_code_smell_ML/dataset/projects/cassandra/test/distributed/org/apache/cassandra/distributed/test/accord/AccordInteropReadTest.java,0,0,1,6,0,0,0,0,0,0,1,1,1,0,1,0,0,0,0,1,0,0,0,0,0,0,0,0,0,1,0,0,0,0,0
cassandra,distributed/test/accord/AccordInteroperability,AccordInteroperability,,C:/Users/ismak/Documents/GitHub/relation_test_code_smell_ML/dataset/projects/cassandra/test/distributed/org/apache/cassandra/distributed/test/accord/AccordInteroperabilityTest.java,0,0,1,6,0,0,0,0,0,0,1,1,1,0,1,1,0,0,0,1,0,0,0,0,0,0,0,0,0,0,0,0,0,0,0
cassandra,distributed/test/accord/AccordJournalIntegration,AccordJournalIntegration,,C:/Users/ismak/Documents/GitHub/relation_test_code_smell_ML/dataset/projects/cassandra/test/distributed/org/apache/cassandra/distributed/test/accord/AccordJournalIntegrationTest.java,0,0,1,7,0,0,0,0,0,0,1,1,1,0,1,1,0,0,0,1,0,0,0,0,0,0,0,0,0,0,1,0,0,0,0
cassandra,distributed/test/accord/AccordLoad,AccordLoad,,C:/Users/ismak/Documents/GitHub/relation_test_code_smell_ML/dataset/projects/cassandra/test/distributed/org/apache/cassandra/distributed/test/accord/AccordLoadTest.java,0,0,1,7,0,0,0,0,0,0,1,1,1,0,0,1,0,0,0,1,0,0,1,0,0,0,0,0,0,0,0,1,0,0,0
cassandra,distributed/test/accord/AccordMetrics,AccordMetrics,,C:/Users/ismak/Documents/GitHub/relation_test_code_smell_ML/dataset/projects/cassandra/test/distributed/org/apache/cassandra/distributed/test/accord/AccordMetricsTest.java,0,0,1,6,0,0,0,0,0,0,1,1,1,0,1,0,0,0,0,1,0,0,0,0,0,0,0,0,0,1,0,0,0,0,0
cassandra,distributed/test/accord/AccordMigration,AccordMigration,,C:/Users/ismak/Documents/GitHub/relation_test_code_smell_ML/dataset/projects/cassandra/test/distributed/org/apache/cassandra/distributed/test/accord/AccordMigrationTest.java,0,0,1,7,0,0,0,0,0,0,1,1,1,0,1,1,0,0,0,1,0,0,0,0,0,0,0,0,0,0,0,0,0,1,0
cassandra,distributed/test/accord/AccordMove,AccordMove,,C:/Users/ismak/Documents/GitHub/relation_test_code_smell_ML/dataset/projects/cassandra/test/distributed/org/apache/cassandra/distributed/test/accord/AccordMoveTest.java,0,0,1,8,0,0,0,0,0,0,1,1,1,0,1,1,0,0,0,1,0,0,0,0,0,0,0,0,0,1,0,0,0,1,0
cassandra,distributed/test/accord/AccordNodetool,AccordNodetool,,C:/Users/ismak/Documents/GitHub/relation_test_code_smell_ML/dataset/projects/cassandra/test/distributed/org/apache/cassandra/distributed/test/accord/AccordNodetoolTest.java,0,0,1,7,0,0,0,0,0,0,1,1,1,0,1,1,0,0,0,1,0,0,0,0,0,0,0,0,0,1,0,0,0,0,0
cassandra,distributed/test/accord/AccordProgressLog,AccordProgressLog,,C:/Users/ismak/Documents/GitHub/relation_test_code_smell_ML/dataset/projects/cassandra/test/distributed/org/apache/cassandra/distributed/test/accord/AccordProgressLogTest.java,0,0,1,7,0,0,0,0,0,0,1,1,1,0,1,1,0,0,0,1,0,0,0,0,0,0,0,0,0,1,0,0,0,0,0
cassandra,distributed/test/accord/AccordReadInteroperability,AccordReadInteroperability,,C:/Users/ismak/Documents/GitHub/relation_test_code_smell_ML/dataset/projects/cassandra/test/distributed/org/apache/cassandra/distributed/test/accord/AccordReadInteroperabilityTest.java,0,0,1,7,0,0,0,0,0,0,1,1,1,0,0,0,1,0,0,1,0,0,0,0,0,0,0,0,0,0,1,1,0,0,0
cassandra,distributed/test/accord/AccordRecoverFromAvailabilityLoss,AccordRecoverFromAvailabilityLoss,,C:/Users/ismak/Documents/GitHub/relation_test_code_smell_ML/dataset/projects/cassandra/test/distributed/org/apache/cassandra/distributed/test/accord/AccordRecoverFromAvailabilityLossTest.java,0,0,1,9,0,0,0,0,0,0,1,1,1,0,1,1,0,0,0,1,0,0,0,0,0,0,1,0,0,1,0,0,0,1,0
cassandra,distributed/test/accord/AccordRegainRanges,AccordRegainRanges,,C:/Users/ismak/Documents/GitHub/relation_test_code_smell_ML/dataset/projects/cassandra/test/distributed/org/apache/cassandra/distributed/test/accord/AccordRegainRangesTest.java,0,0,1,6,0,0,0,0,0,0,1,1,1,0,1,1,0,0,0,1,0,0,0,0,0,0,0,0,0,0,0,0,0,0,0
cassandra,distributed/test/accord/AccordSimpleFastPath,AccordSimpleFastPath,,C:/Users/ismak/Documents/GitHub/relation_test_code_smell_ML/dataset/projects/cassandra/test/distributed/org/apache/cassandra/distributed/test/accord/AccordSimpleFastPathTest.java,0,0,1,4,0,0,0,0,0,0,1,1,1,0,0,0,0,0,0,0,0,0,0,0,0,0,0,0,0,0,0,1,0,0,0
cassandra,distributed/test/accord/AccordTimestampPreservation,AccordTimestampPreservation,,C:/Users/ismak/Documents/GitHub/relation_test_code_smell_ML/dataset/projects/cassandra/test/distributed/org/apache/cassandra/distributed/test/accord/AccordTimestampPreservationTest.java,0,0,1,7,0,0,0,0,0,0,1,1,1,0,1,1,0,0,0,1,0,0,0,0,0,0,0,0,0,0,1,0,0,0,0
cassandra,distributed/test/accord/AccordTopology,AccordTopology,,C:/Users/ismak/Documents/GitHub/relation_test_code_smell_ML/dataset/projects/cassandra/test/distributed/org/apache/cassandra/distributed/test/accord/AccordTopologyTest.java,0,0,1,5,0,0,0,0,0,0,1,1,1,0,0,0,0,0,0,1,0,0,0,0,0,0,0,0,0,0,1,0,0,0,0
cassandra,distributed/test/accord/AccordWriteInteroperability,AccordWriteInteroperability,,C:/Users/ismak/Documents/GitHub/relation_test_code_smell_ML/dataset/projects/cassandra/test/distributed/org/apache/cassandra/distributed/test/accord/AccordWriteInteroperabilityTest.java,0,0,1,7,0,0,0,0,0,0,1,1,1,0,0,0,1,0,0,1,0,0,0,0,0,0,0,0,0,0,1,1,0,0,0
cassandra,distributed/test/accord/FullAccordCQL,FullAccordCQL,,C:/Users/ismak/Documents/GitHub/relation_test_code_smell_ML/dataset/projects/cassandra/test/distributed/org/apache/cassandra/distributed/test/accord/FullAccordCQLTest.java,0,0,1,4,0,0,0,0,0,0,1,1,1,0,0,0,1,0,0,0,0,0,0,0,0,0,0,0,0,0,0,0,0,0,0
cassandra,distributed/test/accord/InteropAccordCQL,InteropAccordCQL,,C:/Users/ismak/Documents/GitHub/relation_test_code_smell_ML/dataset/projects/cassandra/test/distributed/org/apache/cassandra/distributed/test/accord/InteropAccordCQLTest.java,0,0,1,4,0,0,0,0,0,0,1,1,1,0,0,0,1,0,0,0,0,0,0,0,0,0,0,0,0,0,0,0,0,0,0
cassandra,distributed/test/accord/InteropTokenRange,InteropTokenRange,,C:/Users/ismak/Documents/GitHub/relation_test_code_smell_ML/dataset/projects/cassandra/test/distributed/org/apache/cassandra/distributed/test/accord/InteropTokenRangeTest.java,0,0,1,7,0,0,0,0,0,0,1,1,1,0,1,1,1,0,0,1,0,0,0,0,0,0,0,0,0,0,0,0,0,0,0
cassandra,distributed/test/accord/MigrationFromAccordReadRace,MigrationFromAccordReadRace,,C:/Users/ismak/Documents/GitHub/relation_test_code_smell_ML/dataset/projects/cassandra/test/distributed/org/apache/cassandra/distributed/test/accord/MigrationFromAccordReadRaceTest.java,0,0,1,4,0,0,0,0,0,0,1,1,1,0,0,0,0,0,0,0,0,0,0,0,0,0,0,0,0,0,0,1,0,0,0
cassandra,distributed/test/accord/MigrationFromAccordWriteRace,MigrationFromAccordWriteRace,,C:/Users/ismak/Documents/GitHub/relation_test_code_smell_ML/dataset/projects/cassandra/test/distributed/org/apache/cassandra/distributed/test/accord/MigrationFromAccordWriteRaceTest.java,0,0,1,4,0,0,0,0,0,0,1,1,1,0,0,0,0,0,0,0,0,0,0,0,0,0,0,0,0,0,0,1,0,0,0
cassandra,distributed/test/accord/MigrationToAccordReadRace,MigrationToAccordReadRace,,C:/Users/ismak/Documents/GitHub/relation_test_code_smell_ML/dataset/projects/cassandra/test/distributed/org/apache/cassandra/distributed/test/accord/MigrationToAccordReadRaceTest.java,0,0,1,4,0,0,0,0,0,0,1,1,1,0,0,0,0,0,0,0,0,0,0,0,0,0,0,0,0,0,0,1,0,0,0
cassandra,distributed/test/accord/MigrationToAccordWriteRace,MigrationToAccordWriteRace,,C:/Users/ismak/Documents/GitHub/relation_test_code_smell_ML/dataset/projects/cassandra/test/distributed/org/apache/cassandra/distributed/test/accord/MigrationToAccordWriteRaceTest.java,0,0,1,4,0,0,0,0,0,0,1,1,1,0,0,0,0,0,0,0,0,0,0,0,0,0,0,0,0,0,0,1,0,0,0
cassandra,distributed/test/accord/MixedReadAccordCQL,MixedReadAccordCQL,,C:/Users/ismak/Documents/GitHub/relation_test_code_smell_ML/dataset/projects/cassandra/test/distributed/org/apache/cassandra/distributed/test/accord/MixedReadAccordCQLTest.java,0,0,1,4,0,0,0,0,0,0,1,1,1,0,0,0,1,0,0,0,0,0,0,0,0,0,0,0,0,0,0,0,0,0,0
cassandra,distributed/test/accord/NewSchema,NewSchema,,C:/Users/ismak/Documents/GitHub/relation_test_code_smell_ML/dataset/projects/cassandra/test/distributed/org/apache/cassandra/distributed/test/accord/NewSchemaTest.java,0,0,1,5,0,0,0,0,0,0,1,1,1,0,0,1,0,0,0,0,0,0,0,0,0,0,0,0,0,0,1,0,0,0,0
cassandra,distributed/test/auth/AuthAuditLogging,AuthAuditLogging,,C:/Users/ismak/Documents/GitHub/relation_test_code_smell_ML/dataset/projects/cassandra/test/distributed/org/apache/cassandra/distributed/test/auth/AuthAuditLoggingTest.java,0,0,1,8,0,0,0,0,0,0,1,1,1,0,1,0,0,0,0,1,0,0,0,0,1,0,0,0,0,0,1,1,0,0,0
cassandra,distributed/test/auth/CIDRAuthorizerConfig,CIDRAuthorizerConfig,,C:/Users/ismak/Documents/GitHub/relation_test_code_smell_ML/dataset/projects/cassandra/test/distributed/org/apache/cassandra/distributed/test/auth/CIDRAuthorizerConfigTest.java,0,0,1,5,0,0,0,0,0,0,1,1,1,0,0,0,0,0,0,1,0,0,0,0,0,0,0,0,0,0,1,0,0,0,0
cassandra,distributed/test/auth/MutualTlsCertificateValidityPeriod,MutualTlsCertificateValidityPeriod,,C:/Users/ismak/Documents/GitHub/relation_test_code_smell_ML/dataset/projects/cassandra/test/distributed/org/apache/cassandra/distributed/test/auth/MutualTlsCertificateValidityPeriodTest.java,0,0,1,6,0,0,0,0,0,0,1,1,1,0,1,0,0,0,0,1,0,0,0,0,0,0,0,0,0,0,0,1,0,0,0
cassandra,distributed/test/auth/RoleRevocation,RoleRevocation,,C:/Users/ismak/Documents/GitHub/relation_test_code_smell_ML/dataset/projects/cassandra/test/distributed/org/apache/cassandra/distributed/test/auth/RoleRevocationTest.java,0,0,1,6,0,0,0,0,0,0,1,1,1,0,0,0,0,0,0,1,0,0,0,0,0,0,0,0,0,0,1,1,0,0,0
cassandra,distributed/test/cdc/ToggleCDCOnRepairEnabled,ToggleCDCOnRepairEnabled,,C:/Users/ismak/Documents/GitHub/relation_test_code_smell_ML/dataset/projects/cassandra/test/distributed/org/apache/cassandra/distributed/test/cdc/ToggleCDCOnRepairEnabledTest.java,0,0,1,5,0,0,0,0,0,0,1,1,1,0,0,0,0,0,0,1,0,0,0,0,0,0,0,0,0,0,1,0,0,0,0
cassandra,distributed/test/cdc/ToggleCDCWithConstraintsOnRepairEnabled,ToggleCDCWithConstraintsOnRepairEnabled,,C:/Users/ismak/Documents/GitHub/relation_test_code_smell_ML/dataset/projects/cassandra/test/distributed/org/apache/cassandra/distributed/test/cdc/ToggleCDCWithConstraintsOnRepairEnabledTest.java,0,0,1,5,0,0,0,0,0,0,1,1,1,0,0,0,0,0,0,1,0,0,0,0,0,0,0,0,0,0,1,0,0,0,0
cassandra,distributed/test/cms/CMSAddressChange,CMSAddressChange,,C:/Users/ismak/Documents/GitHub/relation_test_code_smell_ML/dataset/projects/cassandra/test/distributed/org/apache/cassandra/distributed/test/cms/CMSAddressChangeTest.java,0,0,1,5,0,0,0,0,0,0,1,1,1,0,1,1,0,0,0,0,0,0,0,0,0,0,0,0,0,0,0,0,0,0,0
cassandra,distributed/test/cql3/FullAccordInteropMultiNodeTableWalk,FullAccordInteropMultiNodeTableWalk,,C:/Users/ismak/Documents/GitHub/relation_test_code_smell_ML/dataset/projects/cassandra/test/distributed/org/apache/cassandra/distributed/test/cql3/FullAccordInteropMultiNodeTableWalkTest.java,0,0,1,5,0,0,0,0,0,0,1,1,1,0,0,0,1,0,0,0,0,0,0,0,0,0,0,0,0,0,0,1,0,0,0
cassandra,distributed/test/cql3/FullAccordInteropMultiNodeTokenConflict,FullAccordInteropMultiNodeTokenConflict,,C:/Users/ismak/Documents/GitHub/relation_test_code_smell_ML/dataset/projects/cassandra/test/distributed/org/apache/cassandra/distributed/test/cql3/FullAccordInteropMultiNodeTokenConflictTest.java,0,0,1,4,0,0,0,0,0,0,1,1,1,0,0,0,1,0,0,0,0,0,0,0,0,0,0,0,0,0,0,0,0,0,0
cassandra,distributed/test/cql3/MixedReadsAccordInteropMultiNodeTableWalk,MixedReadsAccordInteropMultiNodeTableWalk,,C:/Users/ismak/Documents/GitHub/relation_test_code_smell_ML/dataset/projects/cassandra/test/distributed/org/apache/cassandra/distributed/test/cql3/MixedReadsAccordInteropMultiNodeTableWalkTest.java,0,0,1,5,0,0,0,0,0,0,1,1,1,0,0,0,1,0,0,0,0,0,0,0,0,0,0,0,0,0,0,1,0,0,0
cassandra,distributed/test/cql3/MixedReadsAccordInteropMultiNodeTokenConflict,MixedReadsAccordInteropMultiNodeTokenConflict,,C:/Users/ismak/Documents/GitHub/relation_test_code_smell_ML/dataset/projects/cassandra/test/distributed/org/apache/cassandra/distributed/test/cql3/MixedReadsAccordInteropMultiNodeTokenConflictTest.java,0,0,1,4,0,0,0,0,0,0,1,1,1,0,0,0,1,0,0,0,0,0,0,0,0,0,0,0,0,0,0,0,0,0,0
cassandra,distributed/test/cql3/MultiNodeTableWalkWithReadRepair,MultiNodeTableWalkWithReadRepair,,C:/Users/ismak/Documents/GitHub/relation_test_code_smell_ML/dataset/projects/cassandra/test/distributed/org/apache/cassandra/distributed/test/cql3/MultiNodeTableWalkWithReadRepairTest.java,0,0,1,4,0,0,0,0,0,0,1,1,1,0,0,0,1,0,0,0,0,0,0,0,0,0,0,0,0,0,0,0,0,0,0
cassandra,distributed/test/cql3/MultiNodeTableWalkWithoutReadRepair,MultiNodeTableWalkWithoutReadRepair,,C:/Users/ismak/Documents/GitHub/relation_test_code_smell_ML/dataset/projects/cassandra/test/distributed/org/apache/cassandra/distributed/test/cql3/MultiNodeTableWalkWithoutReadRepairTest.java,0,0,1,4,0,0,0,0,0,0,1,1,1,0,0,0,1,0,0,0,0,0,0,0,0,0,0,0,0,0,0,0,0,0,0
cassandra,distributed/test/cql3/MultiNodeTokenConflict,MultiNodeTokenConflict,,C:/Users/ismak/Documents/GitHub/relation_test_code_smell_ML/dataset/projects/cassandra/test/distributed/org/apache/cassandra/distributed/test/cql3/MultiNodeTokenConflictTest.java,0,0,1,4,0,0,0,0,0,0,1,1,1,0,0,0,1,0,0,0,0,0,0,0,0,0,0,0,0,0,0,0,0,0,0
cassandra,distributed/test/cql3/PaxosV1MultiNodeTableWalk,PaxosV1MultiNodeTableWalk,,C:/Users/ismak/Documents/GitHub/relation_test_code_smell_ML/dataset/projects/cassandra/test/distributed/org/apache/cassandra/distributed/test/cql3/PaxosV1MultiNodeTableWalkTest.java,0,0,1,4,0,0,0,0,0,0,1,1,1,0,0,0,1,0,0,0,0,0,0,0,0,0,0,0,0,0,0,0,0,0,0
cassandra,distributed/test/cql3/PaxosV2MultiNodeTableWalk,PaxosV2MultiNodeTableWalk,,C:/Users/ismak/Documents/GitHub/relation_test_code_smell_ML/dataset/projects/cassandra/test/distributed/org/apache/cassandra/distributed/test/cql3/PaxosV2MultiNodeTableWalkTest.java,0,0,1,4,0,0,0,0,0,0,1,1,1,0,0,0,1,0,0,0,0,0,0,0,0,0,0,0,0,0,0,0,0,0,0
cassandra,distributed/test/cql3/SingleNodeTableWalk,SingleNodeTableWalk,,C:/Users/ismak/Documents/GitHub/relation_test_code_smell_ML/dataset/projects/cassandra/test/distributed/org/apache/cassandra/distributed/test/cql3/SingleNodeTableWalkTest.java,0,0,1,6,0,0,0,0,0,0,1,1,1,0,0,0,1,0,0,1,0,0,0,0,0,0,0,0,0,0,1,0,0,0,0
cassandra,distributed/test/cql3/SingleNodeTokenConflict,SingleNodeTokenConflict,,C:/Users/ismak/Documents/GitHub/relation_test_code_smell_ML/dataset/projects/cassandra/test/distributed/org/apache/cassandra/distributed/test/cql3/SingleNodeTokenConflictTest.java,0,0,1,6,0,0,0,0,0,0,1,1,1,0,0,0,1,0,0,1,0,0,0,0,0,0,0,0,0,0,1,0,0,0,0
cassandra,distributed/test/fql/FqlReplayDDLExclusion,FqlReplayDDLExclusion,,C:/Users/ismak/Documents/GitHub/relation_test_code_smell_ML/dataset/projects/cassandra/test/distributed/org/apache/cassandra/distributed/test/fql/FqlReplayDDLExclusionTest.java,0,0,1,6,0,0,0,0,0,0,1,1,1,0,1,0,0,0,0,1,0,0,0,0,0,0,0,0,0,0,0,0,0,1,0
cassandra,distributed/test/fql/FqlTombstoneHandling,FqlTombstoneHandling,,C:/Users/ismak/Documents/GitHub/relation_test_code_smell_ML/dataset/projects/cassandra/test/distributed/org/apache/cassandra/distributed/test/fql/FqlTombstoneHandlingTest.java,0,0,1,6,0,0,0,0,0,0,1,1,1,0,1,0,0,0,0,0,0,0,0,0,0,0,0,0,0,1,0,0,0,1,0
cassandra,distributed/test/gossip/GossipExpiryAfterAssassinate,GossipExpiryAfterAssassinate,,C:/Users/ismak/Documents/GitHub/relation_test_code_smell_ML/dataset/projects/cassandra/test/distributed/org/apache/cassandra/distributed/test/gossip/GossipExpiryAfterAssassinateTest.java,0,0,1,3,0,0,0,0,0,0,1,1,1,0,0,0,0,0,0,0,0,0,0,0,0,0,0,0,0,0,0,0,0,0,0
cassandra,distributed/test/gossip/GossipExpiryAfterDecommission,GossipExpiryAfterDecommission,,C:/Users/ismak/Documents/GitHub/relation_test_code_smell_ML/dataset/projects/cassandra/test/distributed/org/apache/cassandra/distributed/test/gossip/GossipExpiryAfterDecommissionTest.java,0,0,1,3,0,0,0,0,0,0,1,1,1,0,0,0,0,0,0,0,0,0,0,0,0,0,0,0,0,0,0,0,0,0,0
cassandra,distributed/test/gossip/GossipExpiryAfterRemoveNode,GossipExpiryAfterRemoveNode,,C:/Users/ismak/Documents/GitHub/relation_test_code_smell_ML/dataset/projects/cassandra/test/distributed/org/apache/cassandra/distributed/test/gossip/GossipExpiryAfterRemoveNodeTest.java,0,0,1,3,0,0,0,0,0,0,1,1,1,0,0,0,0,0,0,0,0,0,0,0,0,0,0,0,0,0,0,0,0,0,0
cassandra,distributed/test/gossip/GossipShutdown,GossipShutdown,,C:/Users/ismak/Documents/GitHub/relation_test_code_smell_ML/dataset/projects/cassandra/test/distributed/org/apache/cassandra/distributed/test/gossip/GossipShutdownTest.java,0,0,1,4,0,0,0,0,0,0,1,1,1,0,0,0,0,0,0,1,0,0,0,0,0,0,0,0,0,0,0,0,0,0,0
cassandra,distributed/test/guardrails/GuardrailBulkLoadEnabled,GuardrailBulkLoadEnabled,,C:/Users/ismak/Documents/GitHub/relation_test_code_smell_ML/dataset/projects/cassandra/test/distributed/org/apache/cassandra/distributed/test/guardrails/GuardrailBulkLoadEnabledTest.java,0,0,1,8,0,0,0,0,0,0,1,1,1,0,1,0,0,0,0,1,0,1,0,0,0,0,0,0,0,1,0,0,1,0,0
cassandra,distributed/test/guardrails/GuardrailCollectionSizeOnSSTableWrite,GuardrailCollectionSizeOnSSTableWrite,,C:/Users/ismak/Documents/GitHub/relation_test_code_smell_ML/dataset/projects/cassandra/test/distributed/org/apache/cassandra/distributed/test/guardrails/GuardrailCollectionSizeOnSSTableWriteTest.java,0,0,1,4,0,0,0,0,0,0,1,1,1,0,0,0,0,0,0,1,0,0,0,0,0,0,0,0,0,0,0,0,0,0,0
cassandra,distributed/test/guardrails/GuardrailDataDiskUsageKeyspaceWideProtection,GuardrailDataDiskUsageKeyspaceWideProtection,,C:/Users/ismak/Documents/GitHub/relation_test_code_smell_ML/dataset/projects/cassandra/test/distributed/org/apache/cassandra/distributed/test/guardrails/GuardrailDataDiskUsageKeyspaceWideProtectionTest.java,0,0,1,10,0,0,0,0,0,0,1,1,1,0,1,1,0,0,0,1,1,0,0,0,0,0,0,0,0,1,1,1,0,0,0
cassandra,distributed/test/guardrails/GuardrailDiskUsage,GuardrailDiskUsage,,C:/Users/ismak/Documents/GitHub/relation_test_code_smell_ML/dataset/projects/cassandra/test/distributed/org/apache/cassandra/distributed/test/guardrails/GuardrailDiskUsageTest.java,0,0,1,7,0,0,0,0,0,0,1,1,1,0,1,1,0,0,0,1,0,0,0,0,0,0,0,0,0,1,0,0,0,0,0
cassandra,distributed/test/guardrails/GuardrailDiskUsageNodeReplace,GuardrailDiskUsageNodeReplace,,C:/Users/ismak/Documents/GitHub/relation_test_code_smell_ML/dataset/projects/cassandra/test/distributed/org/apache/cassandra/distributed/test/guardrails/GuardrailDiskUsageNodeReplaceTest.java,0,0,1,4,0,0,0,0,0,0,1,1,1,0,0,0,0,0,0,1,0,0,0,0,0,0,0,0,0,0,0,0,0,0,0
cassandra,distributed/test/guardrails/GuardrailItemsPerCollectionOnSSTableWrite,GuardrailItemsPerCollectionOnSSTableWrite,,C:/Users/ismak/Documents/GitHub/relation_test_code_smell_ML/dataset/projects/cassandra/test/distributed/org/apache/cassandra/distributed/test/guardrails/GuardrailItemsPerCollectionOnSSTableWriteTest.java,0,0,1,4,0,0,0,0,0,0,1,1,1,0,0,0,0,0,0,1,0,0,0,0,0,0,0,0,0,0,0,0,0,0,0
cassandra,distributed/test/guardrails/GuardrailNonPartitionRestrictedQuery,GuardrailNonPartitionRestrictedQuery,,C:/Users/ismak/Documents/GitHub/relation_test_code_smell_ML/dataset/projects/cassandra/test/distributed/org/apache/cassandra/distributed/test/guardrails/GuardrailNonPartitionRestrictedQueryTest.java,0,0,1,9,0,0,0,0,0,0,1,1,1,0,1,0,0,0,0,0,1,0,0,1,0,0,0,0,0,1,1,1,0,0,0
cassandra,distributed/test/guardrails/GuardrailPartitionSize,GuardrailPartitionSize,,C:/Users/ismak/Documents/GitHub/relation_test_code_smell_ML/dataset/projects/cassandra/test/distributed/org/apache/cassandra/distributed/test/guardrails/GuardrailPartitionSizeTest.java,0,0,1,5,0,0,0,0,0,0,1,1,1,0,0,0,0,0,0,0,0,0,0,0,0,0,0,0,0,0,1,1,0,0,0
cassandra,distributed/test/guardrails/GuardrailPartitionTombstones,GuardrailPartitionTombstones,,C:/Users/ismak/Documents/GitHub/relation_test_code_smell_ML/dataset/projects/cassandra/test/distributed/org/apache/cassandra/distributed/test/guardrails/GuardrailPartitionTombstonesTest.java,0,0,1,5,0,0,0,0,0,0,1,1,1,0,0,0,0,0,0,0,0,0,0,0,0,0,0,0,0,0,1,1,0,0,0
cassandra,distributed/test/guardrails/GuardrailPasswordPolicy,GuardrailPasswordPolicy,,C:/Users/ismak/Documents/GitHub/relation_test_code_smell_ML/dataset/projects/cassandra/test/distributed/org/apache/cassandra/distributed/test/guardrails/GuardrailPasswordPolicyTest.java,0,0,1,6,0,0,0,0,0,0,1,1,1,0,1,0,0,0,0,1,0,0,0,0,0,0,0,0,0,0,0,0,0,1,0
cassandra,distributed/test/guardrails/GuardrailsRoleNamePolicy,GuardrailsRoleNamePolicy,,C:/Users/ismak/Documents/GitHub/relation_test_code_smell_ML/dataset/projects/cassandra/test/distributed/org/apache/cassandra/distributed/test/guardrails/GuardrailsRoleNamePolicyTest.java,0,0,1,5,0,0,0,0,0,0,1,1,1,0,1,0,0,0,0,1,0,0,0,0,0,0,0,0,0,0,0,0,0,0,0
cassandra,distributed/test/guardrails/IntersectFilteringQuery,IntersectFilteringQuery,,C:/Users/ismak/Documents/GitHub/relation_test_code_smell_ML/dataset/projects/cassandra/test/distributed/org/apache/cassandra/distributed/test/guardrails/IntersectFilteringQueryTest.java,0,0,1,4,0,0,0,0,0,0,1,1,1,0,1,0,0,0,0,0,0,0,0,0,0,0,0,0,0,0,0,0,0,0,0
cassandra,distributed/test/guardrails/MispreparedStatements,MispreparedStatements,,C:/Users/ismak/Documents/GitHub/relation_test_code_smell_ML/dataset/projects/cassandra/test/distributed/org/apache/cassandra/distributed/test/guardrails/MispreparedStatementsTest.java,0,0,1,4,0,0,0,0,0,0,1,1,1,0,1,0,0,0,0,0,0,0,0,0,0,0,0,0,0,0,0,0,0,0,0
cassandra,distributed/test/hostreplacement/AssassinateAbruptDownedNode,AssassinateAbruptDownedNode,,C:/Users/ismak/Documents/GitHub/relation_test_code_smell_ML/dataset/projects/cassandra/test/distributed/org/apache/cassandra/distributed/test/hostreplacement/AssassinateAbruptDownedNodeTest.java,0,0,1,3,0,0,0,0,0,0,1,1,1,0,0,0,0,0,0,0,0,0,0,0,0,0,0,0,0,0,0,0,0,0,0
cassandra,distributed/test/hostreplacement/AssassinateCMSNode,AssassinateCMSNode,,C:/Users/ismak/Documents/GitHub/relation_test_code_smell_ML/dataset/projects/cassandra/test/distributed/org/apache/cassandra/distributed/test/hostreplacement/AssassinateCMSNodeTest.java,0,0,1,6,0,0,0,0,0,0,1,1,1,0,1,0,0,0,0,1,0,0,0,0,0,0,0,0,0,1,0,0,0,0,0
cassandra,distributed/test/hostreplacement/AssassinateGracefullNode,AssassinateGracefullNode,,C:/Users/ismak/Documents/GitHub/relation_test_code_smell_ML/dataset/projects/cassandra/test/distributed/org/apache/cassandra/distributed/test/hostreplacement/AssassinateGracefullNodeTest.java,0,0,1,3,0,0,0,0,0,0,1,1,1,0,0,0,0,0,0,0,0,0,0,0,0,0,0,0,0,0,0,0,0,0,0
cassandra,distributed/test/hostreplacement/AssassinatedEmptyNode,AssassinatedEmptyNode,,C:/Users/ismak/Documents/GitHub/relation_test_code_smell_ML/dataset/projects/cassandra/test/distributed/org/apache/cassandra/distributed/test/hostreplacement/AssassinatedEmptyNodeTest.java,0,0,1,3,0,0,0,0,0,0,1,1,1,0,0,0,0,0,0,0,0,0,0,0,0,0,0,0,0,0,0,0,0,0,0
cassandra,distributed/test/hostreplacement/FailedBootstrap,FailedBootstrap,,C:/Users/ismak/Documents/GitHub/relation_test_code_smell_ML/dataset/projects/cassandra/test/distributed/org/apache/cassandra/distributed/test/hostreplacement/FailedBootstrapTest.java,0,0,1,6,0,0,0,0,0,0,1,1,1,0,1,1,0,0,0,1,0,0,0,0,0,0,0,0,0,0,0,0,0,0,0
cassandra,distributed/test/hostreplacement/HostReplacement,HostReplacement,,C:/Users/ismak/Documents/GitHub/relation_test_code_smell_ML/dataset/projects/cassandra/test/distributed/org/apache/cassandra/distributed/test/hostreplacement/HostReplacementTest.java,0,0,1,5,0,0,0,0,0,0,1,1,1,0,0,1,0,0,0,1,0,0,0,0,0,0,0,0,0,0,0,0,0,0,0
cassandra,distributed/test/hostreplacement/HostReplacementAbruptDownedInstance,HostReplacementAbruptDownedInstance,,C:/Users/ismak/Documents/GitHub/relation_test_code_smell_ML/dataset/projects/cassandra/test/distributed/org/apache/cassandra/distributed/test/hostreplacement/HostReplacementAbruptDownedInstanceTest.java,0,0,1,5,0,0,0,0,0,0,1,1,1,0,0,1,0,0,0,1,0,0,0,0,0,0,0,0,0,0,0,0,0,0,0
cassandra,distributed/test/hostreplacement/HostReplacementOfDownedCluster,HostReplacementOfDownedCluster,,C:/Users/ismak/Documents/GitHub/relation_test_code_smell_ML/dataset/projects/cassandra/test/distributed/org/apache/cassandra/distributed/test/hostreplacement/HostReplacementOfDownedClusterTest.java,0,0,1,5,0,0,0,0,0,0,1,1,1,0,0,1,0,0,0,1,0,0,0,0,0,0,0,0,0,0,0,0,0,0,0
cassandra,distributed/test/hostreplacement/NodeCannotJoinAsHibernatingNodeWithoutReplaceAddress,NodeCannotJoinAsHibernatingNodeWithoutReplaceAddress,,C:/Users/ismak/Documents/GitHub/relation_test_code_smell_ML/dataset/projects/cassandra/test/distributed/org/apache/cassandra/distributed/test/hostreplacement/NodeCannotJoinAsHibernatingNodeWithoutReplaceAddressTest.java,0,0,1,6,0,0,0,0,0,0,1,1,1,0,1,1,0,0,0,1,0,0,0,0,0,0,0,0,0,0,0,0,0,0,0
cassandra,distributed/test/jmx/JMXFeature,JMXFeature,,C:/Users/ismak/Documents/GitHub/relation_test_code_smell_ML/dataset/projects/cassandra/test/distributed/org/apache/cassandra/distributed/test/jmx/JMXFeatureTest.java,0,0,1,9,0,0,0,0,0,0,1,1,1,0,1,0,0,0,0,1,0,0,0,0,0,0,0,0,0,1,1,1,0,1,0
cassandra,distributed/test/jmx/JMXGetterCheck,JMXGetterCheck,,C:/Users/ismak/Documents/GitHub/relation_test_code_smell_ML/dataset/projects/cassandra/test/distributed/org/apache/cassandra/distributed/test/jmx/JMXGetterCheckTest.java,0,0,1,6,0,0,0,0,0,0,1,1,1,0,0,1,0,0,0,1,0,0,0,0,0,0,0,0,0,0,1,0,0,0,0
cassandra,distributed/test/jmx/JMXSslConfigDistributed,JMXSslConfigDistributed,,C:/Users/ismak/Documents/GitHub/relation_test_code_smell_ML/dataset/projects/cassandra/test/distributed/org/apache/cassandra/distributed/test/jmx/JMXSslConfigDistributedTest.java,0,0,1,5,0,0,0,0,0,0,1,1,1,0,0,0,0,0,0,1,0,0,0,0,0,0,0,0,0,0,1,0,0,0,0
cassandra,distributed/test/jmx/StorageServiceJmx,StorageServiceJmx,,C:/Users/ismak/Documents/GitHub/relation_test_code_smell_ML/dataset/projects/cassandra/test/distributed/org/apache/cassandra/distributed/test/jmx/StorageServiceJmxTest.java,0,0,1,6,0,0,0,0,0,0,1,1,1,0,1,1,0,0,0,1,0,0,0,0,0,0,0,0,0,0,0,0,0,0,0
cassandra,distributed/test/log/AlterTopology,AlterTopology,,C:/Users/ismak/Documents/GitHub/relation_test_code_smell_ML/dataset/projects/cassandra/test/distributed/org/apache/cassandra/distributed/test/log/AlterTopologyTest.java,0,0,1,6,0,0,0,0,0,0,1,1,1,0,1,1,0,0,0,1,0,0,0,0,0,0,0,0,0,0,0,0,0,0,0
cassandra,distributed/test/log/BootWithMetadata,BootWithMetadata,,C:/Users/ismak/Documents/GitHub/relation_test_code_smell_ML/dataset/projects/cassandra/test/distributed/org/apache/cassandra/distributed/test/log/BootWithMetadataTest.java,0,0,1,7,0,0,0,0,0,0,1,1,1,0,1,1,0,0,0,1,0,0,0,0,0,0,0,0,0,0,0,0,0,1,0
cassandra,distributed/test/log/BounceGossip,BounceGossip,,C:/Users/ismak/Documents/GitHub/relation_test_code_smell_ML/dataset/projects/cassandra/test/distributed/org/apache/cassandra/distributed/test/log/BounceGossipTest.java,0,0,1,7,0,0,0,0,0,0,1,1,1,0,1,1,0,0,0,1,0,0,1,0,0,0,0,0,0,0,0,0,0,0,0
cassandra,distributed/test/log/BounceIndexRebuild,BounceIndexRebuild,,C:/Users/ismak/Documents/GitHub/relation_test_code_smell_ML/dataset/projects/cassandra/test/distributed/org/apache/cassandra/distributed/test/log/BounceIndexRebuildTest.java,0,0,1,6,0,0,0,0,0,0,1,1,1,0,1,1,0,0,0,1,0,0,0,0,0,0,0,0,0,0,0,0,0,0,0
cassandra,distributed/test/log/BounceResetHostId,BounceResetHostId,,C:/Users/ismak/Documents/GitHub/relation_test_code_smell_ML/dataset/projects/cassandra/test/distributed/org/apache/cassandra/distributed/test/log/BounceResetHostIdTest.java,0,0,1,7,0,0,0,0,0,0,1,1,1,0,1,1,0,0,0,1,0,0,0,0,0,0,0,0,0,1,0,0,0,0,0
cassandra,distributed/test/log/CMSCatchup,CMSCatchup,,C:/Users/ismak/Documents/GitHub/relation_test_code_smell_ML/dataset/projects/cassandra/test/distributed/org/apache/cassandra/distributed/test/log/CMSCatchupTest.java,0,0,1,6,0,0,0,0,0,0,1,1,1,0,0,1,0,0,0,1,0,0,0,0,0,0,0,0,0,0,1,0,0,0,0
cassandra,distributed/test/log/CMSMembershipMetrics,CMSMembershipMetrics,,C:/Users/ismak/Documents/GitHub/relation_test_code_smell_ML/dataset/projects/cassandra/test/distributed/org/apache/cassandra/distributed/test/log/CMSMembershipMetricsTest.java,0,0,1,4,0,0,0,0,0,0,1,1,1,0,0,0,0,0,0,1,0,0,0,0,0,0,0,0,0,0,0,0,0,0,0
cassandra,distributed/test/log/CatchupViaSnapshot,CatchupViaSnapshot,,C:/Users/ismak/Documents/GitHub/relation_test_code_smell_ML/dataset/projects/cassandra/test/distributed/org/apache/cassandra/distributed/test/log/CatchupViaSnapshotTest.java,0,0,1,5,0,0,0,0,0,0,1,1,1,0,0,1,0,0,0,1,0,0,0,0,0,0,0,0,0,0,0,0,0,0,0
cassandra,distributed/test/log/ClusterMetadataDump,ClusterMetadataDump,,C:/Users/ismak/Documents/GitHub/relation_test_code_smell_ML/dataset/projects/cassandra/test/distributed/org/apache/cassandra/distributed/test/log/ClusterMetadataDumpTest.java,0,0,1,9,0,0,0,0,0,0,1,1,1,0,1,1,0,0,0,1,0,0,0,0,0,0,0,0,0,1,0,0,1,1,0
cassandra,distributed/test/log/ClusterMetadataSerializationRoundTrip,ClusterMetadataSerializationRoundTrip,,C:/Users/ismak/Documents/GitHub/relation_test_code_smell_ML/dataset/projects/cassandra/test/distributed/org/apache/cassandra/distributed/test/log/ClusterMetadataSerializationRoundTripTest.java,0,0,1,5,0,0,0,0,0,0,1,1,1,0,0,0,0,0,0,1,0,0,0,0,0,0,0,0,0,0,1,0,0,0,0
cassandra,distributed/test/log/CommitStartupByNonCMSNode,CommitStartupByNonCMSNode,,C:/Users/ismak/Documents/GitHub/relation_test_code_smell_ML/dataset/projects/cassandra/test/distributed/org/apache/cassandra/distributed/test/log/CommitStartupByNonCMSNodeTest.java,0,0,1,6,0,0,0,0,0,0,1,1,1,0,0,1,0,0,0,1,0,0,0,0,0,0,1,0,0,0,0,0,0,0,0
cassandra,distributed/test/log/ConflictingAddressRestart,ConflictingAddressRestart,,C:/Users/ismak/Documents/GitHub/relation_test_code_smell_ML/dataset/projects/cassandra/test/distributed/org/apache/cassandra/distributed/test/log/ConflictingAddressRestartTest.java,0,0,1,5,0,0,0,0,0,0,1,1,1,0,0,0,0,0,0,1,0,0,0,0,0,0,0,0,0,0,0,1,0,0,0
cassandra,distributed/test/log/CoordinatorPath,CoordinatorPath,,C:/Users/ismak/Documents/GitHub/relation_test_code_smell_ML/dataset/projects/cassandra/test/distributed/org/apache/cassandra/distributed/test/log/CoordinatorPathTest.java,0,0,1,7,0,0,0,0,0,0,1,1,1,0,1,1,0,0,0,1,0,0,0,0,0,0,0,0,0,0,0,0,0,1,0
cassandra,distributed/test/log/DiscoverCMS,DiscoverCMS,,C:/Users/ismak/Documents/GitHub/relation_test_code_smell_ML/dataset/projects/cassandra/test/distributed/org/apache/cassandra/distributed/test/log/DiscoverCMSTest.java,0,0,1,5,0,0,0,0,0,0,1,1,1,0,0,0,0,0,0,1,0,0,0,0,0,0,0,0,0,0,1,0,0,0,0
cassandra,distributed/test/log/DistributedLog,DistributedLog,,C:/Users/ismak/Documents/GitHub/relation_test_code_smell_ML/dataset/projects/cassandra/test/distributed/org/apache/cassandra/distributed/test/log/DistributedLogTest.java,0,0,1,7,0,0,0,0,0,0,1,1,1,0,1,1,0,0,0,1,0,0,0,0,1,0,0,0,0,0,0,0,0,0,0
cassandra,distributed/test/log/FailedLeave,FailedLeave,,C:/Users/ismak/Documents/GitHub/relation_test_code_smell_ML/dataset/projects/cassandra/test/distributed/org/apache/cassandra/distributed/test/log/FailedLeaveTest.java,0,0,1,5,0,0,0,0,0,0,1,1,1,0,0,0,0,0,0,1,0,0,0,0,0,0,0,0,0,0,1,0,0,0,0
cassandra,distributed/test/log/FetchLogFromPeers,FetchLogFromPeers,,C:/Users/ismak/Documents/GitHub/relation_test_code_smell_ML/dataset/projects/cassandra/test/distributed/org/apache/cassandra/distributed/test/log/FetchLogFromPeersTest.java,0,0,1,8,0,0,0,0,0,0,1,1,1,0,1,1,0,0,0,1,0,0,0,0,0,0,0,0,0,0,1,0,0,1,0
cassandra,distributed/test/log/FetchLogFromPeers2,FetchLogFromPeers2,,C:/Users/ismak/Documents/GitHub/relation_test_code_smell_ML/dataset/projects/cassandra/test/distributed/org/apache/cassandra/distributed/test/log/FetchLogFromPeers2Test.java,0,0,1,6,0,0,0,0,0,0,1,1,1,0,0,1,0,0,0,1,0,0,0,0,0,0,0,0,0,0,1,0,0,0,0
cassandra,distributed/test/log/FetchLogFromPeersDC,FetchLogFromPeersDC,,C:/Users/ismak/Documents/GitHub/relation_test_code_smell_ML/dataset/projects/cassandra/test/distributed/org/apache/cassandra/distributed/test/log/FetchLogFromPeersDCTest.java,0,0,1,5,0,0,0,0,0,0,1,1,1,0,0,1,0,0,0,1,0,0,0,0,0,0,0,0,0,0,0,0,0,0,0
cassandra,distributed/test/log/ForceSnapshot,ForceSnapshot,,C:/Users/ismak/Documents/GitHub/relation_test_code_smell_ML/dataset/projects/cassandra/test/distributed/org/apache/cassandra/distributed/test/log/ForceSnapshotTest.java,0,0,1,7,0,0,0,0,0,0,1,1,1,0,1,1,0,0,0,1,0,0,0,0,0,0,0,0,0,0,0,0,0,1,0
cassandra,distributed/test/log/GossipDeadlock,GossipDeadlock,,C:/Users/ismak/Documents/GitHub/relation_test_code_smell_ML/dataset/projects/cassandra/test/distributed/org/apache/cassandra/distributed/test/log/GossipDeadlockTest.java,0,0,1,6,0,0,0,0,0,0,1,1,1,0,0,1,0,0,0,1,0,0,1,0,0,0,0,0,0,0,0,0,0,0,0
cassandra,distributed/test/log/InProgressSequenceCoordination,InProgressSequenceCoordination,,C:/Users/ismak/Documents/GitHub/relation_test_code_smell_ML/dataset/projects/cassandra/test/distributed/org/apache/cassandra/distributed/test/log/InProgressSequenceCoordinationTest.java,0,0,1,7,0,0,0,0,0,0,1,1,1,0,1,0,0,0,0,1,1,0,0,0,0,0,0,0,0,0,1,0,0,0,0
cassandra,distributed/test/log/IncompatibleMetadataSerializationVersion,IncompatibleMetadataSerializationVersion,,C:/Users/ismak/Documents/GitHub/relation_test_code_smell_ML/dataset/projects/cassandra/test/distributed/org/apache/cassandra/distributed/test/log/IncompatibleMetadataSerializationVersionTest.java,0,0,1,5,0,0,0,0,0,0,1,1,1,0,1,0,0,0,0,1,0,0,0,0,0,0,0,0,0,0,0,0,0,0,0
cassandra,distributed/test/log/IndexParamsRecreate,IndexParamsRecreate,,C:/Users/ismak/Documents/GitHub/relation_test_code_smell_ML/dataset/projects/cassandra/test/distributed/org/apache/cassandra/distributed/test/log/IndexParamsRecreateTest.java,0,0,1,5,0,0,0,0,0,0,1,1,1,0,1,0,0,0,0,1,0,0,0,0,0,0,0,0,0,0,0,0,0,0,0
cassandra,distributed/test/log/KeyspaceParamsRecreate,KeyspaceParamsRecreate,,C:/Users/ismak/Documents/GitHub/relation_test_code_smell_ML/dataset/projects/cassandra/test/distributed/org/apache/cassandra/distributed/test/log/KeyspaceParamsRecreateTest.java,0,0,1,5,0,0,0,0,0,0,1,1,1,0,1,0,0,0,0,1,0,0,0,0,0,0,0,0,0,0,0,0,0,0,0
cassandra,distributed/test/log/MetadataChangeSimulation,MetadataChangeSimulation,,C:/Users/ismak/Documents/GitHub/relation_test_code_smell_ML/dataset/projects/cassandra/test/distributed/org/apache/cassandra/distributed/test/log/MetadataChangeSimulationTest.java,0,0,1,8,0,0,0,0,0,0,1,1,1,0,1,1,0,0,0,1,0,0,0,0,0,0,0,0,0,0,1,0,0,1,0
cassandra,distributed/test/log/MetadataKeys,MetadataKeys,,C:/Users/ismak/Documents/GitHub/relation_test_code_smell_ML/dataset/projects/cassandra/test/distributed/org/apache/cassandra/distributed/test/log/MetadataKeysTest.java,0,0,1,5,0,0,0,0,0,0,1,1,1,0,0,0,0,0,0,1,0,0,0,0,0,0,0,0,0,0,1,0,0,0,0
cassandra,distributed/test/log/NTSSimulation,NTSSimulation,,C:/Users/ismak/Documents/GitHub/relation_test_code_smell_ML/dataset/projects/cassandra/test/distributed/org/apache/cassandra/distributed/test/log/NTSSimulationTest.java,0,0,1,6,0,0,0,0,0,0,1,1,1,0,0,1,0,0,0,1,0,0,0,0,0,0,0,0,0,0,1,0,0,0,0
cassandra,distributed/test/log/OperationalEquivalence,OperationalEquivalence,,C:/Users/ismak/Documents/GitHub/relation_test_code_smell_ML/dataset/projects/cassandra/test/distributed/org/apache/cassandra/distributed/test/log/OperationalEquivalenceTest.java,0,0,1,6,0,0,0,0,0,0,1,1,1,0,0,1,0,0,0,1,0,0,0,0,0,0,0,0,0,0,1,0,0,0,0
cassandra,distributed/test/log/PauseCommits,PauseCommits,,C:/Users/ismak/Documents/GitHub/relation_test_code_smell_ML/dataset/projects/cassandra/test/distributed/org/apache/cassandra/distributed/test/log/PauseCommitsTest.java,0,0,1,4,0,0,0,0,0,0,1,1,1,0,0,0,0,0,0,1,0,0,0,0,0,0,0,0,0,0,0,0,0,0,0
cassandra,distributed/test/log/PlacementSimulator,PlacementSimulator,,C:/Users/ismak/Documents/GitHub/relation_test_code_smell_ML/dataset/projects/cassandra/test/distributed/org/apache/cassandra/distributed/test/log/PlacementSimulatorTest.java,0,0,1,7,0,0,0,0,0,0,1,1,1,0,0,1,0,0,0,1,0,0,0,1,0,0,0,0,0,0,1,0,0,0,0
cassandra,distributed/test/log/Processor,Processor,,C:/Users/ismak/Documents/GitHub/relation_test_code_smell_ML/dataset/projects/cassandra/test/distributed/org/apache/cassandra/distributed/test/log/TestProcessor.java,0,0,1,5,0,0,0,0,0,0,1,1,1,0,0,0,1,0,0,0,0,0,0,0,0,0,0,0,0,0,0,1,0,0,0
cassandra,distributed/test/log/QuorumIntersectionSimulator,QuorumIntersectionSimulator,,C:/Users/ismak/Documents/GitHub/relation_test_code_smell_ML/dataset/projects/cassandra/test/distributed/org/apache/cassandra/distributed/test/log/QuorumIntersectionSimulatorTest.java,0,0,1,4,0,0,0,0,0,0,1,1,1,0,0,0,0,0,0,0,0,0,0,0,0,0,0,0,0,0,1,0,0,0,0
cassandra,distributed/test/log/ReconfigureCMS,ReconfigureCMS,,C:/Users/ismak/Documents/GitHub/relation_test_code_smell_ML/dataset/projects/cassandra/test/distributed/org/apache/cassandra/distributed/test/log/ReconfigureCMSTest.java,0,0,1,8,0,0,0,0,0,0,1,1,1,0,1,1,0,0,0,1,0,0,0,0,0,0,0,0,0,1,0,0,0,1,0
cassandra,distributed/test/log/ReconfigureCMSStreaming,ReconfigureCMSStreaming,,C:/Users/ismak/Documents/GitHub/relation_test_code_smell_ML/dataset/projects/cassandra/test/distributed/org/apache/cassandra/distributed/test/log/ReconfigureCMSStreamingTest.java,0,0,1,6,0,0,0,0,0,0,1,1,1,0,1,1,0,0,0,1,0,0,0,0,0,0,0,0,0,0,0,0,0,0,0
cassandra,distributed/test/log/ReconfigureCMSStreamingFailure,ReconfigureCMSStreamingFailure,,C:/Users/ismak/Documents/GitHub/relation_test_code_smell_ML/dataset/projects/cassandra/test/distributed/org/apache/cassandra/distributed/test/log/ReconfigureCMSStreamingFailureTest.java,0,0,1,5,0,0,0,0,0,0,1,1,1,0,1,0,0,0,0,1,0,0,0,0,0,0,0,0,0,0,0,0,0,0,0
cassandra,distributed/test/log/Register,Register,,C:/Users/ismak/Documents/GitHub/relation_test_code_smell_ML/dataset/projects/cassandra/test/distributed/org/apache/cassandra/distributed/test/log/RegisterTest.java,0,0,1,7,0,0,0,0,0,0,1,1,1,0,1,1,0,0,0,1,0,0,0,0,0,0,0,0,0,0,1,0,0,0,0
cassandra,distributed/test/log/RepairSystemClusterMetadata,RepairSystemClusterMetadata,,C:/Users/ismak/Documents/GitHub/relation_test_code_smell_ML/dataset/projects/cassandra/test/distributed/org/apache/cassandra/distributed/test/log/RepairSystemClusterMetadataTest.java,0,0,1,4,0,0,0,0,0,0,1,1,1,0,0,0,0,0,0,1,0,0,0,0,0,0,0,0,0,0,0,0,0,0,0
cassandra,distributed/test/log/ReplayPersisted,ReplayPersisted,,C:/Users/ismak/Documents/GitHub/relation_test_code_smell_ML/dataset/projects/cassandra/test/distributed/org/apache/cassandra/distributed/test/log/ReplayPersistedTest.java,0,0,1,6,0,0,0,0,0,0,1,1,1,0,1,1,0,0,0,1,0,0,0,0,0,0,0,0,0,0,0,0,0,0,0
cassandra,distributed/test/log/RequestCurrentEpoch,RequestCurrentEpoch,,C:/Users/ismak/Documents/GitHub/relation_test_code_smell_ML/dataset/projects/cassandra/test/distributed/org/apache/cassandra/distributed/test/log/RequestCurrentEpochTest.java,0,0,1,5,0,0,0,0,0,0,1,1,1,0,0,0,0,0,0,1,0,0,0,0,1,0,0,0,0,0,0,0,0,0,0
cassandra,distributed/test/log/ResumableStartup,ResumableStartup,,C:/Users/ismak/Documents/GitHub/relation_test_code_smell_ML/dataset/projects/cassandra/test/distributed/org/apache/cassandra/distributed/test/log/ResumableStartupTest.java,0,0,1,5,0,0,0,0,0,0,1,1,1,0,0,1,0,0,0,1,0,0,0,0,0,0,0,0,0,0,0,0,0,0,0
cassandra,distributed/test/log/SimpleStrategySimulation,SimpleStrategySimulation,,C:/Users/ismak/Documents/GitHub/relation_test_code_smell_ML/dataset/projects/cassandra/test/distributed/org/apache/cassandra/distributed/test/log/SimpleStrategySimulationTest.java,0,0,1,6,0,0,0,0,0,0,1,1,1,0,0,1,0,0,0,1,0,0,0,0,0,0,0,0,0,0,1,0,0,0,0
cassandra,distributed/test/log/Snapshot,Snapshot,,C:/Users/ismak/Documents/GitHub/relation_test_code_smell_ML/dataset/projects/cassandra/test/distributed/org/apache/cassandra/distributed/test/log/SnapshotTest.java,0,0,1,6,0,0,0,0,0,0,1,1,1,0,1,1,0,0,0,1,0,0,0,0,0,0,0,0,0,0,0,0,0,0,0
cassandra,distributed/test/log/SystemKeyspaceStorage,SystemKeyspaceStorage,,C:/Users/ismak/Documents/GitHub/relation_test_code_smell_ML/dataset/projects/cassandra/test/distributed/org/apache/cassandra/distributed/test/log/SystemKeyspaceStorageTest.java,0,0,1,8,0,0,0,0,0,0,1,1,1,0,1,1,0,0,0,1,0,0,0,0,0,0,0,0,0,1,1,0,0,0,0
cassandra,distributed/test/log/TableParamsRecreate,TableParamsRecreate,,C:/Users/ismak/Documents/GitHub/relation_test_code_smell_ML/dataset/projects/cassandra/test/distributed/org/apache/cassandra/distributed/test/log/TableParamsRecreateTest.java,0,0,1,7,0,0,0,0,0,0,1,1,1,0,1,1,0,0,0,1,0,0,0,0,0,0,0,0,0,0,1,0,0,0,0
cassandra,distributed/test/log/TriggeredReconfigureCMS,TriggeredReconfigureCMS,,C:/Users/ismak/Documents/GitHub/relation_test_code_smell_ML/dataset/projects/cassandra/test/distributed/org/apache/cassandra/distributed/test/log/TriggeredReconfigureCMSTest.java,0,0,1,8,0,0,0,0,0,0,1,1,1,0,1,1,0,0,0,1,0,0,0,0,0,0,0,0,0,1,0,0,0,1,0
cassandra,distributed/test/log/Unregister,Unregister,,C:/Users/ismak/Documents/GitHub/relation_test_code_smell_ML/dataset/projects/cassandra/test/distributed/org/apache/cassandra/distributed/test/log/UnregisterTest.java,0,0,1,7,0,0,0,0,0,0,1,1,1,0,1,1,0,0,0,1,0,0,0,0,0,0,0,0,0,0,0,0,0,1,0
cassandra,distributed/test/metric/TableMetric,TableMetric,,C:/Users/ismak/Documents/GitHub/relation_test_code_smell_ML/dataset/projects/cassandra/test/distributed/org/apache/cassandra/distributed/test/metric/TableMetricTest.java,0,0,1,4,0,0,0,0,0,0,1,1,1,0,0,0,0,0,0,1,0,0,0,0,0,0,0,0,0,0,0,0,0,0,0
cassandra,distributed/test/metrics/CoordinatorReadLatencyMetric,CoordinatorReadLatencyMetric,,C:/Users/ismak/Documents/GitHub/relation_test_code_smell_ML/dataset/projects/cassandra/test/distributed/org/apache/cassandra/distributed/test/metrics/CoordinatorReadLatencyMetricTest.java,0,0,1,7,0,0,0,0,0,0,1,1,1,0,0,1,0,0,0,1,0,0,0,0,0,0,0,0,0,0,1,1,0,0,0
cassandra,distributed/test/metrics/HintsServiceMetrics,HintsServiceMetrics,,C:/Users/ismak/Documents/GitHub/relation_test_code_smell_ML/dataset/projects/cassandra/test/distributed/org/apache/cassandra/distributed/test/metrics/HintsServiceMetricsTest.java,0,0,1,7,0,0,0,0,0,0,1,1,1,0,1,1,0,0,0,1,0,0,0,0,0,0,0,0,0,1,0,0,0,0,0
cassandra,distributed/test/metrics/RequestTimeout,RequestTimeout,,C:/Users/ismak/Documents/GitHub/relation_test_code_smell_ML/dataset/projects/cassandra/test/distributed/org/apache/cassandra/distributed/test/metrics/RequestTimeoutTest.java,0,0,1,3,0,0,0,0,0,0,1,1,1,0,0,0,0,0,0,0,0,0,0,0,0,0,0,0,0,0,0,0,0,0,0
cassandra,distributed/test/metrics/StreamingMetrics,StreamingMetrics,,C:/Users/ismak/Documents/GitHub/relation_test_code_smell_ML/dataset/projects/cassandra/test/distributed/org/apache/cassandra/distributed/test/metrics/StreamingMetricsTest.java,0,0,1,7,0,0,0,0,0,0,1,1,1,0,1,1,0,0,0,1,0,0,0,0,0,0,0,0,0,0,1,0,0,0,0
cassandra,distributed/test/repair/AutoRepairScheduler,AutoRepairScheduler,,C:/Users/ismak/Documents/GitHub/relation_test_code_smell_ML/dataset/projects/cassandra/test/distributed/org/apache/cassandra/distributed/test/repair/AutoRepairSchedulerTest.java,0,0,1,5,0,0,0,0,0,0,1,1,1,0,1,0,0,0,0,1,0,0,0,0,0,0,0,0,0,0,0,0,0,0,0
cassandra,distributed/test/repair/AutoRepairSchedulerDisallowParallelReplicaRepairAcrossSchedules,AutoRepairSchedulerDisallowParallelReplicaRepairAcrossSchedules,,C:/Users/ismak/Documents/GitHub/relation_test_code_smell_ML/dataset/projects/cassandra/test/distributed/org/apache/cassandra/distributed/test/repair/AutoRepairSchedulerDisallowParallelReplicaRepairAcrossSchedulesTest.java,0,0,1,5,0,0,0,0,0,0,1,1,1,0,1,0,0,0,0,1,0,0,0,0,0,0,0,0,0,0,0,0,0,0,0
cassandra,distributed/test/repair/AutoRepairSchedulerStatsNoVNodes,AutoRepairSchedulerStatsNoVNodes,,C:/Users/ismak/Documents/GitHub/relation_test_code_smell_ML/dataset/projects/cassandra/test/distributed/org/apache/cassandra/distributed/test/repair/AutoRepairSchedulerStatsNoVNodesTest.java,0,0,1,5,0,0,0,0,0,0,1,1,1,0,0,0,0,0,0,1,0,0,0,0,0,0,0,0,0,0,1,0,0,0,0
cassandra,distributed/test/repair/AutoRepairSchedulerStatsVNodes,AutoRepairSchedulerStatsVNodes,,C:/Users/ismak/Documents/GitHub/relation_test_code_smell_ML/dataset/projects/cassandra/test/distributed/org/apache/cassandra/distributed/test/repair/AutoRepairSchedulerStatsVNodesTest.java,0,0,1,5,0,0,0,0,0,0,1,1,1,0,0,0,0,0,0,1,0,0,0,0,0,0,0,0,0,0,1,0,0,0,0
cassandra,distributed/test/repair/ConcurrentValidationRequests,ConcurrentValidationRequests,,C:/Users/ismak/Documents/GitHub/relation_test_code_smell_ML/dataset/projects/cassandra/test/distributed/org/apache/cassandra/distributed/test/repair/ConcurrentValidationRequestsTest.java,0,0,1,5,0,0,0,0,0,0,1,1,1,0,0,1,0,0,0,1,0,0,0,0,0,0,0,0,0,0,0,0,0,0,0
cassandra,distributed/test/repair/ForceRepair,ForceRepair,,C:/Users/ismak/Documents/GitHub/relation_test_code_smell_ML/dataset/projects/cassandra/test/distributed/org/apache/cassandra/distributed/test/repair/ForceRepairTest.java,0,0,1,5,0,0,0,0,0,0,1,1,1,0,0,0,0,0,0,1,0,0,0,0,0,0,0,0,0,0,1,0,0,0,0
cassandra,distributed/test/repair/NoTombstonePurging,NoTombstonePurging,,C:/Users/ismak/Documents/GitHub/relation_test_code_smell_ML/dataset/projects/cassandra/test/distributed/org/apache/cassandra/distributed/test/repair/NoTombstonePurgingTest.java,0,0,1,6,0,0,0,0,0,0,1,1,1,0,0,0,0,0,0,1,0,0,0,0,0,0,0,0,0,0,1,1,0,0,0
cassandra,distributed/test/ring/AssignSameTokenToMultipleNodes,AssignSameTokenToMultipleNodes,,C:/Users/ismak/Documents/GitHub/relation_test_code_smell_ML/dataset/projects/cassandra/test/distributed/org/apache/cassandra/distributed/test/ring/AssignSameTokenToMultipleNodesTest.java,0,0,1,5,0,0,0,0,0,0,1,1,1,0,1,0,0,0,0,1,0,0,0,0,0,0,0,0,0,0,0,0,0,0,0
cassandra,distributed/test/ring/AutoBootstrap,AutoBootstrap,,C:/Users/ismak/Documents/GitHub/relation_test_code_smell_ML/dataset/projects/cassandra/test/distributed/org/apache/cassandra/distributed/test/ring/AutoBootstrapTest.java,0,0,1,5,0,0,0,0,0,0,1,1,1,0,0,1,0,0,0,1,0,0,0,0,0,0,0,0,0,0,0,0,0,0,0
cassandra,distributed/test/ring/Bootstrap,Bootstrap,,C:/Users/ismak/Documents/GitHub/relation_test_code_smell_ML/dataset/projects/cassandra/test/distributed/org/apache/cassandra/distributed/test/ring/BootstrapTest.java,0,0,1,8,0,0,0,0,0,0,1,1,1,0,1,0,0,0,0,1,0,0,0,0,0,0,0,0,0,0,1,1,0,1,0
cassandra,distributed/test/ring/BootstrapCompaction,BootstrapCompaction,,C:/Users/ismak/Documents/GitHub/relation_test_code_smell_ML/dataset/projects/cassandra/test/distributed/org/apache/cassandra/distributed/test/ring/BootstrapCompactionTest.java,0,0,1,5,0,0,0,0,0,0,1,1,1,0,0,0,0,0,0,1,0,0,0,0,0,0,0,0,0,0,1,0,0,0,0
cassandra,distributed/test/ring/BootstrapResetProgress,BootstrapResetProgress,,C:/Users/ismak/Documents/GitHub/relation_test_code_smell_ML/dataset/projects/cassandra/test/distributed/org/apache/cassandra/distributed/test/ring/BootstrapResetProgressTest.java,0,0,1,5,0,0,0,0,0,0,1,1,1,0,0,1,0,0,0,1,0,0,0,0,0,0,0,0,0,0,0,0,0,0,0
cassandra,distributed/test/ring/CMSMembership,CMSMembership,,C:/Users/ismak/Documents/GitHub/relation_test_code_smell_ML/dataset/projects/cassandra/test/distributed/org/apache/cassandra/distributed/test/ring/CMSMembershipTest.java,0,0,1,9,0,0,0,0,0,0,1,1,1,0,1,1,0,0,0,1,0,0,0,0,0,0,0,0,0,1,1,0,0,1,0
cassandra,distributed/test/ring/CMSUrgentMessages,CMSUrgentMessages,,C:/Users/ismak/Documents/GitHub/relation_test_code_smell_ML/dataset/projects/cassandra/test/distributed/org/apache/cassandra/distributed/test/ring/CMSUrgentMessagesTest.java,0,0,1,6,0,0,0,0,0,0,1,1,1,0,0,1,0,0,0,1,0,0,0,0,0,0,0,0,0,0,1,0,0,0,0
cassandra,distributed/test/ring/CleanupDuringRangeMovement,CleanupDuringRangeMovement,,C:/Users/ismak/Documents/GitHub/relation_test_code_smell_ML/dataset/projects/cassandra/test/distributed/org/apache/cassandra/distributed/test/ring/CleanupDuringRangeMovementTest.java,0,0,1,6,0,0,0,0,0,0,1,1,1,0,1,0,0,0,0,1,0,0,0,0,0,0,0,0,0,1,0,0,0,0,0
cassandra,distributed/test/ring/CommunicationDuringDecommission,CommunicationDuringDecommission,,C:/Users/ismak/Documents/GitHub/relation_test_code_smell_ML/dataset/projects/cassandra/test/distributed/org/apache/cassandra/distributed/test/ring/CommunicationDuringDecommissionTest.java,0,0,1,7,0,0,0,0,0,0,1,1,1,0,1,1,0,0,0,1,0,0,0,0,0,0,0,0,0,0,0,0,0,1,0
cassandra,distributed/test/ring/Decommission,Decommission,,C:/Users/ismak/Documents/GitHub/relation_test_code_smell_ML/dataset/projects/cassandra/test/distributed/org/apache/cassandra/distributed/test/ring/DecommissionTest.java,0,0,1,9,0,0,0,0,0,0,1,1,1,0,1,1,0,0,0,1,0,0,0,0,1,0,0,0,0,1,0,0,0,1,0
cassandra,distributed/test/ring/NodeNotInRing,NodeNotInRing,,C:/Users/ismak/Documents/GitHub/relation_test_code_smell_ML/dataset/projects/cassandra/test/distributed/org/apache/cassandra/distributed/test/ring/NodeNotInRingTest.java,0,0,1,6,0,0,0,0,0,0,1,1,1,0,1,0,0,0,0,1,0,0,0,0,0,0,0,0,0,0,0,0,0,1,0
cassandra,distributed/test/ring/RangeVersioning,RangeVersioning,,C:/Users/ismak/Documents/GitHub/relation_test_code_smell_ML/dataset/projects/cassandra/test/distributed/org/apache/cassandra/distributed/test/ring/RangeVersioningTest.java,0,0,1,6,0,0,0,0,0,0,1,1,1,0,0,1,0,0,0,1,0,0,1,0,0,0,0,0,0,0,0,0,0,0,0
cassandra,distributed/test/ring/StopProcessingException,StopProcessingException,,C:/Users/ismak/Documents/GitHub/relation_test_code_smell_ML/dataset/projects/cassandra/test/distributed/org/apache/cassandra/distributed/test/ring/StopProcessingExceptionTest.java,0,0,1,5,0,0,0,0,0,0,1,1,1,0,0,0,0,0,0,1,0,0,0,0,0,0,0,0,0,0,1,0,0,0,0
cassandra,distributed/test/sai/ConcurrencyFactor,ConcurrencyFactor,,C:/Users/ismak/Documents/GitHub/relation_test_code_smell_ML/dataset/projects/cassandra/test/distributed/org/apache/cassandra/distributed/test/sai/ConcurrencyFactorTest.java,0,0,1,5,0,0,0,0,0,0,1,1,1,0,0,1,0,0,0,0,0,0,0,0,0,0,0,0,0,0,1,0,0,0,0
cassandra,distributed/test/sai/ImportIndexedSSTables,ImportIndexedSSTables,,C:/Users/ismak/Documents/GitHub/relation_test_code_smell_ML/dataset/projects/cassandra/test/distributed/org/apache/cassandra/distributed/test/sai/ImportIndexedSSTablesTest.java,0,0,1,5,0,0,0,0,0,0,1,1,1,0,1,0,0,0,0,0,0,0,0,0,0,0,0,0,0,1,0,0,0,0,0
cassandra,distributed/test/sai/IndexAvailability,IndexAvailability,,C:/Users/ismak/Documents/GitHub/relation_test_code_smell_ML/dataset/projects/cassandra/test/distributed/org/apache/cassandra/distributed/test/sai/IndexAvailabilityTest.java,0,0,1,8,0,0,0,0,0,0,1,1,1,0,1,1,0,0,0,1,0,0,0,0,0,0,0,0,0,1,1,0,0,0,0
cassandra,distributed/test/sai/IndexHintsDistributed,IndexHintsDistributed,,C:/Users/ismak/Documents/GitHub/relation_test_code_smell_ML/dataset/projects/cassandra/test/distributed/org/apache/cassandra/distributed/test/sai/IndexHintsDistributedTest.java,0,0,1,6,0,0,0,0,0,0,1,1,1,0,0,0,0,0,0,1,0,0,0,0,0,0,0,0,0,0,1,1,0,0,0
cassandra,distributed/test/sai/IndexStreaming,IndexStreaming,,C:/Users/ismak/Documents/GitHub/relation_test_code_smell_ML/dataset/projects/cassandra/test/distributed/org/apache/cassandra/distributed/test/sai/IndexStreamingTest.java,0,0,1,7,0,0,0,0,0,0,1,1,1,0,1,1,0,0,0,1,0,0,0,0,0,0,0,0,0,1,0,0,0,0,0
cassandra,distributed/test/sai/IndexStreamingFailure,IndexStreamingFailure,,C:/Users/ismak/Documents/GitHub/relation_test_code_smell_ML/dataset/projects/cassandra/test/distributed/org/apache/cassandra/distributed/test/sai/IndexStreamingFailureTest.java,0,0,1,7,0,0,0,0,0,0,1,1,1,0,0,1,0,0,0,1,0,0,0,0,0,0,0,0,0,0,1,1,0,0,0
cassandra,distributed/test/sai/PartialUpdateHandling,PartialUpdateHandling,,C:/Users/ismak/Documents/GitHub/relation_test_code_smell_ML/dataset/projects/cassandra/test/distributed/org/apache/cassandra/distributed/test/sai/PartialUpdateHandlingTest.java,0,0,1,5,0,0,0,0,0,0,1,1,1,0,0,1,0,0,0,0,0,0,0,0,0,0,0,0,0,0,1,0,0,0,0
cassandra,distributed/test/sai/PartialWritesWithRepair,PartialWritesWithRepair,,C:/Users/ismak/Documents/GitHub/relation_test_code_smell_ML/dataset/projects/cassandra/test/distributed/org/apache/cassandra/distributed/test/sai/PartialWritesWithRepairTest.java,0,0,1,5,0,0,0,0,0,0,1,1,1,0,0,1,0,0,0,1,0,0,0,0,0,0,0,0,0,0,0,0,0,0,0
cassandra,distributed/test/sai/ReplicaFilteringWithStatics,ReplicaFilteringWithStatics,,C:/Users/ismak/Documents/GitHub/relation_test_code_smell_ML/dataset/projects/cassandra/test/distributed/org/apache/cassandra/distributed/test/sai/ReplicaFilteringWithStaticsTest.java,0,0,1,6,0,0,0,0,0,0,1,1,1,0,0,1,0,0,0,0,0,0,0,0,0,0,0,0,0,0,1,1,0,0,0
cassandra,distributed/test/sai/StrictFiltering,StrictFiltering,,C:/Users/ismak/Documents/GitHub/relation_test_code_smell_ML/dataset/projects/cassandra/test/distributed/org/apache/cassandra/distributed/test/sai/StrictFilteringTest.java,0,0,1,3,0,0,0,0,0,0,1,1,1,0,0,0,0,0,0,0,0,0,0,0,0,0,0,0,0,0,0,0,0,0,0
cassandra,distributed/test/sai/VectorDistributed,VectorDistributed,,C:/Users/ismak/Documents/GitHub/relation_test_code_smell_ML/dataset/projects/cassandra/test/distributed/org/apache/cassandra/distributed/test/sai/VectorDistributedTest.java,0,0,1,8,0,0,0,0,0,0,1,1,1,0,1,1,0,0,0,0,1,0,0,0,0,0,0,0,0,1,1,0,0,0,0
cassandra,distributed/test/sai/VectorValidation,VectorValidation,,C:/Users/ismak/Documents/GitHub/relation_test_code_smell_ML/dataset/projects/cassandra/test/distributed/org/apache/cassandra/distributed/test/sai/VectorValidationTest.java,0,0,1,4,0,0,0,0,0,0,1,1,1,0,0,0,0,0,0,1,0,0,0,0,0,0,0,0,0,0,0,0,0,0,0
cassandra,distributed/test/streaming/BoundException,BoundException,,C:/Users/ismak/Documents/GitHub/relation_test_code_smell_ML/dataset/projects/cassandra/test/distributed/org/apache/cassandra/distributed/test/streaming/BoundExceptionTest.java,0,0,1,4,0,0,0,0,0,0,1,1,1,0,0,0,0,0,0,0,0,0,0,0,1,0,0,0,0,0,0,0,0,0,0
cassandra,distributed/test/streaming/IndexBuildFailsAfterStreaming,IndexBuildFailsAfterStreaming,,C:/Users/ismak/Documents/GitHub/relation_test_code_smell_ML/dataset/projects/cassandra/test/distributed/org/apache/cassandra/distributed/test/streaming/IndexBuildFailsAfterStreamingTest.java,0,0,1,7,0,0,0,0,0,0,1,1,1,0,1,1,0,0,0,1,0,0,0,0,0,0,0,0,0,0,0,0,0,1,0
cassandra,distributed/test/streaming/LCSStreamingKeepLevel,LCSStreamingKeepLevel,,C:/Users/ismak/Documents/GitHub/relation_test_code_smell_ML/dataset/projects/cassandra/test/distributed/org/apache/cassandra/distributed/test/streaming/LCSStreamingKeepLevelTest.java,0,0,1,4,0,0,0,0,0,0,1,1,1,0,0,0,0,0,0,1,0,0,0,0,0,0,0,0,0,0,0,0,0,0,0
cassandra,distributed/test/streaming/RebuildStreaming,RebuildStreaming,,C:/Users/ismak/Documents/GitHub/relation_test_code_smell_ML/dataset/projects/cassandra/test/distributed/org/apache/cassandra/distributed/test/streaming/RebuildStreamingTest.java,0,0,1,6,0,0,0,0,0,0,1,1,1,0,0,0,0,0,0,1,0,0,0,0,0,0,0,0,0,0,1,1,0,0,0
cassandra,distributed/test/streaming/StreamCloseInMiddle,StreamCloseInMiddle,,C:/Users/ismak/Documents/GitHub/relation_test_code_smell_ML/dataset/projects/cassandra/test/distributed/org/apache/cassandra/distributed/test/streaming/StreamCloseInMiddleTest.java,0,0,1,5,0,0,0,0,0,0,1,1,1,0,0,0,0,0,0,1,0,0,0,0,0,0,0,0,0,0,1,0,0,0,0
cassandra,distributed/test/streaming/StreamDisconnectedWhileReceiving,StreamDisconnectedWhileReceiving,,C:/Users/ismak/Documents/GitHub/relation_test_code_smell_ML/dataset/projects/cassandra/test/distributed/org/apache/cassandra/distributed/test/streaming/StreamDisconnectedWhileReceivingTest.java,0,0,1,5,0,0,0,0,0,0,1,1,1,0,0,0,0,0,0,1,0,0,0,0,0,0,0,0,0,0,1,0,0,0,0
cassandra,distributed/test/streaming/StreamFailedAfterReceiving,StreamFailedAfterReceiving,,C:/Users/ismak/Documents/GitHub/relation_test_code_smell_ML/dataset/projects/cassandra/test/distributed/org/apache/cassandra/distributed/test/streaming/StreamFailedAfterReceivingTest.java,0,0,1,6,0,0,0,0,0,0,1,1,1,0,0,1,0,0,0,1,0,0,0,0,0,0,0,0,0,0,1,0,0,0,0
cassandra,distributed/test/streaming/StreamFailedAfterTransfer,StreamFailedAfterTransfer,,C:/Users/ismak/Documents/GitHub/relation_test_code_smell_ML/dataset/projects/cassandra/test/distributed/org/apache/cassandra/distributed/test/streaming/StreamFailedAfterTransferTest.java,0,0,1,9,0,0,0,0,0,0,1,1,1,0,0,1,0,0,0,1,0,1,0,0,1,0,0,0,0,0,0,0,1,1,0
cassandra,distributed/test/streaming/StreamFailedWhileReceiving,StreamFailedWhileReceiving,,C:/Users/ismak/Documents/GitHub/relation_test_code_smell_ML/dataset/projects/cassandra/test/distributed/org/apache/cassandra/distributed/test/streaming/StreamFailedWhileReceivingTest.java,0,0,1,5,0,0,0,0,0,0,1,1,1,0,0,0,0,0,0,1,0,0,0,0,0,0,0,0,0,0,1,0,0,0,0
cassandra,distributed/test/streaming/StreamFailureLogsFailureDueToSessionFailed,StreamFailureLogsFailureDueToSessionFailed,,C:/Users/ismak/Documents/GitHub/relation_test_code_smell_ML/dataset/projects/cassandra/test/distributed/org/apache/cassandra/distributed/test/streaming/StreamFailureLogsFailureDueToSessionFailedTest.java,0,0,1,5,0,0,0,0,0,0,1,1,1,0,0,0,0,0,0,1,0,0,0,0,0,0,0,0,0,0,1,0,0,0,0
cassandra,distributed/test/streaming/StreamFailureLogsFailureDueToSessionTimeout,StreamFailureLogsFailureDueToSessionTimeout,,C:/Users/ismak/Documents/GitHub/relation_test_code_smell_ML/dataset/projects/cassandra/test/distributed/org/apache/cassandra/distributed/test/streaming/StreamFailureLogsFailureDueToSessionTimeoutTest.java,0,0,1,5,0,0,0,0,0,0,1,1,1,0,0,0,0,0,0,1,0,0,0,0,0,0,0,0,0,0,1,0,0,0,0
cassandra,distributed/test/streaming/StreamFailureLogsFailureInTheMiddleWithEOF,StreamFailureLogsFailureInTheMiddleWithEOF,,C:/Users/ismak/Documents/GitHub/relation_test_code_smell_ML/dataset/projects/cassandra/test/distributed/org/apache/cassandra/distributed/test/streaming/StreamFailureLogsFailureInTheMiddleWithEOFTest.java,0,0,1,5,0,0,0,0,0,0,1,1,1,0,0,0,0,0,0,1,0,0,0,0,0,0,0,0,0,0,1,0,0,0,0
cassandra,distributed/test/streaming/StreamFailureLogsFailureInTheMiddleWithUnknown,StreamFailureLogsFailureInTheMiddleWithUnknown,,C:/Users/ismak/Documents/GitHub/relation_test_code_smell_ML/dataset/projects/cassandra/test/distributed/org/apache/cassandra/distributed/test/streaming/StreamFailureLogsFailureInTheMiddleWithUnknownTest.java,0,0,1,5,0,0,0,0,0,0,1,1,1,0,0,0,0,0,0,1,0,0,0,0,0,0,0,0,0,0,1,0,0,0,0
cassandra,distributed/test/streaming/StreamingStatsDisabled,StreamingStatsDisabled,,C:/Users/ismak/Documents/GitHub/relation_test_code_smell_ML/dataset/projects/cassandra/test/distributed/org/apache/cassandra/distributed/test/streaming/StreamingStatsDisabledTest.java,0,0,1,6,0,0,0,0,0,0,1,1,1,0,1,1,0,0,0,1,0,0,0,0,0,0,0,0,0,0,0,0,0,0,0
cassandra,distributed/test/tcm/CMSPlacementAfterBootstrap,CMSPlacementAfterBootstrap,,C:/Users/ismak/Documents/GitHub/relation_test_code_smell_ML/dataset/projects/cassandra/test/distributed/org/apache/cassandra/distributed/test/tcm/CMSPlacementAfterBootstrapTest.java,0,0,1,5,0,0,0,0,0,0,1,1,1,0,0,1,0,0,0,1,0,0,0,0,0,0,0,0,0,0,0,0,0,0,0
cassandra,distributed/test/tcm/CMSPlacementAfterMove,CMSPlacementAfterMove,,C:/Users/ismak/Documents/GitHub/relation_test_code_smell_ML/dataset/projects/cassandra/test/distributed/org/apache/cassandra/distributed/test/tcm/CMSPlacementAfterMoveTest.java,0,0,1,4,0,0,0,0,0,0,1,1,1,0,0,0,0,0,0,1,0,0,0,0,0,0,0,0,0,0,0,0,0,0,0
cassandra,distributed/test/tcm/CMSPlacementAfterReplacement,CMSPlacementAfterReplacement,,C:/Users/ismak/Documents/GitHub/relation_test_code_smell_ML/dataset/projects/cassandra/test/distributed/org/apache/cassandra/distributed/test/tcm/CMSPlacementAfterReplacementTest.java,0,0,1,6,0,0,0,0,0,0,1,1,1,0,0,1,0,0,0,1,0,0,0,0,0,0,0,0,0,0,1,0,0,0,0
cassandra,distributed/test/tcm/CMSShutdown,CMSShutdown,,C:/Users/ismak/Documents/GitHub/relation_test_code_smell_ML/dataset/projects/cassandra/test/distributed/org/apache/cassandra/distributed/test/tcm/CMSShutdownTest.java,0,0,1,5,0,0,0,0,0,0,1,1,1,0,0,0,0,0,0,1,0,0,0,0,0,0,0,0,0,0,1,0,0,0,0
cassandra,distributed/test/tcm/ClusterMetadataAbortedBootstrapRejoin,ClusterMetadataAbortedBootstrapRejoin,,C:/Users/ismak/Documents/GitHub/relation_test_code_smell_ML/dataset/projects/cassandra/test/distributed/org/apache/cassandra/distributed/test/tcm/ClusterMetadataAbortedBootstrapRejoinTest.java,0,0,1,5,0,0,0,0,0,0,1,1,1,0,0,1,0,0,0,1,0,0,0,0,0,0,0,0,0,0,0,0,0,0,0
cassandra,distributed/test/tcm/FailureDetectorRecompute,FailureDetectorRecompute,,C:/Users/ismak/Documents/GitHub/relation_test_code_smell_ML/dataset/projects/cassandra/test/distributed/org/apache/cassandra/distributed/test/tcm/FailureDetectorRecomputeTest.java,0,0,1,6,0,0,0,0,0,0,1,1,1,0,0,1,0,0,0,1,0,0,0,0,0,0,0,0,0,0,1,0,0,0,0
cassandra,distributed/test/tcm/IndexTablePartitionerAfterForceSnapshot,IndexTablePartitionerAfterForceSnapshot,,C:/Users/ismak/Documents/GitHub/relation_test_code_smell_ML/dataset/projects/cassandra/test/distributed/org/apache/cassandra/distributed/test/tcm/IndexTablePartitionerAfterForceSnapshotTest.java,0,0,1,6,0,0,0,0,0,0,1,1,1,0,0,1,0,0,0,1,0,0,0,0,0,0,0,0,0,0,0,0,0,1,0
cassandra,distributed/test/tcm/LogReplication,LogReplication,,C:/Users/ismak/Documents/GitHub/relation_test_code_smell_ML/dataset/projects/cassandra/test/distributed/org/apache/cassandra/distributed/test/tcm/LogReplicationTest.java,0,0,1,7,0,0,0,0,0,0,1,1,1,0,1,0,0,0,0,1,0,0,1,0,0,0,0,0,0,0,0,0,0,1,0
cassandra,distributed/test/tcm/LostCommitReqRes,LostCommitReqRes,,C:/Users/ismak/Documents/GitHub/relation_test_code_smell_ML/dataset/projects/cassandra/test/distributed/org/apache/cassandra/distributed/test/tcm/LostCommitReqResTest.java,0,0,1,4,0,0,0,0,0,0,1,1,1,0,0,0,0,0,0,1,0,0,0,0,0,0,0,0,0,0,0,0,0,0,0
cassandra,distributed/test/tcm/PaxosRepairTCM,PaxosRepairTCM,,C:/Users/ismak/Documents/GitHub/relation_test_code_smell_ML/dataset/projects/cassandra/test/distributed/org/apache/cassandra/distributed/test/tcm/PaxosRepairTCMTest.java,0,0,1,5,0,0,0,0,0,0,1,1,1,0,0,1,0,0,0,1,0,0,0,0,0,0,0,0,0,0,0,0,0,0,0
cassandra,distributed/test/tcm/RepairMetadataKeyspace,RepairMetadataKeyspace,,C:/Users/ismak/Documents/GitHub/relation_test_code_smell_ML/dataset/projects/cassandra/test/distributed/org/apache/cassandra/distributed/test/tcm/RepairMetadataKeyspaceTest.java,0,0,1,9,0,0,0,0,0,0,1,1,1,0,1,1,0,0,0,1,0,1,0,0,0,0,0,0,0,1,0,0,1,0,0
cassandra,distributed/test/tcm/SplitBrain,SplitBrain,,C:/Users/ismak/Documents/GitHub/relation_test_code_smell_ML/dataset/projects/cassandra/test/distributed/org/apache/cassandra/distributed/test/tcm/SplitBrainTest.java,0,0,1,6,0,0,0,0,0,0,1,1,1,0,1,1,0,0,0,1,0,0,0,0,0,0,0,0,0,0,0,0,0,0,0
cassandra,distributed/test/thresholds/CoordinatorReadSizeWarning,CoordinatorReadSizeWarning,,C:/Users/ismak/Documents/GitHub/relation_test_code_smell_ML/dataset/projects/cassandra/test/distributed/org/apache/cassandra/distributed/test/thresholds/CoordinatorReadSizeWarningTest.java,0,0,1,3,0,0,0,0,0,0,1,1,1,0,0,0,0,0,0,0,0,0,0,0,0,0,0,0,0,0,0,0,0,0,0
cassandra,distributed/test/thresholds/LocalReadSizeWarning,LocalReadSizeWarning,,C:/Users/ismak/Documents/GitHub/relation_test_code_smell_ML/dataset/projects/cassandra/test/distributed/org/apache/cassandra/distributed/test/thresholds/LocalReadSizeWarningTest.java,0,0,1,3,0,0,0,0,0,0,1,1,1,0,0,0,0,0,0,0,0,0,0,0,0,0,0,0,0,0,0,0,0,0,0
cassandra,distributed/test/thresholds/ReplicaWarning,ReplicaWarning,,C:/Users/ismak/Documents/GitHub/relation_test_code_smell_ML/dataset/projects/cassandra/test/distributed/org/apache/cassandra/distributed/test/thresholds/ReplicaWarningTest.java,0,0,1,5,0,0,0,0,0,0,1,1,1,0,0,1,0,0,0,1,0,0,0,0,0,0,0,0,0,0,0,0,0,0,0
cassandra,distributed/test/thresholds/RowIndexSizeWarning,RowIndexSizeWarning,,C:/Users/ismak/Documents/GitHub/relation_test_code_smell_ML/dataset/projects/cassandra/test/distributed/org/apache/cassandra/distributed/test/thresholds/RowIndexSizeWarningTest.java,0,0,1,3,0,0,0,0,0,0,1,1,1,0,0,0,0,0,0,0,0,0,0,0,0,0,0,0,0,0,0,0,0,0,0
cassandra,distributed/test/thresholds/TombstoneCountWarning,TombstoneCountWarning,,C:/Users/ismak/Documents/GitHub/relation_test_code_smell_ML/dataset/projects/cassandra/test/distributed/org/apache/cassandra/distributed/test/thresholds/TombstoneCountWarningTest.java,0,0,1,5,0,0,0,0,0,0,1,1,1,0,0,0,0,0,0,1,0,0,0,0,0,0,0,0,0,0,1,0,0,0,0
cassandra,distributed/test/thresholds/WriteSizeWarning,WriteSizeWarning,,C:/Users/ismak/Documents/GitHub/relation_test_code_smell_ML/dataset/projects/cassandra/test/distributed/org/apache/cassandra/distributed/test/thresholds/WriteSizeWarningTest.java,0,0,1,3,0,0,0,0,0,0,1,1,1,0,0,0,0,0,0,0,0,0,0,0,0,0,0,0,0,0,0,0,0,0,0
cassandra,distributed/test/thresholds/WriteTombstoneWarning,WriteTombstoneWarning,,C:/Users/ismak/Documents/GitHub/relation_test_code_smell_ML/dataset/projects/cassandra/test/distributed/org/apache/cassandra/distributed/test/thresholds/WriteTombstoneWarningTest.java,0,0,1,3,0,0,0,0,0,0,1,1,1,0,0,0,0,0,0,0,0,0,0,0,0,0,0,0,0,0,0,0,0,0,0
cassandra,distributed/test/topology/DecommissionAvoidReadTimeouts,DecommissionAvoidReadTimeouts,,C:/Users/ismak/Documents/GitHub/relation_test_code_smell_ML/dataset/projects/cassandra/test/distributed/org/apache/cassandra/distributed/test/topology/DecommissionAvoidReadTimeoutsTest.java,0,0,1,3,0,0,0,0,0,0,1,1,1,0,0,0,0,0,0,0,0,0,0,0,0,0,0,0,0,0,0,0,0,0,0
cassandra,distributed/test/topology/DecommissionAvoidWriteTimeouts,DecommissionAvoidWriteTimeouts,,C:/Users/ismak/Documents/GitHub/relation_test_code_smell_ML/dataset/projects/cassandra/test/distributed/org/apache/cassandra/distributed/test/topology/DecommissionAvoidWriteTimeoutsTest.java,0,0,1,3,0,0,0,0,0,0,1,1,1,0,0,0,0,0,0,0,0,0,0,0,0,0,0,0,0,0,0,0,0,0,0
cassandra,fuzz/harry/examples/RangeTombstoneBurn,RangeTombstoneBurn,,C:/Users/ismak/Documents/GitHub/relation_test_code_smell_ML/dataset/projects/cassandra/test/distributed/org/apache/cassandra/fuzz/harry/examples/RangeTombstoneBurnTest.java,0,0,1,5,0,0,0,0,0,0,1,1,1,0,0,1,0,0,0,0,0,0,0,0,0,0,0,0,0,0,1,0,0,0,0
cassandra,fuzz/harry/examples/RepairBurn,RepairBurn,,C:/Users/ismak/Documents/GitHub/relation_test_code_smell_ML/dataset/projects/cassandra/test/distributed/org/apache/cassandra/fuzz/harry/examples/RepairBurnTest.java,0,0,1,5,0,0,0,0,0,0,1,1,1,0,0,1,0,0,0,0,0,0,0,0,0,0,0,0,0,0,1,0,0,0,0
cassandra,fuzz/harry/util/BitSet,BitSet,,C:/Users/ismak/Documents/GitHub/relation_test_code_smell_ML/dataset/projects/cassandra/test/distributed/org/apache/cassandra/fuzz/harry/util/BitSetTest.java,0,0,1,5,0,0,0,0,0,0,1,1,1,0,1,0,0,0,0,0,0,0,0,0,0,0,0,0,0,0,0,0,0,1,0
cassandra,harry/gen/test/EntropySource,EntropySource,,C:/Users/ismak/Documents/GitHub/relation_test_code_smell_ML/dataset/projects/cassandra/test/harry/main/org/apache/cassandra/harry/gen/test/EntropySourceTest.java,0,0,1,6,0,0,0,0,0,0,1,1,1,0,1,1,0,0,0,0,0,0,0,0,0,0,0,0,0,0,0,0,0,1,0
cassandra,index/internal/composites/CompositesSearcher,CompositesSearcher,dataset/projects/cassandra/src/java/org/apache/cassandra/index/internal/composites/CompositesSearcher.java,,1,1,0,0,0,1,0,0,0,0,0,0,0,0,0,0,0,0,0,0,0,0,0,0,0,0,0,0,0,0,0,0,0,0,0
cassandra,index/sai/analyzer/NonTokenizingAnalyzer,NonTokenizingAnalyzer,,C:/Users/ismak/Documents/GitHub/relation_test_code_smell_ML/dataset/projects/cassandra/test/unit/org/apache/cassandra/index/sai/analyzer/NonTokenizingAnalyzerTest.java,0,0,1,4,0,0,0,0,0,0,1,1,1,0,0,0,0,0,0,1,0,0,0,0,0,0,0,0,0,0,0,0,0,0,0
cassandra,index/sai/cql/AllTypesSimpleEq,AllTypesSimpleEq,,C:/Users/ismak/Documents/GitHub/relation_test_code_smell_ML/dataset/projects/cassandra/test/unit/org/apache/cassandra/index/sai/cql/AllTypesSimpleEqTest.java,0,0,1,5,0,0,0,0,0,0,1,1,1,0,0,0,1,0,0,0,0,0,0,0,0,0,0,0,0,0,1,0,0,0,0
cassandra,index/sai/cql/AllowFiltering,AllowFiltering,,C:/Users/ismak/Documents/GitHub/relation_test_code_smell_ML/dataset/projects/cassandra/test/unit/org/apache/cassandra/index/sai/cql/AllowFilteringTest.java,0,0,1,7,0,0,0,0,0,0,1,1,1,0,1,0,0,0,0,1,0,0,0,0,0,0,0,0,0,0,1,1,0,0,0
cassandra,index/sai/cql/BooleanType,BooleanType,,C:/Users/ismak/Documents/GitHub/relation_test_code_smell_ML/dataset/projects/cassandra/test/unit/org/apache/cassandra/index/sai/cql/BooleanTypeTest.java,0,0,1,6,0,0,0,0,0,0,1,1,1,0,1,0,0,0,0,1,0,0,0,0,0,0,0,0,0,0,0,0,0,1,0
cassandra,index/sai/cql/ClusteringKeyIndex,ClusteringKeyIndex,,C:/Users/ismak/Documents/GitHub/relation_test_code_smell_ML/dataset/projects/cassandra/test/unit/org/apache/cassandra/index/sai/cql/ClusteringKeyIndexTest.java,0,0,1,5,0,0,0,0,0,0,1,1,1,0,0,0,0,0,0,1,0,0,0,0,0,0,0,0,0,0,1,0,0,0,0
cassandra,index/sai/cql/CollectionIndexing,CollectionIndexing,,C:/Users/ismak/Documents/GitHub/relation_test_code_smell_ML/dataset/projects/cassandra/test/unit/org/apache/cassandra/index/sai/cql/CollectionIndexingTest.java,0,0,1,8,0,0,0,0,0,0,1,1,1,0,1,1,0,0,0,1,0,0,0,0,0,0,0,0,0,1,0,0,0,1,0
cassandra,index/sai/cql/ComplexQuery,ComplexQuery,,C:/Users/ismak/Documents/GitHub/relation_test_code_smell_ML/dataset/projects/cassandra/test/unit/org/apache/cassandra/index/sai/cql/ComplexQueryTest.java,0,0,1,3,0,0,0,0,0,0,1,1,1,0,0,0,0,0,0,0,0,0,0,0,0,0,0,0,0,0,0,0,0,0,0
cassandra,index/sai/cql/CompositePartitionKeyIndex,CompositePartitionKeyIndex,,C:/Users/ismak/Documents/GitHub/relation_test_code_smell_ML/dataset/projects/cassandra/test/unit/org/apache/cassandra/index/sai/cql/CompositePartitionKeyIndexTest.java,0,0,1,4,0,0,0,0,0,0,1,1,1,0,0,0,0,0,0,1,0,0,0,0,0,0,0,0,0,0,0,0,0,0,0
cassandra,index/sai/cql/DecimalLargeValue,DecimalLargeValue,,C:/Users/ismak/Documents/GitHub/relation_test_code_smell_ML/dataset/projects/cassandra/test/unit/org/apache/cassandra/index/sai/cql/DecimalLargeValueTest.java,0,0,1,4,0,0,0,0,0,0,1,1,1,0,0,0,0,0,0,1,0,0,0,0,0,0,0,0,0,0,0,0,0,0,0
cassandra,index/sai/cql/DescClusteringRangeQuery,DescClusteringRangeQuery,,C:/Users/ismak/Documents/GitHub/relation_test_code_smell_ML/dataset/projects/cassandra/test/unit/org/apache/cassandra/index/sai/cql/DescClusteringRangeQueryTest.java,0,0,1,4,0,0,0,0,0,0,1,1,1,0,0,0,0,0,0,1,0,0,0,0,0,0,0,0,0,0,0,0,0,0,0
cassandra,index/sai/cql/DuplicateRowID,DuplicateRowID,,C:/Users/ismak/Documents/GitHub/relation_test_code_smell_ML/dataset/projects/cassandra/test/unit/org/apache/cassandra/index/sai/cql/DuplicateRowIDTest.java,0,0,1,8,0,0,0,0,0,0,1,1,1,0,1,1,0,0,0,1,0,0,0,0,0,0,0,0,0,1,0,0,0,1,0
cassandra,index/sai/cql/EmptyStringLifecycle,EmptyStringLifecycle,,C:/Users/ismak/Documents/GitHub/relation_test_code_smell_ML/dataset/projects/cassandra/test/unit/org/apache/cassandra/index/sai/cql/EmptyStringLifecycleTest.java,0,0,1,3,0,0,0,0,0,0,1,1,1,0,0,0,0,0,0,0,0,0,0,0,0,0,0,0,0,0,0,0,0,0,0
cassandra,index/sai/cql/EmptyValues,EmptyValues,,C:/Users/ismak/Documents/GitHub/relation_test_code_smell_ML/dataset/projects/cassandra/test/unit/org/apache/cassandra/index/sai/cql/EmptyValuesTest.java,0,0,1,6,0,0,0,0,0,0,1,1,1,0,0,1,0,0,0,0,0,0,0,0,0,0,0,0,0,0,1,1,0,0,0
cassandra,index/sai/cql/IndexGroupLifecycle,IndexGroupLifecycle,,C:/Users/ismak/Documents/GitHub/relation_test_code_smell_ML/dataset/projects/cassandra/test/unit/org/apache/cassandra/index/sai/cql/IndexGroupLifecycleTest.java,0,0,1,7,0,0,0,0,0,0,1,1,1,0,1,0,0,0,0,1,0,0,0,0,0,0,0,0,0,1,0,0,0,1,0
cassandra,index/sai/cql/InetAddressTypeEquivalency,InetAddressTypeEquivalency,,C:/Users/ismak/Documents/GitHub/relation_test_code_smell_ML/dataset/projects/cassandra/test/unit/org/apache/cassandra/index/sai/cql/InetAddressTypeEquivalencyTest.java,0,0,1,5,0,0,0,0,0,0,1,1,1,0,0,0,0,0,0,1,0,0,0,0,0,0,0,0,0,0,1,0,0,0,0
cassandra,index/sai/cql/IntraPartitionSkipping,IntraPartitionSkipping,,C:/Users/ismak/Documents/GitHub/relation_test_code_smell_ML/dataset/projects/cassandra/test/unit/org/apache/cassandra/index/sai/cql/IntraPartitionSkippingTest.java,0,0,1,6,0,0,0,0,0,0,1,1,1,0,0,1,0,0,0,1,0,0,0,0,0,0,0,0,0,0,0,1,0,0,0
cassandra,index/sai/cql/MixedIndexImplementations,MixedIndexImplementations,,C:/Users/ismak/Documents/GitHub/relation_test_code_smell_ML/dataset/projects/cassandra/test/unit/org/apache/cassandra/index/sai/cql/MixedIndexImplementationsTest.java,0,0,1,6,0,0,0,0,0,0,1,1,1,0,0,0,0,0,0,1,0,0,0,0,0,0,0,0,0,0,1,1,0,0,0
cassandra,index/sai/cql/MultipleColumnIndex,MultipleColumnIndex,,C:/Users/ismak/Documents/GitHub/relation_test_code_smell_ML/dataset/projects/cassandra/test/unit/org/apache/cassandra/index/sai/cql/MultipleColumnIndexTest.java,0,0,1,6,0,0,0,0,0,0,1,1,1,0,1,0,0,0,0,0,0,0,0,0,0,0,0,0,0,0,1,0,0,1,0
cassandra,index/sai/cql/QueryCellDeletions,QueryCellDeletions,,C:/Users/ismak/Documents/GitHub/relation_test_code_smell_ML/dataset/projects/cassandra/test/unit/org/apache/cassandra/index/sai/cql/QueryCellDeletionsTest.java,0,0,1,5,0,0,0,0,0,0,1,1,1,0,0,0,0,0,0,1,0,0,0,0,0,0,0,0,0,0,1,0,0,0,0
cassandra,index/sai/cql/QueryRowDeletions,QueryRowDeletions,,C:/Users/ismak/Documents/GitHub/relation_test_code_smell_ML/dataset/projects/cassandra/test/unit/org/apache/cassandra/index/sai/cql/QueryRowDeletionsTest.java,0,0,1,5,0,0,0,0,0,0,1,1,1,0,0,0,0,0,0,1,0,0,0,0,0,0,0,0,0,0,1,0,0,0,0
cassandra,index/sai/cql/QueryTimeToLive,QueryTimeToLive,,C:/Users/ismak/Documents/GitHub/relation_test_code_smell_ML/dataset/projects/cassandra/test/unit/org/apache/cassandra/index/sai/cql/QueryTimeToLiveTest.java,0,0,1,5,0,0,0,0,0,0,1,1,1,0,0,0,0,0,0,1,0,0,0,0,0,0,0,0,0,0,1,0,0,0,0
cassandra,index/sai/cql/QueryWriteLifecycle,QueryWriteLifecycle,,C:/Users/ismak/Documents/GitHub/relation_test_code_smell_ML/dataset/projects/cassandra/test/unit/org/apache/cassandra/index/sai/cql/QueryWriteLifecycleTest.java,0,0,1,5,0,0,0,0,0,0,1,1,1,0,0,0,0,0,0,1,0,0,0,0,0,0,0,0,0,0,1,0,0,0,0
cassandra,index/sai/cql/StaticColumnIndex,StaticColumnIndex,,C:/Users/ismak/Documents/GitHub/relation_test_code_smell_ML/dataset/projects/cassandra/test/unit/org/apache/cassandra/index/sai/cql/StaticColumnIndexTest.java,0,0,1,4,0,0,0,0,0,0,1,1,1,0,0,0,0,0,0,1,0,0,0,0,0,0,0,0,0,0,0,0,0,0,0
cassandra,index/sai/cql/StorageAttachedIndexDDL,StorageAttachedIndexDDL,,C:/Users/ismak/Documents/GitHub/relation_test_code_smell_ML/dataset/projects/cassandra/test/unit/org/apache/cassandra/index/sai/cql/StorageAttachedIndexDDLTest.java,0,0,1,11,0,0,0,0,0,0,1,1,1,0,1,1,0,0,0,1,0,0,1,0,0,0,1,0,0,1,1,0,0,1,0
cassandra,index/sai/cql/TinySegmentQueryCellDeletions,TinySegmentQueryCellDeletions,,C:/Users/ismak/Documents/GitHub/relation_test_code_smell_ML/dataset/projects/cassandra/test/unit/org/apache/cassandra/index/sai/cql/TinySegmentQueryCellDeletionsTest.java,0,0,1,5,0,0,0,0,0,0,1,1,1,0,0,0,0,0,0,1,0,0,0,0,0,0,0,0,0,0,1,0,0,0,0
cassandra,index/sai/cql/TinySegmentQueryRowDeletions,TinySegmentQueryRowDeletions,,C:/Users/ismak/Documents/GitHub/relation_test_code_smell_ML/dataset/projects/cassandra/test/unit/org/apache/cassandra/index/sai/cql/TinySegmentQueryRowDeletionsTest.java,0,0,1,5,0,0,0,0,0,0,1,1,1,0,0,0,0,0,0,1,0,0,0,0,0,0,0,0,0,0,1,0,0,0,0
cassandra,index/sai/cql/TinySegmentQueryTimeToLive,TinySegmentQueryTimeToLive,,C:/Users/ismak/Documents/GitHub/relation_test_code_smell_ML/dataset/projects/cassandra/test/unit/org/apache/cassandra/index/sai/cql/TinySegmentQueryTimeToLiveTest.java,0,0,1,5,0,0,0,0,0,0,1,1,1,0,0,0,0,0,0,1,0,0,0,0,0,0,0,0,0,0,1,0,0,0,0
cassandra,index/sai/cql/TinySegmentQueryWriteLifecycle,TinySegmentQueryWriteLifecycle,,C:/Users/ismak/Documents/GitHub/relation_test_code_smell_ML/dataset/projects/cassandra/test/unit/org/apache/cassandra/index/sai/cql/TinySegmentQueryWriteLifecycleTest.java,0,0,1,5,0,0,0,0,0,0,1,1,1,0,0,0,0,0,0,1,0,0,0,0,0,0,0,0,0,0,1,0,0,0,0
cassandra,index/sai/cql/TokenCollision,TokenCollision,,C:/Users/ismak/Documents/GitHub/relation_test_code_smell_ML/dataset/projects/cassandra/test/unit/org/apache/cassandra/index/sai/cql/TokenCollisionTest.java,0,0,1,4,0,0,0,0,0,0,1,1,1,0,0,0,0,0,0,0,0,0,0,0,0,0,0,0,0,0,1,0,0,0,0
cassandra,index/sai/cql/TokenRangeRead,TokenRangeRead,,C:/Users/ismak/Documents/GitHub/relation_test_code_smell_ML/dataset/projects/cassandra/test/unit/org/apache/cassandra/index/sai/cql/TokenRangeReadTest.java,0,0,1,4,0,0,0,0,0,0,1,1,1,0,0,0,0,0,0,1,0,0,0,0,0,0,0,0,0,0,0,0,0,0,0
cassandra,index/sai/cql/UnindexedExpressions,UnindexedExpressions,,C:/Users/ismak/Documents/GitHub/relation_test_code_smell_ML/dataset/projects/cassandra/test/unit/org/apache/cassandra/index/sai/cql/UnindexedExpressionsTest.java,0,0,1,4,0,0,0,0,0,0,1,1,1,0,0,0,0,0,0,1,0,0,0,0,0,0,0,0,0,0,0,0,0,0,0
cassandra,index/sai/cql/VectorInvalidQuery,VectorInvalidQuery,,C:/Users/ismak/Documents/GitHub/relation_test_code_smell_ML/dataset/projects/cassandra/test/unit/org/apache/cassandra/index/sai/cql/VectorInvalidQueryTest.java,0,0,1,7,0,0,0,0,0,0,1,1,1,0,1,0,0,0,0,1,0,0,0,0,0,0,0,0,0,1,0,0,0,1,0
cassandra,index/sai/cql/VectorLocal,VectorLocal,,C:/Users/ismak/Documents/GitHub/relation_test_code_smell_ML/dataset/projects/cassandra/test/unit/org/apache/cassandra/index/sai/cql/VectorLocalTest.java,0,0,1,8,0,0,0,0,0,0,1,1,1,0,1,1,0,0,0,1,0,0,0,0,0,0,0,0,0,1,1,0,0,0,0
cassandra,index/sai/cql/VectorSegmentation,VectorSegmentation,,C:/Users/ismak/Documents/GitHub/relation_test_code_smell_ML/dataset/projects/cassandra/test/unit/org/apache/cassandra/index/sai/cql/VectorSegmentationTest.java,0,0,1,7,0,0,0,0,0,0,1,1,1,0,1,1,0,0,0,1,0,0,0,0,0,0,0,0,0,1,0,0,0,0,0
cassandra,index/sai/cql/VectorSiftSmall,VectorSiftSmall,,C:/Users/ismak/Documents/GitHub/relation_test_code_smell_ML/dataset/projects/cassandra/test/unit/org/apache/cassandra/index/sai/cql/VectorSiftSmallTest.java,0,0,1,7,0,0,0,0,0,0,1,1,1,0,0,1,0,0,0,1,0,0,0,0,0,0,0,0,0,0,1,1,0,0,0
cassandra,index/sai/cql/VectorType,VectorType,,C:/Users/ismak/Documents/GitHub/relation_test_code_smell_ML/dataset/projects/cassandra/test/unit/org/apache/cassandra/index/sai/cql/VectorTypeTest.java,0,0,1,9,0,0,0,0,0,0,1,1,1,0,1,1,0,0,0,1,0,0,0,0,0,0,0,0,0,1,1,0,0,1,0
cassandra,index/sai/cql/VectorUpdateDelete,VectorUpdateDelete,,C:/Users/ismak/Documents/GitHub/relation_test_code_smell_ML/dataset/projects/cassandra/test/unit/org/apache/cassandra/index/sai/cql/VectorUpdateDeleteTest.java,0,0,1,9,0,0,0,0,0,0,1,1,1,0,1,1,0,0,0,1,0,0,0,0,0,0,0,0,0,1,1,1,0,0,0
cassandra,index/sai/disk/EmptyIndex,EmptyIndex,dataset/projects/cassandra/src/java/org/apache/cassandra/index/sai/disk/EmptyIndex.java,,1,1,0,0,0,0,0,0,0,1,0,0,0,0,0,0,0,0,0,0,0,0,0,0,0,0,0,0,0,0,0,0,0,0,0
cassandra,index/sai/disk/IndexSearchResultIterator,IndexSearchResultIterator,dataset/projects/cassandra/src/java/org/apache/cassandra/index/sai/disk/IndexSearchResultIterator.java,,1,1,0,0,0,1,0,0,0,0,0,0,0,0,0,0,0,0,0,0,0,0,0,0,0,0,0,0,0,0,0,0,0,0,0
cassandra,index/sai/disk/NodeStartup,NodeStartup,,C:/Users/ismak/Documents/GitHub/relation_test_code_smell_ML/dataset/projects/cassandra/test/unit/org/apache/cassandra/index/sai/disk/NodeStartupTest.java,0,0,1,6,0,0,0,0,0,0,1,1,1,0,1,0,0,0,0,0,1,0,0,0,0,0,0,0,0,1,0,0,0,0,0
cassandra,index/sai/disk/ResettableByteBuffersIndexOutput,ResettableByteBuffersIndexOutput,dataset/projects/cassandra/src/java/org/apache/cassandra/index/sai/disk/ResettableByteBuffersIndexOutput.java,,1,1,0,0,0,0,0,0,0,1,0,0,0,0,0,0,0,0,0,0,0,0,0,0,0,0,0,0,0,0,0,0,0,0,0
cassandra,index/sai/disk/SSTableIndex,SSTableIndex,dataset/projects/cassandra/src/java/org/apache/cassandra/index/sai/disk/SSTableIndex.java,,1,1,0,0,0,0,0,0,0,1,0,0,0,0,0,0,0,0,0,0,0,0,0,0,0,0,0,0,0,0,0,0,0,0,0
cassandra,index/sai/disk/SelectiveIntersection,SelectiveIntersection,,C:/Users/ismak/Documents/GitHub/relation_test_code_smell_ML/dataset/projects/cassandra/test/unit/org/apache/cassandra/index/sai/disk/SelectiveIntersectionTest.java,0,0,1,6,0,0,0,0,0,0,1,1,1,0,1,0,0,0,0,1,0,0,0,0,0,0,0,0,0,0,0,0,0,1,0
cassandra,index/sai/disk/SingleNodeQueryFailure,SingleNodeQueryFailure,,C:/Users/ismak/Documents/GitHub/relation_test_code_smell_ML/dataset/projects/cassandra/test/unit/org/apache/cassandra/index/sai/disk/SingleNodeQueryFailureTest.java,0,0,1,6,0,0,0,0,0,0,1,1,1,0,0,0,0,0,0,1,0,0,0,0,0,0,0,0,0,0,1,1,0,0,0
cassandra,index/sai/disk/StorageAttachedIndexWriter,StorageAttachedIndexWriter,dataset/projects/cassandra/src/java/org/apache/cassandra/index/sai/disk/StorageAttachedIndexWriter.java,,1,1,0,0,0,0,0,0,0,1,0,0,0,0,0,0,0,0,0,0,0,0,0,0,0,0,0,0,0,0,0,0,0,0,0
cassandra,index/sai/functional/Compaction,Compaction,,C:/Users/ismak/Documents/GitHub/relation_test_code_smell_ML/dataset/projects/cassandra/test/unit/org/apache/cassandra/index/sai/functional/CompactionTest.java,0,0,1,7,0,0,0,0,0,0,1,1,1,0,1,1,0,0,0,1,0,0,0,0,0,0,0,0,0,0,0,0,0,1,0
cassandra,index/sai/functional/DiskSpace,DiskSpace,,C:/Users/ismak/Documents/GitHub/relation_test_code_smell_ML/dataset/projects/cassandra/test/unit/org/apache/cassandra/index/sai/functional/DiskSpaceTest.java,0,0,1,6,0,0,0,0,0,0,1,1,1,0,1,1,0,0,0,1,0,0,0,0,0,0,0,0,0,0,0,0,0,0,0
cassandra,index/sai/functional/DropTable,DropTable,,C:/Users/ismak/Documents/GitHub/relation_test_code_smell_ML/dataset/projects/cassandra/test/unit/org/apache/cassandra/index/sai/functional/DropTableTest.java,0,0,1,6,0,0,0,0,0,0,1,1,1,0,0,1,0,0,0,1,0,1,0,0,0,0,0,0,0,0,0,0,0,0,0
cassandra,index/sai/functional/Failure,Failure,,C:/Users/ismak/Documents/GitHub/relation_test_code_smell_ML/dataset/projects/cassandra/test/unit/org/apache/cassandra/index/sai/functional/FailureTest.java,0,0,1,6,0,0,0,0,0,0,1,1,1,0,1,0,0,0,0,1,0,0,0,0,0,0,0,0,0,0,0,0,0,1,0
cassandra,index/sai/functional/Flushing,Flushing,,C:/Users/ismak/Documents/GitHub/relation_test_code_smell_ML/dataset/projects/cassandra/test/unit/org/apache/cassandra/index/sai/functional/FlushingTest.java,0,0,1,7,0,0,0,0,0,0,1,1,1,0,1,1,0,0,0,0,0,0,0,0,0,0,0,0,0,1,0,0,0,1,0
cassandra,index/sai/functional/GroupComponents,GroupComponents,,C:/Users/ismak/Documents/GitHub/relation_test_code_smell_ML/dataset/projects/cassandra/test/unit/org/apache/cassandra/index/sai/functional/GroupComponentsTest.java,0,0,1,6,0,0,0,0,0,0,1,1,1,0,1,1,0,0,0,0,0,0,0,0,0,0,0,0,0,0,0,0,0,1,0
cassandra,index/sai/functional/NodeRestart,NodeRestart,,C:/Users/ismak/Documents/GitHub/relation_test_code_smell_ML/dataset/projects/cassandra/test/unit/org/apache/cassandra/index/sai/functional/NodeRestartTest.java,0,0,1,6,0,0,0,0,0,0,1,1,1,0,0,0,0,0,0,1,0,0,0,1,0,0,0,0,0,0,0,0,0,1,0
cassandra,index/sai/functional/Snapshot,Snapshot,,C:/Users/ismak/Documents/GitHub/relation_test_code_smell_ML/dataset/projects/cassandra/test/unit/org/apache/cassandra/index/sai/functional/SnapshotTest.java,0,0,1,8,0,0,0,0,0,0,1,1,1,0,1,0,0,0,0,1,0,0,0,1,0,0,1,0,0,0,0,0,0,1,0
cassandra,index/sai/iterators/KeyRangeConcatIterator,KeyRangeConcatIterator,,C:/Users/ismak/Documents/GitHub/relation_test_code_smell_ML/dataset/projects/cassandra/test/unit/org/apache/cassandra/index/sai/iterators/KeyRangeConcatIteratorTest.java,0,0,1,8,0,0,0,0,0,0,1,1,1,0,1,1,0,0,0,0,0,0,0,0,0,0,0,0,0,1,1,0,0,1,0
cassandra,index/sai/iterators/KeyRangeIntersectionIterator,KeyRangeIntersectionIterator,,C:/Users/ismak/Documents/GitHub/relation_test_code_smell_ML/dataset/projects/cassandra/test/unit/org/apache/cassandra/index/sai/iterators/KeyRangeIntersectionIteratorTest.java,0,0,1,9,0,0,0,0,0,0,1,1,1,0,1,1,0,0,0,1,0,0,0,0,0,0,0,0,0,1,1,0,0,1,0
cassandra,index/sai/iterators/KeyRangeIterator,KeyRangeIterator,dataset/projects/cassandra/src/java/org/apache/cassandra/index/sai/iterators/KeyRangeIterator.java,,1,1,0,0,0,1,0,0,0,0,0,0,0,0,0,0,0,0,0,0,0,0,0,0,0,0,0,0,0,0,0,0,0,0,0
cassandra,index/sai/iterators/KeyRangeUnionIterator,KeyRangeUnionIterator,dataset/projects/cassandra/src/java/org/apache/cassandra/index/sai/iterators/KeyRangeUnionIterator.java,C:/Users/ismak/Documents/GitHub/relation_test_code_smell_ML/dataset/projects/cassandra/test/unit/org/apache/cassandra/index/sai/iterators/KeyRangeUnionIteratorTest.java,1,1,1,9,0,1,0,0,0,0,1,1,1,0,1,1,0,0,0,0,0,0,0,0,1,0,0,0,0,1,1,0,0,1,0
cassandra,index/sai/memory/InMemoryKeyRangeIterator,InMemoryKeyRangeIterator,,C:/Users/ismak/Documents/GitHub/relation_test_code_smell_ML/dataset/projects/cassandra/test/unit/org/apache/cassandra/index/sai/memory/InMemoryKeyRangeIteratorTest.java,0,0,1,3,0,0,0,0,0,0,1,1,1,0,0,0,0,0,0,0,0,0,0,0,0,0,0,0,0,0,0,0,0,0,0
cassandra,index/sai/memory/MemtableIndexManager,MemtableIndexManager,dataset/projects/cassandra/src/java/org/apache/cassandra/index/sai/memory/MemtableIndexManager.java,,1,1,0,0,0,0,0,0,0,1,0,0,0,0,0,0,0,0,0,0,0,0,0,0,0,0,0,0,0,0,0,0,0,0,0
cassandra,index/sai/memory/PriorityInMemoryKeyRangeIterator,PriorityInMemoryKeyRangeIterator,,C:/Users/ismak/Documents/GitHub/relation_test_code_smell_ML/dataset/projects/cassandra/test/unit/org/apache/cassandra/index/sai/memory/PriorityInMemoryKeyRangeIteratorTest.java,0,0,1,3,0,0,0,0,0,0,1,1,1,0,0,0,0,0,0,0,0,0,0,0,0,0,0,0,0,0,0,0,0,0,0
cassandra,index/sai/memory/TrieMemoryIndex,TrieMemoryIndex,dataset/projects/cassandra/src/java/org/apache/cassandra/index/sai/memory/TrieMemoryIndex.java,C:/Users/ismak/Documents/GitHub/relation_test_code_smell_ML/dataset/projects/cassandra/test/unit/org/apache/cassandra/index/sai/memory/TrieMemoryIndexTest.java,1,2,1,8,1,0,0,0,0,1,1,1,1,0,1,1,0,0,0,1,0,0,0,0,0,0,0,0,0,0,1,1,0,0,0
cassandra,index/sai/memory/VectorMemoryIndex,VectorMemoryIndex,dataset/projects/cassandra/src/java/org/apache/cassandra/index/sai/memory/VectorMemoryIndex.java,C:/Users/ismak/Documents/GitHub/relation_test_code_smell_ML/dataset/projects/cassandra/test/unit/org/apache/cassandra/index/sai/memory/VectorMemoryIndexTest.java,1,4,1,9,1,1,0,1,0,1,1,1,1,0,1,1,0,0,1,1,1,0,0,0,0,0,0,0,0,0,1,0,0,0,0
cassandra,index/sai/metrics/AbstractMetrics,AbstractMetrics,,C:/Users/ismak/Documents/GitHub/relation_test_code_smell_ML/dataset/projects/cassandra/test/unit/org/apache/cassandra/index/sai/metrics/AbstractMetricsTest.java,0,0,1,4,0,0,0,0,0,0,1,1,1,0,0,0,0,0,0,0,0,0,0,0,0,0,0,0,0,0,0,1,0,0,0
cassandra,index/sai/metrics/FinalSegmentFlushingFailure,FinalSegmentFlushingFailure,,C:/Users/ismak/Documents/GitHub/relation_test_code_smell_ML/dataset/projects/cassandra/test/unit/org/apache/cassandra/index/sai/metrics/FinalSegmentFlushingFailureTest.java,0,0,1,3,0,0,0,0,0,0,1,1,1,0,0,0,0,0,0,0,0,0,0,0,0,0,0,0,0,0,0,0,0,0,0
cassandra,index/sai/metrics/IndexGroupMetrics,IndexGroupMetrics,,C:/Users/ismak/Documents/GitHub/relation_test_code_smell_ML/dataset/projects/cassandra/test/unit/org/apache/cassandra/index/sai/metrics/IndexGroupMetricsTest.java,0,0,1,7,0,0,0,0,0,0,1,1,1,0,1,1,0,0,0,1,0,0,0,0,0,0,0,0,0,0,0,0,0,1,0
cassandra,index/sai/metrics/IndexMetrics,IndexMetrics,,C:/Users/ismak/Documents/GitHub/relation_test_code_smell_ML/dataset/projects/cassandra/test/unit/org/apache/cassandra/index/sai/metrics/IndexMetricsTest.java,0,0,1,6,0,0,0,0,0,0,1,1,1,0,1,0,0,0,0,1,0,0,0,0,0,0,0,0,0,1,0,0,0,0,0
cassandra,index/sai/metrics/IndexSelection,IndexSelection,,C:/Users/ismak/Documents/GitHub/relation_test_code_smell_ML/dataset/projects/cassandra/test/unit/org/apache/cassandra/index/sai/metrics/IndexSelectionTest.java,0,0,1,5,0,0,0,0,0,0,1,1,1,0,1,0,0,0,0,0,0,0,0,0,0,0,0,0,0,1,0,0,0,0,0
cassandra,index/sai/metrics/QueryMetrics,QueryMetrics,,C:/Users/ismak/Documents/GitHub/relation_test_code_smell_ML/dataset/projects/cassandra/test/unit/org/apache/cassandra/index/sai/metrics/QueryMetricsTest.java,0,0,1,7,0,0,0,0,0,0,1,1,1,0,1,0,0,0,0,1,0,0,0,0,0,0,0,0,0,1,0,0,0,1,0
cassandra,index/sai/metrics/StateMetrics,StateMetrics,,C:/Users/ismak/Documents/GitHub/relation_test_code_smell_ML/dataset/projects/cassandra/test/unit/org/apache/cassandra/index/sai/metrics/StateMetricsTest.java,0,0,1,6,0,0,0,0,0,0,1,1,1,0,1,0,0,0,0,1,0,0,0,0,0,0,0,0,0,0,0,0,0,1,0
cassandra,index/sai/metrics/TinySegmentFlushingFailure,TinySegmentFlushingFailure,,C:/Users/ismak/Documents/GitHub/relation_test_code_smell_ML/dataset/projects/cassandra/test/unit/org/apache/cassandra/index/sai/metrics/TinySegmentFlushingFailureTest.java,0,0,1,3,0,0,0,0,0,0,1,1,1,0,0,0,0,0,0,0,0,0,0,0,0,0,0,0,0,0,0,0,0,0,0
cassandra,index/sai/plan/Expression,Expression,dataset/projects/cassandra/src/java/org/apache/cassandra/index/sai/plan/Expression.java,C:/Users/ismak/Documents/GitHub/relation_test_code_smell_ML/dataset/projects/cassandra/test/unit/org/apache/cassandra/index/sai/plan/ExpressionTest.java,1,6,1,4,0,4,0,1,0,1,1,1,1,0,1,0,0,0,0,0,0,0,0,0,0,0,0,0,0,0,0,0,0,0,0
cassandra,index/sai/plan/FilterTree,FilterTree,dataset/projects/cassandra/src/java/org/apache/cassandra/index/sai/plan/FilterTree.java,,1,1,0,0,0,1,0,0,0,0,0,0,0,0,0,0,0,0,0,0,0,0,0,0,0,0,0,0,0,0,0,0,0,0,0
cassandra,index/sai/plan/FlushIndexWhileQuerying,FlushIndexWhileQuerying,,C:/Users/ismak/Documents/GitHub/relation_test_code_smell_ML/dataset/projects/cassandra/test/unit/org/apache/cassandra/index/sai/plan/FlushIndexWhileQueryingTest.java,0,0,1,6,0,0,0,0,0,0,1,1,1,0,0,0,0,0,0,1,0,0,0,0,0,0,0,0,0,1,0,0,0,1,0
cassandra,index/sai/plan/Operation,Operation,dataset/projects/cassandra/src/java/org/apache/cassandra/index/sai/plan/Operation.java,C:/Users/ismak/Documents/GitHub/relation_test_code_smell_ML/dataset/projects/cassandra/test/unit/org/apache/cassandra/index/sai/plan/OperationTest.java,1,2,1,8,1,0,0,0,0,1,1,1,1,0,1,1,0,0,0,0,1,0,0,0,0,0,0,0,0,1,0,0,0,1,0
cassandra,index/sai/plan/QueryController,QueryController,dataset/projects/cassandra/src/java/org/apache/cassandra/index/sai/plan/QueryController.java,,1,4,0,0,1,1,0,1,0,1,0,0,0,0,0,0,0,0,0,0,0,0,0,0,0,0,0,0,0,0,0,0,0,0,0
cassandra,index/sai/plan/StorageAttachedIndexQueryPlan,StorageAttachedIndexQueryPlan,dataset/projects/cassandra/src/java/org/apache/cassandra/index/sai/plan/StorageAttachedIndexQueryPlan.java,,1,1,0,0,0,1,0,0,0,0,0,0,0,0,0,0,0,0,0,0,0,0,0,0,0,0,0,0,0,0,0,0,0,0,0
cassandra,index/sai/plan/StorageAttachedIndexSearcher,StorageAttachedIndexSearcher,dataset/projects/cassandra/src/java/org/apache/cassandra/index/sai/plan/StorageAttachedIndexSearcher.java,,1,4,0,0,1,1,0,1,0,1,0,0,0,0,0,0,0,0,0,0,0,0,0,0,0,0,0,0,0,0,0,0,0,0,0
cassandra,index/sai/plan/VectorTopKProcessor,VectorTopKProcessor,dataset/projects/cassandra/src/java/org/apache/cassandra/index/sai/plan/VectorTopKProcessor.java,,1,1,0,0,1,0,0,0,0,0,0,0,0,0,0,0,0,0,0,0,0,0,0,0,0,0,0,0,0,0,0,0,0,0,0
cassandra,index/sai/postings/PeekablePostingList,PeekablePostingList,,C:/Users/ismak/Documents/GitHub/relation_test_code_smell_ML/dataset/projects/cassandra/test/unit/org/apache/cassandra/index/sai/postings/PeekablePostingListTest.java,0,0,1,6,0,0,0,0,0,0,1,1,1,0,1,0,0,0,0,1,0,0,0,0,0,0,0,0,0,0,0,0,0,1,0
cassandra,index/sai/utils/CellWithSource,CellWithSource,dataset/projects/cassandra/src/java/org/apache/cassandra/index/sai/utils/CellWithSource.java,,1,1,0,0,0,0,0,0,0,1,0,0,0,0,0,0,0,0,0,0,0,0,0,0,0,0,0,0,0,0,0,0,0,0,0
cassandra,index/sai/utils/IndexTermType,IndexTermType,dataset/projects/cassandra/src/java/org/apache/cassandra/index/sai/utils/IndexTermType.java,C:/Users/ismak/Documents/GitHub/relation_test_code_smell_ML/dataset/projects/cassandra/test/unit/org/apache/cassandra/index/sai/utils/IndexTermTypeTest.java,1,8,1,8,1,5,0,1,0,1,1,1,1,0,1,1,0,0,0,0,0,0,0,0,0,0,0,0,0,1,1,1,0,0,0
cassandra,index/sai/utils/NamedMemoryLimiter,NamedMemoryLimiter,,C:/Users/ismak/Documents/GitHub/relation_test_code_smell_ML/dataset/projects/cassandra/test/unit/org/apache/cassandra/index/sai/utils/NamedMemoryLimiterTest.java,0,0,1,5,0,0,0,0,0,0,1,1,1,0,1,0,0,0,0,0,0,0,0,0,0,0,0,0,0,0,0,0,0,1,0
cassandra,index/sai/utils/PrimaryKey,PrimaryKey,,C:/Users/ismak/Documents/GitHub/relation_test_code_smell_ML/dataset/projects/cassandra/test/unit/org/apache/cassandra/index/sai/utils/PrimaryKeyTest.java,0,0,1,5,0,0,0,0,0,0,1,1,1,0,0,1,0,0,0,0,0,0,0,0,0,0,0,0,0,0,1,0,0,0,0
cassandra,index/sai/utils/RowWithSource,RowWithSource,dataset/projects/cassandra/src/java/org/apache/cassandra/index/sai/utils/RowWithSource.java,,1,2,0,0,1,0,0,0,0,1,0,0,0,0,0,0,0,0,0,0,0,0,0,0,0,0,0,0,0,0,0,0,0,0,0
cassandra,index/sai/virtual/IndexesSystemView,IndexesSystemView,,C:/Users/ismak/Documents/GitHub/relation_test_code_smell_ML/dataset/projects/cassandra/test/unit/org/apache/cassandra/index/sai/virtual/IndexesSystemViewTest.java,0,0,1,4,0,0,0,0,0,0,1,1,1,0,0,0,0,0,0,1,0,0,0,0,0,0,0,0,0,0,0,0,0,0,0
cassandra,index/sai/virtual/SSTablesSystemView,SSTablesSystemView,,C:/Users/ismak/Documents/GitHub/relation_test_code_smell_ML/dataset/projects/cassandra/test/unit/org/apache/cassandra/index/sai/virtual/SSTablesSystemViewTest.java,0,0,1,4,0,0,0,0,0,0,1,1,1,0,0,0,0,0,0,1,0,0,0,0,0,0,0,0,0,0,0,0,0,0,0
cassandra,index/sai/virtual/SegmentsSystemView,SegmentsSystemView,,C:/Users/ismak/Documents/GitHub/relation_test_code_smell_ML/dataset/projects/cassandra/test/unit/org/apache/cassandra/index/sai/virtual/SegmentsSystemViewTest.java,0,0,1,6,0,0,0,0,0,0,1,1,1,0,1,1,0,0,0,1,0,0,0,0,0,0,0,0,0,0,0,0,0,0,0
cassandra,index/sasi/analyzer/DelimiterAnalyzer,DelimiterAnalyzer,,C:/Users/ismak/Documents/GitHub/relation_test_code_smell_ML/dataset/projects/cassandra/test/unit/org/apache/cassandra/index/sasi/analyzer/DelimiterAnalyzerTest.java,0,0,1,8,0,0,0,0,0,0,1,1,1,0,1,1,0,0,0,1,0,0,0,0,1,0,0,0,0,0,0,0,0,1,0
cassandra,index/sasi/analyzer/NonTokenizingAnalyzer,NonTokenizingAnalyzer,,C:/Users/ismak/Documents/GitHub/relation_test_code_smell_ML/dataset/projects/cassandra/test/unit/org/apache/cassandra/index/sasi/analyzer/NonTokenizingAnalyzerTest.java,0,0,1,5,0,0,0,0,0,0,1,1,1,0,0,1,0,0,0,1,0,0,0,0,0,0,0,0,0,0,0,0,0,0,0
cassandra,index/sasi/analyzer/StandardAnalyzer,StandardAnalyzer,,C:/Users/ismak/Documents/GitHub/relation_test_code_smell_ML/dataset/projects/cassandra/test/unit/org/apache/cassandra/index/sasi/analyzer/StandardAnalyzerTest.java,0,0,1,7,0,0,0,0,0,0,1,1,1,0,1,1,0,0,0,1,0,0,0,0,0,0,0,0,0,0,0,0,0,1,0
cassandra,index/sasi/conf/ColumnIndex,ColumnIndex,dataset/projects/cassandra/src/java/org/apache/cassandra/index/sasi/conf/ColumnIndex.java,,1,2,0,0,1,0,0,0,0,1,0,0,0,0,0,0,0,0,0,0,0,0,0,0,0,0,0,0,0,0,0,0,0,0,0
cassandra,index/sasi/conf/IndexMode,IndexMode,dataset/projects/cassandra/src/java/org/apache/cassandra/index/sasi/conf/IndexMode.java,C:/Users/ismak/Documents/GitHub/relation_test_code_smell_ML/dataset/projects/cassandra/test/unit/org/apache/cassandra/index/sasi/conf/IndexModeTest.java,1,1,1,4,0,1,0,0,0,0,1,1,1,0,1,0,0,0,0,0,0,0,0,0,0,0,0,0,0,0,0,0,0,0,0
cassandra,index/sasi/disk/AbstractTokenTreeBuilder,AbstractTokenTreeBuilder,dataset/projects/cassandra/src/java/org/apache/cassandra/index/sasi/disk/AbstractTokenTreeBuilder.java,,1,1,0,0,0,1,0,0,0,0,0,0,0,0,0,0,0,0,0,0,0,0,0,0,0,0,0,0,0,0,0,0,0,0,0
cassandra,index/sasi/disk/DynamicTokenTreeBuilder,DynamicTokenTreeBuilder,dataset/projects/cassandra/src/java/org/apache/cassandra/index/sasi/disk/DynamicTokenTreeBuilder.java,,1,1,0,0,0,1,0,0,0,0,0,0,0,0,0,0,0,0,0,0,0,0,0,0,0,0,0,0,0,0,0,0,0,0,0
cassandra,index/sasi/disk/OnDiskIndex,OnDiskIndex,dataset/projects/cassandra/src/java/org/apache/cassandra/index/sasi/disk/OnDiskIndex.java,C:/Users/ismak/Documents/GitHub/relation_test_code_smell_ML/dataset/projects/cassandra/test/unit/org/apache/cassandra/index/sasi/disk/OnDiskIndexTest.java,1,7,1,12,1,4,0,1,0,1,1,1,1,0,1,1,0,0,0,1,0,1,0,0,0,0,0,0,0,1,1,1,1,1,0
cassandra,index/sasi/disk/OnDiskIndexBuilder,OnDiskIndexBuilder,dataset/projects/cassandra/src/java/org/apache/cassandra/index/sasi/disk/OnDiskIndexBuilder.java,,1,1,0,0,1,0,0,0,0,0,0,0,0,0,0,0,0,0,0,0,0,0,0,0,0,0,0,0,0,0,0,0,0,0,0
cassandra,index/sasi/disk/PerSSTableIndexWriter,PerSSTableIndexWriter,dataset/projects/cassandra/src/java/org/apache/cassandra/index/sasi/disk/PerSSTableIndexWriter.java,C:/Users/ismak/Documents/GitHub/relation_test_code_smell_ML/dataset/projects/cassandra/test/unit/org/apache/cassandra/index/sasi/disk/PerSSTableIndexWriterTest.java,1,1,1,9,1,0,0,0,0,0,1,1,1,0,1,1,0,0,0,1,0,1,0,0,0,0,0,0,0,0,0,0,1,1,0
cassandra,index/sasi/disk/TokenTree,TokenTree,,C:/Users/ismak/Documents/GitHub/relation_test_code_smell_ML/dataset/projects/cassandra/test/unit/org/apache/cassandra/index/sasi/disk/TokenTreeTest.java,0,0,1,9,0,0,0,0,0,0,1,1,1,0,1,1,0,0,0,1,0,1,0,0,0,0,0,0,0,0,1,0,1,0,0
cassandra,index/sasi/memory/SkipListMemIndex,SkipListMemIndex,dataset/projects/cassandra/src/java/org/apache/cassandra/index/sasi/memory/SkipListMemIndex.java,,1,1,0,0,0,1,0,0,0,0,0,0,0,0,0,0,0,0,0,0,0,0,0,0,0,0,0,0,0,0,0,0,0,0,0
cassandra,index/sasi/plan/Expression,Expression,dataset/projects/cassandra/src/java/org/apache/cassandra/index/sasi/plan/Expression.java,C:/Users/ismak/Documents/GitHub/relation_test_code_smell_ML/dataset/projects/cassandra/test/unit/org/apache/cassandra/index/sasi/plan/ExpressionTest.java,1,4,1,4,0,3,0,0,0,1,1,1,1,0,1,0,0,0,0,0,0,0,0,0,0,0,0,0,0,0,0,0,0,0,0
cassandra,index/sasi/plan/Operation,Operation,dataset/projects/cassandra/src/java/org/apache/cassandra/index/sasi/plan/Operation.java,C:/Users/ismak/Documents/GitHub/relation_test_code_smell_ML/dataset/projects/cassandra/test/unit/org/apache/cassandra/index/sasi/plan/OperationTest.java,1,5,1,8,0,4,0,1,0,0,1,1,1,0,1,1,0,0,0,1,0,0,0,0,0,0,0,0,0,1,0,0,0,1,0
cassandra,index/sasi/plan/QueryController,QueryController,dataset/projects/cassandra/src/java/org/apache/cassandra/index/sasi/plan/QueryController.java,,1,3,0,0,1,1,0,0,0,1,0,0,0,0,0,0,0,0,0,0,0,0,0,0,0,0,0,0,0,0,0,0,0,0,0
cassandra,index/sasi/plan/SASIIndexSearcher,SASIIndexSearcher,dataset/projects/cassandra/src/java/org/apache/cassandra/index/sasi/plan/SASIIndexSearcher.java,,1,1,0,0,0,1,0,0,0,0,0,0,0,0,0,0,0,0,0,0,0,0,0,0,0,0,0,0,0,0,0,0,0,0,0
cassandra,index/sasi/utils/LongIterator,LongIterator,,C:/Users/ismak/Documents/GitHub/relation_test_code_smell_ML/dataset/projects/cassandra/test/unit/org/apache/cassandra/index/sasi/utils/LongIteratorTest.java,0,0,1,6,0,0,0,0,0,0,1,1,1,0,1,0,0,0,0,1,0,0,0,0,0,0,0,0,0,0,0,0,0,1,0
cassandra,index/sasi/utils/MappedBuffer,MappedBuffer,dataset/projects/cassandra/src/java/org/apache/cassandra/index/sasi/utils/MappedBuffer.java,C:/Users/ismak/Documents/GitHub/relation_test_code_smell_ML/dataset/projects/cassandra/test/unit/org/apache/cassandra/index/sasi/utils/MappedBufferTest.java,1,1,1,10,0,0,0,0,0,1,1,1,1,0,1,1,0,0,0,1,0,1,0,0,0,0,0,0,0,1,0,0,1,1,0
cassandra,index/sasi/utils/RangeIntersectionIterator,RangeIntersectionIterator,dataset/projects/cassandra/src/java/org/apache/cassandra/index/sasi/utils/RangeIntersectionIterator.java,C:/Users/ismak/Documents/GitHub/relation_test_code_smell_ML/dataset/projects/cassandra/test/unit/org/apache/cassandra/index/sasi/utils/RangeIntersectionIteratorTest.java,1,1,1,9,0,1,0,0,0,0,1,1,1,0,1,1,0,0,0,1,0,0,0,0,0,0,0,0,0,1,1,1,0,0,0
cassandra,index/sasi/utils/RangeUnionIterator,RangeUnionIterator,dataset/projects/cassandra/src/java/org/apache/cassandra/index/sasi/utils/RangeUnionIterator.java,C:/Users/ismak/Documents/GitHub/relation_test_code_smell_ML/dataset/projects/cassandra/test/unit/org/apache/cassandra/index/sasi/utils/RangeUnionIteratorTest.java,1,1,1,8,0,1,0,0,0,0,1,1,1,0,1,1,0,0,0,0,0,0,0,0,1,0,0,0,0,1,0,0,0,1,0
cassandra,index/sasi/utils/TypeUtil,TypeUtil,dataset/projects/cassandra/src/java/org/apache/cassandra/index/sasi/utils/TypeUtil.java,,1,1,0,0,0,1,0,0,0,0,0,0,0,0,0,0,0,0,0,0,0,0,0,0,0,0,0,0,0,0,0,0,0,0,0
cassandra,io/sstable/filter/BloomFilterTracker,BloomFilterTracker,,C:/Users/ismak/Documents/GitHub/relation_test_code_smell_ML/dataset/projects/cassandra/test/unit/org/apache/cassandra/io/sstable/filter/BloomFilterTrackerTest.java,0,0,1,5,0,0,0,0,0,0,1,1,1,0,1,0,0,0,0,0,0,0,0,0,0,0,0,0,0,1,0,0,0,0,0
cassandra,io/sstable/format/ColumnIndex,ColumnIndex,,C:/Users/ismak/Documents/GitHub/relation_test_code_smell_ML/dataset/projects/cassandra/test/unit/org/apache/cassandra/io/sstable/format/ColumnIndexTest.java,0,0,1,7,0,0,0,0,0,0,1,1,1,0,1,1,0,0,0,1,0,0,0,0,0,0,0,0,0,1,0,0,0,0,0
cassandra,io/sstable/format/DataComponentDirectWriteSelection,DataComponentDirectWriteSelection,,C:/Users/ismak/Documents/GitHub/relation_test_code_smell_ML/dataset/projects/cassandra/test/unit/org/apache/cassandra/io/sstable/format/DataComponentDirectWriteSelectionTest.java,0,0,1,7,0,0,0,0,0,0,1,1,1,0,0,1,0,0,0,1,1,0,0,0,0,0,0,0,0,0,0,0,1,0,0
cassandra,io/sstable/format/FilterComponent,FilterComponent,dataset/projects/cassandra/src/java/org/apache/cassandra/io/sstable/format/FilterComponent.java,,1,1,0,0,0,1,0,0,0,0,0,0,0,0,0,0,0,0,0,0,0,0,0,0,0,0,0,0,0,0,0,0,0,0,0
cassandra,io/sstable/format/SSTableReader,SSTableReader,dataset/projects/cassandra/src/java/org/apache/cassandra/io/sstable/format/SSTableReader.java,,1,6,0,0,1,3,0,1,0,1,0,0,0,0,0,0,0,0,0,0,0,0,0,0,0,0,0,0,0,0,0,0,0,0,0
cassandra,io/sstable/format/SSTableReaderDataReader,SSTableReaderDataReader,,C:/Users/ismak/Documents/GitHub/relation_test_code_smell_ML/dataset/projects/cassandra/test/unit/org/apache/cassandra/io/sstable/format/SSTableReaderDataReaderTest.java,0,0,1,6,0,0,0,0,0,0,1,1,1,0,1,1,0,0,0,0,0,0,0,0,0,0,0,0,0,0,0,0,0,1,0
cassandra,io/sstable/format/SSTableScanner,SSTableScanner,dataset/projects/cassandra/src/java/org/apache/cassandra/io/sstable/format/SSTableScanner.java,,1,1,0,0,0,0,0,0,0,1,0,0,0,0,0,0,0,0,0,0,0,0,0,0,0,0,0,0,0,0,0,0,0,0,0
cassandra,io/sstable/format/SSTableSimpleScanner,SSTableSimpleScanner,dataset/projects/cassandra/src/java/org/apache/cassandra/io/sstable/format/SSTableSimpleScanner.java,,1,1,0,0,0,1,0,0,0,0,0,0,0,0,0,0,0,0,0,0,0,0,0,0,0,0,0,0,0,0,0,0,0,0,0
cassandra,io/sstable/format/SSTableWriter,SSTableWriter,dataset/projects/cassandra/src/java/org/apache/cassandra/io/sstable/format/SSTableWriter.java,,1,3,0,0,1,0,0,0,0,2,0,0,0,0,0,0,0,0,0,0,0,0,0,0,0,0,0,0,0,0,0,0,0,0,0
cassandra,io/sstable/format/SortedTableScrubber,SortedTableScrubber,dataset/projects/cassandra/src/java/org/apache/cassandra/io/sstable/format/SortedTableScrubber.java,,1,5,0,0,1,2,0,1,0,1,0,0,0,0,0,0,0,0,0,0,0,0,0,0,0,0,0,0,0,0,0,0,0,0,0
cassandra,io/sstable/format/SortedTableVerifier,SortedTableVerifier,dataset/projects/cassandra/src/java/org/apache/cassandra/io/sstable/format/SortedTableVerifier.java,,1,4,0,0,1,2,0,0,0,1,0,0,0,0,0,0,0,0,0,0,0,0,0,0,0,0,0,0,0,0,0,0,0,0,0
cassandra,io/sstable/format/SortedTableWriter,SortedTableWriter,dataset/projects/cassandra/src/java/org/apache/cassandra/io/sstable/format/SortedTableWriter.java,,1,5,0,0,1,2,0,1,0,1,0,0,0,0,0,0,0,0,0,0,0,0,0,0,0,0,0,0,0,0,0,0,0,0,0
cassandra,io/sstable/format/TOCComponent,TOCComponent,,C:/Users/ismak/Documents/GitHub/relation_test_code_smell_ML/dataset/projects/cassandra/test/unit/org/apache/cassandra/io/sstable/format/TOCComponentTest.java,0,0,1,7,0,0,0,0,0,0,1,1,1,0,1,0,0,0,0,1,0,1,0,0,0,0,0,0,0,0,0,0,1,0,0
cassandra,io/sstable/format/Version,Version,dataset/projects/cassandra/src/java/org/apache/cassandra/io/sstable/format/Version.java,,1,1,0,0,0,0,0,0,0,1,0,0,0,0,0,0,0,0,0,0,0,0,0,0,0,0,0,0,0,0,0,0,0,0,0
cassandra,io/sstable/indexsummary/IndexSummary,IndexSummary,dataset/projects/cassandra/src/java/org/apache/cassandra/io/sstable/indexsummary/IndexSummary.java,C:/Users/ismak/Documents/GitHub/relation_test_code_smell_ML/dataset/projects/cassandra/test/unit/org/apache/cassandra/io/sstable/indexsummary/IndexSummaryTest.java,1,1,1,11,0,1,0,0,0,0,1,1,1,0,1,1,0,0,0,1,0,0,0,1,0,0,0,0,0,1,1,1,0,1,0
cassandra,io/sstable/indexsummary/IndexSummaryBuilder,IndexSummaryBuilder,dataset/projects/cassandra/src/java/org/apache/cassandra/io/sstable/indexsummary/IndexSummaryBuilder.java,,1,1,0,0,0,0,0,0,0,1,0,0,0,0,0,0,0,0,0,0,0,0,0,0,0,0,0,0,0,0,0,0,0,0,0
cassandra,io/sstable/indexsummary/IndexSummaryManager,IndexSummaryManager,dataset/projects/cassandra/src/java/org/apache/cassandra/io/sstable/indexsummary/IndexSummaryManager.java,C:/Users/ismak/Documents/GitHub/relation_test_code_smell_ML/dataset/projects/cassandra/test/unit/org/apache/cassandra/io/sstable/indexsummary/IndexSummaryManagerTest.java,1,2,1,10,1,0,0,0,0,1,1,1,1,0,1,1,0,0,0,1,1,0,0,0,0,0,1,0,0,1,0,0,0,1,0
cassandra,io/sstable/indexsummary/IndexSummaryRedistribution,IndexSummaryRedistribution,dataset/projects/cassandra/src/java/org/apache/cassandra/io/sstable/indexsummary/IndexSummaryRedistribution.java,C:/Users/ismak/Documents/GitHub/relation_test_code_smell_ML/dataset/projects/cassandra/test/unit/org/apache/cassandra/io/sstable/indexsummary/IndexSummaryRedistributionTest.java,1,3,1,8,1,2,0,0,0,0,1,1,1,0,1,1,0,0,0,1,0,0,0,0,0,0,0,0,0,1,0,0,0,1,0
cassandra,io/sstable/keycache/KeyCache,KeyCache,,C:/Users/ismak/Documents/GitHub/relation_test_code_smell_ML/dataset/projects/cassandra/test/unit/org/apache/cassandra/io/sstable/keycache/KeyCacheTest.java,0,0,1,9,0,0,0,0,0,0,1,1,1,0,1,1,0,0,0,1,0,0,0,0,0,0,0,0,0,0,1,1,0,1,0
cassandra,io/sstable/metadata/MetadataCollector,MetadataCollector,dataset/projects/cassandra/src/java/org/apache/cassandra/io/sstable/metadata/MetadataCollector.java,,1,4,0,0,1,0,0,1,1,1,0,0,0,0,0,0,0,0,0,0,0,0,0,0,0,0,0,0,0,0,0,0,0,0,0
cassandra,io/sstable/metadata/MetadataSerializer,MetadataSerializer,dataset/projects/cassandra/src/java/org/apache/cassandra/io/sstable/metadata/MetadataSerializer.java,C:/Users/ismak/Documents/GitHub/relation_test_code_smell_ML/dataset/projects/cassandra/test/unit/org/apache/cassandra/io/sstable/metadata/MetadataSerializerTest.java,1,2,1,10,1,0,0,0,0,1,1,1,1,0,1,1,0,0,0,1,0,1,0,0,0,0,0,0,0,0,1,1,1,0,0
cassandra,io/sstable/metadata/StatsMetadata,StatsMetadata,dataset/projects/cassandra/src/java/org/apache/cassandra/io/sstable/metadata/StatsMetadata.java,,1,6,0,0,1,3,1,1,0,0,0,0,0,0,0,0,0,0,0,0,0,0,0,0,0,0,0,0,0,0,0,0,0,0,0
cassandra,org/apache/cassandra/CassandraXMLJUnitResultFormatter,CassandraXMLJUnitResultFormatter,,C:/Users/ismak/Documents/GitHub/relation_test_code_smell_ML/dataset/projects/cassandra/test/unit/org/apache/cassandra/CassandraXMLJUnitResultFormatterTest.java,0,0,1,8,0,0,0,0,0,0,1,1,1,0,1,1,0,0,0,1,1,0,0,0,0,0,0,0,0,0,0,0,0,1,0
cassandra,repair/consistent/admin/SchemaArgsParser,SchemaArgsParser,,C:/Users/ismak/Documents/GitHub/relation_test_code_smell_ML/dataset/projects/cassandra/test/unit/org/apache/cassandra/repair/consistent/admin/SchemaArgsParserTest.java,0,0,1,3,0,0,0,0,0,0,1,1,1,0,0,0,0,0,0,0,0,0,0,0,0,0,0,0,0,0,0,0,0,0,0
cassandra,sai/analyzer/filter/BasicFilters,BasicFilters,,C:/Users/ismak/Documents/GitHub/relation_test_code_smell_ML/dataset/projects/cassandra/test/unit/org/apache/cassandra/index/sai/analyzer/filter/BasicFiltersTest.java,0,0,1,4,0,0,0,0,0,0,1,1,1,0,0,1,0,0,0,0,0,0,0,0,0,0,0,0,0,0,0,0,0,0,0
cassandra,sai/cql/intersection/RandomMixedIntersection,RandomMixedIntersection,,C:/Users/ismak/Documents/GitHub/relation_test_code_smell_ML/dataset/projects/cassandra/test/unit/org/apache/cassandra/index/sai/cql/intersection/RandomMixedIntersectionTest.java,0,0,1,5,0,0,0,0,0,0,1,1,1,0,0,0,0,0,0,1,0,0,0,0,0,0,0,0,0,0,1,0,0,0,0
cassandra,sai/cql/intersection/RandomMixedPartitionIntersection,RandomMixedPartitionIntersection,,C:/Users/ismak/Documents/GitHub/relation_test_code_smell_ML/dataset/projects/cassandra/test/unit/org/apache/cassandra/index/sai/cql/intersection/RandomMixedPartitionIntersectionTest.java,0,0,1,5,0,0,0,0,0,0,1,1,1,0,0,0,0,0,0,1,0,0,0,0,0,0,0,0,0,0,1,0,0,0,0
cassandra,sai/cql/intersection/RandomRegularIntersection,RandomRegularIntersection,,C:/Users/ismak/Documents/GitHub/relation_test_code_smell_ML/dataset/projects/cassandra/test/unit/org/apache/cassandra/index/sai/cql/intersection/RandomRegularIntersectionTest.java,0,0,1,5,0,0,0,0,0,0,1,1,1,0,0,0,0,0,0,1,0,0,0,0,0,0,0,0,0,0,1,0,0,0,0
cassandra,sai/cql/intersection/RandomRegularPartitionIntersection,RandomRegularPartitionIntersection,,C:/Users/ismak/Documents/GitHub/relation_test_code_smell_ML/dataset/projects/cassandra/test/unit/org/apache/cassandra/index/sai/cql/intersection/RandomRegularPartitionIntersectionTest.java,0,0,1,5,0,0,0,0,0,0,1,1,1,0,0,0,0,0,0,1,0,0,0,0,0,0,0,0,0,0,1,0,0,0,0
cassandra,sai/cql/intersection/RandomStaticIntersection,RandomStaticIntersection,,C:/Users/ismak/Documents/GitHub/relation_test_code_smell_ML/dataset/projects/cassandra/test/unit/org/apache/cassandra/index/sai/cql/intersection/RandomStaticIntersectionTest.java,0,0,1,5,0,0,0,0,0,0,1,1,1,0,0,0,0,0,0,1,0,0,0,0,0,0,0,0,0,0,1,0,0,0,0
cassandra,sai/cql/intersection/RandomStaticPartitionIntersection,RandomStaticPartitionIntersection,,C:/Users/ismak/Documents/GitHub/relation_test_code_smell_ML/dataset/projects/cassandra/test/unit/org/apache/cassandra/index/sai/cql/intersection/RandomStaticPartitionIntersectionTest.java,0,0,1,5,0,0,0,0,0,0,1,1,1,0,0,0,0,0,0,1,0,0,0,0,0,0,0,0,0,0,1,0,0,0,0
cassandra,sai/cql/intersection/TwoRegularOneStaticIntersection,TwoRegularOneStaticIntersection,,C:/Users/ismak/Documents/GitHub/relation_test_code_smell_ML/dataset/projects/cassandra/test/unit/org/apache/cassandra/index/sai/cql/intersection/TwoRegularOneStaticIntersectionTest.java,0,0,1,5,0,0,0,0,0,0,1,1,1,0,0,0,0,0,0,1,0,0,0,0,0,0,0,0,0,0,1,0,0,0,0
cassandra,sai/cql/intersection/TwoRegularOneStaticPartitionIntersection,TwoRegularOneStaticPartitionIntersection,,C:/Users/ismak/Documents/GitHub/relation_test_code_smell_ML/dataset/projects/cassandra/test/unit/org/apache/cassandra/index/sai/cql/intersection/TwoRegularOneStaticPartitionIntersectionTest.java,0,0,1,5,0,0,0,0,0,0,1,1,1,0,0,0,0,0,0,1,0,0,0,0,0,0,0,0,0,0,1,0,0,0,0
cassandra,sai/cql/types/Ascii,Ascii,,C:/Users/ismak/Documents/GitHub/relation_test_code_smell_ML/dataset/projects/cassandra/test/unit/org/apache/cassandra/index/sai/cql/types/AsciiTest.java,0,0,1,3,0,0,0,0,0,0,1,1,1,0,0,0,0,0,0,0,0,0,0,0,0,0,0,0,0,0,0,0,0,0,0
cassandra,sai/cql/types/Bigint,Bigint,,C:/Users/ismak/Documents/GitHub/relation_test_code_smell_ML/dataset/projects/cassandra/test/unit/org/apache/cassandra/index/sai/cql/types/BigintTest.java,0,0,1,3,0,0,0,0,0,0,1,1,1,0,0,0,0,0,0,0,0,0,0,0,0,0,0,0,0,0,0,0,0,0,0
cassandra,sai/cql/types/Boolean,Boolean,,C:/Users/ismak/Documents/GitHub/relation_test_code_smell_ML/dataset/projects/cassandra/test/unit/org/apache/cassandra/index/sai/cql/types/BooleanTest.java,0,0,1,3,0,0,0,0,0,0,1,1,1,0,0,0,0,0,0,0,0,0,0,0,0,0,0,0,0,0,0,0,0,0,0
cassandra,sai/cql/types/Date,Date,,C:/Users/ismak/Documents/GitHub/relation_test_code_smell_ML/dataset/projects/cassandra/test/unit/org/apache/cassandra/index/sai/cql/types/DateTest.java,0,0,1,3,0,0,0,0,0,0,1,1,1,0,0,0,0,0,0,0,0,0,0,0,0,0,0,0,0,0,0,0,0,0,0
cassandra,sai/cql/types/Decimal,Decimal,,C:/Users/ismak/Documents/GitHub/relation_test_code_smell_ML/dataset/projects/cassandra/test/unit/org/apache/cassandra/index/sai/cql/types/DecimalTest.java,0,0,1,3,0,0,0,0,0,0,1,1,1,0,0,0,0,0,0,0,0,0,0,0,0,0,0,0,0,0,0,0,0,0,0
cassandra,sai/cql/types/Double,Double,,C:/Users/ismak/Documents/GitHub/relation_test_code_smell_ML/dataset/projects/cassandra/test/unit/org/apache/cassandra/index/sai/cql/types/DoubleTest.java,0,0,1,3,0,0,0,0,0,0,1,1,1,0,0,0,0,0,0,0,0,0,0,0,0,0,0,0,0,0,0,0,0,0,0
cassandra,sai/cql/types/Float,Float,,C:/Users/ismak/Documents/GitHub/relation_test_code_smell_ML/dataset/projects/cassandra/test/unit/org/apache/cassandra/index/sai/cql/types/FloatTest.java,0,0,1,3,0,0,0,0,0,0,1,1,1,0,0,0,0,0,0,0,0,0,0,0,0,0,0,0,0,0,0,0,0,0,0
cassandra,sai/cql/types/Inet,Inet,,C:/Users/ismak/Documents/GitHub/relation_test_code_smell_ML/dataset/projects/cassandra/test/unit/org/apache/cassandra/index/sai/cql/types/InetTest.java,0,0,1,3,0,0,0,0,0,0,1,1,1,0,0,0,0,0,0,0,0,0,0,0,0,0,0,0,0,0,0,0,0,0,0
cassandra,sai/cql/types/Int,Int,,C:/Users/ismak/Documents/GitHub/relation_test_code_smell_ML/dataset/projects/cassandra/test/unit/org/apache/cassandra/index/sai/cql/types/IntTest.java,0,0,1,3,0,0,0,0,0,0,1,1,1,0,0,0,0,0,0,0,0,0,0,0,0,0,0,0,0,0,0,0,0,0,0
cassandra,sai/cql/types/NumericTypeSorting,NumericTypeSorting,,C:/Users/ismak/Documents/GitHub/relation_test_code_smell_ML/dataset/projects/cassandra/test/unit/org/apache/cassandra/index/sai/cql/types/NumericTypeSortingTest.java,0,0,1,5,0,0,0,0,0,0,1,1,1,0,0,1,0,0,0,0,0,0,0,0,0,0,0,0,0,1,0,0,0,0,0
cassandra,sai/cql/types/Smallint,Smallint,,C:/Users/ismak/Documents/GitHub/relation_test_code_smell_ML/dataset/projects/cassandra/test/unit/org/apache/cassandra/index/sai/cql/types/SmallintTest.java,0,0,1,3,0,0,0,0,0,0,1,1,1,0,0,0,0,0,0,0,0,0,0,0,0,0,0,0,0,0,0,0,0,0,0
cassandra,sai/cql/types/Text,Text,,C:/Users/ismak/Documents/GitHub/relation_test_code_smell_ML/dataset/projects/cassandra/test/unit/org/apache/cassandra/index/sai/cql/types/TextTest.java,0,0,1,3,0,0,0,0,0,0,1,1,1,0,0,0,0,0,0,0,0,0,0,0,0,0,0,0,0,0,0,0,0,0,0
cassandra,sai/cql/types/Time,Time,,C:/Users/ismak/Documents/GitHub/relation_test_code_smell_ML/dataset/projects/cassandra/test/unit/org/apache/cassandra/index/sai/cql/types/TimeTest.java,0,0,1,3,0,0,0,0,0,0,1,1,1,0,0,0,0,0,0,0,0,0,0,0,0,0,0,0,0,0,0,0,0,0,0
cassandra,sai/cql/types/Timestamp,Timestamp,,C:/Users/ismak/Documents/GitHub/relation_test_code_smell_ML/dataset/projects/cassandra/test/unit/org/apache/cassandra/index/sai/cql/types/TimestampTest.java,0,0,1,3,0,0,0,0,0,0,1,1,1,0,0,0,0,0,0,0,0,0,0,0,0,0,0,0,0,0,0,0,0,0,0
cassandra,sai/cql/types/Timeuuid,Timeuuid,,C:/Users/ismak/Documents/GitHub/relation_test_code_smell_ML/dataset/projects/cassandra/test/unit/org/apache/cassandra/index/sai/cql/types/TimeuuidTest.java,0,0,1,3,0,0,0,0,0,0,1,1,1,0,0,0,0,0,0,0,0,0,0,0,0,0,0,0,0,0,0,0,0,0,0
cassandra,sai/cql/types/Tinyint,Tinyint,,C:/Users/ismak/Documents/GitHub/relation_test_code_smell_ML/dataset/projects/cassandra/test/unit/org/apache/cassandra/index/sai/cql/types/TinyintTest.java,0,0,1,3,0,0,0,0,0,0,1,1,1,0,0,0,0,0,0,0,0,0,0,0,0,0,0,0,0,0,0,0,0,0,0
cassandra,sai/cql/types/Uuid,Uuid,,C:/Users/ismak/Documents/GitHub/relation_test_code_smell_ML/dataset/projects/cassandra/test/unit/org/apache/cassandra/index/sai/cql/types/UuidTest.java,0,0,1,3,0,0,0,0,0,0,1,1,1,0,0,0,0,0,0,0,0,0,0,0,0,0,0,0,0,0,0,0,0,0,0
cassandra,sai/cql/types/Varint,Varint,,C:/Users/ismak/Documents/GitHub/relation_test_code_smell_ML/dataset/projects/cassandra/test/unit/org/apache/cassandra/index/sai/cql/types/VarintTest.java,0,0,1,3,0,0,0,0,0,0,1,1,1,0,0,0,0,0,0,0,0,0,0,0,0,0,0,0,0,0,0,0,0,0,0
cassandra,sai/disk/format/IndexDescriptor,IndexDescriptor,dataset/projects/cassandra/src/java/org/apache/cassandra/index/sai/disk/format/IndexDescriptor.java,C:/Users/ismak/Documents/GitHub/relation_test_code_smell_ML/dataset/projects/cassandra/test/unit/org/apache/cassandra/index/sai/disk/format/IndexDescriptorTest.java,1,3,1,6,1,0,0,1,0,1,1,1,1,0,1,0,0,0,0,1,0,0,0,0,0,0,0,0,0,0,0,0,1,0,0
cassandra,sai/disk/format/Version,Version,dataset/projects/cassandra/src/java/org/apache/cassandra/index/sai/disk/format/Version.java,C:/Users/ismak/Documents/GitHub/relation_test_code_smell_ML/dataset/projects/cassandra/test/unit/org/apache/cassandra/index/sai/disk/format/VersionTest.java,1,1,1,4,0,0,0,0,0,1,1,1,1,0,1,0,0,0,0,0,0,0,0,0,0,0,0,0,0,0,0,0,0,0,0
cassandra,sai/disk/v1/BalancedTreeIndexSearcher,BalancedTreeIndexSearcher,,C:/Users/ismak/Documents/GitHub/relation_test_code_smell_ML/dataset/projects/cassandra/test/unit/org/apache/cassandra/index/sai/disk/v1/BalancedTreeIndexSearcherTest.java,0,0,1,6,0,0,0,0,0,0,1,1,1,0,0,0,0,0,0,1,0,0,0,0,0,0,0,0,0,0,1,1,0,0,0
cassandra,sai/disk/v1/IndexWriterConfig,IndexWriterConfig,dataset/projects/cassandra/src/java/org/apache/cassandra/index/sai/disk/v1/IndexWriterConfig.java,,1,1,0,0,0,1,0,0,0,0,0,0,0,0,0,0,0,0,0,0,0,0,0,0,0,0,0,0,0,0,0,0,0,0,0
cassandra,sai/disk/v1/InvertedIndexSearcher,InvertedIndexSearcher,,C:/Users/ismak/Documents/GitHub/relation_test_code_smell_ML/dataset/projects/cassandra/test/unit/org/apache/cassandra/index/sai/disk/v1/InvertedIndexSearcherTest.java,0,0,1,7,0,0,0,0,0,0,1,1,1,0,1,1,0,0,0,1,0,0,0,0,0,0,0,0,0,1,0,0,0,0,0
cassandra,sai/disk/v1/Metadata,Metadata,,C:/Users/ismak/Documents/GitHub/relation_test_code_smell_ML/dataset/projects/cassandra/test/unit/org/apache/cassandra/index/sai/disk/v1/MetadataTest.java,0,0,1,9,0,0,0,0,0,0,1,1,1,0,1,1,0,0,0,1,0,1,0,0,0,0,0,0,0,0,1,0,1,0,0
cassandra,sai/disk/v1/SAICodecUtils,SAICodecUtils,dataset/projects/cassandra/src/java/org/apache/cassandra/index/sai/disk/v1/SAICodecUtils.java,C:/Users/ismak/Documents/GitHub/relation_test_code_smell_ML/dataset/projects/cassandra/test/unit/org/apache/cassandra/index/sai/disk/v1/SAICodecUtilsTest.java,1,3,1,10,0,1,0,1,0,1,1,1,1,0,1,1,0,0,0,1,1,0,0,0,0,0,0,0,0,0,1,0,1,1,0
cassandra,sai/disk/v1/SSTableIndexWriter,SSTableIndexWriter,dataset/projects/cassandra/src/java/org/apache/cassandra/index/sai/disk/v1/SSTableIndexWriter.java,,1,1,0,0,0,1,0,0,0,0,0,0,0,0,0,0,0,0,0,0,0,0,0,0,0,0,0,0,0,0,0,0,0,0,0
cassandra,sai/disk/v1/Segment,Segment,,C:/Users/ismak/Documents/GitHub/relation_test_code_smell_ML/dataset/projects/cassandra/test/unit/org/apache/cassandra/index/sai/disk/v1/SegmentTest.java,0,0,1,4,0,0,0,0,0,0,1,1,1,0,1,0,0,0,0,0,0,0,0,0,0,0,0,0,0,0,0,0,0,0,0
cassandra,sai/disk/v1/SegmentFlush,SegmentFlush,,C:/Users/ismak/Documents/GitHub/relation_test_code_smell_ML/dataset/projects/cassandra/test/unit/org/apache/cassandra/index/sai/disk/v1/SegmentFlushTest.java,0,0,1,6,0,0,0,0,0,0,1,1,1,0,0,0,0,0,0,1,0,0,0,0,0,0,0,0,0,0,1,1,0,0,0
cassandra,sai/disk/v1/Sorter,Sorter,,C:/Users/ismak/Documents/GitHub/relation_test_code_smell_ML/dataset/projects/cassandra/test/unit/org/apache/cassandra/index/sai/disk/v1/SorterTest.java,0,0,1,4,0,0,0,0,0,0,1,1,1,0,0,1,0,0,0,0,0,0,0,0,0,0,0,0,0,0,0,0,0,0,0
cassandra,sai/disk/v1/TermsReader,TermsReader,,C:/Users/ismak/Documents/GitHub/relation_test_code_smell_ML/dataset/projects/cassandra/test/unit/org/apache/cassandra/index/sai/disk/v1/TermsReaderTest.java,0,0,1,6,0,0,0,0,0,0,1,1,1,0,0,0,0,0,0,1,0,0,0,0,0,0,0,0,0,0,1,1,0,0,0
cassandra,sai/disk/v1/V1OnDiskFormat,V1OnDiskFormat,dataset/projects/cassandra/src/java/org/apache/cassandra/index/sai/disk/v1/V1OnDiskFormat.java,,1,1,0,0,0,0,0,0,0,1,0,0,0,0,0,0,0,0,0,0,0,0,0,0,0,0,0,0,0,0,0,0,0,0,0
cassandra,sai/disk/v1/V1SSTableIndex,V1SSTableIndex,dataset/projects/cassandra/src/java/org/apache/cassandra/index/sai/disk/v1/V1SSTableIndex.java,,1,1,0,0,0,0,0,0,0,1,0,0,0,0,0,0,0,0,0,0,0,0,0,0,0,0,0,0,0,0,0,0,0,0,0
cassandra,sai/disk/v1/WideRowPrimaryKey,WideRowPrimaryKey,,C:/Users/ismak/Documents/GitHub/relation_test_code_smell_ML/dataset/projects/cassandra/test/unit/org/apache/cassandra/index/sai/disk/v1/WideRowPrimaryKeyTest.java,0,0,1,6,0,0,0,0,0,0,1,1,1,0,1,1,0,0,0,1,0,0,0,0,0,0,0,0,0,0,0,0,0,0,0
cassandra,sasi/utils/trie/AbstractPatriciaTrie,AbstractPatriciaTrie,dataset/projects/cassandra/src/java/org/apache/cassandra/index/sasi/utils/trie/AbstractPatriciaTrie.java,,1,8,0,0,0,6,0,1,0,1,0,0,0,0,0,0,0,0,0,0,0,0,0,0,0,0,0,0,0,0,0,0,0,0,0
cassandra,sasi/utils/trie/PatriciaTrie,PatriciaTrie,dataset/projects/cassandra/src/java/org/apache/cassandra/index/sasi/utils/trie/PatriciaTrie.java,,1,7,0,0,0,4,0,1,0,2,0,0,0,0,0,0,0,0,0,0,0,0,0,0,0,0,0,0,0,0,0,0,0,0,0
cassandra,service/accord/api/AccordAgent,AccordAgent,dataset/projects/cassandra/src/java/org/apache/cassandra/service/accord/api/AccordAgent.java,,1,2,0,0,1,0,0,0,0,1,0,0,0,0,0,0,0,0,0,0,0,0,0,0,0,0,0,0,0,0,0,0,0,0,0
cassandra,service/accord/api/AccordKey,AccordKey,,C:/Users/ismak/Documents/GitHub/relation_test_code_smell_ML/dataset/projects/cassandra/test/unit/org/apache/cassandra/service/accord/api/AccordKeyTest.java,0,0,1,6,0,0,0,0,0,0,1,1,1,0,1,0,0,0,0,1,0,0,0,0,0,0,0,0,0,0,1,0,0,0,0
cassandra,service/accord/api/AccordRoutableKey,AccordRoutableKey,dataset/projects/cassandra/src/java/org/apache/cassandra/service/accord/api/AccordRoutableKey.java,,1,1,0,0,0,0,0,0,0,1,0,0,0,0,0,0,0,0,0,0,0,0,0,0,0,0,0,0,0,0,0,0,0,0,0
cassandra,service/accord/api/PartitionKey,PartitionKey,dataset/projects/cassandra/src/java/org/apache/cassandra/service/accord/api/PartitionKey.java,,1,1,0,0,0,0,0,0,0,1,0,0,0,0,0,0,0,0,0,0,0,0,0,0,0,0,0,0,0,0,0,0,0,0,0
cassandra,service/accord/api/TokenKey,TokenKey,dataset/projects/cassandra/src/java/org/apache/cassandra/service/accord/api/TokenKey.java,,1,4,0,0,1,0,0,1,0,2,0,0,0,0,0,0,0,0,0,0,0,0,0,0,0,0,0,0,0,0,0,0,0,0,0
cassandra,service/accord/debug/AccordRemoteTracing,AccordRemoteTracing,dataset/projects/cassandra/src/java/org/apache/cassandra/service/accord/debug/AccordRemoteTracing.java,,1,1,0,0,1,0,0,0,0,0,0,0,0,0,0,0,0,0,0,0,0,0,0,0,0,0,0,0,0,0,0,0,0,0,0
cassandra,service/accord/debug/AccordTracing,AccordTracing,dataset/projects/cassandra/src/java/org/apache/cassandra/service/accord/debug/AccordTracing.java,,1,7,0,0,1,3,0,0,0,3,0,0,0,0,0,0,0,0,0,0,0,0,0,0,0,0,0,0,0,0,0,0,0,0,0
cassandra,service/accord/debug/CoordinationKinds,CoordinationKinds,dataset/projects/cassandra/src/java/org/apache/cassandra/service/accord/debug/CoordinationKinds.java,,1,1,0,0,0,1,0,0,0,0,0,0,0,0,0,0,0,0,0,0,0,0,0,0,0,0,0,0,0,0,0,0,0,0,0
cassandra,service/accord/debug/DebugBlockedTxns,DebugBlockedTxns,dataset/projects/cassandra/src/java/org/apache/cassandra/service/accord/debug/DebugBlockedTxns.java,,1,2,0,0,1,1,0,0,0,0,0,0,0,0,0,0,0,0,0,0,0,0,0,0,0,0,0,0,0,0,0,0,0,0,0
cassandra,service/accord/debug/DebugExecution,DebugExecution,dataset/projects/cassandra/src/java/org/apache/cassandra/service/accord/debug/DebugExecution.java,,1,1,0,0,0,1,0,0,0,0,0,0,0,0,0,0,0,0,0,0,0,0,0,0,0,0,0,0,0,0,0,0,0,0,0
cassandra,service/accord/debug/DebugTxnGraph,DebugTxnGraph,dataset/projects/cassandra/src/java/org/apache/cassandra/service/accord/debug/DebugTxnGraph.java,,1,5,0,0,1,2,0,1,0,1,0,0,0,0,0,0,0,0,0,0,0,0,0,0,0,0,0,0,0,0,0,0,0,0,0
cassandra,service/accord/debug/TxnKindsAndDomains,TxnKindsAndDomains,dataset/projects/cassandra/src/java/org/apache/cassandra/service/accord/debug/TxnKindsAndDomains.java,,1,1,0,0,0,1,0,0,0,0,0,0,0,0,0,0,0,0,0,0,0,0,0,0,0,0,0,0,0,0,0,0,0,0,0
cassandra,service/accord/interop/AccordInteropAdapter,AccordInteropAdapter,dataset/projects/cassandra/src/java/org/apache/cassandra/service/accord/interop/AccordInteropAdapter.java,,1,4,0,0,1,0,3,0,0,0,0,0,0,0,0,0,0,0,0,0,0,0,0,0,0,0,0,0,0,0,0,0,0,0,0
cassandra,service/accord/interop/AccordInteropApply,AccordInteropApply,dataset/projects/cassandra/src/java/org/apache/cassandra/service/accord/interop/AccordInteropApply.java,,1,5,0,0,1,2,2,0,0,0,0,0,0,0,0,0,0,0,0,0,0,0,0,0,0,0,0,0,0,0,0,0,0,0,0
cassandra,service/accord/interop/AccordInteropExecution,AccordInteropExecution,dataset/projects/cassandra/src/java/org/apache/cassandra/service/accord/interop/AccordInteropExecution.java,,1,3,0,0,1,0,1,0,0,1,0,0,0,0,0,0,0,0,0,0,0,0,0,0,0,0,0,0,0,0,0,0,0,0,0
cassandra,service/accord/interop/AccordInteropPersist,AccordInteropPersist,dataset/projects/cassandra/src/java/org/apache/cassandra/service/accord/interop/AccordInteropPersist.java,,1,1,0,0,0,0,1,0,0,0,0,0,0,0,0,0,0,0,0,0,0,0,0,0,0,0,0,0,0,0,0,0,0,0,0
cassandra,service/accord/interop/AccordInteropRead,AccordInteropRead,dataset/projects/cassandra/src/java/org/apache/cassandra/service/accord/interop/AccordInteropRead.java,,1,1,0,0,1,0,0,0,0,0,0,0,0,0,0,0,0,0,0,0,0,0,0,0,0,0,0,0,0,0,0,0,0,0,0
cassandra,service/accord/interop/AccordInteropReadRepair,AccordInteropReadRepair,dataset/projects/cassandra/src/java/org/apache/cassandra/service/accord/interop/AccordInteropReadRepair.java,,1,1,0,0,1,0,0,0,0,0,0,0,0,0,0,0,0,0,0,0,0,0,0,0,0,0,0,0,0,0,0,0,0,0,0
cassandra,service/accord/interop/AccordInteropStableThenRead,AccordInteropStableThenRead,dataset/projects/cassandra/src/java/org/apache/cassandra/service/accord/interop/AccordInteropStableThenRead.java,,1,1,0,0,1,0,0,0,0,0,0,0,0,0,0,0,0,0,0,0,0,0,0,0,0,0,0,0,0,0,0,0,0,0,0
cassandra,service/accord/journal/AbstractSegmentCompactor,AbstractSegmentCompactor,dataset/projects/cassandra/src/java/org/apache/cassandra/service/accord/journal/AbstractSegmentCompactor.java,,1,1,0,0,0,1,0,0,0,0,0,0,0,0,0,0,0,0,0,0,0,0,0,0,0,0,0,0,0,0,0,0,0,0,0
cassandra,service/accord/journal/AccordJournal,AccordJournal,dataset/projects/cassandra/src/java/org/apache/cassandra/service/accord/journal/AccordJournal.java,,1,4,0,0,1,1,0,1,0,1,0,0,0,0,0,0,0,0,0,0,0,0,0,0,0,0,0,0,0,0,0,0,0,0,0
cassandra,service/accord/journal/AccordJournalBurn,AccordJournalBurn,,C:/Users/ismak/Documents/GitHub/relation_test_code_smell_ML/dataset/projects/cassandra/test/distributed/org/apache/cassandra/service/accord/journal/AccordJournalBurnTest.java,0,0,1,8,0,0,0,0,0,0,1,1,1,0,0,1,0,0,0,1,0,1,0,0,0,0,0,0,0,0,1,0,1,0,0
cassandra,service/accord/journal/CommandChangeWriter,CommandChangeWriter,dataset/projects/cassandra/src/java/org/apache/cassandra/service/accord/journal/CommandChangeWriter.java,,1,1,0,0,0,1,0,0,0,0,0,0,0,0,0,0,0,0,0,0,0,0,0,0,0,0,0,0,0,0,0,0,0,0,0
cassandra,service/accord/journal/CommandChanges,CommandChanges,dataset/projects/cassandra/src/java/org/apache/cassandra/service/accord/journal/CommandChanges.java,,1,3,0,0,0,3,0,0,0,0,0,0,0,0,0,0,0,0,0,0,0,0,0,0,0,0,0,0,0,0,0,0,0,0,0
cassandra,service/accord/journal/JournalRangeIndex,JournalRangeIndex,dataset/projects/cassandra/src/java/org/apache/cassandra/service/accord/journal/JournalRangeIndex.java,,1,1,0,0,1,0,0,0,0,0,0,0,0,0,0,0,0,0,0,0,0,0,0,0,0,0,0,0,0,0,0,0,0,0,0
cassandra,service/accord/journal/MergeSerializers,MergeSerializers,dataset/projects/cassandra/src/java/org/apache/cassandra/service/accord/journal/MergeSerializers.java,,1,1,0,0,1,0,0,0,0,0,0,0,0,0,0,0,0,0,0,0,0,0,0,0,0,0,0,0,0,0,0,0,0,0,0
cassandra,service/accord/journal/RangeSearchManager,RangeSearchManager,dataset/projects/cassandra/src/java/org/apache/cassandra/service/accord/journal/RangeSearchManager.java,,1,1,0,0,1,0,0,0,0,0,0,0,0,0,0,0,0,0,0,0,0,0,0,0,0,0,0,0,0,0,0,0,0,0,0
cassandra,service/accord/journal/Replay,Replay,dataset/projects/cassandra/src/java/org/apache/cassandra/service/accord/journal/Replay.java,,1,2,0,0,1,1,0,0,0,0,0,0,0,0,0,0,0,0,0,0,0,0,0,0,0,0,0,0,0,0,0,0,0,0,0
cassandra,service/accord/journal/SegmentRangeSearcher,SegmentRangeSearcher,dataset/projects/cassandra/src/java/org/apache/cassandra/service/accord/journal/SegmentRangeSearcher.java,,1,1,0,0,1,0,0,0,0,0,0,0,0,0,0,0,0,0,0,0,0,0,0,0,0,0,0,0,0,0,0,0,0,0,0
cassandra,service/accord/journal/TableAndSegmentKeyIterator,TableAndSegmentKeyIterator,dataset/projects/cassandra/src/java/org/apache/cassandra/service/accord/journal/TableAndSegmentKeyIterator.java,,1,1,0,0,0,1,0,0,0,0,0,0,0,0,0,0,0,0,0,0,0,0,0,0,0,0,0,0,0,0,0,0,0,0,0
cassandra,service/accord/journal/TopologyRecord,TopologyRecord,,C:/Users/ismak/Documents/GitHub/relation_test_code_smell_ML/dataset/projects/cassandra/test/unit/org/apache/cassandra/service/accord/journal/TopologyRecordTest.java,0,0,1,4,0,0,0,0,0,0,1,1,1,0,0,0,0,0,0,0,0,0,0,0,0,0,0,0,0,0,1,0,0,0,0
cassandra,service/accord/repair/AccordRepair,AccordRepair,dataset/projects/cassandra/src/java/org/apache/cassandra/service/accord/repair/AccordRepair.java,,1,2,0,0,1,1,0,0,0,0,0,0,0,0,0,0,0,0,0,0,0,0,0,0,0,0,0,0,0,0,0,0,0,0,0
cassandra,service/accord/repair/RequiredResponseTracker,RequiredResponseTracker,,C:/Users/ismak/Documents/GitHub/relation_test_code_smell_ML/dataset/projects/cassandra/test/unit/org/apache/cassandra/service/accord/repair/RequiredResponseTrackerTest.java,0,0,1,4,0,0,0,0,0,0,1,1,1,0,1,0,0,0,0,0,0,0,0,0,0,0,0,0,0,0,0,0,0,0,0
cassandra,service/accord/serializers/AbstractSortedCollector,AbstractSortedCollector,dataset/projects/cassandra/src/java/org/apache/cassandra/service/accord/serializers/AbstractSortedCollector.java,,1,2,0,0,0,1,0,0,0,1,0,0,0,0,0,0,0,0,0,0,0,0,0,0,0,0,0,0,0,0,0,0,0,0,0
cassandra,service/accord/serializers/AcceptSerializers,AcceptSerializers,dataset/projects/cassandra/src/java/org/apache/cassandra/service/accord/serializers/AcceptSerializers.java,,1,1,0,0,0,1,0,0,0,0,0,0,0,0,0,0,0,0,0,0,0,0,0,0,0,0,0,0,0,0,0,0,0,0,0
cassandra,service/accord/serializers/AccordSerializers,AccordSerializers,dataset/projects/cassandra/src/java/org/apache/cassandra/service/accord/serializers/AccordSerializers.java,,1,1,0,0,1,0,0,0,0,0,0,0,0,0,0,0,0,0,0,0,0,0,0,0,0,0,0,0,0,0,0,0,0,0,0
cassandra,service/accord/serializers/ApplySerializers,ApplySerializers,dataset/projects/cassandra/src/java/org/apache/cassandra/service/accord/serializers/ApplySerializers.java,,1,3,0,0,1,0,2,0,0,0,0,0,0,0,0,0,0,0,0,0,0,0,0,0,0,0,0,0,0,0,0,0,0,0,0
cassandra,service/accord/serializers/CheckStatusSerializers,CheckStatusSerializers,dataset/projects/cassandra/src/java/org/apache/cassandra/service/accord/serializers/CheckStatusSerializers.java,C:/Users/ismak/Documents/GitHub/relation_test_code_smell_ML/dataset/projects/cassandra/test/unit/org/apache/cassandra/service/accord/serializers/CheckStatusSerializersTest.java,1,1,1,4,1,0,0,0,0,0,1,1,1,0,0,0,0,0,0,0,0,0,0,0,0,0,0,0,0,0,1,0,0,0,0
cassandra,service/accord/serializers/CommandSerializers,CommandSerializers,dataset/projects/cassandra/src/java/org/apache/cassandra/service/accord/serializers/CommandSerializers.java,C:/Users/ismak/Documents/GitHub/relation_test_code_smell_ML/dataset/projects/cassandra/test/unit/org/apache/cassandra/service/accord/serializers/CommandSerializersTest.java,1,8,1,7,1,5,0,0,0,2,1,1,1,0,0,1,0,0,0,1,0,0,0,0,0,0,0,0,0,0,1,1,0,0,0
cassandra,service/accord/serializers/CommandStoreSerializers,CommandStoreSerializers,dataset/projects/cassandra/src/java/org/apache/cassandra/service/accord/serializers/CommandStoreSerializers.java,C:/Users/ismak/Documents/GitHub/relation_test_code_smell_ML/dataset/projects/cassandra/test/unit/org/apache/cassandra/service/accord/serializers/CommandStoreSerializersTest.java,1,4,1,4,1,3,0,0,0,0,1,1,1,0,0,0,0,0,0,0,0,0,0,0,0,0,0,0,0,0,1,0,0,0,0
cassandra,service/accord/serializers/CommandsForKeySerializer,CommandsForKeySerializer,,C:/Users/ismak/Documents/GitHub/relation_test_code_smell_ML/dataset/projects/cassandra/test/unit/org/apache/cassandra/service/accord/serializers/CommandsForKeySerializerTest.java,0,0,1,6,0,0,0,0,0,0,1,1,1,0,0,1,0,0,0,0,0,0,0,0,0,0,0,0,0,0,1,1,0,0,0
cassandra,service/accord/serializers/DepsSerializers,DepsSerializers,dataset/projects/cassandra/src/java/org/apache/cassandra/service/accord/serializers/DepsSerializers.java,C:/Users/ismak/Documents/GitHub/relation_test_code_smell_ML/dataset/projects/cassandra/test/unit/org/apache/cassandra/service/accord/serializers/DepsSerializersTest.java,1,3,1,4,0,2,0,1,0,0,1,1,1,0,0,0,0,0,0,0,0,0,0,0,0,0,0,0,0,0,1,0,0,0,0
cassandra,service/accord/serializers/EncodeAsVInt32,EncodeAsVInt32,,C:/Users/ismak/Documents/GitHub/relation_test_code_smell_ML/dataset/projects/cassandra/test/unit/org/apache/cassandra/service/accord/serializers/EncodeAsVInt32Test.java,0,0,1,4,0,0,0,0,0,0,1,1,1,0,0,0,0,0,0,0,0,0,0,0,0,0,0,0,0,0,1,0,0,0,0
cassandra,service/accord/serializers/IVersionedWithKeysSerializer,IVersionedWithKeysSerializer,dataset/projects/cassandra/src/java/org/apache/cassandra/service/accord/serializers/IVersionedWithKeysSerializer.java,C:/Users/ismak/Documents/GitHub/relation_test_code_smell_ML/dataset/projects/cassandra/test/unit/org/apache/cassandra/service/accord/serializers/IVersionedWithKeysSerializerTest.java,1,3,1,5,0,2,0,0,0,1,1,1,1,0,0,1,0,0,0,0,0,0,0,0,0,0,0,0,0,0,1,0,0,0,0
cassandra,service/accord/serializers/JournalKeySerializer,JournalKeySerializer,,C:/Users/ismak/Documents/GitHub/relation_test_code_smell_ML/dataset/projects/cassandra/test/unit/org/apache/cassandra/service/accord/serializers/JournalKeySerializerTest.java,0,0,1,4,0,0,0,0,0,0,1,1,1,0,0,1,0,0,0,0,0,0,0,0,0,0,0,0,0,0,0,0,0,0,0
cassandra,service/accord/serializers/KeySerializers,KeySerializers,dataset/projects/cassandra/src/java/org/apache/cassandra/service/accord/serializers/KeySerializers.java,C:/Users/ismak/Documents/GitHub/relation_test_code_smell_ML/dataset/projects/cassandra/test/unit/org/apache/cassandra/service/accord/serializers/KeySerializersTest.java,1,5,1,6,1,1,0,0,0,3,1,1,1,0,0,1,0,0,0,0,0,0,0,0,0,0,0,0,0,0,1,1,0,0,0
cassandra,service/accord/serializers/LatestDepsSerializer,LatestDepsSerializer,,C:/Users/ismak/Documents/GitHub/relation_test_code_smell_ML/dataset/projects/cassandra/test/unit/org/apache/cassandra/service/accord/serializers/LatestDepsSerializerTest.java,0,0,1,7,0,0,0,0,0,0,1,1,1,0,0,1,0,0,0,1,0,0,0,0,0,0,0,0,0,0,1,1,0,0,0
cassandra,service/accord/serializers/ReadDataSerializer,ReadDataSerializer,dataset/projects/cassandra/src/java/org/apache/cassandra/service/accord/serializers/ReadDataSerializer.java,,1,4,0,0,1,3,0,0,0,0,0,0,0,0,0,0,0,0,0,0,0,0,0,0,0,0,0,0,0,0,0,0,0,0,0
cassandra,service/accord/serializers/RecoverySerializers,RecoverySerializers,dataset/projects/cassandra/src/java/org/apache/cassandra/service/accord/serializers/RecoverySerializers.java,,1,2,0,0,1,0,1,0,0,0,0,0,0,0,0,0,0,0,0,0,0,0,0,0,0,0,0,0,0,0,0,0,0,0,0
cassandra,service/accord/serializers/SerializePacked,SerializePacked,dataset/projects/cassandra/src/java/org/apache/cassandra/service/accord/serializers/SerializePacked.java,C:/Users/ismak/Documents/GitHub/relation_test_code_smell_ML/dataset/projects/cassandra/test/unit/org/apache/cassandra/service/accord/serializers/SerializePackedTest.java,1,1,1,4,0,0,0,0,0,1,1,1,1,0,0,0,0,0,0,0,0,0,0,0,0,0,0,0,0,0,1,0,0,0,0
cassandra,service/accord/serializers/TableMetadatas,TableMetadatas,dataset/projects/cassandra/src/java/org/apache/cassandra/service/accord/serializers/TableMetadatas.java,C:/Users/ismak/Documents/GitHub/relation_test_code_smell_ML/dataset/projects/cassandra/test/unit/org/apache/cassandra/service/accord/serializers/TableMetadatasTest.java,1,2,1,5,0,0,0,0,0,2,1,1,1,0,0,1,0,0,0,0,0,0,0,0,0,0,0,0,0,0,1,0,0,0,0
cassandra,service/accord/serializers/TableMetadatasAndKeys,TableMetadatasAndKeys,dataset/projects/cassandra/src/java/org/apache/cassandra/service/accord/serializers/TableMetadatasAndKeys.java,C:/Users/ismak/Documents/GitHub/relation_test_code_smell_ML/dataset/projects/cassandra/test/unit/org/apache/cassandra/service/accord/serializers/TableMetadatasAndKeysTest.java,1,1,1,6,0,0,0,0,0,1,1,1,1,0,0,1,0,0,0,1,0,0,0,0,0,0,0,0,0,0,1,0,0,0,0
cassandra,service/accord/serializers/TokenKey,TokenKey,,C:/Users/ismak/Documents/GitHub/relation_test_code_smell_ML/dataset/projects/cassandra/test/unit/org/apache/cassandra/service/accord/serializers/TokenKeyTest.java,0,0,1,8,0,0,0,0,0,0,1,1,1,0,1,1,0,0,0,0,0,0,0,0,0,0,0,0,0,1,1,1,0,0,0
cassandra,service/accord/serializers/TopologySerializers,TopologySerializers,dataset/projects/cassandra/src/java/org/apache/cassandra/service/accord/serializers/TopologySerializers.java,C:/Users/ismak/Documents/GitHub/relation_test_code_smell_ML/dataset/projects/cassandra/test/unit/org/apache/cassandra/service/accord/serializers/TopologySerializersTest.java,1,1,1,6,1,0,0,0,0,0,1,1,1,0,0,1,0,0,0,1,0,0,0,0,0,0,0,0,0,0,1,0,0,0,0
cassandra,service/accord/serializers/WaitingOnSerializer,WaitingOnSerializer,,C:/Users/ismak/Documents/GitHub/relation_test_code_smell_ML/dataset/projects/cassandra/test/unit/org/apache/cassandra/service/accord/serializers/WaitingOnSerializerTest.java,0,0,1,6,0,0,0,0,0,0,1,1,1,0,1,1,0,0,0,0,0,0,0,0,0,0,0,0,0,1,0,0,0,0,0
cassandra,service/accord/topology/AccordFastPathCoordinator,AccordFastPathCoordinator,dataset/projects/cassandra/src/java/org/apache/cassandra/service/accord/topology/AccordFastPathCoordinator.java,C:/Users/ismak/Documents/GitHub/relation_test_code_smell_ML/dataset/projects/cassandra/test/unit/org/apache/cassandra/service/accord/topology/AccordFastPathCoordinatorTest.java,1,1,1,5,0,0,0,0,0,1,1,1,1,0,1,0,0,0,0,0,0,0,0,0,0,0,0,0,0,1,0,0,0,0,0
cassandra,service/accord/topology/AccordSyncPropagator,AccordSyncPropagator,dataset/projects/cassandra/src/java/org/apache/cassandra/service/accord/topology/AccordSyncPropagator.java,C:/Users/ismak/Documents/GitHub/relation_test_code_smell_ML/dataset/projects/cassandra/test/unit/org/apache/cassandra/service/accord/topology/AccordSyncPropagatorTest.java,1,2,1,5,1,0,0,0,0,1,1,1,1,0,0,1,0,0,0,1,0,0,0,0,0,0,0,0,0,0,0,0,0,0,0
cassandra,service/accord/topology/AccordTopology,AccordTopology,dataset/projects/cassandra/src/java/org/apache/cassandra/service/accord/topology/AccordTopology.java,,1,2,0,0,1,0,0,0,0,1,0,0,0,0,0,0,0,0,0,0,0,0,0,0,0,0,0,0,0,0,0,0,0,0,0
cassandra,service/accord/topology/FastPathParsing,FastPathParsing,,C:/Users/ismak/Documents/GitHub/relation_test_code_smell_ML/dataset/projects/cassandra/test/unit/org/apache/cassandra/service/accord/topology/FastPathParsingTest.java,0,0,1,5,0,0,0,0,0,0,1,1,1,0,1,0,0,0,0,0,0,0,0,0,0,0,0,0,0,0,0,0,0,1,0
cassandra,service/accord/topology/FastPathStrategy,FastPathStrategy,dataset/projects/cassandra/src/java/org/apache/cassandra/service/accord/topology/FastPathStrategy.java,,1,1,0,0,0,1,0,0,0,0,0,0,0,0,0,0,0,0,0,0,0,0,0,0,0,0,0,0,0,0,0,0,0,0,0
cassandra,service/accord/topology/ParameterizedFastPathStrategy,ParameterizedFastPathStrategy,dataset/projects/cassandra/src/java/org/apache/cassandra/service/accord/topology/ParameterizedFastPathStrategy.java,C:/Users/ismak/Documents/GitHub/relation_test_code_smell_ML/dataset/projects/cassandra/test/unit/org/apache/cassandra/service/accord/topology/ParameterizedFastPathStrategyTest.java,1,2,1,6,1,1,0,0,0,0,1,1,1,0,1,0,0,0,0,0,0,0,0,1,0,0,0,0,0,0,0,0,0,1,0
cassandra,service/accord/topology/UpFastPathStrategy,UpFastPathStrategy,,C:/Users/ismak/Documents/GitHub/relation_test_code_smell_ML/dataset/projects/cassandra/test/unit/org/apache/cassandra/service/accord/topology/UpFastPathStrategyTest.java,0,0,1,5,0,0,0,0,0,0,1,1,1,0,1,0,0,0,0,0,0,0,0,0,0,0,0,0,0,0,0,0,0,1,0
cassandra,service/accord/topology/WatermarkCollector,WatermarkCollector,dataset/projects/cassandra/src/java/org/apache/cassandra/service/accord/topology/WatermarkCollector.java,,1,1,0,0,1,0,0,0,0,0,0,0,0,0,0,0,0,0,0,0,0,0,0,0,0,0,0,0,0,0,0,0,0,0,0
cassandra,service/accord/txn/AbstractKeySorted,AbstractKeySorted,dataset/projects/cassandra/src/java/org/apache/cassandra/service/accord/txn/AbstractKeySorted.java,C:/Users/ismak/Documents/GitHub/relation_test_code_smell_ML/dataset/projects/cassandra/test/unit/org/apache/cassandra/service/accord/txn/AbstractKeySortedTest.java,1,2,1,6,0,1,0,0,0,1,1,1,1,0,1,0,0,0,0,0,0,0,0,0,0,0,0,0,0,1,0,0,0,1,0
cassandra,service/accord/txn/AccordUpdate,AccordUpdate,,C:/Users/ismak/Documents/GitHub/relation_test_code_smell_ML/dataset/projects/cassandra/test/unit/org/apache/cassandra/service/accord/txn/AccordUpdateTest.java,0,0,1,6,0,0,0,0,0,0,1,1,1,0,0,1,0,0,0,1,0,0,0,0,0,0,0,0,0,0,1,0,0,0,0
cassandra,service/accord/txn/TxnCondition,TxnCondition,dataset/projects/cassandra/src/java/org/apache/cassandra/service/accord/txn/TxnCondition.java,C:/Users/ismak/Documents/GitHub/relation_test_code_smell_ML/dataset/projects/cassandra/test/unit/org/apache/cassandra/service/accord/txn/TxnConditionTest.java,1,3,1,9,1,2,0,0,0,0,1,1,1,0,1,1,0,0,0,1,0,0,0,0,0,0,0,0,0,1,1,1,0,0,0
cassandra,service/accord/txn/TxnData,TxnData,dataset/projects/cassandra/src/java/org/apache/cassandra/service/accord/txn/TxnData.java,,1,2,0,0,0,1,0,0,0,1,0,0,0,0,0,0,0,0,0,0,0,0,0,0,0,0,0,0,0,0,0,0,0,0,0
cassandra,service/accord/txn/TxnNamedRead,TxnNamedRead,dataset/projects/cassandra/src/java/org/apache/cassandra/service/accord/txn/TxnNamedRead.java,,1,4,0,0,1,1,0,1,0,1,0,0,0,0,0,0,0,0,0,0,0,0,0,0,0,0,0,0,0,0,0,0,0,0,0
cassandra,service/accord/txn/TxnQuery,TxnQuery,dataset/projects/cassandra/src/java/org/apache/cassandra/service/accord/txn/TxnQuery.java,,1,1,0,0,1,0,0,0,0,0,0,0,0,0,0,0,0,0,0,0,0,0,0,0,0,0,0,0,0,0,0,0,0,0,0
cassandra,service/accord/txn/TxnRead,TxnRead,dataset/projects/cassandra/src/java/org/apache/cassandra/service/accord/txn/TxnRead.java,,1,4,0,0,1,2,0,0,0,1,0,0,0,0,0,0,0,0,0,0,0,0,0,0,0,0,0,0,0,0,0,0,0,0,0
cassandra,service/accord/txn/TxnReference,TxnReference,dataset/projects/cassandra/src/java/org/apache/cassandra/service/accord/txn/TxnReference.java,,1,4,0,0,1,1,0,0,0,2,0,0,0,0,0,0,0,0,0,0,0,0,0,0,0,0,0,0,0,0,0,0,0,0,0
cassandra,service/accord/txn/TxnReferenceOperation,TxnReferenceOperation,dataset/projects/cassandra/src/java/org/apache/cassandra/service/accord/txn/TxnReferenceOperation.java,C:/Users/ismak/Documents/GitHub/relation_test_code_smell_ML/dataset/projects/cassandra/test/unit/org/apache/cassandra/service/accord/txn/TxnReferenceOperationTest.java,1,2,1,6,1,1,0,0,0,0,1,1,1,0,0,1,0,0,0,1,0,0,0,0,0,0,0,0,0,0,1,0,0,0,0
cassandra,service/accord/txn/TxnUpdate,TxnUpdate,dataset/projects/cassandra/src/java/org/apache/cassandra/service/accord/txn/TxnUpdate.java,C:/Users/ismak/Documents/GitHub/relation_test_code_smell_ML/dataset/projects/cassandra/test/unit/org/apache/cassandra/service/accord/txn/TxnUpdateTest.java,1,5,1,7,1,2,0,1,0,1,1,1,1,0,1,1,0,0,0,0,0,0,0,0,0,0,0,0,0,1,1,0,0,0,0
cassandra,service/accord/txn/TxnWrite,TxnWrite,dataset/projects/cassandra/src/java/org/apache/cassandra/service/accord/txn/TxnWrite.java,,1,1,0,0,1,0,0,0,0,0,0,0,0,0,0,0,0,0,0,0,0,0,0,0,0,0,0,0,0,0,0,0,0,0,0
cassandra,service/accord/txn/UnrecoverableRepairUpdate,UnrecoverableRepairUpdate,dataset/projects/cassandra/src/java/org/apache/cassandra/service/accord/txn/UnrecoverableRepairUpdate.java,,1,1,0,0,1,0,0,0,0,0,0,0,0,0,0,0,0,0,0,0,0,0,0,0,0,0,0,0,0,0,0,0,0,0,0
cassandra,service/consensus/migration/ConsensusKeyMigrationState,ConsensusKeyMigrationState,dataset/projects/cassandra/src/java/org/apache/cassandra/service/consensus/migration/ConsensusKeyMigrationState.java,,1,2,0,0,1,1,0,0,0,0,0,0,0,0,0,0,0,0,0,0,0,0,0,0,0,0,0,0,0,0,0,0,0,0,0
cassandra,service/consensus/migration/ConsensusMigrationMutationHelper,ConsensusMigrationMutationHelper,dataset/projects/cassandra/src/java/org/apache/cassandra/service/consensus/migration/ConsensusMigrationMutationHelper.java,,1,5,0,0,1,2,0,1,0,1,0,0,0,0,0,0,0,0,0,0,0,0,0,0,0,0,0,0,0,0,0,0,0,0,0
cassandra,service/consensus/migration/ConsensusMigrationState,ConsensusMigrationState,dataset/projects/cassandra/src/java/org/apache/cassandra/service/consensus/migration/ConsensusMigrationState.java,,1,2,0,0,1,0,0,0,0,1,0,0,0,0,0,0,0,0,0,0,0,0,0,0,0,0,0,0,0,0,0,0,0,0,0
cassandra,service/consensus/migration/ConsensusRequestRouter,ConsensusRequestRouter,dataset/projects/cassandra/src/java/org/apache/cassandra/service/consensus/migration/ConsensusRequestRouter.java,,1,9,0,0,1,6,0,1,0,1,0,0,0,0,0,0,0,0,0,0,0,0,0,0,0,0,0,0,0,0,0,0,0,0,0
cassandra,service/consensus/migration/ConsensusTableMigration,ConsensusTableMigration,dataset/projects/cassandra/src/java/org/apache/cassandra/service/consensus/migration/ConsensusTableMigration.java,,1,2,0,0,1,0,0,0,0,1,0,0,0,0,0,0,0,0,0,0,0,0,0,0,0,0,0,0,0,0,0,0,0,0,0
cassandra,service/consensus/migration/TableMigrationState,TableMigrationState,dataset/projects/cassandra/src/java/org/apache/cassandra/service/consensus/migration/TableMigrationState.java,,1,2,0,0,1,0,0,0,0,1,0,0,0,0,0,0,0,0,0,0,0,0,0,0,0,0,0,0,0,0,0,0,0,0,0
cassandra,service/disk/usage/DiskUsageBroadcaster,DiskUsageBroadcaster,dataset/projects/cassandra/src/java/org/apache/cassandra/service/disk/usage/DiskUsageBroadcaster.java,,1,2,0,0,0,1,0,0,0,1,0,0,0,0,0,0,0,0,0,0,0,0,0,0,0,0,0,0,0,0,0,0,0,0,0
cassandra,service/disk/usage/DiskUsageMonitor,DiskUsageMonitor,dataset/projects/cassandra/src/java/org/apache/cassandra/service/disk/usage/DiskUsageMonitor.java,,1,1,0,0,0,0,0,0,0,1,0,0,0,0,0,0,0,0,0,0,0,0,0,0,0,0,0,0,0,0,0,0,0,0,0
cassandra,service/paxos/cleanup/PaxosCleanupLocalCoordinator,PaxosCleanupLocalCoordinator,dataset/projects/cassandra/src/java/org/apache/cassandra/service/paxos/cleanup/PaxosCleanupLocalCoordinator.java,,1,2,0,0,0,1,0,0,0,1,0,0,0,0,0,0,0,0,0,0,0,0,0,0,0,0,0,0,0,0,0,0,0,0,0
cassandra,service/paxos/cleanup/PaxosCleanupSession,PaxosCleanupSession,dataset/projects/cassandra/src/java/org/apache/cassandra/service/paxos/cleanup/PaxosCleanupSession.java,,1,1,0,0,0,0,0,0,0,1,0,0,0,0,0,0,0,0,0,0,0,0,0,0,0,0,0,0,0,0,0,0,0,0,0
cassandra,service/paxos/cleanup/PaxosRepairState,PaxosRepairState,dataset/projects/cassandra/src/java/org/apache/cassandra/service/paxos/cleanup/PaxosRepairState.java,,1,1,0,0,0,1,0,0,0,0,0,0,0,0,0,0,0,0,0,0,0,0,0,0,0,0,0,0,0,0,0,0,0,0,0
cassandra,service/paxos/cleanup/PaxosStartPrepareCleanup,PaxosStartPrepareCleanup,dataset/projects/cassandra/src/java/org/apache/cassandra/service/paxos/cleanup/PaxosStartPrepareCleanup.java,,1,1,0,0,1,0,0,0,0,0,0,0,0,0,0,0,0,0,0,0,0,0,0,0,0,0,0,0,0,0,0,0,0,0,0
cassandra,service/paxos/cleanup/PaxosTableRepairs,PaxosTableRepairs,,C:/Users/ismak/Documents/GitHub/relation_test_code_smell_ML/dataset/projects/cassandra/test/unit/org/apache/cassandra/service/paxos/cleanup/PaxosTableRepairsTest.java,0,0,1,6,0,0,0,0,0,0,1,1,1,0,1,0,0,0,0,0,0,0,0,0,0,0,0,0,0,1,0,0,0,1,0
cassandra,service/paxos/uncommitted/PaxosBallotTracker,PaxosBallotTracker,dataset/projects/cassandra/src/java/org/apache/cassandra/service/paxos/uncommitted/PaxosBallotTracker.java,C:/Users/ismak/Documents/GitHub/relation_test_code_smell_ML/dataset/projects/cassandra/test/unit/org/apache/cassandra/service/paxos/uncommitted/PaxosBallotTrackerTest.java,1,1,1,9,0,0,0,0,0,1,1,1,1,0,1,1,0,0,0,1,0,0,0,0,0,0,0,0,0,1,1,1,0,0,0
cassandra,service/paxos/uncommitted/PaxosRows,PaxosRows,dataset/projects/cassandra/src/java/org/apache/cassandra/service/paxos/uncommitted/PaxosRows.java,C:/Users/ismak/Documents/GitHub/relation_test_code_smell_ML/dataset/projects/cassandra/test/unit/org/apache/cassandra/service/paxos/uncommitted/PaxosRowsTest.java,1,1,1,6,0,0,0,0,0,1,1,1,1,0,1,1,0,0,0,0,0,0,0,0,0,0,0,0,0,1,0,0,0,0,0
cassandra,service/paxos/uncommitted/PaxosStateTracker,PaxosStateTracker,dataset/projects/cassandra/src/java/org/apache/cassandra/service/paxos/uncommitted/PaxosStateTracker.java,C:/Users/ismak/Documents/GitHub/relation_test_code_smell_ML/dataset/projects/cassandra/test/unit/org/apache/cassandra/service/paxos/uncommitted/PaxosStateTrackerTest.java,1,3,1,8,1,1,0,0,0,1,1,1,1,0,1,0,0,0,0,1,1,0,0,0,0,0,0,0,0,1,0,0,1,0,0
cassandra,service/paxos/uncommitted/PaxosUncommitted,PaxosUncommitted,,C:/Users/ismak/Documents/GitHub/relation_test_code_smell_ML/dataset/projects/cassandra/test/unit/org/apache/cassandra/service/paxos/uncommitted/PaxosUncommittedTests.java,0,0,1,3,0,0,0,0,0,0,1,1,1,0,0,0,0,0,0,0,0,0,0,0,0,0,0,0,0,0,0,0,0,0,0
cassandra,service/paxos/uncommitted/PaxosUncommittedIndex,PaxosUncommittedIndex,dataset/projects/cassandra/src/java/org/apache/cassandra/service/paxos/uncommitted/PaxosUncommittedIndex.java,,1,2,0,0,1,0,0,0,0,1,0,0,0,0,0,0,0,0,0,0,0,0,0,0,0,0,0,0,0,0,0,0,0,0,0
cassandra,service/paxos/uncommitted/PaxosUncommittedTracker,PaxosUncommittedTracker,dataset/projects/cassandra/src/java/org/apache/cassandra/service/paxos/uncommitted/PaxosUncommittedTracker.java,C:/Users/ismak/Documents/GitHub/relation_test_code_smell_ML/dataset/projects/cassandra/test/unit/org/apache/cassandra/service/paxos/uncommitted/PaxosUncommittedTrackerTest.java,1,3,1,10,0,1,0,1,0,1,1,1,1,0,1,1,0,0,0,1,1,0,0,0,0,0,0,0,0,1,0,0,1,1,0
cassandra,service/paxos/uncommitted/PaxosUncommittedTrackerIntegration,PaxosUncommittedTrackerIntegration,,C:/Users/ismak/Documents/GitHub/relation_test_code_smell_ML/dataset/projects/cassandra/test/unit/org/apache/cassandra/service/paxos/uncommitted/PaxosUncommittedTrackerIntegrationTest.java,0,0,1,5,0,0,0,0,0,0,1,1,1,0,1,0,0,0,0,0,0,0,0,0,0,0,0,0,0,1,0,0,0,0,0
cassandra,service/paxos/uncommitted/UncommittedDataFile,UncommittedDataFile,dataset/projects/cassandra/src/java/org/apache/cassandra/service/paxos/uncommitted/UncommittedDataFile.java,,1,1,0,0,0,0,0,0,0,1,0,0,0,0,0,0,0,0,0,0,0,0,0,0,0,0,0,0,0,0,0,0,0,0,0
cassandra,service/paxos/uncommitted/UncommittedTableData,UncommittedTableData,dataset/projects/cassandra/src/java/org/apache/cassandra/service/paxos/uncommitted/UncommittedTableData.java,C:/Users/ismak/Documents/GitHub/relation_test_code_smell_ML/dataset/projects/cassandra/test/unit/org/apache/cassandra/service/paxos/uncommitted/UncommittedTableDataTest.java,1,4,1,10,1,1,0,1,0,1,1,1,1,0,1,1,0,0,0,1,0,0,0,0,0,0,1,0,0,1,0,0,1,1,0
cassandra,service/reads/range/RangeCommandIterator,RangeCommandIterator,dataset/projects/cassandra/src/java/org/apache/cassandra/service/reads/range/RangeCommandIterator.java,C:/Users/ismak/Documents/GitHub/relation_test_code_smell_ML/dataset/projects/cassandra/test/unit/org/apache/cassandra/service/reads/range/RangeCommandIteratorTest.java,1,3,1,8,1,1,0,0,0,1,1,1,1,0,1,1,0,0,0,0,0,0,0,0,0,0,0,0,0,1,1,0,0,1,0
cassandra,service/reads/range/RangeCommands,RangeCommands,,C:/Users/ismak/Documents/GitHub/relation_test_code_smell_ML/dataset/projects/cassandra/test/unit/org/apache/cassandra/service/reads/range/RangeCommandsTest.java,0,0,1,8,0,0,0,0,0,0,1,1,1,0,1,0,0,0,0,0,0,0,0,0,0,0,0,0,0,1,1,1,0,1,0
cassandra,service/reads/range/ReplicaPlanIterator,ReplicaPlanIterator,,C:/Users/ismak/Documents/GitHub/relation_test_code_smell_ML/dataset/projects/cassandra/test/unit/org/apache/cassandra/service/reads/range/ReplicaPlanIteratorTest.java,0,0,1,5,0,0,0,0,0,0,1,1,1,0,0,0,0,0,0,0,0,0,0,0,0,0,0,0,0,0,1,1,0,0,0
cassandra,service/reads/range/ReplicaPlanMerger,ReplicaPlanMerger,,C:/Users/ismak/Documents/GitHub/relation_test_code_smell_ML/dataset/projects/cassandra/test/unit/org/apache/cassandra/service/reads/range/ReplicaPlanMergerTest.java,0,0,1,6,0,0,0,0,0,0,1,1,1,0,0,1,0,0,0,0,0,0,0,0,0,0,0,0,0,0,1,1,0,0,0
cassandra,service/reads/repair/AbstractReadRepair,AbstractReadRepair,,C:/Users/ismak/Documents/GitHub/relation_test_code_smell_ML/dataset/projects/cassandra/test/unit/org/apache/cassandra/service/reads/repair/AbstractReadRepairTest.java,0,0,1,6,0,0,0,0,0,0,1,1,1,0,1,0,0,0,0,0,0,0,0,0,0,0,0,0,0,1,0,1,0,0,0
cassandra,service/reads/repair/BlockingPartitionRepair,BlockingPartitionRepair,dataset/projects/cassandra/src/java/org/apache/cassandra/service/reads/repair/BlockingPartitionRepair.java,,1,1,0,0,0,0,0,0,0,1,0,0,0,0,0,0,0,0,0,0,0,0,0,0,0,0,0,0,0,0,0,0,0,0,0
cassandra,service/reads/repair/BlockingReadRepair,BlockingReadRepair,dataset/projects/cassandra/src/java/org/apache/cassandra/service/reads/repair/BlockingReadRepair.java,C:/Users/ismak/Documents/GitHub/relation_test_code_smell_ML/dataset/projects/cassandra/test/unit/org/apache/cassandra/service/reads/repair/BlockingReadRepairTest.java,1,1,1,7,1,0,0,0,0,0,1,1,1,0,1,0,0,0,0,1,0,0,0,0,0,0,0,0,0,1,0,0,0,1,0
cassandra,service/reads/repair/DiagEventsBlockingReadRepair,DiagEventsBlockingReadRepair,,C:/Users/ismak/Documents/GitHub/relation_test_code_smell_ML/dataset/projects/cassandra/test/unit/org/apache/cassandra/service/reads/repair/DiagEventsBlockingReadRepairTest.java,0,0,1,7,0,0,0,0,0,0,1,1,1,0,1,0,0,0,0,0,0,0,0,0,1,0,0,0,0,1,0,0,0,1,0
cassandra,service/reads/repair/ReadOnlyReadRepair,ReadOnlyReadRepair,,C:/Users/ismak/Documents/GitHub/relation_test_code_smell_ML/dataset/projects/cassandra/test/unit/org/apache/cassandra/service/reads/repair/ReadOnlyReadRepairTest.java,0,0,1,3,0,0,0,0,0,0,1,1,1,0,0,0,0,0,0,0,0,0,0,0,0,0,0,0,0,0,0,0,0,0,0
cassandra,service/reads/repair/ReadRepair,ReadRepair,,C:/Users/ismak/Documents/GitHub/relation_test_code_smell_ML/dataset/projects/cassandra/test/unit/org/apache/cassandra/service/reads/repair/ReadRepairTest.java,0,0,1,7,0,0,0,0,0,0,1,1,1,0,1,0,0,0,0,1,0,0,0,0,0,0,0,0,0,1,0,0,0,1,0
cassandra,service/reads/repair/RepairedDataVerifier,RepairedDataVerifier,,C:/Users/ismak/Documents/GitHub/relation_test_code_smell_ML/dataset/projects/cassandra/test/unit/org/apache/cassandra/service/reads/repair/RepairedDataVerifierTest.java,0,0,1,5,0,0,0,0,0,0,1,1,1,0,1,0,0,0,0,0,1,0,0,0,0,0,0,0,0,0,0,0,0,0,0
cassandra,service/reads/repair/RowIteratorMergeListener,RowIteratorMergeListener,dataset/projects/cassandra/src/java/org/apache/cassandra/service/reads/repair/RowIteratorMergeListener.java,,1,4,0,0,1,2,0,1,0,0,0,0,0,0,0,0,0,0,0,0,0,0,0,0,0,0,0,0,0,0,0,0,0,0,0
cassandra,service/reads/repair/ableReadRepair,ableReadRepair,,C:/Users/ismak/Documents/GitHub/relation_test_code_smell_ML/dataset/projects/cassandra/test/unit/org/apache/cassandra/service/reads/repair/TestableReadRepair.java,0,0,1,4,0,0,0,0,0,0,1,1,1,0,0,0,1,0,0,0,0,0,0,0,0,0,0,0,0,0,0,0,0,0,0
cassandra,service/reads/thresholds/WarningContext,WarningContext,dataset/projects/cassandra/src/java/org/apache/cassandra/service/reads/thresholds/WarningContext.java,,1,1,0,0,0,1,0,0,0,0,0,0,0,0,0,0,0,0,0,0,0,0,0,0,0,0,0,0,0,0,0,0,0,0,0
cassandra,service/reads/thresholds/WarningsSnapshot,WarningsSnapshot,dataset/projects/cassandra/src/java/org/apache/cassandra/service/reads/thresholds/WarningsSnapshot.java,C:/Users/ismak/Documents/GitHub/relation_test_code_smell_ML/dataset/projects/cassandra/test/unit/org/apache/cassandra/service/reads/thresholds/WarningsSnapshotTest.java,1,2,1,5,0,0,0,0,0,2,1,1,1,0,1,0,0,0,0,0,0,0,0,0,0,0,0,0,0,0,1,0,0,0,0
cassandra,service/writes/thresholds/WarnCounter,WarnCounter,,C:/Users/ismak/Documents/GitHub/relation_test_code_smell_ML/dataset/projects/cassandra/test/unit/org/apache/cassandra/service/writes/thresholds/WarnCounterTest.java,0,0,1,5,0,0,0,0,0,0,1,1,1,0,1,0,0,0,0,0,0,0,0,0,0,0,0,0,0,1,0,0,0,0,0
cassandra,service/writes/thresholds/WriteWarningContext,WriteWarningContext,,C:/Users/ismak/Documents/GitHub/relation_test_code_smell_ML/dataset/projects/cassandra/test/unit/org/apache/cassandra/service/writes/thresholds/WriteWarningContextTest.java,0,0,1,5,0,0,0,0,0,0,1,1,1,0,1,0,0,0,0,0,0,0,0,0,0,0,0,0,0,1,0,0,0,0,0
cassandra,service/writes/thresholds/WriteWarningsSnapshot,WriteWarningsSnapshot,,C:/Users/ismak/Documents/GitHub/relation_test_code_smell_ML/dataset/projects/cassandra/test/unit/org/apache/cassandra/service/writes/thresholds/WriteWarningsSnapshotTest.java,0,0,1,6,0,0,0,0,0,0,1,1,1,0,1,0,0,0,0,0,0,0,0,0,0,0,0,0,0,1,1,0,0,0,0
cassandra,sstable/format/big/BigFormat,BigFormat,dataset/projects/cassandra/src/java/org/apache/cassandra/io/sstable/format/big/BigFormat.java,,1,2,0,0,1,0,0,0,0,1,0,0,0,0,0,0,0,0,0,0,0,0,0,0,0,0,0,0,0,0,0,0,0,0,0
cassandra,sstable/format/big/BigFormatPartitionWriter,BigFormatPartitionWriter,dataset/projects/cassandra/src/java/org/apache/cassandra/io/sstable/format/big/BigFormatPartitionWriter.java,,1,1,0,0,0,1,0,0,0,0,0,0,0,0,0,0,0,0,0,0,0,0,0,0,0,0,0,0,0,0,0,0,0,0,0
cassandra,sstable/format/big/BigSSTableReaderLoadingBuilder,BigSSTableReaderLoadingBuilder,dataset/projects/cassandra/src/java/org/apache/cassandra/io/sstable/format/big/BigSSTableReaderLoadingBuilder.java,,1,4,0,0,1,2,0,1,0,0,0,0,0,0,0,0,0,0,0,0,0,0,0,0,0,0,0,0,0,0,0,0,0,0,0
cassandra,sstable/format/big/BigTableKeyReader,BigTableKeyReader,dataset/projects/cassandra/src/java/org/apache/cassandra/io/sstable/format/big/BigTableKeyReader.java,,1,1,0,0,0,0,0,0,0,1,0,0,0,0,0,0,0,0,0,0,0,0,0,0,0,0,0,0,0,0,0,0,0,0,0
cassandra,sstable/format/big/BigTableReader,BigTableReader,dataset/projects/cassandra/src/java/org/apache/cassandra/io/sstable/format/big/BigTableReader.java,,1,5,0,0,1,2,0,1,0,1,0,0,0,0,0,0,0,0,0,0,0,0,0,0,0,0,0,0,0,0,0,0,0,0,0
cassandra,sstable/format/big/BigTableScrubber,BigTableScrubber,dataset/projects/cassandra/src/java/org/apache/cassandra/io/sstable/format/big/BigTableScrubber.java,,1,1,0,0,0,1,0,0,0,0,0,0,0,0,0,0,0,0,0,0,0,0,0,0,0,0,0,0,0,0,0,0,0,0,0
cassandra,sstable/format/big/BigTableVerifier,BigTableVerifier,dataset/projects/cassandra/src/java/org/apache/cassandra/io/sstable/format/big/BigTableVerifier.java,,1,1,0,0,0,1,0,0,0,0,0,0,0,0,0,0,0,0,0,0,0,0,0,0,0,0,0,0,0,0,0,0,0,0,0
cassandra,sstable/format/big/BigTableWriter,BigTableWriter,dataset/projects/cassandra/src/java/org/apache/cassandra/io/sstable/format/big/BigTableWriter.java,,1,2,0,0,1,1,0,0,0,0,0,0,0,0,0,0,0,0,0,0,0,0,0,0,0,0,0,0,0,0,0,0,0,0,0
cassandra,sstable/format/big/IndexState,IndexState,dataset/projects/cassandra/src/java/org/apache/cassandra/io/sstable/format/big/IndexState.java,,1,1,0,0,0,0,0,0,0,1,0,0,0,0,0,0,0,0,0,0,0,0,0,0,0,0,0,0,0,0,0,0,0,0,0
cassandra,sstable/format/big/RowIndexEntry,RowIndexEntry,dataset/projects/cassandra/src/java/org/apache/cassandra/io/sstable/format/big/RowIndexEntry.java,C:/Users/ismak/Documents/GitHub/relation_test_code_smell_ML/dataset/projects/cassandra/test/unit/org/apache/cassandra/io/sstable/format/big/RowIndexEntryTest.java,1,3,1,11,1,1,0,0,0,1,1,1,1,0,1,1,0,0,0,1,0,1,0,0,0,0,0,0,0,0,1,1,1,1,0
cassandra,sstable/format/big/SSTableReversedIterator,SSTableReversedIterator,dataset/projects/cassandra/src/java/org/apache/cassandra/io/sstable/format/big/SSTableReversedIterator.java,,1,2,0,0,1,1,0,0,0,0,0,0,0,0,0,0,0,0,0,0,0,0,0,0,0,0,0,0,0,0,0,0,0,0,0
cassandra,sstable/format/big/VersionSupportedFeatures,VersionSupportedFeatures,,C:/Users/ismak/Documents/GitHub/relation_test_code_smell_ML/dataset/projects/cassandra/test/unit/org/apache/cassandra/io/sstable/format/big/VersionSupportedFeaturesTest.java,0,0,1,3,0,0,0,0,0,0,1,1,1,0,0,0,0,0,0,0,0,0,0,0,0,0,0,0,0,0,0,0,0,0,0
cassandra,sstable/format/bti/BtiFormat,BtiFormat,dataset/projects/cassandra/src/java/org/apache/cassandra/io/sstable/format/bti/BtiFormat.java,,1,2,0,0,1,0,0,0,0,1,0,0,0,0,0,0,0,0,0,0,0,0,0,0,0,0,0,0,0,0,0,0,0,0,0
cassandra,sstable/format/bti/BtiTableReader,BtiTableReader,dataset/projects/cassandra/src/java/org/apache/cassandra/io/sstable/format/bti/BtiTableReader.java,,1,7,0,0,1,4,0,1,0,1,0,0,0,0,0,0,0,0,0,0,0,0,0,0,0,0,0,0,0,0,0,0,0,0,0
cassandra,sstable/format/bti/BtiTableReaderLoadingBuilder,BtiTableReaderLoadingBuilder,dataset/projects/cassandra/src/java/org/apache/cassandra/io/sstable/format/bti/BtiTableReaderLoadingBuilder.java,,1,1,0,0,0,1,0,0,0,0,0,0,0,0,0,0,0,0,0,0,0,0,0,0,0,0,0,0,0,0,0,0,0,0,0
cassandra,sstable/format/bti/BtiTableScrubber,BtiTableScrubber,dataset/projects/cassandra/src/java/org/apache/cassandra/io/sstable/format/bti/BtiTableScrubber.java,,1,1,0,0,0,1,0,0,0,0,0,0,0,0,0,0,0,0,0,0,0,0,0,0,0,0,0,0,0,0,0,0,0,0,0
cassandra,sstable/format/bti/BtiTableWriter,BtiTableWriter,dataset/projects/cassandra/src/java/org/apache/cassandra/io/sstable/format/bti/BtiTableWriter.java,,1,1,0,0,1,0,0,0,0,0,0,0,0,0,0,0,0,0,0,0,0,0,0,0,0,0,0,0,0,0,0,0,0,0,0
cassandra,sstable/format/bti/LoadingBuilder,LoadingBuilder,,C:/Users/ismak/Documents/GitHub/relation_test_code_smell_ML/dataset/projects/cassandra/test/unit/org/apache/cassandra/io/sstable/format/bti/LoadingBuilderTest.java,0,0,1,5,0,0,0,0,0,0,1,1,1,0,0,0,0,0,0,0,0,0,0,0,0,0,0,0,0,0,1,1,0,0,0
cassandra,sstable/format/bti/PartitionIndex,PartitionIndex,dataset/projects/cassandra/src/java/org/apache/cassandra/io/sstable/format/bti/PartitionIndex.java,C:/Users/ismak/Documents/GitHub/relation_test_code_smell_ML/dataset/projects/cassandra/test/unit/org/apache/cassandra/io/sstable/format/bti/PartitionIndexTest.java,1,2,1,11,1,0,0,0,0,1,1,1,1,0,1,1,0,0,0,1,0,1,0,0,0,0,0,0,0,0,1,1,1,1,0
cassandra,sstable/format/bti/PartitionIterator,PartitionIterator,dataset/projects/cassandra/src/java/org/apache/cassandra/io/sstable/format/bti/PartitionIterator.java,,1,1,0,0,0,0,0,0,0,1,0,0,0,0,0,0,0,0,0,0,0,0,0,0,0,0,0,0,0,0,0,0,0,0,0
cassandra,sstable/format/bti/RowIndex,RowIndex,,C:/Users/ismak/Documents/GitHub/relation_test_code_smell_ML/dataset/projects/cassandra/test/unit/org/apache/cassandra/io/sstable/format/bti/RowIndexTest.java,0,0,1,9,0,0,0,0,0,0,1,1,1,0,1,1,1,0,0,1,0,0,0,0,0,0,0,0,0,1,0,0,0,1,0
cassandra,sstable/format/bti/SSTableReversedIterator,SSTableReversedIterator,dataset/projects/cassandra/src/java/org/apache/cassandra/io/sstable/format/bti/SSTableReversedIterator.java,,1,1,0,0,0,1,0,0,0,0,0,0,0,0,0,0,0,0,0,0,0,0,0,0,0,0,0,0,0,0,0,0,0,0,0
cassandra,sstable/format/bti/VersionSupportedFeatures,VersionSupportedFeatures,,C:/Users/ismak/Documents/GitHub/relation_test_code_smell_ML/dataset/projects/cassandra/test/unit/org/apache/cassandra/io/sstable/format/bti/VersionSupportedFeaturesTest.java,0,0,1,3,0,0,0,0,0,0,1,1,1,0,0,0,0,0,0,0,0,0,0,0,0,0,0,0,0,0,0,0,0,0,0
cassandra,stress/operations/predefined/CqlOperation,CqlOperation,dataset/projects/cassandra/tools/stress/src/org/apache/cassandra/stress/operations/predefined/CqlOperation.java,,1,1,0,0,1,0,0,0,0,0,0,0,0,0,0,0,0,0,0,0,0,0,0,0,0,0,0,0,0,0,0,0,0,0,0
cassandra,stress/operations/userdefined/CASQuery,CASQuery,dataset/projects/cassandra/tools/stress/src/org/apache/cassandra/stress/operations/userdefined/CASQuery.java,,1,2,0,0,1,1,0,0,0,0,0,0,0,0,0,0,0,0,0,0,0,0,0,0,0,0,0,0,0,0,0,0,0,0,0
cassandra,stress/operations/userdefined/ValidatingSchemaQuery,ValidatingSchemaQuery,dataset/projects/cassandra/tools/stress/src/org/apache/cassandra/stress/operations/userdefined/ValidatingSchemaQuery.java,,1,3,0,0,1,2,0,0,0,0,0,0,0,0,0,0,0,0,0,0,0,0,0,0,0,0,0,0,0,0,0,0,0,0,0
cassandra,tcm/transformations/cms/AdvanceCMSReconfiguration,AdvanceCMSReconfiguration,dataset/projects/cassandra/src/java/org/apache/cassandra/tcm/transformations/cms/AdvanceCMSReconfiguration.java,,1,1,0,0,1,0,0,0,0,0,0,0,0,0,0,0,0,0,0,0,0,0,0,0,0,0,0,0,0,0,0,0,0,0,0
cassandra,tcm/transformations/cms/PrepareCMSReconfiguration,PrepareCMSReconfiguration,dataset/projects/cassandra/src/java/org/apache/cassandra/tcm/transformations/cms/PrepareCMSReconfiguration.java,,1,2,0,0,1,0,0,0,0,1,0,0,0,0,0,0,0,0,0,0,0,0,0,0,0,0,0,0,0,0,0,0,0,0,0
cassandra,tcm/transformations/cms/RemoveFromCMS,RemoveFromCMS,dataset/projects/cassandra/src/java/org/apache/cassandra/tcm/transformations/cms/RemoveFromCMS.java,,1,1,0,0,0,1,0,0,0,0,0,0,0,0,0,0,0,0,0,0,0,0,0,0,0,0,0,0,0,0,0,0,0,0,0
cassandra,test/accord/journal/AccordJournalConsistentExpunge,AccordJournalConsistentExpunge,,C:/Users/ismak/Documents/GitHub/relation_test_code_smell_ML/dataset/projects/cassandra/test/distributed/org/apache/cassandra/distributed/test/accord/journal/AccordJournalConsistentExpungeTest.java,0,0,1,6,0,0,0,0,0,0,1,1,1,0,1,1,0,0,0,1,0,0,0,0,0,0,0,0,0,0,0,0,0,0,0
cassandra,test/accord/journal/AccordJournalReplay,AccordJournalReplay,,C:/Users/ismak/Documents/GitHub/relation_test_code_smell_ML/dataset/projects/cassandra/test/distributed/org/apache/cassandra/distributed/test/accord/journal/AccordJournalReplayTest.java,0,0,1,4,0,0,0,0,0,0,1,1,1,0,0,0,0,0,0,1,0,0,0,0,0,0,0,0,0,0,0,0,0,0,0
cassandra,test/accord/journal/JournalAccessRouteIndexOnStartupRace,JournalAccessRouteIndexOnStartupRace,,C:/Users/ismak/Documents/GitHub/relation_test_code_smell_ML/dataset/projects/cassandra/test/distributed/org/apache/cassandra/distributed/test/accord/journal/JournalAccessRouteIndexOnStartupRaceTest.java,0,0,1,4,0,0,0,0,0,0,1,1,1,0,0,0,0,0,0,1,0,0,0,0,0,0,0,0,0,0,0,0,0,0,0
cassandra,test/accord/journal/StatefulJournalRestart,StatefulJournalRestart,,C:/Users/ismak/Documents/GitHub/relation_test_code_smell_ML/dataset/projects/cassandra/test/distributed/org/apache/cassandra/distributed/test/accord/journal/StatefulJournalRestartTest.java,0,0,1,6,0,0,0,0,0,0,1,1,1,0,0,0,0,0,0,1,0,0,0,0,0,0,0,0,0,0,1,1,0,0,0
cassandra,tools/nodetool/formatter/TableBuilder,TableBuilder,,C:/Users/ismak/Documents/GitHub/relation_test_code_smell_ML/dataset/projects/cassandra/test/unit/org/apache/cassandra/tools/nodetool/formatter/TableBuilderTest.java,0,0,1,4,0,0,0,0,0,0,1,1,1,0,0,0,0,0,0,0,0,0,0,0,1,0,0,0,0,0,0,0,0,0,0
cassandra,tools/nodetool/layout/CassandraCliHelpLayout,CassandraCliHelpLayout,dataset/projects/cassandra/src/java/org/apache/cassandra/tools/nodetool/layout/CassandraCliHelpLayout.java,,1,4,0,0,1,1,0,1,0,1,0,0,0,0,0,0,0,0,0,0,0,0,0,0,0,0,0,0,0,0,0,0,0,0,0
cassandra,tools/nodetool/mock/AbortBootstrapMock,AbortBootstrapMock,,C:/Users/ismak/Documents/GitHub/relation_test_code_smell_ML/dataset/projects/cassandra/test/unit/org/apache/cassandra/tools/nodetool/mock/AbortBootstrapMockTest.java,0,0,1,3,0,0,0,0,0,0,1,1,1,0,0,0,0,0,0,0,0,0,0,0,0,0,0,0,0,0,0,0,0,0,0
cassandra,tools/nodetool/mock/AccordAdminMock,AccordAdminMock,,C:/Users/ismak/Documents/GitHub/relation_test_code_smell_ML/dataset/projects/cassandra/test/unit/org/apache/cassandra/tools/nodetool/mock/AccordAdminMockTest.java,0,0,1,3,0,0,0,0,0,0,1,1,1,0,0,0,0,0,0,0,0,0,0,0,0,0,0,0,0,0,0,0,0,0,0
cassandra,tools/nodetool/mock/AssassinateMock,AssassinateMock,,C:/Users/ismak/Documents/GitHub/relation_test_code_smell_ML/dataset/projects/cassandra/test/unit/org/apache/cassandra/tools/nodetool/mock/AssassinateMockTest.java,0,0,1,3,0,0,0,0,0,0,1,1,1,0,0,0,0,0,0,0,0,0,0,0,0,0,0,0,0,0,0,0,0,0,0
cassandra,tools/nodetool/mock/BootstrapResumeMock,BootstrapResumeMock,,C:/Users/ismak/Documents/GitHub/relation_test_code_smell_ML/dataset/projects/cassandra/test/unit/org/apache/cassandra/tools/nodetool/mock/BootstrapResumeMockTest.java,0,0,1,3,0,0,0,0,0,0,1,1,1,0,0,0,0,0,0,0,0,0,0,0,0,0,0,0,0,0,0,0,0,0,0
cassandra,tools/nodetool/mock/CleanupMock,CleanupMock,,C:/Users/ismak/Documents/GitHub/relation_test_code_smell_ML/dataset/projects/cassandra/test/unit/org/apache/cassandra/tools/nodetool/mock/CleanupMockTest.java,0,0,1,4,0,0,0,0,0,0,1,1,1,0,0,0,0,0,0,1,0,0,0,0,0,0,0,0,0,0,0,0,0,0,0
cassandra,tools/nodetool/mock/CompactMock,CompactMock,,C:/Users/ismak/Documents/GitHub/relation_test_code_smell_ML/dataset/projects/cassandra/test/unit/org/apache/cassandra/tools/nodetool/mock/CompactMockTest.java,0,0,1,4,0,0,0,0,0,0,1,1,1,0,0,0,0,0,0,1,0,0,0,0,0,0,0,0,0,0,0,0,0,0,0
cassandra,tools/nodetool/mock/DecommissionMock,DecommissionMock,,C:/Users/ismak/Documents/GitHub/relation_test_code_smell_ML/dataset/projects/cassandra/test/unit/org/apache/cassandra/tools/nodetool/mock/DecommissionMockTest.java,0,0,1,4,0,0,0,0,0,0,1,1,1,0,0,0,0,0,0,1,0,0,0,0,0,0,0,0,0,0,0,0,0,0,0
cassandra,tools/nodetool/mock/DescribeClusterMock,DescribeClusterMock,,C:/Users/ismak/Documents/GitHub/relation_test_code_smell_ML/dataset/projects/cassandra/test/unit/org/apache/cassandra/tools/nodetool/mock/DescribeClusterMockTest.java,0,0,1,6,0,0,0,0,0,0,1,1,1,0,1,0,0,0,0,1,0,0,0,0,0,0,0,0,0,1,0,0,0,0,0
cassandra,tools/nodetool/mock/DescribeRingMock,DescribeRingMock,,C:/Users/ismak/Documents/GitHub/relation_test_code_smell_ML/dataset/projects/cassandra/test/unit/org/apache/cassandra/tools/nodetool/mock/DescribeRingMockTest.java,0,0,1,4,0,0,0,0,0,0,1,1,1,0,0,0,0,0,0,1,0,0,0,0,0,0,0,0,0,0,0,0,0,0,0
cassandra,tools/nodetool/mock/DisableAuditLogMock,DisableAuditLogMock,,C:/Users/ismak/Documents/GitHub/relation_test_code_smell_ML/dataset/projects/cassandra/test/unit/org/apache/cassandra/tools/nodetool/mock/DisableAuditLogMockTest.java,0,0,1,3,0,0,0,0,0,0,1,1,1,0,0,0,0,0,0,0,0,0,0,0,0,0,0,0,0,0,0,0,0,0,0
cassandra,tools/nodetool/mock/DisableAutoCompactionMock,DisableAutoCompactionMock,,C:/Users/ismak/Documents/GitHub/relation_test_code_smell_ML/dataset/projects/cassandra/test/unit/org/apache/cassandra/tools/nodetool/mock/DisableAutoCompactionMockTest.java,0,0,1,4,0,0,0,0,0,0,1,1,1,0,0,0,0,0,0,1,0,0,0,0,0,0,0,0,0,0,0,0,0,0,0
cassandra,tools/nodetool/mock/DisableBackupMock,DisableBackupMock,,C:/Users/ismak/Documents/GitHub/relation_test_code_smell_ML/dataset/projects/cassandra/test/unit/org/apache/cassandra/tools/nodetool/mock/DisableBackupMockTest.java,0,0,1,4,0,0,0,0,0,0,1,1,1,0,0,0,0,0,0,1,0,0,0,0,0,0,0,0,0,0,0,0,0,0,0
cassandra,tools/nodetool/mock/DisableFullQueryLogMock,DisableFullQueryLogMock,,C:/Users/ismak/Documents/GitHub/relation_test_code_smell_ML/dataset/projects/cassandra/test/unit/org/apache/cassandra/tools/nodetool/mock/DisableFullQueryLogMockTest.java,0,0,1,4,0,0,0,0,0,0,1,1,1,0,0,0,0,0,0,1,0,0,0,0,0,0,0,0,0,0,0,0,0,0,0
cassandra,tools/nodetool/mock/DisableOldProtocolVersionsMock,DisableOldProtocolVersionsMock,,C:/Users/ismak/Documents/GitHub/relation_test_code_smell_ML/dataset/projects/cassandra/test/unit/org/apache/cassandra/tools/nodetool/mock/DisableOldProtocolVersionsMockTest.java,0,0,1,4,0,0,0,0,0,0,1,1,1,0,0,0,0,0,0,1,0,0,0,0,0,0,0,0,0,0,0,0,0,0,0
cassandra,tools/nodetool/mock/DrainMock,DrainMock,,C:/Users/ismak/Documents/GitHub/relation_test_code_smell_ML/dataset/projects/cassandra/test/unit/org/apache/cassandra/tools/nodetool/mock/DrainMockTest.java,0,0,1,4,0,0,0,0,0,0,1,1,1,0,0,0,0,0,0,1,0,0,0,0,0,0,0,0,0,0,0,0,0,0,0
cassandra,tools/nodetool/mock/EnableAutoCompactionMock,EnableAutoCompactionMock,,C:/Users/ismak/Documents/GitHub/relation_test_code_smell_ML/dataset/projects/cassandra/test/unit/org/apache/cassandra/tools/nodetool/mock/EnableAutoCompactionMockTest.java,0,0,1,4,0,0,0,0,0,0,1,1,1,0,0,0,0,0,0,1,0,0,0,0,0,0,0,0,0,0,0,0,0,0,0
cassandra,tools/nodetool/mock/EnableBackupMock,EnableBackupMock,,C:/Users/ismak/Documents/GitHub/relation_test_code_smell_ML/dataset/projects/cassandra/test/unit/org/apache/cassandra/tools/nodetool/mock/EnableBackupMockTest.java,0,0,1,4,0,0,0,0,0,0,1,1,1,0,0,0,0,0,0,1,0,0,0,0,0,0,0,0,0,0,0,0,0,0,0
cassandra,tools/nodetool/mock/EnableOldProtocolVersionsMock,EnableOldProtocolVersionsMock,,C:/Users/ismak/Documents/GitHub/relation_test_code_smell_ML/dataset/projects/cassandra/test/unit/org/apache/cassandra/tools/nodetool/mock/EnableOldProtocolVersionsMockTest.java,0,0,1,3,0,0,0,0,0,0,1,1,1,0,0,0,0,0,0,0,0,0,0,0,0,0,0,0,0,0,0,0,0,0,0
cassandra,tools/nodetool/mock/FailureDetectorInfoMock,FailureDetectorInfoMock,,C:/Users/ismak/Documents/GitHub/relation_test_code_smell_ML/dataset/projects/cassandra/test/unit/org/apache/cassandra/tools/nodetool/mock/FailureDetectorInfoMockTest.java,0,0,1,4,0,0,0,0,0,0,1,1,1,0,0,0,0,0,0,1,0,0,0,0,0,0,0,0,0,0,0,0,0,0,0
cassandra,tools/nodetool/mock/GarbageCollectMock,GarbageCollectMock,,C:/Users/ismak/Documents/GitHub/relation_test_code_smell_ML/dataset/projects/cassandra/test/unit/org/apache/cassandra/tools/nodetool/mock/GarbageCollectMockTest.java,0,0,1,4,0,0,0,0,0,0,1,1,1,0,0,0,0,0,0,1,0,0,0,0,0,0,0,0,0,0,0,0,0,0,0
cassandra,tools/nodetool/mock/GetBatchlogReplayTrottleMock,GetBatchlogReplayTrottleMock,,C:/Users/ismak/Documents/GitHub/relation_test_code_smell_ML/dataset/projects/cassandra/test/unit/org/apache/cassandra/tools/nodetool/mock/GetBatchlogReplayTrottleMockTest.java,0,0,1,4,0,0,0,0,0,0,1,1,1,0,0,0,0,0,0,1,0,0,0,0,0,0,0,0,0,0,0,0,0,0,0
cassandra,tools/nodetool/mock/GetCompactionThresholdMock,GetCompactionThresholdMock,,C:/Users/ismak/Documents/GitHub/relation_test_code_smell_ML/dataset/projects/cassandra/test/unit/org/apache/cassandra/tools/nodetool/mock/GetCompactionThresholdMockTest.java,0,0,1,5,0,0,0,0,0,0,1,1,1,0,1,0,0,0,0,0,0,0,0,0,0,0,0,0,0,0,0,0,0,1,0
cassandra,tools/nodetool/mock/GetConcurrencyMock,GetConcurrencyMock,,C:/Users/ismak/Documents/GitHub/relation_test_code_smell_ML/dataset/projects/cassandra/test/unit/org/apache/cassandra/tools/nodetool/mock/GetConcurrencyMockTest.java,0,0,1,5,0,0,0,0,0,0,1,1,1,0,1,0,0,0,0,0,0,0,0,0,0,0,0,0,0,1,0,0,0,0,0
cassandra,tools/nodetool/mock/GetConcurrentCompactorsMock,GetConcurrentCompactorsMock,,C:/Users/ismak/Documents/GitHub/relation_test_code_smell_ML/dataset/projects/cassandra/test/unit/org/apache/cassandra/tools/nodetool/mock/GetConcurrentCompactorsMockTest.java,0,0,1,4,0,0,0,0,0,0,1,1,1,0,0,0,0,0,0,1,0,0,0,0,0,0,0,0,0,0,0,0,0,0,0
cassandra,tools/nodetool/mock/GetConcurrentViewBuildersMock,GetConcurrentViewBuildersMock,,C:/Users/ismak/Documents/GitHub/relation_test_code_smell_ML/dataset/projects/cassandra/test/unit/org/apache/cassandra/tools/nodetool/mock/GetConcurrentViewBuildersMockTest.java,0,0,1,3,0,0,0,0,0,0,1,1,1,0,0,0,0,0,0,0,0,0,0,0,0,0,0,0,0,0,0,0,0,0,0
cassandra,tools/nodetool/mock/GetLoggingLevelsMock,GetLoggingLevelsMock,,C:/Users/ismak/Documents/GitHub/relation_test_code_smell_ML/dataset/projects/cassandra/test/unit/org/apache/cassandra/tools/nodetool/mock/GetLoggingLevelsMockTest.java,0,0,1,3,0,0,0,0,0,0,1,1,1,0,0,0,0,0,0,0,0,0,0,0,0,0,0,0,0,0,0,0,0,0,0
cassandra,tools/nodetool/mock/GetSSTablesMock,GetSSTablesMock,,C:/Users/ismak/Documents/GitHub/relation_test_code_smell_ML/dataset/projects/cassandra/test/unit/org/apache/cassandra/tools/nodetool/mock/GetSSTablesMockTest.java,0,0,1,5,0,0,0,0,0,0,1,1,1,0,1,0,0,0,0,0,0,0,0,0,0,0,0,0,0,0,0,0,0,1,0
cassandra,tools/nodetool/mock/GetSeeds,GetSeeds,,C:/Users/ismak/Documents/GitHub/relation_test_code_smell_ML/dataset/projects/cassandra/test/unit/org/apache/cassandra/tools/nodetool/mock/GetSeedsTest.java,0,0,1,3,0,0,0,0,0,0,1,1,1,0,0,0,0,0,0,0,0,0,0,0,0,0,0,0,0,0,0,0,0,0,0
cassandra,tools/nodetool/mock/GetSnapshotThrottleMock,GetSnapshotThrottleMock,,C:/Users/ismak/Documents/GitHub/relation_test_code_smell_ML/dataset/projects/cassandra/test/unit/org/apache/cassandra/tools/nodetool/mock/GetSnapshotThrottleMockTest.java,0,0,1,3,0,0,0,0,0,0,1,1,1,0,0,0,0,0,0,0,0,0,0,0,0,0,0,0,0,0,0,0,0,0,0
cassandra,tools/nodetool/mock/GetTraceProbabilityMock,GetTraceProbabilityMock,,C:/Users/ismak/Documents/GitHub/relation_test_code_smell_ML/dataset/projects/cassandra/test/unit/org/apache/cassandra/tools/nodetool/mock/GetTraceProbabilityMockTest.java,0,0,1,3,0,0,0,0,0,0,1,1,1,0,0,0,0,0,0,0,0,0,0,0,0,0,0,0,0,0,0,0,0,0,0
cassandra,tools/nodetool/mock/InvalidateKeyCacheMock,InvalidateKeyCacheMock,,C:/Users/ismak/Documents/GitHub/relation_test_code_smell_ML/dataset/projects/cassandra/test/unit/org/apache/cassandra/tools/nodetool/mock/InvalidateKeyCacheMockTest.java,0,0,1,3,0,0,0,0,0,0,1,1,1,0,0,0,0,0,0,0,0,0,0,0,0,0,0,0,0,0,0,0,0,0,0
cassandra,tools/nodetool/mock/InvalidateRowCacheMock,InvalidateRowCacheMock,,C:/Users/ismak/Documents/GitHub/relation_test_code_smell_ML/dataset/projects/cassandra/test/unit/org/apache/cassandra/tools/nodetool/mock/InvalidateRowCacheMockTest.java,0,0,1,3,0,0,0,0,0,0,1,1,1,0,0,0,0,0,0,0,0,0,0,0,0,0,0,0,0,0,0,0,0,0,0
cassandra,tools/nodetool/mock/ListPendingHintsMock,ListPendingHintsMock,,C:/Users/ismak/Documents/GitHub/relation_test_code_smell_ML/dataset/projects/cassandra/test/unit/org/apache/cassandra/tools/nodetool/mock/ListPendingHintsMockTest.java,0,0,1,3,0,0,0,0,0,0,1,1,1,0,0,0,0,0,0,0,0,0,0,0,0,0,0,0,0,0,0,0,0,0,0
cassandra,tools/nodetool/mock/RangeKeySampleMock,RangeKeySampleMock,,C:/Users/ismak/Documents/GitHub/relation_test_code_smell_ML/dataset/projects/cassandra/test/unit/org/apache/cassandra/tools/nodetool/mock/RangeKeySampleMockTest.java,0,0,1,3,0,0,0,0,0,0,1,1,1,0,0,0,0,0,0,0,0,0,0,0,0,0,0,0,0,0,0,0,0,0,0
cassandra,tools/nodetool/mock/RebuildIndexMock,RebuildIndexMock,,C:/Users/ismak/Documents/GitHub/relation_test_code_smell_ML/dataset/projects/cassandra/test/unit/org/apache/cassandra/tools/nodetool/mock/RebuildIndexMockTest.java,0,0,1,3,0,0,0,0,0,0,1,1,1,0,0,0,0,0,0,0,0,0,0,0,0,0,0,0,0,0,0,0,0,0,0
cassandra,tools/nodetool/mock/ReloadLocalSchemaMock,ReloadLocalSchemaMock,,C:/Users/ismak/Documents/GitHub/relation_test_code_smell_ML/dataset/projects/cassandra/test/unit/org/apache/cassandra/tools/nodetool/mock/ReloadLocalSchemaMockTest.java,0,0,1,3,0,0,0,0,0,0,1,1,1,0,0,0,0,0,0,0,0,0,0,0,0,0,0,0,0,0,0,0,0,0,0
cassandra,tools/nodetool/mock/ReloadSeedsMock,ReloadSeedsMock,,C:/Users/ismak/Documents/GitHub/relation_test_code_smell_ML/dataset/projects/cassandra/test/unit/org/apache/cassandra/tools/nodetool/mock/ReloadSeedsMockTest.java,0,0,1,3,0,0,0,0,0,0,1,1,1,0,0,0,0,0,0,0,0,0,0,0,0,0,0,0,0,0,0,0,0,0,0
cassandra,tools/nodetool/mock/ReloadSslCertificatesMock,ReloadSslCertificatesMock,,C:/Users/ismak/Documents/GitHub/relation_test_code_smell_ML/dataset/projects/cassandra/test/unit/org/apache/cassandra/tools/nodetool/mock/ReloadSslCertificatesMockTest.java,0,0,1,4,0,0,0,0,0,0,1,1,1,0,0,0,0,0,0,1,0,0,0,0,0,0,0,0,0,0,0,0,0,0,0
cassandra,tools/nodetool/mock/ReloadTriggersMock,ReloadTriggersMock,,C:/Users/ismak/Documents/GitHub/relation_test_code_smell_ML/dataset/projects/cassandra/test/unit/org/apache/cassandra/tools/nodetool/mock/ReloadTriggersMockTest.java,0,0,1,3,0,0,0,0,0,0,1,1,1,0,0,0,0,0,0,0,0,0,0,0,0,0,0,0,0,0,0,0,0,0,0
cassandra,tools/nodetool/mock/RelocateSSTablesMock,RelocateSSTablesMock,,C:/Users/ismak/Documents/GitHub/relation_test_code_smell_ML/dataset/projects/cassandra/test/unit/org/apache/cassandra/tools/nodetool/mock/RelocateSSTablesMockTest.java,0,0,1,4,0,0,0,0,0,0,1,1,1,0,0,0,0,0,0,1,0,0,0,0,0,0,0,0,0,0,0,0,0,0,0
cassandra,tools/nodetool/mock/ReplayBatchlogMock,ReplayBatchlogMock,,C:/Users/ismak/Documents/GitHub/relation_test_code_smell_ML/dataset/projects/cassandra/test/unit/org/apache/cassandra/tools/nodetool/mock/ReplayBatchlogMockTest.java,0,0,1,4,0,0,0,0,0,0,1,1,1,0,0,0,0,0,0,1,0,0,0,0,0,0,0,0,0,0,0,0,0,0,0
cassandra,tools/nodetool/mock/ResetLocalSchemaMock,ResetLocalSchemaMock,,C:/Users/ismak/Documents/GitHub/relation_test_code_smell_ML/dataset/projects/cassandra/test/unit/org/apache/cassandra/tools/nodetool/mock/ResetLocalSchemaMockTest.java,0,0,1,4,0,0,0,0,0,0,1,1,1,0,0,0,0,0,0,1,0,0,0,0,0,0,0,0,0,0,0,0,0,0,0
cassandra,tools/nodetool/mock/SetBatchlogReplayThrottleMock,SetBatchlogReplayThrottleMock,,C:/Users/ismak/Documents/GitHub/relation_test_code_smell_ML/dataset/projects/cassandra/test/unit/org/apache/cassandra/tools/nodetool/mock/SetBatchlogReplayThrottleMockTest.java,0,0,1,3,0,0,0,0,0,0,1,1,1,0,0,0,0,0,0,0,0,0,0,0,0,0,0,0,0,0,0,0,0,0,0
cassandra,tools/nodetool/mock/SetCacheKeysToSaveMock,SetCacheKeysToSaveMock,,C:/Users/ismak/Documents/GitHub/relation_test_code_smell_ML/dataset/projects/cassandra/test/unit/org/apache/cassandra/tools/nodetool/mock/SetCacheKeysToSaveMockTest.java,0,0,1,3,0,0,0,0,0,0,1,1,1,0,0,0,0,0,0,0,0,0,0,0,0,0,0,0,0,0,0,0,0,0,0
cassandra,tools/nodetool/mock/SetCompactionThresholdMock,SetCompactionThresholdMock,,C:/Users/ismak/Documents/GitHub/relation_test_code_smell_ML/dataset/projects/cassandra/test/unit/org/apache/cassandra/tools/nodetool/mock/SetCompactionThresholdMockTest.java,0,0,1,3,0,0,0,0,0,0,1,1,1,0,0,0,0,0,0,0,0,0,0,0,0,0,0,0,0,0,0,0,0,0,0
cassandra,tools/nodetool/mock/SetConcurrencyMock,SetConcurrencyMock,,C:/Users/ismak/Documents/GitHub/relation_test_code_smell_ML/dataset/projects/cassandra/test/unit/org/apache/cassandra/tools/nodetool/mock/SetConcurrencyMockTest.java,0,0,1,3,0,0,0,0,0,0,1,1,1,0,0,0,0,0,0,0,0,0,0,0,0,0,0,0,0,0,0,0,0,0,0
cassandra,tools/nodetool/mock/SetConcurrentViewBuildersMock,SetConcurrentViewBuildersMock,,C:/Users/ismak/Documents/GitHub/relation_test_code_smell_ML/dataset/projects/cassandra/test/unit/org/apache/cassandra/tools/nodetool/mock/SetConcurrentViewBuildersMockTest.java,0,0,1,3,0,0,0,0,0,0,1,1,1,0,0,0,0,0,0,0,0,0,0,0,0,0,0,0,0,0,0,0,0,0,0
cassandra,tools/nodetool/mock/SetLoggingLevelMock,SetLoggingLevelMock,,C:/Users/ismak/Documents/GitHub/relation_test_code_smell_ML/dataset/projects/cassandra/test/unit/org/apache/cassandra/tools/nodetool/mock/SetLoggingLevelMockTest.java,0,0,1,4,0,0,0,0,0,0,1,1,1,0,0,0,0,0,0,1,0,0,0,0,0,0,0,0,0,0,0,0,0,0,0
cassandra,tools/nodetool/mock/SetSnapshotThrottleMock,SetSnapshotThrottleMock,,C:/Users/ismak/Documents/GitHub/relation_test_code_smell_ML/dataset/projects/cassandra/test/unit/org/apache/cassandra/tools/nodetool/mock/SetSnapshotThrottleMockTest.java,0,0,1,3,0,0,0,0,0,0,1,1,1,0,0,0,0,0,0,0,0,0,0,0,0,0,0,0,0,0,0,0,0,0,0
cassandra,tools/nodetool/mock/SetTraceProbabilityMock,SetTraceProbabilityMock,,C:/Users/ismak/Documents/GitHub/relation_test_code_smell_ML/dataset/projects/cassandra/test/unit/org/apache/cassandra/tools/nodetool/mock/SetTraceProbabilityMockTest.java,0,0,1,3,0,0,0,0,0,0,1,1,1,0,0,0,0,0,0,0,0,0,0,0,0,0,0,0,0,0,0,0,0,0,0
cassandra,tools/nodetool/mock/SjkMock,SjkMock,,C:/Users/ismak/Documents/GitHub/relation_test_code_smell_ML/dataset/projects/cassandra/test/unit/org/apache/cassandra/tools/nodetool/mock/SjkMockTest.java,0,0,1,5,0,0,0,0,0,0,1,1,1,0,1,0,0,0,0,0,0,0,0,0,0,0,0,0,0,1,0,0,0,0,0
cassandra,tools/nodetool/mock/SnapshotMock,SnapshotMock,,C:/Users/ismak/Documents/GitHub/relation_test_code_smell_ML/dataset/projects/cassandra/test/unit/org/apache/cassandra/tools/nodetool/mock/SnapshotMockTest.java,0,0,1,4,0,0,0,0,0,0,1,1,1,0,0,0,0,0,0,1,0,0,0,0,0,0,0,0,0,0,0,0,0,0,0
cassandra,tools/nodetool/mock/StatusAutoCompactionMock,StatusAutoCompactionMock,,C:/Users/ismak/Documents/GitHub/relation_test_code_smell_ML/dataset/projects/cassandra/test/unit/org/apache/cassandra/tools/nodetool/mock/StatusAutoCompactionMockTest.java,0,0,1,4,0,0,0,0,0,0,1,1,1,0,0,0,0,0,0,1,0,0,0,0,0,0,0,0,0,0,0,0,0,0,0
cassandra,tools/nodetool/mock/StatusBackupMock,StatusBackupMock,,C:/Users/ismak/Documents/GitHub/relation_test_code_smell_ML/dataset/projects/cassandra/test/unit/org/apache/cassandra/tools/nodetool/mock/StatusBackupMockTest.java,0,0,1,3,0,0,0,0,0,0,1,1,1,0,0,0,0,0,0,0,0,0,0,0,0,0,0,0,0,0,0,0,0,0,0
cassandra,tools/nodetool/mock/StatusBinaryMock,StatusBinaryMock,,C:/Users/ismak/Documents/GitHub/relation_test_code_smell_ML/dataset/projects/cassandra/test/unit/org/apache/cassandra/tools/nodetool/mock/StatusBinaryMockTest.java,0,0,1,3,0,0,0,0,0,0,1,1,1,0,0,0,0,0,0,0,0,0,0,0,0,0,0,0,0,0,0,0,0,0,0
cassandra,tools/nodetool/mock/StatusGossipMock,StatusGossipMock,,C:/Users/ismak/Documents/GitHub/relation_test_code_smell_ML/dataset/projects/cassandra/test/unit/org/apache/cassandra/tools/nodetool/mock/StatusGossipMockTest.java,0,0,1,3,0,0,0,0,0,0,1,1,1,0,0,0,0,0,0,0,0,0,0,0,0,0,0,0,0,0,0,0,0,0,0
cassandra,tools/nodetool/mock/StopDaemonMock,StopDaemonMock,,C:/Users/ismak/Documents/GitHub/relation_test_code_smell_ML/dataset/projects/cassandra/test/unit/org/apache/cassandra/tools/nodetool/mock/StopDaemonMockTest.java,0,0,1,3,0,0,0,0,0,0,1,1,1,0,0,0,0,0,0,0,0,0,0,0,0,0,0,0,0,0,0,0,0,0,0
cassandra,tools/nodetool/mock/StopMock,StopMock,,C:/Users/ismak/Documents/GitHub/relation_test_code_smell_ML/dataset/projects/cassandra/test/unit/org/apache/cassandra/tools/nodetool/mock/StopMockTest.java,0,0,1,3,0,0,0,0,0,0,1,1,1,0,0,0,0,0,0,0,0,0,0,0,0,0,0,0,0,0,0,0,0,0,0
cassandra,tools/nodetool/mock/TruncateHintsMock,TruncateHintsMock,,C:/Users/ismak/Documents/GitHub/relation_test_code_smell_ML/dataset/projects/cassandra/test/unit/org/apache/cassandra/tools/nodetool/mock/TruncateHintsMockTest.java,0,0,1,3,0,0,0,0,0,0,1,1,1,0,0,0,0,0,0,0,0,0,0,0,0,0,0,0,0,0,0,0,0,0,0
cassandra,tools/nodetool/mock/VersionMock,VersionMock,,C:/Users/ismak/Documents/GitHub/relation_test_code_smell_ML/dataset/projects/cassandra/test/unit/org/apache/cassandra/tools/nodetool/mock/VersionMockTest.java,0,0,1,4,0,0,0,0,0,0,1,1,1,0,0,0,0,0,0,1,0,0,0,0,0,0,0,0,0,0,0,0,0,0,0
cassandra,tools/nodetool/mock/ViewBuildStatusMock,ViewBuildStatusMock,,C:/Users/ismak/Documents/GitHub/relation_test_code_smell_ML/dataset/projects/cassandra/test/unit/org/apache/cassandra/tools/nodetool/mock/ViewBuildStatusMockTest.java,0,0,1,3,0,0,0,0,0,0,1,1,1,0,0,0,0,0,0,0,0,0,0,0,0,0,0,0,0,0,0,0,0,0,0
cassandra,tools/nodetool/stats/StatsPrinter,StatsPrinter,,C:/Users/ismak/Documents/GitHub/relation_test_code_smell_ML/dataset/projects/cassandra/test/unit/org/apache/cassandra/tools/nodetool/stats/StatsPrinterTest.java,0,0,1,5,0,0,0,0,0,0,1,1,1,0,0,0,0,0,0,1,0,0,0,0,0,0,0,0,0,0,1,0,0,0,0
cassandra,tools/nodetool/stats/StatsTable,StatsTable,dataset/projects/cassandra/src/java/org/apache/cassandra/tools/nodetool/stats/StatsTable.java,,1,1,0,0,0,0,0,0,1,0,0,0,0,0,0,0,0,0,0,0,0,0,0,0,0,0,0,0,0,0,0,0,0,0,0
cassandra,tools/nodetool/stats/StatsTableComparator,StatsTableComparator,dataset/projects/cassandra/src/java/org/apache/cassandra/tools/nodetool/stats/StatsTableComparator.java,C:/Users/ismak/Documents/GitHub/relation_test_code_smell_ML/dataset/projects/cassandra/test/unit/org/apache/cassandra/tools/nodetool/stats/StatsTableComparatorTest.java,1,3,1,4,0,3,0,0,0,0,1,1,1,0,0,0,0,0,0,0,0,0,0,0,0,0,0,0,0,0,1,0,0,0,0
cassandra,tools/nodetool/stats/TableStatsHolder,TableStatsHolder,dataset/projects/cassandra/src/java/org/apache/cassandra/tools/nodetool/stats/TableStatsHolder.java,,1,5,0,0,1,2,0,1,0,1,0,0,0,0,0,0,0,0,0,0,0,0,0,0,0,0,0,0,0,0,0,0,0,0,0
cassandra,tools/nodetool/stats/TableStatsPrinter,TableStatsPrinter,dataset/projects/cassandra/src/java/org/apache/cassandra/tools/nodetool/stats/TableStatsPrinter.java,C:/Users/ismak/Documents/GitHub/relation_test_code_smell_ML/dataset/projects/cassandra/test/unit/org/apache/cassandra/tools/nodetool/stats/TableStatsPrinterTest.java,1,1,1,8,0,1,0,0,0,0,1,1,1,0,1,1,0,0,0,1,0,0,0,0,1,0,0,0,0,0,0,0,0,1,0
cassandra,types/collections/lists/FrozenListAscii,FrozenListAscii,,C:/Users/ismak/Documents/GitHub/relation_test_code_smell_ML/dataset/projects/cassandra/test/unit/org/apache/cassandra/index/sai/cql/types/collections/lists/FrozenListAsciiTest.java,0,0,1,3,0,0,0,0,0,0,1,1,1,0,0,0,0,0,0,0,0,0,0,0,0,0,0,0,0,0,0,0,0,0,0
cassandra,types/collections/lists/FrozenListDecimal,FrozenListDecimal,,C:/Users/ismak/Documents/GitHub/relation_test_code_smell_ML/dataset/projects/cassandra/test/unit/org/apache/cassandra/index/sai/cql/types/collections/lists/FrozenListDecimalTest.java,0,0,1,3,0,0,0,0,0,0,1,1,1,0,0,0,0,0,0,0,0,0,0,0,0,0,0,0,0,0,0,0,0,0,0
cassandra,types/collections/lists/FrozenListInt,FrozenListInt,,C:/Users/ismak/Documents/GitHub/relation_test_code_smell_ML/dataset/projects/cassandra/test/unit/org/apache/cassandra/index/sai/cql/types/collections/lists/FrozenListIntTest.java,0,0,1,3,0,0,0,0,0,0,1,1,1,0,0,0,0,0,0,0,0,0,0,0,0,0,0,0,0,0,0,0,0,0,0
cassandra,types/collections/lists/FrozenListVarint,FrozenListVarint,,C:/Users/ismak/Documents/GitHub/relation_test_code_smell_ML/dataset/projects/cassandra/test/unit/org/apache/cassandra/index/sai/cql/types/collections/lists/FrozenListVarintTest.java,0,0,1,3,0,0,0,0,0,0,1,1,1,0,0,0,0,0,0,0,0,0,0,0,0,0,0,0,0,0,0,0,0,0,0
cassandra,types/collections/lists/ListAscii,ListAscii,,C:/Users/ismak/Documents/GitHub/relation_test_code_smell_ML/dataset/projects/cassandra/test/unit/org/apache/cassandra/index/sai/cql/types/collections/lists/ListAsciiTest.java,0,0,1,3,0,0,0,0,0,0,1,1,1,0,0,0,0,0,0,0,0,0,0,0,0,0,0,0,0,0,0,0,0,0,0
cassandra,types/collections/lists/ListBigint,ListBigint,,C:/Users/ismak/Documents/GitHub/relation_test_code_smell_ML/dataset/projects/cassandra/test/unit/org/apache/cassandra/index/sai/cql/types/collections/lists/ListBigintTest.java,0,0,1,3,0,0,0,0,0,0,1,1,1,0,0,0,0,0,0,0,0,0,0,0,0,0,0,0,0,0,0,0,0,0,0
cassandra,types/collections/lists/ListDate,ListDate,,C:/Users/ismak/Documents/GitHub/relation_test_code_smell_ML/dataset/projects/cassandra/test/unit/org/apache/cassandra/index/sai/cql/types/collections/lists/ListDateTest.java,0,0,1,3,0,0,0,0,0,0,1,1,1,0,0,0,0,0,0,0,0,0,0,0,0,0,0,0,0,0,0,0,0,0,0
cassandra,types/collections/lists/ListDecimal,ListDecimal,,C:/Users/ismak/Documents/GitHub/relation_test_code_smell_ML/dataset/projects/cassandra/test/unit/org/apache/cassandra/index/sai/cql/types/collections/lists/ListDecimalTest.java,0,0,1,3,0,0,0,0,0,0,1,1,1,0,0,0,0,0,0,0,0,0,0,0,0,0,0,0,0,0,0,0,0,0,0
cassandra,types/collections/lists/ListDouble,ListDouble,,C:/Users/ismak/Documents/GitHub/relation_test_code_smell_ML/dataset/projects/cassandra/test/unit/org/apache/cassandra/index/sai/cql/types/collections/lists/ListDoubleTest.java,0,0,1,3,0,0,0,0,0,0,1,1,1,0,0,0,0,0,0,0,0,0,0,0,0,0,0,0,0,0,0,0,0,0,0
cassandra,types/collections/lists/ListFloat,ListFloat,,C:/Users/ismak/Documents/GitHub/relation_test_code_smell_ML/dataset/projects/cassandra/test/unit/org/apache/cassandra/index/sai/cql/types/collections/lists/ListFloatTest.java,0,0,1,3,0,0,0,0,0,0,1,1,1,0,0,0,0,0,0,0,0,0,0,0,0,0,0,0,0,0,0,0,0,0,0
cassandra,types/collections/lists/ListFrozenCollection,ListFrozenCollection,,C:/Users/ismak/Documents/GitHub/relation_test_code_smell_ML/dataset/projects/cassandra/test/unit/org/apache/cassandra/index/sai/cql/types/collections/lists/ListFrozenCollectionTest.java,0,0,1,3,0,0,0,0,0,0,1,1,1,0,0,0,0,0,0,0,0,0,0,0,0,0,0,0,0,0,0,0,0,0,0
cassandra,types/collections/lists/ListInet,ListInet,,C:/Users/ismak/Documents/GitHub/relation_test_code_smell_ML/dataset/projects/cassandra/test/unit/org/apache/cassandra/index/sai/cql/types/collections/lists/ListInetTest.java,0,0,1,3,0,0,0,0,0,0,1,1,1,0,0,0,0,0,0,0,0,0,0,0,0,0,0,0,0,0,0,0,0,0,0
cassandra,types/collections/lists/ListInt,ListInt,,C:/Users/ismak/Documents/GitHub/relation_test_code_smell_ML/dataset/projects/cassandra/test/unit/org/apache/cassandra/index/sai/cql/types/collections/lists/ListIntTest.java,0,0,1,3,0,0,0,0,0,0,1,1,1,0,0,0,0,0,0,0,0,0,0,0,0,0,0,0,0,0,0,0,0,0,0
cassandra,types/collections/lists/ListSmallint,ListSmallint,,C:/Users/ismak/Documents/GitHub/relation_test_code_smell_ML/dataset/projects/cassandra/test/unit/org/apache/cassandra/index/sai/cql/types/collections/lists/ListSmallintTest.java,0,0,1,3,0,0,0,0,0,0,1,1,1,0,0,0,0,0,0,0,0,0,0,0,0,0,0,0,0,0,0,0,0,0,0
cassandra,types/collections/lists/ListText,ListText,,C:/Users/ismak/Documents/GitHub/relation_test_code_smell_ML/dataset/projects/cassandra/test/unit/org/apache/cassandra/index/sai/cql/types/collections/lists/ListTextTest.java,0,0,1,3,0,0,0,0,0,0,1,1,1,0,0,0,0,0,0,0,0,0,0,0,0,0,0,0,0,0,0,0,0,0,0
cassandra,types/collections/lists/ListTime,ListTime,,C:/Users/ismak/Documents/GitHub/relation_test_code_smell_ML/dataset/projects/cassandra/test/unit/org/apache/cassandra/index/sai/cql/types/collections/lists/ListTimeTest.java,0,0,1,3,0,0,0,0,0,0,1,1,1,0,0,0,0,0,0,0,0,0,0,0,0,0,0,0,0,0,0,0,0,0,0
cassandra,types/collections/lists/ListTimestamp,ListTimestamp,,C:/Users/ismak/Documents/GitHub/relation_test_code_smell_ML/dataset/projects/cassandra/test/unit/org/apache/cassandra/index/sai/cql/types/collections/lists/ListTimestampTest.java,0,0,1,3,0,0,0,0,0,0,1,1,1,0,0,0,0,0,0,0,0,0,0,0,0,0,0,0,0,0,0,0,0,0,0
cassandra,types/collections/lists/ListTimeuuid,ListTimeuuid,,C:/Users/ismak/Documents/GitHub/relation_test_code_smell_ML/dataset/projects/cassandra/test/unit/org/apache/cassandra/index/sai/cql/types/collections/lists/ListTimeuuidTest.java,0,0,1,3,0,0,0,0,0,0,1,1,1,0,0,0,0,0,0,0,0,0,0,0,0,0,0,0,0,0,0,0,0,0,0
cassandra,types/collections/lists/ListTinyint,ListTinyint,,C:/Users/ismak/Documents/GitHub/relation_test_code_smell_ML/dataset/projects/cassandra/test/unit/org/apache/cassandra/index/sai/cql/types/collections/lists/ListTinyintTest.java,0,0,1,3,0,0,0,0,0,0,1,1,1,0,0,0,0,0,0,0,0,0,0,0,0,0,0,0,0,0,0,0,0,0,0
cassandra,types/collections/lists/ListUuid,ListUuid,,C:/Users/ismak/Documents/GitHub/relation_test_code_smell_ML/dataset/projects/cassandra/test/unit/org/apache/cassandra/index/sai/cql/types/collections/lists/ListUuidTest.java,0,0,1,3,0,0,0,0,0,0,1,1,1,0,0,0,0,0,0,0,0,0,0,0,0,0,0,0,0,0,0,0,0,0,0
cassandra,types/collections/lists/ListVarint,ListVarint,,C:/Users/ismak/Documents/GitHub/relation_test_code_smell_ML/dataset/projects/cassandra/test/unit/org/apache/cassandra/index/sai/cql/types/collections/lists/ListVarintTest.java,0,0,1,3,0,0,0,0,0,0,1,1,1,0,0,0,0,0,0,0,0,0,0,0,0,0,0,0,0,0,0,0,0,0,0
cassandra,types/collections/maps/FrozenMapAscii,FrozenMapAscii,,C:/Users/ismak/Documents/GitHub/relation_test_code_smell_ML/dataset/projects/cassandra/test/unit/org/apache/cassandra/index/sai/cql/types/collections/maps/FrozenMapAsciiTest.java,0,0,1,3,0,0,0,0,0,0,1,1,1,0,0,0,0,0,0,0,0,0,0,0,0,0,0,0,0,0,0,0,0,0,0
cassandra,types/collections/maps/FrozenMapDecimal,FrozenMapDecimal,,C:/Users/ismak/Documents/GitHub/relation_test_code_smell_ML/dataset/projects/cassandra/test/unit/org/apache/cassandra/index/sai/cql/types/collections/maps/FrozenMapDecimalTest.java,0,0,1,3,0,0,0,0,0,0,1,1,1,0,0,0,0,0,0,0,0,0,0,0,0,0,0,0,0,0,0,0,0,0,0
cassandra,types/collections/maps/FrozenMapInt,FrozenMapInt,,C:/Users/ismak/Documents/GitHub/relation_test_code_smell_ML/dataset/projects/cassandra/test/unit/org/apache/cassandra/index/sai/cql/types/collections/maps/FrozenMapIntTest.java,0,0,1,3,0,0,0,0,0,0,1,1,1,0,0,0,0,0,0,0,0,0,0,0,0,0,0,0,0,0,0,0,0,0,0
cassandra,types/collections/maps/FrozenMapVarint,FrozenMapVarint,,C:/Users/ismak/Documents/GitHub/relation_test_code_smell_ML/dataset/projects/cassandra/test/unit/org/apache/cassandra/index/sai/cql/types/collections/maps/FrozenMapVarintTest.java,0,0,1,3,0,0,0,0,0,0,1,1,1,0,0,0,0,0,0,0,0,0,0,0,0,0,0,0,0,0,0,0,0,0,0
cassandra,types/collections/maps/MapAscii,MapAscii,,C:/Users/ismak/Documents/GitHub/relation_test_code_smell_ML/dataset/projects/cassandra/test/unit/org/apache/cassandra/index/sai/cql/types/collections/maps/MapAsciiTest.java,0,0,1,3,0,0,0,0,0,0,1,1,1,0,0,0,0,0,0,0,0,0,0,0,0,0,0,0,0,0,0,0,0,0,0
cassandra,types/collections/maps/MapBigint,MapBigint,,C:/Users/ismak/Documents/GitHub/relation_test_code_smell_ML/dataset/projects/cassandra/test/unit/org/apache/cassandra/index/sai/cql/types/collections/maps/MapBigintTest.java,0,0,1,3,0,0,0,0,0,0,1,1,1,0,0,0,0,0,0,0,0,0,0,0,0,0,0,0,0,0,0,0,0,0,0
cassandra,types/collections/maps/MapDate,MapDate,,C:/Users/ismak/Documents/GitHub/relation_test_code_smell_ML/dataset/projects/cassandra/test/unit/org/apache/cassandra/index/sai/cql/types/collections/maps/MapDateTest.java,0,0,1,3,0,0,0,0,0,0,1,1,1,0,0,0,0,0,0,0,0,0,0,0,0,0,0,0,0,0,0,0,0,0,0
cassandra,types/collections/maps/MapDecimal,MapDecimal,,C:/Users/ismak/Documents/GitHub/relation_test_code_smell_ML/dataset/projects/cassandra/test/unit/org/apache/cassandra/index/sai/cql/types/collections/maps/MapDecimalTest.java,0,0,1,3,0,0,0,0,0,0,1,1,1,0,0,0,0,0,0,0,0,0,0,0,0,0,0,0,0,0,0,0,0,0,0
cassandra,types/collections/maps/MapDouble,MapDouble,,C:/Users/ismak/Documents/GitHub/relation_test_code_smell_ML/dataset/projects/cassandra/test/unit/org/apache/cassandra/index/sai/cql/types/collections/maps/MapDoubleTest.java,0,0,1,3,0,0,0,0,0,0,1,1,1,0,0,0,0,0,0,0,0,0,0,0,0,0,0,0,0,0,0,0,0,0,0
cassandra,types/collections/maps/MapEntriesAscii,MapEntriesAscii,,C:/Users/ismak/Documents/GitHub/relation_test_code_smell_ML/dataset/projects/cassandra/test/unit/org/apache/cassandra/index/sai/cql/types/collections/maps/MapEntriesAsciiTest.java,0,0,1,3,0,0,0,0,0,0,1,1,1,0,0,0,0,0,0,0,0,0,0,0,0,0,0,0,0,0,0,0,0,0,0
cassandra,types/collections/maps/MapEntriesFrozenCollection,MapEntriesFrozenCollection,,C:/Users/ismak/Documents/GitHub/relation_test_code_smell_ML/dataset/projects/cassandra/test/unit/org/apache/cassandra/index/sai/cql/types/collections/maps/MapEntriesFrozenCollectionTest.java,0,0,1,3,0,0,0,0,0,0,1,1,1,0,0,0,0,0,0,0,0,0,0,0,0,0,0,0,0,0,0,0,0,0,0
cassandra,types/collections/maps/MapEntriesInt,MapEntriesInt,,C:/Users/ismak/Documents/GitHub/relation_test_code_smell_ML/dataset/projects/cassandra/test/unit/org/apache/cassandra/index/sai/cql/types/collections/maps/MapEntriesIntTest.java,0,0,1,3,0,0,0,0,0,0,1,1,1,0,0,0,0,0,0,0,0,0,0,0,0,0,0,0,0,0,0,0,0,0,0
cassandra,types/collections/maps/MapEntriesVarint,MapEntriesVarint,,C:/Users/ismak/Documents/GitHub/relation_test_code_smell_ML/dataset/projects/cassandra/test/unit/org/apache/cassandra/index/sai/cql/types/collections/maps/MapEntriesVarintTest.java,0,0,1,3,0,0,0,0,0,0,1,1,1,0,0,0,0,0,0,0,0,0,0,0,0,0,0,0,0,0,0,0,0,0,0
cassandra,types/collections/maps/MapFloat,MapFloat,,C:/Users/ismak/Documents/GitHub/relation_test_code_smell_ML/dataset/projects/cassandra/test/unit/org/apache/cassandra/index/sai/cql/types/collections/maps/MapFloatTest.java,0,0,1,3,0,0,0,0,0,0,1,1,1,0,0,0,0,0,0,0,0,0,0,0,0,0,0,0,0,0,0,0,0,0,0
cassandra,types/collections/maps/MapFrozenCollection,MapFrozenCollection,,C:/Users/ismak/Documents/GitHub/relation_test_code_smell_ML/dataset/projects/cassandra/test/unit/org/apache/cassandra/index/sai/cql/types/collections/maps/MapFrozenCollectionTest.java,0,0,1,3,0,0,0,0,0,0,1,1,1,0,0,0,0,0,0,0,0,0,0,0,0,0,0,0,0,0,0,0,0,0,0
cassandra,types/collections/maps/MapInet,MapInet,,C:/Users/ismak/Documents/GitHub/relation_test_code_smell_ML/dataset/projects/cassandra/test/unit/org/apache/cassandra/index/sai/cql/types/collections/maps/MapInetTest.java,0,0,1,3,0,0,0,0,0,0,1,1,1,0,0,0,0,0,0,0,0,0,0,0,0,0,0,0,0,0,0,0,0,0,0
cassandra,types/collections/maps/MapInt,MapInt,,C:/Users/ismak/Documents/GitHub/relation_test_code_smell_ML/dataset/projects/cassandra/test/unit/org/apache/cassandra/index/sai/cql/types/collections/maps/MapIntTest.java,0,0,1,3,0,0,0,0,0,0,1,1,1,0,0,0,0,0,0,0,0,0,0,0,0,0,0,0,0,0,0,0,0,0,0
cassandra,types/collections/maps/MapKeysAscii,MapKeysAscii,,C:/Users/ismak/Documents/GitHub/relation_test_code_smell_ML/dataset/projects/cassandra/test/unit/org/apache/cassandra/index/sai/cql/types/collections/maps/MapKeysAsciiTest.java,0,0,1,3,0,0,0,0,0,0,1,1,1,0,0,0,0,0,0,0,0,0,0,0,0,0,0,0,0,0,0,0,0,0,0
cassandra,types/collections/maps/MapKeysFrozenCollection,MapKeysFrozenCollection,,C:/Users/ismak/Documents/GitHub/relation_test_code_smell_ML/dataset/projects/cassandra/test/unit/org/apache/cassandra/index/sai/cql/types/collections/maps/MapKeysFrozenCollectionTest.java,0,0,1,3,0,0,0,0,0,0,1,1,1,0,0,0,0,0,0,0,0,0,0,0,0,0,0,0,0,0,0,0,0,0,0
cassandra,types/collections/maps/MapKeysInt,MapKeysInt,,C:/Users/ismak/Documents/GitHub/relation_test_code_smell_ML/dataset/projects/cassandra/test/unit/org/apache/cassandra/index/sai/cql/types/collections/maps/MapKeysIntTest.java,0,0,1,3,0,0,0,0,0,0,1,1,1,0,0,0,0,0,0,0,0,0,0,0,0,0,0,0,0,0,0,0,0,0,0
cassandra,types/collections/maps/MapKeysVarint,MapKeysVarint,,C:/Users/ismak/Documents/GitHub/relation_test_code_smell_ML/dataset/projects/cassandra/test/unit/org/apache/cassandra/index/sai/cql/types/collections/maps/MapKeysVarintTest.java,0,0,1,3,0,0,0,0,0,0,1,1,1,0,0,0,0,0,0,0,0,0,0,0,0,0,0,0,0,0,0,0,0,0,0
cassandra,types/collections/maps/MapSmallint,MapSmallint,,C:/Users/ismak/Documents/GitHub/relation_test_code_smell_ML/dataset/projects/cassandra/test/unit/org/apache/cassandra/index/sai/cql/types/collections/maps/MapSmallintTest.java,0,0,1,3,0,0,0,0,0,0,1,1,1,0,0,0,0,0,0,0,0,0,0,0,0,0,0,0,0,0,0,0,0,0,0
cassandra,types/collections/maps/MapText,MapText,,C:/Users/ismak/Documents/GitHub/relation_test_code_smell_ML/dataset/projects/cassandra/test/unit/org/apache/cassandra/index/sai/cql/types/collections/maps/MapTextTest.java,0,0,1,3,0,0,0,0,0,0,1,1,1,0,0,0,0,0,0,0,0,0,0,0,0,0,0,0,0,0,0,0,0,0,0
cassandra,types/collections/maps/MapTime,MapTime,,C:/Users/ismak/Documents/GitHub/relation_test_code_smell_ML/dataset/projects/cassandra/test/unit/org/apache/cassandra/index/sai/cql/types/collections/maps/MapTimeTest.java,0,0,1,3,0,0,0,0,0,0,1,1,1,0,0,0,0,0,0,0,0,0,0,0,0,0,0,0,0,0,0,0,0,0,0
cassandra,types/collections/maps/MapTimestamp,MapTimestamp,,C:/Users/ismak/Documents/GitHub/relation_test_code_smell_ML/dataset/projects/cassandra/test/unit/org/apache/cassandra/index/sai/cql/types/collections/maps/MapTimestampTest.java,0,0,1,3,0,0,0,0,0,0,1,1,1,0,0,0,0,0,0,0,0,0,0,0,0,0,0,0,0,0,0,0,0,0,0
cassandra,types/collections/maps/MapTimeuuid,MapTimeuuid,,C:/Users/ismak/Documents/GitHub/relation_test_code_smell_ML/dataset/projects/cassandra/test/unit/org/apache/cassandra/index/sai/cql/types/collections/maps/MapTimeuuidTest.java,0,0,1,3,0,0,0,0,0,0,1,1,1,0,0,0,0,0,0,0,0,0,0,0,0,0,0,0,0,0,0,0,0,0,0
cassandra,types/collections/maps/MapTinyint,MapTinyint,,C:/Users/ismak/Documents/GitHub/relation_test_code_smell_ML/dataset/projects/cassandra/test/unit/org/apache/cassandra/index/sai/cql/types/collections/maps/MapTinyintTest.java,0,0,1,3,0,0,0,0,0,0,1,1,1,0,0,0,0,0,0,0,0,0,0,0,0,0,0,0,0,0,0,0,0,0,0
cassandra,types/collections/maps/MapUuid,MapUuid,,C:/Users/ismak/Documents/GitHub/relation_test_code_smell_ML/dataset/projects/cassandra/test/unit/org/apache/cassandra/index/sai/cql/types/collections/maps/MapUuidTest.java,0,0,1,3,0,0,0,0,0,0,1,1,1,0,0,0,0,0,0,0,0,0,0,0,0,0,0,0,0,0,0,0,0,0,0
cassandra,types/collections/maps/MapValuesAscii,MapValuesAscii,,C:/Users/ismak/Documents/GitHub/relation_test_code_smell_ML/dataset/projects/cassandra/test/unit/org/apache/cassandra/index/sai/cql/types/collections/maps/MapValuesAsciiTest.java,0,0,1,3,0,0,0,0,0,0,1,1,1,0,0,0,0,0,0,0,0,0,0,0,0,0,0,0,0,0,0,0,0,0,0
cassandra,types/collections/maps/MapValuesFrozenCollection,MapValuesFrozenCollection,,C:/Users/ismak/Documents/GitHub/relation_test_code_smell_ML/dataset/projects/cassandra/test/unit/org/apache/cassandra/index/sai/cql/types/collections/maps/MapValuesFrozenCollectionTest.java,0,0,1,3,0,0,0,0,0,0,1,1,1,0,0,0,0,0,0,0,0,0,0,0,0,0,0,0,0,0,0,0,0,0,0
cassandra,types/collections/maps/MapValuesInt,MapValuesInt,,C:/Users/ismak/Documents/GitHub/relation_test_code_smell_ML/dataset/projects/cassandra/test/unit/org/apache/cassandra/index/sai/cql/types/collections/maps/MapValuesIntTest.java,0,0,1,3,0,0,0,0,0,0,1,1,1,0,0,0,0,0,0,0,0,0,0,0,0,0,0,0,0,0,0,0,0,0,0
cassandra,types/collections/maps/MapValuesVarint,MapValuesVarint,,C:/Users/ismak/Documents/GitHub/relation_test_code_smell_ML/dataset/projects/cassandra/test/unit/org/apache/cassandra/index/sai/cql/types/collections/maps/MapValuesVarintTest.java,0,0,1,3,0,0,0,0,0,0,1,1,1,0,0,0,0,0,0,0,0,0,0,0,0,0,0,0,0,0,0,0,0,0,0
cassandra,types/collections/maps/MapVarint,MapVarint,,C:/Users/ismak/Documents/GitHub/relation_test_code_smell_ML/dataset/projects/cassandra/test/unit/org/apache/cassandra/index/sai/cql/types/collections/maps/MapVarintTest.java,0,0,1,3,0,0,0,0,0,0,1,1,1,0,0,0,0,0,0,0,0,0,0,0,0,0,0,0,0,0,0,0,0,0,0
cassandra,types/collections/maps/MultiMapAscii,MultiMapAscii,,C:/Users/ismak/Documents/GitHub/relation_test_code_smell_ML/dataset/projects/cassandra/test/unit/org/apache/cassandra/index/sai/cql/types/collections/maps/MultiMapAsciiTest.java,0,0,1,3,0,0,0,0,0,0,1,1,1,0,0,0,0,0,0,0,0,0,0,0,0,0,0,0,0,0,0,0,0,0,0
cassandra,types/collections/maps/MultiMapInt,MultiMapInt,,C:/Users/ismak/Documents/GitHub/relation_test_code_smell_ML/dataset/projects/cassandra/test/unit/org/apache/cassandra/index/sai/cql/types/collections/maps/MultiMapIntTest.java,0,0,1,3,0,0,0,0,0,0,1,1,1,0,0,0,0,0,0,0,0,0,0,0,0,0,0,0,0,0,0,0,0,0,0
cassandra,types/collections/maps/MultiMapVarint,MultiMapVarint,,C:/Users/ismak/Documents/GitHub/relation_test_code_smell_ML/dataset/projects/cassandra/test/unit/org/apache/cassandra/index/sai/cql/types/collections/maps/MultiMapVarintTest.java,0,0,1,3,0,0,0,0,0,0,1,1,1,0,0,0,0,0,0,0,0,0,0,0,0,0,0,0,0,0,0,0,0,0,0
cassandra,types/collections/sets/FrozenSetAscii,FrozenSetAscii,,C:/Users/ismak/Documents/GitHub/relation_test_code_smell_ML/dataset/projects/cassandra/test/unit/org/apache/cassandra/index/sai/cql/types/collections/sets/FrozenSetAsciiTest.java,0,0,1,3,0,0,0,0,0,0,1,1,1,0,0,0,0,0,0,0,0,0,0,0,0,0,0,0,0,0,0,0,0,0,0
cassandra,types/collections/sets/FrozenSetDecimal,FrozenSetDecimal,,C:/Users/ismak/Documents/GitHub/relation_test_code_smell_ML/dataset/projects/cassandra/test/unit/org/apache/cassandra/index/sai/cql/types/collections/sets/FrozenSetDecimalTest.java,0,0,1,3,0,0,0,0,0,0,1,1,1,0,0,0,0,0,0,0,0,0,0,0,0,0,0,0,0,0,0,0,0,0,0
cassandra,types/collections/sets/FrozenSetInt,FrozenSetInt,,C:/Users/ismak/Documents/GitHub/relation_test_code_smell_ML/dataset/projects/cassandra/test/unit/org/apache/cassandra/index/sai/cql/types/collections/sets/FrozenSetIntTest.java,0,0,1,3,0,0,0,0,0,0,1,1,1,0,0,0,0,0,0,0,0,0,0,0,0,0,0,0,0,0,0,0,0,0,0
cassandra,types/collections/sets/FrozenSetVarint,FrozenSetVarint,,C:/Users/ismak/Documents/GitHub/relation_test_code_smell_ML/dataset/projects/cassandra/test/unit/org/apache/cassandra/index/sai/cql/types/collections/sets/FrozenSetVarintTest.java,0,0,1,3,0,0,0,0,0,0,1,1,1,0,0,0,0,0,0,0,0,0,0,0,0,0,0,0,0,0,0,0,0,0,0
cassandra,types/collections/sets/SetAscii,SetAscii,,C:/Users/ismak/Documents/GitHub/relation_test_code_smell_ML/dataset/projects/cassandra/test/unit/org/apache/cassandra/index/sai/cql/types/collections/sets/SetAsciiTest.java,0,0,1,3,0,0,0,0,0,0,1,1,1,0,0,0,0,0,0,0,0,0,0,0,0,0,0,0,0,0,0,0,0,0,0
cassandra,types/collections/sets/SetBigint,SetBigint,,C:/Users/ismak/Documents/GitHub/relation_test_code_smell_ML/dataset/projects/cassandra/test/unit/org/apache/cassandra/index/sai/cql/types/collections/sets/SetBigintTest.java,0,0,1,3,0,0,0,0,0,0,1,1,1,0,0,0,0,0,0,0,0,0,0,0,0,0,0,0,0,0,0,0,0,0,0
cassandra,types/collections/sets/SetDate,SetDate,,C:/Users/ismak/Documents/GitHub/relation_test_code_smell_ML/dataset/projects/cassandra/test/unit/org/apache/cassandra/index/sai/cql/types/collections/sets/SetDateTest.java,0,0,1,3,0,0,0,0,0,0,1,1,1,0,0,0,0,0,0,0,0,0,0,0,0,0,0,0,0,0,0,0,0,0,0
cassandra,types/collections/sets/SetDecimal,SetDecimal,,C:/Users/ismak/Documents/GitHub/relation_test_code_smell_ML/dataset/projects/cassandra/test/unit/org/apache/cassandra/index/sai/cql/types/collections/sets/SetDecimalTest.java,0,0,1,3,0,0,0,0,0,0,1,1,1,0,0,0,0,0,0,0,0,0,0,0,0,0,0,0,0,0,0,0,0,0,0
cassandra,types/collections/sets/SetDouble,SetDouble,,C:/Users/ismak/Documents/GitHub/relation_test_code_smell_ML/dataset/projects/cassandra/test/unit/org/apache/cassandra/index/sai/cql/types/collections/sets/SetDoubleTest.java,0,0,1,3,0,0,0,0,0,0,1,1,1,0,0,0,0,0,0,0,0,0,0,0,0,0,0,0,0,0,0,0,0,0,0
cassandra,types/collections/sets/SetFloat,SetFloat,,C:/Users/ismak/Documents/GitHub/relation_test_code_smell_ML/dataset/projects/cassandra/test/unit/org/apache/cassandra/index/sai/cql/types/collections/sets/SetFloatTest.java,0,0,1,3,0,0,0,0,0,0,1,1,1,0,0,0,0,0,0,0,0,0,0,0,0,0,0,0,0,0,0,0,0,0,0
cassandra,types/collections/sets/SetFrozenCollection,SetFrozenCollection,,C:/Users/ismak/Documents/GitHub/relation_test_code_smell_ML/dataset/projects/cassandra/test/unit/org/apache/cassandra/index/sai/cql/types/collections/sets/SetFrozenCollectionTest.java,0,0,1,3,0,0,0,0,0,0,1,1,1,0,0,0,0,0,0,0,0,0,0,0,0,0,0,0,0,0,0,0,0,0,0
cassandra,types/collections/sets/SetInet,SetInet,,C:/Users/ismak/Documents/GitHub/relation_test_code_smell_ML/dataset/projects/cassandra/test/unit/org/apache/cassandra/index/sai/cql/types/collections/sets/SetInetTest.java,0,0,1,3,0,0,0,0,0,0,1,1,1,0,0,0,0,0,0,0,0,0,0,0,0,0,0,0,0,0,0,0,0,0,0
cassandra,types/collections/sets/SetInt,SetInt,,C:/Users/ismak/Documents/GitHub/relation_test_code_smell_ML/dataset/projects/cassandra/test/unit/org/apache/cassandra/index/sai/cql/types/collections/sets/SetIntTest.java,0,0,1,3,0,0,0,0,0,0,1,1,1,0,0,0,0,0,0,0,0,0,0,0,0,0,0,0,0,0,0,0,0,0,0
cassandra,types/collections/sets/SetSmallint,SetSmallint,,C:/Users/ismak/Documents/GitHub/relation_test_code_smell_ML/dataset/projects/cassandra/test/unit/org/apache/cassandra/index/sai/cql/types/collections/sets/SetSmallintTest.java,0,0,1,3,0,0,0,0,0,0,1,1,1,0,0,0,0,0,0,0,0,0,0,0,0,0,0,0,0,0,0,0,0,0,0
cassandra,types/collections/sets/SetText,SetText,,C:/Users/ismak/Documents/GitHub/relation_test_code_smell_ML/dataset/projects/cassandra/test/unit/org/apache/cassandra/index/sai/cql/types/collections/sets/SetTextTest.java,0,0,1,3,0,0,0,0,0,0,1,1,1,0,0,0,0,0,0,0,0,0,0,0,0,0,0,0,0,0,0,0,0,0,0
cassandra,types/collections/sets/SetTime,SetTime,,C:/Users/ismak/Documents/GitHub/relation_test_code_smell_ML/dataset/projects/cassandra/test/unit/org/apache/cassandra/index/sai/cql/types/collections/sets/SetTimeTest.java,0,0,1,3,0,0,0,0,0,0,1,1,1,0,0,0,0,0,0,0,0,0,0,0,0,0,0,0,0,0,0,0,0,0,0
cassandra,types/collections/sets/SetTimestamp,SetTimestamp,,C:/Users/ismak/Documents/GitHub/relation_test_code_smell_ML/dataset/projects/cassandra/test/unit/org/apache/cassandra/index/sai/cql/types/collections/sets/SetTimestampTest.java,0,0,1,3,0,0,0,0,0,0,1,1,1,0,0,0,0,0,0,0,0,0,0,0,0,0,0,0,0,0,0,0,0,0,0
cassandra,types/collections/sets/SetTimeuuid,SetTimeuuid,,C:/Users/ismak/Documents/GitHub/relation_test_code_smell_ML/dataset/projects/cassandra/test/unit/org/apache/cassandra/index/sai/cql/types/collections/sets/SetTimeuuidTest.java,0,0,1,3,0,0,0,0,0,0,1,1,1,0,0,0,0,0,0,0,0,0,0,0,0,0,0,0,0,0,0,0,0,0,0
cassandra,types/collections/sets/SetTinyint,SetTinyint,,C:/Users/ismak/Documents/GitHub/relation_test_code_smell_ML/dataset/projects/cassandra/test/unit/org/apache/cassandra/index/sai/cql/types/collections/sets/SetTinyintTest.java,0,0,1,3,0,0,0,0,0,0,1,1,1,0,0,0,0,0,0,0,0,0,0,0,0,0,0,0,0,0,0,0,0,0,0
cassandra,types/collections/sets/SetUuid,SetUuid,,C:/Users/ismak/Documents/GitHub/relation_test_code_smell_ML/dataset/projects/cassandra/test/unit/org/apache/cassandra/index/sai/cql/types/collections/sets/SetUuidTest.java,0,0,1,3,0,0,0,0,0,0,1,1,1,0,0,0,0,0,0,0,0,0,0,0,0,0,0,0,0,0,0,0,0,0,0
cassandra,types/collections/sets/SetVarint,SetVarint,,C:/Users/ismak/Documents/GitHub/relation_test_code_smell_ML/dataset/projects/cassandra/test/unit/org/apache/cassandra/index/sai/cql/types/collections/sets/SetVarintTest.java,0,0,1,3,0,0,0,0,0,0,1,1,1,0,0,0,0,0,0,0,0,0,0,0,0,0,0,0,0,0,0,0,0,0,0
