project,class_key,class_name,class_file,test_file,has_code_smell,code_smell_total,has_test_smell,test_smell_total,code_smell_CouplingBetweenObjects,code_smell_CyclomaticComplexity,code_smell_ExcessiveParameterList,code_smell_GodClass,code_smell_TooManyFields,code_smell_TooManyMethods,test_smell_App,test_smell_Version,test_smell_RelativeTestFilePath,test_smell_RelativeProductionFilePath,test_smell_Assertion Roulette,test_smell_Conditional Test Logic,test_smell_Constructor Initialization,test_smell_Default Test,test_smell_EmptyTest,test_smell_Exception Catching Throwing,test_smell_General Fixture,test_smell_Mystery Guest,test_smell_Print Statement,test_smell_Redundant Assertion,test_smell_Sensitive Equality,test_smell_Verbose Test,test_smell_Sleepy Test,test_smell_Eager Test,test_smell_Lazy Test,test_smell_Duplicate Assert,test_smell_Unknown Test,test_smell_IgnoredTest,test_smell_Resource Optimism,test_smell_Magic Number Test,test_smell_Dependent Test
dubbo,ManyToManyMethodHandler,ManyToManyMethodHandler,,C:/Users/ismak/Documents/GitHub/relation_test_code_smell_ML/dataset/projects/dubbo/dubbo-plugin/dubbo-mutiny/src/test/java/ManyToManyMethodHandlerTest.java,0,0,1,4,0,0,0,0,0,0,1,1,1,0,0,0,0,0,0,0,0,0,0,0,0,0,0,0,0,0,0,1,0,0,0
dubbo,ManyToOneMethodHandler,ManyToOneMethodHandler,,C:/Users/ismak/Documents/GitHub/relation_test_code_smell_ML/dataset/projects/dubbo/dubbo-plugin/dubbo-mutiny/src/test/java/ManyToOneMethodHandlerTest.java,0,0,1,4,0,0,0,0,0,0,1,1,1,0,0,0,0,0,0,0,0,0,0,0,0,0,0,0,0,0,0,1,0,0,0
dubbo,OneToManyMethodHandler,OneToManyMethodHandler,,C:/Users/ismak/Documents/GitHub/relation_test_code_smell_ML/dataset/projects/dubbo/dubbo-plugin/dubbo-mutiny/src/test/java/OneToManyMethodHandlerTest.java,0,0,1,4,0,0,0,0,0,0,1,1,1,0,0,0,0,0,0,0,0,0,0,0,0,0,0,0,0,0,0,1,0,0,0
dubbo,OneToOneMethodHandler,OneToOneMethodHandler,,C:/Users/ismak/Documents/GitHub/relation_test_code_smell_ML/dataset/projects/dubbo/dubbo-plugin/dubbo-mutiny/src/test/java/OneToOneMethodHandlerTest.java,0,0,1,4,0,0,0,0,0,0,1,1,1,0,0,0,0,0,0,0,0,0,0,0,0,0,0,0,0,0,0,1,0,0,0
dubbo,com/alibaba/dubbo/common/DelegateURL,DelegateURL,dataset/projects/dubbo/dubbo-compatible/src/main/java/com/alibaba/dubbo/common/DelegateURL.java,,1,3,0,0,1,1,0,0,0,1,0,0,0,0,0,0,0,0,0,0,0,0,0,0,0,0,0,0,0,0,0,0,0,0,0
dubbo,com/alibaba/dubbo/common/URL,URL,dataset/projects/dubbo/dubbo-compatible/src/main/java/com/alibaba/dubbo/common/URL.java,,1,3,0,0,0,1,0,1,0,1,0,0,0,0,0,0,0,0,0,0,0,0,0,0,0,0,0,0,0,0,0,0,0,0,0
dubbo,com/alibaba/dubbo/container/page/PageServlet,PageServlet,dataset/projects/dubbo/dubbo-compatible/src/main/java/com/alibaba/dubbo/container/page/PageServlet.java,,1,3,0,0,0,2,0,1,0,0,0,0,0,0,0,0,0,0,0,0,0,0,0,0,0,0,0,0,0,0,0,0,0,0,0
dubbo,com/alibaba/dubbo/container/page/pages/SystemPageHandler,SystemPageHandler,dataset/projects/dubbo/dubbo-compatible/src/main/java/com/alibaba/dubbo/container/page/pages/SystemPageHandler.java,,1,1,0,0,0,1,0,0,0,0,0,0,0,0,0,0,0,0,0,0,0,0,0,0,0,0,0,0,0,0,0,0,0,0,0
dubbo,com/alibaba/dubbo/registry/support/AbstractRegistry,AbstractRegistry,dataset/projects/dubbo/dubbo-compatible/src/main/java/com/alibaba/dubbo/registry/support/AbstractRegistry.java,,1,1,0,0,0,0,0,0,0,1,0,0,0,0,0,0,0,0,0,0,0,0,0,0,0,0,0,0,0,0,0,0,0,0,0
dubbo,com/alibaba/dubbo/registry/support/FailbackRegistry,FailbackRegistry,dataset/projects/dubbo/dubbo-compatible/src/main/java/com/alibaba/dubbo/registry/support/FailbackRegistry.java,,1,1,0,0,0,0,0,0,0,1,0,0,0,0,0,0,0,0,0,0,0,0,0,0,0,0,0,0,0,0,0,0,0,0,0
dubbo,com/alibaba/dubbo/rpc/RpcContext,RpcContext,dataset/projects/dubbo/dubbo-compatible/src/main/java/com/alibaba/dubbo/rpc/RpcContext.java,,1,2,0,0,1,0,0,0,0,1,0,0,0,0,0,0,0,0,0,0,0,0,0,0,0,0,0,0,0,0,0,0,0,0,0
dubbo,com/alibaba/dubbo/rpc/RpcInvocation,RpcInvocation,dataset/projects/dubbo/dubbo-compatible/src/main/java/com/alibaba/dubbo/rpc/RpcInvocation.java,,1,1,0,0,0,0,0,1,0,0,0,0,0,0,0,0,0,0,0,0,0,0,0,0,0,0,0,0,0,0,0,0,0,0,0
dubbo,com/example/test/Pojo,Pojo,,C:/Users/ismak/Documents/GitHub/relation_test_code_smell_ML/dataset/projects/dubbo/dubbo-serialization/dubbo-serialization-fastjson2/src/test/java/com/example/test/TestPojo.java,0,0,1,4,0,0,0,0,0,0,1,1,1,0,0,0,1,0,0,0,0,0,0,0,0,0,0,0,0,0,0,0,0,0,0
dubbo,com/example/test/Pojo,Pojo,,C:/Users/ismak/Documents/GitHub/relation_test_code_smell_ML/dataset/projects/dubbo/dubbo-serialization/dubbo-serialization-hessian2/src/test/java/com/example/test/TestPojo.java,0,0,1,4,0,0,0,0,0,0,1,1,1,0,0,0,1,0,0,0,0,0,0,0,0,0,0,0,0,0,0,0,0,0,0
dubbo,org/apache/dubbo/aot/generate/ResourcePatternDescriber,ResourcePatternDescriber,,C:/Users/ismak/Documents/GitHub/relation_test_code_smell_ML/dataset/projects/dubbo/dubbo-plugin/dubbo-native/src/test/java/org/apache/dubbo/aot/generate/ResourcePatternDescriberTest.java,0,0,1,4,0,0,0,0,0,0,1,1,1,0,0,0,0,0,0,0,0,0,0,0,1,0,0,0,0,0,0,0,0,0,0
dubbo,org/apache/dubbo/auth/AccessKeyAuthenticator,AccessKeyAuthenticator,,C:/Users/ismak/Documents/GitHub/relation_test_code_smell_ML/dataset/projects/dubbo/dubbo-plugin/dubbo-auth/src/test/java/org/apache/dubbo/auth/AccessKeyAuthenticatorTest.java,0,0,1,4,0,0,0,0,0,0,1,1,1,0,0,0,0,0,0,0,0,0,0,0,0,0,0,0,0,0,0,1,0,0,0
dubbo,org/apache/dubbo/auth/DefaultAccessKeyStorage,DefaultAccessKeyStorage,,C:/Users/ismak/Documents/GitHub/relation_test_code_smell_ML/dataset/projects/dubbo/dubbo-plugin/dubbo-auth/src/test/java/org/apache/dubbo/auth/DefaultAccessKeyStorageTest.java,0,0,1,4,0,0,0,0,0,0,1,1,1,0,0,0,0,0,0,0,0,0,0,0,0,0,0,0,0,0,0,1,0,0,0
dubbo,org/apache/dubbo/auth/filter/ConsumerSignFilter,ConsumerSignFilter,,C:/Users/ismak/Documents/GitHub/relation_test_code_smell_ML/dataset/projects/dubbo/dubbo-plugin/dubbo-auth/src/test/java/org/apache/dubbo/auth/filter/ConsumerSignFilterTest.java,0,0,1,4,0,0,0,0,0,0,1,1,1,0,0,0,0,0,0,0,0,0,0,0,0,0,0,0,0,0,0,1,0,0,0
dubbo,org/apache/dubbo/auth/filter/ProviderAuthFilter,ProviderAuthFilter,,C:/Users/ismak/Documents/GitHub/relation_test_code_smell_ML/dataset/projects/dubbo/dubbo-plugin/dubbo-auth/src/test/java/org/apache/dubbo/auth/filter/ProviderAuthFilterTest.java,0,0,1,4,0,0,0,0,0,0,1,1,1,0,0,0,0,0,0,0,0,0,0,0,0,0,0,0,0,0,0,1,0,0,0
dubbo,org/apache/dubbo/auth/utils/SignatureUtils,SignatureUtils,,C:/Users/ismak/Documents/GitHub/relation_test_code_smell_ML/dataset/projects/dubbo/dubbo-plugin/dubbo-auth/src/test/java/org/apache/dubbo/auth/utils/SignatureUtilsTest.java,0,0,1,4,0,0,0,0,0,0,1,1,1,0,0,0,0,0,0,0,0,0,0,0,0,0,0,0,0,0,0,1,0,0,0
dubbo,org/apache/dubbo/cache/Cache,Cache,,C:/Users/ismak/Documents/GitHub/relation_test_code_smell_ML/dataset/projects/dubbo/dubbo-compatible/src/test/java/org/apache/dubbo/cache/CacheTest.java,0,0,1,4,0,0,0,0,0,0,1,1,1,0,0,0,0,0,0,0,0,0,0,0,0,0,0,0,0,0,0,1,0,0,0
dubbo,org/apache/dubbo/cache/filter/CacheFilter,CacheFilter,,C:/Users/ismak/Documents/GitHub/relation_test_code_smell_ML/dataset/projects/dubbo/dubbo-plugin/dubbo-filter-cache/src/test/java/org/apache/dubbo/cache/filter/CacheFilterTest.java,0,0,1,4,0,0,0,0,0,0,1,1,1,0,1,0,0,0,0,0,0,0,0,0,0,0,0,0,0,0,0,0,0,0,0
dubbo,org/apache/dubbo/cache/support/AbstractCacheFactory,AbstractCacheFactory,,C:/Users/ismak/Documents/GitHub/relation_test_code_smell_ML/dataset/projects/dubbo/dubbo-plugin/dubbo-filter-cache/src/test/java/org/apache/dubbo/cache/support/AbstractCacheFactoryTest.java,0,0,1,3,0,0,0,0,0,0,1,1,1,0,0,0,0,0,0,0,0,0,0,0,0,0,0,0,0,0,0,0,0,0,0
dubbo,org/apache/dubbo/cache/support/expiring/ExpiringCacheFactory,ExpiringCacheFactory,,C:/Users/ismak/Documents/GitHub/relation_test_code_smell_ML/dataset/projects/dubbo/dubbo-plugin/dubbo-filter-cache/src/test/java/org/apache/dubbo/cache/support/expiring/ExpiringCacheFactoryTest.java,0,0,1,4,0,0,0,0,0,0,1,1,1,0,0,0,0,0,0,0,0,0,0,0,0,0,0,0,0,0,0,1,0,0,0
dubbo,org/apache/dubbo/cache/support/expiring/ExpiringMap,ExpiringMap,dataset/projects/dubbo/dubbo-plugin/dubbo-filter-cache/src/main/java/org/apache/dubbo/cache/support/expiring/ExpiringMap.java,,1,1,0,0,0,0,0,0,0,1,0,0,0,0,0,0,0,0,0,0,0,0,0,0,0,0,0,0,0,0,0,0,0,0,0
dubbo,org/apache/dubbo/cache/support/jcache/JCacheFactory,JCacheFactory,,C:/Users/ismak/Documents/GitHub/relation_test_code_smell_ML/dataset/projects/dubbo/dubbo-plugin/dubbo-filter-cache/src/test/java/org/apache/dubbo/cache/support/jcache/JCacheFactoryTest.java,0,0,1,4,0,0,0,0,0,0,1,1,1,0,0,0,0,0,0,0,0,0,0,0,0,0,0,0,0,0,0,1,0,0,0
dubbo,org/apache/dubbo/cache/support/lru/LruCacheFactory,LruCacheFactory,,C:/Users/ismak/Documents/GitHub/relation_test_code_smell_ML/dataset/projects/dubbo/dubbo-plugin/dubbo-filter-cache/src/test/java/org/apache/dubbo/cache/support/lru/LruCacheFactoryTest.java,0,0,1,4,0,0,0,0,0,0,1,1,1,0,0,0,0,0,0,0,0,0,0,0,0,0,0,0,0,0,0,1,0,0,0
dubbo,org/apache/dubbo/cache/support/threadlocal/ThreadLocalCacheFactory,ThreadLocalCacheFactory,,C:/Users/ismak/Documents/GitHub/relation_test_code_smell_ML/dataset/projects/dubbo/dubbo-plugin/dubbo-filter-cache/src/test/java/org/apache/dubbo/cache/support/threadlocal/ThreadLocalCacheFactoryTest.java,0,0,1,4,0,0,0,0,0,0,1,1,1,0,0,0,0,0,0,0,0,0,0,0,0,0,0,0,0,0,0,1,0,0,0
dubbo,org/apache/dubbo/common/BaseServiceMetadata,BaseServiceMetadata,,C:/Users/ismak/Documents/GitHub/relation_test_code_smell_ML/dataset/projects/dubbo/dubbo-common/src/test/java/org/apache/dubbo/common/BaseServiceMetadataTest.java,0,0,1,4,0,0,0,0,0,0,1,1,1,0,0,0,0,0,0,0,0,0,0,0,0,0,0,0,0,0,0,1,0,0,0
dubbo,org/apache/dubbo/common/CommonScopeModelInitializer,CommonScopeModelInitializer,,C:/Users/ismak/Documents/GitHub/relation_test_code_smell_ML/dataset/projects/dubbo/dubbo-common/src/test/java/org/apache/dubbo/common/CommonScopeModelInitializerTest.java,0,0,1,4,0,0,0,0,0,0,1,1,1,0,0,0,0,0,0,0,0,0,0,0,0,0,0,0,0,0,0,1,0,0,0
dubbo,org/apache/dubbo/common/InterfaceAddressURL,InterfaceAddressURL,,C:/Users/ismak/Documents/GitHub/relation_test_code_smell_ML/dataset/projects/dubbo/dubbo-common/src/test/java/org/apache/dubbo/common/InterfaceAddressURLTest.java,0,0,1,4,0,0,0,0,0,0,1,1,1,0,0,0,0,0,0,0,0,0,0,0,0,0,0,0,0,0,0,1,0,0,0
dubbo,org/apache/dubbo/common/Parameters,Parameters,dataset/projects/dubbo/dubbo-common/src/main/java/org/apache/dubbo/common/Parameters.java,,1,1,0,0,0,0,0,0,0,1,0,0,0,0,0,0,0,0,0,0,0,0,0,0,0,0,0,0,0,0,0,0,0,0,0
dubbo,org/apache/dubbo/common/PojoUtilsForNonPublicStatic,PojoUtilsForNonPublicStatic,,C:/Users/ismak/Documents/GitHub/relation_test_code_smell_ML/dataset/projects/dubbo/dubbo-common/src/test/java/org/apache/dubbo/common/PojoUtilsForNonPublicStaticTest.java,0,0,1,4,0,0,0,0,0,0,1,1,1,0,0,0,0,0,0,0,0,0,0,0,0,0,0,0,0,0,0,1,0,0,0
dubbo,org/apache/dubbo/common/ProtocolServiceKey,ProtocolServiceKey,dataset/projects/dubbo/dubbo-common/src/main/java/org/apache/dubbo/common/ProtocolServiceKey.java,C:/Users/ismak/Documents/GitHub/relation_test_code_smell_ML/dataset/projects/dubbo/dubbo-common/src/test/java/org/apache/dubbo/common/ProtocolServiceKeyTest.java,1,1,1,4,0,1,0,0,0,0,1,1,1,0,0,0,0,0,0,0,0,0,0,0,0,0,0,0,0,0,0,1,0,0,0
dubbo,org/apache/dubbo/common/ProtocolServiceKeyMatcher,ProtocolServiceKeyMatcher,,C:/Users/ismak/Documents/GitHub/relation_test_code_smell_ML/dataset/projects/dubbo/dubbo-common/src/test/java/org/apache/dubbo/common/ProtocolServiceKeyMatcherTest.java,0,0,1,4,0,0,0,0,0,0,1,1,1,0,0,0,0,0,0,0,0,0,0,0,0,0,0,0,0,0,0,1,0,0,0
dubbo,org/apache/dubbo/common/ServiceKey,ServiceKey,dataset/projects/dubbo/dubbo-common/src/main/java/org/apache/dubbo/common/ServiceKey.java,C:/Users/ismak/Documents/GitHub/relation_test_code_smell_ML/dataset/projects/dubbo/dubbo-common/src/test/java/org/apache/dubbo/common/ServiceKeyTest.java,1,1,1,4,0,1,0,0,0,0,1,1,1,0,0,0,0,0,0,0,0,0,0,0,0,0,0,0,0,0,0,1,0,0,0
dubbo,org/apache/dubbo/common/ServiceKeyMatcher,ServiceKeyMatcher,,C:/Users/ismak/Documents/GitHub/relation_test_code_smell_ML/dataset/projects/dubbo/dubbo-common/src/test/java/org/apache/dubbo/common/ServiceKeyMatcherTest.java,0,0,1,4,0,0,0,0,0,0,1,1,1,0,0,0,0,0,0,0,0,0,0,0,0,0,0,0,0,0,0,1,0,0,0
dubbo,org/apache/dubbo/common/URL,URL,dataset/projects/dubbo/dubbo-common/src/main/java/org/apache/dubbo/common/URL.java,C:/Users/ismak/Documents/GitHub/relation_test_code_smell_ML/dataset/projects/dubbo/dubbo-common/src/test/java/org/apache/dubbo/common/URLTest.java,1,7,1,4,1,4,0,1,0,1,1,1,1,0,0,0,0,0,0,0,0,0,0,0,0,0,0,0,0,0,0,1,0,0,0
dubbo,org/apache/dubbo/common/URLBuilder,URLBuilder,dataset/projects/dubbo/dubbo-common/src/main/java/org/apache/dubbo/common/URLBuilder.java,C:/Users/ismak/Documents/GitHub/relation_test_code_smell_ML/dataset/projects/dubbo/dubbo-common/src/test/java/org/apache/dubbo/common/URLBuilderTest.java,1,3,1,4,0,1,0,1,0,1,1,1,1,0,0,0,0,0,0,0,0,0,0,0,0,0,0,0,0,0,0,1,0,0,0
dubbo,org/apache/dubbo/common/URLStrParser,URLStrParser,dataset/projects/dubbo/dubbo-common/src/main/java/org/apache/dubbo/common/URLStrParser.java,C:/Users/ismak/Documents/GitHub/relation_test_code_smell_ML/dataset/projects/dubbo/dubbo-common/src/test/java/org/apache/dubbo/common/URLStrParserTest.java,1,3,1,4,0,2,0,0,0,1,1,1,1,0,0,0,0,0,0,0,0,0,0,0,0,0,0,0,0,0,0,1,0,0,0
dubbo,org/apache/dubbo/common/Version,Version,dataset/projects/dubbo/dubbo-common/src/main/java/org/apache/dubbo/common/Version.java,,1,3,0,0,0,1,0,1,0,1,0,0,0,0,0,0,0,0,0,0,0,0,0,0,0,0,0,0,0,0,0,0,0,0,0
dubbo,org/apache/dubbo/common/beans/InstantiationStrategy,InstantiationStrategy,,C:/Users/ismak/Documents/GitHub/relation_test_code_smell_ML/dataset/projects/dubbo/dubbo-common/src/test/java/org/apache/dubbo/common/beans/InstantiationStrategyTest.java,0,0,1,4,0,0,0,0,0,0,1,1,1,0,0,0,0,0,0,0,0,0,0,0,0,0,0,0,0,0,0,1,0,0,0
dubbo,org/apache/dubbo/common/beans/ScopeBeanFactory,ScopeBeanFactory,,C:/Users/ismak/Documents/GitHub/relation_test_code_smell_ML/dataset/projects/dubbo/dubbo-common/src/test/java/org/apache/dubbo/common/beans/ScopeBeanFactoryTest.java,0,0,1,4,0,0,0,0,0,0,1,1,1,0,0,0,0,0,0,0,0,0,0,0,0,0,0,0,0,0,0,1,0,0,0
dubbo,org/apache/dubbo/common/beans/factory/ScopeBeanFactory,ScopeBeanFactory,dataset/projects/dubbo/dubbo-common/src/main/java/org/apache/dubbo/common/beans/factory/ScopeBeanFactory.java,,1,6,0,0,1,3,0,1,0,1,0,0,0,0,0,0,0,0,0,0,0,0,0,0,0,0,0,0,0,0,0,0,0,0,0
dubbo,org/apache/dubbo/common/beans/support/InstantiationStrategy,InstantiationStrategy,dataset/projects/dubbo/dubbo-common/src/main/java/org/apache/dubbo/common/beans/support/InstantiationStrategy.java,,1,1,0,0,0,1,0,0,0,0,0,0,0,0,0,0,0,0,0,0,0,0,0,0,0,0,0,0,0,0,0,0,0,0,0
dubbo,org/apache/dubbo/common/beanutil/JavaBeanAccessor,JavaBeanAccessor,,C:/Users/ismak/Documents/GitHub/relation_test_code_smell_ML/dataset/projects/dubbo/dubbo-common/src/test/java/org/apache/dubbo/common/beanutil/JavaBeanAccessorTest.java,0,0,1,4,0,0,0,0,0,0,1,1,1,0,0,0,0,0,0,0,0,0,0,0,0,0,0,0,0,0,0,1,0,0,0
dubbo,org/apache/dubbo/common/beanutil/JavaBeanDescriptor,JavaBeanDescriptor,dataset/projects/dubbo/dubbo-common/src/main/java/org/apache/dubbo/common/beanutil/JavaBeanDescriptor.java,,1,1,0,0,0,0,0,0,0,1,0,0,0,0,0,0,0,0,0,0,0,0,0,0,0,0,0,0,0,0,0,0,0,0,0
dubbo,org/apache/dubbo/common/beanutil/JavaBeanSerializeUtil,JavaBeanSerializeUtil,dataset/projects/dubbo/dubbo-common/src/main/java/org/apache/dubbo/common/beanutil/JavaBeanSerializeUtil.java,C:/Users/ismak/Documents/GitHub/relation_test_code_smell_ML/dataset/projects/dubbo/dubbo-common/src/test/java/org/apache/dubbo/common/beanutil/JavaBeanSerializeUtilTest.java,1,7,1,5,0,5,0,1,0,1,1,1,1,0,1,0,0,0,0,0,0,0,0,0,0,0,0,0,0,0,0,1,0,0,0
dubbo,org/apache/dubbo/common/bytecode/ClassGenerator,ClassGenerator,dataset/projects/dubbo/dubbo-common/src/main/java/org/apache/dubbo/common/bytecode/ClassGenerator.java,C:/Users/ismak/Documents/GitHub/relation_test_code_smell_ML/dataset/projects/dubbo/dubbo-common/src/test/java/org/apache/dubbo/common/bytecode/ClassGeneratorTest.java,1,4,1,6,0,2,0,1,0,1,1,1,1,0,0,1,0,0,0,1,0,0,0,0,0,0,0,0,0,0,0,1,0,0,0
dubbo,org/apache/dubbo/common/bytecode/Mixin,Mixin,dataset/projects/dubbo/dubbo-common/src/main/java/org/apache/dubbo/common/bytecode/Mixin.java,C:/Users/ismak/Documents/GitHub/relation_test_code_smell_ML/dataset/projects/dubbo/dubbo-common/src/test/java/org/apache/dubbo/common/bytecode/MixinTest.java,1,1,1,4,0,1,0,0,0,0,1,1,1,0,0,0,0,0,0,0,0,0,0,0,0,0,0,0,0,0,0,1,0,0,0
dubbo,org/apache/dubbo/common/bytecode/Proxy,Proxy,dataset/projects/dubbo/dubbo-common/src/main/java/org/apache/dubbo/common/bytecode/Proxy.java,C:/Users/ismak/Documents/GitHub/relation_test_code_smell_ML/dataset/projects/dubbo/dubbo-common/src/test/java/org/apache/dubbo/common/bytecode/ProxyTest.java,1,2,1,4,0,2,0,0,0,0,1,1,1,0,0,0,0,0,0,0,0,0,0,0,0,0,0,0,0,0,0,1,0,0,0
dubbo,org/apache/dubbo/common/bytecode/Wrapper,Wrapper,dataset/projects/dubbo/dubbo-common/src/main/java/org/apache/dubbo/common/bytecode/Wrapper.java,C:/Users/ismak/Documents/GitHub/relation_test_code_smell_ML/dataset/projects/dubbo/dubbo-common/src/test/java/org/apache/dubbo/common/bytecode/WrapperTest.java,1,3,1,4,0,2,0,1,0,0,1,1,1,0,0,0,0,0,0,0,0,0,0,0,0,0,0,0,0,0,0,1,0,0,0
dubbo,org/apache/dubbo/common/cache/FileCacheStore,FileCacheStore,,C:/Users/ismak/Documents/GitHub/relation_test_code_smell_ML/dataset/projects/dubbo/dubbo-common/src/test/java/org/apache/dubbo/common/cache/FileCacheStoreTest.java,0,0,1,4,0,0,0,0,0,0,1,1,1,0,0,0,0,0,0,0,0,0,0,0,0,0,0,0,0,0,0,1,0,0,0
dubbo,org/apache/dubbo/common/cache/FileCacheStoreFactory,FileCacheStoreFactory,,C:/Users/ismak/Documents/GitHub/relation_test_code_smell_ML/dataset/projects/dubbo/dubbo-common/src/test/java/org/apache/dubbo/common/cache/FileCacheStoreFactoryTest.java,0,0,1,4,0,0,0,0,0,0,1,1,1,0,0,0,0,0,0,0,0,0,0,0,0,0,0,0,0,0,0,1,0,0,0
dubbo,org/apache/dubbo/common/compiler/support/AbstractCompiler,AbstractCompiler,dataset/projects/dubbo/dubbo-common/src/main/java/org/apache/dubbo/common/compiler/support/AbstractCompiler.java,,1,1,0,0,0,1,0,0,0,0,0,0,0,0,0,0,0,0,0,0,0,0,0,0,0,0,0,0,0,0,0,0,0,0,0
dubbo,org/apache/dubbo/common/compiler/support/AdaptiveCompiler,AdaptiveCompiler,,C:/Users/ismak/Documents/GitHub/relation_test_code_smell_ML/dataset/projects/dubbo/dubbo-common/src/test/java/org/apache/dubbo/common/compiler/support/AdaptiveCompilerTest.java,0,0,1,4,0,0,0,0,0,0,1,1,1,0,0,0,0,0,0,0,0,0,0,0,0,0,0,0,0,0,0,1,0,0,0
dubbo,org/apache/dubbo/common/compiler/support/ClassUtils,ClassUtils,dataset/projects/dubbo/dubbo-common/src/main/java/org/apache/dubbo/common/compiler/support/ClassUtils.java,C:/Users/ismak/Documents/GitHub/relation_test_code_smell_ML/dataset/projects/dubbo/dubbo-common/src/test/java/org/apache/dubbo/common/compiler/support/ClassUtilsTest.java,1,6,1,4,0,4,0,1,0,1,1,1,1,0,0,0,0,0,0,0,0,0,0,0,0,0,0,0,0,0,0,1,0,0,0
dubbo,org/apache/dubbo/common/compiler/support/JavaCode,JavaCode,,C:/Users/ismak/Documents/GitHub/relation_test_code_smell_ML/dataset/projects/dubbo/dubbo-common/src/test/java/org/apache/dubbo/common/compiler/support/JavaCodeTest.java,0,0,1,3,0,0,0,0,0,0,1,1,1,0,0,0,0,0,0,0,0,0,0,0,0,0,0,0,0,0,0,0,0,0,0
dubbo,org/apache/dubbo/common/compiler/support/JavassistCompiler,JavassistCompiler,,C:/Users/ismak/Documents/GitHub/relation_test_code_smell_ML/dataset/projects/dubbo/dubbo-common/src/test/java/org/apache/dubbo/common/compiler/support/JavassistCompilerTest.java,0,0,1,6,0,0,0,0,0,0,1,1,1,0,0,1,0,0,0,1,0,0,0,0,0,0,0,0,0,0,0,1,0,0,0
dubbo,org/apache/dubbo/common/compiler/support/JdkCompiler,JdkCompiler,dataset/projects/dubbo/dubbo-common/src/main/java/org/apache/dubbo/common/compiler/support/JdkCompiler.java,C:/Users/ismak/Documents/GitHub/relation_test_code_smell_ML/dataset/projects/dubbo/dubbo-common/src/test/java/org/apache/dubbo/common/compiler/support/JdkCompilerTest.java,1,2,1,4,1,1,0,0,0,0,1,1,1,0,0,0,0,0,0,0,0,0,0,0,0,0,0,0,0,0,0,1,0,0,0
dubbo,org/apache/dubbo/common/concurrent/CompletableFutureTask,CompletableFutureTask,,C:/Users/ismak/Documents/GitHub/relation_test_code_smell_ML/dataset/projects/dubbo/dubbo-common/src/test/java/org/apache/dubbo/common/concurrent/CompletableFutureTaskTest.java,0,0,1,4,0,0,0,0,0,0,1,1,1,0,0,0,0,0,0,0,0,0,0,0,0,0,0,0,0,0,0,1,0,0,0
dubbo,org/apache/dubbo/common/config/CompositeConfiguration,CompositeConfiguration,,C:/Users/ismak/Documents/GitHub/relation_test_code_smell_ML/dataset/projects/dubbo/dubbo-common/src/test/java/org/apache/dubbo/common/config/CompositeConfigurationTest.java,0,0,1,4,0,0,0,0,0,0,1,1,1,0,0,0,0,0,0,0,0,0,0,0,0,0,0,0,0,0,0,1,0,0,0
dubbo,org/apache/dubbo/common/config/Configuration,Configuration,dataset/projects/dubbo/dubbo-common/src/main/java/org/apache/dubbo/common/config/Configuration.java,,1,1,0,0,0,1,0,0,0,0,0,0,0,0,0,0,0,0,0,0,0,0,0,0,0,0,0,0,0,0,0,0,0,0,0
dubbo,org/apache/dubbo/common/config/ConfigurationCache,ConfigurationCache,,C:/Users/ismak/Documents/GitHub/relation_test_code_smell_ML/dataset/projects/dubbo/dubbo-common/src/test/java/org/apache/dubbo/common/config/ConfigurationCacheTest.java,0,0,1,4,0,0,0,0,0,0,1,1,1,0,0,0,0,0,0,0,0,0,0,0,0,0,0,0,0,0,0,1,0,0,0
dubbo,org/apache/dubbo/common/config/ConfigurationUtils,ConfigurationUtils,dataset/projects/dubbo/dubbo-common/src/main/java/org/apache/dubbo/common/config/ConfigurationUtils.java,C:/Users/ismak/Documents/GitHub/relation_test_code_smell_ML/dataset/projects/dubbo/dubbo-common/src/test/java/org/apache/dubbo/common/config/ConfigurationUtilsTest.java,1,4,1,4,1,1,0,1,0,1,1,1,1,0,0,0,0,0,0,0,0,0,0,0,0,0,0,0,0,0,0,1,0,0,0
dubbo,org/apache/dubbo/common/config/Environment,Environment,dataset/projects/dubbo/dubbo-common/src/main/java/org/apache/dubbo/common/config/Environment.java,C:/Users/ismak/Documents/GitHub/relation_test_code_smell_ML/dataset/projects/dubbo/dubbo-common/src/test/java/org/apache/dubbo/common/config/EnvironmentTest.java,1,1,1,4,0,0,0,0,0,1,1,1,1,0,0,0,0,0,0,0,0,0,0,0,0,0,0,0,0,0,0,1,0,0,0
dubbo,org/apache/dubbo/common/config/EnvironmentConfiguration,EnvironmentConfiguration,,C:/Users/ismak/Documents/GitHub/relation_test_code_smell_ML/dataset/projects/dubbo/dubbo-common/src/test/java/org/apache/dubbo/common/config/EnvironmentConfigurationTest.java,0,0,1,4,0,0,0,0,0,0,1,1,1,0,0,0,0,0,0,0,0,0,0,0,0,0,0,0,0,0,0,1,0,0,0
dubbo,org/apache/dubbo/common/config/InmemoryConfiguration,InmemoryConfiguration,,C:/Users/ismak/Documents/GitHub/relation_test_code_smell_ML/dataset/projects/dubbo/dubbo-common/src/test/java/org/apache/dubbo/common/config/InmemoryConfigurationTest.java,0,0,1,4,0,0,0,0,0,0,1,1,1,0,0,0,0,0,0,0,0,0,0,0,0,0,0,0,0,0,0,1,0,0,0
dubbo,org/apache/dubbo/common/config/ModuleEnvironment,ModuleEnvironment,dataset/projects/dubbo/dubbo-common/src/main/java/org/apache/dubbo/common/config/ModuleEnvironment.java,,1,1,0,0,0,0,0,0,0,1,0,0,0,0,0,0,0,0,0,0,0,0,0,0,0,0,0,0,0,0,0,0,0,0,0
dubbo,org/apache/dubbo/common/config/OrderedPropertiesConfiguration,OrderedPropertiesConfiguration,,C:/Users/ismak/Documents/GitHub/relation_test_code_smell_ML/dataset/projects/dubbo/dubbo-common/src/test/java/org/apache/dubbo/common/config/OrderedPropertiesConfigurationTest.java,0,0,1,4,0,0,0,0,0,0,1,1,1,0,0,0,0,0,0,0,0,0,0,0,0,0,0,0,0,0,0,1,0,0,0
dubbo,org/apache/dubbo/common/config/PrefixedConfiguration,PrefixedConfiguration,,C:/Users/ismak/Documents/GitHub/relation_test_code_smell_ML/dataset/projects/dubbo/dubbo-common/src/test/java/org/apache/dubbo/common/config/PrefixedConfigurationTest.java,0,0,1,4,0,0,0,0,0,0,1,1,1,0,0,0,0,0,0,0,0,0,0,0,0,0,0,0,0,0,0,1,0,0,0
dubbo,org/apache/dubbo/common/config/PropertiesConfiguration,PropertiesConfiguration,,C:/Users/ismak/Documents/GitHub/relation_test_code_smell_ML/dataset/projects/dubbo/dubbo-common/src/test/java/org/apache/dubbo/common/config/PropertiesConfigurationTest.java,0,0,1,4,0,0,0,0,0,0,1,1,1,0,0,0,0,0,0,0,0,0,0,0,0,0,0,0,0,0,0,1,0,0,0
dubbo,org/apache/dubbo/common/config/SystemConfiguration,SystemConfiguration,,C:/Users/ismak/Documents/GitHub/relation_test_code_smell_ML/dataset/projects/dubbo/dubbo-common/src/test/java/org/apache/dubbo/common/config/SystemConfigurationTest.java,0,0,1,4,0,0,0,0,0,0,1,1,1,0,0,0,0,0,0,0,0,0,0,0,0,0,0,0,0,0,0,1,0,0,0
dubbo,org/apache/dubbo/common/config/configcenter/AbstractDynamicConfiguration,AbstractDynamicConfiguration,dataset/projects/dubbo/dubbo-common/src/main/java/org/apache/dubbo/common/config/configcenter/AbstractDynamicConfiguration.java,C:/Users/ismak/Documents/GitHub/relation_test_code_smell_ML/dataset/projects/dubbo/dubbo-common/src/test/java/org/apache/dubbo/common/config/configcenter/AbstractDynamicConfigurationTest.java,1,1,1,4,0,0,0,0,0,1,1,1,1,0,0,0,0,0,0,0,0,0,0,0,0,0,0,0,0,0,0,1,0,0,0
dubbo,org/apache/dubbo/common/config/configcenter/AbstractDynamicConfigurationFactory,AbstractDynamicConfigurationFactory,,C:/Users/ismak/Documents/GitHub/relation_test_code_smell_ML/dataset/projects/dubbo/dubbo-common/src/test/java/org/apache/dubbo/common/config/configcenter/AbstractDynamicConfigurationFactoryTest.java,0,0,1,4,0,0,0,0,0,0,1,1,1,0,0,0,0,0,0,0,0,0,0,0,0,0,0,0,0,0,0,1,0,0,0
dubbo,org/apache/dubbo/common/config/configcenter/ConfigChangeType,ConfigChangeType,,C:/Users/ismak/Documents/GitHub/relation_test_code_smell_ML/dataset/projects/dubbo/dubbo-common/src/test/java/org/apache/dubbo/common/config/configcenter/ConfigChangeTypeTest.java,0,0,1,4,0,0,0,0,0,0,1,1,1,0,0,0,0,0,0,0,0,0,0,0,0,0,0,0,0,0,0,1,0,0,0
dubbo,org/apache/dubbo/common/config/configcenter/ConfigChangedEvent,ConfigChangedEvent,,C:/Users/ismak/Documents/GitHub/relation_test_code_smell_ML/dataset/projects/dubbo/dubbo-common/src/test/java/org/apache/dubbo/common/config/configcenter/ConfigChangedEventTest.java,0,0,1,4,0,0,0,0,0,0,1,1,1,0,0,0,0,0,0,0,0,0,0,0,0,0,0,0,0,0,0,1,0,0,0
dubbo,org/apache/dubbo/common/config/configcenter/DynamicConfigurationFactory,DynamicConfigurationFactory,,C:/Users/ismak/Documents/GitHub/relation_test_code_smell_ML/dataset/projects/dubbo/dubbo-common/src/test/java/org/apache/dubbo/common/config/configcenter/DynamicConfigurationFactoryTest.java,0,0,1,4,0,0,0,0,0,0,1,1,1,0,0,0,0,0,0,0,0,0,0,0,0,0,0,0,0,0,0,1,0,0,0
dubbo,org/apache/dubbo/common/config/configcenter/TreePathDynamicConfiguration,TreePathDynamicConfiguration,dataset/projects/dubbo/dubbo-common/src/main/java/org/apache/dubbo/common/config/configcenter/TreePathDynamicConfiguration.java,,1,1,0,0,0,0,0,0,0,1,0,0,0,0,0,0,0,0,0,0,0,0,0,0,0,0,0,0,0,0,0,0,0,0,0
dubbo,org/apache/dubbo/common/config/configcenter/file/FileSystemDynamicConfiguration,FileSystemDynamicConfiguration,dataset/projects/dubbo/dubbo-configcenter/dubbo-configcenter-file/src/main/java/org/apache/dubbo/common/config/configcenter/file/FileSystemDynamicConfiguration.java,C:/Users/ismak/Documents/GitHub/relation_test_code_smell_ML/dataset/projects/dubbo/dubbo-configcenter/dubbo-configcenter-file/src/test/java/org/apache/dubbo/common/config/configcenter/file/FileSystemDynamicConfigurationTest.java,1,3,1,4,1,0,0,1,0,1,1,1,1,0,0,0,0,0,0,0,0,0,0,0,0,0,0,0,0,0,0,1,0,0,0
dubbo,org/apache/dubbo/common/config/configcenter/file/FileSystemDynamicConfigurationFactory,FileSystemDynamicConfigurationFactory,,C:/Users/ismak/Documents/GitHub/relation_test_code_smell_ML/dataset/projects/dubbo/dubbo-configcenter/dubbo-configcenter-file/src/test/java/org/apache/dubbo/common/config/configcenter/file/FileSystemDynamicConfigurationFactoryTest.java,0,0,1,4,0,0,0,0,0,0,1,1,1,0,0,0,0,0,0,0,0,0,0,0,0,0,0,0,0,0,0,1,0,0,0
dubbo,org/apache/dubbo/common/constants/CommonConstants,CommonConstants,,C:/Users/ismak/Documents/GitHub/relation_test_code_smell_ML/dataset/projects/dubbo/dubbo-common/src/test/java/org/apache/dubbo/common/constants/CommonConstantsTest.java,0,0,1,4,0,0,0,0,0,0,1,1,1,0,0,0,0,0,0,0,0,0,0,0,0,0,0,0,0,0,0,1,0,0,0
dubbo,org/apache/dubbo/common/convert/Converter,Converter,,C:/Users/ismak/Documents/GitHub/relation_test_code_smell_ML/dataset/projects/dubbo/dubbo-common/src/test/java/org/apache/dubbo/common/convert/ConverterTest.java,0,0,1,4,0,0,0,0,0,0,1,1,1,0,0,0,0,0,0,0,0,0,0,0,0,0,0,0,0,0,0,1,0,0,0
dubbo,org/apache/dubbo/common/convert/StringToBooleanConverter,StringToBooleanConverter,,C:/Users/ismak/Documents/GitHub/relation_test_code_smell_ML/dataset/projects/dubbo/dubbo-common/src/test/java/org/apache/dubbo/common/convert/StringToBooleanConverterTest.java,0,0,1,4,0,0,0,0,0,0,1,1,1,0,0,0,0,0,0,0,0,0,0,0,0,0,0,0,0,0,0,1,0,0,0
dubbo,org/apache/dubbo/common/convert/StringToCharArrayConverter,StringToCharArrayConverter,,C:/Users/ismak/Documents/GitHub/relation_test_code_smell_ML/dataset/projects/dubbo/dubbo-common/src/test/java/org/apache/dubbo/common/convert/StringToCharArrayConverterTest.java,0,0,1,4,0,0,0,0,0,0,1,1,1,0,0,0,0,0,0,0,0,0,0,0,0,0,0,0,0,0,0,1,0,0,0
dubbo,org/apache/dubbo/common/convert/StringToCharacterConverter,StringToCharacterConverter,,C:/Users/ismak/Documents/GitHub/relation_test_code_smell_ML/dataset/projects/dubbo/dubbo-common/src/test/java/org/apache/dubbo/common/convert/StringToCharacterConverterTest.java,0,0,1,4,0,0,0,0,0,0,1,1,1,0,0,0,0,0,0,0,0,0,0,0,0,0,0,0,0,0,0,1,0,0,0
dubbo,org/apache/dubbo/common/convert/StringToDoubleConverter,StringToDoubleConverter,,C:/Users/ismak/Documents/GitHub/relation_test_code_smell_ML/dataset/projects/dubbo/dubbo-common/src/test/java/org/apache/dubbo/common/convert/StringToDoubleConverterTest.java,0,0,1,4,0,0,0,0,0,0,1,1,1,0,0,0,0,0,0,0,0,0,0,0,0,0,0,0,0,0,0,1,0,0,0
dubbo,org/apache/dubbo/common/convert/StringToDurationConverter,StringToDurationConverter,,C:/Users/ismak/Documents/GitHub/relation_test_code_smell_ML/dataset/projects/dubbo/dubbo-common/src/test/java/org/apache/dubbo/common/convert/StringToDurationConverterTest.java,0,0,1,4,0,0,0,0,0,0,1,1,1,0,0,0,0,0,0,0,0,0,0,0,0,0,0,0,0,0,0,1,0,0,0
dubbo,org/apache/dubbo/common/convert/StringToFloatConverter,StringToFloatConverter,,C:/Users/ismak/Documents/GitHub/relation_test_code_smell_ML/dataset/projects/dubbo/dubbo-common/src/test/java/org/apache/dubbo/common/convert/StringToFloatConverterTest.java,0,0,1,4,0,0,0,0,0,0,1,1,1,0,0,0,0,0,0,0,0,0,0,0,0,0,0,0,0,0,0,1,0,0,0
dubbo,org/apache/dubbo/common/convert/StringToIntegerConverter,StringToIntegerConverter,,C:/Users/ismak/Documents/GitHub/relation_test_code_smell_ML/dataset/projects/dubbo/dubbo-common/src/test/java/org/apache/dubbo/common/convert/StringToIntegerConverterTest.java,0,0,1,4,0,0,0,0,0,0,1,1,1,0,0,0,0,0,0,0,0,0,0,0,0,0,0,0,0,0,0,1,0,0,0
dubbo,org/apache/dubbo/common/convert/StringToLongConverter,StringToLongConverter,,C:/Users/ismak/Documents/GitHub/relation_test_code_smell_ML/dataset/projects/dubbo/dubbo-common/src/test/java/org/apache/dubbo/common/convert/StringToLongConverterTest.java,0,0,1,4,0,0,0,0,0,0,1,1,1,0,0,0,0,0,0,0,0,0,0,0,0,0,0,0,0,0,0,1,0,0,0
dubbo,org/apache/dubbo/common/convert/StringToOptionalConverter,StringToOptionalConverter,,C:/Users/ismak/Documents/GitHub/relation_test_code_smell_ML/dataset/projects/dubbo/dubbo-common/src/test/java/org/apache/dubbo/common/convert/StringToOptionalConverterTest.java,0,0,1,4,0,0,0,0,0,0,1,1,1,0,0,0,0,0,0,0,0,0,0,0,0,0,0,0,0,0,0,1,0,0,0
dubbo,org/apache/dubbo/common/convert/StringToShortConverter,StringToShortConverter,,C:/Users/ismak/Documents/GitHub/relation_test_code_smell_ML/dataset/projects/dubbo/dubbo-common/src/test/java/org/apache/dubbo/common/convert/StringToShortConverterTest.java,0,0,1,4,0,0,0,0,0,0,1,1,1,0,0,0,0,0,0,0,0,0,0,0,0,0,0,0,0,0,0,1,0,0,0
dubbo,org/apache/dubbo/common/convert/StringToStringConverter,StringToStringConverter,,C:/Users/ismak/Documents/GitHub/relation_test_code_smell_ML/dataset/projects/dubbo/dubbo-common/src/test/java/org/apache/dubbo/common/convert/StringToStringConverterTest.java,0,0,1,4,0,0,0,0,0,0,1,1,1,0,0,0,0,0,0,0,0,0,0,0,0,0,0,0,0,0,0,1,0,0,0
dubbo,org/apache/dubbo/common/convert/multiple/MultiValueConverter,MultiValueConverter,,C:/Users/ismak/Documents/GitHub/relation_test_code_smell_ML/dataset/projects/dubbo/dubbo-common/src/test/java/org/apache/dubbo/common/convert/multiple/MultiValueConverterTest.java,0,0,1,4,0,0,0,0,0,0,1,1,1,0,0,0,0,0,0,0,0,0,0,0,0,0,0,0,0,0,0,1,0,0,0
dubbo,org/apache/dubbo/common/convert/multiple/StringToArrayConverter,StringToArrayConverter,,C:/Users/ismak/Documents/GitHub/relation_test_code_smell_ML/dataset/projects/dubbo/dubbo-common/src/test/java/org/apache/dubbo/common/convert/multiple/StringToArrayConverterTest.java,0,0,1,4,0,0,0,0,0,0,1,1,1,0,0,0,0,0,0,0,0,0,0,0,0,0,0,0,0,0,0,1,0,0,0
dubbo,org/apache/dubbo/common/convert/multiple/StringToBlockingDequeConverter,StringToBlockingDequeConverter,,C:/Users/ismak/Documents/GitHub/relation_test_code_smell_ML/dataset/projects/dubbo/dubbo-common/src/test/java/org/apache/dubbo/common/convert/multiple/StringToBlockingDequeConverterTest.java,0,0,1,4,0,0,0,0,0,0,1,1,1,0,0,0,0,0,0,0,0,0,0,0,0,0,0,0,0,0,0,1,0,0,0
dubbo,org/apache/dubbo/common/convert/multiple/StringToBlockingQueueConverter,StringToBlockingQueueConverter,,C:/Users/ismak/Documents/GitHub/relation_test_code_smell_ML/dataset/projects/dubbo/dubbo-common/src/test/java/org/apache/dubbo/common/convert/multiple/StringToBlockingQueueConverterTest.java,0,0,1,4,0,0,0,0,0,0,1,1,1,0,0,0,0,0,0,0,0,0,0,0,0,0,0,0,0,0,0,1,0,0,0
dubbo,org/apache/dubbo/common/convert/multiple/StringToCollectionConverter,StringToCollectionConverter,,C:/Users/ismak/Documents/GitHub/relation_test_code_smell_ML/dataset/projects/dubbo/dubbo-common/src/test/java/org/apache/dubbo/common/convert/multiple/StringToCollectionConverterTest.java,0,0,1,4,0,0,0,0,0,0,1,1,1,0,0,0,0,0,0,0,0,0,0,0,0,0,0,0,0,0,0,1,0,0,0
dubbo,org/apache/dubbo/common/convert/multiple/StringToDequeConverter,StringToDequeConverter,,C:/Users/ismak/Documents/GitHub/relation_test_code_smell_ML/dataset/projects/dubbo/dubbo-common/src/test/java/org/apache/dubbo/common/convert/multiple/StringToDequeConverterTest.java,0,0,1,4,0,0,0,0,0,0,1,1,1,0,0,0,0,0,0,0,0,0,0,0,0,0,0,0,0,0,0,1,0,0,0
dubbo,org/apache/dubbo/common/convert/multiple/StringToListConverter,StringToListConverter,,C:/Users/ismak/Documents/GitHub/relation_test_code_smell_ML/dataset/projects/dubbo/dubbo-common/src/test/java/org/apache/dubbo/common/convert/multiple/StringToListConverterTest.java,0,0,1,4,0,0,0,0,0,0,1,1,1,0,0,0,0,0,0,0,0,0,0,0,0,0,0,0,0,0,0,1,0,0,0
dubbo,org/apache/dubbo/common/convert/multiple/StringToNavigableSetConverter,StringToNavigableSetConverter,,C:/Users/ismak/Documents/GitHub/relation_test_code_smell_ML/dataset/projects/dubbo/dubbo-common/src/test/java/org/apache/dubbo/common/convert/multiple/StringToNavigableSetConverterTest.java,0,0,1,4,0,0,0,0,0,0,1,1,1,0,0,0,0,0,0,0,0,0,0,0,0,0,0,0,0,0,0,1,0,0,0
dubbo,org/apache/dubbo/common/convert/multiple/StringToQueueConverter,StringToQueueConverter,,C:/Users/ismak/Documents/GitHub/relation_test_code_smell_ML/dataset/projects/dubbo/dubbo-common/src/test/java/org/apache/dubbo/common/convert/multiple/StringToQueueConverterTest.java,0,0,1,4,0,0,0,0,0,0,1,1,1,0,0,0,0,0,0,0,0,0,0,0,0,0,0,0,0,0,0,1,0,0,0
dubbo,org/apache/dubbo/common/convert/multiple/StringToSetConverter,StringToSetConverter,,C:/Users/ismak/Documents/GitHub/relation_test_code_smell_ML/dataset/projects/dubbo/dubbo-common/src/test/java/org/apache/dubbo/common/convert/multiple/StringToSetConverterTest.java,0,0,1,4,0,0,0,0,0,0,1,1,1,0,0,0,0,0,0,0,0,0,0,0,0,0,0,0,0,0,0,1,0,0,0
dubbo,org/apache/dubbo/common/convert/multiple/StringToSortedSetConverter,StringToSortedSetConverter,,C:/Users/ismak/Documents/GitHub/relation_test_code_smell_ML/dataset/projects/dubbo/dubbo-common/src/test/java/org/apache/dubbo/common/convert/multiple/StringToSortedSetConverterTest.java,0,0,1,4,0,0,0,0,0,0,1,1,1,0,0,0,0,0,0,0,0,0,0,0,0,0,0,0,0,0,0,1,0,0,0
dubbo,org/apache/dubbo/common/convert/multiple/StringToTransferQueueConverter,StringToTransferQueueConverter,,C:/Users/ismak/Documents/GitHub/relation_test_code_smell_ML/dataset/projects/dubbo/dubbo-common/src/test/java/org/apache/dubbo/common/convert/multiple/StringToTransferQueueConverterTest.java,0,0,1,4,0,0,0,0,0,0,1,1,1,0,0,0,0,0,0,0,0,0,0,0,0,0,0,0,0,0,0,1,0,0,0
dubbo,org/apache/dubbo/common/deploy/ApplicationDeployer,ApplicationDeployer,dataset/projects/dubbo/dubbo-common/src/main/java/org/apache/dubbo/common/deploy/ApplicationDeployer.java,,1,1,0,0,0,0,0,0,0,1,0,0,0,0,0,0,0,0,0,0,0,0,0,0,0,0,0,0,0,0,0,0,0,0,0
dubbo,org/apache/dubbo/common/extension/AdaptiveClassCodeGenerator,AdaptiveClassCodeGenerator,dataset/projects/dubbo/dubbo-common/src/main/java/org/apache/dubbo/common/extension/AdaptiveClassCodeGenerator.java,C:/Users/ismak/Documents/GitHub/relation_test_code_smell_ML/dataset/projects/dubbo/dubbo-common/src/test/java/org/apache/dubbo/common/extension/AdaptiveClassCodeGeneratorTest.java,1,4,1,4,0,2,0,1,0,1,1,1,1,0,0,0,0,0,0,0,0,0,0,0,0,0,0,0,0,0,0,1,0,0,0
dubbo,org/apache/dubbo/common/extension/Extension,Extension,,C:/Users/ismak/Documents/GitHub/relation_test_code_smell_ML/dataset/projects/dubbo/dubbo-compatible/src/test/java/org/apache/dubbo/common/extension/ExtensionTest.java,0,0,1,4,0,0,0,0,0,0,1,1,1,0,0,0,0,0,0,0,0,0,0,0,0,0,0,0,0,0,0,1,0,0,0
dubbo,org/apache/dubbo/common/extension/ExtensionDirector,ExtensionDirector,dataset/projects/dubbo/dubbo-common/src/main/java/org/apache/dubbo/common/extension/ExtensionDirector.java,C:/Users/ismak/Documents/GitHub/relation_test_code_smell_ML/dataset/projects/dubbo/dubbo-common/src/test/java/org/apache/dubbo/common/extension/ExtensionDirectorTest.java,1,1,1,4,0,1,0,0,0,0,1,1,1,0,0,0,0,0,0,0,0,0,0,0,0,0,0,0,0,0,0,1,0,0,0
dubbo,org/apache/dubbo/common/extension/ExtensionLoader,ExtensionLoader,dataset/projects/dubbo/dubbo-common/src/main/java/org/apache/dubbo/common/extension/ExtensionLoader.java,C:/Users/ismak/Documents/GitHub/relation_test_code_smell_ML/dataset/projects/dubbo/dubbo-common/src/test/java/org/apache/dubbo/common/extension/ExtensionLoaderTest.java,1,11,1,4,1,8,0,1,0,1,1,1,1,0,0,0,0,0,0,0,0,0,0,0,0,0,0,0,0,0,0,1,0,0,0
dubbo,org/apache/dubbo/common/extension/ExtensionLoader_Activate_,ExtensionLoader_Activate_,,C:/Users/ismak/Documents/GitHub/relation_test_code_smell_ML/dataset/projects/dubbo/dubbo-common/src/test/java/org/apache/dubbo/common/extension/ExtensionLoader_Activate_Test.java,0,0,1,4,0,0,0,0,0,0,1,1,1,0,0,0,0,0,0,0,0,0,0,0,0,0,0,0,0,0,0,1,0,0,0
dubbo,org/apache/dubbo/common/extension/ExtensionLoader_Adaptive_,ExtensionLoader_Adaptive_,,C:/Users/ismak/Documents/GitHub/relation_test_code_smell_ML/dataset/projects/dubbo/dubbo-common/src/test/java/org/apache/dubbo/common/extension/ExtensionLoader_Adaptive_Test.java,0,0,1,4,0,0,0,0,0,0,1,1,1,0,0,0,0,0,0,0,0,0,0,0,0,0,0,0,0,0,0,1,0,0,0
dubbo,org/apache/dubbo/common/extension/ExtensionLoader_Adaptive_UseJdkCompiler_,ExtensionLoader_Adaptive_UseJdkCompiler_,,C:/Users/ismak/Documents/GitHub/relation_test_code_smell_ML/dataset/projects/dubbo/dubbo-common/src/test/java/org/apache/dubbo/common/extension/ExtensionLoader_Adaptive_UseJdkCompiler_Test.java,0,0,1,3,0,0,0,0,0,0,1,1,1,0,0,0,0,0,0,0,0,0,0,0,0,0,0,0,0,0,0,0,0,0,0
dubbo,org/apache/dubbo/common/extension/ExtensionLoader_Compatible_,ExtensionLoader_Compatible_,,C:/Users/ismak/Documents/GitHub/relation_test_code_smell_ML/dataset/projects/dubbo/dubbo-common/src/test/java/org/apache/dubbo/common/extension/ExtensionLoader_Compatible_Test.java,0,0,1,4,0,0,0,0,0,0,1,1,1,0,0,0,0,0,0,0,0,0,0,0,0,0,0,0,0,0,0,1,0,0,0
dubbo,org/apache/dubbo/common/extension/director/impl/AppProvider,AppProvider,,C:/Users/ismak/Documents/GitHub/relation_test_code_smell_ML/dataset/projects/dubbo/dubbo-common/src/test/java/org/apache/dubbo/common/extension/director/impl/TestAppProvider.java,0,0,1,3,0,0,0,0,0,0,1,1,1,0,0,0,0,0,0,0,0,0,0,0,0,0,0,0,0,0,0,0,0,0,0
dubbo,org/apache/dubbo/common/extension/director/impl/AppService,AppService,,C:/Users/ismak/Documents/GitHub/relation_test_code_smell_ML/dataset/projects/dubbo/dubbo-common/src/test/java/org/apache/dubbo/common/extension/director/impl/TestAppService.java,0,0,1,3,0,0,0,0,0,0,1,1,1,0,0,0,0,0,0,0,0,0,0,0,0,0,0,0,0,0,0,0,0,0,0
dubbo,org/apache/dubbo/common/extension/director/impl/FrameworkProvider,FrameworkProvider,,C:/Users/ismak/Documents/GitHub/relation_test_code_smell_ML/dataset/projects/dubbo/dubbo-common/src/test/java/org/apache/dubbo/common/extension/director/impl/TestFrameworkProvider.java,0,0,1,3,0,0,0,0,0,0,1,1,1,0,0,0,0,0,0,0,0,0,0,0,0,0,0,0,0,0,0,0,0,0,0
dubbo,org/apache/dubbo/common/extension/director/impl/FrameworkService,FrameworkService,,C:/Users/ismak/Documents/GitHub/relation_test_code_smell_ML/dataset/projects/dubbo/dubbo-common/src/test/java/org/apache/dubbo/common/extension/director/impl/TestFrameworkService.java,0,0,1,3,0,0,0,0,0,0,1,1,1,0,0,0,0,0,0,0,0,0,0,0,0,0,0,0,0,0,0,0,0,0,0
dubbo,org/apache/dubbo/common/extension/director/impl/ModuleProvider,ModuleProvider,,C:/Users/ismak/Documents/GitHub/relation_test_code_smell_ML/dataset/projects/dubbo/dubbo-common/src/test/java/org/apache/dubbo/common/extension/director/impl/TestModuleProvider.java,0,0,1,3,0,0,0,0,0,0,1,1,1,0,0,0,0,0,0,0,0,0,0,0,0,0,0,0,0,0,0,0,0,0,0
dubbo,org/apache/dubbo/common/extension/director/impl/ModuleService,ModuleService,,C:/Users/ismak/Documents/GitHub/relation_test_code_smell_ML/dataset/projects/dubbo/dubbo-common/src/test/java/org/apache/dubbo/common/extension/director/impl/TestModuleService.java,0,0,1,3,0,0,0,0,0,0,1,1,1,0,0,0,0,0,0,0,0,0,0,0,0,0,0,0,0,0,0,0,0,0,0
dubbo,org/apache/dubbo/common/extension/inject/AdaptiveExtensionInjector,AdaptiveExtensionInjector,,C:/Users/ismak/Documents/GitHub/relation_test_code_smell_ML/dataset/projects/dubbo/dubbo-common/src/test/java/org/apache/dubbo/common/extension/inject/AdaptiveExtensionInjectorTest.java,0,0,1,4,0,0,0,0,0,0,1,1,1,0,0,0,0,0,0,0,0,0,0,0,0,0,0,0,0,0,0,1,0,0,0
dubbo,org/apache/dubbo/common/extension/support/ActivateComparator,ActivateComparator,dataset/projects/dubbo/dubbo-common/src/main/java/org/apache/dubbo/common/extension/support/ActivateComparator.java,C:/Users/ismak/Documents/GitHub/relation_test_code_smell_ML/dataset/projects/dubbo/dubbo-common/src/test/java/org/apache/dubbo/common/extension/support/ActivateComparatorTest.java,1,1,1,4,0,1,0,0,0,0,1,1,1,0,0,0,0,0,0,0,0,0,0,0,0,0,0,0,0,0,0,1,0,0,0
dubbo,org/apache/dubbo/common/extension/support/ActivateComparator,ActivateComparator,dataset/projects/dubbo/dubbo-common/src/main/java/org/apache/dubbo/common/extension/support/ActivateComparator.java,C:/Users/ismak/Documents/GitHub/relation_test_code_smell_ML/dataset/projects/dubbo/dubbo-compatible/src/test/java/org/apache/dubbo/common/extension/support/ActivateComparatorTest.java,1,1,1,4,0,1,0,0,0,0,1,1,1,0,0,0,0,0,0,0,0,0,0,0,0,0,0,0,0,0,0,1,0,0,0
dubbo,org/apache/dubbo/common/extension/wrapper/Wrapper,Wrapper,,C:/Users/ismak/Documents/GitHub/relation_test_code_smell_ML/dataset/projects/dubbo/dubbo-common/src/test/java/org/apache/dubbo/common/extension/wrapper/WrapperTest.java,0,0,1,4,0,0,0,0,0,0,1,1,1,0,0,0,0,0,0,0,0,0,0,0,0,0,0,0,0,0,0,1,0,0,0
dubbo,org/apache/dubbo/common/function/Predicates,Predicates,,C:/Users/ismak/Documents/GitHub/relation_test_code_smell_ML/dataset/projects/dubbo/dubbo-common/src/test/java/org/apache/dubbo/common/function/PredicatesTest.java,0,0,1,4,0,0,0,0,0,0,1,1,1,0,0,0,0,0,0,0,0,0,0,0,0,0,0,0,0,0,0,1,0,0,0
dubbo,org/apache/dubbo/common/function/Streams,Streams,,C:/Users/ismak/Documents/GitHub/relation_test_code_smell_ML/dataset/projects/dubbo/dubbo-common/src/test/java/org/apache/dubbo/common/function/StreamsTest.java,0,0,1,4,0,0,0,0,0,0,1,1,1,0,0,0,0,0,0,0,0,0,0,0,0,0,0,0,0,0,0,1,0,0,0
dubbo,org/apache/dubbo/common/function/ThrowableAction,ThrowableAction,,C:/Users/ismak/Documents/GitHub/relation_test_code_smell_ML/dataset/projects/dubbo/dubbo-common/src/test/java/org/apache/dubbo/common/function/ThrowableActionTest.java,0,0,1,4,0,0,0,0,0,0,1,1,1,0,0,0,0,0,0,0,0,0,0,0,0,0,0,0,0,0,0,1,0,0,0
dubbo,org/apache/dubbo/common/function/ThrowableConsumer,ThrowableConsumer,,C:/Users/ismak/Documents/GitHub/relation_test_code_smell_ML/dataset/projects/dubbo/dubbo-common/src/test/java/org/apache/dubbo/common/function/ThrowableConsumerTest.java,0,0,1,4,0,0,0,0,0,0,1,1,1,0,0,0,0,0,0,0,0,0,0,0,0,0,0,0,0,0,0,1,0,0,0
dubbo,org/apache/dubbo/common/function/ThrowableFunction,ThrowableFunction,,C:/Users/ismak/Documents/GitHub/relation_test_code_smell_ML/dataset/projects/dubbo/dubbo-common/src/test/java/org/apache/dubbo/common/function/ThrowableFunctionTest.java,0,0,1,4,0,0,0,0,0,0,1,1,1,0,0,0,0,0,0,0,0,0,0,0,0,0,0,0,0,0,0,1,0,0,0
dubbo,org/apache/dubbo/common/io/Bytes,Bytes,dataset/projects/dubbo/dubbo-common/src/main/java/org/apache/dubbo/common/io/Bytes.java,C:/Users/ismak/Documents/GitHub/relation_test_code_smell_ML/dataset/projects/dubbo/dubbo-common/src/test/java/org/apache/dubbo/common/io/BytesTest.java,1,7,1,4,0,5,0,1,0,1,1,1,1,0,0,0,0,0,0,0,0,0,0,0,0,0,0,0,0,0,0,1,0,0,0
dubbo,org/apache/dubbo/common/io/StreamUtils,StreamUtils,dataset/projects/dubbo/dubbo-common/src/main/java/org/apache/dubbo/common/io/StreamUtils.java,C:/Users/ismak/Documents/GitHub/relation_test_code_smell_ML/dataset/projects/dubbo/dubbo-common/src/test/java/org/apache/dubbo/common/io/StreamUtilsTest.java,1,1,1,4,0,1,0,0,0,0,1,1,1,0,0,0,0,0,0,0,0,0,0,0,0,0,0,0,0,0,0,1,0,0,0
dubbo,org/apache/dubbo/common/io/UnsafeByteArrayInputStream,UnsafeByteArrayInputStream,dataset/projects/dubbo/dubbo-common/src/main/java/org/apache/dubbo/common/io/UnsafeByteArrayInputStream.java,C:/Users/ismak/Documents/GitHub/relation_test_code_smell_ML/dataset/projects/dubbo/dubbo-common/src/test/java/org/apache/dubbo/common/io/UnsafeByteArrayInputStreamTest.java,1,2,1,4,0,1,0,0,0,1,1,1,1,0,0,0,0,0,0,0,0,0,0,0,0,0,0,0,0,0,0,1,0,0,0
dubbo,org/apache/dubbo/common/io/UnsafeByteArrayOutputStream,UnsafeByteArrayOutputStream,,C:/Users/ismak/Documents/GitHub/relation_test_code_smell_ML/dataset/projects/dubbo/dubbo-common/src/test/java/org/apache/dubbo/common/io/UnsafeByteArrayOutputStreamTest.java,0,0,1,4,0,0,0,0,0,0,1,1,1,0,0,0,0,0,0,0,0,0,0,0,0,0,0,0,0,0,0,1,0,0,0
dubbo,org/apache/dubbo/common/io/UnsafeStringReader,UnsafeStringReader,,C:/Users/ismak/Documents/GitHub/relation_test_code_smell_ML/dataset/projects/dubbo/dubbo-common/src/test/java/org/apache/dubbo/common/io/UnsafeStringReaderTest.java,0,0,1,4,0,0,0,0,0,0,1,1,1,0,0,0,0,0,0,0,0,0,0,0,0,0,0,0,0,0,0,1,0,0,0
dubbo,org/apache/dubbo/common/io/UnsafeStringWriter,UnsafeStringWriter,dataset/projects/dubbo/dubbo-common/src/main/java/org/apache/dubbo/common/io/UnsafeStringWriter.java,C:/Users/ismak/Documents/GitHub/relation_test_code_smell_ML/dataset/projects/dubbo/dubbo-common/src/test/java/org/apache/dubbo/common/io/UnsafeStringWriterTest.java,1,1,1,4,0,0,0,0,0,1,1,1,1,0,0,0,0,0,0,0,0,0,0,0,0,0,0,0,0,0,0,1,0,0,0
dubbo,org/apache/dubbo/common/json/GsonUtils,GsonUtils,,C:/Users/ismak/Documents/GitHub/relation_test_code_smell_ML/dataset/projects/dubbo/dubbo-common/src/test/java/org/apache/dubbo/common/json/GsonUtilsTest.java,0,0,1,4,0,0,0,0,0,0,1,1,1,0,0,0,0,0,0,0,0,0,0,0,0,0,0,0,0,0,0,1,0,0,0
dubbo,org/apache/dubbo/common/json/impl/FastJson2Impl,FastJson2Impl,,C:/Users/ismak/Documents/GitHub/relation_test_code_smell_ML/dataset/projects/dubbo/dubbo-common/src/test/java/org/apache/dubbo/common/json/impl/FastJson2ImplTest.java,0,0,1,4,0,0,0,0,0,0,1,1,1,0,0,0,0,0,0,0,0,0,0,0,0,0,0,0,0,0,0,1,0,0,0
dubbo,org/apache/dubbo/common/json/impl/FastJsonImpl,FastJsonImpl,,C:/Users/ismak/Documents/GitHub/relation_test_code_smell_ML/dataset/projects/dubbo/dubbo-common/src/test/java/org/apache/dubbo/common/json/impl/FastJsonImplTest.java,0,0,1,4,0,0,0,0,0,0,1,1,1,0,0,0,0,0,0,0,0,0,0,0,0,0,0,0,0,0,0,1,0,0,0
dubbo,org/apache/dubbo/common/json/impl/GsonImpl,GsonImpl,,C:/Users/ismak/Documents/GitHub/relation_test_code_smell_ML/dataset/projects/dubbo/dubbo-common/src/test/java/org/apache/dubbo/common/json/impl/GsonImplTest.java,0,0,1,4,0,0,0,0,0,0,1,1,1,0,0,0,0,0,0,0,0,0,0,0,0,0,0,0,0,0,0,1,0,0,0
dubbo,org/apache/dubbo/common/lang/Prioritized,Prioritized,,C:/Users/ismak/Documents/GitHub/relation_test_code_smell_ML/dataset/projects/dubbo/dubbo-common/src/test/java/org/apache/dubbo/common/lang/PrioritizedTest.java,0,0,1,4,0,0,0,0,0,0,1,1,1,0,0,0,0,0,0,0,0,0,0,0,0,0,0,0,0,0,0,1,0,0,0
dubbo,org/apache/dubbo/common/lang/ShutdownHookCallbacks,ShutdownHookCallbacks,,C:/Users/ismak/Documents/GitHub/relation_test_code_smell_ML/dataset/projects/dubbo/dubbo-common/src/test/java/org/apache/dubbo/common/lang/ShutdownHookCallbacksTest.java,0,0,1,4,0,0,0,0,0,0,1,1,1,0,0,0,0,0,0,0,0,0,0,0,0,0,0,0,0,0,0,1,0,0,0
dubbo,org/apache/dubbo/common/logger/FluentLogger,FluentLogger,dataset/projects/dubbo/dubbo-common/src/main/java/org/apache/dubbo/common/logger/FluentLogger.java,,1,1,0,0,0,0,0,0,0,1,0,0,0,0,0,0,0,0,0,0,0,0,0,0,0,0,0,0,0,0,0,0,0,0,0
dubbo,org/apache/dubbo/common/logger/FluentLoggerImpl,FluentLoggerImpl,dataset/projects/dubbo/dubbo-common/src/main/java/org/apache/dubbo/common/logger/FluentLoggerImpl.java,,1,2,0,0,0,1,0,0,0,1,0,0,0,0,0,0,0,0,0,0,0,0,0,0,0,0,0,0,0,0,0,0,0,0,0
dubbo,org/apache/dubbo/common/logger/Logger,Logger,dataset/projects/dubbo/dubbo-common/src/main/java/org/apache/dubbo/common/logger/Logger.java,C:/Users/ismak/Documents/GitHub/relation_test_code_smell_ML/dataset/projects/dubbo/dubbo-common/src/test/java/org/apache/dubbo/common/logger/LoggerTest.java,1,1,1,4,0,0,0,0,0,1,1,1,1,0,0,0,0,0,0,0,0,0,0,0,0,0,0,0,0,0,0,1,0,0,0
dubbo,org/apache/dubbo/common/logger/LoggerAdapter,LoggerAdapter,,C:/Users/ismak/Documents/GitHub/relation_test_code_smell_ML/dataset/projects/dubbo/dubbo-common/src/test/java/org/apache/dubbo/common/logger/LoggerAdapterTest.java,0,0,1,4,0,0,0,0,0,0,1,1,1,0,0,0,0,0,0,0,0,0,0,0,0,0,0,0,0,0,0,1,0,0,0
dubbo,org/apache/dubbo/common/logger/LoggerFactory,LoggerFactory,,C:/Users/ismak/Documents/GitHub/relation_test_code_smell_ML/dataset/projects/dubbo/dubbo-common/src/test/java/org/apache/dubbo/common/logger/LoggerFactoryTest.java,0,0,1,4,0,0,0,0,0,0,1,1,1,0,0,0,0,0,0,0,0,0,0,0,0,0,0,0,0,0,0,1,0,0,0
dubbo,org/apache/dubbo/common/logger/helpers/MessageFormatter,MessageFormatter,dataset/projects/dubbo/dubbo-common/src/main/java/org/apache/dubbo/common/logger/helpers/MessageFormatter.java,,1,3,0,0,0,1,0,1,0,1,0,0,0,0,0,0,0,0,0,0,0,0,0,0,0,0,0,0,0,0,0,0,0,0,0
dubbo,org/apache/dubbo/common/logger/jcl/JclLogger,JclLogger,dataset/projects/dubbo/dubbo-common/src/main/java/org/apache/dubbo/common/logger/jcl/JclLogger.java,,1,1,0,0,0,0,0,0,0,1,0,0,0,0,0,0,0,0,0,0,0,0,0,0,0,0,0,0,0,0,0,0,0,0,0
dubbo,org/apache/dubbo/common/logger/jdk/JdkLogger,JdkLogger,dataset/projects/dubbo/dubbo-common/src/main/java/org/apache/dubbo/common/logger/jdk/JdkLogger.java,,1,1,0,0,0,0,0,0,0,1,0,0,0,0,0,0,0,0,0,0,0,0,0,0,0,0,0,0,0,0,0,0,0,0,0
dubbo,org/apache/dubbo/common/logger/log4j/Log4jLogger,Log4jLogger,dataset/projects/dubbo/dubbo-common/src/main/java/org/apache/dubbo/common/logger/log4j/Log4jLogger.java,,1,1,0,0,0,0,0,0,0,1,0,0,0,0,0,0,0,0,0,0,0,0,0,0,0,0,0,0,0,0,0,0,0,0,0
dubbo,org/apache/dubbo/common/logger/log4j2/Log4j2Logger,Log4j2Logger,dataset/projects/dubbo/dubbo-common/src/main/java/org/apache/dubbo/common/logger/log4j2/Log4j2Logger.java,,1,1,0,0,0,0,0,0,0,1,0,0,0,0,0,0,0,0,0,0,0,0,0,0,0,0,0,0,0,0,0,0,0,0,0
dubbo,org/apache/dubbo/common/logger/slf4j/Slf4jLogger,Slf4jLogger,dataset/projects/dubbo/dubbo-common/src/main/java/org/apache/dubbo/common/logger/slf4j/Slf4jLogger.java,C:/Users/ismak/Documents/GitHub/relation_test_code_smell_ML/dataset/projects/dubbo/dubbo-common/src/test/java/org/apache/dubbo/common/logger/slf4j/Slf4jLoggerTest.java,1,1,1,4,0,0,0,0,0,1,1,1,1,0,0,0,0,0,0,0,0,0,0,0,0,0,0,0,0,0,0,1,0,0,0
dubbo,org/apache/dubbo/common/logger/support/FailsafeErrorTypeAwareLogger,FailsafeErrorTypeAwareLogger,,C:/Users/ismak/Documents/GitHub/relation_test_code_smell_ML/dataset/projects/dubbo/dubbo-common/src/test/java/org/apache/dubbo/common/logger/support/FailsafeErrorTypeAwareLoggerTest.java,0,0,1,4,0,0,0,0,0,0,1,1,1,0,0,0,0,0,0,0,0,0,0,0,0,0,0,0,0,0,0,1,0,0,0
dubbo,org/apache/dubbo/common/logger/support/FailsafeLogger,FailsafeLogger,dataset/projects/dubbo/dubbo-common/src/main/java/org/apache/dubbo/common/logger/support/FailsafeLogger.java,C:/Users/ismak/Documents/GitHub/relation_test_code_smell_ML/dataset/projects/dubbo/dubbo-common/src/test/java/org/apache/dubbo/common/logger/support/FailsafeLoggerTest.java,1,2,1,4,0,1,0,0,0,1,1,1,1,0,0,0,0,0,0,0,0,0,0,0,0,0,0,0,0,0,0,1,0,0,0
dubbo,org/apache/dubbo/common/profiler/Profiler,Profiler,,C:/Users/ismak/Documents/GitHub/relation_test_code_smell_ML/dataset/projects/dubbo/dubbo-common/src/test/java/org/apache/dubbo/common/profiler/ProfilerTest.java,0,0,1,4,0,0,0,0,0,0,1,1,1,0,0,0,0,0,0,0,0,0,0,0,0,0,0,0,0,0,0,1,0,0,0
dubbo,org/apache/dubbo/common/resource/GlobalResourcesRepository,GlobalResourcesRepository,dataset/projects/dubbo/dubbo-common/src/main/java/org/apache/dubbo/common/resource/GlobalResourcesRepository.java,C:/Users/ismak/Documents/GitHub/relation_test_code_smell_ML/dataset/projects/dubbo/dubbo-common/src/test/java/org/apache/dubbo/common/resource/GlobalResourcesRepositoryTest.java,1,1,1,4,0,1,0,0,0,0,1,1,1,0,0,0,0,0,0,0,0,0,0,0,0,0,0,0,0,0,0,1,0,0,0
dubbo,org/apache/dubbo/common/serialize/DataOutput,DataOutput,dataset/projects/dubbo/dubbo-serialization/dubbo-serialization-api/src/main/java/org/apache/dubbo/common/serialize/DataOutput.java,,1,1,0,0,0,0,0,0,0,1,0,0,0,0,0,0,0,0,0,0,0,0,0,0,0,0,0,0,0,0,0,0,0,0,0
dubbo,org/apache/dubbo/common/serialize/DefaultSerializationExceptionWrapper,DefaultSerializationExceptionWrapper,dataset/projects/dubbo/dubbo-serialization/dubbo-serialization-api/src/main/java/org/apache/dubbo/common/serialize/DefaultSerializationExceptionWrapper.java,,1,2,0,0,0,0,0,0,0,2,0,0,0,0,0,0,0,0,0,0,0,0,0,0,0,0,0,0,0,0,0,0,0,0,0
dubbo,org/apache/dubbo/common/serialize/fastjson2/FastJson2ObjectInput,FastJson2ObjectInput,dataset/projects/dubbo/dubbo-serialization/dubbo-serialization-fastjson2/src/main/java/org/apache/dubbo/common/serialize/fastjson2/FastJson2ObjectInput.java,,1,1,0,0,0,0,0,0,0,1,0,0,0,0,0,0,0,0,0,0,0,0,0,0,0,0,0,0,0,0,0,0,0,0,0
dubbo,org/apache/dubbo/common/serialize/fastjson2/FastJson2ObjectOutput,FastJson2ObjectOutput,dataset/projects/dubbo/dubbo-serialization/dubbo-serialization-fastjson2/src/main/java/org/apache/dubbo/common/serialize/fastjson2/FastJson2ObjectOutput.java,,1,1,0,0,0,0,0,0,0,1,0,0,0,0,0,0,0,0,0,0,0,0,0,0,0,0,0,0,0,0,0,0,0,0,0
dubbo,org/apache/dubbo/common/serialize/fastjson2/FastJson2Serialization,FastJson2Serialization,,C:/Users/ismak/Documents/GitHub/relation_test_code_smell_ML/dataset/projects/dubbo/dubbo-serialization/dubbo-serialization-fastjson2/src/test/java/org/apache/dubbo/common/serialize/fastjson2/FastJson2SerializationTest.java,0,0,1,4,0,0,0,0,0,0,1,1,1,0,0,0,0,0,0,0,0,0,0,0,0,0,0,0,0,0,0,1,0,0,0
dubbo,org/apache/dubbo/common/serialize/fastjson2/TypeMatch,TypeMatch,,C:/Users/ismak/Documents/GitHub/relation_test_code_smell_ML/dataset/projects/dubbo/dubbo-serialization/dubbo-serialization-fastjson2/src/test/java/org/apache/dubbo/common/serialize/fastjson2/TypeMatchTest.java,0,0,1,4,0,0,0,0,0,0,1,1,1,0,0,0,0,0,0,0,0,0,0,0,0,0,0,0,0,0,0,1,0,0,0
dubbo,org/apache/dubbo/common/serialize/hessian2/Hessian2ObjectInput,Hessian2ObjectInput,dataset/projects/dubbo/dubbo-serialization/dubbo-serialization-hessian2/src/main/java/org/apache/dubbo/common/serialize/hessian2/Hessian2ObjectInput.java,,1,1,0,0,0,0,0,0,0,1,0,0,0,0,0,0,0,0,0,0,0,0,0,0,0,0,0,0,0,0,0,0,0,0,0
dubbo,org/apache/dubbo/common/serialize/hessian2/Hessian2ObjectOutput,Hessian2ObjectOutput,dataset/projects/dubbo/dubbo-serialization/dubbo-serialization-hessian2/src/main/java/org/apache/dubbo/common/serialize/hessian2/Hessian2ObjectOutput.java,,1,1,0,0,0,0,0,0,0,1,0,0,0,0,0,0,0,0,0,0,0,0,0,0,0,0,0,0,0,0,0,0,0,0,0
dubbo,org/apache/dubbo/common/serialize/hessian2/Hessian2Serialization,Hessian2Serialization,,C:/Users/ismak/Documents/GitHub/relation_test_code_smell_ML/dataset/projects/dubbo/dubbo-serialization/dubbo-serialization-hessian2/src/test/java/org/apache/dubbo/common/serialize/hessian2/Hessian2SerializationTest.java,0,0,1,4,0,0,0,0,0,0,1,1,1,0,0,0,0,0,0,0,0,0,0,0,0,0,0,0,0,0,0,1,0,0,0
dubbo,org/apache/dubbo/common/serialize/hessian2/TypeMatch,TypeMatch,,C:/Users/ismak/Documents/GitHub/relation_test_code_smell_ML/dataset/projects/dubbo/dubbo-serialization/dubbo-serialization-hessian2/src/test/java/org/apache/dubbo/common/serialize/hessian2/TypeMatchTest.java,0,0,1,4,0,0,0,0,0,0,1,1,1,0,0,0,0,0,0,0,0,0,0,0,0,0,0,0,0,0,0,1,0,0,0
dubbo,org/apache/dubbo/common/ssl/CertManager,CertManager,,C:/Users/ismak/Documents/GitHub/relation_test_code_smell_ML/dataset/projects/dubbo/dubbo-common/src/test/java/org/apache/dubbo/common/ssl/CertManagerTest.java,0,0,1,4,0,0,0,0,0,0,1,1,1,0,0,0,0,0,0,0,0,0,0,0,0,0,0,0,0,0,0,1,0,0,0
dubbo,org/apache/dubbo/common/ssl/SSLConfigCertProvider,SSLConfigCertProvider,,C:/Users/ismak/Documents/GitHub/relation_test_code_smell_ML/dataset/projects/dubbo/dubbo-common/src/test/java/org/apache/dubbo/common/ssl/SSLConfigCertProviderTest.java,0,0,1,4,0,0,0,0,0,0,1,1,1,0,0,0,0,0,0,0,0,0,0,0,0,0,0,0,0,0,0,1,0,0,0
dubbo,org/apache/dubbo/common/status/Status,Status,,C:/Users/ismak/Documents/GitHub/relation_test_code_smell_ML/dataset/projects/dubbo/dubbo-common/src/test/java/org/apache/dubbo/common/status/StatusTest.java,0,0,1,4,0,0,0,0,0,0,1,1,1,0,0,0,0,0,0,0,0,0,0,0,0,0,0,0,0,0,0,1,0,0,0
dubbo,org/apache/dubbo/common/status/reporter/FrameworkStatusReportService,FrameworkStatusReportService,,C:/Users/ismak/Documents/GitHub/relation_test_code_smell_ML/dataset/projects/dubbo/dubbo-common/src/test/java/org/apache/dubbo/common/status/reporter/FrameworkStatusReportServiceTest.java,0,0,1,4,0,0,0,0,0,0,1,1,1,0,0,0,0,0,0,0,0,0,0,0,0,0,0,0,0,0,0,1,0,0,0
dubbo,org/apache/dubbo/common/status/support/LoadStatusChecker,LoadStatusChecker,,C:/Users/ismak/Documents/GitHub/relation_test_code_smell_ML/dataset/projects/dubbo/dubbo-common/src/test/java/org/apache/dubbo/common/status/support/LoadStatusCheckerTest.java,0,0,1,4,0,0,0,0,0,0,1,1,1,0,0,0,0,0,0,0,0,0,0,0,0,0,0,0,0,0,0,1,0,0,0
dubbo,org/apache/dubbo/common/status/support/MemoryStatusChecker,MemoryStatusChecker,,C:/Users/ismak/Documents/GitHub/relation_test_code_smell_ML/dataset/projects/dubbo/dubbo-common/src/test/java/org/apache/dubbo/common/status/support/MemoryStatusCheckerTest.java,0,0,1,4,0,0,0,0,0,0,1,1,1,0,0,0,0,0,0,0,0,0,0,0,0,0,0,0,0,0,0,1,0,0,0
dubbo,org/apache/dubbo/common/status/support/StatusUtils,StatusUtils,,C:/Users/ismak/Documents/GitHub/relation_test_code_smell_ML/dataset/projects/dubbo/dubbo-common/src/test/java/org/apache/dubbo/common/status/support/StatusUtilsTest.java,0,0,1,4,0,0,0,0,0,0,1,1,1,0,0,0,0,0,0,0,0,0,0,0,0,0,0,0,0,0,0,1,0,0,0
dubbo,org/apache/dubbo/common/store/support/SimpleDataStore,SimpleDataStore,,C:/Users/ismak/Documents/GitHub/relation_test_code_smell_ML/dataset/projects/dubbo/dubbo-common/src/test/java/org/apache/dubbo/common/store/support/SimpleDataStoreTest.java,0,0,1,4,0,0,0,0,0,0,1,1,1,0,0,0,0,0,0,0,0,0,0,0,0,0,0,0,0,0,0,1,0,0,0
dubbo,org/apache/dubbo/common/threadlocal/InternalThreadLocal,InternalThreadLocal,dataset/projects/dubbo/dubbo-common/src/main/java/org/apache/dubbo/common/threadlocal/InternalThreadLocal.java,C:/Users/ismak/Documents/GitHub/relation_test_code_smell_ML/dataset/projects/dubbo/dubbo-common/src/test/java/org/apache/dubbo/common/threadlocal/InternalThreadLocalTest.java,1,1,1,4,0,0,0,0,0,1,1,1,1,0,0,0,0,0,0,0,0,0,0,0,0,0,0,0,0,0,0,1,0,0,0
dubbo,org/apache/dubbo/common/threadlocal/InternalThreadLocalMap,InternalThreadLocalMap,dataset/projects/dubbo/dubbo-common/src/main/java/org/apache/dubbo/common/threadlocal/InternalThreadLocalMap.java,,1,1,0,0,0,0,0,0,0,1,0,0,0,0,0,0,0,0,0,0,0,0,0,0,0,0,0,0,0,0,0,0,0,0,0
dubbo,org/apache/dubbo/common/threadlocal/NamedInternalThreadFactory,NamedInternalThreadFactory,,C:/Users/ismak/Documents/GitHub/relation_test_code_smell_ML/dataset/projects/dubbo/dubbo-common/src/test/java/org/apache/dubbo/common/threadlocal/NamedInternalThreadFactoryTest.java,0,0,1,3,0,0,0,0,0,0,1,1,1,0,0,0,0,0,0,0,0,0,0,0,0,0,0,0,0,0,0,0,0,0,0
dubbo,org/apache/dubbo/common/threadpool/MemoryLimitedLinkedBlockingQueue,MemoryLimitedLinkedBlockingQueue,,C:/Users/ismak/Documents/GitHub/relation_test_code_smell_ML/dataset/projects/dubbo/dubbo-common/src/test/java/org/apache/dubbo/common/threadpool/MemoryLimitedLinkedBlockingQueueTest.java,0,0,1,4,0,0,0,0,0,0,1,1,1,0,0,0,0,0,0,0,0,0,0,0,0,0,0,0,0,0,0,1,0,0,0
dubbo,org/apache/dubbo/common/threadpool/MemoryLimiter,MemoryLimiter,dataset/projects/dubbo/dubbo-common/src/main/java/org/apache/dubbo/common/threadpool/MemoryLimiter.java,,1,1,0,0,0,0,0,0,0,1,0,0,0,0,0,0,0,0,0,0,0,0,0,0,0,0,0,0,0,0,0,0,0,0,0
dubbo,org/apache/dubbo/common/threadpool/MemorySafeLinkedBlockingQueue,MemorySafeLinkedBlockingQueue,,C:/Users/ismak/Documents/GitHub/relation_test_code_smell_ML/dataset/projects/dubbo/dubbo-common/src/test/java/org/apache/dubbo/common/threadpool/MemorySafeLinkedBlockingQueueTest.java,0,0,1,4,0,0,0,0,0,0,1,1,1,0,0,0,0,0,0,0,0,0,0,0,0,0,0,0,0,0,0,1,0,0,0
dubbo,org/apache/dubbo/common/threadpool/ThreadlessExecutor,ThreadlessExecutor,,C:/Users/ismak/Documents/GitHub/relation_test_code_smell_ML/dataset/projects/dubbo/dubbo-common/src/test/java/org/apache/dubbo/common/threadpool/ThreadlessExecutorTest.java,0,0,1,4,0,0,0,0,0,0,1,1,1,0,0,0,0,0,0,0,0,0,0,0,0,0,0,0,0,0,0,1,0,0,0
dubbo,org/apache/dubbo/common/threadpool/event/ThreadPoolExhaustedEvent,ThreadPoolExhaustedEvent,,C:/Users/ismak/Documents/GitHub/relation_test_code_smell_ML/dataset/projects/dubbo/dubbo-common/src/test/java/org/apache/dubbo/common/threadpool/event/ThreadPoolExhaustedEventTest.java,0,0,1,4,0,0,0,0,0,0,1,1,1,0,0,0,0,0,0,0,0,0,0,0,0,0,0,0,0,0,0,1,0,0,0
dubbo,org/apache/dubbo/common/threadpool/event/ThreadPoolExhaustedEventListener,ThreadPoolExhaustedEventListener,,C:/Users/ismak/Documents/GitHub/relation_test_code_smell_ML/dataset/projects/dubbo/dubbo-common/src/test/java/org/apache/dubbo/common/threadpool/event/ThreadPoolExhaustedEventListenerTest.java,0,0,1,4,0,0,0,0,0,0,1,1,1,0,0,0,0,0,0,0,0,0,0,0,0,0,0,0,0,0,0,1,0,0,0
dubbo,org/apache/dubbo/common/threadpool/manager/DefaultExecutorRepository,DefaultExecutorRepository,dataset/projects/dubbo/dubbo-common/src/main/java/org/apache/dubbo/common/threadpool/manager/DefaultExecutorRepository.java,,1,4,0,0,0,2,0,1,0,1,0,0,0,0,0,0,0,0,0,0,0,0,0,0,0,0,0,0,0,0,0,0,0,0,0
dubbo,org/apache/dubbo/common/threadpool/manager/ExecutorRepository,ExecutorRepository,,C:/Users/ismak/Documents/GitHub/relation_test_code_smell_ML/dataset/projects/dubbo/dubbo-common/src/test/java/org/apache/dubbo/common/threadpool/manager/ExecutorRepositoryTest.java,0,0,1,4,0,0,0,0,0,0,1,1,1,0,0,0,0,0,0,0,0,0,0,0,0,0,0,0,0,0,0,1,0,0,0
dubbo,org/apache/dubbo/common/threadpool/manager/FrameworkExecutorRepository,FrameworkExecutorRepository,,C:/Users/ismak/Documents/GitHub/relation_test_code_smell_ML/dataset/projects/dubbo/dubbo-common/src/test/java/org/apache/dubbo/common/threadpool/manager/FrameworkExecutorRepositoryTest.java,0,0,1,4,0,0,0,0,0,0,1,1,1,0,0,0,0,0,0,0,0,0,0,0,0,0,0,0,0,0,0,1,0,0,0
dubbo,org/apache/dubbo/common/threadpool/serial/SerializingExecutor,SerializingExecutor,,C:/Users/ismak/Documents/GitHub/relation_test_code_smell_ML/dataset/projects/dubbo/dubbo-common/src/test/java/org/apache/dubbo/common/threadpool/serial/SerializingExecutorTest.java,0,0,1,4,0,0,0,0,0,0,1,1,1,0,0,0,0,0,0,0,0,0,0,0,0,0,0,0,0,0,0,1,0,0,0
dubbo,org/apache/dubbo/common/threadpool/support/AbortPolicyWithReport,AbortPolicyWithReport,,C:/Users/ismak/Documents/GitHub/relation_test_code_smell_ML/dataset/projects/dubbo/dubbo-common/src/test/java/org/apache/dubbo/common/threadpool/support/AbortPolicyWithReportTest.java,0,0,1,4,0,0,0,0,0,0,1,1,1,0,0,0,0,0,0,0,0,0,0,0,0,0,0,0,0,0,0,1,0,0,0
dubbo,org/apache/dubbo/common/threadpool/support/cached/CachedThreadPool,CachedThreadPool,,C:/Users/ismak/Documents/GitHub/relation_test_code_smell_ML/dataset/projects/dubbo/dubbo-common/src/test/java/org/apache/dubbo/common/threadpool/support/cached/CachedThreadPoolTest.java,0,0,1,3,0,0,0,0,0,0,1,1,1,0,0,0,0,0,0,0,0,0,0,0,0,0,0,0,0,0,0,0,0,0,0
dubbo,org/apache/dubbo/common/threadpool/support/eager/EagerThreadPool,EagerThreadPool,,C:/Users/ismak/Documents/GitHub/relation_test_code_smell_ML/dataset/projects/dubbo/dubbo-common/src/test/java/org/apache/dubbo/common/threadpool/support/eager/EagerThreadPoolTest.java,0,0,1,3,0,0,0,0,0,0,1,1,1,0,0,0,0,0,0,0,0,0,0,0,0,0,0,0,0,0,0,0,0,0,0
dubbo,org/apache/dubbo/common/threadpool/support/eager/EagerThreadPoolExecutor,EagerThreadPoolExecutor,,C:/Users/ismak/Documents/GitHub/relation_test_code_smell_ML/dataset/projects/dubbo/dubbo-common/src/test/java/org/apache/dubbo/common/threadpool/support/eager/EagerThreadPoolExecutorTest.java,0,0,1,4,0,0,0,0,0,0,1,1,1,0,0,0,0,0,0,0,0,0,0,0,0,0,0,0,0,0,0,1,0,0,0
dubbo,org/apache/dubbo/common/threadpool/support/eager/TaskQueue,TaskQueue,,C:/Users/ismak/Documents/GitHub/relation_test_code_smell_ML/dataset/projects/dubbo/dubbo-common/src/test/java/org/apache/dubbo/common/threadpool/support/eager/TaskQueueTest.java,0,0,1,4,0,0,0,0,0,0,1,1,1,0,0,0,0,0,0,0,0,0,0,0,0,0,0,0,0,0,0,1,0,0,0
dubbo,org/apache/dubbo/common/threadpool/support/fixed/FixedThreadPool,FixedThreadPool,,C:/Users/ismak/Documents/GitHub/relation_test_code_smell_ML/dataset/projects/dubbo/dubbo-common/src/test/java/org/apache/dubbo/common/threadpool/support/fixed/FixedThreadPoolTest.java,0,0,1,4,0,0,0,0,0,0,1,1,1,0,0,0,0,0,0,0,0,0,0,0,0,0,0,0,0,0,0,1,0,0,0
dubbo,org/apache/dubbo/common/threadpool/support/limited/LimitedThreadPool,LimitedThreadPool,,C:/Users/ismak/Documents/GitHub/relation_test_code_smell_ML/dataset/projects/dubbo/dubbo-common/src/test/java/org/apache/dubbo/common/threadpool/support/limited/LimitedThreadPoolTest.java,0,0,1,3,0,0,0,0,0,0,1,1,1,0,0,0,0,0,0,0,0,0,0,0,0,0,0,0,0,0,0,0,0,0,0
dubbo,org/apache/dubbo/common/threadpool/support/loom/VirtualThreadPool,VirtualThreadPool,,C:/Users/ismak/Documents/GitHub/relation_test_code_smell_ML/dataset/projects/dubbo/dubbo-plugin/dubbo-plugin-loom/src/test/java/org/apache/dubbo/common/threadpool/support/loom/VirtualThreadPoolTest.java,0,0,1,3,0,0,0,0,0,0,1,1,1,0,0,0,0,0,0,0,0,0,0,0,0,0,0,0,0,0,0,0,0,0,0
dubbo,org/apache/dubbo/common/timer/HashedWheelTimer,HashedWheelTimer,dataset/projects/dubbo/dubbo-common/src/main/java/org/apache/dubbo/common/timer/HashedWheelTimer.java,C:/Users/ismak/Documents/GitHub/relation_test_code_smell_ML/dataset/projects/dubbo/dubbo-common/src/test/java/org/apache/dubbo/common/timer/HashedWheelTimerTest.java,1,3,1,3,0,2,0,1,0,0,1,1,1,0,0,0,0,0,0,0,0,0,0,0,0,0,0,0,0,0,0,0,0,0,0
dubbo,org/apache/dubbo/common/url/URLParam,URLParam,,C:/Users/ismak/Documents/GitHub/relation_test_code_smell_ML/dataset/projects/dubbo/dubbo-common/src/test/java/org/apache/dubbo/common/url/URLParamTest.java,0,0,1,4,0,0,0,0,0,0,1,1,1,0,0,0,0,0,0,0,0,0,0,0,0,0,0,0,0,0,0,1,0,0,0
dubbo,org/apache/dubbo/common/url/component/ServiceAddressURL,ServiceAddressURL,dataset/projects/dubbo/dubbo-common/src/main/java/org/apache/dubbo/common/url/component/ServiceAddressURL.java,,1,2,0,0,0,1,0,1,0,0,0,0,0,0,0,0,0,0,0,0,0,0,0,0,0,0,0,0,0,0,0,0,0,0,0
dubbo,org/apache/dubbo/common/url/component/ServiceConfigURL,ServiceConfigURL,dataset/projects/dubbo/dubbo-common/src/main/java/org/apache/dubbo/common/url/component/ServiceConfigURL.java,,1,2,0,0,0,1,0,0,0,1,0,0,0,0,0,0,0,0,0,0,0,0,0,0,0,0,0,0,0,0,0,0,0,0,0
dubbo,org/apache/dubbo/common/url/component/URLAddress,URLAddress,dataset/projects/dubbo/dubbo-common/src/main/java/org/apache/dubbo/common/url/component/URLAddress.java,,1,2,0,0,0,1,0,1,0,0,0,0,0,0,0,0,0,0,0,0,0,0,0,0,0,0,0,0,0,0,0,0,0,0,0
dubbo,org/apache/dubbo/common/url/component/URLParam,URLParam,dataset/projects/dubbo/dubbo-common/src/main/java/org/apache/dubbo/common/url/component/URLParam.java,,1,7,0,0,0,4,0,1,0,2,0,0,0,0,0,0,0,0,0,0,0,0,0,0,0,0,0,0,0,0,0,0,0,0,0
dubbo,org/apache/dubbo/common/utils/AllowClassNotifyListener,AllowClassNotifyListener,,C:/Users/ismak/Documents/GitHub/relation_test_code_smell_ML/dataset/projects/dubbo/dubbo-common/src/test/java/org/apache/dubbo/common/utils/TestAllowClassNotifyListener.java,0,0,1,3,0,0,0,0,0,0,1,1,1,0,0,0,0,0,0,0,0,0,0,0,0,0,0,0,0,0,0,0,0,0,0
dubbo,org/apache/dubbo/common/utils/AnnotationUtils,AnnotationUtils,dataset/projects/dubbo/dubbo-common/src/main/java/org/apache/dubbo/common/utils/AnnotationUtils.java,C:/Users/ismak/Documents/GitHub/relation_test_code_smell_ML/dataset/projects/dubbo/dubbo-common/src/test/java/org/apache/dubbo/common/utils/AnnotationUtilsTest.java,1,1,1,4,0,0,0,0,0,1,1,1,1,0,0,0,0,0,0,0,0,0,0,0,0,0,0,0,0,0,0,1,0,0,0
dubbo,org/apache/dubbo/common/utils/AnnotationUtils,AnnotationUtils,dataset/projects/dubbo/dubbo-common/src/main/java/org/apache/dubbo/common/utils/AnnotationUtils.java,C:/Users/ismak/Documents/GitHub/relation_test_code_smell_ML/dataset/projects/dubbo/dubbo-compatible/src/test/java/org/apache/dubbo/common/utils/AnnotationUtilsTest.java,1,1,1,4,0,0,0,0,0,1,1,1,1,0,0,0,0,0,0,0,0,0,0,0,0,0,0,0,0,0,0,1,0,0,0
dubbo,org/apache/dubbo/common/utils/ArrayUtils,ArrayUtils,,C:/Users/ismak/Documents/GitHub/relation_test_code_smell_ML/dataset/projects/dubbo/dubbo-common/src/test/java/org/apache/dubbo/common/utils/ArrayUtilsTest.java,0,0,1,3,0,0,0,0,0,0,1,1,1,0,0,0,0,0,0,0,0,0,0,0,0,0,0,0,0,0,0,0,0,0,0
dubbo,org/apache/dubbo/common/utils/Assert,Assert,,C:/Users/ismak/Documents/GitHub/relation_test_code_smell_ML/dataset/projects/dubbo/dubbo-common/src/test/java/org/apache/dubbo/common/utils/AssertTest.java,0,0,1,4,0,0,0,0,0,0,1,1,1,0,0,0,0,0,0,0,0,0,0,0,0,0,0,0,0,0,0,1,0,0,0
dubbo,org/apache/dubbo/common/utils/AtomicPositiveInteger,AtomicPositiveInteger,dataset/projects/dubbo/dubbo-common/src/main/java/org/apache/dubbo/common/utils/AtomicPositiveInteger.java,C:/Users/ismak/Documents/GitHub/relation_test_code_smell_ML/dataset/projects/dubbo/dubbo-common/src/test/java/org/apache/dubbo/common/utils/AtomicPositiveIntegerTest.java,1,1,1,4,0,0,0,0,0,1,1,1,1,0,0,0,0,0,0,0,0,0,0,0,0,0,0,0,0,0,0,1,0,0,0
dubbo,org/apache/dubbo/common/utils/CIDRUtils,CIDRUtils,,C:/Users/ismak/Documents/GitHub/relation_test_code_smell_ML/dataset/projects/dubbo/dubbo-common/src/test/java/org/apache/dubbo/common/utils/CIDRUtilsTest.java,0,0,1,4,0,0,0,0,0,0,1,1,1,0,0,0,0,0,0,0,0,0,0,0,0,0,0,0,0,0,0,1,0,0,0
dubbo,org/apache/dubbo/common/utils/ClassLoaderResourceLoader,ClassLoaderResourceLoader,dataset/projects/dubbo/dubbo-common/src/main/java/org/apache/dubbo/common/utils/ClassLoaderResourceLoader.java,C:/Users/ismak/Documents/GitHub/relation_test_code_smell_ML/dataset/projects/dubbo/dubbo-common/src/test/java/org/apache/dubbo/common/utils/ClassLoaderResourceLoaderTest.java,1,1,1,4,0,1,0,0,0,0,1,1,1,0,0,0,0,0,0,0,0,0,0,0,0,0,0,0,0,0,0,1,0,0,0
dubbo,org/apache/dubbo/common/utils/ClassUtils,ClassUtils,dataset/projects/dubbo/dubbo-common/src/main/java/org/apache/dubbo/common/utils/ClassUtils.java,C:/Users/ismak/Documents/GitHub/relation_test_code_smell_ML/dataset/projects/dubbo/dubbo-common/src/test/java/org/apache/dubbo/common/utils/ClassUtilsTest.java,1,4,1,4,0,2,0,1,0,1,1,1,1,0,0,0,0,0,0,0,0,0,0,0,0,0,0,0,0,0,0,1,0,0,0
dubbo,org/apache/dubbo/common/utils/CollectionUtils,CollectionUtils,dataset/projects/dubbo/dubbo-common/src/main/java/org/apache/dubbo/common/utils/CollectionUtils.java,C:/Users/ismak/Documents/GitHub/relation_test_code_smell_ML/dataset/projects/dubbo/dubbo-common/src/test/java/org/apache/dubbo/common/utils/CollectionUtilsTest.java,1,4,1,4,1,1,0,1,0,1,1,1,1,0,0,0,0,0,0,0,0,0,0,0,0,0,0,0,0,0,0,1,0,0,0
dubbo,org/apache/dubbo/common/utils/CompatibleTypeUtils,CompatibleTypeUtils,dataset/projects/dubbo/dubbo-common/src/main/java/org/apache/dubbo/common/utils/CompatibleTypeUtils.java,C:/Users/ismak/Documents/GitHub/relation_test_code_smell_ML/dataset/projects/dubbo/dubbo-common/src/test/java/org/apache/dubbo/common/utils/CompatibleTypeUtilsTest.java,1,2,1,4,0,1,0,1,0,0,1,1,1,0,0,0,0,0,0,0,0,0,0,0,0,0,0,0,0,0,0,1,0,0,0
dubbo,org/apache/dubbo/common/utils/ConcurrentHashMapUtils,ConcurrentHashMapUtils,,C:/Users/ismak/Documents/GitHub/relation_test_code_smell_ML/dataset/projects/dubbo/dubbo-common/src/test/java/org/apache/dubbo/common/utils/ConcurrentHashMapUtilsTest.java,0,0,1,6,0,0,0,0,0,0,1,1,1,0,1,0,0,0,0,0,0,0,0,0,0,0,0,0,0,1,0,0,0,1,0
dubbo,org/apache/dubbo/common/utils/ConfigUtils,ConfigUtils,dataset/projects/dubbo/dubbo-common/src/main/java/org/apache/dubbo/common/utils/ConfigUtils.java,C:/Users/ismak/Documents/GitHub/relation_test_code_smell_ML/dataset/projects/dubbo/dubbo-common/src/test/java/org/apache/dubbo/common/utils/ConfigUtilsTest.java,1,4,1,4,0,2,0,1,0,1,1,1,1,0,0,0,0,0,0,0,0,0,0,0,0,0,0,0,0,0,0,1,0,0,0
dubbo,org/apache/dubbo/common/utils/DateUtils,DateUtils,dataset/projects/dubbo/dubbo-common/src/main/java/org/apache/dubbo/common/utils/DateUtils.java,,1,2,0,0,0,1,0,0,0,1,0,0,0,0,0,0,0,0,0,0,0,0,0,0,0,0,0,0,0,0,0,0,0,0,0
dubbo,org/apache/dubbo/common/utils/DefaultPage,DefaultPage,,C:/Users/ismak/Documents/GitHub/relation_test_code_smell_ML/dataset/projects/dubbo/dubbo-common/src/test/java/org/apache/dubbo/common/utils/DefaultPageTest.java,0,0,1,4,0,0,0,0,0,0,1,1,1,0,0,0,0,0,0,0,0,0,0,0,0,0,0,0,0,0,0,1,0,0,0
dubbo,org/apache/dubbo/common/utils/DefaultSerializeClassChecker,DefaultSerializeClassChecker,dataset/projects/dubbo/dubbo-common/src/main/java/org/apache/dubbo/common/utils/DefaultSerializeClassChecker.java,C:/Users/ismak/Documents/GitHub/relation_test_code_smell_ML/dataset/projects/dubbo/dubbo-common/src/test/java/org/apache/dubbo/common/utils/DefaultSerializeClassCheckerTest.java,1,1,1,4,0,1,0,0,0,0,1,1,1,0,0,0,0,0,0,0,0,0,0,0,0,0,0,0,0,0,0,1,0,0,0
dubbo,org/apache/dubbo/common/utils/DubboAppender,DubboAppender,,C:/Users/ismak/Documents/GitHub/relation_test_code_smell_ML/dataset/projects/dubbo/dubbo-common/src/test/java/org/apache/dubbo/common/utils/DubboAppenderTest.java,0,0,1,4,0,0,0,0,0,0,1,1,1,0,0,0,0,0,0,0,0,0,0,0,0,0,0,0,0,0,0,1,0,0,0
dubbo,org/apache/dubbo/common/utils/ExecutorUtil,ExecutorUtil,,C:/Users/ismak/Documents/GitHub/relation_test_code_smell_ML/dataset/projects/dubbo/dubbo-common/src/test/java/org/apache/dubbo/common/utils/ExecutorUtilTest.java,0,0,1,4,0,0,0,0,0,0,1,1,1,0,0,0,0,0,0,0,0,0,0,0,0,0,0,0,0,0,0,1,0,0,0
dubbo,org/apache/dubbo/common/utils/FieldUtils,FieldUtils,,C:/Users/ismak/Documents/GitHub/relation_test_code_smell_ML/dataset/projects/dubbo/dubbo-common/src/test/java/org/apache/dubbo/common/utils/FieldUtilsTest.java,0,0,1,4,0,0,0,0,0,0,1,1,1,0,0,0,0,0,0,0,0,0,0,0,0,0,0,0,0,0,0,1,0,0,0
dubbo,org/apache/dubbo/common/utils/Holder,Holder,,C:/Users/ismak/Documents/GitHub/relation_test_code_smell_ML/dataset/projects/dubbo/dubbo-common/src/test/java/org/apache/dubbo/common/utils/HolderTest.java,0,0,1,4,0,0,0,0,0,0,1,1,1,0,0,0,0,0,0,0,0,0,0,0,0,0,0,0,0,0,0,1,0,0,0
dubbo,org/apache/dubbo/common/utils/IOUtils,IOUtils,dataset/projects/dubbo/dubbo-common/src/main/java/org/apache/dubbo/common/utils/IOUtils.java,C:/Users/ismak/Documents/GitHub/relation_test_code_smell_ML/dataset/projects/dubbo/dubbo-common/src/test/java/org/apache/dubbo/common/utils/IOUtilsTest.java,1,1,1,4,0,0,0,0,0,1,1,1,1,0,0,0,0,0,0,0,0,0,0,0,0,0,0,0,0,0,0,1,0,0,0
dubbo,org/apache/dubbo/common/utils/JRE,JRE,dataset/projects/dubbo/dubbo-common/src/main/java/org/apache/dubbo/common/utils/JRE.java,C:/Users/ismak/Documents/GitHub/relation_test_code_smell_ML/dataset/projects/dubbo/dubbo-common/src/test/java/org/apache/dubbo/common/utils/JRETest.java,1,1,1,4,0,1,0,0,0,0,1,1,1,0,0,0,0,0,0,0,0,0,0,0,0,0,0,0,0,0,0,1,0,0,0
dubbo,org/apache/dubbo/common/utils/JVMUtil,JVMUtil,dataset/projects/dubbo/dubbo-common/src/main/java/org/apache/dubbo/common/utils/JVMUtil.java,C:/Users/ismak/Documents/GitHub/relation_test_code_smell_ML/dataset/projects/dubbo/dubbo-common/src/test/java/org/apache/dubbo/common/utils/JVMUtilTest.java,1,1,1,3,0,1,0,0,0,0,1,1,1,0,0,0,0,0,0,0,0,0,0,0,0,0,0,0,0,0,0,0,0,0,0
dubbo,org/apache/dubbo/common/utils/JavassistParameterNameReader,JavassistParameterNameReader,,C:/Users/ismak/Documents/GitHub/relation_test_code_smell_ML/dataset/projects/dubbo/dubbo-common/src/test/java/org/apache/dubbo/common/utils/JavassistParameterNameReaderTest.java,0,0,1,3,0,0,0,0,0,0,1,1,1,0,0,0,0,0,0,0,0,0,0,0,0,0,0,0,0,0,0,0,0,0,0
dubbo,org/apache/dubbo/common/utils/JsonCompatibilityUtil,JsonCompatibilityUtil,dataset/projects/dubbo/dubbo-common/src/main/java/org/apache/dubbo/common/utils/JsonCompatibilityUtil.java,C:/Users/ismak/Documents/GitHub/relation_test_code_smell_ML/dataset/projects/dubbo/dubbo-common/src/test/java/org/apache/dubbo/common/utils/JsonCompatibilityUtilTest.java,1,1,1,5,0,1,0,0,0,0,1,1,1,0,0,0,0,0,0,1,0,0,0,0,0,0,0,0,0,0,1,0,0,0,0
dubbo,org/apache/dubbo/common/utils/JsonUtils,JsonUtils,dataset/projects/dubbo/dubbo-common/src/main/java/org/apache/dubbo/common/utils/JsonUtils.java,C:/Users/ismak/Documents/GitHub/relation_test_code_smell_ML/dataset/projects/dubbo/dubbo-common/src/test/java/org/apache/dubbo/common/utils/JsonUtilsTest.java,1,1,1,4,0,0,0,0,0,1,1,1,1,0,0,0,0,0,0,0,0,0,0,0,0,0,0,0,0,0,0,1,0,0,0
dubbo,org/apache/dubbo/common/utils/LFUCache,LFUCache,,C:/Users/ismak/Documents/GitHub/relation_test_code_smell_ML/dataset/projects/dubbo/dubbo-common/src/test/java/org/apache/dubbo/common/utils/LFUCacheTest.java,0,0,1,4,0,0,0,0,0,0,1,1,1,0,0,0,0,0,0,0,0,0,0,0,0,0,0,0,0,0,0,1,0,0,0
dubbo,org/apache/dubbo/common/utils/LRU2Cache,LRU2Cache,,C:/Users/ismak/Documents/GitHub/relation_test_code_smell_ML/dataset/projects/dubbo/dubbo-common/src/test/java/org/apache/dubbo/common/utils/LRU2CacheTest.java,0,0,1,4,0,0,0,0,0,0,1,1,1,0,0,0,0,0,0,0,0,0,0,0,0,0,0,0,0,0,0,1,0,0,0
dubbo,org/apache/dubbo/common/utils/LRUCache,LRUCache,dataset/projects/dubbo/dubbo-common/src/main/java/org/apache/dubbo/common/utils/LRUCache.java,C:/Users/ismak/Documents/GitHub/relation_test_code_smell_ML/dataset/projects/dubbo/dubbo-common/src/test/java/org/apache/dubbo/common/utils/LRUCacheTest.java,1,1,1,4,0,0,0,0,0,1,1,1,1,0,0,0,0,0,0,0,0,0,0,0,0,0,0,0,0,0,0,1,0,0,0
dubbo,org/apache/dubbo/common/utils/LockUtils,LockUtils,,C:/Users/ismak/Documents/GitHub/relation_test_code_smell_ML/dataset/projects/dubbo/dubbo-common/src/test/java/org/apache/dubbo/common/utils/LockUtilsTest.java,0,0,1,4,0,0,0,0,0,0,1,1,1,0,0,0,0,0,0,0,0,0,0,0,0,0,0,0,0,0,0,1,0,0,0
dubbo,org/apache/dubbo/common/utils/Log,Log,dataset/projects/dubbo/dubbo-common/src/main/java/org/apache/dubbo/common/utils/Log.java,C:/Users/ismak/Documents/GitHub/relation_test_code_smell_ML/dataset/projects/dubbo/dubbo-common/src/test/java/org/apache/dubbo/common/utils/LogTest.java,1,1,1,4,0,1,0,0,0,0,1,1,1,0,0,0,0,0,0,0,0,0,0,0,0,0,0,0,0,0,0,1,0,0,0
dubbo,org/apache/dubbo/common/utils/LogHelper,LogHelper,dataset/projects/dubbo/dubbo-common/src/main/java/org/apache/dubbo/common/utils/LogHelper.java,C:/Users/ismak/Documents/GitHub/relation_test_code_smell_ML/dataset/projects/dubbo/dubbo-common/src/test/java/org/apache/dubbo/common/utils/LogHelperTest.java,1,1,1,4,0,0,0,0,0,1,1,1,1,0,0,0,0,0,0,0,0,0,0,0,0,0,0,0,0,0,0,1,0,0,0
dubbo,org/apache/dubbo/common/utils/LogUtil,LogUtil,,C:/Users/ismak/Documents/GitHub/relation_test_code_smell_ML/dataset/projects/dubbo/dubbo-common/src/test/java/org/apache/dubbo/common/utils/LogUtilTest.java,0,0,1,4,0,0,0,0,0,0,1,1,1,0,0,0,0,0,0,0,0,0,0,0,0,0,0,0,0,0,0,1,0,0,0
dubbo,org/apache/dubbo/common/utils/MD5Utils,MD5Utils,,C:/Users/ismak/Documents/GitHub/relation_test_code_smell_ML/dataset/projects/dubbo/dubbo-common/src/test/java/org/apache/dubbo/common/utils/MD5UtilsTest.java,0,0,1,4,0,0,0,0,0,0,1,1,1,0,0,0,0,0,0,0,0,0,0,0,0,0,0,0,0,0,0,1,0,0,0
dubbo,org/apache/dubbo/common/utils/MemberUtils,MemberUtils,,C:/Users/ismak/Documents/GitHub/relation_test_code_smell_ML/dataset/projects/dubbo/dubbo-common/src/test/java/org/apache/dubbo/common/utils/MemberUtilsTest.java,0,0,1,4,0,0,0,0,0,0,1,1,1,0,0,0,0,0,0,0,0,0,0,0,0,0,0,0,0,0,0,1,0,0,0
dubbo,org/apache/dubbo/common/utils/MethodComparator,MethodComparator,,C:/Users/ismak/Documents/GitHub/relation_test_code_smell_ML/dataset/projects/dubbo/dubbo-common/src/test/java/org/apache/dubbo/common/utils/MethodComparatorTest.java,0,0,1,4,0,0,0,0,0,0,1,1,1,0,0,0,0,0,0,0,0,0,0,0,0,0,0,0,0,0,0,1,0,0,0
dubbo,org/apache/dubbo/common/utils/MethodUtils,MethodUtils,dataset/projects/dubbo/dubbo-common/src/main/java/org/apache/dubbo/common/utils/MethodUtils.java,C:/Users/ismak/Documents/GitHub/relation_test_code_smell_ML/dataset/projects/dubbo/dubbo-common/src/test/java/org/apache/dubbo/common/utils/MethodUtilsTest.java,1,2,1,4,0,1,0,0,0,1,1,1,1,0,0,0,0,0,0,0,0,0,0,0,0,0,0,0,0,0,0,1,0,0,0
dubbo,org/apache/dubbo/common/utils/NamedThreadFactory,NamedThreadFactory,,C:/Users/ismak/Documents/GitHub/relation_test_code_smell_ML/dataset/projects/dubbo/dubbo-common/src/test/java/org/apache/dubbo/common/utils/NamedThreadFactoryTest.java,0,0,1,5,0,0,0,0,0,0,1,1,1,0,1,0,0,0,0,0,0,0,0,0,0,0,0,0,0,0,0,1,0,0,0
dubbo,org/apache/dubbo/common/utils/NetUtils,NetUtils,dataset/projects/dubbo/dubbo-common/src/main/java/org/apache/dubbo/common/utils/NetUtils.java,C:/Users/ismak/Documents/GitHub/relation_test_code_smell_ML/dataset/projects/dubbo/dubbo-common/src/test/java/org/apache/dubbo/common/utils/NetUtilsTest.java,1,9,1,4,0,7,0,1,0,1,1,1,1,0,0,0,0,0,0,0,0,0,0,0,0,0,0,0,0,0,0,1,0,0,0
dubbo,org/apache/dubbo/common/utils/NetUtilsInterfaceDisplayNameHasMetaCharacters,NetUtilsInterfaceDisplayNameHasMetaCharacters,,C:/Users/ismak/Documents/GitHub/relation_test_code_smell_ML/dataset/projects/dubbo/dubbo-common/src/test/java/org/apache/dubbo/common/utils/NetUtilsInterfaceDisplayNameHasMetaCharactersTest.java,0,0,1,4,0,0,0,0,0,0,1,1,1,0,0,0,0,0,0,0,0,0,0,0,0,0,0,0,0,0,0,1,0,0,0
dubbo,org/apache/dubbo/common/utils/Parameters,Parameters,,C:/Users/ismak/Documents/GitHub/relation_test_code_smell_ML/dataset/projects/dubbo/dubbo-common/src/test/java/org/apache/dubbo/common/utils/ParametersTest.java,0,0,1,5,0,0,0,0,0,0,1,1,1,0,1,0,0,0,0,1,0,0,0,0,0,0,0,0,0,0,0,0,0,0,0
dubbo,org/apache/dubbo/common/utils/PathUtils,PathUtils,,C:/Users/ismak/Documents/GitHub/relation_test_code_smell_ML/dataset/projects/dubbo/dubbo-common/src/test/java/org/apache/dubbo/common/utils/PathUtilsTest.java,0,0,1,4,0,0,0,0,0,0,1,1,1,0,0,0,0,0,0,0,0,0,0,0,0,0,0,0,0,0,0,1,0,0,0
dubbo,org/apache/dubbo/common/utils/PojoUtils,PojoUtils,dataset/projects/dubbo/dubbo-common/src/main/java/org/apache/dubbo/common/utils/PojoUtils.java,C:/Users/ismak/Documents/GitHub/relation_test_code_smell_ML/dataset/projects/dubbo/dubbo-common/src/test/java/org/apache/dubbo/common/utils/PojoUtilsTest.java,1,7,1,7,1,4,0,1,0,1,1,1,1,0,1,0,0,0,0,1,0,0,0,0,0,0,0,0,0,1,0,1,0,0,0
dubbo,org/apache/dubbo/common/utils/ProtobufUtils,ProtobufUtils,,C:/Users/ismak/Documents/GitHub/relation_test_code_smell_ML/dataset/projects/dubbo/dubbo-common/src/test/java/org/apache/dubbo/common/utils/ProtobufUtilsTest.java,0,0,1,4,0,0,0,0,0,0,1,1,1,0,0,0,0,0,0,0,0,0,0,0,0,0,0,0,0,0,0,1,0,0,0
dubbo,org/apache/dubbo/common/utils/ReflectUtils,ReflectUtils,dataset/projects/dubbo/dubbo-common/src/main/java/org/apache/dubbo/common/utils/ReflectUtils.java,C:/Users/ismak/Documents/GitHub/relation_test_code_smell_ML/dataset/projects/dubbo/dubbo-common/src/test/java/org/apache/dubbo/common/utils/ReflectUtilsTest.java,1,11,1,4,1,8,0,1,0,1,1,1,1,0,0,0,0,0,0,0,0,0,0,0,0,0,0,0,0,0,0,1,0,0,0
dubbo,org/apache/dubbo/common/utils/ReflectionUtils,ReflectionUtils,dataset/projects/dubbo/dubbo-common/src/main/java/org/apache/dubbo/common/utils/ReflectionUtils.java,,1,1,0,0,0,1,0,0,0,0,0,0,0,0,0,0,0,0,0,0,0,0,0,0,0,0,0,0,0,0,0,0,0,0,0
dubbo,org/apache/dubbo/common/utils/RegexProperties,RegexProperties,,C:/Users/ismak/Documents/GitHub/relation_test_code_smell_ML/dataset/projects/dubbo/dubbo-common/src/test/java/org/apache/dubbo/common/utils/RegexPropertiesTest.java,0,0,1,4,0,0,0,0,0,0,1,1,1,0,0,0,0,0,0,0,0,0,0,0,0,0,0,0,0,0,0,1,0,0,0
dubbo,org/apache/dubbo/common/utils/SerializeSecurityConfigurator,SerializeSecurityConfigurator,dataset/projects/dubbo/dubbo-common/src/main/java/org/apache/dubbo/common/utils/SerializeSecurityConfigurator.java,C:/Users/ismak/Documents/GitHub/relation_test_code_smell_ML/dataset/projects/dubbo/dubbo-common/src/test/java/org/apache/dubbo/common/utils/SerializeSecurityConfiguratorTest.java,1,4,1,4,0,2,0,1,0,1,1,1,1,0,0,0,0,0,0,0,0,0,0,0,0,0,0,0,0,0,0,1,0,0,0
dubbo,org/apache/dubbo/common/utils/SerializeSecurityManager,SerializeSecurityManager,dataset/projects/dubbo/dubbo-common/src/main/java/org/apache/dubbo/common/utils/SerializeSecurityManager.java,C:/Users/ismak/Documents/GitHub/relation_test_code_smell_ML/dataset/projects/dubbo/dubbo-common/src/test/java/org/apache/dubbo/common/utils/SerializeSecurityManagerTest.java,1,1,1,4,0,0,0,0,0,1,1,1,1,0,0,0,0,0,0,0,0,0,0,0,0,0,0,0,0,0,0,1,0,0,0
dubbo,org/apache/dubbo/common/utils/Stack,Stack,,C:/Users/ismak/Documents/GitHub/relation_test_code_smell_ML/dataset/projects/dubbo/dubbo-common/src/test/java/org/apache/dubbo/common/utils/StackTest.java,0,0,1,4,0,0,0,0,0,0,1,1,1,0,0,0,0,0,0,0,0,0,0,0,0,0,0,0,0,0,0,1,0,0,0
dubbo,org/apache/dubbo/common/utils/StringConstantFieldValuePredicate,StringConstantFieldValuePredicate,,C:/Users/ismak/Documents/GitHub/relation_test_code_smell_ML/dataset/projects/dubbo/dubbo-common/src/test/java/org/apache/dubbo/common/utils/StringConstantFieldValuePredicateTest.java,0,0,1,4,0,0,0,0,0,0,1,1,1,0,0,0,0,0,0,0,0,0,0,0,0,0,0,0,0,0,0,1,0,0,0
dubbo,org/apache/dubbo/common/utils/StringUtils,StringUtils,dataset/projects/dubbo/dubbo-common/src/main/java/org/apache/dubbo/common/utils/StringUtils.java,C:/Users/ismak/Documents/GitHub/relation_test_code_smell_ML/dataset/projects/dubbo/dubbo-common/src/test/java/org/apache/dubbo/common/utils/StringUtilsTest.java,1,8,1,4,0,6,0,1,0,1,1,1,1,0,0,0,0,0,0,0,0,0,0,0,0,0,0,0,0,0,0,1,0,0,0
dubbo,org/apache/dubbo/common/utils/SystemPropertyConfigUtils,SystemPropertyConfigUtils,,C:/Users/ismak/Documents/GitHub/relation_test_code_smell_ML/dataset/projects/dubbo/dubbo-common/src/test/java/org/apache/dubbo/common/utils/SystemPropertyConfigUtilsTest.java,0,0,1,3,0,0,0,0,0,0,1,1,1,0,0,0,0,0,0,0,0,0,0,0,0,0,0,0,0,0,0,0,0,0,0
dubbo,org/apache/dubbo/common/utils/TimeUtils,TimeUtils,,C:/Users/ismak/Documents/GitHub/relation_test_code_smell_ML/dataset/projects/dubbo/dubbo-common/src/test/java/org/apache/dubbo/common/utils/TimeUtilsTest.java,0,0,1,4,0,0,0,0,0,0,1,1,1,0,0,0,0,0,0,0,0,0,0,0,0,0,0,0,0,0,0,1,0,0,0
dubbo,org/apache/dubbo/common/utils/ToStringUtils,ToStringUtils,dataset/projects/dubbo/dubbo-common/src/main/java/org/apache/dubbo/common/utils/ToStringUtils.java,,1,1,0,0,0,1,0,0,0,0,0,0,0,0,0,0,0,0,0,0,0,0,0,0,0,0,0,0,0,0,0,0,0,0,0
dubbo,org/apache/dubbo/common/utils/UrlUtils,UrlUtils,dataset/projects/dubbo/dubbo-common/src/main/java/org/apache/dubbo/common/utils/UrlUtils.java,C:/Users/ismak/Documents/GitHub/relation_test_code_smell_ML/dataset/projects/dubbo/dubbo-common/src/test/java/org/apache/dubbo/common/utils/UrlUtilsTest.java,1,6,1,7,0,4,0,1,0,1,1,1,1,0,1,0,0,0,0,1,0,0,0,0,0,0,0,0,0,0,0,1,0,1,0
dubbo,org/apache/dubbo/common/utils/Utf8Utils,Utf8Utils,dataset/projects/dubbo/dubbo-common/src/main/java/org/apache/dubbo/common/utils/Utf8Utils.java,,1,1,0,0,0,1,0,0,0,0,0,0,0,0,0,0,0,0,0,0,0,0,0,0,0,0,0,0,0,0,0,0,0,0,0
dubbo,org/apache/dubbo/common/utils/json/ObjectA,ObjectA,,C:/Users/ismak/Documents/GitHub/relation_test_code_smell_ML/dataset/projects/dubbo/dubbo-common/src/test/java/org/apache/dubbo/common/utils/json/TestObjectA.java,0,0,1,4,0,0,0,0,0,0,1,1,1,0,0,0,1,0,0,0,0,0,0,0,0,0,0,0,0,0,0,0,0,0,0
dubbo,org/apache/dubbo/common/utils/json/ObjectB,ObjectB,,C:/Users/ismak/Documents/GitHub/relation_test_code_smell_ML/dataset/projects/dubbo/dubbo-common/src/test/java/org/apache/dubbo/common/utils/json/TestObjectB.java,0,0,1,3,0,0,0,0,0,0,1,1,1,0,0,0,0,0,0,0,0,0,0,0,0,0,0,0,0,0,0,0,0,0,0
dubbo,org/apache/dubbo/common/version/Version,Version,,C:/Users/ismak/Documents/GitHub/relation_test_code_smell_ML/dataset/projects/dubbo/dubbo-common/src/test/java/org/apache/dubbo/common/version/VersionTest.java,0,0,1,4,0,0,0,0,0,0,1,1,1,0,0,0,0,0,0,0,0,0,0,0,0,0,0,0,0,0,0,1,0,0,0
dubbo,org/apache/dubbo/config/AbstractConfig,AbstractConfig,dataset/projects/dubbo/dubbo-common/src/main/java/org/apache/dubbo/config/AbstractConfig.java,C:/Users/ismak/Documents/GitHub/relation_test_code_smell_ML/dataset/projects/dubbo/dubbo-config/dubbo-config-api/src/test/java/org/apache/dubbo/config/AbstractConfigTest.java,1,8,1,8,1,5,0,1,0,1,1,1,1,0,1,0,0,0,0,1,0,0,0,0,1,0,0,0,0,0,0,1,0,1,0
dubbo,org/apache/dubbo/config/AbstractInterfaceConfig,AbstractInterfaceConfig,dataset/projects/dubbo/dubbo-common/src/main/java/org/apache/dubbo/config/AbstractInterfaceConfig.java,C:/Users/ismak/Documents/GitHub/relation_test_code_smell_ML/dataset/projects/dubbo/dubbo-common/src/test/java/org/apache/dubbo/config/AbstractInterfaceConfigTest.java,1,7,1,5,1,3,0,1,1,1,1,1,1,0,0,0,0,0,0,0,0,0,0,0,0,0,0,0,0,0,0,1,1,0,0
dubbo,org/apache/dubbo/config/AbstractMethodConfig,AbstractMethodConfig,,C:/Users/ismak/Documents/GitHub/relation_test_code_smell_ML/dataset/projects/dubbo/dubbo-config/dubbo-config-api/src/test/java/org/apache/dubbo/config/AbstractMethodConfigTest.java,0,0,1,4,0,0,0,0,0,0,1,1,1,0,0,0,0,0,0,0,0,0,0,0,0,0,0,0,0,0,0,1,0,0,0
dubbo,org/apache/dubbo/config/AbstractReferenceConfig,AbstractReferenceConfig,,C:/Users/ismak/Documents/GitHub/relation_test_code_smell_ML/dataset/projects/dubbo/dubbo-config/dubbo-config-api/src/test/java/org/apache/dubbo/config/AbstractReferenceConfigTest.java,0,0,1,4,0,0,0,0,0,0,1,1,1,0,0,0,0,0,0,0,0,0,0,0,0,0,0,0,0,0,0,1,0,0,0
dubbo,org/apache/dubbo/config/AbstractServiceConfig,AbstractServiceConfig,dataset/projects/dubbo/dubbo-common/src/main/java/org/apache/dubbo/config/AbstractServiceConfig.java,C:/Users/ismak/Documents/GitHub/relation_test_code_smell_ML/dataset/projects/dubbo/dubbo-config/dubbo-config-api/src/test/java/org/apache/dubbo/config/AbstractServiceConfigTest.java,1,1,1,4,0,0,0,0,1,0,1,1,1,0,0,0,0,0,0,0,0,0,0,0,0,0,0,0,0,0,0,1,0,0,0
dubbo,org/apache/dubbo/config/ApplicationConfig,ApplicationConfig,dataset/projects/dubbo/dubbo-common/src/main/java/org/apache/dubbo/config/ApplicationConfig.java,C:/Users/ismak/Documents/GitHub/relation_test_code_smell_ML/dataset/projects/dubbo/dubbo-compatible/src/test/java/org/apache/dubbo/config/ApplicationConfigTest.java,1,3,1,4,0,1,0,1,1,0,1,1,1,0,0,0,0,0,0,0,0,0,0,0,0,0,0,0,0,0,0,1,0,0,0
dubbo,org/apache/dubbo/config/ApplicationConfig,ApplicationConfig,dataset/projects/dubbo/dubbo-common/src/main/java/org/apache/dubbo/config/ApplicationConfig.java,C:/Users/ismak/Documents/GitHub/relation_test_code_smell_ML/dataset/projects/dubbo/dubbo-config/dubbo-config-api/src/test/java/org/apache/dubbo/config/ApplicationConfigTest.java,1,3,1,4,0,1,0,1,1,0,1,1,1,0,0,0,0,0,0,0,0,0,0,0,0,0,0,0,0,0,0,1,0,0,0
dubbo,org/apache/dubbo/config/ArgumentConfig,ArgumentConfig,,C:/Users/ismak/Documents/GitHub/relation_test_code_smell_ML/dataset/projects/dubbo/dubbo-compatible/src/test/java/org/apache/dubbo/config/ArgumentConfigTest.java,0,0,1,4,0,0,0,0,0,0,1,1,1,0,0,0,0,0,0,0,0,0,0,0,0,0,0,0,0,0,0,1,0,0,0
dubbo,org/apache/dubbo/config/ArgumentConfig,ArgumentConfig,,C:/Users/ismak/Documents/GitHub/relation_test_code_smell_ML/dataset/projects/dubbo/dubbo-config/dubbo-config-api/src/test/java/org/apache/dubbo/config/ArgumentConfigTest.java,0,0,1,4,0,0,0,0,0,0,1,1,1,0,0,0,0,0,0,0,0,0,0,0,0,0,0,0,0,0,0,1,0,0,0
dubbo,org/apache/dubbo/config/Config,Config,,C:/Users/ismak/Documents/GitHub/relation_test_code_smell_ML/dataset/projects/dubbo/dubbo-compatible/src/test/java/org/apache/dubbo/config/ConfigTest.java,0,0,1,4,0,0,0,0,0,0,1,1,1,0,0,0,0,0,0,0,0,0,0,0,0,0,0,0,0,0,0,1,0,0,0
dubbo,org/apache/dubbo/config/ConfigCenterConfig,ConfigCenterConfig,dataset/projects/dubbo/dubbo-common/src/main/java/org/apache/dubbo/config/ConfigCenterConfig.java,C:/Users/ismak/Documents/GitHub/relation_test_code_smell_ML/dataset/projects/dubbo/dubbo-config/dubbo-config-api/src/test/java/org/apache/dubbo/config/ConfigCenterConfigTest.java,1,2,1,4,0,0,0,1,1,0,1,1,1,0,0,0,0,0,0,0,0,0,0,0,0,0,0,0,0,0,0,1,0,0,0
dubbo,org/apache/dubbo/config/ConfigScopeModelInitializer,ConfigScopeModelInitializer,,C:/Users/ismak/Documents/GitHub/relation_test_code_smell_ML/dataset/projects/dubbo/dubbo-config/dubbo-config-api/src/test/java/org/apache/dubbo/config/ConfigScopeModelInitializerTest.java,0,0,1,4,0,0,0,0,0,0,1,1,1,0,0,0,0,0,0,0,0,0,0,0,0,0,0,0,0,0,0,1,0,0,0
dubbo,org/apache/dubbo/config/ConsumerConfig,ConsumerConfig,,C:/Users/ismak/Documents/GitHub/relation_test_code_smell_ML/dataset/projects/dubbo/dubbo-compatible/src/test/java/org/apache/dubbo/config/ConsumerConfigTest.java,0,0,1,4,0,0,0,0,0,0,1,1,1,0,0,0,0,0,0,0,0,0,0,0,0,0,0,0,0,0,0,1,0,0,0
dubbo,org/apache/dubbo/config/ConsumerConfig,ConsumerConfig,,C:/Users/ismak/Documents/GitHub/relation_test_code_smell_ML/dataset/projects/dubbo/dubbo-config/dubbo-config-api/src/test/java/org/apache/dubbo/config/ConsumerConfigTest.java,0,0,1,4,0,0,0,0,0,0,1,1,1,0,0,0,0,0,0,0,0,0,0,0,0,0,0,0,0,0,0,1,0,0,0
dubbo,org/apache/dubbo/config/DubboShutdownHook,DubboShutdownHook,dataset/projects/dubbo/dubbo-config/dubbo-config-api/src/main/java/org/apache/dubbo/config/DubboShutdownHook.java,C:/Users/ismak/Documents/GitHub/relation_test_code_smell_ML/dataset/projects/dubbo/dubbo-config/dubbo-config-api/src/test/java/org/apache/dubbo/config/DubboShutdownHookTest.java,1,1,1,6,0,1,0,0,0,0,1,1,1,0,1,1,0,0,0,1,0,0,0,0,0,0,0,0,0,0,0,0,0,0,0
dubbo,org/apache/dubbo/config/MetadataReportConfig,MetadataReportConfig,dataset/projects/dubbo/dubbo-common/src/main/java/org/apache/dubbo/config/MetadataReportConfig.java,C:/Users/ismak/Documents/GitHub/relation_test_code_smell_ML/dataset/projects/dubbo/dubbo-config/dubbo-config-api/src/test/java/org/apache/dubbo/config/MetadataReportConfigTest.java,1,2,1,4,0,0,0,1,1,0,1,1,1,0,0,0,0,0,0,0,0,0,0,0,0,0,0,0,0,0,0,1,0,0,0
dubbo,org/apache/dubbo/config/MethodConfig,MethodConfig,dataset/projects/dubbo/dubbo-common/src/main/java/org/apache/dubbo/config/MethodConfig.java,C:/Users/ismak/Documents/GitHub/relation_test_code_smell_ML/dataset/projects/dubbo/dubbo-compatible/src/test/java/org/apache/dubbo/config/MethodConfigTest.java,1,6,1,4,0,4,0,1,1,0,1,1,1,0,0,0,0,0,0,0,0,0,0,0,0,0,0,0,0,0,0,1,0,0,0
dubbo,org/apache/dubbo/config/MethodConfig,MethodConfig,dataset/projects/dubbo/dubbo-common/src/main/java/org/apache/dubbo/config/MethodConfig.java,C:/Users/ismak/Documents/GitHub/relation_test_code_smell_ML/dataset/projects/dubbo/dubbo-config/dubbo-config-api/src/test/java/org/apache/dubbo/config/MethodConfigTest.java,1,6,1,4,0,4,0,1,1,0,1,1,1,0,0,0,0,0,0,0,0,0,0,0,0,0,0,0,0,0,0,1,0,0,0
dubbo,org/apache/dubbo/config/MetricsConfig,MetricsConfig,dataset/projects/dubbo/dubbo-common/src/main/java/org/apache/dubbo/config/MetricsConfig.java,C:/Users/ismak/Documents/GitHub/relation_test_code_smell_ML/dataset/projects/dubbo/dubbo-config/dubbo-config-api/src/test/java/org/apache/dubbo/config/MetricsConfigTest.java,1,1,1,4,0,0,0,0,1,0,1,1,1,0,0,0,0,0,0,0,0,0,0,0,0,0,0,0,0,0,0,1,0,0,0
dubbo,org/apache/dubbo/config/ModuleConfig,ModuleConfig,,C:/Users/ismak/Documents/GitHub/relation_test_code_smell_ML/dataset/projects/dubbo/dubbo-compatible/src/test/java/org/apache/dubbo/config/ModuleConfigTest.java,0,0,1,4,0,0,0,0,0,0,1,1,1,0,0,0,0,0,0,0,0,0,0,0,0,0,0,0,0,0,0,1,0,0,0
dubbo,org/apache/dubbo/config/ModuleConfig,ModuleConfig,,C:/Users/ismak/Documents/GitHub/relation_test_code_smell_ML/dataset/projects/dubbo/dubbo-config/dubbo-config-api/src/test/java/org/apache/dubbo/config/ModuleConfigTest.java,0,0,1,4,0,0,0,0,0,0,1,1,1,0,0,0,0,0,0,0,0,0,0,0,0,0,0,0,0,0,0,1,0,0,0
dubbo,org/apache/dubbo/config/MonitorConfig,MonitorConfig,,C:/Users/ismak/Documents/GitHub/relation_test_code_smell_ML/dataset/projects/dubbo/dubbo-config/dubbo-config-api/src/test/java/org/apache/dubbo/config/MonitorConfigTest.java,0,0,1,4,0,0,0,0,0,0,1,1,1,0,0,0,0,0,0,0,0,0,0,0,0,0,0,0,0,0,0,1,0,0,0
dubbo,org/apache/dubbo/config/ProtocolConfig,ProtocolConfig,dataset/projects/dubbo/dubbo-common/src/main/java/org/apache/dubbo/config/ProtocolConfig.java,C:/Users/ismak/Documents/GitHub/relation_test_code_smell_ML/dataset/projects/dubbo/dubbo-compatible/src/test/java/org/apache/dubbo/config/ProtocolConfigTest.java,1,2,1,4,0,1,0,0,1,0,1,1,1,0,0,0,0,0,0,0,0,0,0,0,0,0,0,0,0,0,0,1,0,0,0
dubbo,org/apache/dubbo/config/ProtocolConfig,ProtocolConfig,dataset/projects/dubbo/dubbo-common/src/main/java/org/apache/dubbo/config/ProtocolConfig.java,C:/Users/ismak/Documents/GitHub/relation_test_code_smell_ML/dataset/projects/dubbo/dubbo-config/dubbo-config-api/src/test/java/org/apache/dubbo/config/ProtocolConfigTest.java,1,2,1,4,0,1,0,0,1,0,1,1,1,0,0,0,0,0,0,0,0,0,0,0,0,0,0,0,0,0,0,1,0,0,0
dubbo,org/apache/dubbo/config/ProviderConfig,ProviderConfig,dataset/projects/dubbo/dubbo-common/src/main/java/org/apache/dubbo/config/ProviderConfig.java,C:/Users/ismak/Documents/GitHub/relation_test_code_smell_ML/dataset/projects/dubbo/dubbo-compatible/src/test/java/org/apache/dubbo/config/ProviderConfigTest.java,1,1,1,4,0,0,0,0,1,0,1,1,1,0,0,0,0,0,0,0,0,0,0,0,0,0,0,0,0,0,0,1,0,0,0
dubbo,org/apache/dubbo/config/ProviderConfig,ProviderConfig,dataset/projects/dubbo/dubbo-common/src/main/java/org/apache/dubbo/config/ProviderConfig.java,C:/Users/ismak/Documents/GitHub/relation_test_code_smell_ML/dataset/projects/dubbo/dubbo-config/dubbo-config-api/src/test/java/org/apache/dubbo/config/ProviderConfigTest.java,1,1,1,4,0,0,0,0,1,0,1,1,1,0,0,0,0,0,0,0,0,0,0,0,0,0,0,0,0,0,0,1,0,0,0
dubbo,org/apache/dubbo/config/ReferenceConfig,ReferenceConfig,dataset/projects/dubbo/dubbo-config/dubbo-config-api/src/main/java/org/apache/dubbo/config/ReferenceConfig.java,C:/Users/ismak/Documents/GitHub/relation_test_code_smell_ML/dataset/projects/dubbo/dubbo-compatible/src/test/java/org/apache/dubbo/config/ReferenceConfigTest.java,1,9,1,4,1,6,0,1,0,1,1,1,1,0,0,0,0,0,0,0,0,0,0,0,0,0,0,0,0,0,0,1,0,0,0
dubbo,org/apache/dubbo/config/ReferenceConfig,ReferenceConfig,dataset/projects/dubbo/dubbo-config/dubbo-config-api/src/main/java/org/apache/dubbo/config/ReferenceConfig.java,C:/Users/ismak/Documents/GitHub/relation_test_code_smell_ML/dataset/projects/dubbo/dubbo-config/dubbo-config-api/src/test/java/org/apache/dubbo/config/ReferenceConfigTest.java,1,9,1,6,1,6,0,1,0,1,1,1,1,0,1,0,0,0,0,1,0,0,0,0,0,0,0,0,0,0,0,1,0,0,0
dubbo,org/apache/dubbo/config/ReferenceConfigBase,ReferenceConfigBase,dataset/projects/dubbo/dubbo-common/src/main/java/org/apache/dubbo/config/ReferenceConfigBase.java,,1,5,0,0,0,3,0,1,0,1,0,0,0,0,0,0,0,0,0,0,0,0,0,0,0,0,0,0,0,0,0,0,0,0,0
dubbo,org/apache/dubbo/config/RegistryConfig,RegistryConfig,dataset/projects/dubbo/dubbo-common/src/main/java/org/apache/dubbo/config/RegistryConfig.java,C:/Users/ismak/Documents/GitHub/relation_test_code_smell_ML/dataset/projects/dubbo/dubbo-compatible/src/test/java/org/apache/dubbo/config/RegistryConfigTest.java,1,3,1,4,0,1,0,1,1,0,1,1,1,0,0,0,0,0,0,0,0,0,0,0,0,0,0,0,0,0,0,1,0,0,0
dubbo,org/apache/dubbo/config/RegistryConfig,RegistryConfig,dataset/projects/dubbo/dubbo-common/src/main/java/org/apache/dubbo/config/RegistryConfig.java,C:/Users/ismak/Documents/GitHub/relation_test_code_smell_ML/dataset/projects/dubbo/dubbo-config/dubbo-config-api/src/test/java/org/apache/dubbo/config/RegistryConfigTest.java,1,3,1,4,0,1,0,1,1,0,1,1,1,0,0,0,0,0,0,0,0,0,0,0,0,0,0,0,0,0,0,1,0,0,0
dubbo,org/apache/dubbo/config/ServiceConfig,ServiceConfig,dataset/projects/dubbo/dubbo-config/dubbo-config-api/src/main/java/org/apache/dubbo/config/ServiceConfig.java,C:/Users/ismak/Documents/GitHub/relation_test_code_smell_ML/dataset/projects/dubbo/dubbo-config/dubbo-config-api/src/test/java/org/apache/dubbo/config/ServiceConfigTest.java,1,11,1,4,1,8,0,1,0,1,1,1,1,0,0,0,0,0,0,0,0,0,0,0,0,0,0,0,0,0,0,1,0,0,0
dubbo,org/apache/dubbo/config/ServiceConfigBase,ServiceConfigBase,dataset/projects/dubbo/dubbo-common/src/main/java/org/apache/dubbo/config/ServiceConfigBase.java,,1,3,0,0,0,1,0,1,0,1,0,0,0,0,0,0,0,0,0,0,0,0,0,0,0,0,0,0,0,0,0,0,0,0,0
dubbo,org/apache/dubbo/config/Signature,Signature,,C:/Users/ismak/Documents/GitHub/relation_test_code_smell_ML/dataset/projects/dubbo/dubbo-compatible/src/test/java/org/apache/dubbo/config/SignatureTest.java,0,0,1,4,0,0,0,0,0,0,1,1,1,0,0,0,0,0,0,0,0,0,0,0,0,0,0,0,0,0,0,1,0,0,0
dubbo,org/apache/dubbo/config/SslConfig,SslConfig,dataset/projects/dubbo/dubbo-common/src/main/java/org/apache/dubbo/config/SslConfig.java,,1,1,0,0,0,0,0,0,1,0,0,0,0,0,0,0,0,0,0,0,0,0,0,0,0,0,0,0,0,0,0,0,0,0,0
dubbo,org/apache/dubbo/config/bootstrap/DubboBootstrap,DubboBootstrap,dataset/projects/dubbo/dubbo-config/dubbo-config-api/src/main/java/org/apache/dubbo/config/bootstrap/DubboBootstrap.java,C:/Users/ismak/Documents/GitHub/relation_test_code_smell_ML/dataset/projects/dubbo/dubbo-config/dubbo-config-api/src/test/java/org/apache/dubbo/config/bootstrap/DubboBootstrapTest.java,1,5,1,4,1,1,0,1,0,2,1,1,1,0,0,0,0,0,0,0,0,0,0,0,0,0,0,0,0,0,0,1,0,0,0
dubbo,org/apache/dubbo/config/bootstrap/MultiInstance,MultiInstance,,C:/Users/ismak/Documents/GitHub/relation_test_code_smell_ML/dataset/projects/dubbo/dubbo-config/dubbo-config-api/src/test/java/org/apache/dubbo/config/bootstrap/MultiInstanceTest.java,0,0,1,4,0,0,0,0,0,0,1,1,1,0,0,0,0,0,0,0,0,0,0,0,0,0,0,0,0,0,0,1,0,0,0
dubbo,org/apache/dubbo/config/bootstrap/builders/AbstractBuilder,AbstractBuilder,,C:/Users/ismak/Documents/GitHub/relation_test_code_smell_ML/dataset/projects/dubbo/dubbo-config/dubbo-config-api/src/test/java/org/apache/dubbo/config/bootstrap/builders/AbstractBuilderTest.java,0,0,1,3,0,0,0,0,0,0,1,1,1,0,0,0,0,0,0,0,0,0,0,0,0,0,0,0,0,0,0,0,0,0,0
dubbo,org/apache/dubbo/config/bootstrap/builders/AbstractInterfaceBuilder,AbstractInterfaceBuilder,dataset/projects/dubbo/dubbo-config/dubbo-config-api/src/main/java/org/apache/dubbo/config/bootstrap/builders/AbstractInterfaceBuilder.java,C:/Users/ismak/Documents/GitHub/relation_test_code_smell_ML/dataset/projects/dubbo/dubbo-config/dubbo-config-api/src/test/java/org/apache/dubbo/config/bootstrap/builders/AbstractInterfaceBuilderTest.java,1,4,1,3,0,1,0,1,1,1,1,1,1,0,0,0,0,0,0,0,0,0,0,0,0,0,0,0,0,0,0,0,0,0,0
dubbo,org/apache/dubbo/config/bootstrap/builders/AbstractMethodBuilder,AbstractMethodBuilder,dataset/projects/dubbo/dubbo-config/dubbo-config-api/src/main/java/org/apache/dubbo/config/bootstrap/builders/AbstractMethodBuilder.java,C:/Users/ismak/Documents/GitHub/relation_test_code_smell_ML/dataset/projects/dubbo/dubbo-config/dubbo-config-api/src/test/java/org/apache/dubbo/config/bootstrap/builders/AbstractMethodBuilderTest.java,1,2,1,3,0,1,0,0,0,1,1,1,1,0,0,0,0,0,0,0,0,0,0,0,0,0,0,0,0,0,0,0,0,0,0
dubbo,org/apache/dubbo/config/bootstrap/builders/AbstractReferenceBuilder,AbstractReferenceBuilder,dataset/projects/dubbo/dubbo-config/dubbo-config-api/src/main/java/org/apache/dubbo/config/bootstrap/builders/AbstractReferenceBuilder.java,C:/Users/ismak/Documents/GitHub/relation_test_code_smell_ML/dataset/projects/dubbo/dubbo-config/dubbo-config-api/src/test/java/org/apache/dubbo/config/bootstrap/builders/AbstractReferenceBuilderTest.java,1,2,1,3,0,1,0,0,0,1,1,1,1,0,0,0,0,0,0,0,0,0,0,0,0,0,0,0,0,0,0,0,0,0,0
dubbo,org/apache/dubbo/config/bootstrap/builders/AbstractServiceBuilder,AbstractServiceBuilder,dataset/projects/dubbo/dubbo-config/dubbo-config-api/src/main/java/org/apache/dubbo/config/bootstrap/builders/AbstractServiceBuilder.java,C:/Users/ismak/Documents/GitHub/relation_test_code_smell_ML/dataset/projects/dubbo/dubbo-config/dubbo-config-api/src/test/java/org/apache/dubbo/config/bootstrap/builders/AbstractServiceBuilderTest.java,1,3,1,3,0,1,0,0,1,1,1,1,1,0,0,0,0,0,0,0,0,0,0,0,0,0,0,0,0,0,0,0,0,0,0
dubbo,org/apache/dubbo/config/bootstrap/builders/ApplicationBuilder,ApplicationBuilder,dataset/projects/dubbo/dubbo-config/dubbo-config-api/src/main/java/org/apache/dubbo/config/bootstrap/builders/ApplicationBuilder.java,C:/Users/ismak/Documents/GitHub/relation_test_code_smell_ML/dataset/projects/dubbo/dubbo-config/dubbo-config-api/src/test/java/org/apache/dubbo/config/bootstrap/builders/ApplicationBuilderTest.java,1,2,1,3,0,0,0,0,1,1,1,1,1,0,0,0,0,0,0,0,0,0,0,0,0,0,0,0,0,0,0,0,0,0,0
dubbo,org/apache/dubbo/config/bootstrap/builders/ArgumentBuilder,ArgumentBuilder,,C:/Users/ismak/Documents/GitHub/relation_test_code_smell_ML/dataset/projects/dubbo/dubbo-config/dubbo-config-api/src/test/java/org/apache/dubbo/config/bootstrap/builders/ArgumentBuilderTest.java,0,0,1,3,0,0,0,0,0,0,1,1,1,0,0,0,0,0,0,0,0,0,0,0,0,0,0,0,0,0,0,0,0,0,0
dubbo,org/apache/dubbo/config/bootstrap/builders/ConfigCenterBuilder,ConfigCenterBuilder,dataset/projects/dubbo/dubbo-config/dubbo-config-api/src/main/java/org/apache/dubbo/config/bootstrap/builders/ConfigCenterBuilder.java,C:/Users/ismak/Documents/GitHub/relation_test_code_smell_ML/dataset/projects/dubbo/dubbo-config/dubbo-config-api/src/test/java/org/apache/dubbo/config/bootstrap/builders/ConfigCenterBuilderTest.java,1,1,1,3,0,0,0,0,0,1,1,1,1,0,0,0,0,0,0,0,0,0,0,0,0,0,0,0,0,0,0,0,0,0,0
dubbo,org/apache/dubbo/config/bootstrap/builders/ConsumerBuilder,ConsumerBuilder,,C:/Users/ismak/Documents/GitHub/relation_test_code_smell_ML/dataset/projects/dubbo/dubbo-config/dubbo-config-api/src/test/java/org/apache/dubbo/config/bootstrap/builders/ConsumerBuilderTest.java,0,0,1,3,0,0,0,0,0,0,1,1,1,0,0,0,0,0,0,0,0,0,0,0,0,0,0,0,0,0,0,0,0,0,0
dubbo,org/apache/dubbo/config/bootstrap/builders/InternalServiceConfigBuilder,InternalServiceConfigBuilder,dataset/projects/dubbo/dubbo-config/dubbo-config-api/src/main/java/org/apache/dubbo/config/bootstrap/builders/InternalServiceConfigBuilder.java,,1,4,0,0,0,2,0,1,0,1,0,0,0,0,0,0,0,0,0,0,0,0,0,0,0,0,0,0,0,0,0,0,0,0,0
dubbo,org/apache/dubbo/config/bootstrap/builders/MetadataReportBuilder,MetadataReportBuilder,dataset/projects/dubbo/dubbo-config/dubbo-config-api/src/main/java/org/apache/dubbo/config/bootstrap/builders/MetadataReportBuilder.java,C:/Users/ismak/Documents/GitHub/relation_test_code_smell_ML/dataset/projects/dubbo/dubbo-config/dubbo-config-api/src/test/java/org/apache/dubbo/config/bootstrap/builders/MetadataReportBuilderTest.java,1,1,1,3,0,0,0,0,0,1,1,1,1,0,0,0,0,0,0,0,0,0,0,0,0,0,0,0,0,0,0,0,0,0,0
dubbo,org/apache/dubbo/config/bootstrap/builders/MethodBuilder,MethodBuilder,dataset/projects/dubbo/dubbo-config/dubbo-config-api/src/main/java/org/apache/dubbo/config/bootstrap/builders/MethodBuilder.java,C:/Users/ismak/Documents/GitHub/relation_test_code_smell_ML/dataset/projects/dubbo/dubbo-config/dubbo-config-api/src/test/java/org/apache/dubbo/config/bootstrap/builders/MethodBuilderTest.java,1,2,1,3,0,0,0,0,1,1,1,1,1,0,0,0,0,0,0,0,0,0,0,0,0,0,0,0,0,0,0,0,0,0,0
dubbo,org/apache/dubbo/config/bootstrap/builders/MetricsBuilder,MetricsBuilder,dataset/projects/dubbo/dubbo-config/dubbo-config-api/src/main/java/org/apache/dubbo/config/bootstrap/builders/MetricsBuilder.java,C:/Users/ismak/Documents/GitHub/relation_test_code_smell_ML/dataset/projects/dubbo/dubbo-config/dubbo-config-api/src/test/java/org/apache/dubbo/config/bootstrap/builders/MetricsBuilderTest.java,1,2,1,3,0,0,0,0,1,1,1,1,1,0,0,0,0,0,0,0,0,0,0,0,0,0,0,0,0,0,0,0,0,0,0
dubbo,org/apache/dubbo/config/bootstrap/builders/ModuleBuilder,ModuleBuilder,,C:/Users/ismak/Documents/GitHub/relation_test_code_smell_ML/dataset/projects/dubbo/dubbo-config/dubbo-config-api/src/test/java/org/apache/dubbo/config/bootstrap/builders/ModuleBuilderTest.java,0,0,1,3,0,0,0,0,0,0,1,1,1,0,0,0,0,0,0,0,0,0,0,0,0,0,0,0,0,0,0,0,0,0,0
dubbo,org/apache/dubbo/config/bootstrap/builders/MonitorBuilder,MonitorBuilder,dataset/projects/dubbo/dubbo-config/dubbo-config-api/src/main/java/org/apache/dubbo/config/bootstrap/builders/MonitorBuilder.java,C:/Users/ismak/Documents/GitHub/relation_test_code_smell_ML/dataset/projects/dubbo/dubbo-config/dubbo-config-api/src/test/java/org/apache/dubbo/config/bootstrap/builders/MonitorBuilderTest.java,1,1,1,3,0,0,0,0,0,1,1,1,1,0,0,0,0,0,0,0,0,0,0,0,0,0,0,0,0,0,0,0,0,0,0
dubbo,org/apache/dubbo/config/bootstrap/builders/ProtocolBuilder,ProtocolBuilder,dataset/projects/dubbo/dubbo-config/dubbo-config-api/src/main/java/org/apache/dubbo/config/bootstrap/builders/ProtocolBuilder.java,C:/Users/ismak/Documents/GitHub/relation_test_code_smell_ML/dataset/projects/dubbo/dubbo-config/dubbo-config-api/src/test/java/org/apache/dubbo/config/bootstrap/builders/ProtocolBuilderTest.java,1,2,1,3,0,0,0,0,1,1,1,1,1,0,0,0,0,0,0,0,0,0,0,0,0,0,0,0,0,0,0,0,0,0,0
dubbo,org/apache/dubbo/config/bootstrap/builders/ProviderBuilder,ProviderBuilder,dataset/projects/dubbo/dubbo-config/dubbo-config-api/src/main/java/org/apache/dubbo/config/bootstrap/builders/ProviderBuilder.java,C:/Users/ismak/Documents/GitHub/relation_test_code_smell_ML/dataset/projects/dubbo/dubbo-config/dubbo-config-api/src/test/java/org/apache/dubbo/config/bootstrap/builders/ProviderBuilderTest.java,1,2,1,3,0,0,0,0,1,1,1,1,1,0,0,0,0,0,0,0,0,0,0,0,0,0,0,0,0,0,0,0,0,0,0
dubbo,org/apache/dubbo/config/bootstrap/builders/ReferenceBuilder,ReferenceBuilder,dataset/projects/dubbo/dubbo-config/dubbo-config-api/src/main/java/org/apache/dubbo/config/bootstrap/builders/ReferenceBuilder.java,C:/Users/ismak/Documents/GitHub/relation_test_code_smell_ML/dataset/projects/dubbo/dubbo-config/dubbo-config-api/src/test/java/org/apache/dubbo/config/bootstrap/builders/ReferenceBuilderTest.java,1,1,1,3,0,0,0,0,0,1,1,1,1,0,0,0,0,0,0,0,0,0,0,0,0,0,0,0,0,0,0,0,0,0,0
dubbo,org/apache/dubbo/config/bootstrap/builders/RegistryBuilder,RegistryBuilder,dataset/projects/dubbo/dubbo-config/dubbo-config-api/src/main/java/org/apache/dubbo/config/bootstrap/builders/RegistryBuilder.java,C:/Users/ismak/Documents/GitHub/relation_test_code_smell_ML/dataset/projects/dubbo/dubbo-config/dubbo-config-api/src/test/java/org/apache/dubbo/config/bootstrap/builders/RegistryBuilderTest.java,1,2,1,4,0,0,0,0,1,1,1,1,1,0,0,0,0,0,0,0,0,0,0,0,0,0,0,0,0,0,0,1,0,0,0
dubbo,org/apache/dubbo/config/bootstrap/builders/ServiceBuilder,ServiceBuilder,dataset/projects/dubbo/dubbo-config/dubbo-config-api/src/main/java/org/apache/dubbo/config/bootstrap/builders/ServiceBuilder.java,C:/Users/ismak/Documents/GitHub/relation_test_code_smell_ML/dataset/projects/dubbo/dubbo-config/dubbo-config-api/src/test/java/org/apache/dubbo/config/bootstrap/builders/ServiceBuilderTest.java,1,1,1,3,0,0,0,0,0,1,1,1,1,0,0,0,0,0,0,0,0,0,0,0,0,0,0,0,0,0,0,0,0,0,0
dubbo,org/apache/dubbo/config/bootstrap/builders/TripleBuilder,TripleBuilder,dataset/projects/dubbo/dubbo-config/dubbo-config-api/src/main/java/org/apache/dubbo/config/bootstrap/builders/TripleBuilder.java,C:/Users/ismak/Documents/GitHub/relation_test_code_smell_ML/dataset/projects/dubbo/dubbo-config/dubbo-config-api/src/test/java/org/apache/dubbo/config/bootstrap/builders/TripleBuilderTest.java,1,2,1,3,0,1,0,0,0,1,1,1,1,0,0,0,0,0,0,0,0,0,0,0,0,0,0,0,0,0,0,0,0,0,0
dubbo,org/apache/dubbo/config/cache/Cache,Cache,,C:/Users/ismak/Documents/GitHub/relation_test_code_smell_ML/dataset/projects/dubbo/dubbo-config/dubbo-config-api/src/test/java/org/apache/dubbo/config/cache/CacheTest.java,0,0,1,4,0,0,0,0,0,0,1,1,1,0,0,0,0,0,0,0,0,0,0,0,0,0,0,0,0,0,0,1,0,0,0
dubbo,org/apache/dubbo/config/context/AbstractConfigManager,AbstractConfigManager,dataset/projects/dubbo/dubbo-common/src/main/java/org/apache/dubbo/config/context/AbstractConfigManager.java,,1,6,0,0,1,3,0,1,0,1,0,0,0,0,0,0,0,0,0,0,0,0,0,0,0,0,0,0,0,0,0,0,0,0,0
dubbo,org/apache/dubbo/config/context/ConfigConfigurationAdapter,ConfigConfigurationAdapter,,C:/Users/ismak/Documents/GitHub/relation_test_code_smell_ML/dataset/projects/dubbo/dubbo-common/src/test/java/org/apache/dubbo/config/context/ConfigConfigurationAdapterTest.java,0,0,1,4,0,0,0,0,0,0,1,1,1,0,0,0,0,0,0,0,0,0,0,0,0,0,0,0,0,0,0,1,0,0,0
dubbo,org/apache/dubbo/config/context/ConfigManager,ConfigManager,dataset/projects/dubbo/dubbo-common/src/main/java/org/apache/dubbo/config/context/ConfigManager.java,C:/Users/ismak/Documents/GitHub/relation_test_code_smell_ML/dataset/projects/dubbo/dubbo-common/src/test/java/org/apache/dubbo/config/context/ConfigManagerTest.java,1,3,1,4,1,0,0,1,0,1,1,1,1,0,0,0,0,0,0,0,0,0,0,0,0,0,0,0,0,0,0,1,0,0,0
dubbo,org/apache/dubbo/config/context/ModuleConfigManager,ModuleConfigManager,dataset/projects/dubbo/dubbo-common/src/main/java/org/apache/dubbo/config/context/ModuleConfigManager.java,,1,4,0,0,1,1,0,1,0,1,0,0,0,0,0,0,0,0,0,0,0,0,0,0,0,0,0,0,0,0,0,0,0,0,0
dubbo,org/apache/dubbo/config/deploy/DefaultApplicationDeployer,DefaultApplicationDeployer,dataset/projects/dubbo/dubbo-config/dubbo-config-api/src/main/java/org/apache/dubbo/config/deploy/DefaultApplicationDeployer.java,C:/Users/ismak/Documents/GitHub/relation_test_code_smell_ML/dataset/projects/dubbo/dubbo-config/dubbo-config-api/src/test/java/org/apache/dubbo/config/deploy/DefaultApplicationDeployerTest.java,1,10,1,3,1,7,0,1,0,1,1,1,1,0,0,0,0,0,0,0,0,0,0,0,0,0,0,0,0,0,0,0,0,0,0
dubbo,org/apache/dubbo/config/deploy/DefaultModuleDeployer,DefaultModuleDeployer,dataset/projects/dubbo/dubbo-config/dubbo-config-api/src/main/java/org/apache/dubbo/config/deploy/DefaultModuleDeployer.java,,1,4,0,0,1,2,0,0,0,1,0,0,0,0,0,0,0,0,0,0,0,0,0,0,0,0,0,0,0,0,0,0,0,0,0
dubbo,org/apache/dubbo/config/integration/Integration,Integration,,C:/Users/ismak/Documents/GitHub/relation_test_code_smell_ML/dataset/projects/dubbo/dubbo-config/dubbo-config-api/src/test/java/org/apache/dubbo/config/integration/IntegrationTest.java,0,0,1,3,0,0,0,0,0,0,1,1,1,0,0,0,0,0,0,0,0,0,0,0,0,0,0,0,0,0,0,0,0,0,0
dubbo,org/apache/dubbo/config/integration/multiple/exportmetadata/MultipleRegistryCenterExportMetadataIntegration,MultipleRegistryCenterExportMetadataIntegration,,C:/Users/ismak/Documents/GitHub/relation_test_code_smell_ML/dataset/projects/dubbo/dubbo-config/dubbo-config-api/src/test/java/org/apache/dubbo/config/integration/multiple/exportmetadata/MultipleRegistryCenterExportMetadataIntegrationTest.java,0,0,1,5,0,0,0,0,0,0,1,1,1,0,0,0,0,0,0,0,1,0,0,0,0,0,0,0,0,0,1,0,0,0,0
dubbo,org/apache/dubbo/config/integration/multiple/exportprovider/MultipleRegistryCenterExportProviderIntegration,MultipleRegistryCenterExportProviderIntegration,,C:/Users/ismak/Documents/GitHub/relation_test_code_smell_ML/dataset/projects/dubbo/dubbo-config/dubbo-config-api/src/test/java/org/apache/dubbo/config/integration/multiple/exportprovider/MultipleRegistryCenterExportProviderIntegrationTest.java,0,0,1,5,0,0,0,0,0,0,1,1,1,0,0,0,0,0,0,0,1,0,0,0,0,0,0,0,0,0,1,0,0,0,0
dubbo,org/apache/dubbo/config/integration/multiple/injvm/MultipleRegistryCenterInjvmIntegration,MultipleRegistryCenterInjvmIntegration,,C:/Users/ismak/Documents/GitHub/relation_test_code_smell_ML/dataset/projects/dubbo/dubbo-config/dubbo-config-api/src/test/java/org/apache/dubbo/config/integration/multiple/injvm/MultipleRegistryCenterInjvmIntegrationTest.java,0,0,1,5,0,0,0,0,0,0,1,1,1,0,0,0,0,0,0,0,1,0,0,0,0,0,0,0,0,0,1,0,0,0,0
dubbo,org/apache/dubbo/config/integration/single/SingleRegistryCenterDubboProtocolIntegration,SingleRegistryCenterDubboProtocolIntegration,,C:/Users/ismak/Documents/GitHub/relation_test_code_smell_ML/dataset/projects/dubbo/dubbo-config/dubbo-config-api/src/test/java/org/apache/dubbo/config/integration/single/SingleRegistryCenterDubboProtocolIntegrationTest.java,0,0,1,5,0,0,0,0,0,0,1,1,1,0,0,0,0,0,0,0,1,0,0,0,0,0,0,0,0,0,1,0,0,0,0
dubbo,org/apache/dubbo/config/integration/single/exportmetadata/SingleRegistryCenterExportMetadataIntegration,SingleRegistryCenterExportMetadataIntegration,,C:/Users/ismak/Documents/GitHub/relation_test_code_smell_ML/dataset/projects/dubbo/dubbo-config/dubbo-config-api/src/test/java/org/apache/dubbo/config/integration/single/exportmetadata/SingleRegistryCenterExportMetadataIntegrationTest.java,0,0,1,5,0,0,0,0,0,0,1,1,1,0,0,0,0,0,0,0,1,0,0,0,0,0,0,0,0,0,1,0,0,0,0
dubbo,org/apache/dubbo/config/integration/single/exportprovider/SingleRegistryCenterExportProviderIntegration,SingleRegistryCenterExportProviderIntegration,,C:/Users/ismak/Documents/GitHub/relation_test_code_smell_ML/dataset/projects/dubbo/dubbo-config/dubbo-config-api/src/test/java/org/apache/dubbo/config/integration/single/exportprovider/SingleRegistryCenterExportProviderIntegrationTest.java,0,0,1,5,0,0,0,0,0,0,1,1,1,0,0,0,0,0,0,0,1,0,0,0,0,0,0,0,0,0,1,0,0,0,0
dubbo,org/apache/dubbo/config/integration/single/injvm/SingleRegistryCenterInjvmIntegration,SingleRegistryCenterInjvmIntegration,,C:/Users/ismak/Documents/GitHub/relation_test_code_smell_ML/dataset/projects/dubbo/dubbo-config/dubbo-config-api/src/test/java/org/apache/dubbo/config/integration/single/injvm/SingleRegistryCenterInjvmIntegrationTest.java,0,0,1,5,0,0,0,0,0,0,1,1,1,0,0,0,0,0,0,0,1,0,0,0,0,0,0,0,0,0,1,0,0,0,0
dubbo,org/apache/dubbo/config/invoker/DelegateProviderMetaDataInvoker,DelegateProviderMetaDataInvoker,,C:/Users/ismak/Documents/GitHub/relation_test_code_smell_ML/dataset/projects/dubbo/dubbo-config/dubbo-config-api/src/test/java/org/apache/dubbo/config/invoker/DelegateProviderMetaDataInvokerTest.java,0,0,1,4,0,0,0,0,0,0,1,1,1,0,0,0,0,0,0,0,0,0,0,0,0,0,0,0,0,0,0,1,0,0,0
dubbo,org/apache/dubbo/config/metadata/MetadataServiceURLParamsMetadataCustomizer,MetadataServiceURLParamsMetadataCustomizer,,C:/Users/ismak/Documents/GitHub/relation_test_code_smell_ML/dataset/projects/dubbo/dubbo-config/dubbo-config-api/src/test/java/org/apache/dubbo/config/metadata/MetadataServiceURLParamsMetadataCustomizerTest.java,0,0,1,4,0,0,0,0,0,0,1,1,1,0,0,0,0,0,0,0,0,0,0,0,0,0,0,0,0,0,0,1,0,0,0
dubbo,org/apache/dubbo/config/mock/ProxyFactory,ProxyFactory,,C:/Users/ismak/Documents/GitHub/relation_test_code_smell_ML/dataset/projects/dubbo/dubbo-config/dubbo-config-api/src/test/java/org/apache/dubbo/config/mock/TestProxyFactory.java,0,0,1,3,0,0,0,0,0,0,1,1,1,0,0,0,0,0,0,0,0,0,0,0,0,0,0,0,0,0,0,0,0,0,0
dubbo,org/apache/dubbo/config/nested/AggregationConfig,AggregationConfig,,C:/Users/ismak/Documents/GitHub/relation_test_code_smell_ML/dataset/projects/dubbo/dubbo-config/dubbo-config-api/src/test/java/org/apache/dubbo/config/nested/AggregationConfigTest.java,0,0,1,4,0,0,0,0,0,0,1,1,1,0,0,0,0,0,0,0,0,0,0,0,0,0,0,0,0,0,0,1,0,0,0
dubbo,org/apache/dubbo/config/nested/OpenAPIConfig,OpenAPIConfig,dataset/projects/dubbo/dubbo-common/src/main/java/org/apache/dubbo/config/nested/OpenAPIConfig.java,,1,1,0,0,0,0,0,0,1,0,0,0,0,0,0,0,0,0,0,0,0,0,0,0,0,0,0,0,0,0,0,0,0,0,0
dubbo,org/apache/dubbo/config/nested/PrometheusConfig,PrometheusConfig,,C:/Users/ismak/Documents/GitHub/relation_test_code_smell_ML/dataset/projects/dubbo/dubbo-config/dubbo-config-api/src/test/java/org/apache/dubbo/config/nested/PrometheusConfigTest.java,0,0,1,4,0,0,0,0,0,0,1,1,1,0,0,0,0,0,0,0,0,0,0,0,0,0,0,0,0,0,0,1,0,0,0
dubbo,org/apache/dubbo/config/nested/TripleConfig,TripleConfig,dataset/projects/dubbo/dubbo-common/src/main/java/org/apache/dubbo/config/nested/TripleConfig.java,,1,1,0,0,0,0,0,0,1,0,0,0,0,0,0,0,0,0,0,0,0,0,0,0,0,0,0,0,0,0,0,0,0,0,0
dubbo,org/apache/dubbo/config/spring/Config,Config,,C:/Users/ismak/Documents/GitHub/relation_test_code_smell_ML/dataset/projects/dubbo/dubbo-config/dubbo-config-spring/src/test/java/org/apache/dubbo/config/spring/ConfigTest.java,0,0,1,10,0,0,0,0,0,0,1,1,1,0,1,1,0,0,0,1,0,0,0,0,0,0,1,0,0,1,0,1,0,1,0
dubbo,org/apache/dubbo/config/spring/ControllerServiceConfig,ControllerServiceConfig,,C:/Users/ismak/Documents/GitHub/relation_test_code_smell_ML/dataset/projects/dubbo/dubbo-config/dubbo-config-spring/src/test/java/org/apache/dubbo/config/spring/ControllerServiceConfigTest.java,0,0,1,4,0,0,0,0,0,0,1,1,1,0,0,0,0,0,0,0,0,0,0,0,0,0,0,0,0,0,0,1,0,0,0
dubbo,org/apache/dubbo/config/spring/JavaConfigBean,JavaConfigBean,,C:/Users/ismak/Documents/GitHub/relation_test_code_smell_ML/dataset/projects/dubbo/dubbo-config/dubbo-config-spring/src/test/java/org/apache/dubbo/config/spring/JavaConfigBeanTest.java,0,0,1,4,0,0,0,0,0,0,1,1,1,0,0,0,0,0,0,0,0,0,0,0,0,0,0,0,0,0,0,1,0,0,0
dubbo,org/apache/dubbo/config/spring/ReferenceBean,ReferenceBean,dataset/projects/dubbo/dubbo-config/dubbo-config-spring/src/main/java/org/apache/dubbo/config/spring/ReferenceBean.java,,1,1,0,0,0,0,0,1,0,0,0,0,0,0,0,0,0,0,0,0,0,0,0,0,0,0,0,0,0,0,0,0,0,0,0
dubbo,org/apache/dubbo/config/spring/ServiceBean,ServiceBean,,C:/Users/ismak/Documents/GitHub/relation_test_code_smell_ML/dataset/projects/dubbo/dubbo-config/dubbo-config-spring/src/test/java/org/apache/dubbo/config/spring/ServiceBeanTest.java,0,0,1,4,0,0,0,0,0,0,1,1,1,0,0,0,0,0,0,0,0,0,0,0,0,0,0,0,0,0,0,1,0,0,0
dubbo,org/apache/dubbo/config/spring/beans/factory/annotation/AbstractAnnotationBeanPostProcessor,AbstractAnnotationBeanPostProcessor,dataset/projects/dubbo/dubbo-config/dubbo-config-spring/src/main/java/org/apache/dubbo/config/spring/beans/factory/annotation/AbstractAnnotationBeanPostProcessor.java,,1,2,0,0,1,0,0,0,0,1,0,0,0,0,0,0,0,0,0,0,0,0,0,0,0,0,0,0,0,0,0,0,0,0,0
dubbo,org/apache/dubbo/config/spring/beans/factory/annotation/DubboConfigAliasPostProcessor,DubboConfigAliasPostProcessor,,C:/Users/ismak/Documents/GitHub/relation_test_code_smell_ML/dataset/projects/dubbo/dubbo-config/dubbo-config-spring/src/test/java/org/apache/dubbo/config/spring/beans/factory/annotation/DubboConfigAliasPostProcessorTest.java,0,0,1,4,0,0,0,0,0,0,1,1,1,0,0,0,0,0,0,0,0,0,0,0,0,0,0,0,0,0,0,1,0,0,0
dubbo,org/apache/dubbo/config/spring/beans/factory/annotation/MergedAnnotation,MergedAnnotation,,C:/Users/ismak/Documents/GitHub/relation_test_code_smell_ML/dataset/projects/dubbo/dubbo-config/dubbo-config-spring/src/test/java/org/apache/dubbo/config/spring/beans/factory/annotation/MergedAnnotationTest.java,0,0,1,4,0,0,0,0,0,0,1,1,1,0,0,0,0,0,0,0,0,0,0,0,0,0,0,0,0,0,0,1,0,0,0
dubbo,org/apache/dubbo/config/spring/beans/factory/annotation/MethodConfigCallback,MethodConfigCallback,,C:/Users/ismak/Documents/GitHub/relation_test_code_smell_ML/dataset/projects/dubbo/dubbo-config/dubbo-config-spring/src/test/java/org/apache/dubbo/config/spring/beans/factory/annotation/MethodConfigCallbackTest.java,0,0,1,4,0,0,0,0,0,0,1,1,1,0,0,0,0,0,0,0,0,0,0,0,0,0,0,0,0,0,0,1,0,0,0
dubbo,org/apache/dubbo/config/spring/beans/factory/annotation/ParameterConvert,ParameterConvert,,C:/Users/ismak/Documents/GitHub/relation_test_code_smell_ML/dataset/projects/dubbo/dubbo-config/dubbo-config-spring/src/test/java/org/apache/dubbo/config/spring/beans/factory/annotation/ParameterConvertTest.java,0,0,1,4,0,0,0,0,0,0,1,1,1,0,0,0,0,0,0,0,0,0,0,0,0,0,0,0,0,0,0,1,0,0,0
dubbo,org/apache/dubbo/config/spring/beans/factory/annotation/ReferenceAnnotationBeanPostProcessor,ReferenceAnnotationBeanPostProcessor,dataset/projects/dubbo/dubbo-config/dubbo-config-spring/src/main/java/org/apache/dubbo/config/spring/beans/factory/annotation/ReferenceAnnotationBeanPostProcessor.java,C:/Users/ismak/Documents/GitHub/relation_test_code_smell_ML/dataset/projects/dubbo/dubbo-config/dubbo-config-spring/src/test/java/org/apache/dubbo/config/spring/beans/factory/annotation/ReferenceAnnotationBeanPostProcessorTest.java,1,7,1,5,1,4,0,1,0,1,1,1,1,0,0,0,0,0,0,0,0,0,0,0,0,0,0,0,0,0,1,1,0,0,0
dubbo,org/apache/dubbo/config/spring/beans/factory/annotation/ReferenceCreator,ReferenceCreator,,C:/Users/ismak/Documents/GitHub/relation_test_code_smell_ML/dataset/projects/dubbo/dubbo-config/dubbo-config-spring/src/test/java/org/apache/dubbo/config/spring/beans/factory/annotation/ReferenceCreatorTest.java,0,0,1,4,0,0,0,0,0,0,1,1,1,0,0,0,0,0,0,0,0,0,0,0,0,0,0,0,0,0,0,1,0,0,0
dubbo,org/apache/dubbo/config/spring/beans/factory/annotation/ServiceAnnotationPostProcessor,ServiceAnnotationPostProcessor,dataset/projects/dubbo/dubbo-config/dubbo-config-spring/src/main/java/org/apache/dubbo/config/spring/beans/factory/annotation/ServiceAnnotationPostProcessor.java,C:/Users/ismak/Documents/GitHub/relation_test_code_smell_ML/dataset/projects/dubbo/dubbo-config/dubbo-config-spring/src/test/java/org/apache/dubbo/config/spring/beans/factory/annotation/ServiceAnnotationPostProcessorTest.java,1,5,1,4,1,2,0,1,0,1,1,1,1,0,0,0,0,0,0,0,0,0,0,0,0,0,0,0,0,0,0,1,0,0,0
dubbo,org/apache/dubbo/config/spring/beans/factory/annotation/ServiceBeanNameBuilder,ServiceBeanNameBuilder,,C:/Users/ismak/Documents/GitHub/relation_test_code_smell_ML/dataset/projects/dubbo/dubbo-config/dubbo-config-spring/src/test/java/org/apache/dubbo/config/spring/beans/factory/annotation/ServiceBeanNameBuilderTest.java,0,0,1,4,0,0,0,0,0,0,1,1,1,0,0,0,0,0,0,0,0,0,0,0,0,0,0,0,0,0,0,1,0,0,0
dubbo,org/apache/dubbo/config/spring/beans/factory/config/DubboConfigDefaultPropertyValueBeanPostProcessor,DubboConfigDefaultPropertyValueBeanPostProcessor,,C:/Users/ismak/Documents/GitHub/relation_test_code_smell_ML/dataset/projects/dubbo/dubbo-config/dubbo-config-spring/src/test/java/org/apache/dubbo/config/spring/beans/factory/config/DubboConfigDefaultPropertyValueBeanPostProcessorTest.java,0,0,1,4,0,0,0,0,0,0,1,1,1,0,0,0,0,0,0,0,0,0,0,0,0,0,0,0,0,0,0,1,0,0,0
dubbo,org/apache/dubbo/config/spring/beans/factory/config/MultipleServicesWithMethodConfigs,MultipleServicesWithMethodConfigs,,C:/Users/ismak/Documents/GitHub/relation_test_code_smell_ML/dataset/projects/dubbo/dubbo-config/dubbo-config-spring/src/test/java/org/apache/dubbo/config/spring/beans/factory/config/MultipleServicesWithMethodConfigsTest.java,0,0,1,4,0,0,0,0,0,0,1,1,1,0,0,0,0,0,0,0,0,0,0,0,0,0,0,0,0,0,0,1,0,0,0
dubbo,org/apache/dubbo/config/spring/beans/factory/config/YamlPropertySourceFactory,YamlPropertySourceFactory,,C:/Users/ismak/Documents/GitHub/relation_test_code_smell_ML/dataset/projects/dubbo/dubbo-config/dubbo-config-spring/src/test/java/org/apache/dubbo/config/spring/beans/factory/config/YamlPropertySourceFactoryTest.java,0,0,1,4,0,0,0,0,0,0,1,1,1,0,0,0,0,0,0,0,0,0,0,0,0,0,0,0,0,0,0,1,0,0,0
dubbo,org/apache/dubbo/config/spring/boot/conditional1/XmlReferenceBeanConditional,XmlReferenceBeanConditional,,C:/Users/ismak/Documents/GitHub/relation_test_code_smell_ML/dataset/projects/dubbo/dubbo-config/dubbo-config-spring/src/test/java/org/apache/dubbo/config/spring/boot/conditional1/XmlReferenceBeanConditionalTest.java,0,0,1,4,0,0,0,0,0,0,1,1,1,0,0,0,0,0,0,0,0,0,0,0,0,0,0,0,0,0,0,1,0,0,0
dubbo,org/apache/dubbo/config/spring/boot/conditional2/JavaConfigAnnotationReferenceBeanConditional,JavaConfigAnnotationReferenceBeanConditional,,C:/Users/ismak/Documents/GitHub/relation_test_code_smell_ML/dataset/projects/dubbo/dubbo-config/dubbo-config-spring/src/test/java/org/apache/dubbo/config/spring/boot/conditional2/JavaConfigAnnotationReferenceBeanConditionalTest.java,0,0,1,4,0,0,0,0,0,0,1,1,1,0,0,0,0,0,0,0,0,0,0,0,0,0,0,0,0,0,0,1,0,0,0
dubbo,org/apache/dubbo/config/spring/boot/conditional3/JavaConfigRawReferenceBeanConditional,JavaConfigRawReferenceBeanConditional,,C:/Users/ismak/Documents/GitHub/relation_test_code_smell_ML/dataset/projects/dubbo/dubbo-config/dubbo-config-spring/src/test/java/org/apache/dubbo/config/spring/boot/conditional3/JavaConfigRawReferenceBeanConditionalTest.java,0,0,1,4,0,0,0,0,0,0,1,1,1,0,0,0,0,0,0,0,0,0,0,0,0,0,0,0,0,0,0,1,0,0,0
dubbo,org/apache/dubbo/config/spring/boot/configprops/SpringBootConfigProps,SpringBootConfigProps,,C:/Users/ismak/Documents/GitHub/relation_test_code_smell_ML/dataset/projects/dubbo/dubbo-config/dubbo-config-spring/src/test/java/org/apache/dubbo/config/spring/boot/configprops/SpringBootConfigPropsTest.java,0,0,1,4,0,0,0,0,0,0,1,1,1,0,0,0,0,0,0,0,0,0,0,0,0,0,0,0,0,0,0,1,0,0,0
dubbo,org/apache/dubbo/config/spring/boot/configprops/SpringBootMultipleConfigProps,SpringBootMultipleConfigProps,,C:/Users/ismak/Documents/GitHub/relation_test_code_smell_ML/dataset/projects/dubbo/dubbo-config/dubbo-config-spring/src/test/java/org/apache/dubbo/config/spring/boot/configprops/SpringBootMultipleConfigPropsTest.java,0,0,1,4,0,0,0,0,0,0,1,1,1,0,0,0,0,0,0,0,0,0,0,0,0,0,0,0,0,0,0,1,0,0,0
dubbo,org/apache/dubbo/config/spring/boot/importxml/SpringBootImportDubboXml,SpringBootImportDubboXml,,C:/Users/ismak/Documents/GitHub/relation_test_code_smell_ML/dataset/projects/dubbo/dubbo-config/dubbo-config-spring/src/test/java/org/apache/dubbo/config/spring/boot/importxml/SpringBootImportDubboXmlTest.java,0,0,1,4,0,0,0,0,0,0,1,1,1,0,0,0,0,0,0,0,0,0,0,0,0,0,0,0,0,0,0,1,0,0,0
dubbo,org/apache/dubbo/config/spring/boot/importxml2/SpringBootImportAndScan,SpringBootImportAndScan,,C:/Users/ismak/Documents/GitHub/relation_test_code_smell_ML/dataset/projects/dubbo/dubbo-config/dubbo-config-spring/src/test/java/org/apache/dubbo/config/spring/boot/importxml2/SpringBootImportAndScanTest.java,0,0,1,4,0,0,0,0,0,0,1,1,1,0,0,0,0,0,0,0,0,0,0,0,0,0,0,0,0,0,0,1,0,0,0
dubbo,org/apache/dubbo/config/spring/context/DubboSpringInitializer,DubboSpringInitializer,dataset/projects/dubbo/dubbo-config/dubbo-config-spring/src/main/java/org/apache/dubbo/config/spring/context/DubboSpringInitializer.java,,1,1,0,0,0,0,0,0,0,1,0,0,0,0,0,0,0,0,0,0,0,0,0,0,0,0,0,0,0,0,0,0,0,0,0
dubbo,org/apache/dubbo/config/spring/context/KeepRunningOnSpringClosed,KeepRunningOnSpringClosed,,C:/Users/ismak/Documents/GitHub/relation_test_code_smell_ML/dataset/projects/dubbo/dubbo-config/dubbo-config-spring/src/test/java/org/apache/dubbo/config/spring/context/KeepRunningOnSpringClosedTest.java,0,0,1,4,0,0,0,0,0,0,1,1,1,0,0,0,0,0,0,0,0,0,0,0,0,0,0,0,0,0,0,1,0,0,0
dubbo,org/apache/dubbo/config/spring/context/annotation/ConfigurationBeanBindingPostProcessor,ConfigurationBeanBindingPostProcessor,dataset/projects/dubbo/dubbo-config/dubbo-config-spring/src/main/java/org/apache/dubbo/config/spring/context/annotation/ConfigurationBeanBindingPostProcessor.java,,1,1,0,0,0,0,0,0,0,1,0,0,0,0,0,0,0,0,0,0,0,0,0,0,0,0,0,0,0,0,0,0,0,0,0
dubbo,org/apache/dubbo/config/spring/context/annotation/DubboComponentScanRegistrar,DubboComponentScanRegistrar,,C:/Users/ismak/Documents/GitHub/relation_test_code_smell_ML/dataset/projects/dubbo/dubbo-compatible/src/test/java/org/apache/dubbo/config/spring/context/annotation/DubboComponentScanRegistrarTest.java,0,0,1,4,0,0,0,0,0,0,1,1,1,0,0,0,0,0,0,0,0,0,0,0,0,0,0,0,0,0,0,1,0,0,0
dubbo,org/apache/dubbo/config/spring/context/annotation/DubboComponentScanRegistrar,DubboComponentScanRegistrar,,C:/Users/ismak/Documents/GitHub/relation_test_code_smell_ML/dataset/projects/dubbo/dubbo-config/dubbo-config-spring/src/test/java/org/apache/dubbo/config/spring/context/annotation/DubboComponentScanRegistrarTest.java,0,0,1,4,0,0,0,0,0,0,1,1,1,0,0,0,0,0,0,0,0,0,0,0,0,0,0,0,0,0,0,1,0,0,0
dubbo,org/apache/dubbo/config/spring/context/annotation/DubboConfigConfiguration,DubboConfigConfiguration,,C:/Users/ismak/Documents/GitHub/relation_test_code_smell_ML/dataset/projects/dubbo/dubbo-compatible/src/test/java/org/apache/dubbo/config/spring/context/annotation/DubboConfigConfigurationTest.java,0,0,1,4,0,0,0,0,0,0,1,1,1,0,0,0,0,0,0,0,0,0,0,0,0,0,0,0,0,0,0,1,0,0,0
dubbo,org/apache/dubbo/config/spring/context/annotation/DubboConfigConfiguration,DubboConfigConfiguration,,C:/Users/ismak/Documents/GitHub/relation_test_code_smell_ML/dataset/projects/dubbo/dubbo-config/dubbo-config-spring/src/test/java/org/apache/dubbo/config/spring/context/annotation/DubboConfigConfigurationTest.java,0,0,1,4,0,0,0,0,0,0,1,1,1,0,0,0,0,0,0,0,0,0,0,0,0,0,0,0,0,0,0,1,0,0,0
dubbo,org/apache/dubbo/config/spring/context/annotation/EnableDubbo,EnableDubbo,,C:/Users/ismak/Documents/GitHub/relation_test_code_smell_ML/dataset/projects/dubbo/dubbo-compatible/src/test/java/org/apache/dubbo/config/spring/context/annotation/EnableDubboTest.java,0,0,1,4,0,0,0,0,0,0,1,1,1,0,0,0,0,0,0,0,0,0,0,0,0,0,0,0,0,0,0,1,0,0,0
dubbo,org/apache/dubbo/config/spring/context/annotation/EnableDubbo,EnableDubbo,,C:/Users/ismak/Documents/GitHub/relation_test_code_smell_ML/dataset/projects/dubbo/dubbo-config/dubbo-config-spring/src/test/java/org/apache/dubbo/config/spring/context/annotation/EnableDubboTest.java,0,0,1,4,0,0,0,0,0,0,1,1,1,0,0,0,0,0,0,0,0,0,0,0,0,0,0,0,0,0,0,1,0,0,0
dubbo,org/apache/dubbo/config/spring/context/annotation/EnableDubboConfig,EnableDubboConfig,,C:/Users/ismak/Documents/GitHub/relation_test_code_smell_ML/dataset/projects/dubbo/dubbo-compatible/src/test/java/org/apache/dubbo/config/spring/context/annotation/EnableDubboConfigTest.java,0,0,1,5,0,0,0,0,0,0,1,1,1,0,1,0,0,0,0,0,0,0,0,0,0,0,0,0,0,0,0,0,0,1,0
dubbo,org/apache/dubbo/config/spring/context/annotation/EnableDubboConfig,EnableDubboConfig,,C:/Users/ismak/Documents/GitHub/relation_test_code_smell_ML/dataset/projects/dubbo/dubbo-config/dubbo-config-spring/src/test/java/org/apache/dubbo/config/spring/context/annotation/EnableDubboConfigTest.java,0,0,1,5,0,0,0,0,0,0,1,1,1,0,1,0,0,0,0,0,0,0,0,0,0,0,0,0,0,0,0,0,0,1,0
dubbo,org/apache/dubbo/config/spring/context/annotation/consumer/test/ConsumerConfiguration,ConsumerConfiguration,,C:/Users/ismak/Documents/GitHub/relation_test_code_smell_ML/dataset/projects/dubbo/dubbo-compatible/src/test/java/org/apache/dubbo/config/spring/context/annotation/consumer/test/TestConsumerConfiguration.java,0,0,1,3,0,0,0,0,0,0,1,1,1,0,0,0,0,0,0,0,0,0,0,0,0,0,0,0,0,0,0,0,0,0,0
dubbo,org/apache/dubbo/config/spring/context/annotation/consumer/test/ConsumerConfiguration,ConsumerConfiguration,,C:/Users/ismak/Documents/GitHub/relation_test_code_smell_ML/dataset/projects/dubbo/dubbo-config/dubbo-config-spring/src/test/java/org/apache/dubbo/config/spring/context/annotation/consumer/test/TestConsumerConfiguration.java,0,0,1,3,0,0,0,0,0,0,1,1,1,0,0,0,0,0,0,0,0,0,0,0,0,0,0,0,0,0,0,0,0,0,0
dubbo,org/apache/dubbo/config/spring/context/customize/DubboSpringInitCustomizer,DubboSpringInitCustomizer,,C:/Users/ismak/Documents/GitHub/relation_test_code_smell_ML/dataset/projects/dubbo/dubbo-config/dubbo-config-spring/src/test/java/org/apache/dubbo/config/spring/context/customize/DubboSpringInitCustomizerTest.java,0,0,1,4,0,0,0,0,0,0,1,1,1,0,0,0,0,0,0,0,0,0,0,0,0,0,0,0,0,0,0,1,0,0,0
dubbo,org/apache/dubbo/config/spring/context/properties/DefaultDubboConfigBinder,DefaultDubboConfigBinder,,C:/Users/ismak/Documents/GitHub/relation_test_code_smell_ML/dataset/projects/dubbo/dubbo-config/dubbo-config-spring/src/test/java/org/apache/dubbo/config/spring/context/properties/DefaultDubboConfigBinderTest.java,0,0,1,4,0,0,0,0,0,0,1,1,1,0,0,0,0,0,0,0,0,0,0,0,0,0,0,0,0,0,0,1,0,0,0
dubbo,org/apache/dubbo/config/spring/extension/SpringExtensionInjector,SpringExtensionInjector,,C:/Users/ismak/Documents/GitHub/relation_test_code_smell_ML/dataset/projects/dubbo/dubbo-config/dubbo-config-spring/src/test/java/org/apache/dubbo/config/spring/extension/SpringExtensionInjectorTest.java,0,0,1,4,0,0,0,0,0,0,1,1,1,0,0,0,0,0,0,0,0,0,0,0,0,0,0,0,0,0,0,1,0,0,0
dubbo,org/apache/dubbo/config/spring/isolation/api/ApiIsolation,ApiIsolation,,C:/Users/ismak/Documents/GitHub/relation_test_code_smell_ML/dataset/projects/dubbo/dubbo-config/dubbo-config-spring/src/test/java/org/apache/dubbo/config/spring/isolation/api/ApiIsolationTest.java,0,0,1,7,0,0,0,0,0,0,1,1,1,0,1,1,0,0,0,1,0,0,0,0,0,0,0,0,0,0,0,0,0,1,0
dubbo,org/apache/dubbo/config/spring/isolation/spring/Base,Base,,C:/Users/ismak/Documents/GitHub/relation_test_code_smell_ML/dataset/projects/dubbo/dubbo-config/dubbo-config-spring/src/test/java/org/apache/dubbo/config/spring/isolation/spring/BaseTest.java,0,0,1,5,0,0,0,0,0,0,1,1,1,0,0,0,0,0,0,1,0,0,0,0,0,0,0,0,0,0,1,0,0,0,0
dubbo,org/apache/dubbo/config/spring/isolation/spring/annotation/AnnotationIsolation,AnnotationIsolation,,C:/Users/ismak/Documents/GitHub/relation_test_code_smell_ML/dataset/projects/dubbo/dubbo-config/dubbo-config-spring/src/test/java/org/apache/dubbo/config/spring/isolation/spring/annotation/AnnotationIsolationTest.java,0,0,1,4,0,0,0,0,0,0,1,1,1,0,0,0,0,0,0,1,0,0,0,0,0,0,0,0,0,0,0,0,0,0,0
dubbo,org/apache/dubbo/config/spring/isolation/spring/xml/XmlIsolation,XmlIsolation,,C:/Users/ismak/Documents/GitHub/relation_test_code_smell_ML/dataset/projects/dubbo/dubbo-config/dubbo-config-spring/src/test/java/org/apache/dubbo/config/spring/isolation/spring/xml/XmlIsolationTest.java,0,0,1,4,0,0,0,0,0,0,1,1,1,0,0,0,0,0,0,1,0,0,0,0,0,0,0,0,0,0,0,0,0,0,0
dubbo,org/apache/dubbo/config/spring/issues/issue6000/Issue6000,Issue6000,,C:/Users/ismak/Documents/GitHub/relation_test_code_smell_ML/dataset/projects/dubbo/dubbo-config/dubbo-config-spring/src/test/java/org/apache/dubbo/config/spring/issues/issue6000/Issue6000Test.java,0,0,1,4,0,0,0,0,0,0,1,1,1,0,0,0,0,0,0,0,0,0,0,0,0,0,0,0,0,0,0,1,0,0,0
dubbo,org/apache/dubbo/config/spring/issues/issue6252/Issue6252,Issue6252,,C:/Users/ismak/Documents/GitHub/relation_test_code_smell_ML/dataset/projects/dubbo/dubbo-config/dubbo-config-spring/src/test/java/org/apache/dubbo/config/spring/issues/issue6252/Issue6252Test.java,0,0,1,4,0,0,0,0,0,0,1,1,1,0,0,0,0,0,0,0,0,0,0,0,0,0,0,0,0,0,0,1,0,0,0
dubbo,org/apache/dubbo/config/spring/issues/issue7003/Issue7003,Issue7003,,C:/Users/ismak/Documents/GitHub/relation_test_code_smell_ML/dataset/projects/dubbo/dubbo-config/dubbo-config-spring/src/test/java/org/apache/dubbo/config/spring/issues/issue7003/Issue7003Test.java,0,0,1,4,0,0,0,0,0,0,1,1,1,0,0,0,0,0,0,0,0,0,0,0,0,0,0,0,0,0,0,1,0,0,0
dubbo,org/apache/dubbo/config/spring/issues/issue9172/MultipleConsumerAndProvider,MultipleConsumerAndProvider,,C:/Users/ismak/Documents/GitHub/relation_test_code_smell_ML/dataset/projects/dubbo/dubbo-config/dubbo-config-spring/src/test/java/org/apache/dubbo/config/spring/issues/issue9172/MultipleConsumerAndProviderTest.java,0,0,1,4,0,0,0,0,0,0,1,1,1,0,0,0,0,0,0,0,0,0,0,0,0,0,0,0,0,0,0,1,0,0,0
dubbo,org/apache/dubbo/config/spring/issues/issue9207/ConfigCenterBean,ConfigCenterBean,,C:/Users/ismak/Documents/GitHub/relation_test_code_smell_ML/dataset/projects/dubbo/dubbo-config/dubbo-config-spring/src/test/java/org/apache/dubbo/config/spring/issues/issue9207/ConfigCenterBeanTest.java,0,0,1,4,0,0,0,0,0,0,1,1,1,0,0,0,0,0,0,0,0,0,0,0,0,0,0,0,0,0,0,1,0,0,0
dubbo,org/apache/dubbo/config/spring/metrics/SpringBootConfigMetrics,SpringBootConfigMetrics,,C:/Users/ismak/Documents/GitHub/relation_test_code_smell_ML/dataset/projects/dubbo/dubbo-config/dubbo-config-spring/src/test/java/org/apache/dubbo/config/spring/metrics/SpringBootConfigMetricsTest.java,0,0,1,5,0,0,0,0,0,0,1,1,1,0,1,0,0,0,0,0,0,0,0,0,0,0,0,0,0,0,0,0,0,1,0
dubbo,org/apache/dubbo/config/spring/propertyconfigurer/consumer/PropertyConfigurer,PropertyConfigurer,,C:/Users/ismak/Documents/GitHub/relation_test_code_smell_ML/dataset/projects/dubbo/dubbo-config/dubbo-config-spring/src/test/java/org/apache/dubbo/config/spring/propertyconfigurer/consumer/PropertyConfigurerTest.java,0,0,1,4,0,0,0,0,0,0,1,1,1,0,0,0,0,0,0,0,0,0,0,0,0,0,0,0,0,0,0,1,0,0,0
dubbo,org/apache/dubbo/config/spring/propertyconfigurer/consumer2/PropertySourcesConfigurer,PropertySourcesConfigurer,,C:/Users/ismak/Documents/GitHub/relation_test_code_smell_ML/dataset/projects/dubbo/dubbo-config/dubbo-config-spring/src/test/java/org/apache/dubbo/config/spring/propertyconfigurer/consumer2/PropertySourcesConfigurerTest.java,0,0,1,4,0,0,0,0,0,0,1,1,1,0,0,0,0,0,0,0,0,0,0,0,0,0,0,0,0,0,0,1,0,0,0
dubbo,org/apache/dubbo/config/spring/propertyconfigurer/consumer3/PropertySourcesInJavaConfig,PropertySourcesInJavaConfig,,C:/Users/ismak/Documents/GitHub/relation_test_code_smell_ML/dataset/projects/dubbo/dubbo-config/dubbo-config-spring/src/test/java/org/apache/dubbo/config/spring/propertyconfigurer/consumer3/PropertySourcesInJavaConfigTest.java,0,0,1,4,0,0,0,0,0,0,1,1,1,0,0,0,0,0,0,0,0,0,0,0,0,0,0,0,0,0,0,1,0,0,0
dubbo,org/apache/dubbo/config/spring/reference/DubboConfigBeanInitializer,DubboConfigBeanInitializer,,C:/Users/ismak/Documents/GitHub/relation_test_code_smell_ML/dataset/projects/dubbo/dubbo-config/dubbo-config-spring/src/test/java/org/apache/dubbo/config/spring/reference/DubboConfigBeanInitializerTest.java,0,0,1,4,0,0,0,0,0,0,1,1,1,0,0,0,0,0,0,0,0,0,0,0,0,0,0,0,0,0,0,1,0,0,0
dubbo,org/apache/dubbo/config/spring/reference/ReferenceBeanBuilder,ReferenceBeanBuilder,dataset/projects/dubbo/dubbo-config/dubbo-config-spring/src/main/java/org/apache/dubbo/config/spring/reference/ReferenceBeanBuilder.java,,1,1,0,0,0,0,0,0,0,1,0,0,0,0,0,0,0,0,0,0,0,0,0,0,0,0,0,0,0,0,0,0,0,0,0
dubbo,org/apache/dubbo/config/spring/reference/ReferenceBeanSupport,ReferenceBeanSupport,dataset/projects/dubbo/dubbo-config/dubbo-config-spring/src/main/java/org/apache/dubbo/config/spring/reference/ReferenceBeanSupport.java,,1,4,0,0,0,3,0,1,0,0,0,0,0,0,0,0,0,0,0,0,0,0,0,0,0,0,0,0,0,0,0,0,0,0,0
dubbo,org/apache/dubbo/config/spring/reference/ReferenceKey,ReferenceKey,,C:/Users/ismak/Documents/GitHub/relation_test_code_smell_ML/dataset/projects/dubbo/dubbo-config/dubbo-config-spring/src/test/java/org/apache/dubbo/config/spring/reference/ReferenceKeyTest.java,0,0,1,5,0,0,0,0,0,0,1,1,1,0,0,0,0,0,0,1,0,0,0,0,0,0,0,0,0,0,0,1,0,0,0
dubbo,org/apache/dubbo/config/spring/reference/javaconfig/JavaConfigReferenceBean,JavaConfigReferenceBean,,C:/Users/ismak/Documents/GitHub/relation_test_code_smell_ML/dataset/projects/dubbo/dubbo-config/dubbo-config-spring/src/test/java/org/apache/dubbo/config/spring/reference/javaconfig/JavaConfigReferenceBeanTest.java,0,0,1,7,0,0,0,0,0,0,1,1,1,0,0,1,0,0,0,1,0,0,0,0,0,0,0,0,0,0,1,1,0,0,0
dubbo,org/apache/dubbo/config/spring/reference/localcall/LocalCall,LocalCall,,C:/Users/ismak/Documents/GitHub/relation_test_code_smell_ML/dataset/projects/dubbo/dubbo-config/dubbo-config-spring/src/test/java/org/apache/dubbo/config/spring/reference/localcall/LocalCallTest.java,0,0,1,4,0,0,0,0,0,0,1,1,1,0,0,0,0,0,0,0,0,0,0,0,0,0,0,0,0,0,0,1,0,0,0
dubbo,org/apache/dubbo/config/spring/reference/localcalla/LocalCallReferenceAnnotation,LocalCallReferenceAnnotation,,C:/Users/ismak/Documents/GitHub/relation_test_code_smell_ML/dataset/projects/dubbo/dubbo-config/dubbo-config-spring/src/test/java/org/apache/dubbo/config/spring/reference/localcalla/LocalCallReferenceAnnotationTest.java,0,0,1,4,0,0,0,0,0,0,1,1,1,0,0,0,0,0,0,0,0,0,0,0,0,0,0,0,0,0,0,1,0,0,0
dubbo,org/apache/dubbo/config/spring/reference/localcallam/LocalCallMultipleReferenceAnnotations,LocalCallMultipleReferenceAnnotations,,C:/Users/ismak/Documents/GitHub/relation_test_code_smell_ML/dataset/projects/dubbo/dubbo-config/dubbo-config-spring/src/test/java/org/apache/dubbo/config/spring/reference/localcallam/LocalCallMultipleReferenceAnnotationsTest.java,0,0,1,4,0,0,0,0,0,0,1,1,1,0,0,0,0,0,0,0,0,0,0,0,0,0,0,0,0,0,0,1,0,0,0
dubbo,org/apache/dubbo/config/spring/reference/localcallmix/LocalCallReferenceMix,LocalCallReferenceMix,,C:/Users/ismak/Documents/GitHub/relation_test_code_smell_ML/dataset/projects/dubbo/dubbo-config/dubbo-config-spring/src/test/java/org/apache/dubbo/config/spring/reference/localcallmix/LocalCallReferenceMixTest.java,0,0,1,4,0,0,0,0,0,0,1,1,1,0,0,0,0,0,0,0,0,0,0,0,0,0,0,0,0,0,0,1,0,0,0
dubbo,org/apache/dubbo/config/spring/reference/registryNA/consumer/DubboXmlConsumer,DubboXmlConsumer,,C:/Users/ismak/Documents/GitHub/relation_test_code_smell_ML/dataset/projects/dubbo/dubbo-config/dubbo-config-spring/src/test/java/org/apache/dubbo/config/spring/reference/registryNA/consumer/DubboXmlConsumerTest.java,0,0,1,4,0,0,0,0,0,0,1,1,1,0,0,0,0,0,0,0,0,0,0,0,0,0,0,0,0,0,0,1,0,0,0
dubbo,org/apache/dubbo/config/spring/reference/registryNA/provider/DubboXmlProvider,DubboXmlProvider,,C:/Users/ismak/Documents/GitHub/relation_test_code_smell_ML/dataset/projects/dubbo/dubbo-config/dubbo-config-spring/src/test/java/org/apache/dubbo/config/spring/reference/registryNA/provider/DubboXmlProviderTest.java,0,0,1,4,0,0,0,0,0,0,1,1,1,0,0,0,0,0,0,0,0,0,0,0,0,0,0,0,0,0,0,1,0,0,0
dubbo,org/apache/dubbo/config/spring/registry/nacos/nacos/NacosServiceName,NacosServiceName,,C:/Users/ismak/Documents/GitHub/relation_test_code_smell_ML/dataset/projects/dubbo/dubbo-config/dubbo-config-spring/src/test/java/org/apache/dubbo/config/spring/registry/nacos/nacos/NacosServiceNameTest.java,0,0,1,4,0,0,0,0,0,0,1,1,1,0,0,0,0,0,0,0,0,0,0,0,0,0,0,0,0,0,0,1,0,0,0
dubbo,org/apache/dubbo/config/spring/schema/DubboBeanDefinitionParser,DubboBeanDefinitionParser,dataset/projects/dubbo/dubbo-config/dubbo-config-spring/src/main/java/org/apache/dubbo/config/spring/schema/DubboBeanDefinitionParser.java,,1,11,0,0,1,8,0,1,0,1,0,0,0,0,0,0,0,0,0,0,0,0,0,0,0,0,0,0,0,0,0,0,0,0,0
dubbo,org/apache/dubbo/config/spring/schema/DubboNamespaceHandler,DubboNamespaceHandler,,C:/Users/ismak/Documents/GitHub/relation_test_code_smell_ML/dataset/projects/dubbo/dubbo-config/dubbo-config-spring/src/test/java/org/apache/dubbo/config/spring/schema/DubboNamespaceHandlerTest.java,0,0,1,4,0,0,0,0,0,0,1,1,1,0,0,0,0,0,0,0,0,0,0,0,0,0,0,0,0,0,0,1,0,0,0
dubbo,org/apache/dubbo/config/spring/schema/GenericService,GenericService,,C:/Users/ismak/Documents/GitHub/relation_test_code_smell_ML/dataset/projects/dubbo/dubbo-config/dubbo-config-spring/src/test/java/org/apache/dubbo/config/spring/schema/GenericServiceTest.java,0,0,1,4,0,0,0,0,0,0,1,1,1,0,0,0,0,0,0,0,0,0,0,0,0,0,0,0,0,0,0,1,0,0,0
dubbo,org/apache/dubbo/config/spring/schema/GenericServiceWithoutInterface,GenericServiceWithoutInterface,,C:/Users/ismak/Documents/GitHub/relation_test_code_smell_ML/dataset/projects/dubbo/dubbo-config/dubbo-config-spring/src/test/java/org/apache/dubbo/config/spring/schema/GenericServiceWithoutInterfaceTest.java,0,0,1,4,0,0,0,0,0,0,1,1,1,0,0,0,0,0,0,0,0,0,0,0,0,0,0,0,0,0,0,1,0,0,0
dubbo,org/apache/dubbo/config/spring/status/DataSourceStatusChecker,DataSourceStatusChecker,,C:/Users/ismak/Documents/GitHub/relation_test_code_smell_ML/dataset/projects/dubbo/dubbo-config/dubbo-config-spring/src/test/java/org/apache/dubbo/config/spring/status/DataSourceStatusCheckerTest.java,0,0,1,4,0,0,0,0,0,0,1,1,1,0,0,0,0,0,0,0,0,0,0,0,0,0,0,0,0,0,0,1,0,0,0
dubbo,org/apache/dubbo/config/spring/status/SpringStatusChecker,SpringStatusChecker,dataset/projects/dubbo/dubbo-config/dubbo-config-spring/src/main/java/org/apache/dubbo/config/spring/status/SpringStatusChecker.java,C:/Users/ismak/Documents/GitHub/relation_test_code_smell_ML/dataset/projects/dubbo/dubbo-config/dubbo-config-spring/src/test/java/org/apache/dubbo/config/spring/status/SpringStatusCheckerTest.java,1,1,1,4,0,1,0,0,0,0,1,1,1,0,0,0,0,0,0,0,0,0,0,0,0,0,0,0,0,0,0,1,0,0,0
dubbo,org/apache/dubbo/config/spring/util/AnnotationUtils,AnnotationUtils,dataset/projects/dubbo/dubbo-config/dubbo-config-spring/src/main/java/org/apache/dubbo/config/spring/util/AnnotationUtils.java,,1,4,0,0,1,1,0,1,0,1,0,0,0,0,0,0,0,0,0,0,0,0,0,0,0,0,0,0,0,0,0,0,0,0,0
dubbo,org/apache/dubbo/config/spring/util/DubboAnnotationUtils,DubboAnnotationUtils,dataset/projects/dubbo/dubbo-config/dubbo-config-spring/src/main/java/org/apache/dubbo/config/spring/util/DubboAnnotationUtils.java,,1,1,0,0,0,1,0,0,0,0,0,0,0,0,0,0,0,0,0,0,0,0,0,0,0,0,0,0,0,0,0,0,0,0,0
dubbo,org/apache/dubbo/config/spring/util/EnvironmentUtils,EnvironmentUtils,,C:/Users/ismak/Documents/GitHub/relation_test_code_smell_ML/dataset/projects/dubbo/dubbo-config/dubbo-config-spring/src/test/java/org/apache/dubbo/config/spring/util/EnvironmentUtilsTest.java,0,0,1,4,0,0,0,0,0,0,1,1,1,0,0,0,0,0,0,0,0,0,0,0,0,0,0,0,0,0,0,1,0,0,0
dubbo,org/apache/dubbo/config/spring/util/LazyTargetInvocationHandler,LazyTargetInvocationHandler,dataset/projects/dubbo/dubbo-config/dubbo-config-spring/src/main/java/org/apache/dubbo/config/spring/util/LazyTargetInvocationHandler.java,,1,1,0,0,0,1,0,0,0,0,0,0,0,0,0,0,0,0,0,0,0,0,0,0,0,0,0,0,0,0,0,0,0,0,0
dubbo,org/apache/dubbo/config/spring6/beans/factory/annotation/ReferenceAnnotationWithAotBeanPostProcessor,ReferenceAnnotationWithAotBeanPostProcessor,dataset/projects/dubbo/dubbo-config/dubbo-config-spring6/src/main/java/org/apache/dubbo/config/spring6/beans/factory/annotation/ReferenceAnnotationWithAotBeanPostProcessor.java,,1,2,0,0,1,1,0,0,0,0,0,0,0,0,0,0,0,0,0,0,0,0,0,0,0,0,0,0,0,0,0,0,0,0,0
dubbo,org/apache/dubbo/config/spring6/utils/AotUtils,AotUtils,,C:/Users/ismak/Documents/GitHub/relation_test_code_smell_ML/dataset/projects/dubbo/dubbo-config/dubbo-config-spring6/src/test/java/org/apache/dubbo/config/spring6/utils/AotUtilsTest.java,0,0,1,3,0,0,0,0,0,0,1,1,1,0,0,0,0,0,0,0,0,0,0,0,0,0,0,0,0,0,0,0,0,0,0
dubbo,org/apache/dubbo/config/url/ExporterSideConfigUrl,ExporterSideConfigUrl,,C:/Users/ismak/Documents/GitHub/relation_test_code_smell_ML/dataset/projects/dubbo/dubbo-config/dubbo-config-api/src/test/java/org/apache/dubbo/config/url/ExporterSideConfigUrlTest.java,0,0,1,3,0,0,0,0,0,0,1,1,1,0,0,0,0,0,0,0,0,0,0,0,0,0,0,0,0,0,0,0,0,0,0
dubbo,org/apache/dubbo/config/url/InvokerSideConfigUrl,InvokerSideConfigUrl,,C:/Users/ismak/Documents/GitHub/relation_test_code_smell_ML/dataset/projects/dubbo/dubbo-config/dubbo-config-api/src/test/java/org/apache/dubbo/config/url/InvokerSideConfigUrlTest.java,0,0,1,3,0,0,0,0,0,0,1,1,1,0,0,0,0,0,0,0,0,0,0,0,0,0,0,0,0,0,0,0,0,0,0
dubbo,org/apache/dubbo/config/utils/CompositeReferenceCache,CompositeReferenceCache,dataset/projects/dubbo/dubbo-config/dubbo-config-api/src/main/java/org/apache/dubbo/config/utils/CompositeReferenceCache.java,,1,1,0,0,0,0,0,0,0,1,0,0,0,0,0,0,0,0,0,0,0,0,0,0,0,0,0,0,0,0,0,0,0,0,0
dubbo,org/apache/dubbo/config/utils/ConfigValidationUtils,ConfigValidationUtils,dataset/projects/dubbo/dubbo-config/dubbo-config-api/src/main/java/org/apache/dubbo/config/utils/ConfigValidationUtils.java,C:/Users/ismak/Documents/GitHub/relation_test_code_smell_ML/dataset/projects/dubbo/dubbo-config/dubbo-config-api/src/test/java/org/apache/dubbo/config/utils/ConfigValidationUtilsTest.java,1,6,1,4,1,3,0,1,0,1,1,1,1,0,0,0,0,0,0,0,0,0,0,0,0,0,0,0,0,0,0,1,0,0,0
dubbo,org/apache/dubbo/config/utils/DefaultConfigValidator,DefaultConfigValidator,dataset/projects/dubbo/dubbo-config/dubbo-config-api/src/main/java/org/apache/dubbo/config/utils/DefaultConfigValidator.java,,1,1,0,0,0,1,0,0,0,0,0,0,0,0,0,0,0,0,0,0,0,0,0,0,0,0,0,0,0,0,0,0,0,0,0
dubbo,org/apache/dubbo/config/utils/PreferSerializationProvider,PreferSerializationProvider,,C:/Users/ismak/Documents/GitHub/relation_test_code_smell_ML/dataset/projects/dubbo/dubbo-config/dubbo-config-api/src/test/java/org/apache/dubbo/config/utils/TestPreferSerializationProvider.java,0,0,1,3,0,0,0,0,0,0,1,1,1,0,0,0,0,0,0,0,0,0,0,0,0,0,0,0,0,0,0,0,0,0,0
dubbo,org/apache/dubbo/config/utils/ReferenceCache,ReferenceCache,,C:/Users/ismak/Documents/GitHub/relation_test_code_smell_ML/dataset/projects/dubbo/dubbo-config/dubbo-config-api/src/test/java/org/apache/dubbo/config/utils/ReferenceCacheTest.java,0,0,1,4,0,0,0,0,0,0,1,1,1,0,0,0,0,0,0,0,0,0,0,0,0,0,0,0,0,0,0,1,0,0,0
dubbo,org/apache/dubbo/config/utils/SimpleReferenceCache,SimpleReferenceCache,dataset/projects/dubbo/dubbo-config/dubbo-config-api/src/main/java/org/apache/dubbo/config/utils/SimpleReferenceCache.java,,1,1,0,0,0,0,0,0,0,1,0,0,0,0,0,0,0,0,0,0,0,0,0,0,0,0,0,0,0,0,0,0,0,0,0
dubbo,org/apache/dubbo/configcenter/support/apollo/ApolloDynamicConfiguration,ApolloDynamicConfiguration,dataset/projects/dubbo/dubbo-configcenter/dubbo-configcenter-apollo/src/main/java/org/apache/dubbo/configcenter/support/apollo/ApolloDynamicConfiguration.java,C:/Users/ismak/Documents/GitHub/relation_test_code_smell_ML/dataset/projects/dubbo/dubbo-configcenter/dubbo-configcenter-apollo/src/test/java/org/apache/dubbo/configcenter/support/apollo/ApolloDynamicConfigurationTest.java,1,1,1,4,0,1,0,0,0,0,1,1,1,0,0,0,0,0,0,0,0,0,0,0,0,0,0,0,0,0,0,1,0,0,0
dubbo,org/apache/dubbo/configcenter/support/nacos/NacosDynamicConfiguration,NacosDynamicConfiguration,dataset/projects/dubbo/dubbo-configcenter/dubbo-configcenter-nacos/src/main/java/org/apache/dubbo/configcenter/support/nacos/NacosDynamicConfiguration.java,C:/Users/ismak/Documents/GitHub/relation_test_code_smell_ML/dataset/projects/dubbo/dubbo-configcenter/dubbo-configcenter-nacos/src/test/java/org/apache/dubbo/configcenter/support/nacos/NacosDynamicConfigurationTest.java,1,3,1,4,0,1,0,1,0,1,1,1,1,0,0,0,0,0,0,0,0,0,0,0,0,0,0,0,0,0,0,1,0,0,0
dubbo,org/apache/dubbo/configcenter/support/nacos/Retry,Retry,,C:/Users/ismak/Documents/GitHub/relation_test_code_smell_ML/dataset/projects/dubbo/dubbo-configcenter/dubbo-configcenter-nacos/src/test/java/org/apache/dubbo/configcenter/support/nacos/RetryTest.java,0,0,1,4,0,0,0,0,0,0,1,1,1,0,0,0,0,0,0,0,0,0,0,0,0,0,0,0,0,0,0,1,0,0,0
dubbo,org/apache/dubbo/configcenter/support/zookeeper/ZookeeperDynamicConfiguration,ZookeeperDynamicConfiguration,,C:/Users/ismak/Documents/GitHub/relation_test_code_smell_ML/dataset/projects/dubbo/dubbo-configcenter/dubbo-configcenter-zookeeper/src/test/java/org/apache/dubbo/configcenter/support/zookeeper/ZookeeperDynamicConfigurationTest.java,0,0,1,4,0,0,0,0,0,0,1,1,1,0,0,0,0,0,0,0,0,0,0,0,0,0,0,0,0,0,0,1,0,0,0
dubbo,org/apache/dubbo/echo/EchoService,EchoService,,C:/Users/ismak/Documents/GitHub/relation_test_code_smell_ML/dataset/projects/dubbo/dubbo-compatible/src/test/java/org/apache/dubbo/echo/EchoServiceTest.java,0,0,1,4,0,0,0,0,0,0,1,1,1,0,0,0,0,0,0,0,0,0,0,0,0,0,0,0,0,0,0,1,0,0,0
dubbo,org/apache/dubbo/filter/Filter,Filter,,C:/Users/ismak/Documents/GitHub/relation_test_code_smell_ML/dataset/projects/dubbo/dubbo-compatible/src/test/java/org/apache/dubbo/filter/FilterTest.java,0,0,1,4,0,0,0,0,0,0,1,1,1,0,0,0,0,0,0,0,0,0,0,0,0,0,0,0,0,0,0,1,0,0,0
dubbo,org/apache/dubbo/gen/AbstractGenerator,AbstractGenerator,dataset/projects/dubbo/dubbo-plugin/dubbo-compiler/src/main/java/org/apache/dubbo/gen/AbstractGenerator.java,,1,5,0,0,1,1,0,1,1,1,0,0,0,0,0,0,0,0,0,0,0,0,0,0,0,0,0,0,0,0,0,0,0,0,0
dubbo,org/apache/dubbo/generic/GenericService,GenericService,,C:/Users/ismak/Documents/GitHub/relation_test_code_smell_ML/dataset/projects/dubbo/dubbo-compatible/src/test/java/org/apache/dubbo/generic/GenericServiceTest.java,0,0,1,4,0,0,0,0,0,0,1,1,1,0,0,0,0,0,0,0,0,0,0,0,0,0,0,0,0,0,0,1,0,0,0
dubbo,org/apache/dubbo/maven/plugin/protoc/DubboProtocCompilerMojo,DubboProtocCompilerMojo,dataset/projects/dubbo/dubbo-maven-plugin/src/main/java/org/apache/dubbo/maven/plugin/protoc/DubboProtocCompilerMojo.java,,1,9,0,0,1,5,0,1,1,1,0,0,0,0,0,0,0,0,0,0,0,0,0,0,0,0,0,0,0,0,0,0,0,0,0
dubbo,org/apache/dubbo/maven/plugin/protoc/LinuxDubboProtocPluginWrapper,LinuxDubboProtocPluginWrapper,dataset/projects/dubbo/dubbo-maven-plugin/src/main/java/org/apache/dubbo/maven/plugin/protoc/LinuxDubboProtocPluginWrapper.java,,1,1,0,0,0,1,0,0,0,0,0,0,0,0,0,0,0,0,0,0,0,0,0,0,0,0,0,0,0,0,0,0,0,0,0
dubbo,org/apache/dubbo/mcp/JsonSchemaType,JsonSchemaType,,C:/Users/ismak/Documents/GitHub/relation_test_code_smell_ML/dataset/projects/dubbo/dubbo-plugin/dubbo-mcp/src/test/java/org/apache/dubbo/mcp/JsonSchemaTypeTest.java,0,0,1,4,0,0,0,0,0,0,1,1,1,0,0,0,0,0,0,0,0,0,0,0,0,0,0,0,0,0,0,1,0,0,0
dubbo,org/apache/dubbo/mcp/annotations/McpTool,McpTool,,C:/Users/ismak/Documents/GitHub/relation_test_code_smell_ML/dataset/projects/dubbo/dubbo-plugin/dubbo-mcp/src/test/java/org/apache/dubbo/mcp/annotations/McpToolTest.java,0,0,1,4,0,0,0,0,0,0,1,1,1,0,0,0,0,0,0,0,0,0,0,0,0,0,0,0,0,0,0,1,0,0,0
dubbo,org/apache/dubbo/mcp/core/McpApplicationDeployListener,McpApplicationDeployListener,dataset/projects/dubbo/dubbo-plugin/dubbo-mcp/src/main/java/org/apache/dubbo/mcp/core/McpApplicationDeployListener.java,C:/Users/ismak/Documents/GitHub/relation_test_code_smell_ML/dataset/projects/dubbo/dubbo-plugin/dubbo-mcp/src/test/java/org/apache/dubbo/mcp/core/McpApplicationDeployListenerTest.java,1,1,1,4,1,0,0,0,0,0,1,1,1,0,0,0,0,0,0,0,0,0,0,0,0,0,0,0,0,0,0,1,0,0,0
dubbo,org/apache/dubbo/mcp/core/McpServiceExportListener,McpServiceExportListener,,C:/Users/ismak/Documents/GitHub/relation_test_code_smell_ML/dataset/projects/dubbo/dubbo-plugin/dubbo-mcp/src/test/java/org/apache/dubbo/mcp/core/McpServiceExportListenerTest.java,0,0,1,6,0,0,0,0,0,0,1,1,1,0,0,0,0,0,1,0,0,0,0,0,0,0,0,0,0,0,1,1,0,0,0
dubbo,org/apache/dubbo/mcp/core/McpServiceFilter,McpServiceFilter,dataset/projects/dubbo/dubbo-plugin/dubbo-mcp/src/main/java/org/apache/dubbo/mcp/core/McpServiceFilter.java,C:/Users/ismak/Documents/GitHub/relation_test_code_smell_ML/dataset/projects/dubbo/dubbo-plugin/dubbo-mcp/src/test/java/org/apache/dubbo/mcp/core/McpServiceFilterTest.java,1,5,1,4,0,4,0,1,0,0,1,1,1,0,0,0,0,0,0,0,0,0,0,0,0,0,0,0,0,0,0,1,0,0,0
dubbo,org/apache/dubbo/mcp/tool/DubboMcpGenericCaller,DubboMcpGenericCaller,dataset/projects/dubbo/dubbo-plugin/dubbo-mcp/src/main/java/org/apache/dubbo/mcp/tool/DubboMcpGenericCaller.java,C:/Users/ismak/Documents/GitHub/relation_test_code_smell_ML/dataset/projects/dubbo/dubbo-plugin/dubbo-mcp/src/test/java/org/apache/dubbo/mcp/tool/DubboMcpGenericCallerTest.java,1,1,1,4,0,1,0,0,0,0,1,1,1,0,0,0,0,0,0,0,0,0,0,0,0,0,0,0,0,0,0,1,0,0,0
dubbo,org/apache/dubbo/mcp/tool/DubboOpenApiToolConverter,DubboOpenApiToolConverter,dataset/projects/dubbo/dubbo-plugin/dubbo-mcp/src/main/java/org/apache/dubbo/mcp/tool/DubboOpenApiToolConverter.java,C:/Users/ismak/Documents/GitHub/relation_test_code_smell_ML/dataset/projects/dubbo/dubbo-plugin/dubbo-mcp/src/test/java/org/apache/dubbo/mcp/tool/DubboOpenApiToolConverterTest.java,1,3,1,4,1,1,0,1,0,0,1,1,1,0,0,0,0,0,0,0,0,0,0,0,0,0,0,0,0,0,0,1,0,0,0
dubbo,org/apache/dubbo/mcp/tool/DubboServiceToolRegistry,DubboServiceToolRegistry,dataset/projects/dubbo/dubbo-plugin/dubbo-mcp/src/main/java/org/apache/dubbo/mcp/tool/DubboServiceToolRegistry.java,C:/Users/ismak/Documents/GitHub/relation_test_code_smell_ML/dataset/projects/dubbo/dubbo-plugin/dubbo-mcp/src/test/java/org/apache/dubbo/mcp/tool/DubboServiceToolRegistryTest.java,1,5,1,4,1,2,0,1,0,1,1,1,1,0,0,0,0,0,0,0,0,0,0,0,0,0,0,0,0,0,0,1,0,0,0
dubbo,org/apache/dubbo/mcp/transport/DubboMcpSseTransportProvider,DubboMcpSseTransportProvider,,C:/Users/ismak/Documents/GitHub/relation_test_code_smell_ML/dataset/projects/dubbo/dubbo-plugin/dubbo-mcp/src/test/java/org/apache/dubbo/mcp/transport/DubboMcpSseTransportProviderTest.java,0,0,1,3,0,0,0,0,0,0,1,1,1,0,0,0,0,0,0,0,0,0,0,0,0,0,0,0,0,0,0,0,0,0,0
dubbo,org/apache/dubbo/mcp/transport/DubboMcpStreamableTransportProvider,DubboMcpStreamableTransportProvider,dataset/projects/dubbo/dubbo-plugin/dubbo-mcp/src/main/java/org/apache/dubbo/mcp/transport/DubboMcpStreamableTransportProvider.java,C:/Users/ismak/Documents/GitHub/relation_test_code_smell_ML/dataset/projects/dubbo/dubbo-plugin/dubbo-mcp/src/test/java/org/apache/dubbo/mcp/transport/DubboMcpStreamableTransportProviderTest.java,1,2,1,3,0,2,0,0,0,0,1,1,1,0,0,0,0,0,0,0,0,0,0,0,0,0,0,0,0,0,0,0,0,0,0
dubbo,org/apache/dubbo/mcp/util/TypeSchemaUtils,TypeSchemaUtils,dataset/projects/dubbo/dubbo-plugin/dubbo-mcp/src/main/java/org/apache/dubbo/mcp/util/TypeSchemaUtils.java,C:/Users/ismak/Documents/GitHub/relation_test_code_smell_ML/dataset/projects/dubbo/dubbo-plugin/dubbo-mcp/src/test/java/org/apache/dubbo/mcp/util/TypeSchemaUtilsTest.java,1,2,1,4,0,1,0,1,0,0,1,1,1,0,0,0,0,0,0,0,0,0,0,0,0,0,0,0,0,0,0,1,0,0,0
dubbo,org/apache/dubbo/metadata/AbstractServiceNameMapping,AbstractServiceNameMapping,,C:/Users/ismak/Documents/GitHub/relation_test_code_smell_ML/dataset/projects/dubbo/dubbo-metadata/dubbo-metadata-api/src/test/java/org/apache/dubbo/metadata/AbstractServiceNameMappingTest.java,0,0,1,4,0,0,0,0,0,0,1,1,1,0,0,0,0,0,0,0,0,0,0,0,0,0,0,0,0,0,0,1,0,0,0
dubbo,org/apache/dubbo/metadata/DubboMetadataServiceV2Triple,DubboMetadataServiceV2Triple,dataset/projects/dubbo/dubbo-metadata/dubbo-metadata-api/src/main/java/org/apache/dubbo/metadata/DubboMetadataServiceV2Triple.java,,1,1,0,0,1,0,0,0,0,0,0,0,0,0,0,0,0,0,0,0,0,0,0,0,0,0,0,0,0,0,0,0,0,0,0
dubbo,org/apache/dubbo/metadata/MetadataInfo,MetadataInfo,dataset/projects/dubbo/dubbo-metadata/dubbo-metadata-api/src/main/java/org/apache/dubbo/metadata/MetadataInfo.java,C:/Users/ismak/Documents/GitHub/relation_test_code_smell_ML/dataset/projects/dubbo/dubbo-metadata/dubbo-metadata-api/src/test/java/org/apache/dubbo/metadata/MetadataInfoTest.java,1,9,1,4,1,3,0,2,1,2,1,1,1,0,0,0,0,0,0,0,0,0,0,0,0,0,0,0,0,0,0,1,0,0,0
dubbo,org/apache/dubbo/metadata/MetadataInfoV2,MetadataInfoV2,dataset/projects/dubbo/dubbo-metadata/dubbo-metadata-api/src/main/java/org/apache/dubbo/metadata/MetadataInfoV2.java,,1,7,0,0,1,2,0,2,0,2,0,0,0,0,0,0,0,0,0,0,0,0,0,0,0,0,0,0,0,0,0,0,0,0,0
dubbo,org/apache/dubbo/metadata/MetadataRequest,MetadataRequest,dataset/projects/dubbo/dubbo-metadata/dubbo-metadata-api/src/main/java/org/apache/dubbo/metadata/MetadataRequest.java,,1,3,0,0,0,0,0,1,0,2,0,0,0,0,0,0,0,0,0,0,0,0,0,0,0,0,0,0,0,0,0,0,0,0,0
dubbo,org/apache/dubbo/metadata/OpenAPIInfo,OpenAPIInfo,dataset/projects/dubbo/dubbo-metadata/dubbo-metadata-api/src/main/java/org/apache/dubbo/metadata/OpenAPIInfo.java,,1,3,0,0,0,0,0,1,0,2,0,0,0,0,0,0,0,0,0,0,0,0,0,0,0,0,0,0,0,0,0,0,0,0,0
dubbo,org/apache/dubbo/metadata/OpenAPIRequest,OpenAPIRequest,dataset/projects/dubbo/dubbo-metadata/dubbo-metadata-api/src/main/java/org/apache/dubbo/metadata/OpenAPIRequest.java,,1,10,0,0,1,5,0,2,0,2,0,0,0,0,0,0,0,0,0,0,0,0,0,0,0,0,0,0,0,0,0,0,0,0,0
dubbo,org/apache/dubbo/metadata/ServiceInfoV2,ServiceInfoV2,dataset/projects/dubbo/dubbo-metadata/dubbo-metadata-api/src/main/java/org/apache/dubbo/metadata/ServiceInfoV2.java,,1,9,0,0,1,4,0,2,0,2,0,0,0,0,0,0,0,0,0,0,0,0,0,0,0,0,0,0,0,0,0,0,0,0,0
dubbo,org/apache/dubbo/metadata/annotation/processing/AbstractAnnotationProcessing,AbstractAnnotationProcessing,,C:/Users/ismak/Documents/GitHub/relation_test_code_smell_ML/dataset/projects/dubbo/dubbo-compatible/src/test/java/org/apache/dubbo/metadata/annotation/processing/AbstractAnnotationProcessingTest.java,0,0,1,3,0,0,0,0,0,0,1,1,1,0,0,0,0,0,0,0,0,0,0,0,0,0,0,0,0,0,0,0,0,0,0
dubbo,org/apache/dubbo/metadata/annotation/processing/AbstractAnnotationProcessing,AbstractAnnotationProcessing,,C:/Users/ismak/Documents/GitHub/relation_test_code_smell_ML/dataset/projects/dubbo/dubbo-metadata/dubbo-metadata-processor/src/test/java/org/apache/dubbo/metadata/annotation/processing/AbstractAnnotationProcessingTest.java,0,0,1,3,0,0,0,0,0,0,1,1,1,0,0,0,0,0,0,0,0,0,0,0,0,0,0,0,0,0,0,0,0,0,0
dubbo,org/apache/dubbo/metadata/annotation/processing/builder/ArrayTypeDefinitionBuilder,ArrayTypeDefinitionBuilder,,C:/Users/ismak/Documents/GitHub/relation_test_code_smell_ML/dataset/projects/dubbo/dubbo-compatible/src/test/java/org/apache/dubbo/metadata/annotation/processing/builder/ArrayTypeDefinitionBuilderTest.java,0,0,1,4,0,0,0,0,0,0,1,1,1,0,0,0,0,0,0,0,0,0,0,0,0,0,0,0,0,0,0,1,0,0,0
dubbo,org/apache/dubbo/metadata/annotation/processing/builder/ArrayTypeDefinitionBuilder,ArrayTypeDefinitionBuilder,,C:/Users/ismak/Documents/GitHub/relation_test_code_smell_ML/dataset/projects/dubbo/dubbo-metadata/dubbo-metadata-processor/src/test/java/org/apache/dubbo/metadata/annotation/processing/builder/ArrayTypeDefinitionBuilderTest.java,0,0,1,4,0,0,0,0,0,0,1,1,1,0,0,0,0,0,0,0,0,0,0,0,0,0,0,0,0,0,0,1,0,0,0
dubbo,org/apache/dubbo/metadata/annotation/processing/builder/CollectionTypeDefinitionBuilder,CollectionTypeDefinitionBuilder,,C:/Users/ismak/Documents/GitHub/relation_test_code_smell_ML/dataset/projects/dubbo/dubbo-compatible/src/test/java/org/apache/dubbo/metadata/annotation/processing/builder/CollectionTypeDefinitionBuilderTest.java,0,0,1,4,0,0,0,0,0,0,1,1,1,0,0,0,0,0,0,0,0,0,0,0,0,0,0,0,0,0,0,1,0,0,0
dubbo,org/apache/dubbo/metadata/annotation/processing/builder/CollectionTypeDefinitionBuilder,CollectionTypeDefinitionBuilder,,C:/Users/ismak/Documents/GitHub/relation_test_code_smell_ML/dataset/projects/dubbo/dubbo-metadata/dubbo-metadata-processor/src/test/java/org/apache/dubbo/metadata/annotation/processing/builder/CollectionTypeDefinitionBuilderTest.java,0,0,1,4,0,0,0,0,0,0,1,1,1,0,0,0,0,0,0,0,0,0,0,0,0,0,0,0,0,0,0,1,0,0,0
dubbo,org/apache/dubbo/metadata/annotation/processing/builder/EnumTypeDefinitionBuilder,EnumTypeDefinitionBuilder,,C:/Users/ismak/Documents/GitHub/relation_test_code_smell_ML/dataset/projects/dubbo/dubbo-compatible/src/test/java/org/apache/dubbo/metadata/annotation/processing/builder/EnumTypeDefinitionBuilderTest.java,0,0,1,4,0,0,0,0,0,0,1,1,1,0,0,0,0,0,0,0,0,0,0,0,0,0,0,0,0,0,0,1,0,0,0
dubbo,org/apache/dubbo/metadata/annotation/processing/builder/EnumTypeDefinitionBuilder,EnumTypeDefinitionBuilder,,C:/Users/ismak/Documents/GitHub/relation_test_code_smell_ML/dataset/projects/dubbo/dubbo-metadata/dubbo-metadata-processor/src/test/java/org/apache/dubbo/metadata/annotation/processing/builder/EnumTypeDefinitionBuilderTest.java,0,0,1,4,0,0,0,0,0,0,1,1,1,0,0,0,0,0,0,0,0,0,0,0,0,0,0,0,0,0,0,1,0,0,0
dubbo,org/apache/dubbo/metadata/annotation/processing/builder/GeneralTypeDefinitionBuilder,GeneralTypeDefinitionBuilder,,C:/Users/ismak/Documents/GitHub/relation_test_code_smell_ML/dataset/projects/dubbo/dubbo-compatible/src/test/java/org/apache/dubbo/metadata/annotation/processing/builder/GeneralTypeDefinitionBuilderTest.java,0,0,1,4,0,0,0,0,0,0,1,1,1,0,0,0,0,0,0,0,0,0,0,0,0,0,0,0,0,0,0,1,0,0,0
dubbo,org/apache/dubbo/metadata/annotation/processing/builder/GeneralTypeDefinitionBuilder,GeneralTypeDefinitionBuilder,,C:/Users/ismak/Documents/GitHub/relation_test_code_smell_ML/dataset/projects/dubbo/dubbo-metadata/dubbo-metadata-processor/src/test/java/org/apache/dubbo/metadata/annotation/processing/builder/GeneralTypeDefinitionBuilderTest.java,0,0,1,4,0,0,0,0,0,0,1,1,1,0,0,0,0,0,0,0,0,0,0,0,0,0,0,0,0,0,0,1,0,0,0
dubbo,org/apache/dubbo/metadata/annotation/processing/builder/MapTypeDefinitionBuilder,MapTypeDefinitionBuilder,,C:/Users/ismak/Documents/GitHub/relation_test_code_smell_ML/dataset/projects/dubbo/dubbo-compatible/src/test/java/org/apache/dubbo/metadata/annotation/processing/builder/MapTypeDefinitionBuilderTest.java,0,0,1,4,0,0,0,0,0,0,1,1,1,0,0,0,0,0,0,0,0,0,0,0,0,0,0,0,0,0,0,1,0,0,0
dubbo,org/apache/dubbo/metadata/annotation/processing/builder/MapTypeDefinitionBuilder,MapTypeDefinitionBuilder,,C:/Users/ismak/Documents/GitHub/relation_test_code_smell_ML/dataset/projects/dubbo/dubbo-metadata/dubbo-metadata-processor/src/test/java/org/apache/dubbo/metadata/annotation/processing/builder/MapTypeDefinitionBuilderTest.java,0,0,1,4,0,0,0,0,0,0,1,1,1,0,0,0,0,0,0,0,0,0,0,0,0,0,0,0,0,0,0,1,0,0,0
dubbo,org/apache/dubbo/metadata/annotation/processing/builder/PrimitiveTypeDefinitionBuilder,PrimitiveTypeDefinitionBuilder,,C:/Users/ismak/Documents/GitHub/relation_test_code_smell_ML/dataset/projects/dubbo/dubbo-compatible/src/test/java/org/apache/dubbo/metadata/annotation/processing/builder/PrimitiveTypeDefinitionBuilderTest.java,0,0,1,4,0,0,0,0,0,0,1,1,1,0,0,0,0,0,0,0,0,0,0,0,0,0,0,0,0,0,0,1,0,0,0
dubbo,org/apache/dubbo/metadata/annotation/processing/builder/PrimitiveTypeDefinitionBuilder,PrimitiveTypeDefinitionBuilder,,C:/Users/ismak/Documents/GitHub/relation_test_code_smell_ML/dataset/projects/dubbo/dubbo-metadata/dubbo-metadata-processor/src/test/java/org/apache/dubbo/metadata/annotation/processing/builder/PrimitiveTypeDefinitionBuilderTest.java,0,0,1,4,0,0,0,0,0,0,1,1,1,0,0,0,0,0,0,0,0,0,0,0,0,0,0,0,0,0,0,1,0,0,0
dubbo,org/apache/dubbo/metadata/annotation/processing/builder/ServiceDefinitionBuilder,ServiceDefinitionBuilder,,C:/Users/ismak/Documents/GitHub/relation_test_code_smell_ML/dataset/projects/dubbo/dubbo-compatible/src/test/java/org/apache/dubbo/metadata/annotation/processing/builder/ServiceDefinitionBuilderTest.java,0,0,1,4,0,0,0,0,0,0,1,1,1,0,0,0,0,0,0,0,0,0,0,0,0,0,0,0,0,0,0,1,0,0,0
dubbo,org/apache/dubbo/metadata/annotation/processing/builder/ServiceDefinitionBuilder,ServiceDefinitionBuilder,,C:/Users/ismak/Documents/GitHub/relation_test_code_smell_ML/dataset/projects/dubbo/dubbo-metadata/dubbo-metadata-processor/src/test/java/org/apache/dubbo/metadata/annotation/processing/builder/ServiceDefinitionBuilderTest.java,0,0,1,4,0,0,0,0,0,0,1,1,1,0,0,0,0,0,0,0,0,0,0,0,0,0,0,0,0,0,0,1,0,0,0
dubbo,org/apache/dubbo/metadata/annotation/processing/builder/SimpleTypeDefinitionBuilder,SimpleTypeDefinitionBuilder,,C:/Users/ismak/Documents/GitHub/relation_test_code_smell_ML/dataset/projects/dubbo/dubbo-compatible/src/test/java/org/apache/dubbo/metadata/annotation/processing/builder/SimpleTypeDefinitionBuilderTest.java,0,0,1,4,0,0,0,0,0,0,1,1,1,0,0,0,0,0,0,0,0,0,0,0,0,0,0,0,0,0,0,1,0,0,0
dubbo,org/apache/dubbo/metadata/annotation/processing/builder/SimpleTypeDefinitionBuilder,SimpleTypeDefinitionBuilder,,C:/Users/ismak/Documents/GitHub/relation_test_code_smell_ML/dataset/projects/dubbo/dubbo-metadata/dubbo-metadata-processor/src/test/java/org/apache/dubbo/metadata/annotation/processing/builder/SimpleTypeDefinitionBuilderTest.java,0,0,1,4,0,0,0,0,0,0,1,1,1,0,0,0,0,0,0,0,0,0,0,0,0,0,0,0,0,0,0,1,0,0,0
dubbo,org/apache/dubbo/metadata/annotation/processing/util/AnnotationUtils,AnnotationUtils,,C:/Users/ismak/Documents/GitHub/relation_test_code_smell_ML/dataset/projects/dubbo/dubbo-compatible/src/test/java/org/apache/dubbo/metadata/annotation/processing/util/AnnotationUtilsTest.java,0,0,1,4,0,0,0,0,0,0,1,1,1,0,0,0,0,0,0,0,0,0,0,0,0,0,0,0,0,0,0,1,0,0,0
dubbo,org/apache/dubbo/metadata/annotation/processing/util/AnnotationUtils,AnnotationUtils,,C:/Users/ismak/Documents/GitHub/relation_test_code_smell_ML/dataset/projects/dubbo/dubbo-metadata/dubbo-metadata-processor/src/test/java/org/apache/dubbo/metadata/annotation/processing/util/AnnotationUtilsTest.java,0,0,1,4,0,0,0,0,0,0,1,1,1,0,0,0,0,0,0,0,0,0,0,0,0,0,0,0,0,0,0,1,0,0,0
dubbo,org/apache/dubbo/metadata/annotation/processing/util/FieldUtils,FieldUtils,,C:/Users/ismak/Documents/GitHub/relation_test_code_smell_ML/dataset/projects/dubbo/dubbo-compatible/src/test/java/org/apache/dubbo/metadata/annotation/processing/util/FieldUtilsTest.java,0,0,1,4,0,0,0,0,0,0,1,1,1,0,0,0,0,0,0,0,0,0,0,0,0,0,0,0,0,0,0,1,0,0,0
dubbo,org/apache/dubbo/metadata/annotation/processing/util/FieldUtils,FieldUtils,,C:/Users/ismak/Documents/GitHub/relation_test_code_smell_ML/dataset/projects/dubbo/dubbo-metadata/dubbo-metadata-processor/src/test/java/org/apache/dubbo/metadata/annotation/processing/util/FieldUtilsTest.java,0,0,1,4,0,0,0,0,0,0,1,1,1,0,0,0,0,0,0,0,0,0,0,0,0,0,0,0,0,0,0,1,0,0,0
dubbo,org/apache/dubbo/metadata/annotation/processing/util/LoggerUtils,LoggerUtils,,C:/Users/ismak/Documents/GitHub/relation_test_code_smell_ML/dataset/projects/dubbo/dubbo-compatible/src/test/java/org/apache/dubbo/metadata/annotation/processing/util/LoggerUtilsTest.java,0,0,1,4,0,0,0,0,0,0,1,1,1,0,0,0,0,0,0,0,0,0,0,0,0,0,0,0,0,0,0,1,0,0,0
dubbo,org/apache/dubbo/metadata/annotation/processing/util/LoggerUtils,LoggerUtils,,C:/Users/ismak/Documents/GitHub/relation_test_code_smell_ML/dataset/projects/dubbo/dubbo-metadata/dubbo-metadata-processor/src/test/java/org/apache/dubbo/metadata/annotation/processing/util/LoggerUtilsTest.java,0,0,1,4,0,0,0,0,0,0,1,1,1,0,0,0,0,0,0,0,0,0,0,0,0,0,0,0,0,0,0,1,0,0,0
dubbo,org/apache/dubbo/metadata/annotation/processing/util/MemberUtils,MemberUtils,,C:/Users/ismak/Documents/GitHub/relation_test_code_smell_ML/dataset/projects/dubbo/dubbo-compatible/src/test/java/org/apache/dubbo/metadata/annotation/processing/util/MemberUtilsTest.java,0,0,1,4,0,0,0,0,0,0,1,1,1,0,0,0,0,0,0,0,0,0,0,0,0,0,0,0,0,0,0,1,0,0,0
dubbo,org/apache/dubbo/metadata/annotation/processing/util/MemberUtils,MemberUtils,,C:/Users/ismak/Documents/GitHub/relation_test_code_smell_ML/dataset/projects/dubbo/dubbo-metadata/dubbo-metadata-processor/src/test/java/org/apache/dubbo/metadata/annotation/processing/util/MemberUtilsTest.java,0,0,1,4,0,0,0,0,0,0,1,1,1,0,0,0,0,0,0,0,0,0,0,0,0,0,0,0,0,0,0,1,0,0,0
dubbo,org/apache/dubbo/metadata/annotation/processing/util/MethodUtils,MethodUtils,,C:/Users/ismak/Documents/GitHub/relation_test_code_smell_ML/dataset/projects/dubbo/dubbo-compatible/src/test/java/org/apache/dubbo/metadata/annotation/processing/util/MethodUtilsTest.java,0,0,1,4,0,0,0,0,0,0,1,1,1,0,0,0,0,0,0,0,0,0,0,0,0,0,0,0,0,0,0,1,0,0,0
dubbo,org/apache/dubbo/metadata/annotation/processing/util/MethodUtils,MethodUtils,,C:/Users/ismak/Documents/GitHub/relation_test_code_smell_ML/dataset/projects/dubbo/dubbo-metadata/dubbo-metadata-processor/src/test/java/org/apache/dubbo/metadata/annotation/processing/util/MethodUtilsTest.java,0,0,1,4,0,0,0,0,0,0,1,1,1,0,0,0,0,0,0,0,0,0,0,0,0,0,0,0,0,0,0,1,0,0,0
dubbo,org/apache/dubbo/metadata/annotation/processing/util/ServiceAnnotationUtils,ServiceAnnotationUtils,,C:/Users/ismak/Documents/GitHub/relation_test_code_smell_ML/dataset/projects/dubbo/dubbo-compatible/src/test/java/org/apache/dubbo/metadata/annotation/processing/util/ServiceAnnotationUtilsTest.java,0,0,1,4,0,0,0,0,0,0,1,1,1,0,0,0,0,0,0,0,0,0,0,0,0,0,0,0,0,0,0,1,0,0,0
dubbo,org/apache/dubbo/metadata/annotation/processing/util/ServiceAnnotationUtils,ServiceAnnotationUtils,,C:/Users/ismak/Documents/GitHub/relation_test_code_smell_ML/dataset/projects/dubbo/dubbo-metadata/dubbo-metadata-processor/src/test/java/org/apache/dubbo/metadata/annotation/processing/util/ServiceAnnotationUtilsTest.java,0,0,1,4,0,0,0,0,0,0,1,1,1,0,0,0,0,0,0,0,0,0,0,0,0,0,0,0,0,0,0,1,0,0,0
dubbo,org/apache/dubbo/metadata/annotation/processing/util/TypeUtils,TypeUtils,dataset/projects/dubbo/dubbo-metadata/dubbo-metadata-processor/src/main/java/org/apache/dubbo/metadata/annotation/processing/util/TypeUtils.java,C:/Users/ismak/Documents/GitHub/relation_test_code_smell_ML/dataset/projects/dubbo/dubbo-compatible/src/test/java/org/apache/dubbo/metadata/annotation/processing/util/TypeUtilsTest.java,1,1,1,7,0,0,0,0,0,1,1,1,1,0,1,0,0,0,0,1,0,0,0,0,0,0,0,0,0,0,0,1,1,0,0
dubbo,org/apache/dubbo/metadata/annotation/processing/util/TypeUtils,TypeUtils,dataset/projects/dubbo/dubbo-metadata/dubbo-metadata-processor/src/main/java/org/apache/dubbo/metadata/annotation/processing/util/TypeUtils.java,C:/Users/ismak/Documents/GitHub/relation_test_code_smell_ML/dataset/projects/dubbo/dubbo-metadata/dubbo-metadata-processor/src/test/java/org/apache/dubbo/metadata/annotation/processing/util/TypeUtilsTest.java,1,1,1,7,0,0,0,0,0,1,1,1,1,0,1,0,0,0,0,1,0,0,0,0,0,0,0,0,0,0,0,1,1,0,0
dubbo,org/apache/dubbo/metadata/definition/3TypeBuilder,3TypeBuilder,,C:/Users/ismak/Documents/GitHub/relation_test_code_smell_ML/dataset/projects/dubbo/dubbo-common/src/test/java/org/apache/dubbo/metadata/definition/Test3TypeBuilder.java,0,0,1,3,0,0,0,0,0,0,1,1,1,0,0,0,0,0,0,0,0,0,0,0,0,0,0,0,0,0,0,0,0,0,0
dubbo,org/apache/dubbo/metadata/definition/DefaultTypeBuilder,DefaultTypeBuilder,,C:/Users/ismak/Documents/GitHub/relation_test_code_smell_ML/dataset/projects/dubbo/dubbo-common/src/test/java/org/apache/dubbo/metadata/definition/DefaultTypeBuilderTest.java,0,0,1,4,0,0,0,0,0,0,1,1,1,0,0,0,0,0,0,0,0,0,0,0,0,0,0,0,0,0,0,1,0,0,0
dubbo,org/apache/dubbo/metadata/definition/Metadata,Metadata,,C:/Users/ismak/Documents/GitHub/relation_test_code_smell_ML/dataset/projects/dubbo/dubbo-common/src/test/java/org/apache/dubbo/metadata/definition/MetadataTest.java,0,0,1,4,0,0,0,0,0,0,1,1,1,0,0,0,0,0,0,0,0,0,0,0,0,0,0,0,0,0,0,1,0,0,0
dubbo,org/apache/dubbo/metadata/definition/ServiceDefinitionBuilder,ServiceDefinitionBuilder,,C:/Users/ismak/Documents/GitHub/relation_test_code_smell_ML/dataset/projects/dubbo/dubbo-common/src/test/java/org/apache/dubbo/metadata/definition/ServiceDefinitionBuilderTest.java,0,0,1,4,0,0,0,0,0,0,1,1,1,0,0,0,0,0,0,0,0,0,0,0,0,0,0,0,0,0,0,1,0,0,0
dubbo,org/apache/dubbo/metadata/definition/TypeBuilder,TypeBuilder,,C:/Users/ismak/Documents/GitHub/relation_test_code_smell_ML/dataset/projects/dubbo/dubbo-common/src/test/java/org/apache/dubbo/metadata/definition/TestTypeBuilder.java,0,0,1,3,0,0,0,0,0,0,1,1,1,0,0,0,0,0,0,0,0,0,0,0,0,0,0,0,0,0,0,0,0,0,0
dubbo,org/apache/dubbo/metadata/definition/TypeDefinitionBuilder,TypeDefinitionBuilder,,C:/Users/ismak/Documents/GitHub/relation_test_code_smell_ML/dataset/projects/dubbo/dubbo-common/src/test/java/org/apache/dubbo/metadata/definition/TypeDefinitionBuilderTest.java,0,0,1,4,0,0,0,0,0,0,1,1,1,0,0,0,0,0,0,0,0,0,0,0,0,0,0,0,0,0,0,1,0,0,0
dubbo,org/apache/dubbo/metadata/definition/common/Service,Service,,C:/Users/ismak/Documents/GitHub/relation_test_code_smell_ML/dataset/projects/dubbo/dubbo-common/src/test/java/org/apache/dubbo/metadata/definition/common/TestService.java,0,0,1,3,0,0,0,0,0,0,1,1,1,0,0,0,0,0,0,0,0,0,0,0,0,0,0,0,0,0,0,0,0,0,0
dubbo,org/apache/dubbo/metadata/definition/protobuf/ProtobufTypeBuilder,ProtobufTypeBuilder,dataset/projects/dubbo/dubbo-metadata/dubbo-metadata-definition-protobuf/src/main/java/org/apache/dubbo/metadata/definition/protobuf/ProtobufTypeBuilder.java,C:/Users/ismak/Documents/GitHub/relation_test_code_smell_ML/dataset/projects/dubbo/dubbo-metadata/dubbo-metadata-definition-protobuf/src/test/java/org/apache/dubbo/metadata/definition/protobuf/ProtobufTypeBuilderTest.java,1,2,1,4,0,1,0,0,0,1,1,1,1,0,0,0,0,0,0,0,0,0,0,0,0,0,0,0,0,0,0,1,0,0,0
dubbo,org/apache/dubbo/metadata/definition/util/ClassUtils,ClassUtils,dataset/projects/dubbo/dubbo-common/src/main/java/org/apache/dubbo/metadata/definition/util/ClassUtils.java,,1,1,0,0,0,1,0,0,0,0,0,0,0,0,0,0,0,0,0,0,0,0,0,0,0,0,0,0,0,0,0,0,0,0,0
dubbo,org/apache/dubbo/metadata/report/MetadataReport,MetadataReport,dataset/projects/dubbo/dubbo-metadata/dubbo-metadata-api/src/main/java/org/apache/dubbo/metadata/report/MetadataReport.java,,1,1,0,0,0,0,0,0,0,1,0,0,0,0,0,0,0,0,0,0,0,0,0,0,0,0,0,0,0,0,0,0,0,0,0
dubbo,org/apache/dubbo/metadata/report/MetadataReportInstance,MetadataReportInstance,,C:/Users/ismak/Documents/GitHub/relation_test_code_smell_ML/dataset/projects/dubbo/dubbo-metadata/dubbo-metadata-api/src/test/java/org/apache/dubbo/metadata/report/MetadataReportInstanceTest.java,0,0,1,4,0,0,0,0,0,0,1,1,1,0,0,0,0,0,0,0,0,0,0,0,0,0,0,0,0,0,0,1,0,0,0
dubbo,org/apache/dubbo/metadata/report/identifier/BaseApplicationMetadataIdentifier,BaseApplicationMetadataIdentifier,,C:/Users/ismak/Documents/GitHub/relation_test_code_smell_ML/dataset/projects/dubbo/dubbo-metadata/dubbo-metadata-api/src/test/java/org/apache/dubbo/metadata/report/identifier/BaseApplicationMetadataIdentifierTest.java,0,0,1,3,0,0,0,0,0,0,1,1,1,0,0,0,0,0,0,0,0,0,0,0,0,0,0,0,0,0,0,0,0,0,0
dubbo,org/apache/dubbo/metadata/report/identifier/BaseServiceMetadataIdentifier,BaseServiceMetadataIdentifier,,C:/Users/ismak/Documents/GitHub/relation_test_code_smell_ML/dataset/projects/dubbo/dubbo-metadata/dubbo-metadata-api/src/test/java/org/apache/dubbo/metadata/report/identifier/BaseServiceMetadataIdentifierTest.java,0,0,1,3,0,0,0,0,0,0,1,1,1,0,0,0,0,0,0,0,0,0,0,0,0,0,0,0,0,0,0,0,0,0,0
dubbo,org/apache/dubbo/metadata/report/identifier/KeyTypeEnum,KeyTypeEnum,,C:/Users/ismak/Documents/GitHub/relation_test_code_smell_ML/dataset/projects/dubbo/dubbo-metadata/dubbo-metadata-api/src/test/java/org/apache/dubbo/metadata/report/identifier/KeyTypeEnumTest.java,0,0,1,4,0,0,0,0,0,0,1,1,1,0,0,0,0,0,0,0,0,0,0,0,0,0,0,0,0,0,0,1,0,0,0
dubbo,org/apache/dubbo/metadata/report/identifier/MetadataIdentifier,MetadataIdentifier,,C:/Users/ismak/Documents/GitHub/relation_test_code_smell_ML/dataset/projects/dubbo/dubbo-metadata/dubbo-metadata-api/src/test/java/org/apache/dubbo/metadata/report/identifier/MetadataIdentifierTest.java,0,0,1,4,0,0,0,0,0,0,1,1,1,0,0,0,0,0,0,0,0,0,0,0,0,0,0,0,0,0,0,1,0,0,0
dubbo,org/apache/dubbo/metadata/report/identifier/ServiceMetadataIdentifier,ServiceMetadataIdentifier,,C:/Users/ismak/Documents/GitHub/relation_test_code_smell_ML/dataset/projects/dubbo/dubbo-metadata/dubbo-metadata-api/src/test/java/org/apache/dubbo/metadata/report/identifier/ServiceMetadataIdentifierTest.java,0,0,1,4,0,0,0,0,0,0,1,1,1,0,0,0,0,0,0,0,0,0,0,0,0,0,0,0,0,0,0,1,0,0,0
dubbo,org/apache/dubbo/metadata/report/identifier/SubscriberMetadataIdentifier,SubscriberMetadataIdentifier,,C:/Users/ismak/Documents/GitHub/relation_test_code_smell_ML/dataset/projects/dubbo/dubbo-metadata/dubbo-metadata-api/src/test/java/org/apache/dubbo/metadata/report/identifier/SubscriberMetadataIdentifierTest.java,0,0,1,4,0,0,0,0,0,0,1,1,1,0,0,0,0,0,0,0,0,0,0,0,0,0,0,0,0,0,0,1,0,0,0
dubbo,org/apache/dubbo/metadata/report/support/AbstractMetadataReport,AbstractMetadataReport,dataset/projects/dubbo/dubbo-metadata/dubbo-metadata-api/src/main/java/org/apache/dubbo/metadata/report/support/AbstractMetadataReport.java,C:/Users/ismak/Documents/GitHub/relation_test_code_smell_ML/dataset/projects/dubbo/dubbo-metadata/dubbo-metadata-api/src/test/java/org/apache/dubbo/metadata/report/support/AbstractMetadataReportTest.java,1,6,1,4,1,3,0,1,0,1,1,1,1,0,0,0,0,0,0,0,0,0,0,0,0,0,0,0,0,0,0,1,0,0,0
dubbo,org/apache/dubbo/metadata/report/support/AbstractMetadataReportFactory,AbstractMetadataReportFactory,dataset/projects/dubbo/dubbo-metadata/dubbo-metadata-api/src/main/java/org/apache/dubbo/metadata/report/support/AbstractMetadataReportFactory.java,C:/Users/ismak/Documents/GitHub/relation_test_code_smell_ML/dataset/projects/dubbo/dubbo-metadata/dubbo-metadata-api/src/test/java/org/apache/dubbo/metadata/report/support/AbstractMetadataReportFactoryTest.java,1,1,1,4,0,1,0,0,0,0,1,1,1,0,0,0,0,0,0,0,0,0,0,0,0,0,0,0,0,0,0,1,0,0,0
dubbo,org/apache/dubbo/metadata/store/nacos/NacosMetadataReport,NacosMetadataReport,dataset/projects/dubbo/dubbo-metadata/dubbo-metadata-report-nacos/src/main/java/org/apache/dubbo/metadata/store/nacos/NacosMetadataReport.java,,1,5,0,0,1,2,0,1,0,1,0,0,0,0,0,0,0,0,0,0,0,0,0,0,0,0,0,0,0,0,0,0,0,0,0
dubbo,org/apache/dubbo/metadata/store/nacos/Retry,Retry,,C:/Users/ismak/Documents/GitHub/relation_test_code_smell_ML/dataset/projects/dubbo/dubbo-metadata/dubbo-metadata-report-nacos/src/test/java/org/apache/dubbo/metadata/store/nacos/RetryTest.java,0,0,1,4,0,0,0,0,0,0,1,1,1,0,0,0,0,0,0,0,0,0,0,0,0,0,0,0,0,0,0,1,0,0,0
dubbo,org/apache/dubbo/metadata/store/zookeeper/ZookeeperMetadataReport,ZookeeperMetadataReport,dataset/projects/dubbo/dubbo-metadata/dubbo-metadata-report-zookeeper/src/main/java/org/apache/dubbo/metadata/store/zookeeper/ZookeeperMetadataReport.java,C:/Users/ismak/Documents/GitHub/relation_test_code_smell_ML/dataset/projects/dubbo/dubbo-metadata/dubbo-metadata-report-zookeeper/src/test/java/org/apache/dubbo/metadata/store/zookeeper/ZookeeperMetadataReportTest.java,1,1,1,4,0,0,0,0,0,1,1,1,1,0,0,0,0,0,0,0,0,0,0,0,0,0,0,0,0,0,0,1,0,0,0
dubbo,org/apache/dubbo/metadata/test/JTestMetadataReport4,JTestMetadataReport4,,C:/Users/ismak/Documents/GitHub/relation_test_code_smell_ML/dataset/projects/dubbo/dubbo-metadata/dubbo-metadata-api/src/test/java/org/apache/dubbo/metadata/test/JTestMetadataReport4Test.java,0,0,1,4,0,0,0,0,0,0,1,1,1,0,0,0,1,0,0,0,0,0,0,0,0,0,0,0,0,0,0,0,0,0,0
dubbo,org/apache/dubbo/metadata/test/JTestMetadataReportFactory4,JTestMetadataReportFactory4,,C:/Users/ismak/Documents/GitHub/relation_test_code_smell_ML/dataset/projects/dubbo/dubbo-metadata/dubbo-metadata-api/src/test/java/org/apache/dubbo/metadata/test/JTestMetadataReportFactory4Test.java,0,0,1,3,0,0,0,0,0,0,1,1,1,0,0,0,0,0,0,0,0,0,0,0,0,0,0,0,0,0,0,0,0,0,0
dubbo,org/apache/dubbo/metadata/tools/Compiler,Compiler,,C:/Users/ismak/Documents/GitHub/relation_test_code_smell_ML/dataset/projects/dubbo/dubbo-compatible/src/test/java/org/apache/dubbo/metadata/tools/CompilerTest.java,0,0,1,4,0,0,0,0,0,0,1,1,1,0,0,0,0,0,0,0,0,0,0,0,0,0,0,0,0,0,0,1,0,0,0
dubbo,org/apache/dubbo/metadata/tools/Compiler,Compiler,,C:/Users/ismak/Documents/GitHub/relation_test_code_smell_ML/dataset/projects/dubbo/dubbo-metadata/dubbo-metadata-processor/src/test/java/org/apache/dubbo/metadata/tools/CompilerTest.java,0,0,1,4,0,0,0,0,0,0,1,1,1,0,0,0,0,0,0,0,0,0,0,0,0,0,0,0,0,0,0,1,0,0,0
dubbo,org/apache/dubbo/metadata/tools/Processor,Processor,,C:/Users/ismak/Documents/GitHub/relation_test_code_smell_ML/dataset/projects/dubbo/dubbo-compatible/src/test/java/org/apache/dubbo/metadata/tools/TestProcessor.java,0,0,1,3,0,0,0,0,0,0,1,1,1,0,0,0,0,0,0,0,0,0,0,0,0,0,0,0,0,0,0,0,0,0,0
dubbo,org/apache/dubbo/metadata/tools/Processor,Processor,,C:/Users/ismak/Documents/GitHub/relation_test_code_smell_ML/dataset/projects/dubbo/dubbo-metadata/dubbo-metadata-processor/src/test/java/org/apache/dubbo/metadata/tools/TestProcessor.java,0,0,1,3,0,0,0,0,0,0,1,1,1,0,0,0,0,0,0,0,0,0,0,0,0,0,0,0,0,0,0,0,0,0,0
dubbo,org/apache/dubbo/metadata/tools/Service,Service,,C:/Users/ismak/Documents/GitHub/relation_test_code_smell_ML/dataset/projects/dubbo/dubbo-compatible/src/test/java/org/apache/dubbo/metadata/tools/TestService.java,0,0,1,4,0,0,0,0,0,0,1,1,1,0,0,0,0,0,0,0,0,0,0,0,0,0,0,0,0,0,0,1,0,0,0
dubbo,org/apache/dubbo/metadata/tools/Service,Service,,C:/Users/ismak/Documents/GitHub/relation_test_code_smell_ML/dataset/projects/dubbo/dubbo-metadata/dubbo-metadata-processor/src/test/java/org/apache/dubbo/metadata/tools/TestService.java,0,0,1,4,0,0,0,0,0,0,1,1,1,0,0,0,0,0,0,0,0,0,0,0,0,0,0,0,0,0,0,1,0,0,0
dubbo,org/apache/dubbo/metadata/tools/ServiceImpl,ServiceImpl,,C:/Users/ismak/Documents/GitHub/relation_test_code_smell_ML/dataset/projects/dubbo/dubbo-compatible/src/test/java/org/apache/dubbo/metadata/tools/TestServiceImpl.java,0,0,1,3,0,0,0,0,0,0,1,1,1,0,0,0,0,0,0,0,0,0,0,0,0,0,0,0,0,0,0,0,0,0,0
dubbo,org/apache/dubbo/metadata/tools/ServiceImpl,ServiceImpl,,C:/Users/ismak/Documents/GitHub/relation_test_code_smell_ML/dataset/projects/dubbo/dubbo-metadata/dubbo-metadata-processor/src/test/java/org/apache/dubbo/metadata/tools/TestServiceImpl.java,0,0,1,3,0,0,0,0,0,0,1,1,1,0,0,0,0,0,0,0,0,0,0,0,0,0,0,0,0,0,0,0,0,0,0
dubbo,org/apache/dubbo/metrics/DefaultMetricsService,DefaultMetricsService,,C:/Users/ismak/Documents/GitHub/relation_test_code_smell_ML/dataset/projects/dubbo/dubbo-metrics/dubbo-metrics-default/src/test/java/org/apache/dubbo/metrics/DefaultMetricsServiceTest.java,0,0,1,5,0,0,0,0,0,0,1,1,1,0,1,0,0,0,0,0,0,0,0,0,0,0,0,0,0,0,0,0,0,1,0
dubbo,org/apache/dubbo/metrics/MetricsInvoker,MetricsInvoker,,C:/Users/ismak/Documents/GitHub/relation_test_code_smell_ML/dataset/projects/dubbo/dubbo-metrics/dubbo-metrics-default/src/test/java/org/apache/dubbo/metrics/TestMetricsInvoker.java,0,0,1,4,0,0,0,0,0,0,1,1,1,0,0,0,1,0,0,0,0,0,0,0,0,0,0,0,0,0,0,0,0,0,0
dubbo,org/apache/dubbo/metrics/MetricsSupport,MetricsSupport,,C:/Users/ismak/Documents/GitHub/relation_test_code_smell_ML/dataset/projects/dubbo/dubbo-metrics/dubbo-metrics-api/src/test/java/org/apache/dubbo/metrics/MetricsSupportTest.java,0,0,1,4,0,0,0,0,0,0,1,1,1,0,0,0,0,0,0,0,0,0,0,0,0,0,0,0,0,0,0,1,0,0,0
dubbo,org/apache/dubbo/metrics/aggregate/DubboMergingDigest,DubboMergingDigest,dataset/projects/dubbo/dubbo-metrics/dubbo-metrics-api/src/main/java/org/apache/dubbo/metrics/aggregate/DubboMergingDigest.java,,1,6,0,0,0,4,0,1,0,1,0,0,0,0,0,0,0,0,0,0,0,0,0,0,0,0,0,0,0,0,0,0,0,0,0
dubbo,org/apache/dubbo/metrics/aggregate/Pane,Pane,,C:/Users/ismak/Documents/GitHub/relation_test_code_smell_ML/dataset/projects/dubbo/dubbo-metrics/dubbo-metrics-api/src/test/java/org/apache/dubbo/metrics/aggregate/PaneTest.java,0,0,1,4,0,0,0,0,0,0,1,1,1,0,0,0,0,0,0,0,0,0,0,0,0,0,0,0,0,0,0,1,0,0,0
dubbo,org/apache/dubbo/metrics/aggregate/SlidingWindow,SlidingWindow,dataset/projects/dubbo/dubbo-metrics/dubbo-metrics-api/src/main/java/org/apache/dubbo/metrics/aggregate/SlidingWindow.java,C:/Users/ismak/Documents/GitHub/relation_test_code_smell_ML/dataset/projects/dubbo/dubbo-metrics/dubbo-metrics-api/src/test/java/org/apache/dubbo/metrics/aggregate/SlidingWindowTest.java,1,1,1,4,0,0,0,0,0,1,1,1,1,0,0,0,0,0,0,0,0,0,0,0,0,0,0,0,0,0,0,1,0,0,0
dubbo,org/apache/dubbo/metrics/aggregate/TimeWindowAggregator,TimeWindowAggregator,,C:/Users/ismak/Documents/GitHub/relation_test_code_smell_ML/dataset/projects/dubbo/dubbo-metrics/dubbo-metrics-api/src/test/java/org/apache/dubbo/metrics/aggregate/TimeWindowAggregatorTest.java,0,0,1,6,0,0,0,0,0,0,1,1,1,0,1,0,0,0,0,1,0,0,0,0,0,0,0,0,0,0,0,0,0,1,0
dubbo,org/apache/dubbo/metrics/aggregate/TimeWindowCounter,TimeWindowCounter,,C:/Users/ismak/Documents/GitHub/relation_test_code_smell_ML/dataset/projects/dubbo/dubbo-metrics/dubbo-metrics-api/src/test/java/org/apache/dubbo/metrics/aggregate/TimeWindowCounterTest.java,0,0,1,4,0,0,0,0,0,0,1,1,1,0,0,0,0,0,0,0,0,0,0,0,0,0,0,0,0,0,0,1,0,0,0
dubbo,org/apache/dubbo/metrics/aggregate/TimeWindowQuantile,TimeWindowQuantile,,C:/Users/ismak/Documents/GitHub/relation_test_code_smell_ML/dataset/projects/dubbo/dubbo-metrics/dubbo-metrics-api/src/test/java/org/apache/dubbo/metrics/aggregate/TimeWindowQuantileTest.java,0,0,1,4,0,0,0,0,0,0,1,1,1,0,0,0,0,0,0,0,0,0,0,0,0,0,0,0,0,0,0,1,0,0,0
dubbo,org/apache/dubbo/metrics/collector/AggregateMetricsCollector,AggregateMetricsCollector,dataset/projects/dubbo/dubbo-metrics/dubbo-metrics-default/src/main/java/org/apache/dubbo/metrics/collector/AggregateMetricsCollector.java,C:/Users/ismak/Documents/GitHub/relation_test_code_smell_ML/dataset/projects/dubbo/dubbo-metrics/dubbo-metrics-default/src/test/java/org/apache/dubbo/metrics/collector/AggregateMetricsCollectorTest.java,1,1,1,7,0,0,0,0,0,1,1,1,1,0,1,1,0,0,0,0,0,0,0,0,0,0,0,0,0,0,0,1,0,1,0
dubbo,org/apache/dubbo/metrics/collector/CombMetricsCollector,CombMetricsCollector,dataset/projects/dubbo/dubbo-metrics/dubbo-metrics-api/src/main/java/org/apache/dubbo/metrics/collector/CombMetricsCollector.java,,1,1,0,0,0,0,0,0,0,1,0,0,0,0,0,0,0,0,0,0,0,0,0,0,0,0,0,0,0,0,0,0,0,0,0
dubbo,org/apache/dubbo/metrics/collector/ConfigCenterMetricsCollector,ConfigCenterMetricsCollector,,C:/Users/ismak/Documents/GitHub/relation_test_code_smell_ML/dataset/projects/dubbo/dubbo-metrics/dubbo-metrics-config-center/src/test/java/org/apache/dubbo/metrics/collector/ConfigCenterMetricsCollectorTest.java,0,0,1,3,0,0,0,0,0,0,1,1,1,0,0,0,0,0,0,0,0,0,0,0,0,0,0,0,0,0,0,0,0,0,0
dubbo,org/apache/dubbo/metrics/collector/DefaultCollector,DefaultCollector,,C:/Users/ismak/Documents/GitHub/relation_test_code_smell_ML/dataset/projects/dubbo/dubbo-metrics/dubbo-metrics-default/src/test/java/org/apache/dubbo/metrics/collector/DefaultCollectorTest.java,0,0,1,4,0,0,0,0,0,0,1,1,1,0,0,0,0,0,0,0,0,0,0,0,0,0,0,0,0,0,0,1,0,0,0
dubbo,org/apache/dubbo/metrics/collector/InitServiceMetrics,InitServiceMetrics,,C:/Users/ismak/Documents/GitHub/relation_test_code_smell_ML/dataset/projects/dubbo/dubbo-metrics/dubbo-metrics-default/src/test/java/org/apache/dubbo/metrics/collector/InitServiceMetricsTest.java,0,0,1,4,0,0,0,0,0,0,1,1,1,0,0,0,0,0,0,0,0,0,0,0,0,0,0,0,0,0,0,1,0,0,0
dubbo,org/apache/dubbo/metrics/collector/sample/ThreadPoolMetricsSampler,ThreadPoolMetricsSampler,,C:/Users/ismak/Documents/GitHub/relation_test_code_smell_ML/dataset/projects/dubbo/dubbo-metrics/dubbo-metrics-default/src/test/java/org/apache/dubbo/metrics/collector/sample/ThreadPoolMetricsSamplerTest.java,0,0,1,7,0,0,0,0,0,0,1,1,1,0,1,0,0,0,0,1,0,0,0,0,0,0,0,0,0,0,0,1,0,1,0
dubbo,org/apache/dubbo/metrics/data/BaseStatComposite,BaseStatComposite,dataset/projects/dubbo/dubbo-metrics/dubbo-metrics-api/src/main/java/org/apache/dubbo/metrics/data/BaseStatComposite.java,,1,1,0,0,0,0,0,0,0,1,0,0,0,0,0,0,0,0,0,0,0,0,0,0,0,0,0,0,0,0,0,0,0,0,0
dubbo,org/apache/dubbo/metrics/data/RtStatComposite,RtStatComposite,dataset/projects/dubbo/dubbo-metrics/dubbo-metrics-api/src/main/java/org/apache/dubbo/metrics/data/RtStatComposite.java,,1,1,0,0,1,0,0,0,0,0,0,0,0,0,0,0,0,0,0,0,0,0,0,0,0,0,0,0,0,0,0,0,0,0,0
dubbo,org/apache/dubbo/metrics/event/SimpleMetricsEventMulticaster,SimpleMetricsEventMulticaster,,C:/Users/ismak/Documents/GitHub/relation_test_code_smell_ML/dataset/projects/dubbo/dubbo-metrics/dubbo-metrics-api/src/test/java/org/apache/dubbo/metrics/event/SimpleMetricsEventMulticasterTest.java,0,0,1,4,0,0,0,0,0,0,1,1,1,0,0,0,0,0,0,0,0,0,0,0,0,0,0,0,0,0,0,1,0,0,0
dubbo,org/apache/dubbo/metrics/filter/MetricsFilter,MetricsFilter,,C:/Users/ismak/Documents/GitHub/relation_test_code_smell_ML/dataset/projects/dubbo/dubbo-metrics/dubbo-metrics-default/src/test/java/org/apache/dubbo/metrics/filter/MetricsFilterTest.java,0,0,1,5,0,0,0,0,0,0,1,1,1,0,0,0,0,0,0,0,0,0,0,0,0,0,0,0,0,0,1,1,0,0,0
dubbo,org/apache/dubbo/metrics/metadata/MetadataMetricsCollector,MetadataMetricsCollector,,C:/Users/ismak/Documents/GitHub/relation_test_code_smell_ML/dataset/projects/dubbo/dubbo-metrics/dubbo-metrics-metadata/src/test/java/org/apache/dubbo/metrics/metadata/MetadataMetricsCollectorTest.java,0,0,1,4,0,0,0,0,0,0,1,1,1,0,0,0,0,0,0,0,0,0,0,0,0,0,0,0,0,0,0,1,0,0,0
dubbo,org/apache/dubbo/metrics/metadata/MetadataStatComposite,MetadataStatComposite,,C:/Users/ismak/Documents/GitHub/relation_test_code_smell_ML/dataset/projects/dubbo/dubbo-metrics/dubbo-metrics-metadata/src/test/java/org/apache/dubbo/metrics/metadata/MetadataStatCompositeTest.java,0,0,1,4,0,0,0,0,0,0,1,1,1,0,0,0,0,0,0,0,0,0,0,0,0,0,0,0,0,0,0,1,0,0,0
dubbo,org/apache/dubbo/metrics/metrics/model/MethodMetric,MethodMetric,,C:/Users/ismak/Documents/GitHub/relation_test_code_smell_ML/dataset/projects/dubbo/dubbo-metrics/dubbo-metrics-default/src/test/java/org/apache/dubbo/metrics/metrics/model/MethodMetricTest.java,0,0,1,4,0,0,0,0,0,0,1,1,1,0,0,0,0,0,0,0,0,0,0,0,0,0,0,0,0,0,0,1,0,0,0
dubbo,org/apache/dubbo/metrics/metrics/model/sample/ErrorCodeSample,ErrorCodeSample,,C:/Users/ismak/Documents/GitHub/relation_test_code_smell_ML/dataset/projects/dubbo/dubbo-metrics/dubbo-metrics-default/src/test/java/org/apache/dubbo/metrics/metrics/model/sample/ErrorCodeSampleTest.java,0,0,1,4,0,0,0,0,0,0,1,1,1,0,0,0,0,0,0,0,0,0,0,0,0,0,0,0,0,0,0,1,0,0,0
dubbo,org/apache/dubbo/metrics/metrics/model/sample/GaugeMetricSample,GaugeMetricSample,,C:/Users/ismak/Documents/GitHub/relation_test_code_smell_ML/dataset/projects/dubbo/dubbo-metrics/dubbo-metrics-default/src/test/java/org/apache/dubbo/metrics/metrics/model/sample/GaugeMetricSampleTest.java,0,0,1,4,0,0,0,0,0,0,1,1,1,0,0,0,0,0,0,0,0,0,0,0,0,0,0,0,0,0,0,1,0,0,0
dubbo,org/apache/dubbo/metrics/metrics/model/sample/MetricSample,MetricSample,,C:/Users/ismak/Documents/GitHub/relation_test_code_smell_ML/dataset/projects/dubbo/dubbo-metrics/dubbo-metrics-default/src/test/java/org/apache/dubbo/metrics/metrics/model/sample/MetricSampleTest.java,0,0,1,4,0,0,0,0,0,0,1,1,1,0,0,0,0,0,0,0,0,0,0,0,0,0,0,0,0,0,0,1,0,0,0
dubbo,org/apache/dubbo/metrics/metrics/service/MetricsEntity,MetricsEntity,,C:/Users/ismak/Documents/GitHub/relation_test_code_smell_ML/dataset/projects/dubbo/dubbo-metrics/dubbo-metrics-default/src/test/java/org/apache/dubbo/metrics/metrics/service/MetricsEntityTest.java,0,0,1,4,0,0,0,0,0,0,1,1,1,0,0,0,0,0,0,0,0,0,0,0,0,0,0,0,0,0,0,1,0,0,0
dubbo,org/apache/dubbo/metrics/model/ApplicationMetric,ApplicationMetric,,C:/Users/ismak/Documents/GitHub/relation_test_code_smell_ML/dataset/projects/dubbo/dubbo-metrics/dubbo-metrics-api/src/test/java/org/apache/dubbo/metrics/model/ApplicationMetricTest.java,0,0,1,4,0,0,0,0,0,0,1,1,1,0,0,0,0,0,0,0,0,0,0,0,0,0,0,0,0,0,0,1,0,0,0
dubbo,org/apache/dubbo/metrics/model/MetricsSupport,MetricsSupport,dataset/projects/dubbo/dubbo-metrics/dubbo-metrics-api/src/main/java/org/apache/dubbo/metrics/model/MetricsSupport.java,,1,1,0,0,0,0,0,0,0,1,0,0,0,0,0,0,0,0,0,0,0,0,0,0,0,0,0,0,0,0,0,0,0,0,0
dubbo,org/apache/dubbo/metrics/otlp/OtlpMetricsReporterFactory,OtlpMetricsReporterFactory,,C:/Users/ismak/Documents/GitHub/relation_test_code_smell_ML/dataset/projects/dubbo/dubbo-metrics/dubbo-metrics-otlp/src/test/java/org/apache/dubbo/metrics/otlp/OtlpMetricsReporterFactoryTest.java,0,0,1,5,0,0,0,0,0,0,1,1,1,0,0,1,0,0,0,1,0,0,0,0,0,0,0,0,0,0,0,0,0,0,0
dubbo,org/apache/dubbo/metrics/prometheus/PrometheusMetricsReporter,PrometheusMetricsReporter,,C:/Users/ismak/Documents/GitHub/relation_test_code_smell_ML/dataset/projects/dubbo/dubbo-metrics/dubbo-metrics-prometheus/src/test/java/org/apache/dubbo/metrics/prometheus/PrometheusMetricsReporterTest.java,0,0,1,4,0,0,0,0,0,0,1,1,1,0,0,0,0,0,0,0,0,0,0,0,0,0,0,0,0,0,0,1,0,0,0
dubbo,org/apache/dubbo/metrics/prometheus/PrometheusMetricsReporterFactory,PrometheusMetricsReporterFactory,,C:/Users/ismak/Documents/GitHub/relation_test_code_smell_ML/dataset/projects/dubbo/dubbo-metrics/dubbo-metrics-prometheus/src/test/java/org/apache/dubbo/metrics/prometheus/PrometheusMetricsReporterFactoryTest.java,0,0,1,4,0,0,0,0,0,0,1,1,1,0,0,0,0,0,0,0,0,0,0,0,0,0,0,0,0,0,0,1,0,0,0
dubbo,org/apache/dubbo/metrics/prometheus/PrometheusMetricsThreadPool,PrometheusMetricsThreadPool,,C:/Users/ismak/Documents/GitHub/relation_test_code_smell_ML/dataset/projects/dubbo/dubbo-metrics/dubbo-metrics-prometheus/src/test/java/org/apache/dubbo/metrics/prometheus/PrometheusMetricsThreadPoolTest.java,0,0,1,4,0,0,0,0,0,0,1,1,1,0,0,0,0,0,0,0,0,0,0,0,0,0,0,0,0,0,0,1,0,0,0
dubbo,org/apache/dubbo/metrics/registry/metrics/collector/RegistryMetrics,RegistryMetrics,,C:/Users/ismak/Documents/GitHub/relation_test_code_smell_ML/dataset/projects/dubbo/dubbo-metrics/dubbo-metrics-registry/src/test/java/org/apache/dubbo/metrics/registry/metrics/collector/RegistryMetricsTest.java,0,0,1,4,0,0,0,0,0,0,1,1,1,0,0,0,0,0,0,0,0,0,0,0,0,0,0,0,0,0,0,1,0,0,0
dubbo,org/apache/dubbo/metrics/registry/metrics/collector/RegistryMetricsCollector,RegistryMetricsCollector,,C:/Users/ismak/Documents/GitHub/relation_test_code_smell_ML/dataset/projects/dubbo/dubbo-metrics/dubbo-metrics-registry/src/test/java/org/apache/dubbo/metrics/registry/metrics/collector/RegistryMetricsCollectorTest.java,0,0,1,6,0,0,0,0,0,0,1,1,1,0,0,0,0,0,0,1,0,0,0,0,0,0,1,0,0,0,0,1,0,0,0
dubbo,org/apache/dubbo/metrics/registry/metrics/collector/RegistryMetricsSample,RegistryMetricsSample,,C:/Users/ismak/Documents/GitHub/relation_test_code_smell_ML/dataset/projects/dubbo/dubbo-metrics/dubbo-metrics-registry/src/test/java/org/apache/dubbo/metrics/registry/metrics/collector/RegistryMetricsSampleTest.java,0,0,1,4,0,0,0,0,0,0,1,1,1,0,0,0,0,0,0,0,0,0,0,0,0,0,0,0,0,0,0,1,0,0,0
dubbo,org/apache/dubbo/metrics/registry/metrics/collector/RegistryStatComposite,RegistryStatComposite,,C:/Users/ismak/Documents/GitHub/relation_test_code_smell_ML/dataset/projects/dubbo/dubbo-metrics/dubbo-metrics-registry/src/test/java/org/apache/dubbo/metrics/registry/metrics/collector/RegistryStatCompositeTest.java,0,0,1,4,0,0,0,0,0,0,1,1,1,0,0,0,0,0,0,0,0,0,0,0,0,0,0,0,0,0,0,1,0,0,0
dubbo,org/apache/dubbo/metrics/report/AbstractMetricsReporter,AbstractMetricsReporter,dataset/projects/dubbo/dubbo-metrics/dubbo-metrics-default/src/main/java/org/apache/dubbo/metrics/report/AbstractMetricsReporter.java,,1,1,0,0,0,0,0,0,0,1,0,0,0,0,0,0,0,0,0,0,0,0,0,0,0,0,0,0,0,0,0,0,0,0,0
dubbo,org/apache/dubbo/monitor/support/MonitorFilter,MonitorFilter,,C:/Users/ismak/Documents/GitHub/relation_test_code_smell_ML/dataset/projects/dubbo/dubbo-metrics/dubbo-metrics-default/src/test/java/org/apache/dubbo/monitor/support/MonitorFilterTest.java,0,0,1,4,0,0,0,0,0,0,1,1,1,0,0,0,0,0,0,0,0,0,0,0,0,0,0,0,0,0,0,1,0,0,0
dubbo,org/apache/dubbo/mutiny/MutinyClientCalls,MutinyClientCalls,,C:/Users/ismak/Documents/GitHub/relation_test_code_smell_ML/dataset/projects/dubbo/dubbo-plugin/dubbo-mutiny/src/test/java/org/apache/dubbo/mutiny/MutinyClientCallsTest.java,0,0,1,4,0,0,0,0,0,0,1,1,1,0,0,0,0,0,0,0,0,0,0,0,0,0,0,0,0,0,0,1,0,0,0
dubbo,org/apache/dubbo/mutiny/MutinyServerCalls,MutinyServerCalls,,C:/Users/ismak/Documents/GitHub/relation_test_code_smell_ML/dataset/projects/dubbo/dubbo-plugin/dubbo-mutiny/src/test/java/org/apache/dubbo/mutiny/MutinyServerCallsTest.java,0,0,1,4,0,0,0,0,0,0,1,1,1,0,0,0,0,0,0,0,0,0,0,0,0,0,0,0,0,0,0,1,0,0,0
dubbo,org/apache/dubbo/mutiny/TripleMutinyPublisher,TripleMutinyPublisher,,C:/Users/ismak/Documents/GitHub/relation_test_code_smell_ML/dataset/projects/dubbo/dubbo-plugin/dubbo-mutiny/src/test/java/org/apache/dubbo/mutiny/TripleMutinyPublisherTest.java,0,0,1,5,0,0,0,0,0,0,1,1,1,0,1,0,0,0,0,0,0,0,0,0,0,0,0,0,0,0,1,0,0,0,0
dubbo,org/apache/dubbo/mutiny/TripleMutinySubscriber,TripleMutinySubscriber,,C:/Users/ismak/Documents/GitHub/relation_test_code_smell_ML/dataset/projects/dubbo/dubbo-plugin/dubbo-mutiny/src/test/java/org/apache/dubbo/mutiny/TripleMutinySubscriberTest.java,0,0,1,4,0,0,0,0,0,0,1,1,1,0,0,0,0,0,0,0,0,0,0,0,0,0,0,0,0,0,0,1,0,0,0
dubbo,org/apache/dubbo/mutiny/calls/MutinyServerCalls,MutinyServerCalls,dataset/projects/dubbo/dubbo-plugin/dubbo-mutiny/src/main/java/org/apache/dubbo/mutiny/calls/MutinyServerCalls.java,,1,1,0,0,1,0,0,0,0,0,0,0,0,0,0,0,0,0,0,0,0,0,0,0,0,0,0,0,0,0,0,0,0,0,0
dubbo,org/apache/dubbo/qos/command/CommandContext,CommandContext,,C:/Users/ismak/Documents/GitHub/relation_test_code_smell_ML/dataset/projects/dubbo/dubbo-plugin/dubbo-qos/src/test/java/org/apache/dubbo/qos/command/CommandContextTest.java,0,0,1,4,0,0,0,0,0,0,1,1,1,0,0,0,0,0,0,0,0,0,0,0,0,0,0,0,0,0,0,1,0,0,0
dubbo,org/apache/dubbo/qos/command/CommandContextFactory,CommandContextFactory,,C:/Users/ismak/Documents/GitHub/relation_test_code_smell_ML/dataset/projects/dubbo/dubbo-plugin/dubbo-qos/src/test/java/org/apache/dubbo/qos/command/CommandContextFactoryTest.java,0,0,1,4,0,0,0,0,0,0,1,1,1,0,0,0,0,0,0,0,0,0,0,0,0,0,0,0,0,0,0,1,0,0,0
dubbo,org/apache/dubbo/qos/command/DefaultCommandExecutor,DefaultCommandExecutor,dataset/projects/dubbo/dubbo-plugin/dubbo-qos/src/main/java/org/apache/dubbo/qos/command/DefaultCommandExecutor.java,C:/Users/ismak/Documents/GitHub/relation_test_code_smell_ML/dataset/projects/dubbo/dubbo-plugin/dubbo-qos/src/test/java/org/apache/dubbo/qos/command/DefaultCommandExecutorTest.java,1,1,1,4,0,1,0,0,0,0,1,1,1,0,0,0,0,0,0,0,0,0,0,0,0,0,0,0,0,0,0,1,0,0,0
dubbo,org/apache/dubbo/qos/command/decoder/HttpCommandDecoder,HttpCommandDecoder,dataset/projects/dubbo/dubbo-plugin/dubbo-qos/src/main/java/org/apache/dubbo/qos/command/decoder/HttpCommandDecoder.java,C:/Users/ismak/Documents/GitHub/relation_test_code_smell_ML/dataset/projects/dubbo/dubbo-plugin/dubbo-qos/src/test/java/org/apache/dubbo/qos/command/decoder/HttpCommandDecoderTest.java,1,1,1,3,0,1,0,0,0,0,1,1,1,0,0,0,0,0,0,0,0,0,0,0,0,0,0,0,0,0,0,0,0,0,0
dubbo,org/apache/dubbo/qos/command/decoder/TelnetCommandDecoder,TelnetCommandDecoder,,C:/Users/ismak/Documents/GitHub/relation_test_code_smell_ML/dataset/projects/dubbo/dubbo-plugin/dubbo-qos/src/test/java/org/apache/dubbo/qos/command/decoder/TelnetCommandDecoderTest.java,0,0,1,4,0,0,0,0,0,0,1,1,1,0,0,0,0,0,0,0,0,0,0,0,0,0,0,0,0,0,0,1,0,0,0
dubbo,org/apache/dubbo/qos/command/impl/ChangeTelnet,ChangeTelnet,dataset/projects/dubbo/dubbo-plugin/dubbo-qos/src/main/java/org/apache/dubbo/qos/command/impl/ChangeTelnet.java,C:/Users/ismak/Documents/GitHub/relation_test_code_smell_ML/dataset/projects/dubbo/dubbo-plugin/dubbo-qos/src/test/java/org/apache/dubbo/qos/command/impl/ChangeTelnetTest.java,1,1,1,4,0,1,0,0,0,0,1,1,1,0,0,0,0,0,0,0,0,0,0,0,0,0,0,0,0,0,0,1,0,0,0
dubbo,org/apache/dubbo/qos/command/impl/CountTelnet,CountTelnet,dataset/projects/dubbo/dubbo-plugin/dubbo-qos/src/main/java/org/apache/dubbo/qos/command/impl/CountTelnet.java,C:/Users/ismak/Documents/GitHub/relation_test_code_smell_ML/dataset/projects/dubbo/dubbo-plugin/dubbo-qos/src/test/java/org/apache/dubbo/qos/command/impl/CountTelnetTest.java,1,1,1,4,0,1,0,0,0,0,1,1,1,0,0,0,0,0,0,0,0,0,0,0,0,0,0,0,0,0,0,1,0,0,0
dubbo,org/apache/dubbo/qos/command/impl/GetConfig,GetConfig,dataset/projects/dubbo/dubbo-plugin/dubbo-qos/src/main/java/org/apache/dubbo/qos/command/impl/GetConfig.java,C:/Users/ismak/Documents/GitHub/relation_test_code_smell_ML/dataset/projects/dubbo/dubbo-plugin/dubbo-qos/src/test/java/org/apache/dubbo/qos/command/impl/GetConfigTest.java,1,1,1,4,1,0,0,0,0,0,1,1,1,0,0,0,0,0,0,0,0,0,0,0,0,0,0,0,0,0,0,1,0,0,0
dubbo,org/apache/dubbo/qos/command/impl/GetOpenAPI,GetOpenAPI,dataset/projects/dubbo/dubbo-plugin/dubbo-qos/src/main/java/org/apache/dubbo/qos/command/impl/GetOpenAPI.java,,1,1,0,0,0,1,0,0,0,0,0,0,0,0,0,0,0,0,0,0,0,0,0,0,0,0,0,0,0,0,0,0,0,0,0
dubbo,org/apache/dubbo/qos/command/impl/Help,Help,,C:/Users/ismak/Documents/GitHub/relation_test_code_smell_ML/dataset/projects/dubbo/dubbo-plugin/dubbo-qos/src/test/java/org/apache/dubbo/qos/command/impl/HelpTest.java,0,0,1,4,0,0,0,0,0,0,1,1,1,0,0,0,0,0,0,0,0,0,0,0,0,0,0,0,0,0,0,1,0,0,0
dubbo,org/apache/dubbo/qos/command/impl/Interface,Interface,,C:/Users/ismak/Documents/GitHub/relation_test_code_smell_ML/dataset/projects/dubbo/dubbo-plugin/dubbo-qos/src/test/java/org/apache/dubbo/qos/command/impl/TestInterface.java,0,0,1,3,0,0,0,0,0,0,1,1,1,0,0,0,0,0,0,0,0,0,0,0,0,0,0,0,0,0,0,0,0,0,0
dubbo,org/apache/dubbo/qos/command/impl/Interface2,Interface2,,C:/Users/ismak/Documents/GitHub/relation_test_code_smell_ML/dataset/projects/dubbo/dubbo-plugin/dubbo-qos/src/test/java/org/apache/dubbo/qos/command/impl/TestInterface2.java,0,0,1,3,0,0,0,0,0,0,1,1,1,0,0,0,0,0,0,0,0,0,0,0,0,0,0,0,0,0,0,0,0,0,0
dubbo,org/apache/dubbo/qos/command/impl/InvokeTelnet,InvokeTelnet,dataset/projects/dubbo/dubbo-plugin/dubbo-qos/src/main/java/org/apache/dubbo/qos/command/impl/InvokeTelnet.java,C:/Users/ismak/Documents/GitHub/relation_test_code_smell_ML/dataset/projects/dubbo/dubbo-plugin/dubbo-qos/src/test/java/org/apache/dubbo/qos/command/impl/InvokeTelnetTest.java,1,3,1,4,0,2,0,1,0,0,1,1,1,0,0,0,0,0,0,0,0,0,0,0,0,0,0,0,0,0,0,1,0,0,0
dubbo,org/apache/dubbo/qos/command/impl/Live,Live,,C:/Users/ismak/Documents/GitHub/relation_test_code_smell_ML/dataset/projects/dubbo/dubbo-plugin/dubbo-qos/src/test/java/org/apache/dubbo/qos/command/impl/LiveTest.java,0,0,1,4,0,0,0,0,0,0,1,1,1,0,0,0,0,0,0,0,0,0,0,0,0,0,0,0,0,0,0,1,0,0,0
dubbo,org/apache/dubbo/qos/command/impl/Ls,Ls,,C:/Users/ismak/Documents/GitHub/relation_test_code_smell_ML/dataset/projects/dubbo/dubbo-plugin/dubbo-qos/src/test/java/org/apache/dubbo/qos/command/impl/LsTest.java,0,0,1,4,0,0,0,0,0,0,1,1,1,0,0,0,0,0,0,0,0,0,0,0,0,0,0,0,0,0,0,1,0,0,0
dubbo,org/apache/dubbo/qos/command/impl/Offline,Offline,,C:/Users/ismak/Documents/GitHub/relation_test_code_smell_ML/dataset/projects/dubbo/dubbo-plugin/dubbo-qos/src/test/java/org/apache/dubbo/qos/command/impl/OfflineTest.java,0,0,1,4,0,0,0,0,0,0,1,1,1,0,0,0,0,0,0,0,0,0,0,0,0,0,0,0,0,0,0,1,0,0,0
dubbo,org/apache/dubbo/qos/command/impl/Online,Online,,C:/Users/ismak/Documents/GitHub/relation_test_code_smell_ML/dataset/projects/dubbo/dubbo-plugin/dubbo-qos/src/test/java/org/apache/dubbo/qos/command/impl/OnlineTest.java,0,0,1,4,0,0,0,0,0,0,1,1,1,0,0,0,0,0,0,0,0,0,0,0,0,0,0,0,0,0,0,1,0,0,0
dubbo,org/apache/dubbo/qos/command/impl/PortTelnet,PortTelnet,dataset/projects/dubbo/dubbo-plugin/dubbo-qos/src/main/java/org/apache/dubbo/qos/command/impl/PortTelnet.java,C:/Users/ismak/Documents/GitHub/relation_test_code_smell_ML/dataset/projects/dubbo/dubbo-plugin/dubbo-qos/src/test/java/org/apache/dubbo/qos/command/impl/PortTelnetTest.java,1,1,1,4,0,1,0,0,0,0,1,1,1,0,0,0,0,0,0,0,0,0,0,0,0,0,0,0,0,0,0,1,0,0,0
dubbo,org/apache/dubbo/qos/command/impl/PublishMetadata,PublishMetadata,,C:/Users/ismak/Documents/GitHub/relation_test_code_smell_ML/dataset/projects/dubbo/dubbo-plugin/dubbo-qos/src/test/java/org/apache/dubbo/qos/command/impl/PublishMetadataTest.java,0,0,1,4,0,0,0,0,0,0,1,1,1,0,0,0,0,0,0,0,0,0,0,0,0,0,0,0,0,0,0,1,0,0,0
dubbo,org/apache/dubbo/qos/command/impl/PwdTelnet,PwdTelnet,,C:/Users/ismak/Documents/GitHub/relation_test_code_smell_ML/dataset/projects/dubbo/dubbo-plugin/dubbo-qos/src/test/java/org/apache/dubbo/qos/command/impl/PwdTelnetTest.java,0,0,1,4,0,0,0,0,0,0,1,1,1,0,0,0,0,0,0,0,0,0,0,0,0,0,0,0,0,0,0,1,0,0,0
dubbo,org/apache/dubbo/qos/command/impl/Quit,Quit,,C:/Users/ismak/Documents/GitHub/relation_test_code_smell_ML/dataset/projects/dubbo/dubbo-plugin/dubbo-qos/src/test/java/org/apache/dubbo/qos/command/impl/QuitTest.java,0,0,1,4,0,0,0,0,0,0,1,1,1,0,0,0,0,0,0,0,0,0,0,0,0,0,0,0,0,0,0,1,0,0,0
dubbo,org/apache/dubbo/qos/command/impl/Ready,Ready,,C:/Users/ismak/Documents/GitHub/relation_test_code_smell_ML/dataset/projects/dubbo/dubbo-plugin/dubbo-qos/src/test/java/org/apache/dubbo/qos/command/impl/ReadyTest.java,0,0,1,4,0,0,0,0,0,0,1,1,1,0,0,0,0,0,0,0,0,0,0,0,0,0,0,0,0,0,0,1,0,0,0
dubbo,org/apache/dubbo/qos/command/impl/RegistryFactory,RegistryFactory,,C:/Users/ismak/Documents/GitHub/relation_test_code_smell_ML/dataset/projects/dubbo/dubbo-plugin/dubbo-qos/src/test/java/org/apache/dubbo/qos/command/impl/TestRegistryFactory.java,0,0,1,3,0,0,0,0,0,0,1,1,1,0,0,0,0,0,0,0,0,0,0,0,0,0,0,0,0,0,0,0,0,0,0
dubbo,org/apache/dubbo/qos/command/impl/SelectTelnet,SelectTelnet,,C:/Users/ismak/Documents/GitHub/relation_test_code_smell_ML/dataset/projects/dubbo/dubbo-plugin/dubbo-qos/src/test/java/org/apache/dubbo/qos/command/impl/SelectTelnetTest.java,0,0,1,4,0,0,0,0,0,0,1,1,1,0,0,0,0,0,0,0,0,0,0,0,0,0,0,0,0,0,0,1,0,0,0
dubbo,org/apache/dubbo/qos/command/impl/SerializeCheckStatus,SerializeCheckStatus,,C:/Users/ismak/Documents/GitHub/relation_test_code_smell_ML/dataset/projects/dubbo/dubbo-plugin/dubbo-qos/src/test/java/org/apache/dubbo/qos/command/impl/SerializeCheckStatusTest.java,0,0,1,4,0,0,0,0,0,0,1,1,1,0,0,0,0,0,0,0,0,0,0,0,0,0,0,0,0,0,0,1,0,0,0
dubbo,org/apache/dubbo/qos/command/impl/SerializeWarnedClasses,SerializeWarnedClasses,,C:/Users/ismak/Documents/GitHub/relation_test_code_smell_ML/dataset/projects/dubbo/dubbo-plugin/dubbo-qos/src/test/java/org/apache/dubbo/qos/command/impl/SerializeWarnedClassesTest.java,0,0,1,4,0,0,0,0,0,0,1,1,1,0,0,0,0,0,0,0,0,0,0,0,0,0,0,0,0,0,0,1,0,0,0
dubbo,org/apache/dubbo/qos/command/impl/ShutdownTelnet,ShutdownTelnet,,C:/Users/ismak/Documents/GitHub/relation_test_code_smell_ML/dataset/projects/dubbo/dubbo-plugin/dubbo-qos/src/test/java/org/apache/dubbo/qos/command/impl/ShutdownTelnetTest.java,0,0,1,4,0,0,0,0,0,0,1,1,1,0,0,0,0,0,0,0,0,0,0,0,0,0,0,0,0,0,0,1,0,0,0
dubbo,org/apache/dubbo/qos/command/impl/Startup,Startup,,C:/Users/ismak/Documents/GitHub/relation_test_code_smell_ML/dataset/projects/dubbo/dubbo-plugin/dubbo-qos/src/test/java/org/apache/dubbo/qos/command/impl/StartupTest.java,0,0,1,4,0,0,0,0,0,0,1,1,1,0,0,0,0,0,0,0,0,0,0,0,0,0,0,0,0,0,0,1,0,0,0
dubbo,org/apache/dubbo/qos/command/util/CommandHelper,CommandHelper,,C:/Users/ismak/Documents/GitHub/relation_test_code_smell_ML/dataset/projects/dubbo/dubbo-plugin/dubbo-qos/src/test/java/org/apache/dubbo/qos/command/util/CommandHelperTest.java,0,0,1,4,0,0,0,0,0,0,1,1,1,0,0,0,0,0,0,0,0,0,0,0,0,0,0,0,0,0,0,1,0,0,0
dubbo,org/apache/dubbo/qos/command/util/SerializeCheckUtils,SerializeCheckUtils,,C:/Users/ismak/Documents/GitHub/relation_test_code_smell_ML/dataset/projects/dubbo/dubbo-plugin/dubbo-qos/src/test/java/org/apache/dubbo/qos/command/util/SerializeCheckUtilsTest.java,0,0,1,4,0,0,0,0,0,0,1,1,1,0,0,0,0,0,0,0,0,0,0,0,0,0,0,0,0,0,0,1,0,0,0
dubbo,org/apache/dubbo/qos/command/util/ServiceCheckUtils,ServiceCheckUtils,,C:/Users/ismak/Documents/GitHub/relation_test_code_smell_ML/dataset/projects/dubbo/dubbo-plugin/dubbo-qos/src/test/java/org/apache/dubbo/qos/command/util/ServiceCheckUtilsTest.java,0,0,1,4,0,0,0,0,0,0,1,1,1,0,0,0,0,0,0,0,0,0,0,0,0,0,0,0,0,0,0,1,0,0,0
dubbo,org/apache/dubbo/qos/legacy/ChangeTelnetHandler,ChangeTelnetHandler,,C:/Users/ismak/Documents/GitHub/relation_test_code_smell_ML/dataset/projects/dubbo/dubbo-plugin/dubbo-qos/src/test/java/org/apache/dubbo/qos/legacy/ChangeTelnetHandlerTest.java,0,0,1,4,0,0,0,0,0,0,1,1,1,0,0,0,0,0,0,0,0,0,0,0,0,0,0,0,0,0,0,1,0,0,0
dubbo,org/apache/dubbo/qos/legacy/LogTelnetHandler,LogTelnetHandler,,C:/Users/ismak/Documents/GitHub/relation_test_code_smell_ML/dataset/projects/dubbo/dubbo-plugin/dubbo-qos/src/test/java/org/apache/dubbo/qos/legacy/LogTelnetHandlerTest.java,0,0,1,4,0,0,0,0,0,0,1,1,1,0,0,0,0,0,0,0,0,0,0,0,0,0,0,0,0,0,0,1,0,0,0
dubbo,org/apache/dubbo/qos/legacy/TraceTelnetHandler,TraceTelnetHandler,dataset/projects/dubbo/dubbo-plugin/dubbo-qos/src/main/java/org/apache/dubbo/qos/legacy/TraceTelnetHandler.java,C:/Users/ismak/Documents/GitHub/relation_test_code_smell_ML/dataset/projects/dubbo/dubbo-plugin/dubbo-qos/src/test/java/org/apache/dubbo/qos/legacy/TraceTelnetHandlerTest.java,1,1,1,4,0,1,0,0,0,0,1,1,1,0,0,0,0,0,0,0,0,0,0,0,0,0,0,0,0,0,0,1,0,0,0
dubbo,org/apache/dubbo/qos/legacy/service/generic/GenericService,GenericService,,C:/Users/ismak/Documents/GitHub/relation_test_code_smell_ML/dataset/projects/dubbo/dubbo-plugin/dubbo-qos/src/test/java/org/apache/dubbo/qos/legacy/service/generic/GenericServiceTest.java,0,0,1,4,0,0,0,0,0,0,1,1,1,0,0,0,0,0,0,0,0,0,0,0,0,0,0,0,0,0,0,1,0,0,0
dubbo,org/apache/dubbo/qos/permission/DefaultAnonymousAccessPermissionChecker,DefaultAnonymousAccessPermissionChecker,,C:/Users/ismak/Documents/GitHub/relation_test_code_smell_ML/dataset/projects/dubbo/dubbo-plugin/dubbo-qos/src/test/java/org/apache/dubbo/qos/permission/DefaultAnonymousAccessPermissionCheckerTest.java,0,0,1,4,0,0,0,0,0,0,1,1,1,0,0,0,0,0,0,0,0,0,0,0,0,0,0,0,0,0,0,1,0,0,0
dubbo,org/apache/dubbo/qos/protocol/QosProtocolWrapper,QosProtocolWrapper,,C:/Users/ismak/Documents/GitHub/relation_test_code_smell_ML/dataset/projects/dubbo/dubbo-plugin/dubbo-qos/src/test/java/org/apache/dubbo/qos/protocol/QosProtocolWrapperTest.java,0,0,1,4,0,0,0,0,0,0,1,1,1,0,0,0,0,0,0,0,0,0,0,0,0,0,0,0,0,0,0,1,0,0,0
dubbo,org/apache/dubbo/qos/server/handler/CtrlCHandler,CtrlCHandler,,C:/Users/ismak/Documents/GitHub/relation_test_code_smell_ML/dataset/projects/dubbo/dubbo-plugin/dubbo-qos/src/test/java/org/apache/dubbo/qos/server/handler/CtrlCHandlerTest.java,0,0,1,4,0,0,0,0,0,0,1,1,1,0,0,0,0,0,0,0,0,0,0,0,0,0,0,0,0,0,0,1,0,0,0
dubbo,org/apache/dubbo/qos/server/handler/ForeignHostPermitHandler,ForeignHostPermitHandler,,C:/Users/ismak/Documents/GitHub/relation_test_code_smell_ML/dataset/projects/dubbo/dubbo-plugin/dubbo-qos/src/test/java/org/apache/dubbo/qos/server/handler/ForeignHostPermitHandlerTest.java,0,0,1,3,0,0,0,0,0,0,1,1,1,0,0,0,0,0,0,0,0,0,0,0,0,0,0,0,0,0,0,0,0,0,0
dubbo,org/apache/dubbo/qos/server/handler/HttpProcessHandler,HttpProcessHandler,,C:/Users/ismak/Documents/GitHub/relation_test_code_smell_ML/dataset/projects/dubbo/dubbo-plugin/dubbo-qos/src/test/java/org/apache/dubbo/qos/server/handler/HttpProcessHandlerTest.java,0,0,1,4,0,0,0,0,0,0,1,1,1,0,0,0,0,0,0,0,0,0,0,0,0,0,0,0,0,0,0,1,0,0,0
dubbo,org/apache/dubbo/qos/server/handler/QosProcessHandler,QosProcessHandler,,C:/Users/ismak/Documents/GitHub/relation_test_code_smell_ML/dataset/projects/dubbo/dubbo-plugin/dubbo-qos/src/test/java/org/apache/dubbo/qos/server/handler/QosProcessHandlerTest.java,0,0,1,4,0,0,0,0,0,0,1,1,1,0,0,0,0,0,0,0,0,0,0,0,0,0,0,0,0,0,0,1,0,0,0
dubbo,org/apache/dubbo/qos/server/handler/TelnetProcessHandler,TelnetProcessHandler,,C:/Users/ismak/Documents/GitHub/relation_test_code_smell_ML/dataset/projects/dubbo/dubbo-plugin/dubbo-qos/src/test/java/org/apache/dubbo/qos/server/handler/TelnetProcessHandlerTest.java,0,0,1,4,0,0,0,0,0,0,1,1,1,0,0,0,0,0,0,0,0,0,0,0,0,0,0,0,0,0,0,1,0,0,0
dubbo,org/apache/dubbo/qos/textui/TKv,TKv,,C:/Users/ismak/Documents/GitHub/relation_test_code_smell_ML/dataset/projects/dubbo/dubbo-plugin/dubbo-qos/src/test/java/org/apache/dubbo/qos/textui/TKvTest.java,0,0,1,4,0,0,0,0,0,0,1,1,1,0,0,0,0,0,0,0,0,0,0,0,0,0,0,0,0,0,0,1,0,0,0
dubbo,org/apache/dubbo/qos/textui/TLadder,TLadder,,C:/Users/ismak/Documents/GitHub/relation_test_code_smell_ML/dataset/projects/dubbo/dubbo-plugin/dubbo-qos/src/test/java/org/apache/dubbo/qos/textui/TLadderTest.java,0,0,1,4,0,0,0,0,0,0,1,1,1,0,0,0,0,0,0,0,0,0,0,0,0,0,0,0,0,0,0,1,0,0,0
dubbo,org/apache/dubbo/qos/textui/TTable,TTable,dataset/projects/dubbo/dubbo-plugin/dubbo-qos/src/main/java/org/apache/dubbo/qos/textui/TTable.java,C:/Users/ismak/Documents/GitHub/relation_test_code_smell_ML/dataset/projects/dubbo/dubbo-plugin/dubbo-qos/src/test/java/org/apache/dubbo/qos/textui/TTableTest.java,1,2,1,4,0,1,0,1,0,0,1,1,1,0,0,0,0,0,0,0,0,0,0,0,0,0,0,0,0,0,0,1,0,0,0
dubbo,org/apache/dubbo/qos/textui/TTree,TTree,,C:/Users/ismak/Documents/GitHub/relation_test_code_smell_ML/dataset/projects/dubbo/dubbo-plugin/dubbo-qos/src/test/java/org/apache/dubbo/qos/textui/TTreeTest.java,0,0,1,4,0,0,0,0,0,0,1,1,1,0,0,0,0,0,0,0,0,0,0,0,0,0,0,0,0,0,0,1,0,0,0
dubbo,org/apache/dubbo/reactive/ManyToManyMethodHandler,ManyToManyMethodHandler,,C:/Users/ismak/Documents/GitHub/relation_test_code_smell_ML/dataset/projects/dubbo/dubbo-plugin/dubbo-reactive/src/test/java/org/apache/dubbo/reactive/ManyToManyMethodHandlerTest.java,0,0,1,4,0,0,0,0,0,0,1,1,1,0,0,0,0,0,0,0,0,0,0,0,0,0,0,0,0,0,0,1,0,0,0
dubbo,org/apache/dubbo/reactive/ManyToOneMethodHandler,ManyToOneMethodHandler,,C:/Users/ismak/Documents/GitHub/relation_test_code_smell_ML/dataset/projects/dubbo/dubbo-plugin/dubbo-reactive/src/test/java/org/apache/dubbo/reactive/ManyToOneMethodHandlerTest.java,0,0,1,4,0,0,0,0,0,0,1,1,1,0,0,0,0,0,0,0,0,0,0,0,0,0,0,0,0,0,0,1,0,0,0
dubbo,org/apache/dubbo/reactive/OneToManyMethodHandler,OneToManyMethodHandler,,C:/Users/ismak/Documents/GitHub/relation_test_code_smell_ML/dataset/projects/dubbo/dubbo-plugin/dubbo-reactive/src/test/java/org/apache/dubbo/reactive/OneToManyMethodHandlerTest.java,0,0,1,4,0,0,0,0,0,0,1,1,1,0,0,0,0,0,0,0,0,0,0,0,0,0,0,0,0,0,0,1,0,0,0
dubbo,org/apache/dubbo/reactive/OneToOneMethodHandler,OneToOneMethodHandler,,C:/Users/ismak/Documents/GitHub/relation_test_code_smell_ML/dataset/projects/dubbo/dubbo-plugin/dubbo-reactive/src/test/java/org/apache/dubbo/reactive/OneToOneMethodHandlerTest.java,0,0,1,4,0,0,0,0,0,0,1,1,1,0,0,0,0,0,0,0,0,0,0,0,0,0,0,0,0,0,0,1,0,0,0
dubbo,org/apache/dubbo/reactive/calls/ReactorServerCalls,ReactorServerCalls,dataset/projects/dubbo/dubbo-plugin/dubbo-reactive/src/main/java/org/apache/dubbo/reactive/calls/ReactorServerCalls.java,,1,1,0,0,1,0,0,0,0,0,0,0,0,0,0,0,0,0,0,0,0,0,0,0,0,0,0,0,0,0,0,0,0,0,0
dubbo,org/apache/dubbo/registry/CacheableFailbackRegistry,CacheableFailbackRegistry,,C:/Users/ismak/Documents/GitHub/relation_test_code_smell_ML/dataset/projects/dubbo/dubbo-registry/dubbo-registry-api/src/test/java/org/apache/dubbo/registry/CacheableFailbackRegistryTest.java,0,0,1,4,0,0,0,0,0,0,1,1,1,0,0,0,0,0,0,0,0,0,0,0,0,0,0,0,0,0,0,1,0,0,0
dubbo,org/apache/dubbo/registry/ListenerRegistryWrapper,ListenerRegistryWrapper,,C:/Users/ismak/Documents/GitHub/relation_test_code_smell_ML/dataset/projects/dubbo/dubbo-registry/dubbo-registry-api/src/test/java/org/apache/dubbo/registry/ListenerRegistryWrapperTest.java,0,0,1,4,0,0,0,0,0,0,1,1,1,0,0,0,0,0,0,0,0,0,0,0,0,0,0,0,0,0,0,1,0,0,0
dubbo,org/apache/dubbo/registry/PerformanceRegistry,PerformanceRegistry,,C:/Users/ismak/Documents/GitHub/relation_test_code_smell_ML/dataset/projects/dubbo/dubbo-registry/dubbo-registry-api/src/test/java/org/apache/dubbo/registry/PerformanceRegistryTest.java,0,0,1,4,0,0,0,0,0,0,1,1,1,0,0,0,0,0,0,0,0,0,0,0,0,0,0,0,0,0,0,1,0,0,0
dubbo,org/apache/dubbo/registry/RegistryFactoryWrapper,RegistryFactoryWrapper,,C:/Users/ismak/Documents/GitHub/relation_test_code_smell_ML/dataset/projects/dubbo/dubbo-registry/dubbo-registry-api/src/test/java/org/apache/dubbo/registry/RegistryFactoryWrapperTest.java,0,0,1,4,0,0,0,0,0,0,1,1,1,0,0,0,0,0,0,0,0,0,0,0,0,0,0,0,0,0,0,1,0,0,0
dubbo,org/apache/dubbo/registry/client/AbstractServiceDiscovery,AbstractServiceDiscovery,dataset/projects/dubbo/dubbo-registry/dubbo-registry-api/src/main/java/org/apache/dubbo/registry/client/AbstractServiceDiscovery.java,,1,3,0,0,0,1,0,1,0,1,0,0,0,0,0,0,0,0,0,0,0,0,0,0,0,0,0,0,0,0,0,0,0,0,0
dubbo,org/apache/dubbo/registry/client/AbstractServiceDiscoveryFactory,AbstractServiceDiscoveryFactory,,C:/Users/ismak/Documents/GitHub/relation_test_code_smell_ML/dataset/projects/dubbo/dubbo-registry/dubbo-registry-api/src/test/java/org/apache/dubbo/registry/client/AbstractServiceDiscoveryFactoryTest.java,0,0,1,4,0,0,0,0,0,0,1,1,1,0,0,0,0,0,0,0,0,0,0,0,0,0,0,0,0,0,0,1,0,0,0
dubbo,org/apache/dubbo/registry/client/DefaultServiceInstance,DefaultServiceInstance,dataset/projects/dubbo/dubbo-registry/dubbo-registry-api/src/main/java/org/apache/dubbo/registry/client/DefaultServiceInstance.java,C:/Users/ismak/Documents/GitHub/relation_test_code_smell_ML/dataset/projects/dubbo/dubbo-registry/dubbo-registry-api/src/test/java/org/apache/dubbo/registry/client/DefaultServiceInstanceTest.java,1,2,1,4,0,0,0,1,0,1,1,1,1,0,0,0,0,0,0,0,0,0,0,0,0,0,0,0,0,0,0,1,0,0,0
dubbo,org/apache/dubbo/registry/client/InstanceAddressURL,InstanceAddressURL,dataset/projects/dubbo/dubbo-registry/dubbo-registry-api/src/main/java/org/apache/dubbo/registry/client/InstanceAddressURL.java,C:/Users/ismak/Documents/GitHub/relation_test_code_smell_ML/dataset/projects/dubbo/dubbo-registry/dubbo-registry-api/src/test/java/org/apache/dubbo/registry/client/InstanceAddressURLTest.java,1,5,1,4,0,3,0,1,0,1,1,1,1,0,0,0,0,0,0,0,0,0,0,0,0,0,0,0,0,0,0,1,0,0,0
dubbo,org/apache/dubbo/registry/client/OverrideInstanceAddressURL,OverrideInstanceAddressURL,dataset/projects/dubbo/dubbo-registry/dubbo-registry-api/src/main/java/org/apache/dubbo/registry/client/OverrideInstanceAddressURL.java,,1,1,0,0,0,0,0,0,0,1,0,0,0,0,0,0,0,0,0,0,0,0,0,0,0,0,0,0,0,0,0,0,0,0,0
dubbo,org/apache/dubbo/registry/client/ServiceDiscoveryCache,ServiceDiscoveryCache,,C:/Users/ismak/Documents/GitHub/relation_test_code_smell_ML/dataset/projects/dubbo/dubbo-registry/dubbo-registry-api/src/test/java/org/apache/dubbo/registry/client/ServiceDiscoveryCacheTest.java,0,0,1,4,0,0,0,0,0,0,1,1,1,0,0,0,0,0,0,0,0,0,0,0,0,0,0,0,0,0,0,1,0,0,0
dubbo,org/apache/dubbo/registry/client/ServiceDiscoveryRegistry,ServiceDiscoveryRegistry,dataset/projects/dubbo/dubbo-registry/dubbo-registry-api/src/main/java/org/apache/dubbo/registry/client/ServiceDiscoveryRegistry.java,C:/Users/ismak/Documents/GitHub/relation_test_code_smell_ML/dataset/projects/dubbo/dubbo-registry/dubbo-registry-api/src/test/java/org/apache/dubbo/registry/client/ServiceDiscoveryRegistryTest.java,1,4,1,4,1,1,0,1,0,1,1,1,1,0,0,0,0,0,0,0,0,0,0,0,0,0,0,0,0,0,0,1,0,0,0
dubbo,org/apache/dubbo/registry/client/ServiceDiscoveryRegistryDirectory,ServiceDiscoveryRegistryDirectory,dataset/projects/dubbo/dubbo-registry/dubbo-registry-api/src/main/java/org/apache/dubbo/registry/client/ServiceDiscoveryRegistryDirectory.java,,1,6,0,0,1,3,0,1,0,1,0,0,0,0,0,0,0,0,0,0,0,0,0,0,0,0,0,0,0,0,0,0,0,0,0
dubbo,org/apache/dubbo/registry/client/event/listener/ServiceInstancesChangedListener,ServiceInstancesChangedListener,dataset/projects/dubbo/dubbo-registry/dubbo-registry-api/src/main/java/org/apache/dubbo/registry/client/event/listener/ServiceInstancesChangedListener.java,C:/Users/ismak/Documents/GitHub/relation_test_code_smell_ML/dataset/projects/dubbo/dubbo-registry/dubbo-registry-api/src/test/java/org/apache/dubbo/registry/client/event/listener/ServiceInstancesChangedListenerTest.java,1,5,1,10,1,2,0,1,0,1,1,1,1,0,1,0,0,0,0,1,1,0,0,1,0,0,1,0,0,1,0,0,0,1,0
dubbo,org/apache/dubbo/registry/client/event/listener/ServiceInstancesChangedListenerWithoutEmptyProtect,ServiceInstancesChangedListenerWithoutEmptyProtect,,C:/Users/ismak/Documents/GitHub/relation_test_code_smell_ML/dataset/projects/dubbo/dubbo-registry/dubbo-registry-api/src/test/java/org/apache/dubbo/registry/client/event/listener/ServiceInstancesChangedListenerWithoutEmptyProtectTest.java,0,0,1,10,0,0,0,0,0,0,1,1,1,0,1,0,0,0,0,1,1,0,0,1,0,0,1,0,0,1,0,0,0,1,0
dubbo,org/apache/dubbo/registry/client/metadata/MetadataServiceDelegation,MetadataServiceDelegation,dataset/projects/dubbo/dubbo-registry/dubbo-registry-api/src/main/java/org/apache/dubbo/registry/client/metadata/MetadataServiceDelegation.java,,1,1,0,0,0,0,0,0,0,1,0,0,0,0,0,0,0,0,0,0,0,0,0,0,0,0,0,0,0,0,0,0,0,0,0
dubbo,org/apache/dubbo/registry/client/metadata/MetadataServiceNameMapping,MetadataServiceNameMapping,dataset/projects/dubbo/dubbo-registry/dubbo-registry-api/src/main/java/org/apache/dubbo/registry/client/metadata/MetadataServiceNameMapping.java,C:/Users/ismak/Documents/GitHub/relation_test_code_smell_ML/dataset/projects/dubbo/dubbo-registry/dubbo-registry-api/src/test/java/org/apache/dubbo/registry/client/metadata/MetadataServiceNameMappingTest.java,1,1,1,4,0,1,0,0,0,0,1,1,1,0,0,0,0,0,0,0,0,0,0,0,0,0,0,0,0,0,0,1,0,0,0
dubbo,org/apache/dubbo/registry/client/metadata/MetadataServiceURLBuilder,MetadataServiceURLBuilder,,C:/Users/ismak/Documents/GitHub/relation_test_code_smell_ML/dataset/projects/dubbo/dubbo-registry/dubbo-registry-api/src/test/java/org/apache/dubbo/registry/client/metadata/MetadataServiceURLBuilderTest.java,0,0,1,3,0,0,0,0,0,0,1,1,1,0,0,0,0,0,0,0,0,0,0,0,0,0,0,0,0,0,0,0,0,0,0
dubbo,org/apache/dubbo/registry/client/metadata/MetadataUtils,MetadataUtils,dataset/projects/dubbo/dubbo-registry/dubbo-registry-api/src/main/java/org/apache/dubbo/registry/client/metadata/MetadataUtils.java,,1,3,0,0,1,2,0,0,0,0,0,0,0,0,0,0,0,0,0,0,0,0,0,0,0,0,0,0,0,0,0,0,0,0,0
dubbo,org/apache/dubbo/registry/client/metadata/ProtocolPortsMetadataCustomizer,ProtocolPortsMetadataCustomizer,,C:/Users/ismak/Documents/GitHub/relation_test_code_smell_ML/dataset/projects/dubbo/dubbo-registry/dubbo-registry-api/src/test/java/org/apache/dubbo/registry/client/metadata/ProtocolPortsMetadataCustomizerTest.java,0,0,1,4,0,0,0,0,0,0,1,1,1,0,0,0,0,0,0,0,0,0,0,0,0,0,0,0,0,0,0,1,0,0,0
dubbo,org/apache/dubbo/registry/client/metadata/ServiceInstanceHostPortCustomizer,ServiceInstanceHostPortCustomizer,dataset/projects/dubbo/dubbo-registry/dubbo-registry-api/src/main/java/org/apache/dubbo/registry/client/metadata/ServiceInstanceHostPortCustomizer.java,C:/Users/ismak/Documents/GitHub/relation_test_code_smell_ML/dataset/projects/dubbo/dubbo-registry/dubbo-registry-api/src/test/java/org/apache/dubbo/registry/client/metadata/ServiceInstanceHostPortCustomizerTest.java,1,1,1,3,0,1,0,0,0,0,1,1,1,0,0,0,0,0,0,0,0,0,0,0,0,0,0,0,0,0,0,0,0,0,0
dubbo,org/apache/dubbo/registry/client/metadata/ServiceInstanceMetadataCustomizer,ServiceInstanceMetadataCustomizer,,C:/Users/ismak/Documents/GitHub/relation_test_code_smell_ML/dataset/projects/dubbo/dubbo-registry/dubbo-registry-api/src/test/java/org/apache/dubbo/registry/client/metadata/ServiceInstanceMetadataCustomizerTest.java,0,0,1,4,0,0,0,0,0,0,1,1,1,0,0,0,0,0,0,0,0,0,0,0,0,0,0,0,0,0,0,1,0,0,0
dubbo,org/apache/dubbo/registry/client/metadata/ServiceInstanceMetadataUtils,ServiceInstanceMetadataUtils,dataset/projects/dubbo/dubbo-registry/dubbo-registry-api/src/main/java/org/apache/dubbo/registry/client/metadata/ServiceInstanceMetadataUtils.java,,1,1,0,0,0,0,0,0,0,1,0,0,0,0,0,0,0,0,0,0,0,0,0,0,0,0,0,0,0,0,0,0,0,0,0
dubbo,org/apache/dubbo/registry/client/metadata/SpringCloudMetadataServiceURLBuilder,SpringCloudMetadataServiceURLBuilder,,C:/Users/ismak/Documents/GitHub/relation_test_code_smell_ML/dataset/projects/dubbo/dubbo-registry/dubbo-registry-api/src/test/java/org/apache/dubbo/registry/client/metadata/SpringCloudMetadataServiceURLBuilderTest.java,0,0,1,4,0,0,0,0,0,0,1,1,1,0,0,0,0,0,0,0,0,0,0,0,0,0,0,0,0,0,0,1,0,0,0
dubbo,org/apache/dubbo/registry/client/metadata/StandardMetadataServiceURLBuilder,StandardMetadataServiceURLBuilder,,C:/Users/ismak/Documents/GitHub/relation_test_code_smell_ML/dataset/projects/dubbo/dubbo-registry/dubbo-registry-api/src/test/java/org/apache/dubbo/registry/client/metadata/StandardMetadataServiceURLBuilderTest.java,0,0,1,4,0,0,0,0,0,0,1,1,1,0,0,0,0,0,0,0,0,0,0,0,0,0,0,0,0,0,0,1,0,0,0
dubbo,org/apache/dubbo/registry/client/metadata/store/MetaCacheManager,MetaCacheManager,,C:/Users/ismak/Documents/GitHub/relation_test_code_smell_ML/dataset/projects/dubbo/dubbo-registry/dubbo-registry-api/src/test/java/org/apache/dubbo/registry/client/metadata/store/MetaCacheManagerTest.java,0,0,1,4,0,0,0,0,0,0,1,1,1,0,0,0,0,0,0,0,0,0,0,0,0,0,0,0,0,0,0,1,0,0,0
dubbo,org/apache/dubbo/registry/client/migration/DefaultMigrationAddressComparator,DefaultMigrationAddressComparator,dataset/projects/dubbo/dubbo-registry/dubbo-registry-api/src/main/java/org/apache/dubbo/registry/client/migration/DefaultMigrationAddressComparator.java,C:/Users/ismak/Documents/GitHub/relation_test_code_smell_ML/dataset/projects/dubbo/dubbo-registry/dubbo-registry-api/src/test/java/org/apache/dubbo/registry/client/migration/DefaultMigrationAddressComparatorTest.java,1,1,1,4,0,1,0,0,0,0,1,1,1,0,0,0,0,0,0,0,0,0,0,0,0,0,0,0,0,0,0,1,0,0,0
dubbo,org/apache/dubbo/registry/client/migration/MigrationInvoker,MigrationInvoker,dataset/projects/dubbo/dubbo-registry/dubbo-registry-api/src/main/java/org/apache/dubbo/registry/client/migration/MigrationInvoker.java,C:/Users/ismak/Documents/GitHub/relation_test_code_smell_ML/dataset/projects/dubbo/dubbo-registry/dubbo-registry-api/src/test/java/org/apache/dubbo/registry/client/migration/MigrationInvokerTest.java,1,2,1,4,0,1,0,0,0,1,1,1,1,0,0,0,0,0,0,0,0,0,0,0,0,0,0,0,0,0,0,1,0,0,0
dubbo,org/apache/dubbo/registry/client/migration/MigrationRuleHandler,MigrationRuleHandler,dataset/projects/dubbo/dubbo-registry/dubbo-registry-api/src/main/java/org/apache/dubbo/registry/client/migration/MigrationRuleHandler.java,C:/Users/ismak/Documents/GitHub/relation_test_code_smell_ML/dataset/projects/dubbo/dubbo-registry/dubbo-registry-api/src/test/java/org/apache/dubbo/registry/client/migration/MigrationRuleHandlerTest.java,1,1,1,4,0,1,0,0,0,0,1,1,1,0,0,0,0,0,0,0,0,0,0,0,0,0,0,0,0,0,0,1,0,0,0
dubbo,org/apache/dubbo/registry/client/migration/MigrationRuleListener,MigrationRuleListener,,C:/Users/ismak/Documents/GitHub/relation_test_code_smell_ML/dataset/projects/dubbo/dubbo-registry/dubbo-registry-api/src/test/java/org/apache/dubbo/registry/client/migration/MigrationRuleListenerTest.java,0,0,1,4,0,0,0,0,0,0,1,1,1,0,0,0,0,0,0,0,0,0,0,0,0,0,0,0,0,0,0,1,0,0,0
dubbo,org/apache/dubbo/registry/client/migration/model/MigrationRule,MigrationRule,dataset/projects/dubbo/dubbo-registry/dubbo-registry-api/src/main/java/org/apache/dubbo/registry/client/migration/model/MigrationRule.java,C:/Users/ismak/Documents/GitHub/relation_test_code_smell_ML/dataset/projects/dubbo/dubbo-registry/dubbo-registry-api/src/test/java/org/apache/dubbo/registry/client/migration/model/MigrationRuleTest.java,1,3,1,4,0,1,0,1,0,1,1,1,1,0,0,0,0,0,0,0,0,0,0,0,0,0,0,0,0,0,0,1,0,0,0
dubbo,org/apache/dubbo/registry/integration/DynamicDirectory,DynamicDirectory,dataset/projects/dubbo/dubbo-registry/dubbo-registry-api/src/main/java/org/apache/dubbo/registry/integration/DynamicDirectory.java,C:/Users/ismak/Documents/GitHub/relation_test_code_smell_ML/dataset/projects/dubbo/dubbo-registry/dubbo-registry-api/src/test/java/org/apache/dubbo/registry/integration/DynamicDirectoryTest.java,1,3,1,4,0,1,0,1,0,1,1,1,1,0,0,0,0,0,0,0,0,0,0,0,0,0,0,0,0,0,0,1,0,0,0
dubbo,org/apache/dubbo/registry/integration/RegistryDirectory,RegistryDirectory,dataset/projects/dubbo/dubbo-registry/dubbo-registry-api/src/main/java/org/apache/dubbo/registry/integration/RegistryDirectory.java,,1,7,0,0,1,4,0,1,0,1,0,0,0,0,0,0,0,0,0,0,0,0,0,0,0,0,0,0,0,0,0,0,0,0,0
dubbo,org/apache/dubbo/registry/integration/RegistryProtocol,RegistryProtocol,dataset/projects/dubbo/dubbo-registry/dubbo-registry-api/src/main/java/org/apache/dubbo/registry/integration/RegistryProtocol.java,C:/Users/ismak/Documents/GitHub/relation_test_code_smell_ML/dataset/projects/dubbo/dubbo-registry/dubbo-registry-api/src/test/java/org/apache/dubbo/registry/integration/RegistryProtocolTest.java,1,6,1,4,1,3,0,1,0,1,1,1,1,0,0,0,0,0,0,0,0,0,0,0,0,0,0,0,0,0,0,1,0,0,0
dubbo,org/apache/dubbo/registry/multicast/MulticastRegistry,MulticastRegistry,dataset/projects/dubbo/dubbo-registry/dubbo-registry-multicast/src/main/java/org/apache/dubbo/registry/multicast/MulticastRegistry.java,C:/Users/ismak/Documents/GitHub/relation_test_code_smell_ML/dataset/projects/dubbo/dubbo-registry/dubbo-registry-multicast/src/test/java/org/apache/dubbo/registry/multicast/MulticastRegistryTest.java,1,5,1,4,0,3,0,1,0,1,1,1,1,0,0,0,0,0,0,0,0,0,0,0,0,0,0,0,0,0,0,1,0,0,0
dubbo,org/apache/dubbo/registry/multicast/MulticastRegistryFactory,MulticastRegistryFactory,,C:/Users/ismak/Documents/GitHub/relation_test_code_smell_ML/dataset/projects/dubbo/dubbo-registry/dubbo-registry-multicast/src/test/java/org/apache/dubbo/registry/multicast/MulticastRegistryFactoryTest.java,0,0,1,3,0,0,0,0,0,0,1,1,1,0,0,0,0,0,0,0,0,0,0,0,0,0,0,0,0,0,0,0,0,0,0
dubbo,org/apache/dubbo/registry/multiple/MultipleRegistry,MultipleRegistry,dataset/projects/dubbo/dubbo-registry/dubbo-registry-multiple/src/main/java/org/apache/dubbo/registry/multiple/MultipleRegistry.java,,1,2,0,0,0,0,0,1,0,1,0,0,0,0,0,0,0,0,0,0,0,0,0,0,0,0,0,0,0,0,0,0,0,0,0
dubbo,org/apache/dubbo/registry/multiple/MultipleRegistry2S2R,MultipleRegistry2S2R,,C:/Users/ismak/Documents/GitHub/relation_test_code_smell_ML/dataset/projects/dubbo/dubbo-registry/dubbo-registry-multiple/src/test/java/org/apache/dubbo/registry/multiple/MultipleRegistry2S2RTest.java,0,0,1,4,0,0,0,0,0,0,1,1,1,0,0,0,0,0,0,0,0,0,0,0,0,0,0,0,0,0,0,1,0,0,0
dubbo,org/apache/dubbo/registry/multiple/MultipleServiceDiscovery,MultipleServiceDiscovery,dataset/projects/dubbo/dubbo-registry/dubbo-registry-multiple/src/main/java/org/apache/dubbo/registry/multiple/MultipleServiceDiscovery.java,C:/Users/ismak/Documents/GitHub/relation_test_code_smell_ML/dataset/projects/dubbo/dubbo-registry/dubbo-registry-multiple/src/test/java/org/apache/dubbo/registry/multiple/MultipleServiceDiscoveryTest.java,1,1,1,4,0,0,0,0,0,1,1,1,1,0,0,0,0,0,0,1,0,0,0,0,0,0,0,0,0,0,0,0,0,0,0
dubbo,org/apache/dubbo/registry/nacos/NacosConnectionManager,NacosConnectionManager,dataset/projects/dubbo/dubbo-registry/dubbo-registry-nacos/src/main/java/org/apache/dubbo/registry/nacos/NacosConnectionManager.java,,1,1,0,0,0,1,0,0,0,0,0,0,0,0,0,0,0,0,0,0,0,0,0,0,0,0,0,0,0,0,0,0,0,0,0
dubbo,org/apache/dubbo/registry/nacos/NacosConnectionsManager,NacosConnectionsManager,,C:/Users/ismak/Documents/GitHub/relation_test_code_smell_ML/dataset/projects/dubbo/dubbo-registry/dubbo-registry-nacos/src/test/java/org/apache/dubbo/registry/nacos/NacosConnectionsManagerTest.java,0,0,1,8,0,0,0,0,0,0,1,1,1,0,1,1,0,0,0,0,0,0,0,0,0,0,0,0,0,1,0,1,0,1,0
dubbo,org/apache/dubbo/registry/nacos/NacosNamingServiceWrapper,NacosNamingServiceWrapper,dataset/projects/dubbo/dubbo-registry/dubbo-registry-nacos/src/main/java/org/apache/dubbo/registry/nacos/NacosNamingServiceWrapper.java,C:/Users/ismak/Documents/GitHub/relation_test_code_smell_ML/dataset/projects/dubbo/dubbo-registry/dubbo-registry-nacos/src/test/java/org/apache/dubbo/registry/nacos/NacosNamingServiceWrapperTest.java,1,2,1,4,1,0,0,0,0,1,1,1,1,0,0,0,0,0,0,0,0,0,0,0,0,0,0,0,0,0,0,1,0,0,0
dubbo,org/apache/dubbo/registry/nacos/NacosRegistry,NacosRegistry,dataset/projects/dubbo/dubbo-registry/dubbo-registry-nacos/src/main/java/org/apache/dubbo/registry/nacos/NacosRegistry.java,C:/Users/ismak/Documents/GitHub/relation_test_code_smell_ML/dataset/projects/dubbo/dubbo-registry/dubbo-registry-nacos/src/test/java/org/apache/dubbo/registry/nacos/NacosRegistryTest.java,1,5,1,4,1,2,0,1,0,1,1,1,1,0,0,0,0,0,0,0,0,0,0,0,0,0,0,0,0,0,0,1,0,0,0
dubbo,org/apache/dubbo/registry/nacos/NacosRegistryFactory,NacosRegistryFactory,,C:/Users/ismak/Documents/GitHub/relation_test_code_smell_ML/dataset/projects/dubbo/dubbo-registry/dubbo-registry-nacos/src/test/java/org/apache/dubbo/registry/nacos/NacosRegistryFactoryTest.java,0,0,1,4,0,0,0,0,0,0,1,1,1,0,0,0,0,0,0,0,0,0,0,0,0,0,0,0,0,0,0,1,0,0,0
dubbo,org/apache/dubbo/registry/nacos/NacosServiceDiscovery,NacosServiceDiscovery,,C:/Users/ismak/Documents/GitHub/relation_test_code_smell_ML/dataset/projects/dubbo/dubbo-registry/dubbo-registry-nacos/src/test/java/org/apache/dubbo/registry/nacos/NacosServiceDiscoveryTest.java,0,0,1,4,0,0,0,0,0,0,1,1,1,0,0,0,0,0,0,0,0,0,0,0,0,0,0,0,0,0,0,1,0,0,0
dubbo,org/apache/dubbo/registry/nacos/NacosServiceDiscoveryFactory,NacosServiceDiscoveryFactory,,C:/Users/ismak/Documents/GitHub/relation_test_code_smell_ML/dataset/projects/dubbo/dubbo-registry/dubbo-registry-nacos/src/test/java/org/apache/dubbo/registry/nacos/NacosServiceDiscoveryFactoryTest.java,0,0,1,4,0,0,0,0,0,0,1,1,1,0,0,0,0,0,0,0,0,0,0,0,0,0,0,0,0,0,0,1,0,0,0
dubbo,org/apache/dubbo/registry/nacos/NacosServiceName,NacosServiceName,dataset/projects/dubbo/dubbo-registry/dubbo-registry-nacos/src/main/java/org/apache/dubbo/registry/nacos/NacosServiceName.java,,1,1,0,0,0,1,0,0,0,0,0,0,0,0,0,0,0,0,0,0,0,0,0,0,0,0,0,0,0,0,0,0,0,0,0
dubbo,org/apache/dubbo/registry/nacos/util/NacosNamingServiceUtils,NacosNamingServiceUtils,,C:/Users/ismak/Documents/GitHub/relation_test_code_smell_ML/dataset/projects/dubbo/dubbo-registry/dubbo-registry-nacos/src/test/java/org/apache/dubbo/registry/nacos/util/NacosNamingServiceUtilsTest.java,0,0,1,4,0,0,0,0,0,0,1,1,1,0,0,0,0,0,0,0,0,0,0,0,0,0,0,0,0,0,0,1,0,0,0
dubbo,org/apache/dubbo/registry/retry/AbstractRetryTask,AbstractRetryTask,dataset/projects/dubbo/dubbo-registry/dubbo-registry-api/src/main/java/org/apache/dubbo/registry/retry/AbstractRetryTask.java,,1,1,0,0,0,1,0,0,0,0,0,0,0,0,0,0,0,0,0,0,0,0,0,0,0,0,0,0,0,0,0,0,0,0,0
dubbo,org/apache/dubbo/registry/support/AbstractRegistry,AbstractRegistry,dataset/projects/dubbo/dubbo-registry/dubbo-registry-api/src/main/java/org/apache/dubbo/registry/support/AbstractRegistry.java,C:/Users/ismak/Documents/GitHub/relation_test_code_smell_ML/dataset/projects/dubbo/dubbo-registry/dubbo-registry-api/src/test/java/org/apache/dubbo/registry/support/AbstractRegistryTest.java,1,7,1,4,1,4,0,1,0,1,1,1,1,0,0,0,0,0,0,0,0,0,0,0,0,0,0,0,0,0,0,1,0,0,0
dubbo,org/apache/dubbo/registry/support/AbstractRegistryFactory,AbstractRegistryFactory,dataset/projects/dubbo/dubbo-registry/dubbo-registry-api/src/main/java/org/apache/dubbo/registry/support/AbstractRegistryFactory.java,C:/Users/ismak/Documents/GitHub/relation_test_code_smell_ML/dataset/projects/dubbo/dubbo-registry/dubbo-registry-api/src/test/java/org/apache/dubbo/registry/support/AbstractRegistryFactoryTest.java,1,1,1,4,0,1,0,0,0,0,1,1,1,0,0,0,0,0,0,0,0,0,0,0,0,0,0,0,0,0,0,1,0,0,0
dubbo,org/apache/dubbo/registry/support/CacheableFailbackRegistry,CacheableFailbackRegistry,dataset/projects/dubbo/dubbo-registry/dubbo-registry-api/src/main/java/org/apache/dubbo/registry/support/CacheableFailbackRegistry.java,C:/Users/ismak/Documents/GitHub/relation_test_code_smell_ML/dataset/projects/dubbo/dubbo-registry/dubbo-registry-api/src/test/java/org/apache/dubbo/registry/support/CacheableFailbackRegistryTest.java,1,3,1,3,1,1,0,1,0,0,1,1,1,0,0,0,0,0,0,0,0,0,0,0,0,0,0,0,0,0,0,0,0,0,0
dubbo,org/apache/dubbo/registry/support/FailbackRegistry,FailbackRegistry,dataset/projects/dubbo/dubbo-registry/dubbo-registry-api/src/main/java/org/apache/dubbo/registry/support/FailbackRegistry.java,C:/Users/ismak/Documents/GitHub/relation_test_code_smell_ML/dataset/projects/dubbo/dubbo-registry/dubbo-registry-api/src/test/java/org/apache/dubbo/registry/support/FailbackRegistryTest.java,1,3,1,4,0,1,0,1,0,1,1,1,1,0,0,0,0,0,0,0,0,0,0,0,0,0,0,0,0,0,0,1,0,0,0
dubbo,org/apache/dubbo/registry/zookeeper/ZookeeperRegistry,ZookeeperRegistry,dataset/projects/dubbo/dubbo-registry/dubbo-registry-zookeeper/src/main/java/org/apache/dubbo/registry/zookeeper/ZookeeperRegistry.java,C:/Users/ismak/Documents/GitHub/relation_test_code_smell_ML/dataset/projects/dubbo/dubbo-registry/dubbo-registry-zookeeper/src/test/java/org/apache/dubbo/registry/zookeeper/ZookeeperRegistryTest.java,1,2,1,4,0,0,0,1,0,1,1,1,1,0,0,0,0,0,0,0,0,0,0,0,0,0,0,0,0,0,0,1,0,0,0
dubbo,org/apache/dubbo/registry/zookeeper/ZookeeperServiceDiscovery,ZookeeperServiceDiscovery,,C:/Users/ismak/Documents/GitHub/relation_test_code_smell_ML/dataset/projects/dubbo/dubbo-registry/dubbo-registry-zookeeper/src/test/java/org/apache/dubbo/registry/zookeeper/ZookeeperServiceDiscoveryTest.java,0,0,1,4,0,0,0,0,0,0,1,1,1,0,0,0,0,0,0,0,0,0,0,0,0,0,0,0,0,0,0,1,0,0,0
dubbo,org/apache/dubbo/registry/zookeeper/util/CuratorFrameworkUtils,CuratorFrameworkUtils,,C:/Users/ismak/Documents/GitHub/relation_test_code_smell_ML/dataset/projects/dubbo/dubbo-registry/dubbo-registry-zookeeper/src/test/java/org/apache/dubbo/registry/zookeeper/util/CuratorFrameworkUtilsTest.java,0,0,1,4,0,0,0,0,0,0,1,1,1,0,0,0,0,0,0,0,0,0,0,0,0,0,0,0,0,0,0,1,0,0,0
dubbo,org/apache/dubbo/remoting/ChannelHandler,ChannelHandler,,C:/Users/ismak/Documents/GitHub/relation_test_code_smell_ML/dataset/projects/dubbo/dubbo-remoting/dubbo-remoting-api/src/test/java/org/apache/dubbo/remoting/ChannelHandlerTest.java,0,0,1,4,0,0,0,0,0,0,1,1,1,0,0,0,0,0,0,0,0,0,0,0,0,0,0,0,0,0,0,1,0,0,0
dubbo,org/apache/dubbo/remoting/PerformanceClient,PerformanceClient,,C:/Users/ismak/Documents/GitHub/relation_test_code_smell_ML/dataset/projects/dubbo/dubbo-remoting/dubbo-remoting-api/src/test/java/org/apache/dubbo/remoting/PerformanceClientTest.java,0,0,1,6,0,0,0,0,0,0,1,1,1,0,0,1,0,0,0,1,0,0,0,0,0,0,0,0,0,0,1,0,0,0,0
dubbo,org/apache/dubbo/remoting/PerformanceClientClose,PerformanceClientClose,,C:/Users/ismak/Documents/GitHub/relation_test_code_smell_ML/dataset/projects/dubbo/dubbo-remoting/dubbo-remoting-api/src/test/java/org/apache/dubbo/remoting/PerformanceClientCloseTest.java,0,0,1,4,0,0,0,0,0,0,1,1,1,0,0,0,0,0,0,0,0,0,0,0,0,0,0,0,0,0,0,1,0,0,0
dubbo,org/apache/dubbo/remoting/PerformanceClientFixed,PerformanceClientFixed,,C:/Users/ismak/Documents/GitHub/relation_test_code_smell_ML/dataset/projects/dubbo/dubbo-remoting/dubbo-remoting-api/src/test/java/org/apache/dubbo/remoting/PerformanceClientFixedTest.java,0,0,1,4,0,0,0,0,0,0,1,1,1,0,0,0,0,0,0,0,0,0,0,0,0,0,0,0,0,0,0,1,0,0,0
dubbo,org/apache/dubbo/remoting/PerformanceServer,PerformanceServer,,C:/Users/ismak/Documents/GitHub/relation_test_code_smell_ML/dataset/projects/dubbo/dubbo-remoting/dubbo-remoting-api/src/test/java/org/apache/dubbo/remoting/PerformanceServerTest.java,0,0,1,4,0,0,0,0,0,0,1,1,1,0,0,0,0,0,0,0,0,0,0,0,0,0,0,0,0,0,0,1,0,0,0
dubbo,org/apache/dubbo/remoting/Transporters,Transporters,,C:/Users/ismak/Documents/GitHub/relation_test_code_smell_ML/dataset/projects/dubbo/dubbo-remoting/dubbo-remoting-api/src/test/java/org/apache/dubbo/remoting/TransportersTest.java,0,0,1,4,0,0,0,0,0,0,1,1,1,0,0,0,0,0,0,0,0,0,0,0,0,0,0,0,0,0,0,1,0,0,0
dubbo,org/apache/dubbo/remoting/buffer/AbstractChannelBuffer,AbstractChannelBuffer,dataset/projects/dubbo/dubbo-remoting/dubbo-remoting-api/src/main/java/org/apache/dubbo/remoting/buffer/AbstractChannelBuffer.java,C:/Users/ismak/Documents/GitHub/relation_test_code_smell_ML/dataset/projects/dubbo/dubbo-remoting/dubbo-remoting-api/src/test/java/org/apache/dubbo/remoting/buffer/AbstractChannelBufferTest.java,1,1,1,4,0,0,0,0,0,1,1,1,1,0,0,0,0,0,0,0,0,0,0,0,0,0,0,0,0,0,0,1,0,0,0
dubbo,org/apache/dubbo/remoting/buffer/ByteBufferBackedChannelBuffer,ByteBufferBackedChannelBuffer,dataset/projects/dubbo/dubbo-remoting/dubbo-remoting-api/src/main/java/org/apache/dubbo/remoting/buffer/ByteBufferBackedChannelBuffer.java,C:/Users/ismak/Documents/GitHub/relation_test_code_smell_ML/dataset/projects/dubbo/dubbo-remoting/dubbo-remoting-api/src/test/java/org/apache/dubbo/remoting/buffer/ByteBufferBackedChannelBufferTest.java,1,1,1,3,0,0,0,0,0,1,1,1,1,0,0,0,0,0,0,0,0,0,0,0,0,0,0,0,0,0,0,0,0,0,0
dubbo,org/apache/dubbo/remoting/buffer/ChannelBuffer,ChannelBuffer,dataset/projects/dubbo/dubbo-remoting/dubbo-remoting-api/src/main/java/org/apache/dubbo/remoting/buffer/ChannelBuffer.java,,1,1,0,0,0,0,0,0,0,1,0,0,0,0,0,0,0,0,0,0,0,0,0,0,0,0,0,0,0,0,0,0,0,0,0
dubbo,org/apache/dubbo/remoting/buffer/ChannelBufferFactory,ChannelBufferFactory,,C:/Users/ismak/Documents/GitHub/relation_test_code_smell_ML/dataset/projects/dubbo/dubbo-remoting/dubbo-remoting-api/src/test/java/org/apache/dubbo/remoting/buffer/ChannelBufferFactoryTest.java,0,0,1,4,0,0,0,0,0,0,1,1,1,0,0,0,0,0,0,0,0,0,0,0,0,0,0,0,0,0,0,1,0,0,0
dubbo,org/apache/dubbo/remoting/buffer/ChannelBufferStream,ChannelBufferStream,,C:/Users/ismak/Documents/GitHub/relation_test_code_smell_ML/dataset/projects/dubbo/dubbo-remoting/dubbo-remoting-api/src/test/java/org/apache/dubbo/remoting/buffer/ChannelBufferStreamTest.java,0,0,1,7,0,0,0,0,0,0,1,1,1,0,1,0,0,0,0,1,0,0,0,0,0,0,0,0,0,0,0,1,0,1,0
dubbo,org/apache/dubbo/remoting/buffer/ChannelBuffers,ChannelBuffers,dataset/projects/dubbo/dubbo-remoting/dubbo-remoting-api/src/main/java/org/apache/dubbo/remoting/buffer/ChannelBuffers.java,C:/Users/ismak/Documents/GitHub/relation_test_code_smell_ML/dataset/projects/dubbo/dubbo-remoting/dubbo-remoting-api/src/test/java/org/apache/dubbo/remoting/buffer/ChannelBuffersTest.java,1,1,1,4,0,0,0,0,0,1,1,1,1,0,0,0,0,0,0,0,0,0,0,0,0,0,0,0,0,0,0,1,0,0,0
dubbo,org/apache/dubbo/remoting/buffer/DirectChannelBuffer,DirectChannelBuffer,,C:/Users/ismak/Documents/GitHub/relation_test_code_smell_ML/dataset/projects/dubbo/dubbo-remoting/dubbo-remoting-api/src/test/java/org/apache/dubbo/remoting/buffer/DirectChannelBufferTest.java,0,0,1,3,0,0,0,0,0,0,1,1,1,0,0,0,0,0,0,0,0,0,0,0,0,0,0,0,0,0,0,0,0,0,0
dubbo,org/apache/dubbo/remoting/buffer/DynamicChannelBuffer,DynamicChannelBuffer,dataset/projects/dubbo/dubbo-remoting/dubbo-remoting-api/src/main/java/org/apache/dubbo/remoting/buffer/DynamicChannelBuffer.java,C:/Users/ismak/Documents/GitHub/relation_test_code_smell_ML/dataset/projects/dubbo/dubbo-remoting/dubbo-remoting-api/src/test/java/org/apache/dubbo/remoting/buffer/DynamicChannelBufferTest.java,1,1,1,3,0,0,0,0,0,1,1,1,1,0,0,0,0,0,0,0,0,0,0,0,0,0,0,0,0,0,0,0,0,0,0
dubbo,org/apache/dubbo/remoting/buffer/HeapChannelBuffer,HeapChannelBuffer,,C:/Users/ismak/Documents/GitHub/relation_test_code_smell_ML/dataset/projects/dubbo/dubbo-remoting/dubbo-remoting-api/src/test/java/org/apache/dubbo/remoting/buffer/HeapChannelBufferTest.java,0,0,1,4,0,0,0,0,0,0,1,1,1,0,0,0,0,0,0,0,0,0,0,0,0,0,0,0,0,0,0,1,0,0,0
dubbo,org/apache/dubbo/remoting/codec/CodecAdapter,CodecAdapter,,C:/Users/ismak/Documents/GitHub/relation_test_code_smell_ML/dataset/projects/dubbo/dubbo-remoting/dubbo-remoting-api/src/test/java/org/apache/dubbo/remoting/codec/CodecAdapterTest.java,0,0,1,3,0,0,0,0,0,0,1,1,1,0,0,0,0,0,0,0,0,0,0,0,0,0,0,0,0,0,0,0,0,0,0
dubbo,org/apache/dubbo/remoting/codec/ExchangeCodec,ExchangeCodec,,C:/Users/ismak/Documents/GitHub/relation_test_code_smell_ML/dataset/projects/dubbo/dubbo-remoting/dubbo-remoting-api/src/test/java/org/apache/dubbo/remoting/codec/ExchangeCodecTest.java,0,0,1,7,0,0,0,0,0,0,1,1,1,0,1,0,0,0,0,1,0,0,0,0,0,0,0,0,0,0,0,1,0,1,0
dubbo,org/apache/dubbo/remoting/codec/TelnetCodec,TelnetCodec,,C:/Users/ismak/Documents/GitHub/relation_test_code_smell_ML/dataset/projects/dubbo/dubbo-remoting/dubbo-remoting-api/src/test/java/org/apache/dubbo/remoting/codec/TelnetCodecTest.java,0,0,1,4,0,0,0,0,0,0,1,1,1,0,0,0,0,0,0,0,0,0,0,0,0,0,0,0,0,0,0,1,0,0,0
dubbo,org/apache/dubbo/remoting/exchange/Exchangers,Exchangers,dataset/projects/dubbo/dubbo-remoting/dubbo-remoting-api/src/main/java/org/apache/dubbo/remoting/exchange/Exchangers.java,C:/Users/ismak/Documents/GitHub/relation_test_code_smell_ML/dataset/projects/dubbo/dubbo-remoting/dubbo-remoting-api/src/test/java/org/apache/dubbo/remoting/exchange/ExchangersTest.java,1,1,1,4,0,0,0,0,0,1,1,1,1,0,0,0,0,0,0,0,0,0,0,0,0,0,0,0,0,0,0,1,0,0,0
dubbo,org/apache/dubbo/remoting/exchange/Request,Request,,C:/Users/ismak/Documents/GitHub/relation_test_code_smell_ML/dataset/projects/dubbo/dubbo-remoting/dubbo-remoting-api/src/test/java/org/apache/dubbo/remoting/exchange/RequestTest.java,0,0,1,4,0,0,0,0,0,0,1,1,1,0,0,0,0,0,0,0,0,0,0,0,0,0,0,0,0,0,0,1,0,0,0
dubbo,org/apache/dubbo/remoting/exchange/Response,Response,,C:/Users/ismak/Documents/GitHub/relation_test_code_smell_ML/dataset/projects/dubbo/dubbo-remoting/dubbo-remoting-api/src/test/java/org/apache/dubbo/remoting/exchange/ResponseTest.java,0,0,1,4,0,0,0,0,0,0,1,1,1,0,0,0,0,0,0,0,0,0,0,0,0,0,0,0,0,0,0,1,0,0,0
dubbo,org/apache/dubbo/remoting/exchange/codec/ExchangeCodec,ExchangeCodec,dataset/projects/dubbo/dubbo-remoting/dubbo-remoting-api/src/main/java/org/apache/dubbo/remoting/exchange/codec/ExchangeCodec.java,,1,6,0,0,0,4,0,1,0,1,0,0,0,0,0,0,0,0,0,0,0,0,0,0,0,0,0,0,0,0,0,0,0,0,0
dubbo,org/apache/dubbo/remoting/exchange/support/DefaultFuture,DefaultFuture,dataset/projects/dubbo/dubbo-remoting/dubbo-remoting-api/src/main/java/org/apache/dubbo/remoting/exchange/support/DefaultFuture.java,C:/Users/ismak/Documents/GitHub/relation_test_code_smell_ML/dataset/projects/dubbo/dubbo-remoting/dubbo-remoting-api/src/test/java/org/apache/dubbo/remoting/exchange/support/DefaultFutureTest.java,1,3,1,8,0,1,0,1,0,1,1,1,1,0,1,1,0,0,0,1,0,0,0,0,0,0,1,0,0,0,0,1,0,0,0
dubbo,org/apache/dubbo/remoting/exchange/support/ExchangeHandlerDispatcher,ExchangeHandlerDispatcher,dataset/projects/dubbo/dubbo-remoting/dubbo-remoting-api/src/main/java/org/apache/dubbo/remoting/exchange/support/ExchangeHandlerDispatcher.java,C:/Users/ismak/Documents/GitHub/relation_test_code_smell_ML/dataset/projects/dubbo/dubbo-remoting/dubbo-remoting-api/src/test/java/org/apache/dubbo/remoting/exchange/support/ExchangeHandlerDispatcherTest.java,1,1,1,4,0,0,0,0,0,1,1,1,1,0,0,0,0,0,0,0,0,0,0,0,0,0,0,0,0,0,0,1,0,0,0
dubbo,org/apache/dubbo/remoting/exchange/support/MultiMessage,MultiMessage,,C:/Users/ismak/Documents/GitHub/relation_test_code_smell_ML/dataset/projects/dubbo/dubbo-remoting/dubbo-remoting-api/src/test/java/org/apache/dubbo/remoting/exchange/support/MultiMessageTest.java,0,0,1,4,0,0,0,0,0,0,1,1,1,0,0,0,0,0,0,0,0,0,0,0,0,0,0,0,0,0,0,1,0,0,0
dubbo,org/apache/dubbo/remoting/exchange/support/header/CloseTimerTask,CloseTimerTask,,C:/Users/ismak/Documents/GitHub/relation_test_code_smell_ML/dataset/projects/dubbo/dubbo-remoting/dubbo-remoting-api/src/test/java/org/apache/dubbo/remoting/exchange/support/header/CloseTimerTaskTest.java,0,0,1,4,0,0,0,0,0,0,1,1,1,0,0,0,0,0,0,0,0,0,0,0,0,0,0,0,0,0,0,1,0,0,0
dubbo,org/apache/dubbo/remoting/exchange/support/header/HeaderExchangeChannel,HeaderExchangeChannel,dataset/projects/dubbo/dubbo-remoting/dubbo-remoting-api/src/main/java/org/apache/dubbo/remoting/exchange/support/header/HeaderExchangeChannel.java,C:/Users/ismak/Documents/GitHub/relation_test_code_smell_ML/dataset/projects/dubbo/dubbo-remoting/dubbo-remoting-api/src/test/java/org/apache/dubbo/remoting/exchange/support/header/HeaderExchangeChannelTest.java,1,1,1,3,0,0,0,0,0,1,1,1,1,0,0,0,0,0,0,0,0,0,0,0,0,0,0,0,0,0,0,0,0,0,0
dubbo,org/apache/dubbo/remoting/exchange/support/header/HeaderExchangeClient,HeaderExchangeClient,dataset/projects/dubbo/dubbo-remoting/dubbo-remoting-api/src/main/java/org/apache/dubbo/remoting/exchange/support/header/HeaderExchangeClient.java,C:/Users/ismak/Documents/GitHub/relation_test_code_smell_ML/dataset/projects/dubbo/dubbo-remoting/dubbo-remoting-api/src/test/java/org/apache/dubbo/remoting/exchange/support/header/HeaderExchangeClientTest.java,1,1,1,4,0,0,0,0,0,1,1,1,1,0,0,0,0,0,0,0,0,0,0,0,0,0,0,0,0,0,0,1,0,0,0
dubbo,org/apache/dubbo/remoting/exchange/support/header/HeaderExchangeHandler,HeaderExchangeHandler,dataset/projects/dubbo/dubbo-remoting/dubbo-remoting-api/src/main/java/org/apache/dubbo/remoting/exchange/support/header/HeaderExchangeHandler.java,,1,1,0,0,0,1,0,0,0,0,0,0,0,0,0,0,0,0,0,0,0,0,0,0,0,0,0,0,0,0,0,0,0,0,0
dubbo,org/apache/dubbo/remoting/exchange/support/header/HeaderExchangeServer,HeaderExchangeServer,dataset/projects/dubbo/dubbo-remoting/dubbo-remoting-api/src/main/java/org/apache/dubbo/remoting/exchange/support/header/HeaderExchangeServer.java,C:/Users/ismak/Documents/GitHub/relation_test_code_smell_ML/dataset/projects/dubbo/dubbo-remoting/dubbo-remoting-api/src/test/java/org/apache/dubbo/remoting/exchange/support/header/HeaderExchangeServerTest.java,1,1,1,4,0,0,0,0,0,1,1,1,1,0,0,0,0,0,0,0,0,0,0,0,0,0,0,0,0,0,0,1,0,0,0
dubbo,org/apache/dubbo/remoting/exchange/support/header/HeartBeatTask,HeartBeatTask,,C:/Users/ismak/Documents/GitHub/relation_test_code_smell_ML/dataset/projects/dubbo/dubbo-remoting/dubbo-remoting-api/src/test/java/org/apache/dubbo/remoting/exchange/support/header/HeartBeatTaskTest.java,0,0,1,4,0,0,0,0,0,0,1,1,1,0,0,0,0,0,0,0,0,0,0,0,0,0,0,0,0,0,0,1,0,0,0
dubbo,org/apache/dubbo/remoting/exchange/support/header/HeartbeatHandler,HeartbeatHandler,,C:/Users/ismak/Documents/GitHub/relation_test_code_smell_ML/dataset/projects/dubbo/dubbo-remoting/dubbo-remoting-netty/src/test/java/org/apache/dubbo/remoting/exchange/support/header/HeartbeatHandlerTest.java,0,0,1,4,0,0,0,0,0,0,1,1,1,0,0,0,0,0,0,0,0,0,0,0,0,0,0,0,0,0,0,1,0,0,0
dubbo,org/apache/dubbo/remoting/exchange/support/header/ReconnectTimerTask,ReconnectTimerTask,,C:/Users/ismak/Documents/GitHub/relation_test_code_smell_ML/dataset/projects/dubbo/dubbo-remoting/dubbo-remoting-api/src/test/java/org/apache/dubbo/remoting/exchange/support/header/ReconnectTimerTaskTest.java,0,0,1,4,0,0,0,0,0,0,1,1,1,0,0,0,0,0,0,0,0,0,0,0,0,0,0,0,0,0,0,1,0,0,0
dubbo,org/apache/dubbo/remoting/handler/HeaderExchangeHandler,HeaderExchangeHandler,,C:/Users/ismak/Documents/GitHub/relation_test_code_smell_ML/dataset/projects/dubbo/dubbo-remoting/dubbo-remoting-api/src/test/java/org/apache/dubbo/remoting/handler/HeaderExchangeHandlerTest.java,0,0,1,4,0,0,0,0,0,0,1,1,1,0,0,0,0,0,0,0,0,0,0,0,0,0,0,0,0,0,0,1,0,0,0
dubbo,org/apache/dubbo/remoting/http12/AbstractServerHttpChannelObserver,AbstractServerHttpChannelObserver,dataset/projects/dubbo/dubbo-remoting/dubbo-remoting-http12/src/main/java/org/apache/dubbo/remoting/http12/AbstractServerHttpChannelObserver.java,,1,4,0,0,0,2,0,1,0,1,0,0,0,0,0,0,0,0,0,0,0,0,0,0,0,0,0,0,0,0,0,0,0,0,0
dubbo,org/apache/dubbo/remoting/http12/CompositeInputStream,CompositeInputStream,dataset/projects/dubbo/dubbo-remoting/dubbo-remoting-http12/src/main/java/org/apache/dubbo/remoting/http12/CompositeInputStream.java,C:/Users/ismak/Documents/GitHub/relation_test_code_smell_ML/dataset/projects/dubbo/dubbo-remoting/dubbo-remoting-http12/src/test/java/org/apache/dubbo/remoting/http12/CompositeInputStreamTest.java,1,1,1,3,0,1,0,0,0,0,1,1,1,0,0,0,0,0,0,0,0,0,0,0,0,0,0,0,0,0,0,0,0,0,0
dubbo,org/apache/dubbo/remoting/http12/HttpHeaders,HttpHeaders,dataset/projects/dubbo/dubbo-remoting/dubbo-remoting-http12/src/main/java/org/apache/dubbo/remoting/http12/HttpHeaders.java,,1,1,0,0,0,0,0,0,0,1,0,0,0,0,0,0,0,0,0,0,0,0,0,0,0,0,0,0,0,0,0,0,0,0,0
dubbo,org/apache/dubbo/remoting/http12/HttpRequest,HttpRequest,dataset/projects/dubbo/dubbo-remoting/dubbo-remoting-http12/src/main/java/org/apache/dubbo/remoting/http12/HttpRequest.java,,1,1,0,0,0,0,0,0,0,1,0,0,0,0,0,0,0,0,0,0,0,0,0,0,0,0,0,0,0,0,0,0,0,0,0
dubbo,org/apache/dubbo/remoting/http12/HttpResponse,HttpResponse,dataset/projects/dubbo/dubbo-remoting/dubbo-remoting-http12/src/main/java/org/apache/dubbo/remoting/http12/HttpResponse.java,,1,1,0,0,0,0,0,0,0,1,0,0,0,0,0,0,0,0,0,0,0,0,0,0,0,0,0,0,0,0,0,0,0,0,0
dubbo,org/apache/dubbo/remoting/http12/HttpResult,HttpResult,dataset/projects/dubbo/dubbo-remoting/dubbo-remoting-http12/src/main/java/org/apache/dubbo/remoting/http12/HttpResult.java,,1,1,0,0,0,0,0,0,0,1,0,0,0,0,0,0,0,0,0,0,0,0,0,0,0,0,0,0,0,0,0,0,0,0,0
dubbo,org/apache/dubbo/remoting/http12/HttpUtils,HttpUtils,dataset/projects/dubbo/dubbo-remoting/dubbo-remoting-http12/src/main/java/org/apache/dubbo/remoting/http12/HttpUtils.java,,1,2,0,0,1,0,0,0,0,1,0,0,0,0,0,0,0,0,0,0,0,0,0,0,0,0,0,0,0,0,0,0,0,0,0
dubbo,org/apache/dubbo/remoting/http12/h2/Http2ServerChannelObserver,Http2ServerChannelObserver,dataset/projects/dubbo/dubbo-remoting/dubbo-remoting-http12/src/main/java/org/apache/dubbo/remoting/http12/h2/Http2ServerChannelObserver.java,,1,1,0,0,0,0,0,0,0,1,0,0,0,0,0,0,0,0,0,0,0,0,0,0,0,0,0,0,0,0,0,0,0,0,0
dubbo,org/apache/dubbo/remoting/http12/h2/Http2ServerChannelObserverByteCounting,Http2ServerChannelObserverByteCounting,,C:/Users/ismak/Documents/GitHub/relation_test_code_smell_ML/dataset/projects/dubbo/dubbo-remoting/dubbo-remoting-http12/src/test/java/org/apache/dubbo/remoting/http12/h2/Http2ServerChannelObserverByteCountingTest.java,0,0,1,4,0,0,0,0,0,0,1,1,1,0,0,0,0,0,0,0,0,0,0,0,0,0,0,0,0,0,0,1,0,0,0
dubbo,org/apache/dubbo/remoting/http12/message/DefaultHttpRequest,DefaultHttpRequest,dataset/projects/dubbo/dubbo-remoting/dubbo-remoting-http12/src/main/java/org/apache/dubbo/remoting/http12/message/DefaultHttpRequest.java,,1,4,0,0,1,1,0,1,0,1,0,0,0,0,0,0,0,0,0,0,0,0,0,0,0,0,0,0,0,0,0,0,0,0,0
dubbo,org/apache/dubbo/remoting/http12/message/DefaultHttpResponse,DefaultHttpResponse,dataset/projects/dubbo/dubbo-remoting/dubbo-remoting-http12/src/main/java/org/apache/dubbo/remoting/http12/message/DefaultHttpResponse.java,,1,2,0,0,0,0,0,1,0,1,0,0,0,0,0,0,0,0,0,0,0,0,0,0,0,0,0,0,0,0,0,0,0,0,0
dubbo,org/apache/dubbo/remoting/http12/message/DefaultHttpResult,DefaultHttpResult,dataset/projects/dubbo/dubbo-remoting/dubbo-remoting-http12/src/main/java/org/apache/dubbo/remoting/http12/message/DefaultHttpResult.java,,1,1,0,0,0,0,0,0,0,1,0,0,0,0,0,0,0,0,0,0,0,0,0,0,0,0,0,0,0,0,0,0,0,0,0
dubbo,org/apache/dubbo/remoting/http12/message/HttpHeadersMapAdapter,HttpHeadersMapAdapter,dataset/projects/dubbo/dubbo-remoting/dubbo-remoting-http12/src/main/java/org/apache/dubbo/remoting/http12/message/HttpHeadersMapAdapter.java,,1,1,0,0,0,0,0,0,0,1,0,0,0,0,0,0,0,0,0,0,0,0,0,0,0,0,0,0,0,0,0,0,0,0,0
dubbo,org/apache/dubbo/remoting/http12/message/LengthFieldStreamingDecoder,LengthFieldStreamingDecoder,dataset/projects/dubbo/dubbo-remoting/dubbo-remoting-http12/src/main/java/org/apache/dubbo/remoting/http12/message/LengthFieldStreamingDecoder.java,,1,2,0,0,0,1,0,0,0,1,0,0,0,0,0,0,0,0,0,0,0,0,0,0,0,0,0,0,0,0,0,0,0,0,0
dubbo,org/apache/dubbo/remoting/http12/message/ServerSentEventEncoder,ServerSentEventEncoder,,C:/Users/ismak/Documents/GitHub/relation_test_code_smell_ML/dataset/projects/dubbo/dubbo-remoting/dubbo-remoting-http12/src/test/java/org/apache/dubbo/remoting/http12/message/ServerSentEventEncoderTest.java,0,0,1,3,0,0,0,0,0,0,1,1,1,0,0,0,0,0,0,0,0,0,0,0,0,0,0,0,0,0,0,0,0,0,0
dubbo,org/apache/dubbo/remoting/http12/message/codec/CodeUtils,CodeUtils,,C:/Users/ismak/Documents/GitHub/relation_test_code_smell_ML/dataset/projects/dubbo/dubbo-remoting/dubbo-remoting-http12/src/test/java/org/apache/dubbo/remoting/http12/message/codec/CodeUtilsTest.java,0,0,1,4,0,0,0,0,0,0,1,1,1,0,0,0,0,0,0,0,0,0,0,0,0,0,0,0,0,0,0,1,0,0,0
dubbo,org/apache/dubbo/remoting/http12/message/codec/Codec,Codec,,C:/Users/ismak/Documents/GitHub/relation_test_code_smell_ML/dataset/projects/dubbo/dubbo-remoting/dubbo-remoting-http12/src/test/java/org/apache/dubbo/remoting/http12/message/codec/CodecTest.java,0,0,1,4,0,0,0,0,0,0,1,1,1,0,0,0,0,0,0,0,0,0,0,0,0,0,0,0,0,0,0,1,0,0,0
dubbo,org/apache/dubbo/remoting/http12/message/codec/HttpUtils,HttpUtils,,C:/Users/ismak/Documents/GitHub/relation_test_code_smell_ML/dataset/projects/dubbo/dubbo-remoting/dubbo-remoting-http12/src/test/java/org/apache/dubbo/remoting/http12/message/codec/HttpUtilsTest.java,0,0,1,4,0,0,0,0,0,0,1,1,1,0,0,0,0,0,0,0,0,0,0,0,0,0,0,0,0,0,0,1,0,0,0
dubbo,org/apache/dubbo/remoting/http12/message/codec/JsonCodec,JsonCodec,dataset/projects/dubbo/dubbo-remoting/dubbo-remoting-http12/src/main/java/org/apache/dubbo/remoting/http12/message/codec/JsonCodec.java,,1,1,0,0,0,1,0,0,0,0,0,0,0,0,0,0,0,0,0,0,0,0,0,0,0,0,0,0,0,0,0,0,0,0,0
dubbo,org/apache/dubbo/remoting/http12/message/codec/XmlSafety,XmlSafety,,C:/Users/ismak/Documents/GitHub/relation_test_code_smell_ML/dataset/projects/dubbo/dubbo-remoting/dubbo-remoting-http12/src/test/java/org/apache/dubbo/remoting/http12/message/codec/XmlSafetyTest.java,0,0,1,4,0,0,0,0,0,0,1,1,1,0,0,0,0,0,0,0,0,0,0,0,0,0,0,0,0,0,0,1,0,0,0
dubbo,org/apache/dubbo/remoting/http12/message/codec/YamlCodec,YamlCodec,,C:/Users/ismak/Documents/GitHub/relation_test_code_smell_ML/dataset/projects/dubbo/dubbo-remoting/dubbo-remoting-http12/src/test/java/org/apache/dubbo/remoting/http12/message/codec/YamlCodecTest.java,0,0,1,4,0,0,0,0,0,0,1,1,1,0,0,0,0,0,0,0,0,0,0,0,0,0,0,0,0,0,0,1,0,0,0
dubbo,org/apache/dubbo/remoting/http12/netty4/NettyHttpHeaders,NettyHttpHeaders,dataset/projects/dubbo/dubbo-remoting/dubbo-remoting-http12/src/main/java/org/apache/dubbo/remoting/http12/netty4/NettyHttpHeaders.java,,1,1,0,0,0,0,0,0,0,1,0,0,0,0,0,0,0,0,0,0,0,0,0,0,0,0,0,0,0,0,0,0,0,0,0
dubbo,org/apache/dubbo/remoting/http12/netty4/h1/NettyHttp1HttpHeaders,NettyHttp1HttpHeaders,dataset/projects/dubbo/dubbo-remoting/dubbo-remoting-http12/src/main/java/org/apache/dubbo/remoting/http12/netty4/h1/NettyHttp1HttpHeaders.java,,1,1,0,0,0,0,0,0,0,1,0,0,0,0,0,0,0,0,0,0,0,0,0,0,0,0,0,0,0,0,0,0,0,0,0
dubbo,org/apache/dubbo/remoting/http3/Http3SslContexts,Http3SslContexts,dataset/projects/dubbo/dubbo-remoting/dubbo-remoting-http3/src/main/java/org/apache/dubbo/remoting/http3/Http3SslContexts.java,,1,1,0,0,0,1,0,0,0,0,0,0,0,0,0,0,0,0,0,0,0,0,0,0,0,0,0,0,0,0,0,0,0,0,0
dubbo,org/apache/dubbo/remoting/http3/netty4/Http2HeadersAdapter,Http2HeadersAdapter,dataset/projects/dubbo/dubbo-remoting/dubbo-remoting-http3/src/main/java/org/apache/dubbo/remoting/http3/netty4/Http2HeadersAdapter.java,,1,2,0,0,0,1,0,0,0,1,0,0,0,0,0,0,0,0,0,0,0,0,0,0,0,0,0,0,0,0,0,0,0,0,0
dubbo,org/apache/dubbo/remoting/http3/netty4/Http3HeadersAdapter,Http3HeadersAdapter,dataset/projects/dubbo/dubbo-remoting/dubbo-remoting-http3/src/main/java/org/apache/dubbo/remoting/http3/netty4/Http3HeadersAdapter.java,,1,2,0,0,0,1,0,0,0,1,0,0,0,0,0,0,0,0,0,0,0,0,0,0,0,0,0,0,0,0,0,0,0,0,0
dubbo,org/apache/dubbo/remoting/http3/netty4/NettyHttp3FrameCodec,NettyHttp3FrameCodec,dataset/projects/dubbo/dubbo-remoting/dubbo-remoting-http3/src/main/java/org/apache/dubbo/remoting/http3/netty4/NettyHttp3FrameCodec.java,,1,1,0,0,0,0,0,0,0,1,0,0,0,0,0,0,0,0,0,0,0,0,0,0,0,0,0,0,0,0,0,0,0,0,0
dubbo,org/apache/dubbo/remoting/telnet/TelnetUtils,TelnetUtils,,C:/Users/ismak/Documents/GitHub/relation_test_code_smell_ML/dataset/projects/dubbo/dubbo-remoting/dubbo-remoting-api/src/test/java/org/apache/dubbo/remoting/telnet/TelnetUtilsTest.java,0,0,1,4,0,0,0,0,0,0,1,1,1,0,0,0,0,0,0,0,0,0,0,0,0,0,0,0,0,0,0,1,0,0,0
dubbo,org/apache/dubbo/remoting/telnet/codec/TelnetCodec,TelnetCodec,dataset/projects/dubbo/dubbo-remoting/dubbo-remoting-api/src/main/java/org/apache/dubbo/remoting/telnet/codec/TelnetCodec.java,,1,4,0,0,0,3,0,1,0,0,0,0,0,0,0,0,0,0,0,0,0,0,0,0,0,0,0,0,0,0,0,0,0,0,0
dubbo,org/apache/dubbo/remoting/telnet/support/ClearTelnetHandler,ClearTelnetHandler,,C:/Users/ismak/Documents/GitHub/relation_test_code_smell_ML/dataset/projects/dubbo/dubbo-remoting/dubbo-remoting-api/src/test/java/org/apache/dubbo/remoting/telnet/support/ClearTelnetHandlerTest.java,0,0,1,4,0,0,0,0,0,0,1,1,1,0,0,0,0,0,0,0,0,0,0,0,0,0,0,0,0,0,0,1,0,0,0
dubbo,org/apache/dubbo/remoting/telnet/support/ExitTelnetHandler,ExitTelnetHandler,,C:/Users/ismak/Documents/GitHub/relation_test_code_smell_ML/dataset/projects/dubbo/dubbo-remoting/dubbo-remoting-api/src/test/java/org/apache/dubbo/remoting/telnet/support/ExitTelnetHandlerTest.java,0,0,1,4,0,0,0,0,0,0,1,1,1,0,0,0,0,0,0,0,0,0,0,0,0,0,0,0,0,0,0,1,0,0,0
dubbo,org/apache/dubbo/remoting/telnet/support/HelpTelnetHandler,HelpTelnetHandler,,C:/Users/ismak/Documents/GitHub/relation_test_code_smell_ML/dataset/projects/dubbo/dubbo-remoting/dubbo-remoting-api/src/test/java/org/apache/dubbo/remoting/telnet/support/HelpTelnetHandlerTest.java,0,0,1,4,0,0,0,0,0,0,1,1,1,0,0,0,0,0,0,0,0,0,0,0,0,0,0,0,0,0,0,1,0,0,0
dubbo,org/apache/dubbo/remoting/telnet/support/StatusTelnetHandler,StatusTelnetHandler,,C:/Users/ismak/Documents/GitHub/relation_test_code_smell_ML/dataset/projects/dubbo/dubbo-remoting/dubbo-remoting-api/src/test/java/org/apache/dubbo/remoting/telnet/support/StatusTelnetHandlerTest.java,0,0,1,4,0,0,0,0,0,0,1,1,1,0,0,0,0,0,0,0,0,0,0,0,0,0,0,0,0,0,0,1,0,0,0
dubbo,org/apache/dubbo/remoting/telnet/support/TelnetHandlerAdapter,TelnetHandlerAdapter,dataset/projects/dubbo/dubbo-remoting/dubbo-remoting-api/src/main/java/org/apache/dubbo/remoting/telnet/support/TelnetHandlerAdapter.java,C:/Users/ismak/Documents/GitHub/relation_test_code_smell_ML/dataset/projects/dubbo/dubbo-remoting/dubbo-remoting-api/src/test/java/org/apache/dubbo/remoting/telnet/support/TelnetHandlerAdapterTest.java,1,1,1,4,0,1,0,0,0,0,1,1,1,0,0,0,0,0,0,0,0,0,0,0,0,0,0,0,0,0,0,1,0,0,0
dubbo,org/apache/dubbo/remoting/telnet/support/TelnetUtils,TelnetUtils,dataset/projects/dubbo/dubbo-remoting/dubbo-remoting-api/src/main/java/org/apache/dubbo/remoting/telnet/support/TelnetUtils.java,,1,2,0,0,0,2,0,0,0,0,0,0,0,0,0,0,0,0,0,0,0,0,0,0,0,0,0,0,0,0,0,0,0,0,0
dubbo,org/apache/dubbo/remoting/telnet/support/command/StatusTelnetHandler,StatusTelnetHandler,dataset/projects/dubbo/dubbo-remoting/dubbo-remoting-api/src/main/java/org/apache/dubbo/remoting/telnet/support/command/StatusTelnetHandler.java,,1,1,0,0,0,1,0,0,0,0,0,0,0,0,0,0,0,0,0,0,0,0,0,0,0,0,0,0,0,0,0,0,0,0,0
dubbo,org/apache/dubbo/remoting/transport/AbstractClient,AbstractClient,dataset/projects/dubbo/dubbo-remoting/dubbo-remoting-api/src/main/java/org/apache/dubbo/remoting/transport/AbstractClient.java,,1,4,0,0,0,2,0,1,0,1,0,0,0,0,0,0,0,0,0,0,0,0,0,0,0,0,0,0,0,0,0,0,0,0,0
dubbo,org/apache/dubbo/remoting/transport/AbstractCodec,AbstractCodec,,C:/Users/ismak/Documents/GitHub/relation_test_code_smell_ML/dataset/projects/dubbo/dubbo-remoting/dubbo-remoting-api/src/test/java/org/apache/dubbo/remoting/transport/AbstractCodecTest.java,0,0,1,4,0,0,0,0,0,0,1,1,1,0,0,0,0,0,0,0,0,0,0,0,0,0,0,0,0,0,0,1,0,0,0
dubbo,org/apache/dubbo/remoting/transport/ChannelHandlerDispatcher,ChannelHandlerDispatcher,,C:/Users/ismak/Documents/GitHub/relation_test_code_smell_ML/dataset/projects/dubbo/dubbo-remoting/dubbo-remoting-api/src/test/java/org/apache/dubbo/remoting/transport/ChannelHandlerDispatcherTest.java,0,0,1,4,0,0,0,0,0,0,1,1,1,0,0,0,0,0,0,0,0,0,0,0,0,0,0,0,0,0,0,1,0,0,0
dubbo,org/apache/dubbo/remoting/transport/ClientDelegate,ClientDelegate,dataset/projects/dubbo/dubbo-remoting/dubbo-remoting-api/src/main/java/org/apache/dubbo/remoting/transport/ClientDelegate.java,,1,1,0,0,0,0,0,0,0,1,0,0,0,0,0,0,0,0,0,0,0,0,0,0,0,0,0,0,0,0,0,0,0,0,0
dubbo,org/apache/dubbo/remoting/transport/CodecSupport,CodecSupport,,C:/Users/ismak/Documents/GitHub/relation_test_code_smell_ML/dataset/projects/dubbo/dubbo-remoting/dubbo-remoting-api/src/test/java/org/apache/dubbo/remoting/transport/CodecSupportTest.java,0,0,1,4,0,0,0,0,0,0,1,1,1,0,0,0,0,0,0,0,0,0,0,0,0,0,0,0,0,0,0,1,0,0,0
dubbo,org/apache/dubbo/remoting/transport/DecodeHandler,DecodeHandler,,C:/Users/ismak/Documents/GitHub/relation_test_code_smell_ML/dataset/projects/dubbo/dubbo-remoting/dubbo-remoting-api/src/test/java/org/apache/dubbo/remoting/transport/DecodeHandlerTest.java,0,0,1,4,0,0,0,0,0,0,1,1,1,0,0,0,0,0,0,0,0,0,0,0,0,0,0,0,0,0,0,1,0,0,0
dubbo,org/apache/dubbo/remoting/transport/MultiMessageHandler,MultiMessageHandler,,C:/Users/ismak/Documents/GitHub/relation_test_code_smell_ML/dataset/projects/dubbo/dubbo-remoting/dubbo-remoting-api/src/test/java/org/apache/dubbo/remoting/transport/MultiMessageHandlerTest.java,0,0,1,4,0,0,0,0,0,0,1,1,1,0,0,0,0,0,0,0,0,0,0,0,0,0,0,0,0,0,0,1,0,0,0
dubbo,org/apache/dubbo/remoting/transport/dispatcher/ChannelEventRunnable,ChannelEventRunnable,dataset/projects/dubbo/dubbo-remoting/dubbo-remoting-api/src/main/java/org/apache/dubbo/remoting/transport/dispatcher/ChannelEventRunnable.java,C:/Users/ismak/Documents/GitHub/relation_test_code_smell_ML/dataset/projects/dubbo/dubbo-remoting/dubbo-remoting-api/src/test/java/org/apache/dubbo/remoting/transport/dispatcher/ChannelEventRunnableTest.java,1,1,1,4,0,1,0,0,0,0,1,1,1,0,0,0,0,0,0,0,0,0,0,0,0,0,0,0,0,0,0,1,0,0,0
dubbo,org/apache/dubbo/remoting/transport/netty/ClientReconnect,ClientReconnect,,C:/Users/ismak/Documents/GitHub/relation_test_code_smell_ML/dataset/projects/dubbo/dubbo-remoting/dubbo-remoting-netty/src/test/java/org/apache/dubbo/remoting/transport/netty/ClientReconnectTest.java,0,0,1,4,0,0,0,0,0,0,1,1,1,0,0,0,0,0,0,0,0,0,0,0,0,0,0,0,0,0,0,1,0,0,0
dubbo,org/apache/dubbo/remoting/transport/netty/ClientToServer,ClientToServer,,C:/Users/ismak/Documents/GitHub/relation_test_code_smell_ML/dataset/projects/dubbo/dubbo-remoting/dubbo-remoting-netty/src/test/java/org/apache/dubbo/remoting/transport/netty/ClientToServerTest.java,0,0,1,4,0,0,0,0,0,0,1,1,1,0,0,0,0,0,0,0,0,0,0,0,0,0,0,0,0,0,0,1,0,0,0
dubbo,org/apache/dubbo/remoting/transport/netty/Clients,Clients,,C:/Users/ismak/Documents/GitHub/relation_test_code_smell_ML/dataset/projects/dubbo/dubbo-remoting/dubbo-remoting-netty/src/test/java/org/apache/dubbo/remoting/transport/netty/ClientsTest.java,0,0,1,4,0,0,0,0,0,0,1,1,1,0,0,0,0,0,0,0,0,0,0,0,0,0,0,0,0,0,0,1,0,0,0
dubbo,org/apache/dubbo/remoting/transport/netty/NettyBackedChannelBuffer,NettyBackedChannelBuffer,dataset/projects/dubbo/dubbo-remoting/dubbo-remoting-netty/src/main/java/org/apache/dubbo/remoting/transport/netty/NettyBackedChannelBuffer.java,C:/Users/ismak/Documents/GitHub/relation_test_code_smell_ML/dataset/projects/dubbo/dubbo-remoting/dubbo-remoting-netty/src/test/java/org/apache/dubbo/remoting/transport/netty/NettyBackedChannelBufferTest.java,1,1,1,4,0,0,0,0,0,1,1,1,1,0,0,0,0,0,0,0,0,0,0,0,0,0,0,0,0,0,0,1,0,0,0
dubbo,org/apache/dubbo/remoting/transport/netty/NettyClient,NettyClient,dataset/projects/dubbo/dubbo-remoting/dubbo-remoting-netty/src/main/java/org/apache/dubbo/remoting/transport/netty/NettyClient.java,C:/Users/ismak/Documents/GitHub/relation_test_code_smell_ML/dataset/projects/dubbo/dubbo-remoting/dubbo-remoting-netty/src/test/java/org/apache/dubbo/remoting/transport/netty/NettyClientTest.java,1,1,1,4,0,1,0,0,0,0,1,1,1,0,0,0,0,0,0,0,0,0,0,0,0,0,0,0,0,0,0,1,0,0,0
dubbo,org/apache/dubbo/remoting/transport/netty/NettyClientToServer,NettyClientToServer,,C:/Users/ismak/Documents/GitHub/relation_test_code_smell_ML/dataset/projects/dubbo/dubbo-remoting/dubbo-remoting-netty/src/test/java/org/apache/dubbo/remoting/transport/netty/NettyClientToServerTest.java,0,0,1,3,0,0,0,0,0,0,1,1,1,0,0,0,0,0,0,0,0,0,0,0,0,0,0,0,0,0,0,0,0,0,0
dubbo,org/apache/dubbo/remoting/transport/netty/NettyCodecAdapter,NettyCodecAdapter,dataset/projects/dubbo/dubbo-remoting/dubbo-remoting-netty/src/main/java/org/apache/dubbo/remoting/transport/netty/NettyCodecAdapter.java,,1,1,0,0,0,1,0,0,0,0,0,0,0,0,0,0,0,0,0,0,0,0,0,0,0,0,0,0,0,0,0,0,0,0,0
dubbo,org/apache/dubbo/remoting/transport/netty/NettyPortUnificationServer,NettyPortUnificationServer,dataset/projects/dubbo/dubbo-remoting/dubbo-remoting-netty/src/main/java/org/apache/dubbo/remoting/transport/netty/NettyPortUnificationServer.java,,1,1,0,0,0,1,0,0,0,0,0,0,0,0,0,0,0,0,0,0,0,0,0,0,0,0,0,0,0,0,0,0,0,0,0
dubbo,org/apache/dubbo/remoting/transport/netty/NettyServer,NettyServer,dataset/projects/dubbo/dubbo-remoting/dubbo-remoting-netty/src/main/java/org/apache/dubbo/remoting/transport/netty/NettyServer.java,,1,1,0,0,0,1,0,0,0,0,0,0,0,0,0,0,0,0,0,0,0,0,0,0,0,0,0,0,0,0,0,0,0,0,0
dubbo,org/apache/dubbo/remoting/transport/netty/NettyString,NettyString,,C:/Users/ismak/Documents/GitHub/relation_test_code_smell_ML/dataset/projects/dubbo/dubbo-remoting/dubbo-remoting-netty/src/test/java/org/apache/dubbo/remoting/transport/netty/NettyStringTest.java,0,0,1,4,0,0,0,0,0,0,1,1,1,0,0,0,0,0,0,0,0,0,0,0,0,0,0,0,0,0,0,1,0,0,0
dubbo,org/apache/dubbo/remoting/transport/netty/ThreadName,ThreadName,,C:/Users/ismak/Documents/GitHub/relation_test_code_smell_ML/dataset/projects/dubbo/dubbo-remoting/dubbo-remoting-netty/src/test/java/org/apache/dubbo/remoting/transport/netty/ThreadNameTest.java,0,0,1,4,0,0,0,0,0,0,1,1,1,0,0,0,0,0,0,0,0,0,0,0,0,0,0,0,0,0,0,1,0,0,0
dubbo,org/apache/dubbo/remoting/transport/netty4/AbstractNettyConnectionClient,AbstractNettyConnectionClient,dataset/projects/dubbo/dubbo-remoting/dubbo-remoting-netty4/src/main/java/org/apache/dubbo/remoting/transport/netty4/AbstractNettyConnectionClient.java,,1,3,0,0,0,1,0,1,0,1,0,0,0,0,0,0,0,0,0,0,0,0,0,0,0,0,0,0,0,0,0,0,0,0,0
dubbo,org/apache/dubbo/remoting/transport/netty4/ClientReconnect,ClientReconnect,,C:/Users/ismak/Documents/GitHub/relation_test_code_smell_ML/dataset/projects/dubbo/dubbo-remoting/dubbo-remoting-netty4/src/test/java/org/apache/dubbo/remoting/transport/netty4/ClientReconnectTest.java,0,0,1,4,0,0,0,0,0,0,1,1,1,0,0,0,0,0,0,0,0,0,0,0,0,0,0,0,0,0,0,1,0,0,0
dubbo,org/apache/dubbo/remoting/transport/netty4/ClientToServer,ClientToServer,,C:/Users/ismak/Documents/GitHub/relation_test_code_smell_ML/dataset/projects/dubbo/dubbo-remoting/dubbo-remoting-netty4/src/test/java/org/apache/dubbo/remoting/transport/netty4/ClientToServerTest.java,0,0,1,4,0,0,0,0,0,0,1,1,1,0,0,0,0,0,0,0,0,0,0,0,0,0,0,0,0,0,0,1,0,0,0
dubbo,org/apache/dubbo/remoting/transport/netty4/Clients,Clients,,C:/Users/ismak/Documents/GitHub/relation_test_code_smell_ML/dataset/projects/dubbo/dubbo-remoting/dubbo-remoting-netty4/src/test/java/org/apache/dubbo/remoting/transport/netty4/ClientsTest.java,0,0,1,4,0,0,0,0,0,0,1,1,1,0,0,0,0,0,0,0,0,0,0,0,0,0,0,0,0,0,0,1,0,0,0
dubbo,org/apache/dubbo/remoting/transport/netty4/Connection,Connection,,C:/Users/ismak/Documents/GitHub/relation_test_code_smell_ML/dataset/projects/dubbo/dubbo-remoting/dubbo-remoting-netty4/src/test/java/org/apache/dubbo/remoting/transport/netty4/ConnectionTest.java,0,0,1,4,0,0,0,0,0,0,1,1,1,0,0,0,0,0,0,0,0,0,0,0,0,0,0,0,0,0,0,1,0,0,0
dubbo,org/apache/dubbo/remoting/transport/netty4/Http3Helper,Http3Helper,dataset/projects/dubbo/dubbo-remoting/dubbo-remoting-http3/src/main/java/org/apache/dubbo/remoting/transport/netty4/Http3Helper.java,,1,1,0,0,0,1,0,0,0,0,0,0,0,0,0,0,0,0,0,0,0,0,0,0,0,0,0,0,0,0,0,0,0,0,0
dubbo,org/apache/dubbo/remoting/transport/netty4/NettyBackedChannelBuffer,NettyBackedChannelBuffer,dataset/projects/dubbo/dubbo-remoting/dubbo-remoting-netty4/src/main/java/org/apache/dubbo/remoting/transport/netty4/NettyBackedChannelBuffer.java,C:/Users/ismak/Documents/GitHub/relation_test_code_smell_ML/dataset/projects/dubbo/dubbo-remoting/dubbo-remoting-netty4/src/test/java/org/apache/dubbo/remoting/transport/netty4/NettyBackedChannelBufferTest.java,1,1,1,4,0,0,0,0,0,1,1,1,1,0,0,0,0,0,0,0,0,0,0,0,0,0,0,0,0,0,0,1,0,0,0
dubbo,org/apache/dubbo/remoting/transport/netty4/NettyChannel,NettyChannel,dataset/projects/dubbo/dubbo-remoting/dubbo-remoting-netty4/src/main/java/org/apache/dubbo/remoting/transport/netty4/NettyChannel.java,C:/Users/ismak/Documents/GitHub/relation_test_code_smell_ML/dataset/projects/dubbo/dubbo-remoting/dubbo-remoting-netty4/src/test/java/org/apache/dubbo/remoting/transport/netty4/NettyChannelTest.java,1,3,1,4,0,1,0,1,0,1,1,1,1,0,0,0,0,0,0,0,0,0,0,0,0,0,0,0,0,0,0,1,0,0,0
dubbo,org/apache/dubbo/remoting/transport/netty4/NettyClient,NettyClient,dataset/projects/dubbo/dubbo-remoting/dubbo-remoting-netty4/src/main/java/org/apache/dubbo/remoting/transport/netty4/NettyClient.java,,1,1,0,0,0,1,0,0,0,0,0,0,0,0,0,0,0,0,0,0,0,0,0,0,0,0,0,0,0,0,0,0,0,0,0
dubbo,org/apache/dubbo/remoting/transport/netty4/NettyClientHandler,NettyClientHandler,,C:/Users/ismak/Documents/GitHub/relation_test_code_smell_ML/dataset/projects/dubbo/dubbo-remoting/dubbo-remoting-netty4/src/test/java/org/apache/dubbo/remoting/transport/netty4/NettyClientHandlerTest.java,0,0,1,4,0,0,0,0,0,0,1,1,1,0,0,0,0,0,0,0,0,0,0,0,0,0,0,0,0,0,0,1,0,0,0
dubbo,org/apache/dubbo/remoting/transport/netty4/NettyClientToServer,NettyClientToServer,,C:/Users/ismak/Documents/GitHub/relation_test_code_smell_ML/dataset/projects/dubbo/dubbo-remoting/dubbo-remoting-netty4/src/test/java/org/apache/dubbo/remoting/transport/netty4/NettyClientToServerTest.java,0,0,1,3,0,0,0,0,0,0,1,1,1,0,0,0,0,0,0,0,0,0,0,0,0,0,0,0,0,0,0,0,0,0,0
dubbo,org/apache/dubbo/remoting/transport/netty4/NettyCodecAdapter,NettyCodecAdapter,,C:/Users/ismak/Documents/GitHub/relation_test_code_smell_ML/dataset/projects/dubbo/dubbo-remoting/dubbo-remoting-netty4/src/test/java/org/apache/dubbo/remoting/transport/netty4/NettyCodecAdapterTest.java,0,0,1,4,0,0,0,0,0,0,1,1,1,0,0,0,0,0,0,0,0,0,0,0,0,0,0,0,0,0,0,1,0,0,0
dubbo,org/apache/dubbo/remoting/transport/netty4/NettyEventLoopFactory,NettyEventLoopFactory,,C:/Users/ismak/Documents/GitHub/relation_test_code_smell_ML/dataset/projects/dubbo/dubbo-remoting/dubbo-remoting-netty4/src/test/java/org/apache/dubbo/remoting/transport/netty4/NettyEventLoopFactoryTest.java,0,0,1,3,0,0,0,0,0,0,1,1,1,0,0,0,0,0,0,0,0,0,0,0,0,0,0,0,0,0,0,0,0,0,0
dubbo,org/apache/dubbo/remoting/transport/netty4/NettyPortUnificationServerHandler,NettyPortUnificationServerHandler,dataset/projects/dubbo/dubbo-remoting/dubbo-remoting-netty4/src/main/java/org/apache/dubbo/remoting/transport/netty4/NettyPortUnificationServerHandler.java,,1,1,0,0,1,0,0,0,0,0,0,0,0,0,0,0,0,0,0,0,0,0,0,0,0,0,0,0,0,0,0,0,0,0,0
dubbo,org/apache/dubbo/remoting/transport/netty4/NettyTransporter,NettyTransporter,,C:/Users/ismak/Documents/GitHub/relation_test_code_smell_ML/dataset/projects/dubbo/dubbo-remoting/dubbo-remoting-netty4/src/test/java/org/apache/dubbo/remoting/transport/netty4/NettyTransporterTest.java,0,0,1,3,0,0,0,0,0,0,1,1,1,0,0,0,0,0,0,0,0,0,0,0,0,0,0,0,0,0,0,0,0,0,0
dubbo,org/apache/dubbo/remoting/transport/netty4/PortUnificationExchanger,PortUnificationExchanger,,C:/Users/ismak/Documents/GitHub/relation_test_code_smell_ML/dataset/projects/dubbo/dubbo-remoting/dubbo-remoting-netty4/src/test/java/org/apache/dubbo/remoting/transport/netty4/PortUnificationExchangerTest.java,0,0,1,4,0,0,0,0,0,0,1,1,1,0,0,0,0,0,0,0,0,0,0,0,0,0,0,0,0,0,0,1,0,0,0
dubbo,org/apache/dubbo/remoting/transport/netty4/PortUnificationServer,PortUnificationServer,,C:/Users/ismak/Documents/GitHub/relation_test_code_smell_ML/dataset/projects/dubbo/dubbo-remoting/dubbo-remoting-netty4/src/test/java/org/apache/dubbo/remoting/transport/netty4/PortUnificationServerTest.java,0,0,1,4,0,0,0,0,0,0,1,1,1,0,0,0,0,0,0,0,0,0,0,0,0,0,0,0,0,0,0,1,0,0,0
dubbo,org/apache/dubbo/remoting/transport/netty4/ReplierDispatcher,ReplierDispatcher,,C:/Users/ismak/Documents/GitHub/relation_test_code_smell_ML/dataset/projects/dubbo/dubbo-remoting/dubbo-remoting-netty4/src/test/java/org/apache/dubbo/remoting/transport/netty4/ReplierDispatcherTest.java,0,0,1,4,0,0,0,0,0,0,1,1,1,0,0,0,0,0,0,0,0,0,0,0,0,0,0,0,0,0,0,1,0,0,0
dubbo,org/apache/dubbo/remoting/transport/netty4/api/MultiplexProtocolConnectionManager,MultiplexProtocolConnectionManager,,C:/Users/ismak/Documents/GitHub/relation_test_code_smell_ML/dataset/projects/dubbo/dubbo-remoting/dubbo-remoting-netty4/src/test/java/org/apache/dubbo/remoting/transport/netty4/api/MultiplexProtocolConnectionManagerTest.java,0,0,1,5,0,0,0,0,0,0,1,1,1,0,1,0,0,0,0,1,0,0,0,0,0,0,0,0,0,0,0,0,0,0,0
dubbo,org/apache/dubbo/remoting/transport/netty4/api/SingleProtocolConnectionManager,SingleProtocolConnectionManager,,C:/Users/ismak/Documents/GitHub/relation_test_code_smell_ML/dataset/projects/dubbo/dubbo-remoting/dubbo-remoting-netty4/src/test/java/org/apache/dubbo/remoting/transport/netty4/api/SingleProtocolConnectionManagerTest.java,0,0,1,6,0,0,0,0,0,0,1,1,1,0,1,1,0,0,0,1,0,0,0,0,0,0,0,0,0,0,0,0,0,0,0
dubbo,org/apache/dubbo/remoting/transport/netty4/logging/MessageFormatter,MessageFormatter,dataset/projects/dubbo/dubbo-remoting/dubbo-remoting-netty4/src/main/java/org/apache/dubbo/remoting/transport/netty4/logging/MessageFormatter.java,,1,3,0,0,0,1,0,1,0,1,0,0,0,0,0,0,0,0,0,0,0,0,0,0,0,0,0,0,0,0,0,0,0,0,0
dubbo,org/apache/dubbo/remoting/transport/netty4/ssl/SslContexts,SslContexts,dataset/projects/dubbo/dubbo-remoting/dubbo-remoting-netty4/src/main/java/org/apache/dubbo/remoting/transport/netty4/ssl/SslContexts.java,,1,1,0,0,0,1,0,0,0,0,0,0,0,0,0,0,0,0,0,0,0,0,0,0,0,0,0,0,0,0,0,0,0,0,0
dubbo,org/apache/dubbo/remoting/transport/netty4/ssl/SslServerTlsHandler,SslServerTlsHandler,,C:/Users/ismak/Documents/GitHub/relation_test_code_smell_ML/dataset/projects/dubbo/dubbo-remoting/dubbo-remoting-netty4/src/test/java/org/apache/dubbo/remoting/transport/netty4/ssl/SslServerTlsHandlerTest.java,0,0,1,3,0,0,0,0,0,0,1,1,1,0,0,0,0,0,0,0,0,0,0,0,0,0,0,0,0,0,0,0,0,0,0
dubbo,org/apache/dubbo/remoting/utils/PayloadDropper,PayloadDropper,,C:/Users/ismak/Documents/GitHub/relation_test_code_smell_ML/dataset/projects/dubbo/dubbo-remoting/dubbo-remoting-api/src/test/java/org/apache/dubbo/remoting/utils/PayloadDropperTest.java,0,0,1,4,0,0,0,0,0,0,1,1,1,0,0,0,0,0,0,0,0,0,0,0,0,0,0,0,0,0,0,1,0,0,0
dubbo,org/apache/dubbo/remoting/utils/UrlUtils,UrlUtils,,C:/Users/ismak/Documents/GitHub/relation_test_code_smell_ML/dataset/projects/dubbo/dubbo-remoting/dubbo-remoting-api/src/test/java/org/apache/dubbo/remoting/utils/UrlUtilsTest.java,0,0,1,4,0,0,0,0,0,0,1,1,1,0,0,0,0,0,0,0,0,0,0,0,0,0,0,0,0,0,0,1,0,0,0
dubbo,org/apache/dubbo/remoting/zookeeper/curator5/AbstractZookeeperClient,AbstractZookeeperClient,dataset/projects/dubbo/dubbo-remoting/dubbo-remoting-zookeeper-curator5/src/main/java/org/apache/dubbo/remoting/zookeeper/curator5/AbstractZookeeperClient.java,,1,1,0,0,0,0,0,0,0,1,0,0,0,0,0,0,0,0,0,0,0,0,0,0,0,0,0,0,0,0,0,0,0,0,0
dubbo,org/apache/dubbo/remoting/zookeeper/curator5/Curator5ZookeeperClient,Curator5ZookeeperClient,dataset/projects/dubbo/dubbo-remoting/dubbo-remoting-zookeeper-curator5/src/main/java/org/apache/dubbo/remoting/zookeeper/curator5/Curator5ZookeeperClient.java,C:/Users/ismak/Documents/GitHub/relation_test_code_smell_ML/dataset/projects/dubbo/dubbo-remoting/dubbo-remoting-zookeeper-curator5/src/test/java/org/apache/dubbo/remoting/zookeeper/curator5/Curator5ZookeeperClientTest.java,1,2,1,7,0,1,0,0,0,1,1,1,1,0,0,0,0,0,0,1,1,0,0,0,0,0,0,0,0,0,1,1,0,0,0
dubbo,org/apache/dubbo/remoting/zookeeper/curator5/Curator5ZookeeperClientManager,Curator5ZookeeperClientManager,,C:/Users/ismak/Documents/GitHub/relation_test_code_smell_ML/dataset/projects/dubbo/dubbo-remoting/dubbo-remoting-zookeeper-curator5/src/test/java/org/apache/dubbo/remoting/zookeeper/curator5/Curator5ZookeeperClientManagerTest.java,0,0,1,4,0,0,0,0,0,0,1,1,1,0,0,0,0,0,0,0,0,0,0,0,0,0,0,0,0,0,0,1,0,0,0
dubbo,org/apache/dubbo/remoting/zookeeper/curator5/ZookeeperClient,ZookeeperClient,dataset/projects/dubbo/dubbo-remoting/dubbo-remoting-zookeeper-curator5/src/main/java/org/apache/dubbo/remoting/zookeeper/curator5/ZookeeperClient.java,,1,1,0,0,0,0,0,0,0,1,0,0,0,0,0,0,0,0,0,0,0,0,0,0,0,0,0,0,0,0,0,0,0,0,0
dubbo,org/apache/dubbo/remoting/zookeeper/curator5/support/ZookeeperClientManager,ZookeeperClientManager,,C:/Users/ismak/Documents/GitHub/relation_test_code_smell_ML/dataset/projects/dubbo/dubbo-remoting/dubbo-remoting-zookeeper-curator5/src/test/java/org/apache/dubbo/remoting/zookeeper/curator5/support/ZookeeperClientManagerTest.java,0,0,1,4,0,0,0,0,0,0,1,1,1,0,0,0,0,0,0,0,0,0,0,0,0,0,0,0,0,0,0,1,0,0,0
dubbo,org/apache/dubbo/rpc/AbstractGracefulShutdown,AbstractGracefulShutdown,,C:/Users/ismak/Documents/GitHub/relation_test_code_smell_ML/dataset/projects/dubbo/dubbo-rpc/dubbo-rpc-api/src/test/java/org/apache/dubbo/rpc/AbstractGracefulShutdownTest.java,0,0,1,4,0,0,0,0,0,0,1,1,1,0,0,0,0,0,0,0,0,0,0,0,0,0,0,0,0,0,0,1,0,0,0
dubbo,org/apache/dubbo/rpc/AppResponse,AppResponse,dataset/projects/dubbo/dubbo-rpc/dubbo-rpc-api/src/main/java/org/apache/dubbo/rpc/AppResponse.java,C:/Users/ismak/Documents/GitHub/relation_test_code_smell_ML/dataset/projects/dubbo/dubbo-rpc/dubbo-rpc-api/src/test/java/org/apache/dubbo/rpc/AppResponseTest.java,1,3,1,4,0,1,0,1,0,1,1,1,1,0,0,0,0,0,0,0,0,0,0,0,0,0,0,0,0,0,0,1,0,0,0
dubbo,org/apache/dubbo/rpc/AsyncRpcResult,AsyncRpcResult,dataset/projects/dubbo/dubbo-rpc/dubbo-rpc-api/src/main/java/org/apache/dubbo/rpc/AsyncRpcResult.java,,1,2,0,0,0,0,0,1,0,1,0,0,0,0,0,0,0,0,0,0,0,0,0,0,0,0,0,0,0,0,0,0,0,0,0
dubbo,org/apache/dubbo/rpc/CancellationContext,CancellationContext,,C:/Users/ismak/Documents/GitHub/relation_test_code_smell_ML/dataset/projects/dubbo/dubbo-rpc/dubbo-rpc-api/src/test/java/org/apache/dubbo/rpc/CancellationContextTest.java,0,0,1,4,0,0,0,0,0,0,1,1,1,0,0,0,0,0,0,0,0,0,0,0,0,0,0,0,0,0,0,1,0,0,0
dubbo,org/apache/dubbo/rpc/DefaultProtocolServer,DefaultProtocolServer,,C:/Users/ismak/Documents/GitHub/relation_test_code_smell_ML/dataset/projects/dubbo/dubbo-rpc/dubbo-rpc-api/src/test/java/org/apache/dubbo/rpc/DefaultProtocolServerTest.java,0,0,1,4,0,0,0,0,0,0,1,1,1,0,0,0,0,0,0,0,0,0,0,0,0,0,0,0,0,0,0,1,0,0,0
dubbo,org/apache/dubbo/rpc/FutureContext,FutureContext,,C:/Users/ismak/Documents/GitHub/relation_test_code_smell_ML/dataset/projects/dubbo/dubbo-rpc/dubbo-rpc-api/src/test/java/org/apache/dubbo/rpc/FutureContextTest.java,0,0,1,4,0,0,0,0,0,0,1,1,1,0,0,0,0,0,0,0,0,0,0,0,0,0,0,0,0,0,0,1,0,0,0
dubbo,org/apache/dubbo/rpc/PenetrateAttachmentSelector,PenetrateAttachmentSelector,,C:/Users/ismak/Documents/GitHub/relation_test_code_smell_ML/dataset/projects/dubbo/dubbo-rpc/dubbo-rpc-api/src/test/java/org/apache/dubbo/rpc/PenetrateAttachmentSelectorTest.java,0,0,1,5,0,0,0,0,0,0,1,1,1,0,0,1,0,0,0,0,0,0,0,0,0,0,0,0,0,0,0,1,0,0,0
dubbo,org/apache/dubbo/rpc/RpcContext,RpcContext,dataset/projects/dubbo/dubbo-rpc/dubbo-rpc-api/src/main/java/org/apache/dubbo/rpc/RpcContext.java,C:/Users/ismak/Documents/GitHub/relation_test_code_smell_ML/dataset/projects/dubbo/dubbo-compatible/src/test/java/org/apache/dubbo/rpc/RpcContextTest.java,1,3,1,4,1,1,0,0,0,1,1,1,1,0,0,0,0,0,0,0,0,0,0,0,0,0,0,0,0,0,0,1,0,0,0
dubbo,org/apache/dubbo/rpc/RpcContext,RpcContext,dataset/projects/dubbo/dubbo-rpc/dubbo-rpc-api/src/main/java/org/apache/dubbo/rpc/RpcContext.java,C:/Users/ismak/Documents/GitHub/relation_test_code_smell_ML/dataset/projects/dubbo/dubbo-rpc/dubbo-rpc-api/src/test/java/org/apache/dubbo/rpc/RpcContextTest.java,1,3,1,7,1,1,0,0,0,1,1,1,1,0,1,0,0,0,0,0,0,0,0,0,0,0,0,0,0,1,0,1,0,1,0
dubbo,org/apache/dubbo/rpc/RpcContextAttachment,RpcContextAttachment,dataset/projects/dubbo/dubbo-rpc/dubbo-rpc-api/src/main/java/org/apache/dubbo/rpc/RpcContextAttachment.java,,1,1,0,0,0,0,0,0,0,1,0,0,0,0,0,0,0,0,0,0,0,0,0,0,0,0,0,0,0,0,0,0,0,0,0
dubbo,org/apache/dubbo/rpc/RpcInvocation,RpcInvocation,dataset/projects/dubbo/dubbo-rpc/dubbo-rpc-api/src/main/java/org/apache/dubbo/rpc/RpcInvocation.java,C:/Users/ismak/Documents/GitHub/relation_test_code_smell_ML/dataset/projects/dubbo/dubbo-rpc/dubbo-rpc-api/src/test/java/org/apache/dubbo/rpc/RpcInvocationTest.java,1,5,1,4,0,1,1,1,1,1,1,1,1,0,0,0,0,0,0,0,0,0,0,0,0,0,0,0,0,0,0,1,0,0,0
dubbo,org/apache/dubbo/rpc/RpcServerContextAttachment,RpcServerContextAttachment,dataset/projects/dubbo/dubbo-rpc/dubbo-rpc-api/src/main/java/org/apache/dubbo/rpc/RpcServerContextAttachment.java,,1,1,0,0,0,0,0,0,0,1,0,0,0,0,0,0,0,0,0,0,0,0,0,0,0,0,0,0,0,0,0,0,0,0,0
dubbo,org/apache/dubbo/rpc/RpcServiceContext,RpcServiceContext,dataset/projects/dubbo/dubbo-rpc/dubbo-rpc-api/src/main/java/org/apache/dubbo/rpc/RpcServiceContext.java,,1,4,0,0,0,1,0,1,1,1,0,0,0,0,0,0,0,0,0,0,0,0,0,0,0,0,0,0,0,0,0,0,0,0,0
dubbo,org/apache/dubbo/rpc/RpcStatus,RpcStatus,dataset/projects/dubbo/dubbo-rpc/dubbo-rpc-api/src/main/java/org/apache/dubbo/rpc/RpcStatus.java,C:/Users/ismak/Documents/GitHub/relation_test_code_smell_ML/dataset/projects/dubbo/dubbo-rpc/dubbo-rpc-api/src/test/java/org/apache/dubbo/rpc/RpcStatusTest.java,1,1,1,4,0,0,0,0,0,1,1,1,1,0,0,0,0,0,0,0,0,0,0,0,0,0,0,0,0,0,0,1,0,0,0
dubbo,org/apache/dubbo/rpc/StatusRpcException,StatusRpcException,,C:/Users/ismak/Documents/GitHub/relation_test_code_smell_ML/dataset/projects/dubbo/dubbo-rpc/dubbo-rpc-triple/src/test/java/org/apache/dubbo/rpc/StatusRpcExceptionTest.java,0,0,1,3,0,0,0,0,0,0,1,1,1,0,0,0,0,0,0,0,0,0,0,0,0,0,0,0,0,0,0,0,0,0,0
dubbo,org/apache/dubbo/rpc/TimeoutCountDown,TimeoutCountDown,,C:/Users/ismak/Documents/GitHub/relation_test_code_smell_ML/dataset/projects/dubbo/dubbo-rpc/dubbo-rpc-api/src/test/java/org/apache/dubbo/rpc/TimeoutCountDownTest.java,0,0,1,4,0,0,0,0,0,0,1,1,1,0,0,0,0,0,0,0,0,0,0,0,0,0,0,0,0,0,0,1,0,0,0
dubbo,org/apache/dubbo/rpc/TriRpcStatus,TriRpcStatus,dataset/projects/dubbo/dubbo-rpc/dubbo-rpc-triple/src/main/java/org/apache/dubbo/rpc/TriRpcStatus.java,C:/Users/ismak/Documents/GitHub/relation_test_code_smell_ML/dataset/projects/dubbo/dubbo-rpc/dubbo-rpc-triple/src/test/java/org/apache/dubbo/rpc/TriRpcStatusTest.java,1,3,1,4,0,2,0,0,0,1,1,1,1,0,0,0,0,0,0,0,0,0,0,0,0,0,0,0,0,0,0,1,0,0,0
dubbo,org/apache/dubbo/rpc/cluster/Configurator,Configurator,,C:/Users/ismak/Documents/GitHub/relation_test_code_smell_ML/dataset/projects/dubbo/dubbo-cluster/src/test/java/org/apache/dubbo/rpc/cluster/ConfiguratorTest.java,0,0,1,4,0,0,0,0,0,0,1,1,1,0,0,0,0,0,0,0,0,0,0,0,0,0,0,0,0,0,0,1,0,0,0
dubbo,org/apache/dubbo/rpc/cluster/Router,Router,,C:/Users/ismak/Documents/GitHub/relation_test_code_smell_ML/dataset/projects/dubbo/dubbo-compatible/src/test/java/org/apache/dubbo/rpc/cluster/RouterTest.java,0,0,1,4,0,0,0,0,0,0,1,1,1,0,0,0,0,0,0,0,0,0,0,0,0,0,0,0,0,0,0,1,0,0,0
dubbo,org/apache/dubbo/rpc/cluster/SingleRouterChain,SingleRouterChain,dataset/projects/dubbo/dubbo-cluster/src/main/java/org/apache/dubbo/rpc/cluster/SingleRouterChain.java,,1,3,0,0,0,2,0,0,0,1,0,0,0,0,0,0,0,0,0,0,0,0,0,0,0,0,0,0,0,0,0,0,0,0,0
dubbo,org/apache/dubbo/rpc/cluster/Sticky,Sticky,,C:/Users/ismak/Documents/GitHub/relation_test_code_smell_ML/dataset/projects/dubbo/dubbo-cluster/src/test/java/org/apache/dubbo/rpc/cluster/StickyTest.java,0,0,1,6,0,0,0,0,0,0,1,1,1,0,0,1,0,0,0,0,1,0,0,0,0,0,0,0,0,0,0,1,0,0,0
dubbo,org/apache/dubbo/rpc/cluster/configurator/AbstractConfigurator,AbstractConfigurator,dataset/projects/dubbo/dubbo-cluster/src/main/java/org/apache/dubbo/rpc/cluster/configurator/AbstractConfigurator.java,,1,3,0,0,0,3,0,0,0,0,0,0,0,0,0,0,0,0,0,0,0,0,0,0,0,0,0,0,0,0,0,0,0,0,0
dubbo,org/apache/dubbo/rpc/cluster/configurator/absent/AbsentConfigurator,AbsentConfigurator,,C:/Users/ismak/Documents/GitHub/relation_test_code_smell_ML/dataset/projects/dubbo/dubbo-cluster/src/test/java/org/apache/dubbo/rpc/cluster/configurator/absent/AbsentConfiguratorTest.java,0,0,1,4,0,0,0,0,0,0,1,1,1,0,0,0,0,0,0,0,0,0,0,0,0,0,0,0,0,0,0,1,0,0,0
dubbo,org/apache/dubbo/rpc/cluster/configurator/override/OverrideConfigurator,OverrideConfigurator,,C:/Users/ismak/Documents/GitHub/relation_test_code_smell_ML/dataset/projects/dubbo/dubbo-cluster/src/test/java/org/apache/dubbo/rpc/cluster/configurator/override/OverrideConfiguratorTest.java,0,0,1,4,0,0,0,0,0,0,1,1,1,0,0,0,0,0,0,0,0,0,0,0,0,0,0,0,0,0,0,1,0,0,0
dubbo,org/apache/dubbo/rpc/cluster/configurator/parser/ConfigParser,ConfigParser,,C:/Users/ismak/Documents/GitHub/relation_test_code_smell_ML/dataset/projects/dubbo/dubbo-cluster/src/test/java/org/apache/dubbo/rpc/cluster/configurator/parser/ConfigParserTest.java,0,0,1,3,0,0,0,0,0,0,1,1,1,0,0,0,0,0,0,0,0,0,0,0,0,0,0,0,0,0,0,0,0,0,0
dubbo,org/apache/dubbo/rpc/cluster/configurator/parser/model/ConditionMatch,ConditionMatch,dataset/projects/dubbo/dubbo-cluster/src/main/java/org/apache/dubbo/rpc/cluster/configurator/parser/model/ConditionMatch.java,,1,1,0,0,0,1,0,0,0,0,0,0,0,0,0,0,0,0,0,0,0,0,0,0,0,0,0,0,0,0,0,0,0,0,0
dubbo,org/apache/dubbo/rpc/cluster/configurator/parser/model/ConfigItem,ConfigItem,dataset/projects/dubbo/dubbo-cluster/src/main/java/org/apache/dubbo/rpc/cluster/configurator/parser/model/ConfigItem.java,,1,1,0,0,0,1,0,0,0,0,0,0,0,0,0,0,0,0,0,0,0,0,0,0,0,0,0,0,0,0,0,0,0,0,0
dubbo,org/apache/dubbo/rpc/cluster/directory/AbstractDirectory,AbstractDirectory,dataset/projects/dubbo/dubbo-cluster/src/main/java/org/apache/dubbo/rpc/cluster/directory/AbstractDirectory.java,,1,4,0,0,1,1,0,1,0,1,0,0,0,0,0,0,0,0,0,0,0,0,0,0,0,0,0,0,0,0,0,0,0,0,0
dubbo,org/apache/dubbo/rpc/cluster/directory/AbstractDirectoryConcurrency,AbstractDirectoryConcurrency,,C:/Users/ismak/Documents/GitHub/relation_test_code_smell_ML/dataset/projects/dubbo/dubbo-cluster/src/test/java/org/apache/dubbo/rpc/cluster/directory/AbstractDirectoryConcurrencyTest.java,0,0,1,4,0,0,0,0,0,0,1,1,1,0,0,0,0,0,0,0,0,0,0,0,0,0,0,0,0,0,0,1,0,0,0
dubbo,org/apache/dubbo/rpc/cluster/directory/StaticDirectory,StaticDirectory,,C:/Users/ismak/Documents/GitHub/relation_test_code_smell_ML/dataset/projects/dubbo/dubbo-cluster/src/test/java/org/apache/dubbo/rpc/cluster/directory/StaticDirectoryTest.java,0,0,1,4,0,0,0,0,0,0,1,1,1,0,0,0,0,0,0,0,0,0,0,0,0,0,0,0,0,0,0,1,0,0,0
dubbo,org/apache/dubbo/rpc/cluster/filter/DefaultFilterChainBuilder,DefaultFilterChainBuilder,,C:/Users/ismak/Documents/GitHub/relation_test_code_smell_ML/dataset/projects/dubbo/dubbo-cluster/src/test/java/org/apache/dubbo/rpc/cluster/filter/DefaultFilterChainBuilderTest.java,0,0,1,4,0,0,0,0,0,0,1,1,1,0,0,0,0,0,0,0,0,0,0,0,0,0,0,0,0,0,0,1,0,0,0
dubbo,org/apache/dubbo/rpc/cluster/filter/FilterChainBuilder,FilterChainBuilder,dataset/projects/dubbo/dubbo-cluster/src/main/java/org/apache/dubbo/rpc/cluster/filter/FilterChainBuilder.java,,1,1,0,0,1,0,0,0,0,0,0,0,0,0,0,0,0,0,0,0,0,0,0,0,0,0,0,0,0,0,0,0,0,0,0
dubbo,org/apache/dubbo/rpc/cluster/filter/MetricsClusterFilter,MetricsClusterFilter,,C:/Users/ismak/Documents/GitHub/relation_test_code_smell_ML/dataset/projects/dubbo/dubbo-metrics/dubbo-metrics-default/src/test/java/org/apache/dubbo/rpc/cluster/filter/MetricsClusterFilterTest.java,0,0,1,5,0,0,0,0,0,0,1,1,1,0,0,0,0,0,0,0,0,0,0,0,0,0,0,0,0,0,1,1,0,0,0
dubbo,org/apache/dubbo/rpc/cluster/loadbalance/AbstractLoadBalance,AbstractLoadBalance,,C:/Users/ismak/Documents/GitHub/relation_test_code_smell_ML/dataset/projects/dubbo/dubbo-cluster/src/test/java/org/apache/dubbo/rpc/cluster/loadbalance/AbstractLoadBalanceTest.java,0,0,1,4,0,0,0,0,0,0,1,1,1,0,0,0,0,0,0,0,0,0,0,0,0,0,0,0,0,0,0,1,0,0,0
dubbo,org/apache/dubbo/rpc/cluster/loadbalance/AdaptiveLoadBalance,AdaptiveLoadBalance,,C:/Users/ismak/Documents/GitHub/relation_test_code_smell_ML/dataset/projects/dubbo/dubbo-cluster/src/test/java/org/apache/dubbo/rpc/cluster/loadbalance/AdaptiveLoadBalanceTest.java,0,0,1,4,0,0,0,0,0,0,1,1,1,0,0,0,0,0,0,0,0,0,0,0,0,0,0,0,0,0,0,1,0,0,0
dubbo,org/apache/dubbo/rpc/cluster/loadbalance/ConsistentHashLoadBalance,ConsistentHashLoadBalance,,C:/Users/ismak/Documents/GitHub/relation_test_code_smell_ML/dataset/projects/dubbo/dubbo-cluster/src/test/java/org/apache/dubbo/rpc/cluster/loadbalance/ConsistentHashLoadBalanceTest.java,0,0,1,4,0,0,0,0,0,0,1,1,1,0,0,0,0,0,0,0,0,0,0,0,0,0,0,0,0,0,0,1,0,0,0
dubbo,org/apache/dubbo/rpc/cluster/loadbalance/LeastActiveBalance,LeastActiveBalance,,C:/Users/ismak/Documents/GitHub/relation_test_code_smell_ML/dataset/projects/dubbo/dubbo-cluster/src/test/java/org/apache/dubbo/rpc/cluster/loadbalance/LeastActiveBalanceTest.java,0,0,1,4,0,0,0,0,0,0,1,1,1,0,0,0,0,0,0,0,0,0,0,0,0,0,0,0,0,0,0,1,0,0,0
dubbo,org/apache/dubbo/rpc/cluster/loadbalance/LeastActiveLoadBalance,LeastActiveLoadBalance,dataset/projects/dubbo/dubbo-cluster/src/main/java/org/apache/dubbo/rpc/cluster/loadbalance/LeastActiveLoadBalance.java,,1,1,0,0,0,1,0,0,0,0,0,0,0,0,0,0,0,0,0,0,0,0,0,0,0,0,0,0,0,0,0,0,0,0,0
dubbo,org/apache/dubbo/rpc/cluster/loadbalance/LoadBalanceBase,LoadBalanceBase,,C:/Users/ismak/Documents/GitHub/relation_test_code_smell_ML/dataset/projects/dubbo/dubbo-cluster/src/test/java/org/apache/dubbo/rpc/cluster/loadbalance/LoadBalanceBaseTest.java,0,0,1,4,0,0,0,0,0,0,1,1,1,0,0,0,0,0,0,0,0,0,0,0,0,0,0,0,0,0,0,1,0,0,0
dubbo,org/apache/dubbo/rpc/cluster/loadbalance/RandomLoadBalance,RandomLoadBalance,dataset/projects/dubbo/dubbo-cluster/src/main/java/org/apache/dubbo/rpc/cluster/loadbalance/RandomLoadBalance.java,C:/Users/ismak/Documents/GitHub/relation_test_code_smell_ML/dataset/projects/dubbo/dubbo-cluster/src/test/java/org/apache/dubbo/rpc/cluster/loadbalance/RandomLoadBalanceTest.java,1,1,1,4,0,1,0,0,0,0,1,1,1,0,0,0,0,0,0,0,0,0,0,0,0,0,0,0,0,0,0,1,0,0,0
dubbo,org/apache/dubbo/rpc/cluster/loadbalance/RoundRobinLoadBalance,RoundRobinLoadBalance,,C:/Users/ismak/Documents/GitHub/relation_test_code_smell_ML/dataset/projects/dubbo/dubbo-cluster/src/test/java/org/apache/dubbo/rpc/cluster/loadbalance/RoundRobinLoadBalanceTest.java,0,0,1,4,0,0,0,0,0,0,1,1,1,0,0,0,0,0,0,0,0,0,0,0,0,0,0,0,0,0,0,1,0,0,0
dubbo,org/apache/dubbo/rpc/cluster/loadbalance/ShortestResponseLoadBalance,ShortestResponseLoadBalance,dataset/projects/dubbo/dubbo-cluster/src/main/java/org/apache/dubbo/rpc/cluster/loadbalance/ShortestResponseLoadBalance.java,C:/Users/ismak/Documents/GitHub/relation_test_code_smell_ML/dataset/projects/dubbo/dubbo-cluster/src/test/java/org/apache/dubbo/rpc/cluster/loadbalance/ShortestResponseLoadBalanceTest.java,1,1,1,5,0,1,0,0,0,0,1,1,1,0,0,1,0,0,0,1,0,0,0,0,0,0,0,0,0,0,0,0,0,0,0
dubbo,org/apache/dubbo/rpc/cluster/merger/ArrayMerger,ArrayMerger,dataset/projects/dubbo/dubbo-cluster/src/main/java/org/apache/dubbo/rpc/cluster/merger/ArrayMerger.java,,1,1,0,0,0,1,0,0,0,0,0,0,0,0,0,0,0,0,0,0,0,0,0,0,0,0,0,0,0,0,0,0,0,0,0
dubbo,org/apache/dubbo/rpc/cluster/merger/ResultMerger,ResultMerger,,C:/Users/ismak/Documents/GitHub/relation_test_code_smell_ML/dataset/projects/dubbo/dubbo-cluster/src/test/java/org/apache/dubbo/rpc/cluster/merger/ResultMergerTest.java,0,0,1,4,0,0,0,0,0,0,1,1,1,0,0,0,0,0,0,0,0,0,0,0,0,0,0,0,0,0,0,1,0,0,0
dubbo,org/apache/dubbo/rpc/cluster/router/RouterSnapshotFilter,RouterSnapshotFilter,,C:/Users/ismak/Documents/GitHub/relation_test_code_smell_ML/dataset/projects/dubbo/dubbo-cluster/src/test/java/org/apache/dubbo/rpc/cluster/router/RouterSnapshotFilterTest.java,0,0,1,4,0,0,0,0,0,0,1,1,1,0,0,0,0,0,0,0,0,0,0,0,0,0,0,0,0,0,0,1,0,0,0
dubbo,org/apache/dubbo/rpc/cluster/router/RouterSnapshotNode,RouterSnapshotNode,dataset/projects/dubbo/dubbo-cluster/src/main/java/org/apache/dubbo/rpc/cluster/router/RouterSnapshotNode.java,,1,1,0,0,0,1,0,0,0,0,0,0,0,0,0,0,0,0,0,0,0,0,0,0,0,0,0,0,0,0,0,0,0,0,0
dubbo,org/apache/dubbo/rpc/cluster/router/affinity/AffinityRoute,AffinityRoute,,C:/Users/ismak/Documents/GitHub/relation_test_code_smell_ML/dataset/projects/dubbo/dubbo-cluster/src/test/java/org/apache/dubbo/rpc/cluster/router/affinity/AffinityRouteTest.java,0,0,1,4,0,0,0,0,0,0,1,1,1,0,0,0,0,0,0,0,0,0,0,0,0,0,0,0,0,0,0,1,0,0,0
dubbo,org/apache/dubbo/rpc/cluster/router/affinity/AffinityStateRouter,AffinityStateRouter,dataset/projects/dubbo/dubbo-cluster/src/main/java/org/apache/dubbo/rpc/cluster/router/affinity/AffinityStateRouter.java,,1,1,0,0,0,1,0,0,0,0,0,0,0,0,0,0,0,0,0,0,0,0,0,0,0,0,0,0,0,0,0,0,0,0,0
dubbo,org/apache/dubbo/rpc/cluster/router/condition/ConditionStateRouter,ConditionStateRouter,dataset/projects/dubbo/dubbo-cluster/src/main/java/org/apache/dubbo/rpc/cluster/router/condition/ConditionStateRouter.java,C:/Users/ismak/Documents/GitHub/relation_test_code_smell_ML/dataset/projects/dubbo/dubbo-cluster/src/test/java/org/apache/dubbo/rpc/cluster/router/condition/ConditionStateRouterTest.java,1,4,1,4,0,3,0,1,0,0,1,1,1,0,0,0,0,0,0,0,0,0,0,0,0,0,0,0,0,0,0,1,0,0,0
dubbo,org/apache/dubbo/rpc/cluster/router/condition/MultiDestConditionRouter,MultiDestConditionRouter,dataset/projects/dubbo/dubbo-cluster/src/main/java/org/apache/dubbo/rpc/cluster/router/condition/MultiDestConditionRouter.java,,1,5,0,0,1,3,0,1,0,0,0,0,0,0,0,0,0,0,0,0,0,0,0,0,0,0,0,0,0,0,0,0,0,0,0
dubbo,org/apache/dubbo/rpc/cluster/router/condition/config/ListenableStateRouter,ListenableStateRouter,dataset/projects/dubbo/dubbo-cluster/src/main/java/org/apache/dubbo/rpc/cluster/router/condition/config/ListenableStateRouter.java,,1,1,0,0,0,1,0,0,0,0,0,0,0,0,0,0,0,0,0,0,0,0,0,0,0,0,0,0,0,0,0,0,0,0,0
dubbo,org/apache/dubbo/rpc/cluster/router/condition/config/ProviderAppConditionStateRouter,ProviderAppConditionStateRouter,,C:/Users/ismak/Documents/GitHub/relation_test_code_smell_ML/dataset/projects/dubbo/dubbo-cluster/src/test/java/org/apache/dubbo/rpc/cluster/router/condition/config/ProviderAppConditionStateRouterTest.java,0,0,1,4,0,0,0,0,0,0,1,1,1,0,0,0,0,0,0,0,0,0,0,0,0,0,0,0,0,0,0,1,0,0,0
dubbo,org/apache/dubbo/rpc/cluster/router/condition/matcher/AbstractConditionMatcher,AbstractConditionMatcher,dataset/projects/dubbo/dubbo-cluster/src/main/java/org/apache/dubbo/rpc/cluster/router/condition/matcher/AbstractConditionMatcher.java,,1,1,0,0,0,1,0,0,0,0,0,0,0,0,0,0,0,0,0,0,0,0,0,0,0,0,0,0,0,0,0,0,0,0,0
dubbo,org/apache/dubbo/rpc/cluster/router/condition/matcher/pattern/range/RangeValuePattern,RangeValuePattern,dataset/projects/dubbo/dubbo-cluster/src/main/java/org/apache/dubbo/rpc/cluster/router/condition/matcher/pattern/range/RangeValuePattern.java,,1,1,0,0,0,1,0,0,0,0,0,0,0,0,0,0,0,0,0,0,0,0,0,0,0,0,0,0,0,0,0,0,0,0,0
dubbo,org/apache/dubbo/rpc/cluster/router/file/FileRouterEngine,FileRouterEngine,,C:/Users/ismak/Documents/GitHub/relation_test_code_smell_ML/dataset/projects/dubbo/dubbo-cluster/src/test/java/org/apache/dubbo/rpc/cluster/router/file/FileRouterEngineTest.java,0,0,1,4,0,0,0,0,0,0,1,1,1,0,0,0,0,0,0,0,0,0,0,0,0,0,0,0,0,0,0,1,0,0,0
dubbo,org/apache/dubbo/rpc/cluster/router/mesh/route/MeshAppRuleListener,MeshAppRuleListener,,C:/Users/ismak/Documents/GitHub/relation_test_code_smell_ML/dataset/projects/dubbo/dubbo-cluster/src/test/java/org/apache/dubbo/rpc/cluster/router/mesh/route/MeshAppRuleListenerTest.java,0,0,1,4,0,0,0,0,0,0,1,1,1,0,0,0,0,0,0,0,0,0,0,0,0,0,0,0,0,0,0,1,0,0,0
dubbo,org/apache/dubbo/rpc/cluster/router/mesh/route/MeshRuleCache,MeshRuleCache,dataset/projects/dubbo/dubbo-cluster/src/main/java/org/apache/dubbo/rpc/cluster/router/mesh/route/MeshRuleCache.java,C:/Users/ismak/Documents/GitHub/relation_test_code_smell_ML/dataset/projects/dubbo/dubbo-cluster/src/test/java/org/apache/dubbo/rpc/cluster/router/mesh/route/MeshRuleCacheTest.java,1,1,1,4,0,1,0,0,0,0,1,1,1,0,0,0,0,0,0,0,0,0,0,0,0,0,0,0,0,0,0,1,0,0,0
dubbo,org/apache/dubbo/rpc/cluster/router/mesh/route/MeshRuleManager,MeshRuleManager,,C:/Users/ismak/Documents/GitHub/relation_test_code_smell_ML/dataset/projects/dubbo/dubbo-cluster/src/test/java/org/apache/dubbo/rpc/cluster/router/mesh/route/MeshRuleManagerTest.java,0,0,1,4,0,0,0,0,0,0,1,1,1,0,0,0,0,0,0,0,0,0,0,0,0,0,0,0,0,0,0,1,0,0,0
dubbo,org/apache/dubbo/rpc/cluster/router/mesh/route/MeshRuleRouter,MeshRuleRouter,dataset/projects/dubbo/dubbo-cluster/src/main/java/org/apache/dubbo/rpc/cluster/router/mesh/route/MeshRuleRouter.java,C:/Users/ismak/Documents/GitHub/relation_test_code_smell_ML/dataset/projects/dubbo/dubbo-cluster/src/test/java/org/apache/dubbo/rpc/cluster/router/mesh/route/MeshRuleRouterTest.java,1,4,1,4,1,1,0,1,0,1,1,1,1,0,0,0,0,0,0,0,0,0,0,0,0,0,0,0,0,0,0,1,0,0,0
dubbo,org/apache/dubbo/rpc/cluster/router/mesh/route/StandardMeshRuleRouterFactory,StandardMeshRuleRouterFactory,,C:/Users/ismak/Documents/GitHub/relation_test_code_smell_ML/dataset/projects/dubbo/dubbo-cluster/src/test/java/org/apache/dubbo/rpc/cluster/router/mesh/route/StandardMeshRuleRouterFactoryTest.java,0,0,1,3,0,0,0,0,0,0,1,1,1,0,0,0,0,0,0,0,0,0,0,0,0,0,0,0,0,0,0,0,0,0,0
dubbo,org/apache/dubbo/rpc/cluster/router/mesh/rule/DestinationRule,DestinationRule,,C:/Users/ismak/Documents/GitHub/relation_test_code_smell_ML/dataset/projects/dubbo/dubbo-cluster/src/test/java/org/apache/dubbo/rpc/cluster/router/mesh/rule/DestinationRuleTest.java,0,0,1,3,0,0,0,0,0,0,1,1,1,0,0,0,0,0,0,0,0,0,0,0,0,0,0,0,0,0,0,0,0,0,0
dubbo,org/apache/dubbo/rpc/cluster/router/mesh/rule/VirtualServiceRule,VirtualServiceRule,,C:/Users/ismak/Documents/GitHub/relation_test_code_smell_ML/dataset/projects/dubbo/dubbo-cluster/src/test/java/org/apache/dubbo/rpc/cluster/router/mesh/rule/VirtualServiceRuleTest.java,0,0,1,3,0,0,0,0,0,0,1,1,1,0,0,0,0,0,0,0,0,0,0,0,0,0,0,0,0,0,0,0,0,0,0
dubbo,org/apache/dubbo/rpc/cluster/router/mesh/rule/virtualservice/DubboMatchRequest,DubboMatchRequest,,C:/Users/ismak/Documents/GitHub/relation_test_code_smell_ML/dataset/projects/dubbo/dubbo-cluster/src/test/java/org/apache/dubbo/rpc/cluster/router/mesh/rule/virtualservice/DubboMatchRequestTest.java,0,0,1,3,0,0,0,0,0,0,1,1,1,0,0,0,0,0,0,0,0,0,0,0,0,0,0,0,0,0,0,0,0,0,0
dubbo,org/apache/dubbo/rpc/cluster/router/mesh/rule/virtualservice/match/AddressMatch,AddressMatch,dataset/projects/dubbo/dubbo-cluster/src/main/java/org/apache/dubbo/rpc/cluster/router/mesh/rule/virtualservice/match/AddressMatch.java,C:/Users/ismak/Documents/GitHub/relation_test_code_smell_ML/dataset/projects/dubbo/dubbo-cluster/src/test/java/org/apache/dubbo/rpc/cluster/router/mesh/rule/virtualservice/match/AddressMatchTest.java,1,1,1,3,0,1,0,0,0,0,1,1,1,0,0,0,0,0,0,0,0,0,0,0,0,0,0,0,0,0,0,0,0,0,0
dubbo,org/apache/dubbo/rpc/cluster/router/mesh/rule/virtualservice/match/BoolMatch,BoolMatch,,C:/Users/ismak/Documents/GitHub/relation_test_code_smell_ML/dataset/projects/dubbo/dubbo-cluster/src/test/java/org/apache/dubbo/rpc/cluster/router/mesh/rule/virtualservice/match/BoolMatchTest.java,0,0,1,3,0,0,0,0,0,0,1,1,1,0,0,0,0,0,0,0,0,0,0,0,0,0,0,0,0,0,0,0,0,0,0
dubbo,org/apache/dubbo/rpc/cluster/router/mesh/rule/virtualservice/match/DoubleMatch,DoubleMatch,,C:/Users/ismak/Documents/GitHub/relation_test_code_smell_ML/dataset/projects/dubbo/dubbo-cluster/src/test/java/org/apache/dubbo/rpc/cluster/router/mesh/rule/virtualservice/match/DoubleMatchTest.java,0,0,1,3,0,0,0,0,0,0,1,1,1,0,0,0,0,0,0,0,0,0,0,0,0,0,0,0,0,0,0,0,0,0,0
dubbo,org/apache/dubbo/rpc/cluster/router/mesh/rule/virtualservice/match/DubboAttachmentMatch,DubboAttachmentMatch,,C:/Users/ismak/Documents/GitHub/relation_test_code_smell_ML/dataset/projects/dubbo/dubbo-cluster/src/test/java/org/apache/dubbo/rpc/cluster/router/mesh/rule/virtualservice/match/DubboAttachmentMatchTest.java,0,0,1,3,0,0,0,0,0,0,1,1,1,0,0,0,0,0,0,0,0,0,0,0,0,0,0,0,0,0,0,0,0,0,0
dubbo,org/apache/dubbo/rpc/cluster/router/mesh/rule/virtualservice/match/DubboMethodMatch,DubboMethodMatch,dataset/projects/dubbo/dubbo-cluster/src/main/java/org/apache/dubbo/rpc/cluster/router/mesh/rule/virtualservice/match/DubboMethodMatch.java,C:/Users/ismak/Documents/GitHub/relation_test_code_smell_ML/dataset/projects/dubbo/dubbo-cluster/src/test/java/org/apache/dubbo/rpc/cluster/router/mesh/rule/virtualservice/match/DubboMethodMatchTest.java,1,1,1,3,0,1,0,0,0,0,1,1,1,0,0,0,0,0,0,0,0,0,0,0,0,0,0,0,0,0,0,0,0,0,0
dubbo,org/apache/dubbo/rpc/cluster/router/mesh/rule/virtualservice/match/ListBoolMatch,ListBoolMatch,,C:/Users/ismak/Documents/GitHub/relation_test_code_smell_ML/dataset/projects/dubbo/dubbo-cluster/src/test/java/org/apache/dubbo/rpc/cluster/router/mesh/rule/virtualservice/match/ListBoolMatchTest.java,0,0,1,3,0,0,0,0,0,0,1,1,1,0,0,0,0,0,0,0,0,0,0,0,0,0,0,0,0,0,0,0,0,0,0
dubbo,org/apache/dubbo/rpc/cluster/router/mesh/rule/virtualservice/match/ListDoubleMatch,ListDoubleMatch,,C:/Users/ismak/Documents/GitHub/relation_test_code_smell_ML/dataset/projects/dubbo/dubbo-cluster/src/test/java/org/apache/dubbo/rpc/cluster/router/mesh/rule/virtualservice/match/ListDoubleMatchTest.java,0,0,1,3,0,0,0,0,0,0,1,1,1,0,0,0,0,0,0,0,0,0,0,0,0,0,0,0,0,0,0,0,0,0,0
dubbo,org/apache/dubbo/rpc/cluster/router/mesh/rule/virtualservice/match/ListStringMatch,ListStringMatch,,C:/Users/ismak/Documents/GitHub/relation_test_code_smell_ML/dataset/projects/dubbo/dubbo-cluster/src/test/java/org/apache/dubbo/rpc/cluster/router/mesh/rule/virtualservice/match/ListStringMatchTest.java,0,0,1,3,0,0,0,0,0,0,1,1,1,0,0,0,0,0,0,0,0,0,0,0,0,0,0,0,0,0,0,0,0,0,0
dubbo,org/apache/dubbo/rpc/cluster/router/mesh/rule/virtualservice/match/StringMatch,StringMatch,dataset/projects/dubbo/dubbo-cluster/src/main/java/org/apache/dubbo/rpc/cluster/router/mesh/rule/virtualservice/match/StringMatch.java,C:/Users/ismak/Documents/GitHub/relation_test_code_smell_ML/dataset/projects/dubbo/dubbo-cluster/src/test/java/org/apache/dubbo/rpc/cluster/router/mesh/rule/virtualservice/match/StringMatchTest.java,1,1,1,3,0,1,0,0,0,0,1,1,1,0,0,0,0,0,0,0,0,0,0,0,0,0,0,0,0,0,0,0,0,0,0
dubbo,org/apache/dubbo/rpc/cluster/router/mesh/util/MeshRuleDispatcher,MeshRuleDispatcher,dataset/projects/dubbo/dubbo-cluster/src/main/java/org/apache/dubbo/rpc/cluster/router/mesh/util/MeshRuleDispatcher.java,C:/Users/ismak/Documents/GitHub/relation_test_code_smell_ML/dataset/projects/dubbo/dubbo-cluster/src/test/java/org/apache/dubbo/rpc/cluster/router/mesh/util/MeshRuleDispatcherTest.java,1,1,1,3,0,1,0,0,0,0,1,1,1,0,0,0,0,0,0,0,0,0,0,0,0,0,0,0,0,0,0,0,0,0,0
dubbo,org/apache/dubbo/rpc/cluster/router/mock/MockInvokersSelector,MockInvokersSelector,dataset/projects/dubbo/dubbo-cluster/src/main/java/org/apache/dubbo/rpc/cluster/router/mock/MockInvokersSelector.java,C:/Users/ismak/Documents/GitHub/relation_test_code_smell_ML/dataset/projects/dubbo/dubbo-cluster/src/test/java/org/apache/dubbo/rpc/cluster/router/mock/MockInvokersSelectorTest.java,1,1,1,4,0,1,0,0,0,0,1,1,1,0,0,0,0,0,0,0,0,0,0,0,0,0,0,0,0,0,0,1,0,0,0
dubbo,org/apache/dubbo/rpc/cluster/router/script/ScriptStateRouter,ScriptStateRouter,,C:/Users/ismak/Documents/GitHub/relation_test_code_smell_ML/dataset/projects/dubbo/dubbo-cluster/src/test/java/org/apache/dubbo/rpc/cluster/router/script/ScriptStateRouterTest.java,0,0,1,4,0,0,0,0,0,0,1,1,1,0,0,0,0,0,0,0,0,0,0,0,0,0,0,0,0,0,0,1,0,0,0
dubbo,org/apache/dubbo/rpc/cluster/router/script/config/AppScriptStateRouter,AppScriptStateRouter,,C:/Users/ismak/Documents/GitHub/relation_test_code_smell_ML/dataset/projects/dubbo/dubbo-cluster/src/test/java/org/apache/dubbo/rpc/cluster/router/script/config/AppScriptStateRouterTest.java,0,0,1,4,0,0,0,0,0,0,1,1,1,0,0,0,0,0,0,0,0,0,0,0,0,0,0,0,0,0,0,1,0,0,0
dubbo,org/apache/dubbo/rpc/cluster/router/state/AbstractStateRouter,AbstractStateRouter,dataset/projects/dubbo/dubbo-cluster/src/main/java/org/apache/dubbo/rpc/cluster/router/state/AbstractStateRouter.java,,1,1,0,0,0,1,0,0,0,0,0,0,0,0,0,0,0,0,0,0,0,0,0,0,0,0,0,0,0,0,0,0,0,0,0
dubbo,org/apache/dubbo/rpc/cluster/router/state/BitList,BitList,dataset/projects/dubbo/dubbo-cluster/src/main/java/org/apache/dubbo/rpc/cluster/router/state/BitList.java,C:/Users/ismak/Documents/GitHub/relation_test_code_smell_ML/dataset/projects/dubbo/dubbo-cluster/src/test/java/org/apache/dubbo/rpc/cluster/router/state/BitListTest.java,1,2,1,4,0,1,0,0,0,1,1,1,1,0,0,0,0,0,0,0,0,0,0,0,0,0,0,0,0,0,0,1,0,0,0
dubbo,org/apache/dubbo/rpc/cluster/router/tag/TagStateRouter,TagStateRouter,dataset/projects/dubbo/dubbo-cluster/src/main/java/org/apache/dubbo/rpc/cluster/router/tag/TagStateRouter.java,C:/Users/ismak/Documents/GitHub/relation_test_code_smell_ML/dataset/projects/dubbo/dubbo-cluster/src/test/java/org/apache/dubbo/rpc/cluster/router/tag/TagStateRouterTest.java,1,2,1,6,0,1,0,1,0,0,1,1,1,0,1,0,0,0,0,0,0,0,0,0,0,0,0,0,0,1,0,1,0,0,0
dubbo,org/apache/dubbo/rpc/cluster/support/AbstractClusterInvoker,AbstractClusterInvoker,dataset/projects/dubbo/dubbo-cluster/src/main/java/org/apache/dubbo/rpc/cluster/support/AbstractClusterInvoker.java,C:/Users/ismak/Documents/GitHub/relation_test_code_smell_ML/dataset/projects/dubbo/dubbo-cluster/src/test/java/org/apache/dubbo/rpc/cluster/support/AbstractClusterInvokerTest.java,1,5,1,8,0,3,0,1,0,1,1,1,1,0,1,1,0,0,0,0,1,0,0,0,0,0,0,0,0,1,0,1,0,0,0
dubbo,org/apache/dubbo/rpc/cluster/support/AvailableClusterInvoker,AvailableClusterInvoker,,C:/Users/ismak/Documents/GitHub/relation_test_code_smell_ML/dataset/projects/dubbo/dubbo-cluster/src/test/java/org/apache/dubbo/rpc/cluster/support/AvailableClusterInvokerTest.java,0,0,1,4,0,0,0,0,0,0,1,1,1,0,0,0,0,0,0,0,0,0,0,0,0,0,0,0,0,0,0,1,0,0,0
dubbo,org/apache/dubbo/rpc/cluster/support/BroadCastClusterInvoker,BroadCastClusterInvoker,,C:/Users/ismak/Documents/GitHub/relation_test_code_smell_ML/dataset/projects/dubbo/dubbo-cluster/src/test/java/org/apache/dubbo/rpc/cluster/support/BroadCastClusterInvokerTest.java,0,0,1,4,0,0,0,0,0,0,1,1,1,0,0,0,0,0,0,0,0,0,0,0,0,0,0,0,0,0,0,1,0,0,0
dubbo,org/apache/dubbo/rpc/cluster/support/BroadcastClusterInvoker,BroadcastClusterInvoker,dataset/projects/dubbo/dubbo-cluster/src/main/java/org/apache/dubbo/rpc/cluster/support/BroadcastClusterInvoker.java,,1,1,0,0,0,1,0,0,0,0,0,0,0,0,0,0,0,0,0,0,0,0,0,0,0,0,0,0,0,0,0,0,0,0,0
dubbo,org/apache/dubbo/rpc/cluster/support/ClusterUtils,ClusterUtils,,C:/Users/ismak/Documents/GitHub/relation_test_code_smell_ML/dataset/projects/dubbo/dubbo-cluster/src/test/java/org/apache/dubbo/rpc/cluster/support/ClusterUtilsTest.java,0,0,1,4,0,0,0,0,0,0,1,1,1,0,0,0,0,0,0,0,0,0,0,0,0,0,0,0,0,0,0,1,0,0,0
dubbo,org/apache/dubbo/rpc/cluster/support/ConnectivityValidation,ConnectivityValidation,,C:/Users/ismak/Documents/GitHub/relation_test_code_smell_ML/dataset/projects/dubbo/dubbo-cluster/src/test/java/org/apache/dubbo/rpc/cluster/support/ConnectivityValidationTest.java,0,0,1,4,0,0,0,0,0,0,1,1,1,0,0,0,0,0,0,0,0,0,0,0,0,0,0,0,0,0,0,1,0,0,0
dubbo,org/apache/dubbo/rpc/cluster/support/FailSafeClusterInvoker,FailSafeClusterInvoker,,C:/Users/ismak/Documents/GitHub/relation_test_code_smell_ML/dataset/projects/dubbo/dubbo-cluster/src/test/java/org/apache/dubbo/rpc/cluster/support/FailSafeClusterInvokerTest.java,0,0,1,4,0,0,0,0,0,0,1,1,1,0,0,0,0,0,0,0,0,0,0,0,0,0,0,0,0,0,0,1,0,0,0
dubbo,org/apache/dubbo/rpc/cluster/support/FailbackClusterInvoker,FailbackClusterInvoker,,C:/Users/ismak/Documents/GitHub/relation_test_code_smell_ML/dataset/projects/dubbo/dubbo-cluster/src/test/java/org/apache/dubbo/rpc/cluster/support/FailbackClusterInvokerTest.java,0,0,1,7,0,0,0,0,0,0,1,1,1,0,1,0,0,0,0,1,0,0,0,0,0,0,0,0,0,0,0,1,0,1,0
dubbo,org/apache/dubbo/rpc/cluster/support/FailfastClusterInvoker,FailfastClusterInvoker,,C:/Users/ismak/Documents/GitHub/relation_test_code_smell_ML/dataset/projects/dubbo/dubbo-cluster/src/test/java/org/apache/dubbo/rpc/cluster/support/FailfastClusterInvokerTest.java,0,0,1,4,0,0,0,0,0,0,1,1,1,0,0,0,0,0,0,0,0,0,0,0,0,0,0,0,0,0,0,1,0,0,0
dubbo,org/apache/dubbo/rpc/cluster/support/FailoverClusterInvoker,FailoverClusterInvoker,dataset/projects/dubbo/dubbo-cluster/src/main/java/org/apache/dubbo/rpc/cluster/support/FailoverClusterInvoker.java,C:/Users/ismak/Documents/GitHub/relation_test_code_smell_ML/dataset/projects/dubbo/dubbo-cluster/src/test/java/org/apache/dubbo/rpc/cluster/support/FailoverClusterInvokerTest.java,1,1,1,4,0,1,0,0,0,0,1,1,1,0,0,0,0,0,0,0,0,0,0,0,0,0,0,0,0,0,0,1,0,0,0
dubbo,org/apache/dubbo/rpc/cluster/support/ForkingClusterInvoker,ForkingClusterInvoker,dataset/projects/dubbo/dubbo-cluster/src/main/java/org/apache/dubbo/rpc/cluster/support/ForkingClusterInvoker.java,C:/Users/ismak/Documents/GitHub/relation_test_code_smell_ML/dataset/projects/dubbo/dubbo-cluster/src/test/java/org/apache/dubbo/rpc/cluster/support/ForkingClusterInvokerTest.java,1,1,1,4,0,1,0,0,0,0,1,1,1,0,0,0,0,0,0,0,0,0,0,0,0,0,0,0,0,0,0,1,0,0,0
dubbo,org/apache/dubbo/rpc/cluster/support/MergeableClusterInvoker,MergeableClusterInvoker,dataset/projects/dubbo/dubbo-cluster/src/main/java/org/apache/dubbo/rpc/cluster/support/MergeableClusterInvoker.java,C:/Users/ismak/Documents/GitHub/relation_test_code_smell_ML/dataset/projects/dubbo/dubbo-cluster/src/test/java/org/apache/dubbo/rpc/cluster/support/MergeableClusterInvokerTest.java,1,1,1,4,0,1,0,0,0,0,1,1,1,0,0,0,0,0,0,0,0,0,0,0,0,0,0,0,0,0,0,1,0,0,0
dubbo,org/apache/dubbo/rpc/cluster/support/MockAbstractClusterInvoker,MockAbstractClusterInvoker,,C:/Users/ismak/Documents/GitHub/relation_test_code_smell_ML/dataset/projects/dubbo/dubbo-cluster/src/test/java/org/apache/dubbo/rpc/cluster/support/MockAbstractClusterInvokerTest.java,0,0,1,4,0,0,0,0,0,0,1,1,1,0,0,0,0,0,0,0,0,0,0,0,0,0,0,0,0,0,0,1,0,0,0
dubbo,org/apache/dubbo/rpc/cluster/support/MockInvoker,MockInvoker,,C:/Users/ismak/Documents/GitHub/relation_test_code_smell_ML/dataset/projects/dubbo/dubbo-cluster/src/test/java/org/apache/dubbo/rpc/cluster/support/MockInvokerTest.java,0,0,1,4,0,0,0,0,0,0,1,1,1,0,0,0,0,0,0,0,0,0,0,0,0,0,0,0,0,0,0,1,0,0,0
dubbo,org/apache/dubbo/rpc/cluster/support/merger/DefaultProviderURLMergeProcessor,DefaultProviderURLMergeProcessor,dataset/projects/dubbo/dubbo-cluster/src/main/java/org/apache/dubbo/rpc/cluster/support/merger/DefaultProviderURLMergeProcessor.java,C:/Users/ismak/Documents/GitHub/relation_test_code_smell_ML/dataset/projects/dubbo/dubbo-cluster/src/test/java/org/apache/dubbo/rpc/cluster/support/merger/DefaultProviderURLMergeProcessorTest.java,1,1,1,4,0,1,0,0,0,0,1,1,1,0,0,0,0,0,0,0,0,0,0,0,0,0,0,0,0,0,0,1,0,0,0
dubbo,org/apache/dubbo/rpc/cluster/support/registry/ZoneAwareClusterInvoker,ZoneAwareClusterInvoker,dataset/projects/dubbo/dubbo-cluster/src/main/java/org/apache/dubbo/rpc/cluster/support/registry/ZoneAwareClusterInvoker.java,C:/Users/ismak/Documents/GitHub/relation_test_code_smell_ML/dataset/projects/dubbo/dubbo-cluster/src/test/java/org/apache/dubbo/rpc/cluster/support/registry/ZoneAwareClusterInvokerTest.java,1,1,1,4,0,1,0,0,0,0,1,1,1,0,0,0,0,0,0,0,0,0,0,0,0,0,0,0,0,0,0,1,0,0,0
dubbo,org/apache/dubbo/rpc/cluster/support/wrapper/AbstractCluster,AbstractCluster,dataset/projects/dubbo/dubbo-cluster/src/main/java/org/apache/dubbo/rpc/cluster/support/wrapper/AbstractCluster.java,C:/Users/ismak/Documents/GitHub/relation_test_code_smell_ML/dataset/projects/dubbo/dubbo-cluster/src/test/java/org/apache/dubbo/rpc/cluster/support/wrapper/AbstractClusterTest.java,1,1,1,4,1,0,0,0,0,0,1,1,1,0,0,0,0,0,0,0,0,0,0,0,0,0,0,0,0,0,0,1,0,0,0
dubbo,org/apache/dubbo/rpc/cluster/support/wrapper/MockClusterInvoker,MockClusterInvoker,dataset/projects/dubbo/dubbo-cluster/src/main/java/org/apache/dubbo/rpc/cluster/support/wrapper/MockClusterInvoker.java,C:/Users/ismak/Documents/GitHub/relation_test_code_smell_ML/dataset/projects/dubbo/dubbo-cluster/src/test/java/org/apache/dubbo/rpc/cluster/support/wrapper/MockClusterInvokerTest.java,1,1,1,4,0,1,0,0,0,0,1,1,1,0,0,0,0,0,0,0,0,0,0,0,0,0,0,0,0,0,0,1,0,0,0
dubbo,org/apache/dubbo/rpc/cluster/support/wrapper/MockProviderRpcException,MockProviderRpcException,,C:/Users/ismak/Documents/GitHub/relation_test_code_smell_ML/dataset/projects/dubbo/dubbo-cluster/src/test/java/org/apache/dubbo/rpc/cluster/support/wrapper/MockProviderRpcExceptionTest.java,0,0,1,4,0,0,0,0,0,0,1,1,1,0,0,0,0,0,0,0,0,0,0,0,0,0,0,0,0,0,0,1,0,0,0
dubbo,org/apache/dubbo/rpc/cluster/support/wrapper/ScopeClusterInvoker,ScopeClusterInvoker,dataset/projects/dubbo/dubbo-cluster/src/main/java/org/apache/dubbo/rpc/cluster/support/wrapper/ScopeClusterInvoker.java,C:/Users/ismak/Documents/GitHub/relation_test_code_smell_ML/dataset/projects/dubbo/dubbo-cluster/src/test/java/org/apache/dubbo/rpc/cluster/support/wrapper/ScopeClusterInvokerTest.java,1,1,1,4,0,0,0,1,0,0,1,1,1,0,0,0,0,0,0,0,0,0,0,0,0,0,0,0,0,0,0,1,0,0,0
dubbo,org/apache/dubbo/rpc/executor/IsolationExecutorSupportFactory,IsolationExecutorSupportFactory,,C:/Users/ismak/Documents/GitHub/relation_test_code_smell_ML/dataset/projects/dubbo/dubbo-common/src/test/java/org/apache/dubbo/rpc/executor/IsolationExecutorSupportFactoryTest.java,0,0,1,4,0,0,0,0,0,0,1,1,1,0,0,0,0,0,0,0,0,0,0,0,0,0,0,0,0,0,0,1,0,0,0
dubbo,org/apache/dubbo/rpc/filter/AccessLogFilter,AccessLogFilter,,C:/Users/ismak/Documents/GitHub/relation_test_code_smell_ML/dataset/projects/dubbo/dubbo-rpc/dubbo-rpc-api/src/test/java/org/apache/dubbo/rpc/filter/AccessLogFilterTest.java,0,0,1,6,0,0,0,0,0,0,1,1,1,0,1,0,0,0,0,1,0,0,0,0,0,0,0,0,0,0,0,1,0,0,0
dubbo,org/apache/dubbo/rpc/filter/ActiveLimitFilter,ActiveLimitFilter,,C:/Users/ismak/Documents/GitHub/relation_test_code_smell_ML/dataset/projects/dubbo/dubbo-rpc/dubbo-rpc-api/src/test/java/org/apache/dubbo/rpc/filter/ActiveLimitFilterTest.java,0,0,1,4,0,0,0,0,0,0,1,1,1,0,0,0,0,0,0,0,0,0,0,0,0,0,0,0,0,0,0,1,0,0,0
dubbo,org/apache/dubbo/rpc/filter/ClassLoaderFilter,ClassLoaderFilter,,C:/Users/ismak/Documents/GitHub/relation_test_code_smell_ML/dataset/projects/dubbo/dubbo-rpc/dubbo-rpc-api/src/test/java/org/apache/dubbo/rpc/filter/ClassLoaderFilterTest.java,0,0,1,4,0,0,0,0,0,0,1,1,1,0,0,0,0,0,0,0,0,0,0,0,0,0,0,0,0,0,0,1,0,0,0
dubbo,org/apache/dubbo/rpc/filter/CompatibleFilter,CompatibleFilter,dataset/projects/dubbo/dubbo-rpc/dubbo-rpc-api/src/main/java/org/apache/dubbo/rpc/filter/CompatibleFilter.java,,1,1,0,0,0,1,0,0,0,0,0,0,0,0,0,0,0,0,0,0,0,0,0,0,0,0,0,0,0,0,0,0,0,0,0
dubbo,org/apache/dubbo/rpc/filter/CompatibleFilterFilter,CompatibleFilterFilter,,C:/Users/ismak/Documents/GitHub/relation_test_code_smell_ML/dataset/projects/dubbo/dubbo-rpc/dubbo-rpc-api/src/test/java/org/apache/dubbo/rpc/filter/CompatibleFilterFilterTest.java,0,0,1,4,0,0,0,0,0,0,1,1,1,0,0,0,0,0,0,0,0,0,0,0,0,0,0,0,0,0,0,1,0,0,0
dubbo,org/apache/dubbo/rpc/filter/ContextFilter,ContextFilter,dataset/projects/dubbo/dubbo-rpc/dubbo-rpc-api/src/main/java/org/apache/dubbo/rpc/filter/ContextFilter.java,C:/Users/ismak/Documents/GitHub/relation_test_code_smell_ML/dataset/projects/dubbo/dubbo-rpc/dubbo-rpc-api/src/test/java/org/apache/dubbo/rpc/filter/ContextFilterTest.java,1,1,1,4,0,1,0,0,0,0,1,1,1,0,0,0,0,0,0,0,0,0,0,0,0,0,0,0,0,0,0,1,0,0,0
dubbo,org/apache/dubbo/rpc/filter/DeprecatedFilter,DeprecatedFilter,,C:/Users/ismak/Documents/GitHub/relation_test_code_smell_ML/dataset/projects/dubbo/dubbo-rpc/dubbo-rpc-api/src/test/java/org/apache/dubbo/rpc/filter/DeprecatedFilterTest.java,0,0,1,4,0,0,0,0,0,0,1,1,1,0,0,0,0,0,0,0,0,0,0,0,0,0,0,0,0,0,0,1,0,0,0
dubbo,org/apache/dubbo/rpc/filter/EchoFilter,EchoFilter,,C:/Users/ismak/Documents/GitHub/relation_test_code_smell_ML/dataset/projects/dubbo/dubbo-rpc/dubbo-rpc-api/src/test/java/org/apache/dubbo/rpc/filter/EchoFilterTest.java,0,0,1,4,0,0,0,0,0,0,1,1,1,0,0,0,0,0,0,0,0,0,0,0,0,0,0,0,0,0,0,1,0,0,0
dubbo,org/apache/dubbo/rpc/filter/ExceptionFilter,ExceptionFilter,dataset/projects/dubbo/dubbo-rpc/dubbo-rpc-api/src/main/java/org/apache/dubbo/rpc/filter/ExceptionFilter.java,C:/Users/ismak/Documents/GitHub/relation_test_code_smell_ML/dataset/projects/dubbo/dubbo-rpc/dubbo-rpc-api/src/test/java/org/apache/dubbo/rpc/filter/ExceptionFilterTest.java,1,1,1,4,0,1,0,0,0,0,1,1,1,0,0,0,0,0,0,0,0,0,0,0,0,0,0,0,0,0,0,1,0,0,0
dubbo,org/apache/dubbo/rpc/filter/ExecuteLimitFilter,ExecuteLimitFilter,,C:/Users/ismak/Documents/GitHub/relation_test_code_smell_ML/dataset/projects/dubbo/dubbo-rpc/dubbo-rpc-api/src/test/java/org/apache/dubbo/rpc/filter/ExecuteLimitFilterTest.java,0,0,1,4,0,0,0,0,0,0,1,1,1,0,0,0,0,0,0,0,0,0,0,0,0,0,0,0,0,0,0,1,0,0,0
dubbo,org/apache/dubbo/rpc/filter/GenericFilter,GenericFilter,dataset/projects/dubbo/dubbo-rpc/dubbo-rpc-api/src/main/java/org/apache/dubbo/rpc/filter/GenericFilter.java,C:/Users/ismak/Documents/GitHub/relation_test_code_smell_ML/dataset/projects/dubbo/dubbo-rpc/dubbo-rpc-api/src/test/java/org/apache/dubbo/rpc/filter/GenericFilterTest.java,1,5,1,4,0,4,0,1,0,0,1,1,1,0,0,0,0,0,0,0,0,0,0,0,0,0,0,0,0,0,0,1,0,0,0
dubbo,org/apache/dubbo/rpc/filter/GenericImplFilter,GenericImplFilter,dataset/projects/dubbo/dubbo-rpc/dubbo-rpc-api/src/main/java/org/apache/dubbo/rpc/filter/GenericImplFilter.java,C:/Users/ismak/Documents/GitHub/relation_test_code_smell_ML/dataset/projects/dubbo/dubbo-compatible/src/test/java/org/apache/dubbo/rpc/filter/GenericImplFilterTest.java,1,3,1,4,0,2,0,1,0,0,1,1,1,0,0,0,0,0,0,0,0,0,0,0,0,0,0,0,0,0,0,1,0,0,0
dubbo,org/apache/dubbo/rpc/filter/GenericImplFilter,GenericImplFilter,dataset/projects/dubbo/dubbo-rpc/dubbo-rpc-api/src/main/java/org/apache/dubbo/rpc/filter/GenericImplFilter.java,C:/Users/ismak/Documents/GitHub/relation_test_code_smell_ML/dataset/projects/dubbo/dubbo-rpc/dubbo-rpc-api/src/test/java/org/apache/dubbo/rpc/filter/GenericImplFilterTest.java,1,3,1,4,0,2,0,1,0,0,1,1,1,0,0,0,0,0,0,0,0,0,0,0,0,0,0,0,0,0,0,1,0,0,0
dubbo,org/apache/dubbo/rpc/filter/TimeoutFilter,TimeoutFilter,,C:/Users/ismak/Documents/GitHub/relation_test_code_smell_ML/dataset/projects/dubbo/dubbo-rpc/dubbo-rpc-api/src/test/java/org/apache/dubbo/rpc/filter/TimeoutFilterTest.java,0,0,1,4,0,0,0,0,0,0,1,1,1,0,0,0,0,0,0,0,0,0,0,0,0,0,0,0,0,0,0,1,0,0,0
dubbo,org/apache/dubbo/rpc/filter/TokenFilter,TokenFilter,,C:/Users/ismak/Documents/GitHub/relation_test_code_smell_ML/dataset/projects/dubbo/dubbo-rpc/dubbo-rpc-api/src/test/java/org/apache/dubbo/rpc/filter/TokenFilterTest.java,0,0,1,4,0,0,0,0,0,0,1,1,1,0,0,0,0,0,0,0,0,0,0,0,0,0,0,0,0,0,0,1,0,0,0
dubbo,org/apache/dubbo/rpc/filter/tps/DefaultTPSLimiter,DefaultTPSLimiter,,C:/Users/ismak/Documents/GitHub/relation_test_code_smell_ML/dataset/projects/dubbo/dubbo-rpc/dubbo-rpc-api/src/test/java/org/apache/dubbo/rpc/filter/tps/DefaultTPSLimiterTest.java,0,0,1,4,0,0,0,0,0,0,1,1,1,0,0,0,0,0,0,0,0,0,0,0,0,0,0,0,0,0,0,1,0,0,0
dubbo,org/apache/dubbo/rpc/filter/tps/StatItem,StatItem,,C:/Users/ismak/Documents/GitHub/relation_test_code_smell_ML/dataset/projects/dubbo/dubbo-rpc/dubbo-rpc-api/src/test/java/org/apache/dubbo/rpc/filter/tps/StatItemTest.java,0,0,1,4,0,0,0,0,0,0,1,1,1,0,0,0,0,0,0,0,0,0,0,0,0,0,0,0,0,0,0,1,0,0,0
dubbo,org/apache/dubbo/rpc/filter/tps/TpsLimitFilter,TpsLimitFilter,,C:/Users/ismak/Documents/GitHub/relation_test_code_smell_ML/dataset/projects/dubbo/dubbo-rpc/dubbo-rpc-api/src/test/java/org/apache/dubbo/rpc/filter/tps/TpsLimitFilterTest.java,0,0,1,4,0,0,0,0,0,0,1,1,1,0,0,0,0,0,0,0,0,0,0,0,0,0,0,0,0,0,0,1,0,0,0
dubbo,org/apache/dubbo/rpc/model/ApplicationModel,ApplicationModel,dataset/projects/dubbo/dubbo-common/src/main/java/org/apache/dubbo/rpc/model/ApplicationModel.java,C:/Users/ismak/Documents/GitHub/relation_test_code_smell_ML/dataset/projects/dubbo/dubbo-common/src/test/java/org/apache/dubbo/rpc/model/ApplicationModelTest.java,1,3,1,4,1,0,0,1,0,1,1,1,1,0,0,0,0,0,0,0,0,0,0,0,0,0,0,0,0,0,0,1,0,0,0
dubbo,org/apache/dubbo/rpc/model/FrameworkModel,FrameworkModel,dataset/projects/dubbo/dubbo-common/src/main/java/org/apache/dubbo/rpc/model/FrameworkModel.java,C:/Users/ismak/Documents/GitHub/relation_test_code_smell_ML/dataset/projects/dubbo/dubbo-common/src/test/java/org/apache/dubbo/rpc/model/FrameworkModelTest.java,1,2,1,4,0,0,0,1,0,1,1,1,1,0,0,0,0,0,0,0,0,0,0,0,0,0,0,0,0,0,0,1,0,0,0
dubbo,org/apache/dubbo/rpc/model/FrameworkServiceRepository,FrameworkServiceRepository,,C:/Users/ismak/Documents/GitHub/relation_test_code_smell_ML/dataset/projects/dubbo/dubbo-common/src/test/java/org/apache/dubbo/rpc/model/FrameworkServiceRepositoryTest.java,0,0,1,4,0,0,0,0,0,0,1,1,1,0,0,0,0,0,0,0,0,0,0,0,0,0,0,0,0,0,0,1,0,0,0
dubbo,org/apache/dubbo/rpc/model/ModuleModel,ModuleModel,,C:/Users/ismak/Documents/GitHub/relation_test_code_smell_ML/dataset/projects/dubbo/dubbo-common/src/test/java/org/apache/dubbo/rpc/model/ModuleModelTest.java,0,0,1,4,0,0,0,0,0,0,1,1,1,0,0,0,0,0,0,0,0,0,0,0,0,0,0,0,0,0,0,1,0,0,0
dubbo,org/apache/dubbo/rpc/model/ModuleServiceRepository,ModuleServiceRepository,dataset/projects/dubbo/dubbo-common/src/main/java/org/apache/dubbo/rpc/model/ModuleServiceRepository.java,C:/Users/ismak/Documents/GitHub/relation_test_code_smell_ML/dataset/projects/dubbo/dubbo-common/src/test/java/org/apache/dubbo/rpc/model/ModuleServiceRepositoryTest.java,1,1,1,4,0,0,0,0,0,1,1,1,1,0,0,0,0,0,0,0,0,0,0,0,0,0,0,0,0,0,0,1,0,0,0
dubbo,org/apache/dubbo/rpc/model/PackableMethod,PackableMethod,dataset/projects/dubbo/dubbo-common/src/main/java/org/apache/dubbo/rpc/model/PackableMethod.java,,1,1,0,0,0,0,0,0,0,1,0,0,0,0,0,0,0,0,0,0,0,0,0,0,0,0,0,0,0,0,0,0,0,0,0
dubbo,org/apache/dubbo/rpc/model/ReflectionMethodDescriptor,ReflectionMethodDescriptor,dataset/projects/dubbo/dubbo-common/src/main/java/org/apache/dubbo/rpc/model/ReflectionMethodDescriptor.java,C:/Users/ismak/Documents/GitHub/relation_test_code_smell_ML/dataset/projects/dubbo/dubbo-common/src/test/java/org/apache/dubbo/rpc/model/ReflectionMethodDescriptorTest.java,1,1,1,4,0,1,0,0,0,0,1,1,1,0,0,0,0,0,0,0,0,0,0,0,0,0,0,0,0,0,0,1,0,0,0
dubbo,org/apache/dubbo/rpc/model/ReflectionServiceDescriptor,ReflectionServiceDescriptor,,C:/Users/ismak/Documents/GitHub/relation_test_code_smell_ML/dataset/projects/dubbo/dubbo-common/src/test/java/org/apache/dubbo/rpc/model/ReflectionServiceDescriptorTest.java,0,0,1,4,0,0,0,0,0,0,1,1,1,0,0,0,0,0,0,0,0,0,0,0,0,0,0,0,0,0,0,1,0,0,0
dubbo,org/apache/dubbo/rpc/model/ScopeModel,ScopeModel,dataset/projects/dubbo/dubbo-common/src/main/java/org/apache/dubbo/rpc/model/ScopeModel.java,C:/Users/ismak/Documents/GitHub/relation_test_code_smell_ML/dataset/projects/dubbo/dubbo-common/src/test/java/org/apache/dubbo/rpc/model/ScopeModelTest.java,1,2,1,4,0,0,0,1,0,1,1,1,1,0,0,0,0,0,0,0,0,0,0,0,0,0,0,0,0,0,0,1,0,0,0
dubbo,org/apache/dubbo/rpc/model/ScopeModelAwareExtensionProcessor,ScopeModelAwareExtensionProcessor,,C:/Users/ismak/Documents/GitHub/relation_test_code_smell_ML/dataset/projects/dubbo/dubbo-common/src/test/java/org/apache/dubbo/rpc/model/ScopeModelAwareExtensionProcessorTest.java,0,0,1,4,0,0,0,0,0,0,1,1,1,0,0,0,0,0,0,0,0,0,0,0,0,0,0,0,0,0,0,1,0,0,0
dubbo,org/apache/dubbo/rpc/model/ScopeModelUtil,ScopeModelUtil,,C:/Users/ismak/Documents/GitHub/relation_test_code_smell_ML/dataset/projects/dubbo/dubbo-common/src/test/java/org/apache/dubbo/rpc/model/ScopeModelUtilTest.java,0,0,1,4,0,0,0,0,0,0,1,1,1,0,0,0,0,0,0,0,0,0,0,0,0,0,0,0,0,0,0,1,0,0,0
dubbo,org/apache/dubbo/rpc/model/ServiceRepository,ServiceRepository,,C:/Users/ismak/Documents/GitHub/relation_test_code_smell_ML/dataset/projects/dubbo/dubbo-common/src/test/java/org/apache/dubbo/rpc/model/ServiceRepositoryTest.java,0,0,1,4,0,0,0,0,0,0,1,1,1,0,0,0,0,0,0,0,0,0,0,0,0,0,0,0,0,0,0,1,0,0,0
dubbo,org/apache/dubbo/rpc/protocol/AbstractInvoker,AbstractInvoker,dataset/projects/dubbo/dubbo-rpc/dubbo-rpc-api/src/main/java/org/apache/dubbo/rpc/protocol/AbstractInvoker.java,,1,4,0,0,0,2,0,1,0,1,0,0,0,0,0,0,0,0,0,0,0,0,0,0,0,0,0,0,0,0,0,0,0,0,0
dubbo,org/apache/dubbo/rpc/protocol/AbstractProtocol,AbstractProtocol,dataset/projects/dubbo/dubbo-rpc/dubbo-rpc-api/src/main/java/org/apache/dubbo/rpc/protocol/AbstractProtocol.java,,1,1,0,0,0,1,0,0,0,0,0,0,0,0,0,0,0,0,0,0,0,0,0,0,0,0,0,0,0,0,0,0,0,0,0
dubbo,org/apache/dubbo/rpc/protocol/AbstractProxyProtocol,AbstractProxyProtocol,dataset/projects/dubbo/dubbo-rpc/dubbo-rpc-api/src/main/java/org/apache/dubbo/rpc/protocol/AbstractProxyProtocol.java,,1,1,0,0,0,1,0,0,0,0,0,0,0,0,0,0,0,0,0,0,0,0,0,0,0,0,0,0,0,0,0,0,0,0,0
dubbo,org/apache/dubbo/rpc/protocol/ProtocolListenerWrapper,ProtocolListenerWrapper,,C:/Users/ismak/Documents/GitHub/relation_test_code_smell_ML/dataset/projects/dubbo/dubbo-rpc/dubbo-rpc-api/src/test/java/org/apache/dubbo/rpc/protocol/ProtocolListenerWrapperTest.java,0,0,1,4,0,0,0,0,0,0,1,1,1,0,0,0,0,0,0,0,0,0,0,0,0,0,0,0,0,0,0,1,0,0,0
dubbo,org/apache/dubbo/rpc/protocol/dubbo/ArgumentCallback,ArgumentCallback,,C:/Users/ismak/Documents/GitHub/relation_test_code_smell_ML/dataset/projects/dubbo/dubbo-rpc/dubbo-rpc-dubbo/src/test/java/org/apache/dubbo/rpc/protocol/dubbo/ArgumentCallbackTest.java,0,0,1,4,0,0,0,0,0,0,1,1,1,0,0,0,0,0,0,0,0,0,0,0,0,0,0,0,0,0,0,1,0,0,0
dubbo,org/apache/dubbo/rpc/protocol/dubbo/CallbackServiceCodec,CallbackServiceCodec,dataset/projects/dubbo/dubbo-rpc/dubbo-rpc-dubbo/src/main/java/org/apache/dubbo/rpc/protocol/dubbo/CallbackServiceCodec.java,,1,2,0,0,0,1,0,1,0,0,0,0,0,0,0,0,0,0,0,0,0,0,0,0,0,0,0,0,0,0,0,0,0,0,0
dubbo,org/apache/dubbo/rpc/protocol/dubbo/ChannelWrappedInvoker,ChannelWrappedInvoker,dataset/projects/dubbo/dubbo-rpc/dubbo-rpc-dubbo/src/main/java/org/apache/dubbo/rpc/protocol/dubbo/ChannelWrappedInvoker.java,,1,1,0,0,0,1,0,0,0,0,0,0,0,0,0,0,0,0,0,0,0,0,0,0,0,0,0,0,0,0,0,0,0,0,0
dubbo,org/apache/dubbo/rpc/protocol/dubbo/DecodeableRpcInvocation,DecodeableRpcInvocation,dataset/projects/dubbo/dubbo-rpc/dubbo-rpc-dubbo/src/main/java/org/apache/dubbo/rpc/protocol/dubbo/DecodeableRpcInvocation.java,C:/Users/ismak/Documents/GitHub/relation_test_code_smell_ML/dataset/projects/dubbo/dubbo-rpc/dubbo-rpc-dubbo/src/test/java/org/apache/dubbo/rpc/protocol/dubbo/DecodeableRpcInvocationTest.java,1,3,1,4,0,2,0,1,0,0,1,1,1,0,0,0,0,0,0,0,0,0,0,0,0,0,0,0,0,0,0,1,0,0,0
dubbo,org/apache/dubbo/rpc/protocol/dubbo/DecodeableRpcResult,DecodeableRpcResult,dataset/projects/dubbo/dubbo-rpc/dubbo-rpc-dubbo/src/main/java/org/apache/dubbo/rpc/protocol/dubbo/DecodeableRpcResult.java,C:/Users/ismak/Documents/GitHub/relation_test_code_smell_ML/dataset/projects/dubbo/dubbo-rpc/dubbo-rpc-dubbo/src/test/java/org/apache/dubbo/rpc/protocol/dubbo/DecodeableRpcResultTest.java,1,2,1,4,0,2,0,0,0,0,1,1,1,0,0,0,0,0,0,0,0,0,0,0,0,0,0,0,0,0,0,1,0,0,0
dubbo,org/apache/dubbo/rpc/protocol/dubbo/DubboCodec,DubboCodec,dataset/projects/dubbo/dubbo-rpc/dubbo-rpc-dubbo/src/main/java/org/apache/dubbo/rpc/protocol/dubbo/DubboCodec.java,,1,1,0,0,0,1,0,0,0,0,0,0,0,0,0,0,0,0,0,0,0,0,0,0,0,0,0,0,0,0,0,0,0,0,0
dubbo,org/apache/dubbo/rpc/protocol/dubbo/DubboCountCodec,DubboCountCodec,,C:/Users/ismak/Documents/GitHub/relation_test_code_smell_ML/dataset/projects/dubbo/dubbo-rpc/dubbo-rpc-dubbo/src/test/java/org/apache/dubbo/rpc/protocol/dubbo/DubboCountCodecTest.java,0,0,1,4,0,0,0,0,0,0,1,1,1,0,0,0,0,0,0,0,0,0,0,0,0,0,0,0,0,0,0,1,0,0,0
dubbo,org/apache/dubbo/rpc/protocol/dubbo/DubboGracefulShutdown,DubboGracefulShutdown,,C:/Users/ismak/Documents/GitHub/relation_test_code_smell_ML/dataset/projects/dubbo/dubbo-rpc/dubbo-rpc-dubbo/src/test/java/org/apache/dubbo/rpc/protocol/dubbo/DubboGracefulShutdownTest.java,0,0,1,4,0,0,0,0,0,0,1,1,1,0,0,0,0,0,0,0,0,0,0,0,0,0,0,0,0,0,0,1,0,0,0
dubbo,org/apache/dubbo/rpc/protocol/dubbo/DubboInvoker,DubboInvoker,dataset/projects/dubbo/dubbo-rpc/dubbo-rpc-dubbo/src/main/java/org/apache/dubbo/rpc/protocol/dubbo/DubboInvoker.java,,1,1,0,0,0,1,0,0,0,0,0,0,0,0,0,0,0,0,0,0,0,0,0,0,0,0,0,0,0,0,0,0,0,0,0
dubbo,org/apache/dubbo/rpc/protocol/dubbo/DubboInvokerAvailable,DubboInvokerAvailable,,C:/Users/ismak/Documents/GitHub/relation_test_code_smell_ML/dataset/projects/dubbo/dubbo-rpc/dubbo-rpc-dubbo/src/test/java/org/apache/dubbo/rpc/protocol/dubbo/DubboInvokerAvailableTest.java,0,0,1,6,0,0,0,0,0,0,1,1,1,0,1,0,0,0,0,1,0,0,0,0,0,0,0,0,0,0,0,1,0,0,0
dubbo,org/apache/dubbo/rpc/protocol/dubbo/DubboLazyConnect,DubboLazyConnect,,C:/Users/ismak/Documents/GitHub/relation_test_code_smell_ML/dataset/projects/dubbo/dubbo-rpc/dubbo-rpc-dubbo/src/test/java/org/apache/dubbo/rpc/protocol/dubbo/DubboLazyConnectTest.java,0,0,1,4,0,0,0,0,0,0,1,1,1,0,0,0,0,0,0,0,0,0,0,0,0,0,0,0,0,0,0,1,0,0,0
dubbo,org/apache/dubbo/rpc/protocol/dubbo/DubboProtocol,DubboProtocol,dataset/projects/dubbo/dubbo-rpc/dubbo-rpc-dubbo/src/main/java/org/apache/dubbo/rpc/protocol/dubbo/DubboProtocol.java,C:/Users/ismak/Documents/GitHub/relation_test_code_smell_ML/dataset/projects/dubbo/dubbo-rpc/dubbo-rpc-dubbo/src/test/java/org/apache/dubbo/rpc/protocol/dubbo/DubboProtocolTest.java,1,4,1,6,1,1,0,1,0,1,1,1,1,0,1,0,0,0,0,1,0,0,0,0,0,0,0,0,0,0,0,1,0,0,0
dubbo,org/apache/dubbo/rpc/protocol/dubbo/FutureFilter,FutureFilter,,C:/Users/ismak/Documents/GitHub/relation_test_code_smell_ML/dataset/projects/dubbo/dubbo-rpc/dubbo-rpc-api/src/test/java/org/apache/dubbo/rpc/protocol/dubbo/FutureFilterTest.java,0,0,1,4,0,0,0,0,0,0,1,1,1,0,0,0,0,0,0,0,0,0,0,0,0,0,0,0,0,0,0,1,0,0,0
dubbo,org/apache/dubbo/rpc/protocol/dubbo/LazyConnectExchangeClient,LazyConnectExchangeClient,dataset/projects/dubbo/dubbo-rpc/dubbo-rpc-dubbo/src/main/java/org/apache/dubbo/rpc/protocol/dubbo/LazyConnectExchangeClient.java,,1,1,0,0,0,0,0,0,0,1,0,0,0,0,0,0,0,0,0,0,0,0,0,0,0,0,0,0,0,0,0,0,0,0,0
dubbo,org/apache/dubbo/rpc/protocol/dubbo/MultiThread,MultiThread,,C:/Users/ismak/Documents/GitHub/relation_test_code_smell_ML/dataset/projects/dubbo/dubbo-rpc/dubbo-rpc-dubbo/src/test/java/org/apache/dubbo/rpc/protocol/dubbo/MultiThreadTest.java,0,0,1,4,0,0,0,0,0,0,1,1,1,0,0,0,0,0,0,0,0,0,0,0,0,0,0,0,0,0,0,1,0,0,0
dubbo,org/apache/dubbo/rpc/protocol/dubbo/ReferenceCountExchangeClient,ReferenceCountExchangeClient,dataset/projects/dubbo/dubbo-rpc/dubbo-rpc-dubbo/src/main/java/org/apache/dubbo/rpc/protocol/dubbo/ReferenceCountExchangeClient.java,C:/Users/ismak/Documents/GitHub/relation_test_code_smell_ML/dataset/projects/dubbo/dubbo-rpc/dubbo-rpc-dubbo/src/test/java/org/apache/dubbo/rpc/protocol/dubbo/ReferenceCountExchangeClientTest.java,1,1,1,4,0,0,0,0,0,1,1,1,1,0,0,0,0,0,0,0,0,0,0,0,0,0,0,0,0,0,0,1,0,0,0
dubbo,org/apache/dubbo/rpc/protocol/dubbo/RpcFilter,RpcFilter,,C:/Users/ismak/Documents/GitHub/relation_test_code_smell_ML/dataset/projects/dubbo/dubbo-rpc/dubbo-rpc-dubbo/src/test/java/org/apache/dubbo/rpc/protocol/dubbo/RpcFilterTest.java,0,0,1,4,0,0,0,0,0,0,1,1,1,0,0,0,0,0,0,0,0,0,0,0,0,0,0,0,0,0,0,1,0,0,0
dubbo,org/apache/dubbo/rpc/protocol/dubbo/decode/DubboTelnetDecode,DubboTelnetDecode,,C:/Users/ismak/Documents/GitHub/relation_test_code_smell_ML/dataset/projects/dubbo/dubbo-rpc/dubbo-rpc-dubbo/src/test/java/org/apache/dubbo/rpc/protocol/dubbo/decode/DubboTelnetDecodeTest.java,0,0,1,4,0,0,0,0,0,0,1,1,1,0,0,0,0,0,0,0,0,0,0,0,0,0,0,0,0,0,0,1,0,0,0
dubbo,org/apache/dubbo/rpc/protocol/dubbo/decode/telnet/TelnetHandler,TelnetHandler,,C:/Users/ismak/Documents/GitHub/relation_test_code_smell_ML/dataset/projects/dubbo/dubbo-rpc/dubbo-rpc-dubbo/src/test/java/org/apache/dubbo/rpc/protocol/dubbo/decode/telnet/TestTelnetHandler.java,0,0,1,3,0,0,0,0,0,0,1,1,1,0,0,0,0,0,0,0,0,0,0,0,0,0,0,0,0,0,0,0,0,0,0
dubbo,org/apache/dubbo/rpc/protocol/dubbo/filter/FutureFilter,FutureFilter,dataset/projects/dubbo/dubbo-rpc/dubbo-rpc-api/src/main/java/org/apache/dubbo/rpc/protocol/dubbo/filter/FutureFilter.java,,1,3,0,0,0,3,0,0,0,0,0,0,0,0,0,0,0,0,0,0,0,0,0,0,0,0,0,0,0,0,0,0,0,0,0
dubbo,org/apache/dubbo/rpc/protocol/dubbo/filter/TraceFilter,TraceFilter,dataset/projects/dubbo/dubbo-rpc/dubbo-rpc-dubbo/src/main/java/org/apache/dubbo/rpc/protocol/dubbo/filter/TraceFilter.java,C:/Users/ismak/Documents/GitHub/relation_test_code_smell_ML/dataset/projects/dubbo/dubbo-rpc/dubbo-rpc-dubbo/src/test/java/org/apache/dubbo/rpc/protocol/dubbo/filter/TraceFilterTest.java,1,1,1,4,0,1,0,0,0,0,1,1,1,0,0,0,0,0,0,0,0,0,0,0,0,0,0,0,0,0,0,1,0,0,0
dubbo,org/apache/dubbo/rpc/protocol/dubbo/managemode/ChannelHandlers,ChannelHandlers,,C:/Users/ismak/Documents/GitHub/relation_test_code_smell_ML/dataset/projects/dubbo/dubbo-rpc/dubbo-rpc-dubbo/src/test/java/org/apache/dubbo/rpc/protocol/dubbo/managemode/ChannelHandlersTest.java,0,0,1,4,0,0,0,0,0,0,1,1,1,0,0,0,0,0,0,0,0,0,0,0,0,0,0,0,0,0,0,1,0,0,0
dubbo,org/apache/dubbo/rpc/protocol/dubbo/managemode/ConnectChannelHandler,ConnectChannelHandler,,C:/Users/ismak/Documents/GitHub/relation_test_code_smell_ML/dataset/projects/dubbo/dubbo-rpc/dubbo-rpc-dubbo/src/test/java/org/apache/dubbo/rpc/protocol/dubbo/managemode/ConnectChannelHandlerTest.java,0,0,1,6,0,0,0,0,0,0,1,1,1,0,0,0,0,0,0,1,0,0,0,0,0,0,0,0,0,0,1,1,0,0,0
dubbo,org/apache/dubbo/rpc/protocol/dubbo/managemode/WrappedChannelHandler,WrappedChannelHandler,,C:/Users/ismak/Documents/GitHub/relation_test_code_smell_ML/dataset/projects/dubbo/dubbo-rpc/dubbo-rpc-dubbo/src/test/java/org/apache/dubbo/rpc/protocol/dubbo/managemode/WrappedChannelHandlerTest.java,0,0,1,4,0,0,0,0,0,0,1,1,1,0,0,0,0,0,0,0,0,0,0,0,0,0,0,0,0,0,0,1,0,0,0
dubbo,org/apache/dubbo/rpc/protocol/dubbo/pu/DubboDetector,DubboDetector,,C:/Users/ismak/Documents/GitHub/relation_test_code_smell_ML/dataset/projects/dubbo/dubbo-rpc/dubbo-rpc-dubbo/src/test/java/org/apache/dubbo/rpc/protocol/dubbo/pu/DubboDetectorTest.java,0,0,1,4,0,0,0,0,0,0,1,1,1,0,0,0,0,0,0,0,0,0,0,0,0,0,0,0,0,0,0,1,0,0,0
dubbo,org/apache/dubbo/rpc/protocol/dubbo/pu/DubboWireProtocol,DubboWireProtocol,,C:/Users/ismak/Documents/GitHub/relation_test_code_smell_ML/dataset/projects/dubbo/dubbo-rpc/dubbo-rpc-dubbo/src/test/java/org/apache/dubbo/rpc/protocol/dubbo/pu/DubboWireProtocolTest.java,0,0,1,4,0,0,0,0,0,0,1,1,1,0,0,0,0,0,0,0,0,0,0,0,0,0,0,0,0,0,0,1,0,0,0
dubbo,org/apache/dubbo/rpc/protocol/dubbo/status/ServerStatusChecker,ServerStatusChecker,,C:/Users/ismak/Documents/GitHub/relation_test_code_smell_ML/dataset/projects/dubbo/dubbo-rpc/dubbo-rpc-dubbo/src/test/java/org/apache/dubbo/rpc/protocol/dubbo/status/ServerStatusCheckerTest.java,0,0,1,4,0,0,0,0,0,0,1,1,1,0,0,0,0,0,0,0,0,0,0,0,0,0,0,0,0,0,0,1,0,0,0
dubbo,org/apache/dubbo/rpc/protocol/dubbo/status/ThreadPoolStatusChecker,ThreadPoolStatusChecker,,C:/Users/ismak/Documents/GitHub/relation_test_code_smell_ML/dataset/projects/dubbo/dubbo-rpc/dubbo-rpc-dubbo/src/test/java/org/apache/dubbo/rpc/protocol/dubbo/status/ThreadPoolStatusCheckerTest.java,0,0,1,4,0,0,0,0,0,0,1,1,1,0,0,0,0,0,0,0,0,0,0,0,0,0,0,0,0,0,0,1,0,0,0
dubbo,org/apache/dubbo/rpc/protocol/injvm/InjvmClassLoader,InjvmClassLoader,,C:/Users/ismak/Documents/GitHub/relation_test_code_smell_ML/dataset/projects/dubbo/dubbo-rpc/dubbo-rpc-injvm/src/test/java/org/apache/dubbo/rpc/protocol/injvm/InjvmClassLoaderTest.java,0,0,1,4,0,0,0,0,0,0,1,1,1,0,0,0,0,0,0,0,0,0,0,0,0,0,0,0,0,0,0,1,0,0,0
dubbo,org/apache/dubbo/rpc/protocol/injvm/InjvmDeepCopy,InjvmDeepCopy,,C:/Users/ismak/Documents/GitHub/relation_test_code_smell_ML/dataset/projects/dubbo/dubbo-rpc/dubbo-rpc-injvm/src/test/java/org/apache/dubbo/rpc/protocol/injvm/InjvmDeepCopyTest.java,0,0,1,4,0,0,0,0,0,0,1,1,1,0,0,0,0,0,0,0,0,0,0,0,0,0,0,0,0,0,0,1,0,0,0
dubbo,org/apache/dubbo/rpc/protocol/injvm/InjvmInvoker,InjvmInvoker,dataset/projects/dubbo/dubbo-rpc/dubbo-rpc-injvm/src/main/java/org/apache/dubbo/rpc/protocol/injvm/InjvmInvoker.java,,1,2,0,0,0,2,0,0,0,0,0,0,0,0,0,0,0,0,0,0,0,0,0,0,0,0,0,0,0,0,0,0,0,0,0
dubbo,org/apache/dubbo/rpc/protocol/injvm/InjvmProtocol,InjvmProtocol,,C:/Users/ismak/Documents/GitHub/relation_test_code_smell_ML/dataset/projects/dubbo/dubbo-rpc/dubbo-rpc-injvm/src/test/java/org/apache/dubbo/rpc/protocol/injvm/InjvmProtocolTest.java,0,0,1,4,0,0,0,0,0,0,1,1,1,0,0,0,0,0,0,0,0,0,0,0,0,0,0,0,0,0,0,1,0,0,0
dubbo,org/apache/dubbo/rpc/protocol/injvm/Protocol,Protocol,,C:/Users/ismak/Documents/GitHub/relation_test_code_smell_ML/dataset/projects/dubbo/dubbo-rpc/dubbo-rpc-injvm/src/test/java/org/apache/dubbo/rpc/protocol/injvm/ProtocolTest.java,0,0,1,4,0,0,0,0,0,0,1,1,1,0,0,0,0,0,0,0,0,0,0,0,0,0,0,0,0,0,0,1,0,0,0
dubbo,org/apache/dubbo/rpc/protocol/tri/CancelableStreamObserver,CancelableStreamObserver,,C:/Users/ismak/Documents/GitHub/relation_test_code_smell_ML/dataset/projects/dubbo/dubbo-rpc/dubbo-rpc-triple/src/test/java/org/apache/dubbo/rpc/protocol/tri/CancelableStreamObserverTest.java,0,0,1,3,0,0,0,0,0,0,1,1,1,0,0,0,0,0,0,0,0,0,0,0,0,0,0,0,0,0,0,0,0,0,0
dubbo,org/apache/dubbo/rpc/protocol/tri/ClassLoadUtil,ClassLoadUtil,,C:/Users/ismak/Documents/GitHub/relation_test_code_smell_ML/dataset/projects/dubbo/dubbo-rpc/dubbo-rpc-triple/src/test/java/org/apache/dubbo/rpc/protocol/tri/ClassLoadUtilTest.java,0,0,1,3,0,0,0,0,0,0,1,1,1,0,0,0,0,0,0,0,0,0,0,0,0,0,0,0,0,0,0,0,0,0,0
dubbo,org/apache/dubbo/rpc/protocol/tri/DeadlineFuture,DeadlineFuture,,C:/Users/ismak/Documents/GitHub/relation_test_code_smell_ML/dataset/projects/dubbo/dubbo-rpc/dubbo-rpc-triple/src/test/java/org/apache/dubbo/rpc/protocol/tri/DeadlineFutureTest.java,0,0,1,4,0,0,0,0,0,0,1,1,1,0,0,0,0,0,0,0,0,0,0,0,0,0,0,0,0,0,0,1,0,0,0
dubbo,org/apache/dubbo/rpc/protocol/tri/ExceptionUtils,ExceptionUtils,,C:/Users/ismak/Documents/GitHub/relation_test_code_smell_ML/dataset/projects/dubbo/dubbo-rpc/dubbo-rpc-triple/src/test/java/org/apache/dubbo/rpc/protocol/tri/ExceptionUtilsTest.java,0,0,1,4,0,0,0,0,0,0,1,1,1,0,0,0,0,0,0,0,0,0,0,0,0,0,0,0,0,0,0,1,0,0,0
dubbo,org/apache/dubbo/rpc/protocol/tri/Http2ProtocolDetector,Http2ProtocolDetector,,C:/Users/ismak/Documents/GitHub/relation_test_code_smell_ML/dataset/projects/dubbo/dubbo-rpc/dubbo-rpc-triple/src/test/java/org/apache/dubbo/rpc/protocol/tri/Http2ProtocolDetectorTest.java,0,0,1,4,0,0,0,0,0,0,1,1,1,0,0,0,0,0,0,0,0,0,0,0,0,0,0,0,0,0,0,1,0,0,0
dubbo,org/apache/dubbo/rpc/protocol/tri/PbUnpack,PbUnpack,,C:/Users/ismak/Documents/GitHub/relation_test_code_smell_ML/dataset/projects/dubbo/dubbo-rpc/dubbo-rpc-triple/src/test/java/org/apache/dubbo/rpc/protocol/tri/PbUnpackTest.java,0,0,1,3,0,0,0,0,0,0,1,1,1,0,0,0,0,0,0,0,0,0,0,0,0,0,0,0,0,0,0,0,0,0,0
dubbo,org/apache/dubbo/rpc/protocol/tri/ReflectionPackableMethod,ReflectionPackableMethod,dataset/projects/dubbo/dubbo-rpc/dubbo-rpc-triple/src/main/java/org/apache/dubbo/rpc/protocol/tri/ReflectionPackableMethod.java,C:/Users/ismak/Documents/GitHub/relation_test_code_smell_ML/dataset/projects/dubbo/dubbo-rpc/dubbo-rpc-triple/src/test/java/org/apache/dubbo/rpc/protocol/tri/ReflectionPackableMethodTest.java,1,2,1,4,0,1,0,1,0,0,1,1,1,0,0,0,0,0,0,0,0,0,0,0,0,0,0,0,0,0,0,1,0,0,0
dubbo,org/apache/dubbo/rpc/protocol/tri/SingleProtobufUtils,SingleProtobufUtils,,C:/Users/ismak/Documents/GitHub/relation_test_code_smell_ML/dataset/projects/dubbo/dubbo-rpc/dubbo-rpc-triple/src/test/java/org/apache/dubbo/rpc/protocol/tri/SingleProtobufUtilsTest.java,0,0,1,4,0,0,0,0,0,0,1,1,1,0,0,0,0,0,0,0,0,0,0,0,0,0,0,0,0,0,0,1,0,0,0
dubbo,org/apache/dubbo/rpc/protocol/tri/TripleCustomerProtocolWrapper,TripleCustomerProtocolWrapper,dataset/projects/dubbo/dubbo-rpc/dubbo-rpc-triple/src/main/java/org/apache/dubbo/rpc/protocol/tri/TripleCustomerProtocolWrapper.java,C:/Users/ismak/Documents/GitHub/relation_test_code_smell_ML/dataset/projects/dubbo/dubbo-rpc/dubbo-rpc-triple/src/test/java/org/apache/dubbo/rpc/protocol/tri/TripleCustomerProtocolWrapperTest.java,1,2,1,4,0,2,0,0,0,0,1,1,1,0,0,0,0,0,0,0,0,0,0,0,0,0,0,0,0,0,0,1,0,0,0
dubbo,org/apache/dubbo/rpc/protocol/tri/TripleGracefulShutdown,TripleGracefulShutdown,,C:/Users/ismak/Documents/GitHub/relation_test_code_smell_ML/dataset/projects/dubbo/dubbo-rpc/dubbo-rpc-triple/src/test/java/org/apache/dubbo/rpc/protocol/tri/TripleGracefulShutdownTest.java,0,0,1,4,0,0,0,0,0,0,1,1,1,0,0,0,0,0,0,0,0,0,0,0,0,0,0,0,0,0,0,1,0,0,0
dubbo,org/apache/dubbo/rpc/protocol/tri/TripleHttp3Protocol,TripleHttp3Protocol,,C:/Users/ismak/Documents/GitHub/relation_test_code_smell_ML/dataset/projects/dubbo/dubbo-rpc/dubbo-rpc-triple/src/test/java/org/apache/dubbo/rpc/protocol/tri/TripleHttp3ProtocolTest.java,0,0,1,4,0,0,0,0,0,0,1,1,1,0,0,0,0,0,0,0,0,0,0,0,0,0,0,0,0,0,0,1,0,0,0
dubbo,org/apache/dubbo/rpc/protocol/tri/TripleInvoker,TripleInvoker,dataset/projects/dubbo/dubbo-rpc/dubbo-rpc-triple/src/main/java/org/apache/dubbo/rpc/protocol/tri/TripleInvoker.java,C:/Users/ismak/Documents/GitHub/relation_test_code_smell_ML/dataset/projects/dubbo/dubbo-rpc/dubbo-rpc-triple/src/test/java/org/apache/dubbo/rpc/protocol/tri/TripleInvokerTest.java,1,4,1,4,1,1,0,1,0,1,1,1,1,0,0,0,0,0,0,0,0,0,0,0,0,0,0,0,0,0,0,1,0,0,0
dubbo,org/apache/dubbo/rpc/protocol/tri/TriplePathResolver,TriplePathResolver,,C:/Users/ismak/Documents/GitHub/relation_test_code_smell_ML/dataset/projects/dubbo/dubbo-rpc/dubbo-rpc-triple/src/test/java/org/apache/dubbo/rpc/protocol/tri/TriplePathResolverTest.java,0,0,1,4,0,0,0,0,0,0,1,1,1,0,0,0,0,0,0,0,0,0,0,0,0,0,0,0,0,0,0,1,0,0,0
dubbo,org/apache/dubbo/rpc/protocol/tri/TripleProtocol,TripleProtocol,,C:/Users/ismak/Documents/GitHub/relation_test_code_smell_ML/dataset/projects/dubbo/dubbo-rpc/dubbo-rpc-triple/src/test/java/org/apache/dubbo/rpc/protocol/tri/TripleProtocolTest.java,0,0,1,4,0,0,0,0,0,0,1,1,1,0,0,0,0,0,0,0,0,0,0,0,0,0,0,0,0,0,0,1,0,0,0
dubbo,org/apache/dubbo/rpc/protocol/tri/call/Backpressure,Backpressure,,C:/Users/ismak/Documents/GitHub/relation_test_code_smell_ML/dataset/projects/dubbo/dubbo-rpc/dubbo-rpc-triple/src/test/java/org/apache/dubbo/rpc/protocol/tri/call/BackpressureTest.java,0,0,1,4,0,0,0,0,0,0,1,1,1,0,0,0,0,0,0,0,0,0,0,0,0,0,0,0,0,0,0,1,0,0,0
dubbo,org/apache/dubbo/rpc/protocol/tri/call/ClientCall,ClientCall,,C:/Users/ismak/Documents/GitHub/relation_test_code_smell_ML/dataset/projects/dubbo/dubbo-rpc/dubbo-rpc-triple/src/test/java/org/apache/dubbo/rpc/protocol/tri/call/ClientCallTest.java,0,0,1,3,0,0,0,0,0,0,1,1,1,0,0,0,0,0,0,0,0,0,0,0,0,0,0,0,0,0,0,0,0,0,0
dubbo,org/apache/dubbo/rpc/protocol/tri/call/TripleClientCall,TripleClientCall,dataset/projects/dubbo/dubbo-rpc/dubbo-rpc-triple/src/main/java/org/apache/dubbo/rpc/protocol/tri/call/TripleClientCall.java,,1,1,0,0,0,0,0,0,0,1,0,0,0,0,0,0,0,0,0,0,0,0,0,0,0,0,0,0,0,0,0,0,0,0,0
dubbo,org/apache/dubbo/rpc/protocol/tri/compressor/Bzip2,Bzip2,,C:/Users/ismak/Documents/GitHub/relation_test_code_smell_ML/dataset/projects/dubbo/dubbo-rpc/dubbo-rpc-triple/src/test/java/org/apache/dubbo/rpc/protocol/tri/compressor/Bzip2Test.java,0,0,1,3,0,0,0,0,0,0,1,1,1,0,0,0,0,0,0,0,0,0,0,0,0,0,0,0,0,0,0,0,0,0,0
dubbo,org/apache/dubbo/rpc/protocol/tri/compressor/Gzip,Gzip,,C:/Users/ismak/Documents/GitHub/relation_test_code_smell_ML/dataset/projects/dubbo/dubbo-rpc/dubbo-rpc-triple/src/test/java/org/apache/dubbo/rpc/protocol/tri/compressor/GzipTest.java,0,0,1,3,0,0,0,0,0,0,1,1,1,0,0,0,0,0,0,0,0,0,0,0,0,0,0,0,0,0,0,0,0,0,0
dubbo,org/apache/dubbo/rpc/protocol/tri/compressor/Identity,Identity,,C:/Users/ismak/Documents/GitHub/relation_test_code_smell_ML/dataset/projects/dubbo/dubbo-rpc/dubbo-rpc-triple/src/test/java/org/apache/dubbo/rpc/protocol/tri/compressor/IdentityTest.java,0,0,1,3,0,0,0,0,0,0,1,1,1,0,0,0,0,0,0,0,0,0,0,0,0,0,0,0,0,0,0,0,0,0,0
dubbo,org/apache/dubbo/rpc/protocol/tri/compressor/Snappy,Snappy,,C:/Users/ismak/Documents/GitHub/relation_test_code_smell_ML/dataset/projects/dubbo/dubbo-rpc/dubbo-rpc-triple/src/test/java/org/apache/dubbo/rpc/protocol/tri/compressor/SnappyTest.java,0,0,1,3,0,0,0,0,0,0,1,1,1,0,0,0,0,0,0,0,0,0,0,0,0,0,0,0,0,0,0,0,0,0,0
dubbo,org/apache/dubbo/rpc/protocol/tri/h12/AbstractServerTransportListener,AbstractServerTransportListener,dataset/projects/dubbo/dubbo-rpc/dubbo-rpc-triple/src/main/java/org/apache/dubbo/rpc/protocol/tri/h12/AbstractServerTransportListener.java,,1,1,0,0,0,0,0,0,0,1,0,0,0,0,0,0,0,0,0,0,0,0,0,0,0,0,0,0,0,0,0,0,0,0,0
dubbo,org/apache/dubbo/rpc/protocol/tri/h12/grpc/GrpcHttp2ServerTransportListener,GrpcHttp2ServerTransportListener,dataset/projects/dubbo/dubbo-rpc/dubbo-rpc-triple/src/main/java/org/apache/dubbo/rpc/protocol/tri/h12/grpc/GrpcHttp2ServerTransportListener.java,,1,1,0,0,0,0,0,0,0,1,0,0,0,0,0,0,0,0,0,0,0,0,0,0,0,0,0,0,0,0,0,0,0,0,0
dubbo,org/apache/dubbo/rpc/protocol/tri/h12/http2/GenericHttp2ServerTransportListener,GenericHttp2ServerTransportListener,dataset/projects/dubbo/dubbo-rpc/dubbo-rpc-triple/src/main/java/org/apache/dubbo/rpc/protocol/tri/h12/http2/GenericHttp2ServerTransportListener.java,,1,1,0,0,0,0,0,0,0,1,0,0,0,0,0,0,0,0,0,0,0,0,0,0,0,0,0,0,0,0,0,0,0,0,0
dubbo,org/apache/dubbo/rpc/protocol/tri/h3/Http3ClientFrameCodec,Http3ClientFrameCodec,dataset/projects/dubbo/dubbo-rpc/dubbo-rpc-triple/src/main/java/org/apache/dubbo/rpc/protocol/tri/h3/Http3ClientFrameCodec.java,,1,1,0,0,0,1,0,0,0,0,0,0,0,0,0,0,0,0,0,0,0,0,0,0,0,0,0,0,0,0,0,0,0,0,0
dubbo,org/apache/dubbo/rpc/protocol/tri/h3/negotiation/AutoSwitchConnectionClient,AutoSwitchConnectionClient,dataset/projects/dubbo/dubbo-rpc/dubbo-rpc-triple/src/main/java/org/apache/dubbo/rpc/protocol/tri/h3/negotiation/AutoSwitchConnectionClient.java,,1,2,0,0,0,0,0,1,0,1,0,0,0,0,0,0,0,0,0,0,0,0,0,0,0,0,0,0,0,0,0,0,0,0,0
dubbo,org/apache/dubbo/rpc/protocol/tri/rest/GeneralTypeConverter,GeneralTypeConverter,,C:/Users/ismak/Documents/GitHub/relation_test_code_smell_ML/dataset/projects/dubbo/dubbo-rpc/dubbo-rpc-triple/src/test/java/org/apache/dubbo/rpc/protocol/tri/rest/GeneralTypeConverterTest.java,0,0,1,3,0,0,0,0,0,0,1,1,1,0,0,0,0,0,0,0,0,0,0,0,0,0,0,0,0,0,0,0,0,0,0
dubbo,org/apache/dubbo/rpc/protocol/tri/rest/RestHttpMessageCodec,RestHttpMessageCodec,dataset/projects/dubbo/dubbo-rpc/dubbo-rpc-triple/src/main/java/org/apache/dubbo/rpc/protocol/tri/rest/RestHttpMessageCodec.java,,1,1,0,0,0,1,0,0,0,0,0,0,0,0,0,0,0,0,0,0,0,0,0,0,0,0,0,0,0,0,0,0,0,0,0
dubbo,org/apache/dubbo/rpc/protocol/tri/rest/argument/GeneralTypeConverter,GeneralTypeConverter,dataset/projects/dubbo/dubbo-rpc/dubbo-rpc-triple/src/main/java/org/apache/dubbo/rpc/protocol/tri/rest/argument/GeneralTypeConverter.java,,1,13,0,0,1,10,0,1,0,1,0,0,0,0,0,0,0,0,0,0,0,0,0,0,0,0,0,0,0,0,0,0,0,0,0
dubbo,org/apache/dubbo/rpc/protocol/tri/rest/cors/CorsHeaderFilter,CorsHeaderFilter,dataset/projects/dubbo/dubbo-rpc/dubbo-rpc-triple/src/main/java/org/apache/dubbo/rpc/protocol/tri/rest/cors/CorsHeaderFilter.java,C:/Users/ismak/Documents/GitHub/relation_test_code_smell_ML/dataset/projects/dubbo/dubbo-rpc/dubbo-rpc-triple/src/test/java/org/apache/dubbo/rpc/protocol/tri/rest/cors/CorsHeaderFilterTest.java,1,3,1,3,0,2,0,1,0,0,1,1,1,0,0,0,0,0,0,0,0,0,0,0,0,0,0,0,0,0,0,0,0,0,0
dubbo,org/apache/dubbo/rpc/protocol/tri/rest/filter/RestExtensionExecutionFilter,RestExtensionExecutionFilter,dataset/projects/dubbo/dubbo-rpc/dubbo-rpc-triple/src/main/java/org/apache/dubbo/rpc/protocol/tri/rest/filter/RestExtensionExecutionFilter.java,,1,2,0,0,1,1,0,0,0,0,0,0,0,0,0,0,0,0,0,0,0,0,0,0,0,0,0,0,0,0,0,0,0,0,0
dubbo,org/apache/dubbo/rpc/protocol/tri/rest/filter/RestFilter,RestFilter,,C:/Users/ismak/Documents/GitHub/relation_test_code_smell_ML/dataset/projects/dubbo/dubbo-rpc/dubbo-rpc-triple/src/test/java/org/apache/dubbo/rpc/protocol/tri/rest/filter/TestRestFilter.java,0,0,1,4,0,0,0,0,0,0,1,1,1,0,0,0,1,0,0,0,0,0,0,0,0,0,0,0,0,0,0,0,0,0,0
dubbo,org/apache/dubbo/rpc/protocol/tri/rest/filter/RestFilterFactory,RestFilterFactory,,C:/Users/ismak/Documents/GitHub/relation_test_code_smell_ML/dataset/projects/dubbo/dubbo-rpc/dubbo-rpc-triple/src/test/java/org/apache/dubbo/rpc/protocol/tri/rest/filter/TestRestFilterFactory.java,0,0,1,3,0,0,0,0,0,0,1,1,1,0,0,0,0,0,0,0,0,0,0,0,0,0,0,0,0,0,0,0,0,0,0
dubbo,org/apache/dubbo/rpc/protocol/tri/rest/mapping/ContentNegotiator,ContentNegotiator,dataset/projects/dubbo/dubbo-rpc/dubbo-rpc-triple/src/main/java/org/apache/dubbo/rpc/protocol/tri/rest/mapping/ContentNegotiator.java,,1,2,0,0,0,2,0,0,0,0,0,0,0,0,0,0,0,0,0,0,0,0,0,0,0,0,0,0,0,0,0,0,0,0,0
dubbo,org/apache/dubbo/rpc/protocol/tri/rest/mapping/DefaultRequestMappingRegistry,DefaultRequestMappingRegistry,dataset/projects/dubbo/dubbo-rpc/dubbo-rpc-triple/src/main/java/org/apache/dubbo/rpc/protocol/tri/rest/mapping/DefaultRequestMappingRegistry.java,,1,5,0,0,1,3,0,0,0,1,0,0,0,0,0,0,0,0,0,0,0,0,0,0,0,0,0,0,0,0,0,0,0,0,0
dubbo,org/apache/dubbo/rpc/protocol/tri/rest/mapping/RadixTree,RadixTree,dataset/projects/dubbo/dubbo-rpc/dubbo-rpc-triple/src/main/java/org/apache/dubbo/rpc/protocol/tri/rest/mapping/RadixTree.java,,1,4,0,0,1,1,0,1,0,1,0,0,0,0,0,0,0,0,0,0,0,0,0,0,0,0,0,0,0,0,0,0,0,0,0
dubbo,org/apache/dubbo/rpc/protocol/tri/rest/mapping/RequestMapping,RequestMapping,dataset/projects/dubbo/dubbo-rpc/dubbo-rpc-triple/src/main/java/org/apache/dubbo/rpc/protocol/tri/rest/mapping/RequestMapping.java,,1,7,0,0,0,5,0,0,0,2,0,0,0,0,0,0,0,0,0,0,0,0,0,0,0,0,0,0,0,0,0,0,0,0,0
dubbo,org/apache/dubbo/rpc/protocol/tri/rest/mapping/RequestMappingRegister,RequestMappingRegister,,C:/Users/ismak/Documents/GitHub/relation_test_code_smell_ML/dataset/projects/dubbo/dubbo-rpc/dubbo-rpc-triple/src/test/java/org/apache/dubbo/rpc/protocol/tri/rest/mapping/RequestMappingRegisterTest.java,0,0,1,3,0,0,0,0,0,0,1,1,1,0,0,0,0,0,0,0,0,0,0,0,0,0,0,0,0,0,0,0,0,0,0
dubbo,org/apache/dubbo/rpc/protocol/tri/rest/mapping/RestRequestHandlerMapping,RestRequestHandlerMapping,dataset/projects/dubbo/dubbo-rpc/dubbo-rpc-triple/src/main/java/org/apache/dubbo/rpc/protocol/tri/rest/mapping/RestRequestHandlerMapping.java,,1,1,0,0,0,1,0,0,0,0,0,0,0,0,0,0,0,0,0,0,0,0,0,0,0,0,0,0,0,0,0,0,0,0,0
dubbo,org/apache/dubbo/rpc/protocol/tri/rest/mapping/condition/ConsumesCondition,ConsumesCondition,dataset/projects/dubbo/dubbo-rpc/dubbo-rpc-triple/src/main/java/org/apache/dubbo/rpc/protocol/tri/rest/mapping/condition/ConsumesCondition.java,,1,1,0,0,0,1,0,0,0,0,0,0,0,0,0,0,0,0,0,0,0,0,0,0,0,0,0,0,0,0,0,0,0,0,0
dubbo,org/apache/dubbo/rpc/protocol/tri/rest/mapping/condition/MediaTypeExpression,MediaTypeExpression,dataset/projects/dubbo/dubbo-rpc/dubbo-rpc-triple/src/main/java/org/apache/dubbo/rpc/protocol/tri/rest/mapping/condition/MediaTypeExpression.java,,1,2,0,0,0,1,0,0,0,1,0,0,0,0,0,0,0,0,0,0,0,0,0,0,0,0,0,0,0,0,0,0,0,0,0
dubbo,org/apache/dubbo/rpc/protocol/tri/rest/mapping/condition/PathExpression,PathExpression,dataset/projects/dubbo/dubbo-rpc/dubbo-rpc-triple/src/main/java/org/apache/dubbo/rpc/protocol/tri/rest/mapping/condition/PathExpression.java,,1,1,0,0,0,1,0,0,0,0,0,0,0,0,0,0,0,0,0,0,0,0,0,0,0,0,0,0,0,0,0,0,0,0,0
dubbo,org/apache/dubbo/rpc/protocol/tri/rest/mapping/condition/PathParser,PathParser,dataset/projects/dubbo/dubbo-rpc/dubbo-rpc-triple/src/main/java/org/apache/dubbo/rpc/protocol/tri/rest/mapping/condition/PathParser.java,,1,6,0,0,0,5,0,1,0,0,0,0,0,0,0,0,0,0,0,0,0,0,0,0,0,0,0,0,0,0,0,0,0,0,0
dubbo,org/apache/dubbo/rpc/protocol/tri/rest/mapping/condition/PathSegment,PathSegment,dataset/projects/dubbo/dubbo-rpc/dubbo-rpc-triple/src/main/java/org/apache/dubbo/rpc/protocol/tri/rest/mapping/condition/PathSegment.java,,1,2,0,0,0,1,0,0,0,1,0,0,0,0,0,0,0,0,0,0,0,0,0,0,0,0,0,0,0,0,0,0,0,0,0
dubbo,org/apache/dubbo/rpc/protocol/tri/rest/mapping/condition/ProducesCondition,ProducesCondition,dataset/projects/dubbo/dubbo-rpc/dubbo-rpc-triple/src/main/java/org/apache/dubbo/rpc/protocol/tri/rest/mapping/condition/ProducesCondition.java,,1,1,0,0,0,1,0,0,0,0,0,0,0,0,0,0,0,0,0,0,0,0,0,0,0,0,0,0,0,0,0,0,0,0,0
dubbo,org/apache/dubbo/rpc/protocol/tri/rest/mapping/meta/AnnotationMeta,AnnotationMeta,dataset/projects/dubbo/dubbo-rpc/dubbo-rpc-triple/src/main/java/org/apache/dubbo/rpc/protocol/tri/rest/mapping/meta/AnnotationMeta.java,,1,2,0,0,0,1,0,1,0,0,0,0,0,0,0,0,0,0,0,0,0,0,0,0,0,0,0,0,0,0,0,0,0,0,0
dubbo,org/apache/dubbo/rpc/protocol/tri/rest/mapping/meta/BeanMeta,BeanMeta,dataset/projects/dubbo/dubbo-rpc/dubbo-rpc-triple/src/main/java/org/apache/dubbo/rpc/protocol/tri/rest/mapping/meta/BeanMeta.java,,1,3,0,0,1,1,0,1,0,0,0,0,0,0,0,0,0,0,0,0,0,0,0,0,0,0,0,0,0,0,0,0,0,0,0
dubbo,org/apache/dubbo/rpc/protocol/tri/rest/mapping/meta/CorsMeta,CorsMeta,dataset/projects/dubbo/dubbo-rpc/dubbo-rpc-triple/src/main/java/org/apache/dubbo/rpc/protocol/tri/rest/mapping/meta/CorsMeta.java,,1,1,0,0,0,1,0,0,0,0,0,0,0,0,0,0,0,0,0,0,0,0,0,0,0,0,0,0,0,0,0,0,0,0,0
dubbo,org/apache/dubbo/rpc/protocol/tri/rest/mapping/meta/NamedValueMeta,NamedValueMeta,dataset/projects/dubbo/dubbo-rpc/dubbo-rpc-triple/src/main/java/org/apache/dubbo/rpc/protocol/tri/rest/mapping/meta/NamedValueMeta.java,,1,1,0,0,0,0,0,0,0,1,0,0,0,0,0,0,0,0,0,0,0,0,0,0,0,0,0,0,0,0,0,0,0,0,0
dubbo,org/apache/dubbo/rpc/protocol/tri/rest/openapi/ConfigFactory,ConfigFactory,dataset/projects/dubbo/dubbo-plugin/dubbo-rest-openapi/src/main/java/org/apache/dubbo/rpc/protocol/tri/rest/openapi/ConfigFactory.java,,1,2,0,0,0,2,0,0,0,0,0,0,0,0,0,0,0,0,0,0,0,0,0,0,0,0,0,0,0,0,0,0,0,0,0
dubbo,org/apache/dubbo/rpc/protocol/tri/rest/openapi/DefaultOpenAPIService,DefaultOpenAPIService,dataset/projects/dubbo/dubbo-plugin/dubbo-rest-openapi/src/main/java/org/apache/dubbo/rpc/protocol/tri/rest/openapi/DefaultOpenAPIService.java,,1,2,0,0,1,1,0,0,0,0,0,0,0,0,0,0,0,0,0,0,0,0,0,0,0,0,0,0,0,0,0,0,0,0,0
dubbo,org/apache/dubbo/rpc/protocol/tri/rest/openapi/DefinitionEncoder,DefinitionEncoder,dataset/projects/dubbo/dubbo-plugin/dubbo-rest-openapi/src/main/java/org/apache/dubbo/rpc/protocol/tri/rest/openapi/DefinitionEncoder.java,,1,1,0,0,0,1,0,0,0,0,0,0,0,0,0,0,0,0,0,0,0,0,0,0,0,0,0,0,0,0,0,0,0,0,0
dubbo,org/apache/dubbo/rpc/protocol/tri/rest/openapi/DefinitionFilter,DefinitionFilter,dataset/projects/dubbo/dubbo-plugin/dubbo-rest-openapi/src/main/java/org/apache/dubbo/rpc/protocol/tri/rest/openapi/DefinitionFilter.java,,1,5,0,0,1,2,0,1,0,1,0,0,0,0,0,0,0,0,0,0,0,0,0,0,0,0,0,0,0,0,0,0,0,0,0
dubbo,org/apache/dubbo/rpc/protocol/tri/rest/openapi/DefinitionMerger,DefinitionMerger,dataset/projects/dubbo/dubbo-plugin/dubbo-rest-openapi/src/main/java/org/apache/dubbo/rpc/protocol/tri/rest/openapi/DefinitionMerger.java,,1,8,0,0,1,5,0,1,0,1,0,0,0,0,0,0,0,0,0,0,0,0,0,0,0,0,0,0,0,0,0,0,0,0,0
dubbo,org/apache/dubbo/rpc/protocol/tri/rest/openapi/DefinitionResolver,DefinitionResolver,dataset/projects/dubbo/dubbo-plugin/dubbo-rest-openapi/src/main/java/org/apache/dubbo/rpc/protocol/tri/rest/openapi/DefinitionResolver.java,,1,7,0,0,1,6,0,0,0,0,0,0,0,0,0,0,0,0,0,0,0,0,0,0,0,0,0,0,0,0,0,0,0,0,0
dubbo,org/apache/dubbo/rpc/protocol/tri/rest/openapi/Helper,Helper,dataset/projects/dubbo/dubbo-plugin/dubbo-rest-openapi/src/main/java/org/apache/dubbo/rpc/protocol/tri/rest/openapi/Helper.java,,1,5,0,0,0,3,0,1,0,1,0,0,0,0,0,0,0,0,0,0,0,0,0,0,0,0,0,0,0,0,0,0,0,0,0
dubbo,org/apache/dubbo/rpc/protocol/tri/rest/openapi/OpenAPIFilter,OpenAPIFilter,dataset/projects/dubbo/dubbo-plugin/dubbo-rest-openapi/src/main/java/org/apache/dubbo/rpc/protocol/tri/rest/openapi/OpenAPIFilter.java,,1,1,0,0,0,0,0,0,0,1,0,0,0,0,0,0,0,0,0,0,0,0,0,0,0,0,0,0,0,0,0,0,0,0,0
dubbo,org/apache/dubbo/rpc/protocol/tri/rest/openapi/SchemaResolver,SchemaResolver,dataset/projects/dubbo/dubbo-plugin/dubbo-rest-openapi/src/main/java/org/apache/dubbo/rpc/protocol/tri/rest/openapi/SchemaResolver.java,,1,4,0,0,1,2,0,1,0,0,0,0,0,0,0,0,0,0,0,0,0,0,0,0,0,0,0,0,0,0,0,0,0,0,0
dubbo,org/apache/dubbo/rpc/protocol/tri/rest/openapi/model/ApiResponse,ApiResponse,dataset/projects/dubbo/dubbo-plugin/dubbo-rest-openapi/src/main/java/org/apache/dubbo/rpc/protocol/tri/rest/openapi/model/ApiResponse.java,,1,1,0,0,0,0,0,0,0,1,0,0,0,0,0,0,0,0,0,0,0,0,0,0,0,0,0,0,0,0,0,0,0,0,0
dubbo,org/apache/dubbo/rpc/protocol/tri/rest/openapi/model/Header,Header,dataset/projects/dubbo/dubbo-plugin/dubbo-rest-openapi/src/main/java/org/apache/dubbo/rpc/protocol/tri/rest/openapi/model/Header.java,,1,1,0,0,0,0,0,0,0,1,0,0,0,0,0,0,0,0,0,0,0,0,0,0,0,0,0,0,0,0,0,0,0,0,0
dubbo,org/apache/dubbo/rpc/protocol/tri/rest/openapi/model/Node,Node,dataset/projects/dubbo/dubbo-plugin/dubbo-rest-openapi/src/main/java/org/apache/dubbo/rpc/protocol/tri/rest/openapi/model/Node.java,,1,2,0,0,0,0,0,1,0,1,0,0,0,0,0,0,0,0,0,0,0,0,0,0,0,0,0,0,0,0,0,0,0,0,0
dubbo,org/apache/dubbo/rpc/protocol/tri/rest/openapi/model/OpenAPI,OpenAPI,dataset/projects/dubbo/dubbo-plugin/dubbo-rest-openapi/src/main/java/org/apache/dubbo/rpc/protocol/tri/rest/openapi/model/OpenAPI.java,,1,1,0,0,0,0,0,0,0,1,0,0,0,0,0,0,0,0,0,0,0,0,0,0,0,0,0,0,0,0,0,0,0,0,0
dubbo,org/apache/dubbo/rpc/protocol/tri/rest/openapi/model/Operation,Operation,dataset/projects/dubbo/dubbo-plugin/dubbo-rest-openapi/src/main/java/org/apache/dubbo/rpc/protocol/tri/rest/openapi/model/Operation.java,,1,2,0,0,0,0,0,1,0,1,0,0,0,0,0,0,0,0,0,0,0,0,0,0,0,0,0,0,0,0,0,0,0,0,0
dubbo,org/apache/dubbo/rpc/protocol/tri/rest/openapi/model/Parameter,Parameter,dataset/projects/dubbo/dubbo-plugin/dubbo-rest-openapi/src/main/java/org/apache/dubbo/rpc/protocol/tri/rest/openapi/model/Parameter.java,,1,1,0,0,0,0,0,0,0,1,0,0,0,0,0,0,0,0,0,0,0,0,0,0,0,0,0,0,0,0,0,0,0,0,0
dubbo,org/apache/dubbo/rpc/protocol/tri/rest/openapi/model/PathItem,PathItem,dataset/projects/dubbo/dubbo-plugin/dubbo-rest-openapi/src/main/java/org/apache/dubbo/rpc/protocol/tri/rest/openapi/model/PathItem.java,,1,1,0,0,0,0,0,0,0,1,0,0,0,0,0,0,0,0,0,0,0,0,0,0,0,0,0,0,0,0,0,0,0,0,0
dubbo,org/apache/dubbo/rpc/protocol/tri/rest/openapi/model/Schema,Schema,dataset/projects/dubbo/dubbo-plugin/dubbo-rest-openapi/src/main/java/org/apache/dubbo/rpc/protocol/tri/rest/openapi/model/Schema.java,,1,3,0,0,0,1,0,0,1,1,0,0,0,0,0,0,0,0,0,0,0,0,0,0,0,0,0,0,0,0,0,0,0,0,0
dubbo,org/apache/dubbo/rpc/protocol/tri/rest/support/basic/BasicOpenAPIDefinitionResolver,BasicOpenAPIDefinitionResolver,dataset/projects/dubbo/dubbo-plugin/dubbo-rest-openapi/src/main/java/org/apache/dubbo/rpc/protocol/tri/rest/support/basic/BasicOpenAPIDefinitionResolver.java,,1,1,0,0,0,1,0,0,0,0,0,0,0,0,0,0,0,0,0,0,0,0,0,0,0,0,0,0,0,0,0,0,0,0,0
dubbo,org/apache/dubbo/rpc/protocol/tri/rest/support/basic/BeanArgumentBinder,BeanArgumentBinder,dataset/projects/dubbo/dubbo-rpc/dubbo-rpc-triple/src/main/java/org/apache/dubbo/rpc/protocol/tri/rest/support/basic/BeanArgumentBinder.java,,1,3,0,0,0,3,0,0,0,0,0,0,0,0,0,0,0,0,0,0,0,0,0,0,0,0,0,0,0,0,0,0,0,0,0
dubbo,org/apache/dubbo/rpc/protocol/tri/rest/support/basic/FallbackArgumentResolver,FallbackArgumentResolver,dataset/projects/dubbo/dubbo-rpc/dubbo-rpc-triple/src/main/java/org/apache/dubbo/rpc/protocol/tri/rest/support/basic/FallbackArgumentResolver.java,,1,1,0,0,0,1,0,0,0,0,0,0,0,0,0,0,0,0,0,0,0,0,0,0,0,0,0,0,0,0,0,0,0,0,0
dubbo,org/apache/dubbo/rpc/protocol/tri/rest/support/basic/ParamArgumentResolver,ParamArgumentResolver,dataset/projects/dubbo/dubbo-rpc/dubbo-rpc-triple/src/main/java/org/apache/dubbo/rpc/protocol/tri/rest/support/basic/ParamArgumentResolver.java,,1,3,0,0,0,3,0,0,0,0,0,0,0,0,0,0,0,0,0,0,0,0,0,0,0,0,0,0,0,0,0,0,0,0,0
dubbo,org/apache/dubbo/rpc/protocol/tri/rest/support/jaxrs/BeanArgumentBinder,BeanArgumentBinder,dataset/projects/dubbo/dubbo-plugin/dubbo-rest-jaxrs/src/main/java/org/apache/dubbo/rpc/protocol/tri/rest/support/jaxrs/BeanArgumentBinder.java,,1,1,0,0,0,1,0,0,0,0,0,0,0,0,0,0,0,0,0,0,0,0,0,0,0,0,0,0,0,0,0,0,0,0,0
dubbo,org/apache/dubbo/rpc/protocol/tri/rest/support/jaxrs/compatible/JaxrsRestProtocol,JaxrsRestProtocol,,C:/Users/ismak/Documents/GitHub/relation_test_code_smell_ML/dataset/projects/dubbo/dubbo-plugin/dubbo-rest-jaxrs/src/test/java/org/apache/dubbo/rpc/protocol/tri/rest/support/jaxrs/compatible/JaxrsRestProtocolTest.java,0,0,1,4,0,0,0,0,0,0,1,1,1,0,0,0,0,0,0,0,0,0,0,0,0,0,0,0,0,0,0,1,0,0,0
dubbo,org/apache/dubbo/rpc/protocol/tri/rest/support/jaxrs/compatible/filter/ContainerRequestFilter,ContainerRequestFilter,,C:/Users/ismak/Documents/GitHub/relation_test_code_smell_ML/dataset/projects/dubbo/dubbo-plugin/dubbo-rest-jaxrs/src/test/java/org/apache/dubbo/rpc/protocol/tri/rest/support/jaxrs/compatible/filter/TestContainerRequestFilter.java,0,0,1,3,0,0,0,0,0,0,1,1,1,0,0,0,0,0,0,0,0,0,0,0,0,0,0,0,0,0,0,0,0,0,0
dubbo,org/apache/dubbo/rpc/protocol/tri/rest/support/jaxrs/filter/ContainerResponseContextImpl,ContainerResponseContextImpl,dataset/projects/dubbo/dubbo-plugin/dubbo-rest-jaxrs/src/main/java/org/apache/dubbo/rpc/protocol/tri/rest/support/jaxrs/filter/ContainerResponseContextImpl.java,,1,1,0,0,1,0,0,0,0,0,0,0,0,0,0,0,0,0,0,0,0,0,0,0,0,0,0,0,0,0,0,0,0,0,0
dubbo,org/apache/dubbo/rpc/protocol/tri/rest/support/servlet/DummyServletContext,DummyServletContext,dataset/projects/dubbo/dubbo-plugin/dubbo-triple-servlet/src/main/java/org/apache/dubbo/rpc/protocol/tri/rest/support/servlet/DummyServletContext.java,,1,3,0,0,1,1,0,0,0,1,0,0,0,0,0,0,0,0,0,0,0,0,0,0,0,0,0,0,0,0,0,0,0,0,0
dubbo,org/apache/dubbo/rpc/protocol/tri/rest/support/servlet/ServletArgumentResolver,ServletArgumentResolver,dataset/projects/dubbo/dubbo-plugin/dubbo-triple-servlet/src/main/java/org/apache/dubbo/rpc/protocol/tri/rest/support/servlet/ServletArgumentResolver.java,,1,1,0,0,0,1,0,0,0,0,0,0,0,0,0,0,0,0,0,0,0,0,0,0,0,0,0,0,0,0,0,0,0,0,0
dubbo,org/apache/dubbo/rpc/protocol/tri/rest/support/servlet/ServletHttpRequestAdapter,ServletHttpRequestAdapter,dataset/projects/dubbo/dubbo-plugin/dubbo-triple-servlet/src/main/java/org/apache/dubbo/rpc/protocol/tri/rest/support/servlet/ServletHttpRequestAdapter.java,,1,3,0,0,1,1,0,0,0,1,0,0,0,0,0,0,0,0,0,0,0,0,0,0,0,0,0,0,0,0,0,0,0,0,0
dubbo,org/apache/dubbo/rpc/protocol/tri/rest/support/servlet/ServletHttpResponseAdapter,ServletHttpResponseAdapter,dataset/projects/dubbo/dubbo-plugin/dubbo-triple-servlet/src/main/java/org/apache/dubbo/rpc/protocol/tri/rest/support/servlet/ServletHttpResponseAdapter.java,,1,1,0,0,0,0,0,0,0,1,0,0,0,0,0,0,0,0,0,0,0,0,0,0,0,0,0,0,0,0,0,0,0,0,0
dubbo,org/apache/dubbo/rpc/protocol/tri/rest/support/spring/SpringResponseRestFilter,SpringResponseRestFilter,dataset/projects/dubbo/dubbo-plugin/dubbo-rest-spring/src/main/java/org/apache/dubbo/rpc/protocol/tri/rest/support/spring/SpringResponseRestFilter.java,,1,1,0,0,1,0,0,0,0,0,0,0,0,0,0,0,0,0,0,0,0,0,0,0,0,0,0,0,0,0,0,0,0,0,0
dubbo,org/apache/dubbo/rpc/protocol/tri/rest/support/spring/SpringRestToolKit,SpringRestToolKit,dataset/projects/dubbo/dubbo-plugin/dubbo-rest-spring/src/main/java/org/apache/dubbo/rpc/protocol/tri/rest/support/spring/SpringRestToolKit.java,,1,2,0,0,1,1,0,0,0,0,0,0,0,0,0,0,0,0,0,0,0,0,0,0,0,0,0,0,0,0,0,0,0,0,0
dubbo,org/apache/dubbo/rpc/protocol/tri/rest/support/spring/compatible/SpringMvcRestProtocol,SpringMvcRestProtocol,,C:/Users/ismak/Documents/GitHub/relation_test_code_smell_ML/dataset/projects/dubbo/dubbo-plugin/dubbo-rest-spring/src/test/java/org/apache/dubbo/rpc/protocol/tri/rest/support/spring/compatible/SpringMvcRestProtocolTest.java,0,0,1,4,0,0,0,0,0,0,1,1,1,0,0,0,0,0,0,0,0,0,0,0,0,0,0,0,0,0,0,1,0,0,0
dubbo,org/apache/dubbo/rpc/protocol/tri/rest/support/swagger/JavadocOpenAPIDefinitionResolver,JavadocOpenAPIDefinitionResolver,dataset/projects/dubbo/dubbo-plugin/dubbo-rest-openapi/src/main/java/org/apache/dubbo/rpc/protocol/tri/rest/support/swagger/JavadocOpenAPIDefinitionResolver.java,,1,5,0,0,1,3,0,1,0,0,0,0,0,0,0,0,0,0,0,0,0,0,0,0,0,0,0,0,0,0,0,0,0,0,0
dubbo,org/apache/dubbo/rpc/protocol/tri/rest/support/swagger/SwaggerOpenAPIDefinitionResolver,SwaggerOpenAPIDefinitionResolver,dataset/projects/dubbo/dubbo-plugin/dubbo-rest-openapi/src/main/java/org/apache/dubbo/rpc/protocol/tri/rest/support/swagger/SwaggerOpenAPIDefinitionResolver.java,,1,3,0,0,1,2,0,0,0,0,0,0,0,0,0,0,0,0,0,0,0,0,0,0,0,0,0,0,0,0,0,0,0,0,0
dubbo,org/apache/dubbo/rpc/protocol/tri/rest/support/swagger/SwaggerUIRequestHandler,SwaggerUIRequestHandler,dataset/projects/dubbo/dubbo-plugin/dubbo-rest-openapi/src/main/java/org/apache/dubbo/rpc/protocol/tri/rest/support/swagger/SwaggerUIRequestHandler.java,,1,1,0,0,0,1,0,0,0,0,0,0,0,0,0,0,0,0,0,0,0,0,0,0,0,0,0,0,0,0,0,0,0,0,0
dubbo,org/apache/dubbo/rpc/protocol/tri/rest/util/KeyString,KeyString,dataset/projects/dubbo/dubbo-rpc/dubbo-rpc-triple/src/main/java/org/apache/dubbo/rpc/protocol/tri/rest/util/KeyString.java,,1,2,0,0,0,1,0,0,0,1,0,0,0,0,0,0,0,0,0,0,0,0,0,0,0,0,0,0,0,0,0,0,0,0,0
dubbo,org/apache/dubbo/rpc/protocol/tri/rest/util/PathUtils,PathUtils,dataset/projects/dubbo/dubbo-rpc/dubbo-rpc-triple/src/main/java/org/apache/dubbo/rpc/protocol/tri/rest/util/PathUtils.java,,1,4,0,0,0,3,0,1,0,0,0,0,0,0,0,0,0,0,0,0,0,0,0,0,0,0,0,0,0,0,0,0,0,0,0
dubbo,org/apache/dubbo/rpc/protocol/tri/rest/util/RequestUtils,RequestUtils,dataset/projects/dubbo/dubbo-rpc/dubbo-rpc-triple/src/main/java/org/apache/dubbo/rpc/protocol/tri/rest/util/RequestUtils.java,,1,3,0,0,0,1,0,1,0,1,0,0,0,0,0,0,0,0,0,0,0,0,0,0,0,0,0,0,0,0,0,0,0,0,0
dubbo,org/apache/dubbo/rpc/protocol/tri/rest/util/RestUtils,RestUtils,dataset/projects/dubbo/dubbo-rpc/dubbo-rpc-triple/src/main/java/org/apache/dubbo/rpc/protocol/tri/rest/util/RestUtils.java,,1,2,0,0,0,2,0,0,0,0,0,0,0,0,0,0,0,0,0,0,0,0,0,0,0,0,0,0,0,0,0,0,0,0,0
dubbo,org/apache/dubbo/rpc/protocol/tri/rest/util/TypeUtils,TypeUtils,dataset/projects/dubbo/dubbo-rpc/dubbo-rpc-triple/src/main/java/org/apache/dubbo/rpc/protocol/tri/rest/util/TypeUtils.java,,1,8,0,0,0,6,0,1,0,1,0,0,0,0,0,0,0,0,0,0,0,0,0,0,0,0,0,0,0,0,0,0,0,0,0
dubbo,org/apache/dubbo/rpc/protocol/tri/service/HealthStatusManager,HealthStatusManager,,C:/Users/ismak/Documents/GitHub/relation_test_code_smell_ML/dataset/projects/dubbo/dubbo-rpc/dubbo-rpc-triple/src/test/java/org/apache/dubbo/rpc/protocol/tri/service/HealthStatusManagerTest.java,0,0,1,3,0,0,0,0,0,0,1,1,1,0,0,0,0,0,0,0,0,0,0,0,0,0,0,0,0,0,0,0,0,0,0
dubbo,org/apache/dubbo/rpc/protocol/tri/service/TriBuiltinService,TriBuiltinService,,C:/Users/ismak/Documents/GitHub/relation_test_code_smell_ML/dataset/projects/dubbo/dubbo-rpc/dubbo-rpc-triple/src/test/java/org/apache/dubbo/rpc/protocol/tri/service/TriBuiltinServiceTest.java,0,0,1,4,0,0,0,0,0,0,1,1,1,0,0,0,0,0,0,0,0,0,0,0,0,0,0,0,0,0,0,1,0,0,0
dubbo,org/apache/dubbo/rpc/protocol/tri/service/TriHealthImpl,TriHealthImpl,,C:/Users/ismak/Documents/GitHub/relation_test_code_smell_ML/dataset/projects/dubbo/dubbo-rpc/dubbo-rpc-triple/src/test/java/org/apache/dubbo/rpc/protocol/tri/service/TriHealthImplTest.java,0,0,1,4,0,0,0,0,0,0,1,1,1,0,0,0,0,0,0,0,0,0,0,0,0,0,0,0,0,0,0,1,0,0,0
dubbo,org/apache/dubbo/rpc/protocol/tri/servlet/ServletStreamChannel,ServletStreamChannel,dataset/projects/dubbo/dubbo-plugin/dubbo-triple-servlet/src/main/java/org/apache/dubbo/rpc/protocol/tri/servlet/ServletStreamChannel.java,,1,3,0,0,0,1,0,1,0,1,0,0,0,0,0,0,0,0,0,0,0,0,0,0,0,0,0,0,0,0,0,0,0,0,0
dubbo,org/apache/dubbo/rpc/protocol/tri/stream/AbstractTripleClientStream,AbstractTripleClientStream,dataset/projects/dubbo/dubbo-rpc/dubbo-rpc-triple/src/main/java/org/apache/dubbo/rpc/protocol/tri/stream/AbstractTripleClientStream.java,,1,5,0,0,1,1,0,1,0,2,0,0,0,0,0,0,0,0,0,0,0,0,0,0,0,0,0,0,0,0,0,0,0,0,0
dubbo,org/apache/dubbo/rpc/protocol/tri/stream/AbstractTripleClientStreamByteCounting,AbstractTripleClientStreamByteCounting,,C:/Users/ismak/Documents/GitHub/relation_test_code_smell_ML/dataset/projects/dubbo/dubbo-rpc/dubbo-rpc-triple/src/test/java/org/apache/dubbo/rpc/protocol/tri/stream/AbstractTripleClientStreamByteCountingTest.java,0,0,1,4,0,0,0,0,0,0,1,1,1,0,0,0,0,0,0,0,0,0,0,0,0,0,0,0,0,0,0,1,0,0,0
dubbo,org/apache/dubbo/rpc/protocol/tri/stream/StreamUtils,StreamUtils,dataset/projects/dubbo/dubbo-rpc/dubbo-rpc-triple/src/main/java/org/apache/dubbo/rpc/protocol/tri/stream/StreamUtils.java,C:/Users/ismak/Documents/GitHub/relation_test_code_smell_ML/dataset/projects/dubbo/dubbo-rpc/dubbo-rpc-triple/src/test/java/org/apache/dubbo/rpc/protocol/tri/stream/StreamUtilsTest.java,1,1,1,4,0,1,0,0,0,0,1,1,1,0,0,0,0,0,0,0,0,0,0,0,0,0,0,0,0,0,0,1,0,0,0
dubbo,org/apache/dubbo/rpc/protocol/tri/stream/TripleClientStream,TripleClientStream,,C:/Users/ismak/Documents/GitHub/relation_test_code_smell_ML/dataset/projects/dubbo/dubbo-rpc/dubbo-rpc-triple/src/test/java/org/apache/dubbo/rpc/protocol/tri/stream/TripleClientStreamTest.java,0,0,1,3,0,0,0,0,0,0,1,1,1,0,0,0,0,0,0,0,0,0,0,0,0,0,0,0,0,0,0,0,0,0,0
dubbo,org/apache/dubbo/rpc/protocol/tri/test/Protocol,Protocol,,C:/Users/ismak/Documents/GitHub/relation_test_code_smell_ML/dataset/projects/dubbo/dubbo-rpc/dubbo-rpc-triple/src/test/java/org/apache/dubbo/rpc/protocol/tri/test/TestProtocol.java,0,0,1,4,0,0,0,0,0,0,1,1,1,0,0,0,1,0,0,0,0,0,0,0,0,0,0,0,0,0,0,0,0,0,0
dubbo,org/apache/dubbo/rpc/protocol/tri/test/Request,Request,,C:/Users/ismak/Documents/GitHub/relation_test_code_smell_ML/dataset/projects/dubbo/dubbo-rpc/dubbo-rpc-triple/src/test/java/org/apache/dubbo/rpc/protocol/tri/test/TestRequest.java,0,0,1,4,0,0,0,0,0,0,1,1,1,0,0,0,1,0,0,0,0,0,0,0,0,0,0,0,0,0,0,0,0,0,0
dubbo,org/apache/dubbo/rpc/protocol/tri/test/Response,Response,,C:/Users/ismak/Documents/GitHub/relation_test_code_smell_ML/dataset/projects/dubbo/dubbo-rpc/dubbo-rpc-triple/src/test/java/org/apache/dubbo/rpc/protocol/tri/test/TestResponse.java,0,0,1,4,0,0,0,0,0,0,1,1,1,0,0,0,1,0,0,0,0,0,0,0,0,0,0,0,0,0,0,0,0,0,0
dubbo,org/apache/dubbo/rpc/protocol/tri/test/Runner,Runner,,C:/Users/ismak/Documents/GitHub/relation_test_code_smell_ML/dataset/projects/dubbo/dubbo-rpc/dubbo-rpc-triple/src/test/java/org/apache/dubbo/rpc/protocol/tri/test/TestRunner.java,0,0,1,3,0,0,0,0,0,0,1,1,1,0,0,0,0,0,0,0,0,0,0,0,0,0,0,0,0,0,0,0,0,0,0
dubbo,org/apache/dubbo/rpc/protocol/tri/test/RunnerBuilder,RunnerBuilder,,C:/Users/ismak/Documents/GitHub/relation_test_code_smell_ML/dataset/projects/dubbo/dubbo-rpc/dubbo-rpc-triple/src/test/java/org/apache/dubbo/rpc/protocol/tri/test/TestRunnerBuilder.java,0,0,1,3,0,0,0,0,0,0,1,1,1,0,0,0,0,0,0,0,0,0,0,0,0,0,0,0,0,0,0,0,0,0,0
dubbo,org/apache/dubbo/rpc/protocol/tri/test/RunnerImpl,RunnerImpl,,C:/Users/ismak/Documents/GitHub/relation_test_code_smell_ML/dataset/projects/dubbo/dubbo-rpc/dubbo-rpc-triple/src/test/java/org/apache/dubbo/rpc/protocol/tri/test/TestRunnerImpl.java,0,0,1,4,0,0,0,0,0,0,1,1,1,0,0,0,1,0,0,0,0,0,0,0,0,0,0,0,0,0,0,0,0,0,0
dubbo,org/apache/dubbo/rpc/protocol/tri/test/ServerTransportListener,ServerTransportListener,,C:/Users/ismak/Documents/GitHub/relation_test_code_smell_ML/dataset/projects/dubbo/dubbo-rpc/dubbo-rpc-triple/src/test/java/org/apache/dubbo/rpc/protocol/tri/test/TestServerTransportListener.java,0,0,1,4,0,0,0,0,0,0,1,1,1,0,0,0,1,0,0,0,0,0,0,0,0,0,0,0,0,0,0,0,0,0,0
dubbo,org/apache/dubbo/rpc/protocol/tri/transport/AbstractH2TransportListener,AbstractH2TransportListener,dataset/projects/dubbo/dubbo-rpc/dubbo-rpc-triple/src/main/java/org/apache/dubbo/rpc/protocol/tri/transport/AbstractH2TransportListener.java,C:/Users/ismak/Documents/GitHub/relation_test_code_smell_ML/dataset/projects/dubbo/dubbo-rpc/dubbo-rpc-triple/src/test/java/org/apache/dubbo/rpc/protocol/tri/transport/AbstractH2TransportListenerTest.java,1,1,1,3,0,1,0,0,0,0,1,1,1,0,0,0,0,0,0,0,0,0,0,0,0,0,0,0,0,0,0,0,0,0,0
dubbo,org/apache/dubbo/rpc/protocol/tri/transport/TripleHttp2ClientResponseHandler,TripleHttp2ClientResponseHandler,,C:/Users/ismak/Documents/GitHub/relation_test_code_smell_ML/dataset/projects/dubbo/dubbo-rpc/dubbo-rpc-triple/src/test/java/org/apache/dubbo/rpc/protocol/tri/transport/TripleHttp2ClientResponseHandlerTest.java,0,0,1,4,0,0,0,0,0,0,1,1,1,0,0,0,0,0,0,0,0,0,0,0,0,0,0,0,0,0,0,1,0,0,0
dubbo,org/apache/dubbo/rpc/protocol/tri/transport/WriteQueue,WriteQueue,,C:/Users/ismak/Documents/GitHub/relation_test_code_smell_ML/dataset/projects/dubbo/dubbo-rpc/dubbo-rpc-triple/src/test/java/org/apache/dubbo/rpc/protocol/tri/transport/WriteQueueTest.java,0,0,1,4,0,0,0,0,0,0,1,1,1,0,0,0,0,0,0,0,0,0,0,0,0,0,0,0,0,0,0,1,0,0,0
dubbo,org/apache/dubbo/rpc/protocol/tri/websocket/DefaultWebSocketServerTransportListener,DefaultWebSocketServerTransportListener,dataset/projects/dubbo/dubbo-rpc/dubbo-rpc-triple/src/main/java/org/apache/dubbo/rpc/protocol/tri/websocket/DefaultWebSocketServerTransportListener.java,,1,1,0,0,0,0,0,0,0,1,0,0,0,0,0,0,0,0,0,0,0,0,0,0,0,0,0,0,0,0,0,0,0,0,0
dubbo,org/apache/dubbo/rpc/proxy/AbstractProxy,AbstractProxy,,C:/Users/ismak/Documents/GitHub/relation_test_code_smell_ML/dataset/projects/dubbo/dubbo-rpc/dubbo-rpc-api/src/test/java/org/apache/dubbo/rpc/proxy/AbstractProxyTest.java,0,0,1,4,0,0,0,0,0,0,1,1,1,0,0,0,0,0,0,0,0,0,0,0,0,0,0,0,0,0,0,1,0,0,0
dubbo,org/apache/dubbo/rpc/proxy/AbstractProxyFactory,AbstractProxyFactory,dataset/projects/dubbo/dubbo-rpc/dubbo-rpc-api/src/main/java/org/apache/dubbo/rpc/proxy/AbstractProxyFactory.java,,1,1,0,0,0,1,0,0,0,0,0,0,0,0,0,0,0,0,0,0,0,0,0,0,0,0,0,0,0,0,0,0,0,0,0
dubbo,org/apache/dubbo/rpc/proxy/AbstractProxyInvoker,AbstractProxyInvoker,dataset/projects/dubbo/dubbo-rpc/dubbo-rpc-api/src/main/java/org/apache/dubbo/rpc/proxy/AbstractProxyInvoker.java,,1,1,0,0,0,1,0,0,0,0,0,0,0,0,0,0,0,0,0,0,0,0,0,0,0,0,0,0,0,0,0,0,0,0,0
dubbo,org/apache/dubbo/rpc/proxy/InvokerInvocationHandler,InvokerInvocationHandler,,C:/Users/ismak/Documents/GitHub/relation_test_code_smell_ML/dataset/projects/dubbo/dubbo-rpc/dubbo-rpc-api/src/test/java/org/apache/dubbo/rpc/proxy/InvokerInvocationHandlerTest.java,0,0,1,4,0,0,0,0,0,0,1,1,1,0,0,0,0,0,0,0,0,0,0,0,0,0,0,0,0,0,0,1,0,0,0
dubbo,org/apache/dubbo/rpc/proxy/MethodInvoker,MethodInvoker,,C:/Users/ismak/Documents/GitHub/relation_test_code_smell_ML/dataset/projects/dubbo/dubbo-rpc/dubbo-rpc-api/src/test/java/org/apache/dubbo/rpc/proxy/MethodInvokerTest.java,0,0,1,4,0,0,0,0,0,0,1,1,1,0,0,0,0,0,0,0,0,0,0,0,0,0,0,0,0,0,0,1,0,0,0
dubbo,org/apache/dubbo/rpc/proxy/javassist/JavassistProxyFactory,JavassistProxyFactory,,C:/Users/ismak/Documents/GitHub/relation_test_code_smell_ML/dataset/projects/dubbo/dubbo-rpc/dubbo-rpc-api/src/test/java/org/apache/dubbo/rpc/proxy/javassist/JavassistProxyFactoryTest.java,0,0,1,3,0,0,0,0,0,0,1,1,1,0,0,0,0,0,0,0,0,0,0,0,0,0,0,0,0,0,0,0,0,0,0
dubbo,org/apache/dubbo/rpc/proxy/jdk/JdkProxyFactory,JdkProxyFactory,,C:/Users/ismak/Documents/GitHub/relation_test_code_smell_ML/dataset/projects/dubbo/dubbo-rpc/dubbo-rpc-api/src/test/java/org/apache/dubbo/rpc/proxy/jdk/JdkProxyFactoryTest.java,0,0,1,3,0,0,0,0,0,0,1,1,1,0,0,0,0,0,0,0,0,0,0,0,0,0,0,0,0,0,0,0,0,0,0
dubbo,org/apache/dubbo/rpc/proxy/wrapper/StubProxyFactoryWrapper,StubProxyFactoryWrapper,dataset/projects/dubbo/dubbo-rpc/dubbo-rpc-api/src/main/java/org/apache/dubbo/rpc/proxy/wrapper/StubProxyFactoryWrapper.java,C:/Users/ismak/Documents/GitHub/relation_test_code_smell_ML/dataset/projects/dubbo/dubbo-rpc/dubbo-rpc-api/src/test/java/org/apache/dubbo/rpc/proxy/wrapper/StubProxyFactoryWrapperTest.java,1,1,1,4,0,1,0,0,0,0,1,1,1,0,0,0,0,0,0,0,0,0,0,0,0,0,0,0,0,0,0,1,0,0,0
dubbo,org/apache/dubbo/rpc/service/GenericException,GenericException,,C:/Users/ismak/Documents/GitHub/relation_test_code_smell_ML/dataset/projects/dubbo/dubbo-common/src/test/java/org/apache/dubbo/rpc/service/GenericExceptionTest.java,0,0,1,3,0,0,0,0,0,0,1,1,1,0,0,0,0,0,0,0,0,0,0,0,0,0,0,0,0,0,0,0,0,0,0
dubbo,org/apache/dubbo/rpc/service/ServiceDescriptorInternalCache,ServiceDescriptorInternalCache,,C:/Users/ismak/Documents/GitHub/relation_test_code_smell_ML/dataset/projects/dubbo/dubbo-common/src/test/java/org/apache/dubbo/rpc/service/ServiceDescriptorInternalCacheTest.java,0,0,1,3,0,0,0,0,0,0,1,1,1,0,0,0,0,0,0,0,0,0,0,0,0,0,0,0,0,0,0,0,0,0,0
dubbo,org/apache/dubbo/rpc/stub/BiStreamMethodHandler,BiStreamMethodHandler,,C:/Users/ismak/Documents/GitHub/relation_test_code_smell_ML/dataset/projects/dubbo/dubbo-rpc/dubbo-rpc-api/src/test/java/org/apache/dubbo/rpc/stub/BiStreamMethodHandlerTest.java,0,0,1,3,0,0,0,0,0,0,1,1,1,0,0,0,0,0,0,0,0,0,0,0,0,0,0,0,0,0,0,0,0,0,0
dubbo,org/apache/dubbo/rpc/stub/FutureToObserverAdaptor,FutureToObserverAdaptor,,C:/Users/ismak/Documents/GitHub/relation_test_code_smell_ML/dataset/projects/dubbo/dubbo-rpc/dubbo-rpc-api/src/test/java/org/apache/dubbo/rpc/stub/FutureToObserverAdaptorTest.java,0,0,1,4,0,0,0,0,0,0,1,1,1,0,0,0,0,0,0,0,0,0,0,0,0,0,0,0,0,0,0,1,0,0,0
dubbo,org/apache/dubbo/rpc/stub/ServerStreamMethodHandler,ServerStreamMethodHandler,,C:/Users/ismak/Documents/GitHub/relation_test_code_smell_ML/dataset/projects/dubbo/dubbo-rpc/dubbo-rpc-api/src/test/java/org/apache/dubbo/rpc/stub/ServerStreamMethodHandlerTest.java,0,0,1,3,0,0,0,0,0,0,1,1,1,0,0,0,0,0,0,0,0,0,0,0,0,0,0,0,0,0,0,0,0,0,0
dubbo,org/apache/dubbo/rpc/stub/StubInvocationUtil,StubInvocationUtil,,C:/Users/ismak/Documents/GitHub/relation_test_code_smell_ML/dataset/projects/dubbo/dubbo-rpc/dubbo-rpc-triple/src/test/java/org/apache/dubbo/rpc/stub/StubInvocationUtilTest.java,0,0,1,4,0,0,0,0,0,0,1,1,1,0,0,0,0,0,0,0,0,0,0,0,0,0,0,0,0,0,0,1,0,0,0
dubbo,org/apache/dubbo/rpc/stub/StubInvoker,StubInvoker,,C:/Users/ismak/Documents/GitHub/relation_test_code_smell_ML/dataset/projects/dubbo/dubbo-rpc/dubbo-rpc-api/src/test/java/org/apache/dubbo/rpc/stub/StubInvokerTest.java,0,0,1,3,0,0,0,0,0,0,1,1,1,0,0,0,0,0,0,0,0,0,0,0,0,0,0,0,0,0,0,0,0,0,0
dubbo,org/apache/dubbo/rpc/stub/StubProxyFactory,StubProxyFactory,,C:/Users/ismak/Documents/GitHub/relation_test_code_smell_ML/dataset/projects/dubbo/dubbo-rpc/dubbo-rpc-api/src/test/java/org/apache/dubbo/rpc/stub/StubProxyFactoryTest.java,0,0,1,3,0,0,0,0,0,0,1,1,1,0,0,0,0,0,0,0,0,0,0,0,0,0,0,0,0,0,0,0,0,0,0
dubbo,org/apache/dubbo/rpc/stub/StubSuppliers,StubSuppliers,,C:/Users/ismak/Documents/GitHub/relation_test_code_smell_ML/dataset/projects/dubbo/dubbo-rpc/dubbo-rpc-api/src/test/java/org/apache/dubbo/rpc/stub/StubSuppliersTest.java,0,0,1,3,0,0,0,0,0,0,1,1,1,0,0,0,0,0,0,0,0,0,0,0,0,0,0,0,0,0,0,0,0,0,0
dubbo,org/apache/dubbo/rpc/support/AccessLogData,AccessLogData,dataset/projects/dubbo/dubbo-rpc/dubbo-rpc-api/src/main/java/org/apache/dubbo/rpc/support/AccessLogData.java,,1,1,0,0,0,1,0,0,0,0,0,0,0,0,0,0,0,0,0,0,0,0,0,0,0,0,0,0,0,0,0,0,0,0,0
dubbo,org/apache/dubbo/rpc/support/MockInvoker,MockInvoker,dataset/projects/dubbo/dubbo-rpc/dubbo-rpc-api/src/main/java/org/apache/dubbo/rpc/support/MockInvoker.java,,1,5,0,0,0,4,0,1,0,0,0,0,0,0,0,0,0,0,0,0,0,0,0,0,0,0,0,0,0,0,0,0,0,0,0
dubbo,org/apache/dubbo/rpc/support/ProtocolUtils,ProtocolUtils,,C:/Users/ismak/Documents/GitHub/relation_test_code_smell_ML/dataset/projects/dubbo/dubbo-common/src/test/java/org/apache/dubbo/rpc/support/ProtocolUtilsTest.java,0,0,1,4,0,0,0,0,0,0,1,1,1,0,0,0,0,0,0,0,0,0,0,0,0,0,0,0,0,0,0,1,0,0,0
dubbo,org/apache/dubbo/rpc/support/RpcUtils,RpcUtils,dataset/projects/dubbo/dubbo-rpc/dubbo-rpc-api/src/main/java/org/apache/dubbo/rpc/support/RpcUtils.java,C:/Users/ismak/Documents/GitHub/relation_test_code_smell_ML/dataset/projects/dubbo/dubbo-rpc/dubbo-rpc-api/src/test/java/org/apache/dubbo/rpc/support/RpcUtilsTest.java,1,4,1,5,0,2,0,1,0,1,1,1,1,0,1,0,0,0,0,0,0,0,0,0,0,0,0,0,0,0,0,1,0,0,0
dubbo,org/apache/dubbo/rpc/support/TrieTree,TrieTree,,C:/Users/ismak/Documents/GitHub/relation_test_code_smell_ML/dataset/projects/dubbo/dubbo-rpc/dubbo-rpc-api/src/test/java/org/apache/dubbo/rpc/support/TrieTreeTest.java,0,0,1,4,0,0,0,0,0,0,1,1,1,0,0,0,0,0,0,0,0,0,0,0,0,0,0,0,0,0,0,1,0,0,0
dubbo,org/apache/dubbo/security/cert/CertDeployerListener,CertDeployerListener,,C:/Users/ismak/Documents/GitHub/relation_test_code_smell_ML/dataset/projects/dubbo/dubbo-plugin/dubbo-security/src/test/java/org/apache/dubbo/security/cert/CertDeployerListenerTest.java,0,0,1,4,0,0,0,0,0,0,1,1,1,0,0,0,0,0,0,0,0,0,0,0,0,0,0,0,0,0,0,1,0,0,0
dubbo,org/apache/dubbo/security/cert/DubboCertManager,DubboCertManager,dataset/projects/dubbo/dubbo-plugin/dubbo-security/src/main/java/org/apache/dubbo/security/cert/DubboCertManager.java,C:/Users/ismak/Documents/GitHub/relation_test_code_smell_ML/dataset/projects/dubbo/dubbo-plugin/dubbo-security/src/test/java/org/apache/dubbo/security/cert/DubboCertManagerTest.java,1,2,1,4,1,0,0,0,0,1,1,1,1,0,0,0,0,0,0,0,0,0,0,0,0,0,0,0,0,0,0,1,0,0,0
dubbo,org/apache/dubbo/security/cert/DubboCertProvider,DubboCertProvider,,C:/Users/ismak/Documents/GitHub/relation_test_code_smell_ML/dataset/projects/dubbo/dubbo-plugin/dubbo-security/src/test/java/org/apache/dubbo/security/cert/DubboCertProviderTest.java,0,0,1,4,0,0,0,0,0,0,1,1,1,0,0,0,0,0,0,0,0,0,0,0,0,0,0,0,0,0,0,1,0,0,0
dubbo,org/apache/dubbo/serialization/Serialization,Serialization,,C:/Users/ismak/Documents/GitHub/relation_test_code_smell_ML/dataset/projects/dubbo/dubbo-compatible/src/test/java/org/apache/dubbo/serialization/SerializationTest.java,0,0,1,4,0,0,0,0,0,0,1,1,1,0,0,0,0,0,0,0,0,0,0,0,0,0,0,0,0,0,0,1,0,0,0
dubbo,org/apache/dubbo/spring/boot/actuate/endpoint/DubboEndpoint,DubboEndpoint,,C:/Users/ismak/Documents/GitHub/relation_test_code_smell_ML/dataset/projects/dubbo/dubbo-spring-boot-project/dubbo-spring-boot-actuator/src/test/java/org/apache/dubbo/spring/boot/actuate/endpoint/DubboEndpointTest.java,0,0,1,4,0,0,0,0,0,0,1,1,1,0,0,0,0,0,0,0,0,0,0,0,0,0,0,0,0,0,0,1,0,0,0
dubbo,org/apache/dubbo/spring/boot/actuate/health/DubboHealthIndicator,DubboHealthIndicator,,C:/Users/ismak/Documents/GitHub/relation_test_code_smell_ML/dataset/projects/dubbo/dubbo-spring-boot-project/dubbo-spring-boot-actuator-autoconfigure/src/test/java/org/apache/dubbo/spring/boot/actuate/health/DubboHealthIndicatorTest.java,0,0,1,4,0,0,0,0,0,0,1,1,1,0,0,0,0,0,0,0,0,0,0,0,0,0,0,0,0,0,0,1,0,0,0
dubbo,org/apache/dubbo/spring/boot/autoconfigure/BinderDubboConfigBinder,BinderDubboConfigBinder,,C:/Users/ismak/Documents/GitHub/relation_test_code_smell_ML/dataset/projects/dubbo/dubbo-spring-boot-project/dubbo-spring-boot-autoconfigure/src/test/java/org/apache/dubbo/spring/boot/autoconfigure/BinderDubboConfigBinderTest.java,0,0,1,4,0,0,0,0,0,0,1,1,1,0,0,0,0,0,0,0,0,0,0,0,0,0,0,0,0,0,0,1,0,0,0
dubbo,org/apache/dubbo/spring/boot/autoconfigure/CompatibleDubboAutoConfiguration,CompatibleDubboAutoConfiguration,,C:/Users/ismak/Documents/GitHub/relation_test_code_smell_ML/dataset/projects/dubbo/dubbo-spring-boot-project/dubbo-spring-boot-autoconfigure/src/test/java/org/apache/dubbo/spring/boot/autoconfigure/CompatibleDubboAutoConfigurationTest.java,0,0,1,4,0,0,0,0,0,0,1,1,1,0,0,0,0,0,0,0,0,0,0,0,0,0,0,0,0,0,0,1,0,0,0
dubbo,org/apache/dubbo/spring/boot/autoconfigure/DubboConfigurationProperties,DubboConfigurationProperties,dataset/projects/dubbo/dubbo-spring-boot-project/dubbo-spring-boot-autoconfigure/src/main/java/org/apache/dubbo/spring/boot/autoconfigure/DubboConfigurationProperties.java,,1,2,0,0,1,0,0,0,1,0,0,0,0,0,0,0,0,0,0,0,0,0,0,0,0,0,0,0,0,0,0,0,0,0,0
dubbo,org/apache/dubbo/spring/boot/autoconfigure/DubboRelaxedBinding2AutoConfiguration,DubboRelaxedBinding2AutoConfiguration,,C:/Users/ismak/Documents/GitHub/relation_test_code_smell_ML/dataset/projects/dubbo/dubbo-spring-boot-project/dubbo-spring-boot-autoconfigure/src/test/java/org/apache/dubbo/spring/boot/autoconfigure/DubboRelaxedBinding2AutoConfigurationTest.java,0,0,1,4,0,0,0,0,0,0,1,1,1,0,0,0,0,0,0,0,0,0,0,0,0,0,0,0,0,0,0,1,0,0,0
dubbo,org/apache/dubbo/spring/boot/autoconfigure/base/BeansConfiguration,BeansConfiguration,,C:/Users/ismak/Documents/GitHub/relation_test_code_smell_ML/dataset/projects/dubbo/dubbo-spring-boot-project/dubbo-spring-boot-autoconfigure/src/test/java/org/apache/dubbo/spring/boot/autoconfigure/base/TestBeansConfiguration.java,0,0,1,3,0,0,0,0,0,0,1,1,1,0,0,0,0,0,0,0,0,0,0,0,0,0,0,0,0,0,0,0,0,0,0
dubbo,org/apache/dubbo/spring/boot/autoconfigure/base/DubboAutoConfigurationOnMultipleConfig,DubboAutoConfigurationOnMultipleConfig,,C:/Users/ismak/Documents/GitHub/relation_test_code_smell_ML/dataset/projects/dubbo/dubbo-spring-boot-project/dubbo-spring-boot-autoconfigure/src/test/java/org/apache/dubbo/spring/boot/autoconfigure/base/DubboAutoConfigurationOnMultipleConfigTest.java,0,0,1,4,0,0,0,0,0,0,1,1,1,0,0,0,0,0,0,0,0,0,0,0,0,0,0,0,0,0,0,1,0,0,0
dubbo,org/apache/dubbo/spring/boot/autoconfigure/base/DubboAutoConfigurationOnSingleConfig,DubboAutoConfigurationOnSingleConfig,,C:/Users/ismak/Documents/GitHub/relation_test_code_smell_ML/dataset/projects/dubbo/dubbo-spring-boot-project/dubbo-spring-boot-autoconfigure/src/test/java/org/apache/dubbo/spring/boot/autoconfigure/base/DubboAutoConfigurationOnSingleConfigTest.java,0,0,1,4,0,0,0,0,0,0,1,1,1,0,0,0,0,0,0,0,0,0,0,0,0,0,0,0,0,0,0,1,0,0,0
dubbo,org/apache/dubbo/spring/boot/autoconfigure/observability/brave/BraveAutoConfiguration,BraveAutoConfiguration,dataset/projects/dubbo/dubbo-spring-boot-project/dubbo-spring-boot-autoconfigure/src/main/java/org/apache/dubbo/spring/boot/autoconfigure/observability/brave/BraveAutoConfiguration.java,,1,1,0,0,1,0,0,0,0,0,0,0,0,0,0,0,0,0,0,0,0,0,0,0,0,0,0,0,0,0,0,0,0,0,0
dubbo,org/apache/dubbo/spring/boot/autoconfigure/observability/otel/OpenTelemetryAutoConfiguration,OpenTelemetryAutoConfiguration,dataset/projects/dubbo/dubbo-spring-boot-project/dubbo-spring-boot-autoconfigure/src/main/java/org/apache/dubbo/spring/boot/autoconfigure/observability/otel/OpenTelemetryAutoConfiguration.java,,1,2,0,0,1,0,0,0,0,1,0,0,0,0,0,0,0,0,0,0,0,0,0,0,0,0,0,0,0,0,0,0,0,0,0
dubbo,org/apache/dubbo/spring/boot/env/DubboDefaultPropertiesEnvironmentPostProcessor,DubboDefaultPropertiesEnvironmentPostProcessor,,C:/Users/ismak/Documents/GitHub/relation_test_code_smell_ML/dataset/projects/dubbo/dubbo-spring-boot-project/dubbo-spring-boot-autoconfigure/src/test/java/org/apache/dubbo/spring/boot/env/DubboDefaultPropertiesEnvironmentPostProcessorTest.java,0,0,1,4,0,0,0,0,0,0,1,1,1,0,0,0,0,0,0,0,0,0,0,0,0,0,0,0,0,0,0,1,0,0,0
dubbo,org/apache/dubbo/spring/security/filter/ContextHolderAuthenticationResolverFilter,ContextHolderAuthenticationResolverFilter,,C:/Users/ismak/Documents/GitHub/relation_test_code_smell_ML/dataset/projects/dubbo/dubbo-plugin/dubbo-spring-security/src/test/java/org/apache/dubbo/spring/security/filter/ContextHolderAuthenticationResolverFilterTest.java,0,0,1,4,0,0,0,0,0,0,1,1,1,0,0,0,0,0,0,0,0,0,0,0,0,0,0,0,0,0,0,1,0,0,0
dubbo,org/apache/dubbo/spring/security/jackson/ObjectMapperCodec,ObjectMapperCodec,,C:/Users/ismak/Documents/GitHub/relation_test_code_smell_ML/dataset/projects/dubbo/dubbo-plugin/dubbo-spring-security/src/test/java/org/apache/dubbo/spring/security/jackson/ObjectMapperCodecTest.java,0,0,1,3,0,0,0,0,0,0,1,1,1,0,0,0,0,0,0,0,0,0,0,0,0,0,0,0,0,0,0,0,0,0,0
dubbo,org/apache/dubbo/spring/security/oauth2/Deserialization,Deserialization,,C:/Users/ismak/Documents/GitHub/relation_test_code_smell_ML/dataset/projects/dubbo/dubbo-plugin/dubbo-spring6-security/src/test/java/org/apache/dubbo/spring/security/oauth2/DeserializationTest.java,0,0,1,3,0,0,0,0,0,0,1,1,1,0,0,0,0,0,0,0,0,0,0,0,0,0,0,0,0,0,0,0,0,0,0
dubbo,org/apache/dubbo/spring/security/oauth2/RegisteredClientMixin,RegisteredClientMixin,dataset/projects/dubbo/dubbo-plugin/dubbo-spring6-security/src/main/java/org/apache/dubbo/spring/security/oauth2/RegisteredClientMixin.java,,1,1,0,0,0,0,1,0,0,0,0,0,0,0,0,0,0,0,0,0,0,0,0,0,0,0,0,0,0,0,0,0,0,0,0
dubbo,org/apache/dubbo/springboot/idl/demo/MessageService,MessageService,,C:/Users/ismak/Documents/GitHub/relation_test_code_smell_ML/dataset/projects/dubbo/dubbo-demo/dubbo-demo-spring-boot-idl/dubbo-demo-spring-boot-idl-provider/src/test/java/org/apache/dubbo/springboot/idl/demo/MessageServiceTest.java,0,0,1,5,0,0,0,0,0,0,1,1,1,0,1,0,0,0,0,1,0,0,0,0,0,0,0,0,0,0,0,0,0,0,0
dubbo,org/apache/dubbo/tracing/DefaultDubboClientObservationConvention,DefaultDubboClientObservationConvention,,C:/Users/ismak/Documents/GitHub/relation_test_code_smell_ML/dataset/projects/dubbo/dubbo-metrics/dubbo-tracing/src/test/java/org/apache/dubbo/tracing/DefaultDubboClientObservationConventionTest.java,0,0,1,4,0,0,0,0,0,0,1,1,1,0,0,0,0,0,0,0,0,0,0,0,0,0,0,0,0,0,0,1,0,0,0
dubbo,org/apache/dubbo/tracing/DefaultDubboServerObservationConvention,DefaultDubboServerObservationConvention,,C:/Users/ismak/Documents/GitHub/relation_test_code_smell_ML/dataset/projects/dubbo/dubbo-metrics/dubbo-tracing/src/test/java/org/apache/dubbo/tracing/DefaultDubboServerObservationConventionTest.java,0,0,1,4,0,0,0,0,0,0,1,1,1,0,0,0,0,0,0,0,0,0,0,0,0,0,0,0,0,0,0,1,0,0,0
dubbo,org/apache/dubbo/tracing/exporter/otlp/OTlpSpanExporter,OTlpSpanExporter,,C:/Users/ismak/Documents/GitHub/relation_test_code_smell_ML/dataset/projects/dubbo/dubbo-metrics/dubbo-tracing/src/test/java/org/apache/dubbo/tracing/exporter/otlp/OTlpSpanExporterTest.java,0,0,1,3,0,0,0,0,0,0,1,1,1,0,0,0,0,0,0,0,0,0,0,0,0,0,0,0,0,0,0,0,0,0,0
dubbo,org/apache/dubbo/tracing/exporter/zipkin/ZipkinSpanExporter,ZipkinSpanExporter,,C:/Users/ismak/Documents/GitHub/relation_test_code_smell_ML/dataset/projects/dubbo/dubbo-metrics/dubbo-tracing/src/test/java/org/apache/dubbo/tracing/exporter/zipkin/ZipkinSpanExporterTest.java,0,0,1,3,0,0,0,0,0,0,1,1,1,0,0,0,0,0,0,0,0,0,0,0,0,0,0,0,0,0,0,0,0,0,0
dubbo,org/apache/dubbo/tracing/exporter/zipkin/ZipkinSpanHandler,ZipkinSpanHandler,,C:/Users/ismak/Documents/GitHub/relation_test_code_smell_ML/dataset/projects/dubbo/dubbo-metrics/dubbo-tracing/src/test/java/org/apache/dubbo/tracing/exporter/zipkin/ZipkinSpanHandlerTest.java,0,0,1,3,0,0,0,0,0,0,1,1,1,0,0,0,0,0,0,0,0,0,0,0,0,0,0,0,0,0,0,0,0,0,0
dubbo,org/apache/dubbo/tracing/tracer/PropagatorProviderFactory,PropagatorProviderFactory,,C:/Users/ismak/Documents/GitHub/relation_test_code_smell_ML/dataset/projects/dubbo/dubbo-metrics/dubbo-tracing/src/test/java/org/apache/dubbo/tracing/tracer/PropagatorProviderFactoryTest.java,0,0,1,4,0,0,0,0,0,0,1,1,1,0,0,0,0,0,0,0,0,0,0,0,0,0,0,0,0,0,0,1,0,0,0
dubbo,org/apache/dubbo/tracing/tracer/brave/BravePropagatorProvider,BravePropagatorProvider,,C:/Users/ismak/Documents/GitHub/relation_test_code_smell_ML/dataset/projects/dubbo/dubbo-metrics/dubbo-tracing/src/test/java/org/apache/dubbo/tracing/tracer/brave/BravePropagatorProviderTest.java,0,0,1,4,0,0,0,0,0,0,1,1,1,0,0,0,0,0,0,0,0,0,0,0,0,0,0,0,0,0,0,1,0,0,0
dubbo,org/apache/dubbo/tracing/tracer/brave/BraveProvider,BraveProvider,dataset/projects/dubbo/dubbo-metrics/dubbo-tracing/src/main/java/org/apache/dubbo/tracing/tracer/brave/BraveProvider.java,C:/Users/ismak/Documents/GitHub/relation_test_code_smell_ML/dataset/projects/dubbo/dubbo-metrics/dubbo-tracing/src/test/java/org/apache/dubbo/tracing/tracer/brave/BraveProviderTest.java,1,1,1,4,1,0,0,0,0,0,1,1,1,0,0,0,0,0,0,0,0,0,0,0,0,0,0,0,0,0,0,1,0,0,0
dubbo,org/apache/dubbo/tracing/tracer/otel/OTelPropagatorProvider,OTelPropagatorProvider,,C:/Users/ismak/Documents/GitHub/relation_test_code_smell_ML/dataset/projects/dubbo/dubbo-metrics/dubbo-tracing/src/test/java/org/apache/dubbo/tracing/tracer/otel/OTelPropagatorProviderTest.java,0,0,1,4,0,0,0,0,0,0,1,1,1,0,0,0,0,0,0,0,0,0,0,0,0,0,0,0,0,0,0,1,0,0,0
dubbo,org/apache/dubbo/tracing/tracer/otel/OpenTelemetryProvider,OpenTelemetryProvider,dataset/projects/dubbo/dubbo-metrics/dubbo-tracing/src/main/java/org/apache/dubbo/tracing/tracer/otel/OpenTelemetryProvider.java,C:/Users/ismak/Documents/GitHub/relation_test_code_smell_ML/dataset/projects/dubbo/dubbo-metrics/dubbo-tracing/src/test/java/org/apache/dubbo/tracing/tracer/otel/OpenTelemetryProviderTest.java,1,1,1,4,1,0,0,0,0,0,1,1,1,0,0,0,0,0,0,0,0,0,0,0,0,0,0,0,0,0,0,1,0,0,0
dubbo,org/apache/dubbo/tracing/utils/ObservationSupportUtil,ObservationSupportUtil,,C:/Users/ismak/Documents/GitHub/relation_test_code_smell_ML/dataset/projects/dubbo/dubbo-metrics/dubbo-tracing/src/test/java/org/apache/dubbo/tracing/utils/ObservationSupportUtilTest.java,0,0,1,4,0,0,0,0,0,0,1,1,1,0,0,0,0,0,0,0,0,0,0,0,0,0,0,0,0,0,0,1,0,0,0
dubbo,org/apache/dubbo/tracing/utils/PropagationType,PropagationType,,C:/Users/ismak/Documents/GitHub/relation_test_code_smell_ML/dataset/projects/dubbo/dubbo-metrics/dubbo-tracing/src/test/java/org/apache/dubbo/tracing/utils/PropagationTypeTest.java,0,0,1,3,0,0,0,0,0,0,1,1,1,0,0,0,0,0,0,0,0,0,0,0,0,0,0,0,0,0,0,0,0,0,0
dubbo,org/apache/dubbo/validation/filter/ValidationFilter,ValidationFilter,,C:/Users/ismak/Documents/GitHub/relation_test_code_smell_ML/dataset/projects/dubbo/dubbo-plugin/dubbo-filter-validation/src/test/java/org/apache/dubbo/validation/filter/ValidationFilterTest.java,0,0,1,4,0,0,0,0,0,0,1,1,1,0,0,0,0,0,0,0,0,0,0,0,0,0,0,0,0,0,0,1,0,0,0
dubbo,org/apache/dubbo/validation/support/jvalidation/JValidation,JValidation,,C:/Users/ismak/Documents/GitHub/relation_test_code_smell_ML/dataset/projects/dubbo/dubbo-plugin/dubbo-filter-validation/src/test/java/org/apache/dubbo/validation/support/jvalidation/JValidationTest.java,0,0,1,4,0,0,0,0,0,0,1,1,1,0,0,0,0,0,0,0,0,0,0,0,0,0,0,0,0,0,0,1,0,0,0
dubbo,org/apache/dubbo/validation/support/jvalidation/JValidator,JValidator,dataset/projects/dubbo/dubbo-plugin/dubbo-filter-validation/src/main/java/org/apache/dubbo/validation/support/jvalidation/JValidator.java,C:/Users/ismak/Documents/GitHub/relation_test_code_smell_ML/dataset/projects/dubbo/dubbo-plugin/dubbo-filter-validation/src/test/java/org/apache/dubbo/validation/support/jvalidation/JValidatorTest.java,1,4,1,4,1,2,0,1,0,0,1,1,1,0,0,0,0,0,0,0,0,0,0,0,0,0,0,0,0,0,0,1,0,0,0
dubbo,org/apache/dubbo/validation/support/jvalidation/JValidatorNew,JValidatorNew,dataset/projects/dubbo/dubbo-plugin/dubbo-filter-validation/src/main/java/org/apache/dubbo/validation/support/jvalidation/JValidatorNew.java,,1,4,0,0,1,2,0,1,0,0,0,0,0,0,0,0,0,0,0,0,0,0,0,0,0,0,0,0,0,0,0,0,0,0,0
