project,class_key,class_name,class_file,test_file,has_code_smell,code_smell_total,has_test_smell,test_smell_total,code_smell_CouplingBetweenObjects,code_smell_CyclomaticComplexity,code_smell_ExcessiveParameterList,code_smell_GodClass,code_smell_TooManyFields,code_smell_TooManyMethods,test_smell_App,test_smell_Version,test_smell_RelativeTestFilePath,test_smell_RelativeProductionFilePath,test_smell_Assertion Roulette,test_smell_Conditional Test Logic,test_smell_Constructor Initialization,test_smell_Default Test,test_smell_EmptyTest,test_smell_Exception Catching Throwing,test_smell_General Fixture,test_smell_Mystery Guest,test_smell_Print Statement,test_smell_Redundant Assertion,test_smell_Sensitive Equality,test_smell_Verbose Test,test_smell_Sleepy Test,test_smell_Eager Test,test_smell_Lazy Test,test_smell_Duplicate Assert,test_smell_Unknown Test,test_smell_IgnoredTest,test_smell_Resource Optimism,test_smell_Magic Number Test,test_smell_Dependent Test
netty,io/netty/bootstrap/AbstractBootstrap,AbstractBootstrap,dataset/projects/netty/transport/src/main/java/io/netty/bootstrap/AbstractBootstrap.java,,1,3,0,0,1,0,0,1,0,1,0,0,0,0,0,0,0,0,0,0,0,0,0,0,0,0,0,0,0,0,0,0,0,0,0
netty,io/netty/bootstrap/Bootstrap,Bootstrap,dataset/projects/netty/transport/src/main/java/io/netty/bootstrap/Bootstrap.java,C:/Users/ismak/Documents/GitHub/relation_test_code_smell_ML/dataset/projects/netty/transport/src/test/java/io/netty/bootstrap/BootstrapTest.java,1,1,1,10,0,0,0,0,0,1,1,1,1,0,1,1,0,0,0,1,0,0,0,0,1,0,0,0,0,1,1,1,0,0,0
netty,io/netty/bootstrap/Channel,Channel,,C:/Users/ismak/Documents/GitHub/relation_test_code_smell_ML/dataset/projects/netty/transport/src/test/java/io/netty/bootstrap/TestChannel.java,0,0,1,4,0,0,0,0,0,0,1,1,1,0,0,0,1,0,0,0,0,0,0,0,0,0,0,0,0,0,0,0,0,0,0
netty,io/netty/bootstrap/ServerBootstrap,ServerBootstrap,dataset/projects/netty/transport/src/main/java/io/netty/bootstrap/ServerBootstrap.java,C:/Users/ismak/Documents/GitHub/relation_test_code_smell_ML/dataset/projects/netty/transport/src/test/java/io/netty/bootstrap/ServerBootstrapTest.java,1,1,1,6,0,0,0,0,0,1,1,1,1,0,0,0,0,0,0,1,0,0,0,0,0,0,0,0,0,0,1,1,0,0,0
netty,io/netty/buffer/AbstractAdaptiveByteBuf,AbstractAdaptiveByteBuf,,C:/Users/ismak/Documents/GitHub/relation_test_code_smell_ML/dataset/projects/netty/buffer/src/test/java/io/netty/buffer/AbstractAdaptiveByteBufTest.java,0,0,1,5,0,0,0,0,0,0,1,1,1,0,0,0,0,0,1,0,0,0,0,0,0,0,0,0,0,0,1,0,0,0,0
netty,io/netty/buffer/AbstractByteBuf,AbstractByteBuf,dataset/projects/netty/buffer/src/main/java/io/netty/buffer/AbstractByteBuf.java,C:/Users/ismak/Documents/GitHub/relation_test_code_smell_ML/dataset/projects/netty/buffer/src/test/java/io/netty/buffer/AbstractByteBufTest.java,1,3,1,13,0,1,0,1,0,1,1,1,1,0,1,1,0,0,0,1,0,1,0,0,1,0,0,0,0,1,1,1,1,1,0
netty,io/netty/buffer/AbstractByteBufAllocator,AbstractByteBufAllocator,dataset/projects/netty/buffer/src/main/java/io/netty/buffer/AbstractByteBufAllocator.java,C:/Users/ismak/Documents/GitHub/relation_test_code_smell_ML/dataset/projects/netty/buffer/src/test/java/io/netty/buffer/AbstractByteBufAllocatorTest.java,1,1,1,11,0,0,0,0,0,1,1,1,1,0,1,1,0,0,0,1,0,0,0,0,1,0,0,0,0,1,1,1,0,1,0
netty,io/netty/buffer/AbstractCompositeByteBuf,AbstractCompositeByteBuf,,C:/Users/ismak/Documents/GitHub/relation_test_code_smell_ML/dataset/projects/netty/buffer/src/test/java/io/netty/buffer/AbstractCompositeByteBufTest.java,0,0,1,12,0,0,0,0,0,0,1,1,1,0,1,1,1,0,0,1,0,0,0,0,1,0,0,0,0,1,1,1,0,1,0
netty,io/netty/buffer/AbstractDerivedByteBuf,AbstractDerivedByteBuf,dataset/projects/netty/buffer/src/main/java/io/netty/buffer/AbstractDerivedByteBuf.java,,1,1,0,0,0,0,0,0,0,1,0,0,0,0,0,0,0,0,0,0,0,0,0,0,0,0,0,0,0,0,0,0,0,0,0
netty,io/netty/buffer/AbstractPooledByteBuf,AbstractPooledByteBuf,,C:/Users/ismak/Documents/GitHub/relation_test_code_smell_ML/dataset/projects/netty/buffer/src/test/java/io/netty/buffer/AbstractPooledByteBufTest.java,0,0,1,5,0,0,0,0,0,0,1,1,1,0,1,0,0,0,0,0,0,0,0,0,0,0,0,0,0,0,0,0,0,1,0
netty,io/netty/buffer/AbstractPooledDerivedByteBuf,AbstractPooledDerivedByteBuf,dataset/projects/netty/buffer/src/main/java/io/netty/buffer/AbstractPooledDerivedByteBuf.java,,1,3,0,0,0,0,0,0,0,3,0,0,0,0,0,0,0,0,0,0,0,0,0,0,0,0,0,0,0,0,0,0,0,0,0
netty,io/netty/buffer/AbstractReferenceCountedByteBuf,AbstractReferenceCountedByteBuf,,C:/Users/ismak/Documents/GitHub/relation_test_code_smell_ML/dataset/projects/netty/buffer/src/test/java/io/netty/buffer/AbstractReferenceCountedByteBufTest.java,0,0,1,6,0,0,0,0,0,0,1,1,1,0,1,0,0,0,0,1,0,0,0,0,0,0,0,0,0,0,0,0,0,1,0
netty,io/netty/buffer/AbstractUnpooledSlicedByteBuf,AbstractUnpooledSlicedByteBuf,dataset/projects/netty/buffer/src/main/java/io/netty/buffer/AbstractUnpooledSlicedByteBuf.java,,1,3,0,0,0,1,0,1,0,1,0,0,0,0,0,0,0,0,0,0,0,0,0,0,0,0,0,0,0,0,0,0,0,0,0
netty,io/netty/buffer/AbstractUnsafeSwappedByteBuf,AbstractUnsafeSwappedByteBuf,dataset/projects/netty/buffer/src/main/java/io/netty/buffer/AbstractUnsafeSwappedByteBuf.java,,1,1,0,0,0,0,0,0,0,1,0,0,0,0,0,0,0,0,0,0,0,0,0,0,0,0,0,0,0,0,0,0,0,0,0
netty,io/netty/buffer/AdaptiveBigEndianDirectByteBuf,AdaptiveBigEndianDirectByteBuf,,C:/Users/ismak/Documents/GitHub/relation_test_code_smell_ML/dataset/projects/netty/buffer/src/test/java/io/netty/buffer/AdaptiveBigEndianDirectByteBufTest.java,0,0,1,3,0,0,0,0,0,0,1,1,1,0,0,0,0,0,0,0,0,0,0,0,0,0,0,0,0,0,0,0,0,0,0
netty,io/netty/buffer/AdaptiveBigEndianHeapByteBuf,AdaptiveBigEndianHeapByteBuf,,C:/Users/ismak/Documents/GitHub/relation_test_code_smell_ML/dataset/projects/netty/buffer/src/test/java/io/netty/buffer/AdaptiveBigEndianHeapByteBufTest.java,0,0,1,3,0,0,0,0,0,0,1,1,1,0,0,0,0,0,0,0,0,0,0,0,0,0,0,0,0,0,0,0,0,0,0
netty,io/netty/buffer/AdaptiveByteBufAllocator,AdaptiveByteBufAllocator,,C:/Users/ismak/Documents/GitHub/relation_test_code_smell_ML/dataset/projects/netty/buffer/src/test/java/io/netty/buffer/AdaptiveByteBufAllocatorTest.java,0,0,1,8,0,0,0,0,0,0,1,1,1,0,1,1,0,0,0,1,0,0,0,0,1,0,0,0,0,0,0,0,0,1,0
netty,io/netty/buffer/AdaptiveByteBufAllocatorGrowth,AdaptiveByteBufAllocatorGrowth,,C:/Users/ismak/Documents/GitHub/relation_test_code_smell_ML/dataset/projects/netty/buffer/src/test/java/io/netty/buffer/AdaptiveByteBufAllocatorGrowthTest.java,0,0,1,3,0,0,0,0,0,0,1,1,1,0,0,0,0,0,0,0,0,0,0,0,0,0,0,0,0,0,0,0,0,0,0
netty,io/netty/buffer/AdaptiveByteBufAllocatorUseCacheForNonEventLoopThreads,AdaptiveByteBufAllocatorUseCacheForNonEventLoopThreads,,C:/Users/ismak/Documents/GitHub/relation_test_code_smell_ML/dataset/projects/netty/buffer/src/test/java/io/netty/buffer/AdaptiveByteBufAllocatorUseCacheForNonEventLoopThreadsTest.java,0,0,1,4,0,0,0,0,0,0,1,1,1,0,0,0,0,0,0,0,0,0,0,0,0,0,0,0,0,0,0,1,0,0,0
netty,io/netty/buffer/AdaptiveLittleEndianDirectByteBuf,AdaptiveLittleEndianDirectByteBuf,,C:/Users/ismak/Documents/GitHub/relation_test_code_smell_ML/dataset/projects/netty/buffer/src/test/java/io/netty/buffer/AdaptiveLittleEndianDirectByteBufTest.java,0,0,1,3,0,0,0,0,0,0,1,1,1,0,0,0,0,0,0,0,0,0,0,0,0,0,0,0,0,0,0,0,0,0,0
netty,io/netty/buffer/AdaptiveLittleEndianHeapByteBuf,AdaptiveLittleEndianHeapByteBuf,,C:/Users/ismak/Documents/GitHub/relation_test_code_smell_ML/dataset/projects/netty/buffer/src/test/java/io/netty/buffer/AdaptiveLittleEndianHeapByteBufTest.java,0,0,1,3,0,0,0,0,0,0,1,1,1,0,0,0,0,0,0,0,0,0,0,0,0,0,0,0,0,0,0,0,0,0,0
netty,io/netty/buffer/AdaptivePoolingAllocator,AdaptivePoolingAllocator,dataset/projects/netty/buffer/src/main/java/io/netty/buffer/AdaptivePoolingAllocator.java,C:/Users/ismak/Documents/GitHub/relation_test_code_smell_ML/dataset/projects/netty/buffer/src/test/java/io/netty/buffer/AdaptivePoolingAllocatorTest.java,1,13,1,3,1,6,0,1,0,5,1,1,1,0,0,0,0,0,0,0,0,0,0,0,0,0,0,0,0,0,0,0,0,0,0
netty,io/netty/buffer/AdvancedLeakAwareByteBuf,AdvancedLeakAwareByteBuf,dataset/projects/netty/buffer/src/main/java/io/netty/buffer/AdvancedLeakAwareByteBuf.java,C:/Users/ismak/Documents/GitHub/relation_test_code_smell_ML/dataset/projects/netty/buffer/src/test/java/io/netty/buffer/AdvancedLeakAwareByteBufTest.java,1,3,1,3,0,1,0,1,0,1,1,1,1,0,0,0,0,0,0,0,0,0,0,0,0,0,0,0,0,0,0,0,0,0,0
netty,io/netty/buffer/AdvancedLeakAwareCompositeByteBuf,AdvancedLeakAwareCompositeByteBuf,dataset/projects/netty/buffer/src/main/java/io/netty/buffer/AdvancedLeakAwareCompositeByteBuf.java,C:/Users/ismak/Documents/GitHub/relation_test_code_smell_ML/dataset/projects/netty/buffer/src/test/java/io/netty/buffer/AdvancedLeakAwareCompositeByteBufTest.java,1,3,1,3,0,1,0,1,0,1,1,1,1,0,0,0,0,0,0,0,0,0,0,0,0,0,0,0,0,0,0,0,0,0,0
netty,io/netty/buffer/AlignedPooledByteBufAllocator,AlignedPooledByteBufAllocator,,C:/Users/ismak/Documents/GitHub/relation_test_code_smell_ML/dataset/projects/netty/buffer/src/test/java/io/netty/buffer/AlignedPooledByteBufAllocatorTest.java,0,0,1,7,0,0,0,0,0,0,1,1,1,0,1,1,0,0,0,1,0,0,0,0,0,0,0,0,0,0,0,0,0,1,0
netty,io/netty/buffer/AllocationPatternSimulator,AllocationPatternSimulator,dataset/projects/netty/microbench/src/main/java/io/netty/buffer/AllocationPatternSimulator.java,,1,1,0,0,1,0,0,0,0,0,0,0,0,0,0,0,0,0,0,0,0,0,0,0,0,0,0,0,0,0,0,0,0,0,0
netty,io/netty/buffer/BigEndianCompositeByteBuf,BigEndianCompositeByteBuf,,C:/Users/ismak/Documents/GitHub/relation_test_code_smell_ML/dataset/projects/netty/buffer/src/test/java/io/netty/buffer/BigEndianCompositeByteBufTest.java,0,0,1,5,0,0,0,0,0,0,1,1,1,0,0,0,1,0,0,0,0,0,0,0,0,0,0,0,0,0,1,0,0,0,0
netty,io/netty/buffer/BigEndianDirectByteBuf,BigEndianDirectByteBuf,,C:/Users/ismak/Documents/GitHub/relation_test_code_smell_ML/dataset/projects/netty/buffer/src/test/java/io/netty/buffer/BigEndianDirectByteBufTest.java,0,0,1,3,0,0,0,0,0,0,1,1,1,0,0,0,0,0,0,0,0,0,0,0,0,0,0,0,0,0,0,0,0,0,0
netty,io/netty/buffer/BigEndianHeapByteBuf,BigEndianHeapByteBuf,,C:/Users/ismak/Documents/GitHub/relation_test_code_smell_ML/dataset/projects/netty/buffer/src/test/java/io/netty/buffer/BigEndianHeapByteBufTest.java,0,0,1,3,0,0,0,0,0,0,1,1,1,0,0,0,0,0,0,0,0,0,0,0,0,0,0,0,0,0,0,0,0,0,0
netty,io/netty/buffer/BigEndianUnsafeDirectByteBuf,BigEndianUnsafeDirectByteBuf,,C:/Users/ismak/Documents/GitHub/relation_test_code_smell_ML/dataset/projects/netty/buffer/src/test/java/io/netty/buffer/BigEndianUnsafeDirectByteBufTest.java,0,0,1,3,0,0,0,0,0,0,1,1,1,0,0,0,0,0,0,0,0,0,0,0,0,0,0,0,0,0,0,0,0,0,0
netty,io/netty/buffer/BigEndianUnsafeNoCleanerDirectByteBuf,BigEndianUnsafeNoCleanerDirectByteBuf,,C:/Users/ismak/Documents/GitHub/relation_test_code_smell_ML/dataset/projects/netty/buffer/src/test/java/io/netty/buffer/BigEndianUnsafeNoCleanerDirectByteBufTest.java,0,0,1,3,0,0,0,0,0,0,1,1,1,0,0,0,0,0,0,0,0,0,0,0,0,0,0,0,0,0,0,0,0,0,0
netty,io/netty/buffer/ByteBuf,ByteBuf,dataset/projects/netty/buffer/src/main/java/io/netty/buffer/ByteBuf.java,,1,2,0,0,0,1,0,0,0,1,0,0,0,0,0,0,0,0,0,0,0,0,0,0,0,0,0,0,0,0,0,0,0,0,0
netty,io/netty/buffer/ByteBufAccessBenchmark,ByteBufAccessBenchmark,dataset/projects/netty/microbench/src/main/java/io/netty/buffer/ByteBufAccessBenchmark.java,,1,1,0,0,0,0,0,0,0,1,0,0,0,0,0,0,0,0,0,0,0,0,0,0,0,0,0,0,0,0,0,0,0,0,0
netty,io/netty/buffer/ByteBufAllocator,ByteBufAllocator,dataset/projects/netty/buffer/src/main/java/io/netty/buffer/ByteBufAllocator.java,C:/Users/ismak/Documents/GitHub/relation_test_code_smell_ML/dataset/projects/netty/buffer/src/test/java/io/netty/buffer/ByteBufAllocatorTest.java,1,1,1,5,0,0,0,0,0,1,1,1,1,0,0,0,0,0,0,0,0,0,0,0,0,0,0,0,0,0,1,1,0,0,0
netty,io/netty/buffer/ByteBufDerivation,ByteBufDerivation,,C:/Users/ismak/Documents/GitHub/relation_test_code_smell_ML/dataset/projects/netty/buffer/src/test/java/io/netty/buffer/ByteBufDerivationTest.java,0,0,1,7,0,0,0,0,0,0,1,1,1,0,1,1,0,0,0,1,0,0,0,0,0,0,0,0,0,0,0,0,0,1,0
netty,io/netty/buffer/ByteBufInputStream,ByteBufInputStream,dataset/projects/netty/buffer/src/main/java/io/netty/buffer/ByteBufInputStream.java,,1,2,0,0,0,1,0,0,0,1,0,0,0,0,0,0,0,0,0,0,0,0,0,0,0,0,0,0,0,0,0,0,0,0,0
netty,io/netty/buffer/ByteBufOutputStream,ByteBufOutputStream,dataset/projects/netty/buffer/src/main/java/io/netty/buffer/ByteBufOutputStream.java,,1,1,0,0,0,0,0,0,0,1,0,0,0,0,0,0,0,0,0,0,0,0,0,0,0,0,0,0,0,0,0,0,0,0,0
netty,io/netty/buffer/ByteBufStream,ByteBufStream,,C:/Users/ismak/Documents/GitHub/relation_test_code_smell_ML/dataset/projects/netty/buffer/src/test/java/io/netty/buffer/ByteBufStreamTest.java,0,0,1,8,0,0,0,0,0,0,1,1,1,0,1,1,0,0,0,1,0,0,0,0,0,0,0,0,0,1,0,0,0,1,0
netty,io/netty/buffer/ByteBufUtil,ByteBufUtil,dataset/projects/netty/buffer/src/main/java/io/netty/buffer/ByteBufUtil.java,C:/Users/ismak/Documents/GitHub/relation_test_code_smell_ML/dataset/projects/netty/buffer/src/test/java/io/netty/buffer/ByteBufUtilTest.java,1,11,1,11,1,8,0,1,0,1,1,1,1,0,1,1,0,0,0,1,0,0,0,0,1,0,0,0,0,1,1,1,0,1,0
netty,io/netty/buffer/ByteProcessor,ByteProcessor,,C:/Users/ismak/Documents/GitHub/relation_test_code_smell_ML/dataset/projects/netty/buffer/src/test/java/io/netty/buffer/ByteProcessorTest.java,0,0,1,5,0,0,0,0,0,0,1,1,1,0,1,0,0,0,0,0,0,0,0,0,0,0,0,0,0,0,0,0,0,1,0
netty,io/netty/buffer/CompositeByteBuf,CompositeByteBuf,dataset/projects/netty/buffer/src/main/java/io/netty/buffer/CompositeByteBuf.java,,1,9,0,0,1,6,0,1,0,1,0,0,0,0,0,0,0,0,0,0,0,0,0,0,0,0,0,0,0,0,0,0,0,0,0
netty,io/netty/buffer/CompositeByteBufSequentialBenchmark,CompositeByteBufSequentialBenchmark,dataset/projects/netty/microbench/src/main/java/io/netty/buffer/CompositeByteBufSequentialBenchmark.java,,1,1,0,0,0,0,0,0,0,1,0,0,0,0,0,0,0,0,0,0,0,0,0,0,0,0,0,0,0,0,0,0,0,0,0
netty,io/netty/buffer/Consolidation,Consolidation,,C:/Users/ismak/Documents/GitHub/relation_test_code_smell_ML/dataset/projects/netty/buffer/src/test/java/io/netty/buffer/ConsolidationTest.java,0,0,1,3,0,0,0,0,0,0,1,1,1,0,0,0,0,0,0,0,0,0,0,0,0,0,0,0,0,0,0,0,0,0,0
netty,io/netty/buffer/DefaultByteBufHolder,DefaultByteBufHolder,dataset/projects/netty/buffer/src/main/java/io/netty/buffer/DefaultByteBufHolder.java,C:/Users/ismak/Documents/GitHub/relation_test_code_smell_ML/dataset/projects/netty/buffer/src/test/java/io/netty/buffer/DefaultByteBufHolderTest.java,1,1,1,7,0,0,0,0,0,1,1,1,1,0,1,0,0,0,0,0,0,0,0,0,1,0,0,0,0,1,0,0,0,1,0
netty,io/netty/buffer/DuplicatedByteBuf,DuplicatedByteBuf,dataset/projects/netty/buffer/src/main/java/io/netty/buffer/DuplicatedByteBuf.java,C:/Users/ismak/Documents/GitHub/relation_test_code_smell_ML/dataset/projects/netty/buffer/src/test/java/io/netty/buffer/DuplicatedByteBufTest.java,1,2,1,4,0,0,0,1,0,1,1,1,1,0,1,0,0,0,0,0,0,0,0,0,0,0,0,0,0,0,0,0,0,0,0
netty,io/netty/buffer/EmptyByteBuf,EmptyByteBuf,dataset/projects/netty/buffer/src/main/java/io/netty/buffer/EmptyByteBuf.java,C:/Users/ismak/Documents/GitHub/relation_test_code_smell_ML/dataset/projects/netty/buffer/src/test/java/io/netty/buffer/EmptyByteBufTest.java,1,3,1,6,0,1,0,1,0,1,1,1,1,0,1,0,0,0,0,1,0,0,0,0,0,0,0,0,0,0,0,0,0,1,0
netty,io/netty/buffer/FixedCompositeByteBuf,FixedCompositeByteBuf,dataset/projects/netty/buffer/src/main/java/io/netty/buffer/FixedCompositeByteBuf.java,C:/Users/ismak/Documents/GitHub/relation_test_code_smell_ML/dataset/projects/netty/buffer/src/test/java/io/netty/buffer/FixedCompositeByteBufTest.java,1,3,1,9,0,1,0,1,0,1,1,1,1,0,1,1,0,0,0,1,0,0,0,0,0,0,0,0,0,0,1,1,0,1,0
netty,io/netty/buffer/HeapByteBufUtil,HeapByteBufUtil,dataset/projects/netty/buffer/src/main/java/io/netty/buffer/HeapByteBufUtil.java,,1,1,0,0,0,0,0,0,0,1,0,0,0,0,0,0,0,0,0,0,0,0,0,0,0,0,0,0,0,0,0,0,0,0,0
netty,io/netty/buffer/IntPriorityQueue,IntPriorityQueue,,C:/Users/ismak/Documents/GitHub/relation_test_code_smell_ML/dataset/projects/netty/buffer/src/test/java/io/netty/buffer/IntPriorityQueueTest.java,0,0,1,6,0,0,0,0,0,0,1,1,1,0,1,1,0,0,0,0,0,0,0,0,0,0,0,0,0,1,0,0,0,0,0
netty,io/netty/buffer/JfrEvents,JfrEvents,,C:/Users/ismak/Documents/GitHub/relation_test_code_smell_ML/dataset/projects/netty/buffer/src/test/java/io/netty/buffer/JfrEventsTest.java,0,0,1,7,0,0,0,0,0,0,1,1,1,0,1,1,0,0,0,1,0,0,0,0,0,0,0,0,0,0,0,0,0,1,0
netty,io/netty/buffer/LittleEndianCompositeByteBuf,LittleEndianCompositeByteBuf,,C:/Users/ismak/Documents/GitHub/relation_test_code_smell_ML/dataset/projects/netty/buffer/src/test/java/io/netty/buffer/LittleEndianCompositeByteBufTest.java,0,0,1,4,0,0,0,0,0,0,1,1,1,0,0,0,1,0,0,0,0,0,0,0,0,0,0,0,0,0,0,0,0,0,0
netty,io/netty/buffer/LittleEndianDirectByteBuf,LittleEndianDirectByteBuf,,C:/Users/ismak/Documents/GitHub/relation_test_code_smell_ML/dataset/projects/netty/buffer/src/test/java/io/netty/buffer/LittleEndianDirectByteBufTest.java,0,0,1,3,0,0,0,0,0,0,1,1,1,0,0,0,0,0,0,0,0,0,0,0,0,0,0,0,0,0,0,0,0,0,0
netty,io/netty/buffer/LittleEndianHeapByteBuf,LittleEndianHeapByteBuf,,C:/Users/ismak/Documents/GitHub/relation_test_code_smell_ML/dataset/projects/netty/buffer/src/test/java/io/netty/buffer/LittleEndianHeapByteBufTest.java,0,0,1,3,0,0,0,0,0,0,1,1,1,0,0,0,0,0,0,0,0,0,0,0,0,0,0,0,0,0,0,0,0,0,0
netty,io/netty/buffer/LittleEndianUnsafeDirectByteBuf,LittleEndianUnsafeDirectByteBuf,,C:/Users/ismak/Documents/GitHub/relation_test_code_smell_ML/dataset/projects/netty/buffer/src/test/java/io/netty/buffer/LittleEndianUnsafeDirectByteBufTest.java,0,0,1,3,0,0,0,0,0,0,1,1,1,0,0,0,0,0,0,0,0,0,0,0,0,0,0,0,0,0,0,0,0,0,0
netty,io/netty/buffer/LittleEndianUnsafeNoCleanerDirectByteBuf,LittleEndianUnsafeNoCleanerDirectByteBuf,,C:/Users/ismak/Documents/GitHub/relation_test_code_smell_ML/dataset/projects/netty/buffer/src/test/java/io/netty/buffer/LittleEndianUnsafeNoCleanerDirectByteBufTest.java,0,0,1,3,0,0,0,0,0,0,1,1,1,0,0,0,0,0,0,0,0,0,0,0,0,0,0,0,0,0,0,0,0,0,0
netty,io/netty/buffer/PoolArena,PoolArena,dataset/projects/netty/buffer/src/main/java/io/netty/buffer/PoolArena.java,C:/Users/ismak/Documents/GitHub/relation_test_code_smell_ML/dataset/projects/netty/buffer/src/test/java/io/netty/buffer/PoolArenaTest.java,1,3,1,7,1,1,0,0,0,1,1,1,1,0,1,1,0,0,0,0,0,0,0,0,0,0,0,0,0,0,1,0,0,1,0
netty,io/netty/buffer/PoolArenaMetric,PoolArenaMetric,dataset/projects/netty/buffer/src/main/java/io/netty/buffer/PoolArenaMetric.java,,1,1,0,0,0,0,0,0,0,1,0,0,0,0,0,0,0,0,0,0,0,0,0,0,0,0,0,0,0,0,0,0,0,0,0
netty,io/netty/buffer/PoolChunk,PoolChunk,dataset/projects/netty/buffer/src/main/java/io/netty/buffer/PoolChunk.java,,1,2,0,0,0,1,0,0,0,1,0,0,0,0,0,0,0,0,0,0,0,0,0,0,0,0,0,0,0,0,0,0,0,0,0
netty,io/netty/buffer/PoolChunkList,PoolChunkList,dataset/projects/netty/buffer/src/main/java/io/netty/buffer/PoolChunkList.java,,1,1,0,0,0,0,0,0,0,1,0,0,0,0,0,0,0,0,0,0,0,0,0,0,0,0,0,0,0,0,0,0,0,0,0
netty,io/netty/buffer/PoolSubpage,PoolSubpage,dataset/projects/netty/buffer/src/main/java/io/netty/buffer/PoolSubpage.java,,1,1,0,0,0,0,0,0,0,1,0,0,0,0,0,0,0,0,0,0,0,0,0,0,0,0,0,0,0,0,0,0,0,0,0
netty,io/netty/buffer/PoolThreadCache,PoolThreadCache,dataset/projects/netty/buffer/src/main/java/io/netty/buffer/PoolThreadCache.java,,1,4,0,0,1,1,0,1,0,1,0,0,0,0,0,0,0,0,0,0,0,0,0,0,0,0,0,0,0,0,0,0,0,0,0
netty,io/netty/buffer/PooledAlignedBigEndianDirectByteBuf,PooledAlignedBigEndianDirectByteBuf,,C:/Users/ismak/Documents/GitHub/relation_test_code_smell_ML/dataset/projects/netty/buffer/src/test/java/io/netty/buffer/PooledAlignedBigEndianDirectByteBufTest.java,0,0,1,3,0,0,0,0,0,0,1,1,1,0,0,0,0,0,0,0,0,0,0,0,0,0,0,0,0,0,0,0,0,0,0
netty,io/netty/buffer/PooledBigEndianDirectByteBuf,PooledBigEndianDirectByteBuf,,C:/Users/ismak/Documents/GitHub/relation_test_code_smell_ML/dataset/projects/netty/buffer/src/test/java/io/netty/buffer/PooledBigEndianDirectByteBufTest.java,0,0,1,3,0,0,0,0,0,0,1,1,1,0,0,0,0,0,0,0,0,0,0,0,0,0,0,0,0,0,0,0,0,0,0
netty,io/netty/buffer/PooledBigEndianHeapByteBuf,PooledBigEndianHeapByteBuf,,C:/Users/ismak/Documents/GitHub/relation_test_code_smell_ML/dataset/projects/netty/buffer/src/test/java/io/netty/buffer/PooledBigEndianHeapByteBufTest.java,0,0,1,3,0,0,0,0,0,0,1,1,1,0,0,0,0,0,0,0,0,0,0,0,0,0,0,0,0,0,0,0,0,0,0
netty,io/netty/buffer/PooledByteBuf,PooledByteBuf,dataset/projects/netty/buffer/src/main/java/io/netty/buffer/PooledByteBuf.java,,1,1,0,0,0,0,0,0,0,1,0,0,0,0,0,0,0,0,0,0,0,0,0,0,0,0,0,0,0,0,0,0,0,0,0
netty,io/netty/buffer/PooledByteBufAllocator,PooledByteBufAllocator,dataset/projects/netty/buffer/src/main/java/io/netty/buffer/PooledByteBufAllocator.java,C:/Users/ismak/Documents/GitHub/relation_test_code_smell_ML/dataset/projects/netty/buffer/src/test/java/io/netty/buffer/PooledByteBufAllocatorTest.java,1,5,1,11,1,2,0,1,0,1,1,1,1,0,1,1,0,0,0,1,0,0,0,0,0,0,1,0,0,1,1,1,0,1,0
netty,io/netty/buffer/PooledByteBufAllocatorMetric,PooledByteBufAllocatorMetric,dataset/projects/netty/buffer/src/main/java/io/netty/buffer/PooledByteBufAllocatorMetric.java,,1,1,0,0,0,0,0,0,0,1,0,0,0,0,0,0,0,0,0,0,0,0,0,0,0,0,0,0,0,0,0,0,0,0,0
netty,io/netty/buffer/PooledDirectByteBuf,PooledDirectByteBuf,dataset/projects/netty/buffer/src/main/java/io/netty/buffer/PooledDirectByteBuf.java,,1,1,0,0,0,0,0,0,0,1,0,0,0,0,0,0,0,0,0,0,0,0,0,0,0,0,0,0,0,0,0,0,0,0,0
netty,io/netty/buffer/PooledDuplicatedByteBuf,PooledDuplicatedByteBuf,dataset/projects/netty/buffer/src/main/java/io/netty/buffer/PooledDuplicatedByteBuf.java,,1,2,0,0,0,0,0,1,0,1,0,0,0,0,0,0,0,0,0,0,0,0,0,0,0,0,0,0,0,0,0,0,0,0,0
netty,io/netty/buffer/PooledHeapByteBuf,PooledHeapByteBuf,dataset/projects/netty/buffer/src/main/java/io/netty/buffer/PooledHeapByteBuf.java,,1,1,0,0,0,0,0,0,0,1,0,0,0,0,0,0,0,0,0,0,0,0,0,0,0,0,0,0,0,0,0,0,0,0,0
netty,io/netty/buffer/PooledLittleEndianDirectByteBuf,PooledLittleEndianDirectByteBuf,,C:/Users/ismak/Documents/GitHub/relation_test_code_smell_ML/dataset/projects/netty/buffer/src/test/java/io/netty/buffer/PooledLittleEndianDirectByteBufTest.java,0,0,1,3,0,0,0,0,0,0,1,1,1,0,0,0,0,0,0,0,0,0,0,0,0,0,0,0,0,0,0,0,0,0,0
netty,io/netty/buffer/PooledLittleEndianHeapByteBuf,PooledLittleEndianHeapByteBuf,,C:/Users/ismak/Documents/GitHub/relation_test_code_smell_ML/dataset/projects/netty/buffer/src/test/java/io/netty/buffer/PooledLittleEndianHeapByteBufTest.java,0,0,1,3,0,0,0,0,0,0,1,1,1,0,0,0,0,0,0,0,0,0,0,0,0,0,0,0,0,0,0,0,0,0,0
netty,io/netty/buffer/PooledSlicedByteBuf,PooledSlicedByteBuf,dataset/projects/netty/buffer/src/main/java/io/netty/buffer/PooledSlicedByteBuf.java,,1,2,0,0,0,0,0,1,0,1,0,0,0,0,0,0,0,0,0,0,0,0,0,0,0,0,0,0,0,0,0,0,0,0,0
netty,io/netty/buffer/PooledUnsafeDirectByteBuf,PooledUnsafeDirectByteBuf,dataset/projects/netty/buffer/src/main/java/io/netty/buffer/PooledUnsafeDirectByteBuf.java,,1,2,0,0,0,0,0,1,0,1,0,0,0,0,0,0,0,0,0,0,0,0,0,0,0,0,0,0,0,0,0,0,0,0,0
netty,io/netty/buffer/PooledUnsafeHeapByteBuf,PooledUnsafeHeapByteBuf,dataset/projects/netty/buffer/src/main/java/io/netty/buffer/PooledUnsafeHeapByteBuf.java,,1,1,0,0,0,0,0,0,0,1,0,0,0,0,0,0,0,0,0,0,0,0,0,0,0,0,0,0,0,0,0,0,0,0,0
netty,io/netty/buffer/ReadOnlyByteBuf,ReadOnlyByteBuf,dataset/projects/netty/buffer/src/main/java/io/netty/buffer/ReadOnlyByteBuf.java,C:/Users/ismak/Documents/GitHub/relation_test_code_smell_ML/dataset/projects/netty/buffer/src/test/java/io/netty/buffer/ReadOnlyByteBufTest.java,1,2,1,8,0,1,0,0,0,1,1,1,1,0,1,0,0,0,0,1,0,0,0,0,0,0,0,0,0,1,1,0,0,1,0
netty,io/netty/buffer/ReadOnlyByteBufferBuf,ReadOnlyByteBufferBuf,dataset/projects/netty/buffer/src/main/java/io/netty/buffer/ReadOnlyByteBufferBuf.java,C:/Users/ismak/Documents/GitHub/relation_test_code_smell_ML/dataset/projects/netty/buffer/src/test/java/io/netty/buffer/ReadOnlyByteBufferBufTest.java,1,3,1,5,0,1,0,1,0,1,1,1,1,0,0,0,0,0,0,0,0,0,0,0,0,0,0,0,0,0,1,1,0,0,0
netty,io/netty/buffer/ReadOnlyDirectByteBufferBuf,ReadOnlyDirectByteBufferBuf,,C:/Users/ismak/Documents/GitHub/relation_test_code_smell_ML/dataset/projects/netty/buffer/src/test/java/io/netty/buffer/ReadOnlyDirectByteBufferBufTest.java,0,0,1,11,0,0,0,0,0,0,1,1,1,0,1,1,0,0,0,1,0,1,0,0,0,0,0,0,0,0,1,1,1,1,0
netty,io/netty/buffer/ReadOnlyUnsafeDirectByteBuf,ReadOnlyUnsafeDirectByteBuf,dataset/projects/netty/buffer/src/main/java/io/netty/buffer/ReadOnlyUnsafeDirectByteBuf.java,,1,1,0,0,0,0,0,0,0,1,0,0,0,0,0,0,0,0,0,0,0,0,0,0,0,0,0,0,0,0,0,0,0,0,0
netty,io/netty/buffer/ReadOnlyUnsafeDirectByteBufferBuf,ReadOnlyUnsafeDirectByteBufferBuf,,C:/Users/ismak/Documents/GitHub/relation_test_code_smell_ML/dataset/projects/netty/buffer/src/test/java/io/netty/buffer/ReadOnlyUnsafeDirectByteBufferBufTest.java,0,0,1,3,0,0,0,0,0,0,1,1,1,0,0,0,0,0,0,0,0,0,0,0,0,0,0,0,0,0,0,0,0,0,0
netty,io/netty/buffer/RetainedDuplicatedByteBuf,RetainedDuplicatedByteBuf,,C:/Users/ismak/Documents/GitHub/relation_test_code_smell_ML/dataset/projects/netty/buffer/src/test/java/io/netty/buffer/RetainedDuplicatedByteBufTest.java,0,0,1,3,0,0,0,0,0,0,1,1,1,0,0,0,0,0,0,0,0,0,0,0,0,0,0,0,0,0,0,0,0,0,0
netty,io/netty/buffer/RetainedSlicedByteBuf,RetainedSlicedByteBuf,,C:/Users/ismak/Documents/GitHub/relation_test_code_smell_ML/dataset/projects/netty/buffer/src/test/java/io/netty/buffer/RetainedSlicedByteBufTest.java,0,0,1,3,0,0,0,0,0,0,1,1,1,0,0,0,0,0,0,0,0,0,0,0,0,0,0,0,0,0,0,0,0,0,0
netty,io/netty/buffer/SimpleLeakAwareByteBuf,SimpleLeakAwareByteBuf,dataset/projects/netty/buffer/src/main/java/io/netty/buffer/SimpleLeakAwareByteBuf.java,C:/Users/ismak/Documents/GitHub/relation_test_code_smell_ML/dataset/projects/netty/buffer/src/test/java/io/netty/buffer/SimpleLeakAwareByteBufTest.java,1,1,1,4,0,0,0,0,0,1,1,1,1,0,0,1,0,0,0,0,0,0,0,0,0,0,0,0,0,0,0,0,0,0,0
netty,io/netty/buffer/SimpleLeakAwareCompositeByteBuf,SimpleLeakAwareCompositeByteBuf,dataset/projects/netty/buffer/src/main/java/io/netty/buffer/SimpleLeakAwareCompositeByteBuf.java,C:/Users/ismak/Documents/GitHub/relation_test_code_smell_ML/dataset/projects/netty/buffer/src/test/java/io/netty/buffer/SimpleLeakAwareCompositeByteBufTest.java,1,1,1,6,0,0,0,0,0,1,1,1,1,0,1,1,0,0,0,0,0,0,0,0,0,0,0,0,0,0,0,0,0,1,0
netty,io/netty/buffer/SizeClassedChunkCache,SizeClassedChunkCache,,C:/Users/ismak/Documents/GitHub/relation_test_code_smell_ML/dataset/projects/netty/buffer/src/test/java/io/netty/buffer/SizeClassedChunkCacheTest.java,0,0,1,3,0,0,0,0,0,0,1,1,1,0,0,0,0,0,0,0,0,0,0,0,0,0,0,0,0,0,0,0,0,0,0
netty,io/netty/buffer/SizeClasses,SizeClasses,dataset/projects/netty/buffer/src/main/java/io/netty/buffer/SizeClasses.java,,1,2,0,0,0,1,0,0,0,1,0,0,0,0,0,0,0,0,0,0,0,0,0,0,0,0,0,0,0,0,0,0,0,0,0
netty,io/netty/buffer/SlicedByteBuf,SlicedByteBuf,,C:/Users/ismak/Documents/GitHub/relation_test_code_smell_ML/dataset/projects/netty/buffer/src/test/java/io/netty/buffer/SlicedByteBufTest.java,0,0,1,8,0,0,0,0,0,0,1,1,1,0,1,0,0,0,1,0,0,0,0,0,0,0,0,0,0,1,1,0,0,1,0
netty,io/netty/buffer/SwappedByteBuf,SwappedByteBuf,dataset/projects/netty/buffer/src/main/java/io/netty/buffer/SwappedByteBuf.java,,1,2,0,0,0,1,0,0,0,1,0,0,0,0,0,0,0,0,0,0,0,0,0,0,0,0,0,0,0,0,0,0,0,0,0
netty,io/netty/buffer/Unpooled,Unpooled,dataset/projects/netty/buffer/src/main/java/io/netty/buffer/Unpooled.java,C:/Users/ismak/Documents/GitHub/relation_test_code_smell_ML/dataset/projects/netty/buffer/src/test/java/io/netty/buffer/UnpooledTest.java,1,5,1,10,0,3,0,1,0,1,1,1,1,0,1,1,0,0,0,1,0,0,0,0,0,0,0,0,0,1,1,1,0,1,0
netty,io/netty/buffer/UnpooledByteBufAllocator,UnpooledByteBufAllocator,,C:/Users/ismak/Documents/GitHub/relation_test_code_smell_ML/dataset/projects/netty/buffer/src/test/java/io/netty/buffer/UnpooledByteBufAllocatorTest.java,0,0,1,3,0,0,0,0,0,0,1,1,1,0,0,0,0,0,0,0,0,0,0,0,0,0,0,0,0,0,0,0,0,0,0
netty,io/netty/buffer/UnpooledDirectByteBuf,UnpooledDirectByteBuf,dataset/projects/netty/buffer/src/main/java/io/netty/buffer/UnpooledDirectByteBuf.java,,1,3,0,0,0,1,0,1,0,1,0,0,0,0,0,0,0,0,0,0,0,0,0,0,0,0,0,0,0,0,0,0,0,0,0
netty,io/netty/buffer/UnpooledDuplicatedByteBuf,UnpooledDuplicatedByteBuf,dataset/projects/netty/buffer/src/main/java/io/netty/buffer/UnpooledDuplicatedByteBuf.java,,1,1,0,0,0,0,0,0,0,1,0,0,0,0,0,0,0,0,0,0,0,0,0,0,0,0,0,0,0,0,0,0,0,0,0
netty,io/netty/buffer/UnpooledHeapByteBuf,UnpooledHeapByteBuf,dataset/projects/netty/buffer/src/main/java/io/netty/buffer/UnpooledHeapByteBuf.java,,1,3,0,0,0,1,0,1,0,1,0,0,0,0,0,0,0,0,0,0,0,0,0,0,0,0,0,0,0,0,0,0,0,0,0
netty,io/netty/buffer/UnpooledSlicedByteBuf,UnpooledSlicedByteBuf,dataset/projects/netty/buffer/src/main/java/io/netty/buffer/UnpooledSlicedByteBuf.java,,1,1,0,0,0,0,0,0,0,1,0,0,0,0,0,0,0,0,0,0,0,0,0,0,0,0,0,0,0,0,0,0,0,0,0
netty,io/netty/buffer/UnpooledUnsafeDirectByteBuf,UnpooledUnsafeDirectByteBuf,dataset/projects/netty/buffer/src/main/java/io/netty/buffer/UnpooledUnsafeDirectByteBuf.java,,1,2,0,0,0,0,0,1,0,1,0,0,0,0,0,0,0,0,0,0,0,0,0,0,0,0,0,0,0,0,0,0,0,0,0
netty,io/netty/buffer/UnpooledUnsafeHeapByteBuf,UnpooledUnsafeHeapByteBuf,dataset/projects/netty/buffer/src/main/java/io/netty/buffer/UnpooledUnsafeHeapByteBuf.java,,1,1,0,0,0,0,0,0,0,1,0,0,0,0,0,0,0,0,0,0,0,0,0,0,0,0,0,0,0,0,0,0,0,0,0
netty,io/netty/buffer/UnreleasableByteBuf,UnreleasableByteBuf,dataset/projects/netty/buffer/src/main/java/io/netty/buffer/UnreleasableByteBuf.java,,1,1,0,0,0,0,0,0,0,1,0,0,0,0,0,0,0,0,0,0,0,0,0,0,0,0,0,0,0,0,0,0,0,0,0
netty,io/netty/buffer/UnreleaseableByteBuf,UnreleaseableByteBuf,,C:/Users/ismak/Documents/GitHub/relation_test_code_smell_ML/dataset/projects/netty/buffer/src/test/java/io/netty/buffer/UnreleaseableByteBufTest.java,0,0,1,6,0,0,0,0,0,0,1,1,1,0,1,0,0,0,0,0,0,0,0,0,0,0,0,0,0,1,0,0,0,1,0
netty,io/netty/buffer/UnsafeByteBufUtil,UnsafeByteBufUtil,dataset/projects/netty/buffer/src/main/java/io/netty/buffer/UnsafeByteBufUtil.java,C:/Users/ismak/Documents/GitHub/relation_test_code_smell_ML/dataset/projects/netty/buffer/src/test/java/io/netty/buffer/UnsafeByteBufUtilTest.java,1,2,1,6,0,1,0,0,0,1,1,1,1,0,1,0,0,0,0,1,0,0,0,0,0,0,0,0,0,0,0,1,0,0,0
netty,io/netty/buffer/WrappedByteBuf,WrappedByteBuf,dataset/projects/netty/buffer/src/main/java/io/netty/buffer/WrappedByteBuf.java,,1,2,0,0,0,1,0,0,0,1,0,0,0,0,0,0,0,0,0,0,0,0,0,0,0,0,0,0,0,0,0,0,0,0,0
netty,io/netty/buffer/WrappedCompositeByteBuf,WrappedCompositeByteBuf,dataset/projects/netty/buffer/src/main/java/io/netty/buffer/WrappedCompositeByteBuf.java,C:/Users/ismak/Documents/GitHub/relation_test_code_smell_ML/dataset/projects/netty/buffer/src/test/java/io/netty/buffer/WrappedCompositeByteBufTest.java,1,2,1,3,0,1,0,0,0,1,1,1,1,0,0,0,0,0,0,0,0,0,0,0,0,0,0,0,0,0,0,0,0,0,0
netty,io/netty/buffer/WrappedUnpooledUnsafeByteBuf,WrappedUnpooledUnsafeByteBuf,,C:/Users/ismak/Documents/GitHub/relation_test_code_smell_ML/dataset/projects/netty/buffer/src/test/java/io/netty/buffer/WrappedUnpooledUnsafeByteBufTest.java,0,0,1,5,0,0,0,0,0,0,1,1,1,0,0,0,0,0,1,0,0,0,0,0,0,0,0,0,0,0,1,0,0,0,0
netty,io/netty/buffer/search/BitapSearchProcessorFactory,BitapSearchProcessorFactory,,C:/Users/ismak/Documents/GitHub/relation_test_code_smell_ML/dataset/projects/netty/buffer/src/test/java/io/netty/buffer/search/BitapSearchProcessorFactoryTest.java,0,0,1,4,0,0,0,0,0,0,1,1,1,0,0,0,0,0,0,0,0,0,0,0,0,0,0,0,0,0,1,0,0,0,0
netty,io/netty/buffer/search/MultiSearchProcessor,MultiSearchProcessor,,C:/Users/ismak/Documents/GitHub/relation_test_code_smell_ML/dataset/projects/netty/buffer/src/test/java/io/netty/buffer/search/MultiSearchProcessorTest.java,0,0,1,6,0,0,0,0,0,0,1,1,1,0,1,0,0,0,0,0,0,0,0,0,0,0,0,0,0,1,0,0,0,1,0
netty,io/netty/buffer/search/SearchProcessor,SearchProcessor,,C:/Users/ismak/Documents/GitHub/relation_test_code_smell_ML/dataset/projects/netty/buffer/src/test/java/io/netty/buffer/search/SearchProcessorTest.java,0,0,1,7,0,0,0,0,0,0,1,1,1,0,1,1,0,0,0,0,0,0,0,0,0,0,0,0,0,1,0,0,0,1,0
netty,io/netty/channel/AbstractChannel,AbstractChannel,dataset/projects/netty/transport/src/main/java/io/netty/channel/AbstractChannel.java,C:/Users/ismak/Documents/GitHub/relation_test_code_smell_ML/dataset/projects/netty/transport/src/test/java/io/netty/channel/AbstractChannelTest.java,1,7,1,5,1,2,0,2,0,2,1,1,1,0,0,0,0,0,0,1,0,0,0,0,0,0,0,0,0,0,1,0,0,0,0
netty,io/netty/channel/AbstractChannelHandlerContext,AbstractChannelHandlerContext,dataset/projects/netty/transport/src/main/java/io/netty/channel/AbstractChannelHandlerContext.java,,1,6,0,0,1,3,0,1,0,1,0,0,0,0,0,0,0,0,0,0,0,0,0,0,0,0,0,0,0,0,0,0,0,0,0
netty,io/netty/channel/AbstractCoalescingBufferQueue,AbstractCoalescingBufferQueue,dataset/projects/netty/transport/src/main/java/io/netty/channel/AbstractCoalescingBufferQueue.java,C:/Users/ismak/Documents/GitHub/relation_test_code_smell_ML/dataset/projects/netty/transport/src/test/java/io/netty/channel/AbstractCoalescingBufferQueueTest.java,1,3,1,7,0,2,0,0,0,1,1,1,1,0,1,0,0,0,0,0,0,0,0,0,0,0,0,0,0,0,1,1,0,1,0
netty,io/netty/channel/AbstractEventLoop,AbstractEventLoop,,C:/Users/ismak/Documents/GitHub/relation_test_code_smell_ML/dataset/projects/netty/transport/src/test/java/io/netty/channel/AbstractEventLoopTest.java,0,0,1,6,0,0,0,0,0,0,1,1,1,0,1,0,0,0,0,1,0,0,0,0,0,0,0,0,0,0,0,1,0,0,0
netty,io/netty/channel/AbstractIoHandlerEventCount,AbstractIoHandlerEventCount,,C:/Users/ismak/Documents/GitHub/relation_test_code_smell_ML/dataset/projects/netty/transport/src/test/java/io/netty/channel/AbstractIoHandlerEventCountTest.java,0,0,1,7,0,0,0,0,0,0,1,1,1,0,0,1,0,0,0,1,0,0,0,0,0,0,1,0,0,0,0,0,0,1,0
netty,io/netty/channel/AdaptiveRecvByteBufAllocator,AdaptiveRecvByteBufAllocator,,C:/Users/ismak/Documents/GitHub/relation_test_code_smell_ML/dataset/projects/netty/transport/src/test/java/io/netty/channel/AdaptiveRecvByteBufAllocatorTest.java,0,0,1,4,0,0,0,0,0,0,1,1,1,0,0,0,0,0,0,0,0,0,0,0,0,0,0,0,0,0,1,0,0,0,0
netty,io/netty/channel/BaseChannel,BaseChannel,,C:/Users/ismak/Documents/GitHub/relation_test_code_smell_ML/dataset/projects/netty/transport/src/test/java/io/netty/channel/BaseChannelTest.java,0,0,1,4,0,0,0,0,0,0,1,1,1,0,0,0,1,0,0,0,0,0,0,0,0,0,0,0,0,0,0,0,0,0,0
netty,io/netty/channel/Channel,Channel,dataset/projects/netty/transport/src/main/java/io/netty/channel/Channel.java,,1,2,0,0,0,0,0,0,0,2,0,0,0,0,0,0,0,0,0,0,0,0,0,0,0,0,0,0,0,0,0,0,0,0,0
netty,io/netty/channel/ChannelFlushPromiseNotifier,ChannelFlushPromiseNotifier,dataset/projects/netty/transport/src/main/java/io/netty/channel/ChannelFlushPromiseNotifier.java,,1,2,0,0,0,1,0,0,0,1,0,0,0,0,0,0,0,0,0,0,0,0,0,0,0,0,0,0,0,0,0,0,0,0,0
netty,io/netty/channel/ChannelHandlerContext,ChannelHandlerContext,dataset/projects/netty/transport/src/main/java/io/netty/channel/ChannelHandlerContext.java,,1,1,0,0,0,0,0,0,0,1,0,0,0,0,0,0,0,0,0,0,0,0,0,0,0,0,0,0,0,0,0,0,0,0,0
netty,io/netty/channel/ChannelHandlerMask,ChannelHandlerMask,dataset/projects/netty/transport/src/main/java/io/netty/channel/ChannelHandlerMask.java,,1,1,0,0,0,1,0,0,0,0,0,0,0,0,0,0,0,0,0,0,0,0,0,0,0,0,0,0,0,0,0,0,0,0,0
netty,io/netty/channel/ChannelInitializer,ChannelInitializer,,C:/Users/ismak/Documents/GitHub/relation_test_code_smell_ML/dataset/projects/netty/transport/src/test/java/io/netty/channel/ChannelInitializerTest.java,0,0,1,10,0,0,0,0,0,0,1,1,1,0,1,1,0,0,0,1,1,0,0,0,0,0,0,0,0,0,1,1,0,1,0
netty,io/netty/channel/ChannelOption,ChannelOption,,C:/Users/ismak/Documents/GitHub/relation_test_code_smell_ML/dataset/projects/netty/transport/src/test/java/io/netty/channel/ChannelOptionTest.java,0,0,1,5,0,0,0,0,0,0,1,1,1,0,1,0,0,0,0,1,0,0,0,0,0,0,0,0,0,0,0,0,0,0,0
netty,io/netty/channel/ChannelOutboundBuffer,ChannelOutboundBuffer,dataset/projects/netty/transport/src/main/java/io/netty/channel/ChannelOutboundBuffer.java,C:/Users/ismak/Documents/GitHub/relation_test_code_smell_ML/dataset/projects/netty/transport/src/test/java/io/netty/channel/ChannelOutboundBufferTest.java,1,4,1,10,0,2,0,1,0,1,1,1,1,0,1,1,0,0,0,1,0,0,0,0,1,0,1,0,0,1,0,0,0,1,0
netty,io/netty/channel/ChannelOutboundInvoker,ChannelOutboundInvoker,dataset/projects/netty/transport/src/main/java/io/netty/channel/ChannelOutboundInvoker.java,,1,1,0,0,0,0,0,0,0,1,0,0,0,0,0,0,0,0,0,0,0,0,0,0,0,0,0,0,0,0,0,0,0,0,0
netty,io/netty/channel/ChannelPipeline,ChannelPipeline,dataset/projects/netty/transport/src/main/java/io/netty/channel/ChannelPipeline.java,,1,1,0,0,0,0,0,0,0,1,0,0,0,0,0,0,0,0,0,0,0,0,0,0,0,0,0,0,0,0,0,0,0,0,0
netty,io/netty/channel/ChannelPromise,ChannelPromise,dataset/projects/netty/transport/src/main/java/io/netty/channel/ChannelPromise.java,,1,1,0,0,0,0,0,0,0,1,0,0,0,0,0,0,0,0,0,0,0,0,0,0,0,0,0,0,0,0,0,0,0,0,0
netty,io/netty/channel/CoalescingBufferQueue,CoalescingBufferQueue,,C:/Users/ismak/Documents/GitHub/relation_test_code_smell_ML/dataset/projects/netty/transport/src/test/java/io/netty/channel/CoalescingBufferQueueTest.java,0,0,1,8,0,0,0,0,0,0,1,1,1,0,1,0,0,0,0,0,0,0,0,0,0,0,0,0,0,1,1,1,0,1,0
netty,io/netty/channel/CombinedChannelDuplexHandler,CombinedChannelDuplexHandler,dataset/projects/netty/transport/src/main/java/io/netty/channel/CombinedChannelDuplexHandler.java,C:/Users/ismak/Documents/GitHub/relation_test_code_smell_ML/dataset/projects/netty/transport/src/test/java/io/netty/channel/CombinedChannelDuplexHandlerTest.java,1,2,1,7,0,0,0,0,0,2,1,1,1,0,1,0,0,0,0,1,0,0,0,0,0,0,0,0,0,1,1,0,0,0,0
netty,io/netty/channel/CompleteChannelFuture,CompleteChannelFuture,,C:/Users/ismak/Documents/GitHub/relation_test_code_smell_ML/dataset/projects/netty/transport/src/test/java/io/netty/channel/CompleteChannelFutureTest.java,0,0,1,6,0,0,0,0,0,0,1,1,1,0,1,0,0,0,0,1,0,0,0,0,0,0,0,0,0,0,1,0,0,0,0
netty,io/netty/channel/DefaultAddressedEnvelope,DefaultAddressedEnvelope,dataset/projects/netty/transport/src/main/java/io/netty/channel/DefaultAddressedEnvelope.java,,1,1,0,0,0,0,0,0,0,1,0,0,0,0,0,0,0,0,0,0,0,0,0,0,0,0,0,0,0,0,0,0,0,0,0
netty,io/netty/channel/DefaultChannelConfig,DefaultChannelConfig,dataset/projects/netty/transport/src/main/java/io/netty/channel/DefaultChannelConfig.java,,1,5,0,0,1,3,0,0,0,1,0,0,0,0,0,0,0,0,0,0,0,0,0,0,0,0,0,0,0,0,0,0,0,0,0
netty,io/netty/channel/DefaultChannelId,DefaultChannelId,dataset/projects/netty/transport/src/main/java/io/netty/channel/DefaultChannelId.java,C:/Users/ismak/Documents/GitHub/relation_test_code_smell_ML/dataset/projects/netty/transport/src/test/java/io/netty/channel/DefaultChannelIdTest.java,1,1,1,5,0,0,0,0,0,1,1,1,1,0,1,0,0,0,0,1,0,0,0,0,0,0,0,0,0,0,0,0,0,0,0
netty,io/netty/channel/DefaultChannelPipeline,DefaultChannelPipeline,dataset/projects/netty/transport/src/main/java/io/netty/channel/DefaultChannelPipeline.java,C:/Users/ismak/Documents/GitHub/relation_test_code_smell_ML/dataset/projects/netty/transport/src/test/java/io/netty/channel/DefaultChannelPipelineTest.java,1,6,1,10,1,1,0,1,0,3,1,1,1,0,1,1,0,0,0,1,0,0,0,0,0,0,0,0,0,1,1,1,0,1,0
netty,io/netty/channel/DefaultChannelPipelineTail,DefaultChannelPipelineTail,,C:/Users/ismak/Documents/GitHub/relation_test_code_smell_ML/dataset/projects/netty/transport/src/test/java/io/netty/channel/DefaultChannelPipelineTailTest.java,0,0,1,5,0,0,0,0,0,0,1,1,1,0,1,0,0,0,0,1,0,0,0,0,0,0,0,0,0,0,0,0,0,0,0
netty,io/netty/channel/DefaultChannelProgressivePromise,DefaultChannelProgressivePromise,dataset/projects/netty/transport/src/main/java/io/netty/channel/DefaultChannelProgressivePromise.java,,1,1,0,0,0,0,0,0,0,1,0,0,0,0,0,0,0,0,0,0,0,0,0,0,0,0,0,0,0,0,0,0,0,0,0
netty,io/netty/channel/DefaultChannelPromise,DefaultChannelPromise,dataset/projects/netty/transport/src/main/java/io/netty/channel/DefaultChannelPromise.java,C:/Users/ismak/Documents/GitHub/relation_test_code_smell_ML/dataset/projects/netty/transport/src/test/java/io/netty/channel/DefaultChannelPromiseTest.java,1,1,1,3,0,0,0,0,0,1,1,1,1,0,0,0,0,0,0,0,0,0,0,0,0,0,0,0,0,0,0,0,0,0,0
netty,io/netty/channel/DefaultFileRegion,DefaultFileRegion,dataset/projects/netty/transport/src/main/java/io/netty/channel/DefaultFileRegion.java,C:/Users/ismak/Documents/GitHub/relation_test_code_smell_ML/dataset/projects/netty/transport/src/test/java/io/netty/channel/DefaultFileRegionTest.java,1,1,1,11,0,0,0,0,0,1,1,1,1,0,1,0,0,0,0,1,0,1,0,0,0,0,0,0,0,1,1,1,1,1,0
netty,io/netty/channel/DefaultMaxBytesRecvByteBufAllocator,DefaultMaxBytesRecvByteBufAllocator,dataset/projects/netty/transport/src/main/java/io/netty/channel/DefaultMaxBytesRecvByteBufAllocator.java,,1,1,0,0,0,0,0,0,0,1,0,0,0,0,0,0,0,0,0,0,0,0,0,0,0,0,0,0,0,0,0,0,0,0,0
netty,io/netty/channel/DefaultMaxMessagesRecvByteBufAllocator,DefaultMaxMessagesRecvByteBufAllocator,dataset/projects/netty/transport/src/main/java/io/netty/channel/DefaultMaxMessagesRecvByteBufAllocator.java,C:/Users/ismak/Documents/GitHub/relation_test_code_smell_ML/dataset/projects/netty/transport/src/test/java/io/netty/channel/DefaultMaxMessagesRecvByteBufAllocatorTest.java,1,1,1,5,0,0,0,0,0,1,1,1,1,0,1,0,0,0,0,0,0,0,0,0,0,0,0,0,0,1,0,0,0,0,0
netty,io/netty/channel/DelegatingChannelPromiseNotifier,DelegatingChannelPromiseNotifier,dataset/projects/netty/transport/src/main/java/io/netty/channel/DelegatingChannelPromiseNotifier.java,C:/Users/ismak/Documents/GitHub/relation_test_code_smell_ML/dataset/projects/netty/transport/src/test/java/io/netty/channel/DelegatingChannelPromiseNotifierTest.java,1,1,1,4,0,0,0,0,0,1,1,1,1,0,0,0,0,0,0,0,0,0,0,0,0,0,0,0,0,0,1,0,0,0,0
netty,io/netty/channel/FailedChannelFuture,FailedChannelFuture,,C:/Users/ismak/Documents/GitHub/relation_test_code_smell_ML/dataset/projects/netty/transport/src/test/java/io/netty/channel/FailedChannelFutureTest.java,0,0,1,4,0,0,0,0,0,0,1,1,1,0,1,0,0,0,0,0,0,0,0,0,0,0,0,0,0,0,0,0,0,0,0
netty,io/netty/channel/ManualIoEventLoop,ManualIoEventLoop,dataset/projects/netty/transport/src/main/java/io/netty/channel/ManualIoEventLoop.java,C:/Users/ismak/Documents/GitHub/relation_test_code_smell_ML/dataset/projects/netty/transport/src/test/java/io/netty/channel/ManualIoEventLoopTest.java,1,6,1,10,1,3,0,1,0,1,1,1,1,0,1,1,0,0,0,1,0,0,0,0,0,0,0,0,0,1,1,1,0,1,0
netty,io/netty/channel/MultiThreadIoEventLoopGroup,MultiThreadIoEventLoopGroup,,C:/Users/ismak/Documents/GitHub/relation_test_code_smell_ML/dataset/projects/netty/transport/src/test/java/io/netty/channel/MultiThreadIoEventLoopGroupTest.java,0,0,1,8,0,0,0,0,0,0,1,1,1,0,1,0,0,0,0,1,0,0,0,0,0,0,1,0,0,1,0,0,0,1,0
netty,io/netty/channel/NativeImageHandlerMetadata,NativeImageHandlerMetadata,,C:/Users/ismak/Documents/GitHub/relation_test_code_smell_ML/dataset/projects/netty/transport/src/test/java/io/netty/channel/NativeImageHandlerMetadataTest.java,0,0,1,4,0,0,0,0,0,0,1,1,1,0,0,0,0,0,0,0,0,0,0,0,0,0,0,0,0,0,1,0,0,0,0
netty,io/netty/channel/PendingWriteQueue,PendingWriteQueue,dataset/projects/netty/transport/src/main/java/io/netty/channel/PendingWriteQueue.java,C:/Users/ismak/Documents/GitHub/relation_test_code_smell_ML/dataset/projects/netty/transport/src/test/java/io/netty/channel/PendingWriteQueueTest.java,1,1,1,5,0,0,0,0,0,1,1,1,1,0,1,0,0,0,0,0,0,0,0,0,0,0,0,0,0,0,0,0,0,1,0
netty,io/netty/channel/PreferHeapByteBufAllocator,PreferHeapByteBufAllocator,dataset/projects/netty/transport/src/main/java/io/netty/channel/PreferHeapByteBufAllocator.java,,1,1,0,0,0,0,0,0,0,1,0,0,0,0,0,0,0,0,0,0,0,0,0,0,0,0,0,0,0,0,0,0,0,0,0
netty,io/netty/channel/RecvByteBufAllocator,RecvByteBufAllocator,dataset/projects/netty/transport/src/main/java/io/netty/channel/RecvByteBufAllocator.java,,1,1,0,0,0,0,0,0,0,1,0,0,0,0,0,0,0,0,0,0,0,0,0,0,0,0,0,0,0,0,0,0,0,0,0
netty,io/netty/channel/ReentrantChannel,ReentrantChannel,,C:/Users/ismak/Documents/GitHub/relation_test_code_smell_ML/dataset/projects/netty/transport/src/test/java/io/netty/channel/ReentrantChannelTest.java,0,0,1,5,0,0,0,0,0,0,1,1,1,0,1,0,0,0,0,1,0,0,0,0,0,0,0,0,0,0,0,0,0,0,0
netty,io/netty/channel/SimpleUserEventChannelHandler,SimpleUserEventChannelHandler,,C:/Users/ismak/Documents/GitHub/relation_test_code_smell_ML/dataset/projects/netty/transport/src/test/java/io/netty/channel/SimpleUserEventChannelHandlerTest.java,0,0,1,5,0,0,0,0,0,0,1,1,1,0,1,0,0,0,0,0,0,0,0,0,0,0,0,0,0,0,0,0,0,1,0
netty,io/netty/channel/SingleThreadEventLoop,SingleThreadEventLoop,dataset/projects/netty/transport/src/main/java/io/netty/channel/SingleThreadEventLoop.java,C:/Users/ismak/Documents/GitHub/relation_test_code_smell_ML/dataset/projects/netty/transport/src/test/java/io/netty/channel/SingleThreadEventLoopTest.java,1,1,1,11,0,0,0,0,0,1,1,1,1,0,1,1,0,0,0,1,0,0,0,0,0,0,1,0,0,1,1,1,0,1,0
netty,io/netty/channel/SingleThreadIoEventLoop,SingleThreadIoEventLoop,dataset/projects/netty/transport/src/main/java/io/netty/channel/SingleThreadIoEventLoop.java,C:/Users/ismak/Documents/GitHub/relation_test_code_smell_ML/dataset/projects/netty/transport/src/test/java/io/netty/channel/SingleThreadIoEventLoopTest.java,1,1,1,4,0,0,0,0,0,1,1,1,1,0,0,0,0,0,0,0,0,0,0,0,0,0,0,0,0,0,0,1,0,0,0
netty,io/netty/channel/SucceededChannelFuture,SucceededChannelFuture,,C:/Users/ismak/Documents/GitHub/relation_test_code_smell_ML/dataset/projects/netty/transport/src/test/java/io/netty/channel/SucceededChannelFutureTest.java,0,0,1,4,0,0,0,0,0,0,1,1,1,0,1,0,0,0,0,0,0,0,0,0,0,0,0,0,0,0,0,0,0,0,0
netty,io/netty/channel/ThreadPerChannelEventLoopGroup,ThreadPerChannelEventLoopGroup,dataset/projects/netty/transport/src/main/java/io/netty/channel/ThreadPerChannelEventLoopGroup.java,C:/Users/ismak/Documents/GitHub/relation_test_code_smell_ML/dataset/projects/netty/transport/src/test/java/io/netty/channel/ThreadPerChannelEventLoopGroupTest.java,1,2,1,6,0,0,0,1,0,1,1,1,1,0,0,1,0,0,0,1,0,0,0,0,0,0,0,0,0,0,1,0,0,0,0
netty,io/netty/channel/VoidChannelPromise,VoidChannelPromise,dataset/projects/netty/transport/src/main/java/io/netty/channel/VoidChannelPromise.java,,1,1,0,0,0,0,0,0,0,1,0,0,0,0,0,0,0,0,0,0,0,0,0,0,0,0,0,0,0,0,0,0,0,0,0
netty,io/netty/channel/embedded/EmbeddedChannel,EmbeddedChannel,dataset/projects/netty/transport/src/main/java/io/netty/channel/embedded/EmbeddedChannel.java,C:/Users/ismak/Documents/GitHub/relation_test_code_smell_ML/dataset/projects/netty/transport/src/test/java/io/netty/channel/embedded/EmbeddedChannelTest.java,1,4,1,11,1,1,0,1,0,1,1,1,1,0,1,1,0,0,0,1,0,0,0,0,0,0,1,0,0,1,1,1,0,1,0
netty,io/netty/channel/embedded/EmbeddedChannelId,EmbeddedChannelId,,C:/Users/ismak/Documents/GitHub/relation_test_code_smell_ML/dataset/projects/netty/transport/src/test/java/io/netty/channel/embedded/EmbeddedChannelIdTest.java,0,0,1,6,0,0,0,0,0,0,1,1,1,0,1,0,0,0,0,1,0,0,0,0,0,0,0,0,0,0,0,0,0,1,0
netty,io/netty/channel/embedded/EmbeddedEventLoop,EmbeddedEventLoop,dataset/projects/netty/transport/src/main/java/io/netty/channel/embedded/EmbeddedEventLoop.java,,1,1,0,0,0,0,0,0,0,1,0,0,0,0,0,0,0,0,0,0,0,0,0,0,0,0,0,0,0,0,0,0,0,0,0
netty,io/netty/channel/epoll/AbstractEpollChannel,AbstractEpollChannel,dataset/projects/netty/transport-classes-epoll/src/main/java/io/netty/channel/epoll/AbstractEpollChannel.java,,1,5,0,0,1,0,0,2,0,2,0,0,0,0,0,0,0,0,0,0,0,0,0,0,0,0,0,0,0,0,0,0,0,0,0
netty,io/netty/channel/epoll/AbstractEpollStreamChannel,AbstractEpollStreamChannel,dataset/projects/netty/transport-classes-epoll/src/main/java/io/netty/channel/epoll/AbstractEpollStreamChannel.java,,1,5,0,0,1,2,0,1,0,1,0,0,0,0,0,0,0,0,0,0,0,0,0,0,0,0,0,0,0,0,0,0,0,0,0
netty,io/netty/channel/epoll/Epoll,Epoll,,C:/Users/ismak/Documents/GitHub/relation_test_code_smell_ML/dataset/projects/netty/transport-native-epoll/src/test/java/io/netty/channel/epoll/EpollTest.java,0,0,1,7,0,0,0,0,0,0,1,1,1,0,1,0,0,0,0,1,0,0,0,0,0,0,0,0,0,1,0,0,0,1,0
netty,io/netty/channel/epoll/EpollAbstractDomainSocketEcho,EpollAbstractDomainSocketEcho,,C:/Users/ismak/Documents/GitHub/relation_test_code_smell_ML/dataset/projects/netty/transport-native-epoll/src/test/java/io/netty/channel/epoll/EpollAbstractDomainSocketEchoTest.java,0,0,1,3,0,0,0,0,0,0,1,1,1,0,0,0,0,0,0,0,0,0,0,0,0,0,0,0,0,0,0,0,0,0,0
netty,io/netty/channel/epoll/EpollChannelConfig,EpollChannelConfig,dataset/projects/netty/transport-classes-epoll/src/main/java/io/netty/channel/epoll/EpollChannelConfig.java,C:/Users/ismak/Documents/GitHub/relation_test_code_smell_ML/dataset/projects/netty/transport-native-epoll/src/test/java/io/netty/channel/epoll/EpollChannelConfigTest.java,1,1,1,4,0,0,0,0,0,1,1,1,1,0,0,0,0,0,0,1,0,0,0,0,0,0,0,0,0,0,0,0,0,0,0
netty,io/netty/channel/epoll/EpollCompositeBufferGatheringWrite,EpollCompositeBufferGatheringWrite,,C:/Users/ismak/Documents/GitHub/relation_test_code_smell_ML/dataset/projects/netty/transport-native-epoll/src/test/java/io/netty/channel/epoll/EpollCompositeBufferGatheringWriteTest.java,0,0,1,3,0,0,0,0,0,0,1,1,1,0,0,0,0,0,0,0,0,0,0,0,0,0,0,0,0,0,0,0,0,0,0
netty,io/netty/channel/epoll/EpollDatagramChannel,EpollDatagramChannel,dataset/projects/netty/transport-classes-epoll/src/main/java/io/netty/channel/epoll/EpollDatagramChannel.java,C:/Users/ismak/Documents/GitHub/relation_test_code_smell_ML/dataset/projects/netty/transport-native-epoll/src/test/java/io/netty/channel/epoll/EpollDatagramChannelTest.java,1,7,1,7,1,4,0,1,0,1,1,1,1,0,1,0,0,0,0,1,0,0,0,0,0,0,0,0,0,0,1,0,0,1,0
netty,io/netty/channel/epoll/EpollDatagramChannelConfig,EpollDatagramChannelConfig,dataset/projects/netty/transport-classes-epoll/src/main/java/io/netty/channel/epoll/EpollDatagramChannelConfig.java,C:/Users/ismak/Documents/GitHub/relation_test_code_smell_ML/dataset/projects/netty/transport-native-epoll/src/test/java/io/netty/channel/epoll/EpollDatagramChannelConfigTest.java,1,5,1,5,0,3,0,1,0,1,1,1,1,0,1,0,0,0,0,1,0,0,0,0,0,0,0,0,0,0,0,0,0,0,0
netty,io/netty/channel/epoll/EpollDatagramConnectNotExists,EpollDatagramConnectNotExists,,C:/Users/ismak/Documents/GitHub/relation_test_code_smell_ML/dataset/projects/netty/transport-native-epoll/src/test/java/io/netty/channel/epoll/EpollDatagramConnectNotExistsTest.java,0,0,1,3,0,0,0,0,0,0,1,1,1,0,0,0,0,0,0,0,0,0,0,0,0,0,0,0,0,0,0,0,0,0,0
netty,io/netty/channel/epoll/EpollDatagramMulticast,EpollDatagramMulticast,,C:/Users/ismak/Documents/GitHub/relation_test_code_smell_ML/dataset/projects/netty/transport-native-epoll/src/test/java/io/netty/channel/epoll/EpollDatagramMulticastTest.java,0,0,1,3,0,0,0,0,0,0,1,1,1,0,0,0,0,0,0,0,0,0,0,0,0,0,0,0,0,0,0,0,0,0,0
netty,io/netty/channel/epoll/EpollDatagramMulticastIPv6,EpollDatagramMulticastIPv6,,C:/Users/ismak/Documents/GitHub/relation_test_code_smell_ML/dataset/projects/netty/transport-native-epoll/src/test/java/io/netty/channel/epoll/EpollDatagramMulticastIPv6Test.java,0,0,1,3,0,0,0,0,0,0,1,1,1,0,0,0,0,0,0,0,0,0,0,0,0,0,0,0,0,0,0,0,0,0,0
netty,io/netty/channel/epoll/EpollDatagramMulticastIpv6WithIpv4Addr,EpollDatagramMulticastIpv6WithIpv4Addr,,C:/Users/ismak/Documents/GitHub/relation_test_code_smell_ML/dataset/projects/netty/transport-native-epoll/src/test/java/io/netty/channel/epoll/EpollDatagramMulticastIpv6WithIpv4AddrTest.java,0,0,1,3,0,0,0,0,0,0,1,1,1,0,0,0,0,0,0,0,0,0,0,0,0,0,0,0,0,0,0,0,0,0,0
netty,io/netty/channel/epoll/EpollDatagramScatteringRead,EpollDatagramScatteringRead,,C:/Users/ismak/Documents/GitHub/relation_test_code_smell_ML/dataset/projects/netty/transport-native-epoll/src/test/java/io/netty/channel/epoll/EpollDatagramScatteringReadTest.java,0,0,1,6,0,0,0,0,0,0,1,1,1,0,0,0,0,0,0,1,0,0,0,0,0,0,0,0,0,0,1,1,0,0,0
netty,io/netty/channel/epoll/EpollDatagramUnicast,EpollDatagramUnicast,,C:/Users/ismak/Documents/GitHub/relation_test_code_smell_ML/dataset/projects/netty/transport-native-epoll/src/test/java/io/netty/channel/epoll/EpollDatagramUnicastTest.java,0,0,1,6,0,0,0,0,0,0,1,1,1,0,0,0,0,0,0,1,0,0,0,0,0,0,0,0,0,0,1,1,0,0,0
netty,io/netty/channel/epoll/EpollDatagramUnicastIPv6,EpollDatagramUnicastIPv6,,C:/Users/ismak/Documents/GitHub/relation_test_code_smell_ML/dataset/projects/netty/transport-native-epoll/src/test/java/io/netty/channel/epoll/EpollDatagramUnicastIPv6Test.java,0,0,1,3,0,0,0,0,0,0,1,1,1,0,0,0,0,0,0,0,0,0,0,0,0,0,0,0,0,0,0,0,0,0,0
netty,io/netty/channel/epoll/EpollDatagramUnicastIPv6Mapped,EpollDatagramUnicastIPv6Mapped,,C:/Users/ismak/Documents/GitHub/relation_test_code_smell_ML/dataset/projects/netty/transport-native-epoll/src/test/java/io/netty/channel/epoll/EpollDatagramUnicastIPv6MappedTest.java,0,0,1,3,0,0,0,0,0,0,1,1,1,0,0,0,0,0,0,0,0,0,0,0,0,0,0,0,0,0,0,0,0,0,0
netty,io/netty/channel/epoll/EpollDetectPeerCloseWithoutRead,EpollDetectPeerCloseWithoutRead,,C:/Users/ismak/Documents/GitHub/relation_test_code_smell_ML/dataset/projects/netty/transport-native-epoll/src/test/java/io/netty/channel/epoll/EpollDetectPeerCloseWithoutReadTest.java,0,0,1,3,0,0,0,0,0,0,1,1,1,0,0,0,0,0,0,0,0,0,0,0,0,0,0,0,0,0,0,0,0,0,0
netty,io/netty/channel/epoll/EpollDomainDatagramChannel,EpollDomainDatagramChannel,dataset/projects/netty/transport-classes-epoll/src/main/java/io/netty/channel/epoll/EpollDomainDatagramChannel.java,C:/Users/ismak/Documents/GitHub/relation_test_code_smell_ML/dataset/projects/netty/transport-native-epoll/src/test/java/io/netty/channel/epoll/EpollDomainDatagramChannelTest.java,1,4,1,4,0,2,0,1,0,1,1,1,1,0,0,0,0,0,0,0,0,0,0,0,0,0,0,0,0,0,0,0,0,1,0
netty,io/netty/channel/epoll/EpollDomainDatagramChannelConfig,EpollDomainDatagramChannelConfig,dataset/projects/netty/transport-classes-epoll/src/main/java/io/netty/channel/epoll/EpollDomainDatagramChannelConfig.java,,1,1,0,0,0,0,0,0,0,1,0,0,0,0,0,0,0,0,0,0,0,0,0,0,0,0,0,0,0,0,0,0,0,0,0
netty,io/netty/channel/epoll/EpollDomainDatagramPath,EpollDomainDatagramPath,,C:/Users/ismak/Documents/GitHub/relation_test_code_smell_ML/dataset/projects/netty/transport-native-epoll/src/test/java/io/netty/channel/epoll/EpollDomainDatagramPathTest.java,0,0,1,4,0,0,0,0,0,0,1,1,1,0,0,0,0,0,0,0,0,0,0,0,0,0,0,0,0,0,0,1,0,0,0
netty,io/netty/channel/epoll/EpollDomainDatagramUnicast,EpollDomainDatagramUnicast,,C:/Users/ismak/Documents/GitHub/relation_test_code_smell_ML/dataset/projects/netty/transport-native-epoll/src/test/java/io/netty/channel/epoll/EpollDomainDatagramUnicastTest.java,0,0,1,4,0,0,0,0,0,0,1,1,1,0,0,0,0,0,0,0,0,0,0,0,0,0,0,0,0,0,0,1,0,0,0
netty,io/netty/channel/epoll/EpollDomainSocketAddresses,EpollDomainSocketAddresses,,C:/Users/ismak/Documents/GitHub/relation_test_code_smell_ML/dataset/projects/netty/transport-native-epoll/src/test/java/io/netty/channel/epoll/EpollDomainSocketAddressesTest.java,0,0,1,3,0,0,0,0,0,0,1,1,1,0,0,0,0,0,0,0,0,0,0,0,0,0,0,0,0,0,0,0,0,0,0
netty,io/netty/channel/epoll/EpollDomainSocketChannel,EpollDomainSocketChannel,dataset/projects/netty/transport-classes-epoll/src/main/java/io/netty/channel/epoll/EpollDomainSocketChannel.java,,1,1,0,0,0,0,0,0,0,1,0,0,0,0,0,0,0,0,0,0,0,0,0,0,0,0,0,0,0,0,0,0,0,0,0
netty,io/netty/channel/epoll/EpollDomainSocketChannelConfig,EpollDomainSocketChannelConfig,dataset/projects/netty/transport-classes-epoll/src/main/java/io/netty/channel/epoll/EpollDomainSocketChannelConfig.java,,1,1,0,0,0,0,0,0,0,1,0,0,0,0,0,0,0,0,0,0,0,0,0,0,0,0,0,0,0,0,0,0,0,0,0
netty,io/netty/channel/epoll/EpollDomainSocketDataReadInitialState,EpollDomainSocketDataReadInitialState,,C:/Users/ismak/Documents/GitHub/relation_test_code_smell_ML/dataset/projects/netty/transport-native-epoll/src/test/java/io/netty/channel/epoll/EpollDomainSocketDataReadInitialStateTest.java,0,0,1,3,0,0,0,0,0,0,1,1,1,0,0,0,0,0,0,0,0,0,0,0,0,0,0,0,0,0,0,0,0,0,0
netty,io/netty/channel/epoll/EpollDomainSocketEcho,EpollDomainSocketEcho,,C:/Users/ismak/Documents/GitHub/relation_test_code_smell_ML/dataset/projects/netty/transport-native-epoll/src/test/java/io/netty/channel/epoll/EpollDomainSocketEchoTest.java,0,0,1,3,0,0,0,0,0,0,1,1,1,0,0,0,0,0,0,0,0,0,0,0,0,0,0,0,0,0,0,0,0,0,0
netty,io/netty/channel/epoll/EpollDomainSocketFd,EpollDomainSocketFd,,C:/Users/ismak/Documents/GitHub/relation_test_code_smell_ML/dataset/projects/netty/transport-native-epoll/src/test/java/io/netty/channel/epoll/EpollDomainSocketFdTest.java,0,0,1,7,0,0,0,0,0,0,1,1,1,0,1,1,0,0,0,1,0,0,0,0,0,0,0,0,0,0,1,0,0,0,0
netty,io/netty/channel/epoll/EpollDomainSocketFileRegion,EpollDomainSocketFileRegion,,C:/Users/ismak/Documents/GitHub/relation_test_code_smell_ML/dataset/projects/netty/transport-native-epoll/src/test/java/io/netty/channel/epoll/EpollDomainSocketFileRegionTest.java,0,0,1,3,0,0,0,0,0,0,1,1,1,0,0,0,0,0,0,0,0,0,0,0,0,0,0,0,0,0,0,0,0,0,0
netty,io/netty/channel/epoll/EpollDomainSocketFixedLengthEcho,EpollDomainSocketFixedLengthEcho,,C:/Users/ismak/Documents/GitHub/relation_test_code_smell_ML/dataset/projects/netty/transport-native-epoll/src/test/java/io/netty/channel/epoll/EpollDomainSocketFixedLengthEchoTest.java,0,0,1,3,0,0,0,0,0,0,1,1,1,0,0,0,0,0,0,0,0,0,0,0,0,0,0,0,0,0,0,0,0,0,0
netty,io/netty/channel/epoll/EpollDomainSocketGatheringWrite,EpollDomainSocketGatheringWrite,,C:/Users/ismak/Documents/GitHub/relation_test_code_smell_ML/dataset/projects/netty/transport-native-epoll/src/test/java/io/netty/channel/epoll/EpollDomainSocketGatheringWriteTest.java,0,0,1,3,0,0,0,0,0,0,1,1,1,0,0,0,0,0,0,0,0,0,0,0,0,0,0,0,0,0,0,0,0,0,0
netty,io/netty/channel/epoll/EpollDomainSocketObjectEcho,EpollDomainSocketObjectEcho,,C:/Users/ismak/Documents/GitHub/relation_test_code_smell_ML/dataset/projects/netty/transport-native-epoll/src/test/java/io/netty/channel/epoll/EpollDomainSocketObjectEchoTest.java,0,0,1,3,0,0,0,0,0,0,1,1,1,0,0,0,0,0,0,0,0,0,0,0,0,0,0,0,0,0,0,0,0,0,0
netty,io/netty/channel/epoll/EpollDomainSocketReuseFd,EpollDomainSocketReuseFd,,C:/Users/ismak/Documents/GitHub/relation_test_code_smell_ML/dataset/projects/netty/transport-native-epoll/src/test/java/io/netty/channel/epoll/EpollDomainSocketReuseFdTest.java,0,0,1,3,0,0,0,0,0,0,1,1,1,0,0,0,0,0,0,0,0,0,0,0,0,0,0,0,0,0,0,0,0,0,0
netty,io/netty/channel/epoll/EpollDomainSocketShutdownOutputByPeer,EpollDomainSocketShutdownOutputByPeer,,C:/Users/ismak/Documents/GitHub/relation_test_code_smell_ML/dataset/projects/netty/transport-native-epoll/src/test/java/io/netty/channel/epoll/EpollDomainSocketShutdownOutputByPeerTest.java,0,0,1,3,0,0,0,0,0,0,1,1,1,0,0,0,0,0,0,0,0,0,0,0,0,0,0,0,0,0,0,0,0,0,0
netty,io/netty/channel/epoll/EpollDomainSocketSslClientRenegotiate,EpollDomainSocketSslClientRenegotiate,,C:/Users/ismak/Documents/GitHub/relation_test_code_smell_ML/dataset/projects/netty/transport-native-epoll/src/test/java/io/netty/channel/epoll/EpollDomainSocketSslClientRenegotiateTest.java,0,0,1,3,0,0,0,0,0,0,1,1,1,0,0,0,0,0,0,0,0,0,0,0,0,0,0,0,0,0,0,0,0,0,0
netty,io/netty/channel/epoll/EpollDomainSocketSslEcho,EpollDomainSocketSslEcho,,C:/Users/ismak/Documents/GitHub/relation_test_code_smell_ML/dataset/projects/netty/transport-native-epoll/src/test/java/io/netty/channel/epoll/EpollDomainSocketSslEchoTest.java,0,0,1,3,0,0,0,0,0,0,1,1,1,0,0,0,0,0,0,0,0,0,0,0,0,0,0,0,0,0,0,0,0,0,0
netty,io/netty/channel/epoll/EpollDomainSocketSslGreeting,EpollDomainSocketSslGreeting,,C:/Users/ismak/Documents/GitHub/relation_test_code_smell_ML/dataset/projects/netty/transport-native-epoll/src/test/java/io/netty/channel/epoll/EpollDomainSocketSslGreetingTest.java,0,0,1,3,0,0,0,0,0,0,1,1,1,0,0,0,0,0,0,0,0,0,0,0,0,0,0,0,0,0,0,0,0,0,0
netty,io/netty/channel/epoll/EpollDomainSocketStartTls,EpollDomainSocketStartTls,,C:/Users/ismak/Documents/GitHub/relation_test_code_smell_ML/dataset/projects/netty/transport-native-epoll/src/test/java/io/netty/channel/epoll/EpollDomainSocketStartTlsTest.java,0,0,1,3,0,0,0,0,0,0,1,1,1,0,0,0,0,0,0,0,0,0,0,0,0,0,0,0,0,0,0,0,0,0,0
netty,io/netty/channel/epoll/EpollDomainSocketStringEcho,EpollDomainSocketStringEcho,,C:/Users/ismak/Documents/GitHub/relation_test_code_smell_ML/dataset/projects/netty/transport-native-epoll/src/test/java/io/netty/channel/epoll/EpollDomainSocketStringEchoTest.java,0,0,1,3,0,0,0,0,0,0,1,1,1,0,0,0,0,0,0,0,0,0,0,0,0,0,0,0,0,0,0,0,0,0,0
netty,io/netty/channel/epoll/EpollEventLoop,EpollEventLoop,,C:/Users/ismak/Documents/GitHub/relation_test_code_smell_ML/dataset/projects/netty/transport-native-epoll/src/test/java/io/netty/channel/epoll/EpollEventLoopTest.java,0,0,1,9,0,0,0,0,0,0,1,1,1,0,1,1,0,0,0,1,0,0,0,0,0,0,1,0,0,0,1,0,0,1,0
netty,io/netty/channel/epoll/EpollIoHandler,EpollIoHandler,dataset/projects/netty/transport-classes-epoll/src/main/java/io/netty/channel/epoll/EpollIoHandler.java,C:/Users/ismak/Documents/GitHub/relation_test_code_smell_ML/dataset/projects/netty/transport-native-epoll/src/test/java/io/netty/channel/epoll/EpollIoHandlerTest.java,1,3,1,5,1,1,0,0,0,1,1,1,1,0,1,0,0,0,0,1,0,0,0,0,0,0,0,0,0,0,0,0,0,0,0
netty,io/netty/channel/epoll/EpollIoHandlerWakeupEventCount,EpollIoHandlerWakeupEventCount,,C:/Users/ismak/Documents/GitHub/relation_test_code_smell_ML/dataset/projects/netty/transport-native-epoll/src/test/java/io/netty/channel/epoll/EpollIoHandlerWakeupEventCountTest.java,0,0,1,3,0,0,0,0,0,0,1,1,1,0,0,0,0,0,0,0,0,0,0,0,0,0,0,0,0,0,0,0,0,0,0
netty,io/netty/channel/epoll/EpollIoOps,EpollIoOps,dataset/projects/netty/transport-classes-epoll/src/main/java/io/netty/channel/epoll/EpollIoOps.java,,1,1,0,0,0,0,0,0,0,1,0,0,0,0,0,0,0,0,0,0,0,0,0,0,0,0,0,0,0,0,0,0,0,0,0
netty,io/netty/channel/epoll/EpollJdkLoopbackSocketSslEcho,EpollJdkLoopbackSocketSslEcho,,C:/Users/ismak/Documents/GitHub/relation_test_code_smell_ML/dataset/projects/netty/transport-native-epoll/src/test/java/io/netty/channel/epoll/EpollJdkLoopbackSocketSslEchoTest.java,0,0,1,3,0,0,0,0,0,0,1,1,1,0,0,0,0,0,0,0,0,0,0,0,0,0,0,0,0,0,0,0,0,0,0
netty,io/netty/channel/epoll/EpollKQueueIovArray,EpollKQueueIovArray,,C:/Users/ismak/Documents/GitHub/relation_test_code_smell_ML/dataset/projects/netty/transport-native-epoll/src/test/java/io/netty/channel/epoll/EpollKQueueIovArrayTest.java,0,0,1,3,0,0,0,0,0,0,1,1,1,0,0,0,0,0,0,0,0,0,0,0,0,0,0,0,0,0,0,0,0,0,0
netty,io/netty/channel/epoll/EpollReuseAddr,EpollReuseAddr,,C:/Users/ismak/Documents/GitHub/relation_test_code_smell_ML/dataset/projects/netty/transport-native-epoll/src/test/java/io/netty/channel/epoll/EpollReuseAddrTest.java,0,0,1,8,0,0,0,0,0,0,1,1,1,0,1,1,0,0,0,1,0,0,0,0,0,0,0,0,0,0,1,1,0,0,0
netty,io/netty/channel/epoll/EpollServerChannelConfig,EpollServerChannelConfig,dataset/projects/netty/transport-classes-epoll/src/main/java/io/netty/channel/epoll/EpollServerChannelConfig.java,,1,1,0,0,0,0,0,0,0,1,0,0,0,0,0,0,0,0,0,0,0,0,0,0,0,0,0,0,0,0,0,0,0,0,0
netty,io/netty/channel/epoll/EpollServerSocketChannelConfig,EpollServerSocketChannelConfig,dataset/projects/netty/transport-classes-epoll/src/main/java/io/netty/channel/epoll/EpollServerSocketChannelConfig.java,C:/Users/ismak/Documents/GitHub/relation_test_code_smell_ML/dataset/projects/netty/transport-native-epoll/src/test/java/io/netty/channel/epoll/EpollServerSocketChannelConfigTest.java,1,2,1,5,0,0,0,1,0,1,1,1,1,0,1,0,0,0,0,0,0,0,0,0,0,0,0,0,0,0,0,0,0,1,0
netty,io/netty/channel/epoll/EpollSocket,EpollSocket,,C:/Users/ismak/Documents/GitHub/relation_test_code_smell_ML/dataset/projects/netty/transport-native-epoll/src/test/java/io/netty/channel/epoll/EpollSocketTest.java,0,0,1,5,0,0,0,0,0,0,1,1,1,0,1,0,0,0,0,1,0,0,0,0,0,0,0,0,0,0,0,0,0,0,0
netty,io/netty/channel/epoll/EpollSocketAddresses,EpollSocketAddresses,,C:/Users/ismak/Documents/GitHub/relation_test_code_smell_ML/dataset/projects/netty/transport-native-epoll/src/test/java/io/netty/channel/epoll/EpollSocketAddressesTest.java,0,0,1,3,0,0,0,0,0,0,1,1,1,0,0,0,0,0,0,0,0,0,0,0,0,0,0,0,0,0,0,0,0,0,0
netty,io/netty/channel/epoll/EpollSocketAutoRead,EpollSocketAutoRead,,C:/Users/ismak/Documents/GitHub/relation_test_code_smell_ML/dataset/projects/netty/transport-native-epoll/src/test/java/io/netty/channel/epoll/EpollSocketAutoReadTest.java,0,0,1,3,0,0,0,0,0,0,1,1,1,0,0,0,0,0,0,0,0,0,0,0,0,0,0,0,0,0,0,0,0,0,0
netty,io/netty/channel/epoll/EpollSocketChannel,EpollSocketChannel,,C:/Users/ismak/Documents/GitHub/relation_test_code_smell_ML/dataset/projects/netty/transport-native-epoll/src/test/java/io/netty/channel/epoll/EpollSocketChannelTest.java,0,0,1,5,0,0,0,0,0,0,1,1,1,0,0,0,0,0,0,1,0,0,0,0,0,0,0,0,0,0,1,0,0,0,0
netty,io/netty/channel/epoll/EpollSocketChannelConfig,EpollSocketChannelConfig,dataset/projects/netty/transport-classes-epoll/src/main/java/io/netty/channel/epoll/EpollSocketChannelConfig.java,C:/Users/ismak/Documents/GitHub/relation_test_code_smell_ML/dataset/projects/netty/transport-native-epoll/src/test/java/io/netty/channel/epoll/EpollSocketChannelConfigTest.java,1,5,1,5,0,3,0,1,0,1,1,1,1,0,1,0,0,0,0,1,0,0,0,0,0,0,0,0,0,0,0,0,0,0,0
netty,io/netty/channel/epoll/EpollSocketChannelNotYetConnected,EpollSocketChannelNotYetConnected,,C:/Users/ismak/Documents/GitHub/relation_test_code_smell_ML/dataset/projects/netty/transport-native-epoll/src/test/java/io/netty/channel/epoll/EpollSocketChannelNotYetConnectedTest.java,0,0,1,3,0,0,0,0,0,0,1,1,1,0,0,0,0,0,0,0,0,0,0,0,0,0,0,0,0,0,0,0,0,0,0
netty,io/netty/channel/epoll/EpollSocketCloseForcibly,EpollSocketCloseForcibly,,C:/Users/ismak/Documents/GitHub/relation_test_code_smell_ML/dataset/projects/netty/transport-native-epoll/src/test/java/io/netty/channel/epoll/EpollSocketCloseForciblyTest.java,0,0,1,3,0,0,0,0,0,0,1,1,1,0,0,0,0,0,0,0,0,0,0,0,0,0,0,0,0,0,0,0,0,0,0
netty,io/netty/channel/epoll/EpollSocketConditionalWritability,EpollSocketConditionalWritability,,C:/Users/ismak/Documents/GitHub/relation_test_code_smell_ML/dataset/projects/netty/transport-native-epoll/src/test/java/io/netty/channel/epoll/EpollSocketConditionalWritabilityTest.java,0,0,1,3,0,0,0,0,0,0,1,1,1,0,0,0,0,0,0,0,0,0,0,0,0,0,0,0,0,0,0,0,0,0,0
netty,io/netty/channel/epoll/EpollSocketConnect,EpollSocketConnect,,C:/Users/ismak/Documents/GitHub/relation_test_code_smell_ML/dataset/projects/netty/transport-native-epoll/src/test/java/io/netty/channel/epoll/EpollSocketConnectTest.java,0,0,1,3,0,0,0,0,0,0,1,1,1,0,0,0,0,0,0,0,0,0,0,0,0,0,0,0,0,0,0,0,0,0,0
netty,io/netty/channel/epoll/EpollSocketConnectionAttempt,EpollSocketConnectionAttempt,,C:/Users/ismak/Documents/GitHub/relation_test_code_smell_ML/dataset/projects/netty/transport-native-epoll/src/test/java/io/netty/channel/epoll/EpollSocketConnectionAttemptTest.java,0,0,1,3,0,0,0,0,0,0,1,1,1,0,0,0,0,0,0,0,0,0,0,0,0,0,0,0,0,0,0,0,0,0,0
netty,io/netty/channel/epoll/EpollSocketDataReadInitialState,EpollSocketDataReadInitialState,,C:/Users/ismak/Documents/GitHub/relation_test_code_smell_ML/dataset/projects/netty/transport-native-epoll/src/test/java/io/netty/channel/epoll/EpollSocketDataReadInitialStateTest.java,0,0,1,3,0,0,0,0,0,0,1,1,1,0,0,0,0,0,0,0,0,0,0,0,0,0,0,0,0,0,0,0,0,0,0
netty,io/netty/channel/epoll/EpollSocketEcho,EpollSocketEcho,,C:/Users/ismak/Documents/GitHub/relation_test_code_smell_ML/dataset/projects/netty/transport-native-epoll/src/test/java/io/netty/channel/epoll/EpollSocketEchoTest.java,0,0,1,3,0,0,0,0,0,0,1,1,1,0,0,0,0,0,0,0,0,0,0,0,0,0,0,0,0,0,0,0,0,0,0
netty,io/netty/channel/epoll/EpollSocketExceptionHandling,EpollSocketExceptionHandling,,C:/Users/ismak/Documents/GitHub/relation_test_code_smell_ML/dataset/projects/netty/transport-native-epoll/src/test/java/io/netty/channel/epoll/EpollSocketExceptionHandlingTest.java,0,0,1,3,0,0,0,0,0,0,1,1,1,0,0,0,0,0,0,0,0,0,0,0,0,0,0,0,0,0,0,0,0,0,0
netty,io/netty/channel/epoll/EpollSocketFileRegion,EpollSocketFileRegion,,C:/Users/ismak/Documents/GitHub/relation_test_code_smell_ML/dataset/projects/netty/transport-native-epoll/src/test/java/io/netty/channel/epoll/EpollSocketFileRegionTest.java,0,0,1,3,0,0,0,0,0,0,1,1,1,0,0,0,0,0,0,0,0,0,0,0,0,0,0,0,0,0,0,0,0,0,0
netty,io/netty/channel/epoll/EpollSocketFixedLengthEcho,EpollSocketFixedLengthEcho,,C:/Users/ismak/Documents/GitHub/relation_test_code_smell_ML/dataset/projects/netty/transport-native-epoll/src/test/java/io/netty/channel/epoll/EpollSocketFixedLengthEchoTest.java,0,0,1,3,0,0,0,0,0,0,1,1,1,0,0,0,0,0,0,0,0,0,0,0,0,0,0,0,0,0,0,0,0,0,0
netty,io/netty/channel/epoll/EpollSocketGatheringWrite,EpollSocketGatheringWrite,,C:/Users/ismak/Documents/GitHub/relation_test_code_smell_ML/dataset/projects/netty/transport-native-epoll/src/test/java/io/netty/channel/epoll/EpollSocketGatheringWriteTest.java,0,0,1,3,0,0,0,0,0,0,1,1,1,0,0,0,0,0,0,0,0,0,0,0,0,0,0,0,0,0,0,0,0,0,0
netty,io/netty/channel/epoll/EpollSocketHalfClosed,EpollSocketHalfClosed,,C:/Users/ismak/Documents/GitHub/relation_test_code_smell_ML/dataset/projects/netty/transport-native-epoll/src/test/java/io/netty/channel/epoll/EpollSocketHalfClosedTest.java,0,0,1,3,0,0,0,0,0,0,1,1,1,0,0,0,0,0,0,0,0,0,0,0,0,0,0,0,0,0,0,0,0,0,0
netty,io/netty/channel/epoll/EpollSocketMultipleConnect,EpollSocketMultipleConnect,,C:/Users/ismak/Documents/GitHub/relation_test_code_smell_ML/dataset/projects/netty/transport-native-epoll/src/test/java/io/netty/channel/epoll/EpollSocketMultipleConnectTest.java,0,0,1,3,0,0,0,0,0,0,1,1,1,0,0,0,0,0,0,0,0,0,0,0,0,0,0,0,0,0,0,0,0,0,0
netty,io/netty/channel/epoll/EpollSocketObjectEcho,EpollSocketObjectEcho,,C:/Users/ismak/Documents/GitHub/relation_test_code_smell_ML/dataset/projects/netty/transport-native-epoll/src/test/java/io/netty/channel/epoll/EpollSocketObjectEchoTest.java,0,0,1,3,0,0,0,0,0,0,1,1,1,0,0,0,0,0,0,0,0,0,0,0,0,0,0,0,0,0,0,0,0,0,0
netty,io/netty/channel/epoll/EpollSocketReadPending,EpollSocketReadPending,,C:/Users/ismak/Documents/GitHub/relation_test_code_smell_ML/dataset/projects/netty/transport-native-epoll/src/test/java/io/netty/channel/epoll/EpollSocketReadPendingTest.java,0,0,1,3,0,0,0,0,0,0,1,1,1,0,0,0,0,0,0,0,0,0,0,0,0,0,0,0,0,0,0,0,0,0,0
netty,io/netty/channel/epoll/EpollSocketRst,EpollSocketRst,,C:/Users/ismak/Documents/GitHub/relation_test_code_smell_ML/dataset/projects/netty/transport-native-epoll/src/test/java/io/netty/channel/epoll/EpollSocketRstTest.java,0,0,1,3,0,0,0,0,0,0,1,1,1,0,0,0,0,0,0,0,0,0,0,0,0,0,0,0,0,0,0,0,0,0,0
netty,io/netty/channel/epoll/EpollSocketShutdownOutputByPeer,EpollSocketShutdownOutputByPeer,,C:/Users/ismak/Documents/GitHub/relation_test_code_smell_ML/dataset/projects/netty/transport-native-epoll/src/test/java/io/netty/channel/epoll/EpollSocketShutdownOutputByPeerTest.java,0,0,1,3,0,0,0,0,0,0,1,1,1,0,0,0,0,0,0,0,0,0,0,0,0,0,0,0,0,0,0,0,0,0,0
netty,io/netty/channel/epoll/EpollSocketShutdownOutputBySelf,EpollSocketShutdownOutputBySelf,,C:/Users/ismak/Documents/GitHub/relation_test_code_smell_ML/dataset/projects/netty/transport-native-epoll/src/test/java/io/netty/channel/epoll/EpollSocketShutdownOutputBySelfTest.java,0,0,1,3,0,0,0,0,0,0,1,1,1,0,0,0,0,0,0,0,0,0,0,0,0,0,0,0,0,0,0,0,0,0,0
netty,io/netty/channel/epoll/EpollSocketSslClientRenegotiate,EpollSocketSslClientRenegotiate,,C:/Users/ismak/Documents/GitHub/relation_test_code_smell_ML/dataset/projects/netty/transport-native-epoll/src/test/java/io/netty/channel/epoll/EpollSocketSslClientRenegotiateTest.java,0,0,1,3,0,0,0,0,0,0,1,1,1,0,0,0,0,0,0,0,0,0,0,0,0,0,0,0,0,0,0,0,0,0,0
netty,io/netty/channel/epoll/EpollSocketSslEcho,EpollSocketSslEcho,,C:/Users/ismak/Documents/GitHub/relation_test_code_smell_ML/dataset/projects/netty/transport-native-epoll/src/test/java/io/netty/channel/epoll/EpollSocketSslEchoTest.java,0,0,1,3,0,0,0,0,0,0,1,1,1,0,0,0,0,0,0,0,0,0,0,0,0,0,0,0,0,0,0,0,0,0,0
netty,io/netty/channel/epoll/EpollSocketSslGreeting,EpollSocketSslGreeting,,C:/Users/ismak/Documents/GitHub/relation_test_code_smell_ML/dataset/projects/netty/transport-native-epoll/src/test/java/io/netty/channel/epoll/EpollSocketSslGreetingTest.java,0,0,1,3,0,0,0,0,0,0,1,1,1,0,0,0,0,0,0,0,0,0,0,0,0,0,0,0,0,0,0,0,0,0,0
netty,io/netty/channel/epoll/EpollSocketSslSessionReuse,EpollSocketSslSessionReuse,,C:/Users/ismak/Documents/GitHub/relation_test_code_smell_ML/dataset/projects/netty/transport-native-epoll/src/test/java/io/netty/channel/epoll/EpollSocketSslSessionReuseTest.java,0,0,1,3,0,0,0,0,0,0,1,1,1,0,0,0,0,0,0,0,0,0,0,0,0,0,0,0,0,0,0,0,0,0,0
netty,io/netty/channel/epoll/EpollSocketStartTls,EpollSocketStartTls,,C:/Users/ismak/Documents/GitHub/relation_test_code_smell_ML/dataset/projects/netty/transport-native-epoll/src/test/java/io/netty/channel/epoll/EpollSocketStartTlsTest.java,0,0,1,3,0,0,0,0,0,0,1,1,1,0,0,0,0,0,0,0,0,0,0,0,0,0,0,0,0,0,0,0,0,0,0
netty,io/netty/channel/epoll/EpollSocketStringEcho,EpollSocketStringEcho,,C:/Users/ismak/Documents/GitHub/relation_test_code_smell_ML/dataset/projects/netty/transport-native-epoll/src/test/java/io/netty/channel/epoll/EpollSocketStringEchoTest.java,0,0,1,3,0,0,0,0,0,0,1,1,1,0,0,0,0,0,0,0,0,0,0,0,0,0,0,0,0,0,0,0,0,0,0
netty,io/netty/channel/epoll/EpollSocketStringEchoBusyWait,EpollSocketStringEchoBusyWait,,C:/Users/ismak/Documents/GitHub/relation_test_code_smell_ML/dataset/projects/netty/transport-native-epoll/src/test/java/io/netty/channel/epoll/EpollSocketStringEchoBusyWaitTest.java,0,0,1,3,0,0,0,0,0,0,1,1,1,0,0,0,0,0,0,0,0,0,0,0,0,0,0,0,0,0,0,0,0,0,0
netty,io/netty/channel/epoll/EpollSocketTcpMd5,EpollSocketTcpMd5,,C:/Users/ismak/Documents/GitHub/relation_test_code_smell_ML/dataset/projects/netty/transport-native-epoll/src/test/java/io/netty/channel/epoll/EpollSocketTcpMd5Test.java,0,0,1,5,0,0,0,0,0,0,1,1,1,0,0,0,0,0,0,1,0,0,0,0,0,0,0,0,0,0,1,0,0,0,0
netty,io/netty/channel/epoll/EpollSplice,EpollSplice,,C:/Users/ismak/Documents/GitHub/relation_test_code_smell_ML/dataset/projects/netty/transport-native-epoll/src/test/java/io/netty/channel/epoll/EpollSpliceTest.java,0,0,1,10,0,0,0,0,0,0,1,1,1,0,1,1,0,0,0,1,0,1,0,0,0,0,1,0,0,0,1,0,1,0,0
netty,io/netty/channel/epoll/EpollTcpInfo,EpollTcpInfo,dataset/projects/netty/transport-classes-epoll/src/main/java/io/netty/channel/epoll/EpollTcpInfo.java,,1,1,0,0,0,0,0,0,0,1,0,0,0,0,0,0,0,0,0,0,0,0,0,0,0,0,0,0,0,0,0,0,0,0,0
netty,io/netty/channel/epoll/EpollWriteBeforeRegistered,EpollWriteBeforeRegistered,,C:/Users/ismak/Documents/GitHub/relation_test_code_smell_ML/dataset/projects/netty/transport-native-epoll/src/test/java/io/netty/channel/epoll/EpollWriteBeforeRegisteredTest.java,0,0,1,3,0,0,0,0,0,0,1,1,1,0,0,0,0,0,0,0,0,0,0,0,0,0,0,0,0,0,0,0,0,0,0
netty,io/netty/channel/epoll/LinuxSocket,LinuxSocket,dataset/projects/netty/transport-classes-epoll/src/main/java/io/netty/channel/epoll/LinuxSocket.java,C:/Users/ismak/Documents/GitHub/relation_test_code_smell_ML/dataset/projects/netty/transport-native-epoll/src/test/java/io/netty/channel/epoll/LinuxSocketTest.java,1,3,1,6,0,1,0,1,0,1,1,1,1,0,1,1,0,0,0,1,0,0,0,0,0,0,0,0,0,0,0,0,0,0,0
netty,io/netty/channel/epoll/LoadClass,LoadClass,,C:/Users/ismak/Documents/GitHub/relation_test_code_smell_ML/dataset/projects/netty/transport-classes-epoll/src/test/java/io/netty/channel/epoll/LoadClassTest.java,0,0,1,3,0,0,0,0,0,0,1,1,1,0,0,0,0,0,0,0,0,0,0,0,0,0,0,0,0,0,0,0,0,0,0
netty,io/netty/channel/epoll/ManualEventLoop,ManualEventLoop,,C:/Users/ismak/Documents/GitHub/relation_test_code_smell_ML/dataset/projects/netty/transport-native-epoll/src/test/java/io/netty/channel/epoll/ManualEventLoopTest.java,0,0,1,4,0,0,0,0,0,0,1,1,1,0,0,0,0,0,0,0,0,0,0,0,0,0,0,0,0,0,0,1,0,0,0
netty,io/netty/channel/epoll/Native,Native,dataset/projects/netty/transport-classes-epoll/src/main/java/io/netty/channel/epoll/Native.java,C:/Users/ismak/Documents/GitHub/relation_test_code_smell_ML/dataset/projects/netty/transport-native-epoll/src/test/java/io/netty/channel/epoll/NativeTest.java,1,1,1,5,0,0,0,0,0,1,1,1,1,0,0,0,0,0,0,1,0,0,0,0,0,0,0,0,0,0,0,0,0,1,0
netty,io/netty/channel/group/ChannelGroup,ChannelGroup,dataset/projects/netty/transport/src/main/java/io/netty/channel/group/ChannelGroup.java,,1,1,0,0,0,0,0,0,0,1,0,0,0,0,0,0,0,0,0,0,0,0,0,0,0,0,0,0,0,0,0,0,0,0,0
netty,io/netty/channel/group/ChannelGroupFuture,ChannelGroupFuture,dataset/projects/netty/transport/src/main/java/io/netty/channel/group/ChannelGroupFuture.java,,1,1,0,0,0,0,0,0,0,1,0,0,0,0,0,0,0,0,0,0,0,0,0,0,0,0,0,0,0,0,0,0,0,0,0
netty,io/netty/channel/group/DefaultChannelGroup,DefaultChannelGroup,dataset/projects/netty/transport/src/main/java/io/netty/channel/group/DefaultChannelGroup.java,C:/Users/ismak/Documents/GitHub/relation_test_code_smell_ML/dataset/projects/netty/transport/src/test/java/io/netty/channel/group/DefaultChannelGroupTest.java,1,2,1,6,0,1,0,0,0,1,1,1,1,0,0,1,0,0,0,1,0,0,0,0,0,0,0,0,0,0,1,0,0,0,0
netty,io/netty/channel/group/DefaultChannelGroupFuture,DefaultChannelGroupFuture,dataset/projects/netty/transport/src/main/java/io/netty/channel/group/DefaultChannelGroupFuture.java,,1,1,0,0,0,0,0,0,0,1,0,0,0,0,0,0,0,0,0,0,0,0,0,0,0,0,0,0,0,0,0,0,0,0,0
netty,io/netty/channel/group/VoidChannelGroupFuture,VoidChannelGroupFuture,dataset/projects/netty/transport/src/main/java/io/netty/channel/group/VoidChannelGroupFuture.java,,1,1,0,0,0,0,0,0,0,1,0,0,0,0,0,0,0,0,0,0,0,0,0,0,0,0,0,0,0,0,0,0,0,0,0
netty,io/netty/channel/kqueue/AbstractKQueueChannel,AbstractKQueueChannel,dataset/projects/netty/transport-classes-kqueue/src/main/java/io/netty/channel/kqueue/AbstractKQueueChannel.java,,1,6,0,0,1,1,0,2,0,2,0,0,0,0,0,0,0,0,0,0,0,0,0,0,0,0,0,0,0,0,0,0,0,0,0
netty,io/netty/channel/kqueue/AbstractKQueueStreamChannel,AbstractKQueueStreamChannel,dataset/projects/netty/transport-classes-kqueue/src/main/java/io/netty/channel/kqueue/AbstractKQueueStreamChannel.java,,1,3,0,0,0,1,0,1,0,1,0,0,0,0,0,0,0,0,0,0,0,0,0,0,0,0,0,0,0,0,0,0,0,0,0
netty,io/netty/channel/kqueue/BsdSocket,BsdSocket,dataset/projects/netty/transport-classes-kqueue/src/main/java/io/netty/channel/kqueue/BsdSocket.java,,1,3,0,0,0,1,1,0,0,1,0,0,0,0,0,0,0,0,0,0,0,0,0,0,0,0,0,0,0,0,0,0,0,0,0
netty,io/netty/channel/kqueue/KQueueAbstractDomainSocketEcho,KQueueAbstractDomainSocketEcho,,C:/Users/ismak/Documents/GitHub/relation_test_code_smell_ML/dataset/projects/netty/transport-native-kqueue/src/test/java/io/netty/channel/kqueue/KQueueAbstractDomainSocketEchoTest.java,0,0,1,3,0,0,0,0,0,0,1,1,1,0,0,0,0,0,0,0,0,0,0,0,0,0,0,0,0,0,0,0,0,0,0
netty,io/netty/channel/kqueue/KQueueChannelConfig,KQueueChannelConfig,dataset/projects/netty/transport-classes-kqueue/src/main/java/io/netty/channel/kqueue/KQueueChannelConfig.java,C:/Users/ismak/Documents/GitHub/relation_test_code_smell_ML/dataset/projects/netty/transport-native-kqueue/src/test/java/io/netty/channel/kqueue/KQueueChannelConfigTest.java,1,1,1,5,0,0,0,0,0,1,1,1,1,0,0,0,0,0,0,1,0,0,0,0,0,0,0,0,0,0,1,0,0,0,0
netty,io/netty/channel/kqueue/KQueueCompositeBufferGatheringWrite,KQueueCompositeBufferGatheringWrite,,C:/Users/ismak/Documents/GitHub/relation_test_code_smell_ML/dataset/projects/netty/transport-native-kqueue/src/test/java/io/netty/channel/kqueue/KQueueCompositeBufferGatheringWriteTest.java,0,0,1,3,0,0,0,0,0,0,1,1,1,0,0,0,0,0,0,0,0,0,0,0,0,0,0,0,0,0,0,0,0,0,0
netty,io/netty/channel/kqueue/KQueueDatagramChannel,KQueueDatagramChannel,dataset/projects/netty/transport-classes-kqueue/src/main/java/io/netty/channel/kqueue/KQueueDatagramChannel.java,,1,6,0,0,1,3,0,1,0,1,0,0,0,0,0,0,0,0,0,0,0,0,0,0,0,0,0,0,0,0,0,0,0,0,0
netty,io/netty/channel/kqueue/KQueueDatagramChannelConfig,KQueueDatagramChannelConfig,dataset/projects/netty/transport-classes-kqueue/src/main/java/io/netty/channel/kqueue/KQueueDatagramChannelConfig.java,,1,5,0,0,0,3,0,1,0,1,0,0,0,0,0,0,0,0,0,0,0,0,0,0,0,0,0,0,0,0,0,0,0,0,0
netty,io/netty/channel/kqueue/KQueueDatagramConnectNotExists,KQueueDatagramConnectNotExists,,C:/Users/ismak/Documents/GitHub/relation_test_code_smell_ML/dataset/projects/netty/transport-native-kqueue/src/test/java/io/netty/channel/kqueue/KQueueDatagramConnectNotExistsTest.java,0,0,1,3,0,0,0,0,0,0,1,1,1,0,0,0,0,0,0,0,0,0,0,0,0,0,0,0,0,0,0,0,0,0,0
netty,io/netty/channel/kqueue/KQueueDatagramConnectedWriteException,KQueueDatagramConnectedWriteException,,C:/Users/ismak/Documents/GitHub/relation_test_code_smell_ML/dataset/projects/netty/transport-native-kqueue/src/test/java/io/netty/channel/kqueue/KQueueDatagramConnectedWriteExceptionTest.java,0,0,1,3,0,0,0,0,0,0,1,1,1,0,0,0,0,0,0,0,0,0,0,0,0,0,0,0,0,0,0,0,0,0,0
netty,io/netty/channel/kqueue/KQueueDatagramUnicast,KQueueDatagramUnicast,,C:/Users/ismak/Documents/GitHub/relation_test_code_smell_ML/dataset/projects/netty/transport-native-kqueue/src/test/java/io/netty/channel/kqueue/KQueueDatagramUnicastTest.java,0,0,1,3,0,0,0,0,0,0,1,1,1,0,0,0,0,0,0,0,0,0,0,0,0,0,0,0,0,0,0,0,0,0,0
netty,io/netty/channel/kqueue/KQueueDatagramUnicastIPv6,KQueueDatagramUnicastIPv6,,C:/Users/ismak/Documents/GitHub/relation_test_code_smell_ML/dataset/projects/netty/transport-native-kqueue/src/test/java/io/netty/channel/kqueue/KQueueDatagramUnicastIPv6Test.java,0,0,1,3,0,0,0,0,0,0,1,1,1,0,0,0,0,0,0,0,0,0,0,0,0,0,0,0,0,0,0,0,0,0,0
netty,io/netty/channel/kqueue/KQueueDatagramUnicastIPv6Mapped,KQueueDatagramUnicastIPv6Mapped,,C:/Users/ismak/Documents/GitHub/relation_test_code_smell_ML/dataset/projects/netty/transport-native-kqueue/src/test/java/io/netty/channel/kqueue/KQueueDatagramUnicastIPv6MappedTest.java,0,0,1,3,0,0,0,0,0,0,1,1,1,0,0,0,0,0,0,0,0,0,0,0,0,0,0,0,0,0,0,0,0,0,0
netty,io/netty/channel/kqueue/KQueueDetectPeerCloseWithoutRead,KQueueDetectPeerCloseWithoutRead,,C:/Users/ismak/Documents/GitHub/relation_test_code_smell_ML/dataset/projects/netty/transport-native-kqueue/src/test/java/io/netty/channel/kqueue/KQueueDetectPeerCloseWithoutReadTest.java,0,0,1,3,0,0,0,0,0,0,1,1,1,0,0,0,0,0,0,0,0,0,0,0,0,0,0,0,0,0,0,0,0,0,0
netty,io/netty/channel/kqueue/KQueueDomainDatagramChannel,KQueueDomainDatagramChannel,dataset/projects/netty/transport-classes-kqueue/src/main/java/io/netty/channel/kqueue/KQueueDomainDatagramChannel.java,,1,3,0,0,0,2,0,0,0,1,0,0,0,0,0,0,0,0,0,0,0,0,0,0,0,0,0,0,0,0,0,0,0,0,0
netty,io/netty/channel/kqueue/KQueueDomainDatagramChannelConfig,KQueueDomainDatagramChannelConfig,dataset/projects/netty/transport-classes-kqueue/src/main/java/io/netty/channel/kqueue/KQueueDomainDatagramChannelConfig.java,,1,1,0,0,0,0,0,0,0,1,0,0,0,0,0,0,0,0,0,0,0,0,0,0,0,0,0,0,0,0,0,0,0,0,0
netty,io/netty/channel/kqueue/KQueueDomainDatagramPath,KQueueDomainDatagramPath,,C:/Users/ismak/Documents/GitHub/relation_test_code_smell_ML/dataset/projects/netty/transport-native-kqueue/src/test/java/io/netty/channel/kqueue/KQueueDomainDatagramPathTest.java,0,0,1,4,0,0,0,0,0,0,1,1,1,0,0,0,0,0,0,0,0,0,0,0,0,0,0,0,0,0,0,1,0,0,0
netty,io/netty/channel/kqueue/KQueueDomainDatagramUnicast,KQueueDomainDatagramUnicast,,C:/Users/ismak/Documents/GitHub/relation_test_code_smell_ML/dataset/projects/netty/transport-native-kqueue/src/test/java/io/netty/channel/kqueue/KQueueDomainDatagramUnicastTest.java,0,0,1,4,0,0,0,0,0,0,1,1,1,0,0,0,0,0,0,0,0,0,0,0,0,0,0,0,0,0,0,1,0,0,0
netty,io/netty/channel/kqueue/KQueueDomainSocketAddresses,KQueueDomainSocketAddresses,,C:/Users/ismak/Documents/GitHub/relation_test_code_smell_ML/dataset/projects/netty/transport-native-kqueue/src/test/java/io/netty/channel/kqueue/KQueueDomainSocketAddressesTest.java,0,0,1,3,0,0,0,0,0,0,1,1,1,0,0,0,0,0,0,0,0,0,0,0,0,0,0,0,0,0,0,0,0,0,0
netty,io/netty/channel/kqueue/KQueueDomainSocketChannel,KQueueDomainSocketChannel,dataset/projects/netty/transport-classes-kqueue/src/main/java/io/netty/channel/kqueue/KQueueDomainSocketChannel.java,,1,1,0,0,0,0,0,0,0,1,0,0,0,0,0,0,0,0,0,0,0,0,0,0,0,0,0,0,0,0,0,0,0,0,0
netty,io/netty/channel/kqueue/KQueueDomainSocketChannelConfig,KQueueDomainSocketChannelConfig,dataset/projects/netty/transport-classes-kqueue/src/main/java/io/netty/channel/kqueue/KQueueDomainSocketChannelConfig.java,,1,1,0,0,0,0,0,0,0,1,0,0,0,0,0,0,0,0,0,0,0,0,0,0,0,0,0,0,0,0,0,0,0,0,0
netty,io/netty/channel/kqueue/KQueueDomainSocketDataReadInitialState,KQueueDomainSocketDataReadInitialState,,C:/Users/ismak/Documents/GitHub/relation_test_code_smell_ML/dataset/projects/netty/transport-native-kqueue/src/test/java/io/netty/channel/kqueue/KQueueDomainSocketDataReadInitialStateTest.java,0,0,1,3,0,0,0,0,0,0,1,1,1,0,0,0,0,0,0,0,0,0,0,0,0,0,0,0,0,0,0,0,0,0,0
netty,io/netty/channel/kqueue/KQueueDomainSocketEcho,KQueueDomainSocketEcho,,C:/Users/ismak/Documents/GitHub/relation_test_code_smell_ML/dataset/projects/netty/transport-native-kqueue/src/test/java/io/netty/channel/kqueue/KQueueDomainSocketEchoTest.java,0,0,1,3,0,0,0,0,0,0,1,1,1,0,0,0,0,0,0,0,0,0,0,0,0,0,0,0,0,0,0,0,0,0,0
netty,io/netty/channel/kqueue/KQueueDomainSocketFd,KQueueDomainSocketFd,,C:/Users/ismak/Documents/GitHub/relation_test_code_smell_ML/dataset/projects/netty/transport-native-kqueue/src/test/java/io/netty/channel/kqueue/KQueueDomainSocketFdTest.java,0,0,1,7,0,0,0,0,0,0,1,1,1,0,1,1,0,0,0,1,0,0,0,0,0,0,0,0,0,0,1,0,0,0,0
netty,io/netty/channel/kqueue/KQueueDomainSocketFileRegion,KQueueDomainSocketFileRegion,,C:/Users/ismak/Documents/GitHub/relation_test_code_smell_ML/dataset/projects/netty/transport-native-kqueue/src/test/java/io/netty/channel/kqueue/KQueueDomainSocketFileRegionTest.java,0,0,1,3,0,0,0,0,0,0,1,1,1,0,0,0,0,0,0,0,0,0,0,0,0,0,0,0,0,0,0,0,0,0,0
netty,io/netty/channel/kqueue/KQueueDomainSocketFixedLengthEcho,KQueueDomainSocketFixedLengthEcho,,C:/Users/ismak/Documents/GitHub/relation_test_code_smell_ML/dataset/projects/netty/transport-native-kqueue/src/test/java/io/netty/channel/kqueue/KQueueDomainSocketFixedLengthEchoTest.java,0,0,1,3,0,0,0,0,0,0,1,1,1,0,0,0,0,0,0,0,0,0,0,0,0,0,0,0,0,0,0,0,0,0,0
netty,io/netty/channel/kqueue/KQueueDomainSocketGatheringWrite,KQueueDomainSocketGatheringWrite,,C:/Users/ismak/Documents/GitHub/relation_test_code_smell_ML/dataset/projects/netty/transport-native-kqueue/src/test/java/io/netty/channel/kqueue/KQueueDomainSocketGatheringWriteTest.java,0,0,1,3,0,0,0,0,0,0,1,1,1,0,0,0,0,0,0,0,0,0,0,0,0,0,0,0,0,0,0,0,0,0,0
netty,io/netty/channel/kqueue/KQueueDomainSocketObjectEcho,KQueueDomainSocketObjectEcho,,C:/Users/ismak/Documents/GitHub/relation_test_code_smell_ML/dataset/projects/netty/transport-native-kqueue/src/test/java/io/netty/channel/kqueue/KQueueDomainSocketObjectEchoTest.java,0,0,1,3,0,0,0,0,0,0,1,1,1,0,0,0,0,0,0,0,0,0,0,0,0,0,0,0,0,0,0,0,0,0,0
netty,io/netty/channel/kqueue/KQueueDomainSocketReuseFd,KQueueDomainSocketReuseFd,,C:/Users/ismak/Documents/GitHub/relation_test_code_smell_ML/dataset/projects/netty/transport-native-kqueue/src/test/java/io/netty/channel/kqueue/KQueueDomainSocketReuseFdTest.java,0,0,1,3,0,0,0,0,0,0,1,1,1,0,0,0,0,0,0,0,0,0,0,0,0,0,0,0,0,0,0,0,0,0,0
netty,io/netty/channel/kqueue/KQueueDomainSocketShutdownOutputByPeer,KQueueDomainSocketShutdownOutputByPeer,,C:/Users/ismak/Documents/GitHub/relation_test_code_smell_ML/dataset/projects/netty/transport-native-kqueue/src/test/java/io/netty/channel/kqueue/KQueueDomainSocketShutdownOutputByPeerTest.java,0,0,1,3,0,0,0,0,0,0,1,1,1,0,0,0,0,0,0,0,0,0,0,0,0,0,0,0,0,0,0,0,0,0,0
netty,io/netty/channel/kqueue/KQueueDomainSocketSslClientRenegotiate,KQueueDomainSocketSslClientRenegotiate,,C:/Users/ismak/Documents/GitHub/relation_test_code_smell_ML/dataset/projects/netty/transport-native-kqueue/src/test/java/io/netty/channel/kqueue/KQueueDomainSocketSslClientRenegotiateTest.java,0,0,1,3,0,0,0,0,0,0,1,1,1,0,0,0,0,0,0,0,0,0,0,0,0,0,0,0,0,0,0,0,0,0,0
netty,io/netty/channel/kqueue/KQueueDomainSocketSslEcho,KQueueDomainSocketSslEcho,,C:/Users/ismak/Documents/GitHub/relation_test_code_smell_ML/dataset/projects/netty/transport-native-kqueue/src/test/java/io/netty/channel/kqueue/KQueueDomainSocketSslEchoTest.java,0,0,1,3,0,0,0,0,0,0,1,1,1,0,0,0,0,0,0,0,0,0,0,0,0,0,0,0,0,0,0,0,0,0,0
netty,io/netty/channel/kqueue/KQueueDomainSocketSslGreeting,KQueueDomainSocketSslGreeting,,C:/Users/ismak/Documents/GitHub/relation_test_code_smell_ML/dataset/projects/netty/transport-native-kqueue/src/test/java/io/netty/channel/kqueue/KQueueDomainSocketSslGreetingTest.java,0,0,1,3,0,0,0,0,0,0,1,1,1,0,0,0,0,0,0,0,0,0,0,0,0,0,0,0,0,0,0,0,0,0,0
netty,io/netty/channel/kqueue/KQueueDomainSocketStartTls,KQueueDomainSocketStartTls,,C:/Users/ismak/Documents/GitHub/relation_test_code_smell_ML/dataset/projects/netty/transport-native-kqueue/src/test/java/io/netty/channel/kqueue/KQueueDomainSocketStartTlsTest.java,0,0,1,3,0,0,0,0,0,0,1,1,1,0,0,0,0,0,0,0,0,0,0,0,0,0,0,0,0,0,0,0,0,0,0
netty,io/netty/channel/kqueue/KQueueDomainSocketStringEcho,KQueueDomainSocketStringEcho,,C:/Users/ismak/Documents/GitHub/relation_test_code_smell_ML/dataset/projects/netty/transport-native-kqueue/src/test/java/io/netty/channel/kqueue/KQueueDomainSocketStringEchoTest.java,0,0,1,3,0,0,0,0,0,0,1,1,1,0,0,0,0,0,0,0,0,0,0,0,0,0,0,0,0,0,0,0,0,0,0
netty,io/netty/channel/kqueue/KQueueETSocketAutoRead,KQueueETSocketAutoRead,,C:/Users/ismak/Documents/GitHub/relation_test_code_smell_ML/dataset/projects/netty/transport-native-kqueue/src/test/java/io/netty/channel/kqueue/KQueueETSocketAutoReadTest.java,0,0,1,3,0,0,0,0,0,0,1,1,1,0,0,0,0,0,0,0,0,0,0,0,0,0,0,0,0,0,0,0,0,0,0
netty,io/netty/channel/kqueue/KQueueETSocketConditionalWritability,KQueueETSocketConditionalWritability,,C:/Users/ismak/Documents/GitHub/relation_test_code_smell_ML/dataset/projects/netty/transport-native-kqueue/src/test/java/io/netty/channel/kqueue/KQueueETSocketConditionalWritabilityTest.java,0,0,1,3,0,0,0,0,0,0,1,1,1,0,0,0,0,0,0,0,0,0,0,0,0,0,0,0,0,0,0,0,0,0,0
netty,io/netty/channel/kqueue/KQueueETSocketDataReadInitialState,KQueueETSocketDataReadInitialState,,C:/Users/ismak/Documents/GitHub/relation_test_code_smell_ML/dataset/projects/netty/transport-native-kqueue/src/test/java/io/netty/channel/kqueue/KQueueETSocketDataReadInitialStateTest.java,0,0,1,3,0,0,0,0,0,0,1,1,1,0,0,0,0,0,0,0,0,0,0,0,0,0,0,0,0,0,0,0,0,0,0
netty,io/netty/channel/kqueue/KQueueETSocketExceptionHandling,KQueueETSocketExceptionHandling,,C:/Users/ismak/Documents/GitHub/relation_test_code_smell_ML/dataset/projects/netty/transport-native-kqueue/src/test/java/io/netty/channel/kqueue/KQueueETSocketExceptionHandlingTest.java,0,0,1,3,0,0,0,0,0,0,1,1,1,0,0,0,0,0,0,0,0,0,0,0,0,0,0,0,0,0,0,0,0,0,0
netty,io/netty/channel/kqueue/KQueueETSocketHalfClosed,KQueueETSocketHalfClosed,,C:/Users/ismak/Documents/GitHub/relation_test_code_smell_ML/dataset/projects/netty/transport-native-kqueue/src/test/java/io/netty/channel/kqueue/KQueueETSocketHalfClosedTest.java,0,0,1,3,0,0,0,0,0,0,1,1,1,0,0,0,0,0,0,0,0,0,0,0,0,0,0,0,0,0,0,0,0,0,0
netty,io/netty/channel/kqueue/KQueueETSocketReadPending,KQueueETSocketReadPending,,C:/Users/ismak/Documents/GitHub/relation_test_code_smell_ML/dataset/projects/netty/transport-native-kqueue/src/test/java/io/netty/channel/kqueue/KQueueETSocketReadPendingTest.java,0,0,1,3,0,0,0,0,0,0,1,1,1,0,0,0,0,0,0,0,0,0,0,0,0,0,0,0,0,0,0,0,0,0,0
netty,io/netty/channel/kqueue/KQueueEventArray,KQueueEventArray,dataset/projects/netty/transport-classes-kqueue/src/main/java/io/netty/channel/kqueue/KQueueEventArray.java,,1,1,0,0,0,0,0,0,0,1,0,0,0,0,0,0,0,0,0,0,0,0,0,0,0,0,0,0,0,0,0,0,0,0,0
netty,io/netty/channel/kqueue/KQueueEventLoop,KQueueEventLoop,,C:/Users/ismak/Documents/GitHub/relation_test_code_smell_ML/dataset/projects/netty/transport-native-kqueue/src/test/java/io/netty/channel/kqueue/KQueueEventLoopTest.java,0,0,1,4,0,0,0,0,0,0,1,1,1,0,1,0,0,0,0,0,0,0,0,0,0,0,0,0,0,0,0,0,0,0,0
netty,io/netty/channel/kqueue/KQueueIoHandler,KQueueIoHandler,dataset/projects/netty/transport-classes-kqueue/src/main/java/io/netty/channel/kqueue/KQueueIoHandler.java,,1,4,0,0,1,1,0,1,0,1,0,0,0,0,0,0,0,0,0,0,0,0,0,0,0,0,0,0,0,0,0,0,0,0,0
netty,io/netty/channel/kqueue/KQueueIoHandlerWakeupEventCount,KQueueIoHandlerWakeupEventCount,,C:/Users/ismak/Documents/GitHub/relation_test_code_smell_ML/dataset/projects/netty/transport-native-kqueue/src/test/java/io/netty/channel/kqueue/KQueueIoHandlerWakeupEventCountTest.java,0,0,1,3,0,0,0,0,0,0,1,1,1,0,0,0,0,0,0,0,0,0,0,0,0,0,0,0,0,0,0,0,0,0,0
netty,io/netty/channel/kqueue/KQueueIovArray,KQueueIovArray,,C:/Users/ismak/Documents/GitHub/relation_test_code_smell_ML/dataset/projects/netty/transport-native-kqueue/src/test/java/io/netty/channel/kqueue/KQueueIovArrayTest.java,0,0,1,3,0,0,0,0,0,0,1,1,1,0,0,0,0,0,0,0,0,0,0,0,0,0,0,0,0,0,0,0,0,0,0
netty,io/netty/channel/kqueue/KQueueJdkLoopbackSocketSslEcho,KQueueJdkLoopbackSocketSslEcho,,C:/Users/ismak/Documents/GitHub/relation_test_code_smell_ML/dataset/projects/netty/transport-native-kqueue/src/test/java/io/netty/channel/kqueue/KQueueJdkLoopbackSocketSslEchoTest.java,0,0,1,3,0,0,0,0,0,0,1,1,1,0,0,0,0,0,0,0,0,0,0,0,0,0,0,0,0,0,0,0,0,0,0
netty,io/netty/channel/kqueue/KQueueServerChannelConfig,KQueueServerChannelConfig,dataset/projects/netty/transport-classes-kqueue/src/main/java/io/netty/channel/kqueue/KQueueServerChannelConfig.java,,1,1,0,0,0,0,0,0,0,1,0,0,0,0,0,0,0,0,0,0,0,0,0,0,0,0,0,0,0,0,0,0,0,0,0
netty,io/netty/channel/kqueue/KQueueServerSocketChannelConfig,KQueueServerSocketChannelConfig,dataset/projects/netty/transport-classes-kqueue/src/main/java/io/netty/channel/kqueue/KQueueServerSocketChannelConfig.java,C:/Users/ismak/Documents/GitHub/relation_test_code_smell_ML/dataset/projects/netty/transport-native-kqueue/src/test/java/io/netty/channel/kqueue/KQueueServerSocketChannelConfigTest.java,1,1,1,4,0,0,0,0,0,1,1,1,1,0,1,0,0,0,0,0,0,0,0,0,0,0,0,0,0,0,0,0,0,0,0
netty,io/netty/channel/kqueue/KQueueSocket,KQueueSocket,,C:/Users/ismak/Documents/GitHub/relation_test_code_smell_ML/dataset/projects/netty/transport-native-kqueue/src/test/java/io/netty/channel/kqueue/KQueueSocketTest.java,0,0,1,6,0,0,0,0,0,0,1,1,1,0,1,0,0,0,0,1,0,0,0,0,0,0,0,0,0,0,0,0,0,1,0
netty,io/netty/channel/kqueue/KQueueSocketAddresses,KQueueSocketAddresses,,C:/Users/ismak/Documents/GitHub/relation_test_code_smell_ML/dataset/projects/netty/transport-native-kqueue/src/test/java/io/netty/channel/kqueue/KQueueSocketAddressesTest.java,0,0,1,3,0,0,0,0,0,0,1,1,1,0,0,0,0,0,0,0,0,0,0,0,0,0,0,0,0,0,0,0,0,0,0
netty,io/netty/channel/kqueue/KQueueSocketChannelConfig,KQueueSocketChannelConfig,dataset/projects/netty/transport-classes-kqueue/src/main/java/io/netty/channel/kqueue/KQueueSocketChannelConfig.java,C:/Users/ismak/Documents/GitHub/relation_test_code_smell_ML/dataset/projects/netty/transport-native-kqueue/src/test/java/io/netty/channel/kqueue/KQueueSocketChannelConfigTest.java,1,5,1,5,0,3,0,1,0,1,1,1,1,0,1,0,0,0,0,1,0,0,0,0,0,0,0,0,0,0,0,0,0,0,0
netty,io/netty/channel/kqueue/KQueueSocketChannelNotYetConnected,KQueueSocketChannelNotYetConnected,,C:/Users/ismak/Documents/GitHub/relation_test_code_smell_ML/dataset/projects/netty/transport-native-kqueue/src/test/java/io/netty/channel/kqueue/KQueueSocketChannelNotYetConnectedTest.java,0,0,1,3,0,0,0,0,0,0,1,1,1,0,0,0,0,0,0,0,0,0,0,0,0,0,0,0,0,0,0,0,0,0,0
netty,io/netty/channel/kqueue/KQueueSocketCloseForcibly,KQueueSocketCloseForcibly,,C:/Users/ismak/Documents/GitHub/relation_test_code_smell_ML/dataset/projects/netty/transport-native-kqueue/src/test/java/io/netty/channel/kqueue/KQueueSocketCloseForciblyTest.java,0,0,1,3,0,0,0,0,0,0,1,1,1,0,0,0,0,0,0,0,0,0,0,0,0,0,0,0,0,0,0,0,0,0,0
netty,io/netty/channel/kqueue/KQueueSocketConnect,KQueueSocketConnect,,C:/Users/ismak/Documents/GitHub/relation_test_code_smell_ML/dataset/projects/netty/transport-native-kqueue/src/test/java/io/netty/channel/kqueue/KQueueSocketConnectTest.java,0,0,1,3,0,0,0,0,0,0,1,1,1,0,0,0,0,0,0,0,0,0,0,0,0,0,0,0,0,0,0,0,0,0,0
netty,io/netty/channel/kqueue/KQueueSocketConnectionAttempt,KQueueSocketConnectionAttempt,,C:/Users/ismak/Documents/GitHub/relation_test_code_smell_ML/dataset/projects/netty/transport-native-kqueue/src/test/java/io/netty/channel/kqueue/KQueueSocketConnectionAttemptTest.java,0,0,1,3,0,0,0,0,0,0,1,1,1,0,0,0,0,0,0,0,0,0,0,0,0,0,0,0,0,0,0,0,0,0,0
netty,io/netty/channel/kqueue/KQueueSocketEcho,KQueueSocketEcho,,C:/Users/ismak/Documents/GitHub/relation_test_code_smell_ML/dataset/projects/netty/transport-native-kqueue/src/test/java/io/netty/channel/kqueue/KQueueSocketEchoTest.java,0,0,1,3,0,0,0,0,0,0,1,1,1,0,0,0,0,0,0,0,0,0,0,0,0,0,0,0,0,0,0,0,0,0,0
netty,io/netty/channel/kqueue/KQueueSocketFileRegion,KQueueSocketFileRegion,,C:/Users/ismak/Documents/GitHub/relation_test_code_smell_ML/dataset/projects/netty/transport-native-kqueue/src/test/java/io/netty/channel/kqueue/KQueueSocketFileRegionTest.java,0,0,1,3,0,0,0,0,0,0,1,1,1,0,0,0,0,0,0,0,0,0,0,0,0,0,0,0,0,0,0,0,0,0,0
netty,io/netty/channel/kqueue/KQueueSocketFixedLengthEcho,KQueueSocketFixedLengthEcho,,C:/Users/ismak/Documents/GitHub/relation_test_code_smell_ML/dataset/projects/netty/transport-native-kqueue/src/test/java/io/netty/channel/kqueue/KQueueSocketFixedLengthEchoTest.java,0,0,1,3,0,0,0,0,0,0,1,1,1,0,0,0,0,0,0,0,0,0,0,0,0,0,0,0,0,0,0,0,0,0,0
netty,io/netty/channel/kqueue/KQueueSocketGatheringWrite,KQueueSocketGatheringWrite,,C:/Users/ismak/Documents/GitHub/relation_test_code_smell_ML/dataset/projects/netty/transport-native-kqueue/src/test/java/io/netty/channel/kqueue/KQueueSocketGatheringWriteTest.java,0,0,1,3,0,0,0,0,0,0,1,1,1,0,0,0,0,0,0,0,0,0,0,0,0,0,0,0,0,0,0,0,0,0,0
netty,io/netty/channel/kqueue/KQueueSocketMultipleConnect,KQueueSocketMultipleConnect,,C:/Users/ismak/Documents/GitHub/relation_test_code_smell_ML/dataset/projects/netty/transport-native-kqueue/src/test/java/io/netty/channel/kqueue/KQueueSocketMultipleConnectTest.java,0,0,1,3,0,0,0,0,0,0,1,1,1,0,0,0,0,0,0,0,0,0,0,0,0,0,0,0,0,0,0,0,0,0,0
netty,io/netty/channel/kqueue/KQueueSocketObjectEcho,KQueueSocketObjectEcho,,C:/Users/ismak/Documents/GitHub/relation_test_code_smell_ML/dataset/projects/netty/transport-native-kqueue/src/test/java/io/netty/channel/kqueue/KQueueSocketObjectEchoTest.java,0,0,1,3,0,0,0,0,0,0,1,1,1,0,0,0,0,0,0,0,0,0,0,0,0,0,0,0,0,0,0,0,0,0,0
netty,io/netty/channel/kqueue/KQueueSocketRst,KQueueSocketRst,,C:/Users/ismak/Documents/GitHub/relation_test_code_smell_ML/dataset/projects/netty/transport-native-kqueue/src/test/java/io/netty/channel/kqueue/KQueueSocketRstTest.java,0,0,1,3,0,0,0,0,0,0,1,1,1,0,0,0,0,0,0,0,0,0,0,0,0,0,0,0,0,0,0,0,0,0,0
netty,io/netty/channel/kqueue/KQueueSocketShutdownOutputByPeer,KQueueSocketShutdownOutputByPeer,,C:/Users/ismak/Documents/GitHub/relation_test_code_smell_ML/dataset/projects/netty/transport-native-kqueue/src/test/java/io/netty/channel/kqueue/KQueueSocketShutdownOutputByPeerTest.java,0,0,1,3,0,0,0,0,0,0,1,1,1,0,0,0,0,0,0,0,0,0,0,0,0,0,0,0,0,0,0,0,0,0,0
netty,io/netty/channel/kqueue/KQueueSocketShutdownOutputBySelf,KQueueSocketShutdownOutputBySelf,,C:/Users/ismak/Documents/GitHub/relation_test_code_smell_ML/dataset/projects/netty/transport-native-kqueue/src/test/java/io/netty/channel/kqueue/KQueueSocketShutdownOutputBySelfTest.java,0,0,1,3,0,0,0,0,0,0,1,1,1,0,0,0,0,0,0,0,0,0,0,0,0,0,0,0,0,0,0,0,0,0,0
netty,io/netty/channel/kqueue/KQueueSocketSslClientRenegotiate,KQueueSocketSslClientRenegotiate,,C:/Users/ismak/Documents/GitHub/relation_test_code_smell_ML/dataset/projects/netty/transport-native-kqueue/src/test/java/io/netty/channel/kqueue/KQueueSocketSslClientRenegotiateTest.java,0,0,1,3,0,0,0,0,0,0,1,1,1,0,0,0,0,0,0,0,0,0,0,0,0,0,0,0,0,0,0,0,0,0,0
netty,io/netty/channel/kqueue/KQueueSocketSslEcho,KQueueSocketSslEcho,,C:/Users/ismak/Documents/GitHub/relation_test_code_smell_ML/dataset/projects/netty/transport-native-kqueue/src/test/java/io/netty/channel/kqueue/KQueueSocketSslEchoTest.java,0,0,1,3,0,0,0,0,0,0,1,1,1,0,0,0,0,0,0,0,0,0,0,0,0,0,0,0,0,0,0,0,0,0,0
netty,io/netty/channel/kqueue/KQueueSocketSslGreeting,KQueueSocketSslGreeting,,C:/Users/ismak/Documents/GitHub/relation_test_code_smell_ML/dataset/projects/netty/transport-native-kqueue/src/test/java/io/netty/channel/kqueue/KQueueSocketSslGreetingTest.java,0,0,1,3,0,0,0,0,0,0,1,1,1,0,0,0,0,0,0,0,0,0,0,0,0,0,0,0,0,0,0,0,0,0,0
netty,io/netty/channel/kqueue/KQueueSocketSslSessionReuse,KQueueSocketSslSessionReuse,,C:/Users/ismak/Documents/GitHub/relation_test_code_smell_ML/dataset/projects/netty/transport-native-kqueue/src/test/java/io/netty/channel/kqueue/KQueueSocketSslSessionReuseTest.java,0,0,1,3,0,0,0,0,0,0,1,1,1,0,0,0,0,0,0,0,0,0,0,0,0,0,0,0,0,0,0,0,0,0,0
netty,io/netty/channel/kqueue/KQueueSocketStartTls,KQueueSocketStartTls,,C:/Users/ismak/Documents/GitHub/relation_test_code_smell_ML/dataset/projects/netty/transport-native-kqueue/src/test/java/io/netty/channel/kqueue/KQueueSocketStartTlsTest.java,0,0,1,3,0,0,0,0,0,0,1,1,1,0,0,0,0,0,0,0,0,0,0,0,0,0,0,0,0,0,0,0,0,0,0
netty,io/netty/channel/kqueue/KQueueSocketStringEcho,KQueueSocketStringEcho,,C:/Users/ismak/Documents/GitHub/relation_test_code_smell_ML/dataset/projects/netty/transport-native-kqueue/src/test/java/io/netty/channel/kqueue/KQueueSocketStringEchoTest.java,0,0,1,3,0,0,0,0,0,0,1,1,1,0,0,0,0,0,0,0,0,0,0,0,0,0,0,0,0,0,0,0,0,0,0
netty,io/netty/channel/kqueue/KQueueStaticallyReferencedJniMethods,KQueueStaticallyReferencedJniMethods,dataset/projects/netty/transport-classes-kqueue/src/main/java/io/netty/channel/kqueue/KQueueStaticallyReferencedJniMethods.java,,1,1,0,0,0,0,0,0,0,1,0,0,0,0,0,0,0,0,0,0,0,0,0,0,0,0,0,0,0,0,0,0,0,0,0
netty,io/netty/channel/kqueue/KqueueDatagramChannel,KqueueDatagramChannel,,C:/Users/ismak/Documents/GitHub/relation_test_code_smell_ML/dataset/projects/netty/transport-native-kqueue/src/test/java/io/netty/channel/kqueue/KqueueDatagramChannelTest.java,0,0,1,4,0,0,0,0,0,0,1,1,1,0,0,0,0,0,0,0,0,0,0,0,0,0,0,0,0,0,0,0,0,1,0
netty,io/netty/channel/kqueue/KqueueDomainDatagramChannel,KqueueDomainDatagramChannel,,C:/Users/ismak/Documents/GitHub/relation_test_code_smell_ML/dataset/projects/netty/transport-native-kqueue/src/test/java/io/netty/channel/kqueue/KqueueDomainDatagramChannelTest.java,0,0,1,4,0,0,0,0,0,0,1,1,1,0,0,0,0,0,0,0,0,0,0,0,0,0,0,0,0,0,0,0,0,1,0
netty,io/netty/channel/kqueue/KqueueRegistration,KqueueRegistration,,C:/Users/ismak/Documents/GitHub/relation_test_code_smell_ML/dataset/projects/netty/transport-native-kqueue/src/test/java/io/netty/channel/kqueue/KqueueRegistrationTest.java,0,0,1,4,0,0,0,0,0,0,1,1,1,0,0,0,0,0,0,0,0,0,0,0,0,0,0,0,0,0,0,1,0,0,0
netty,io/netty/channel/kqueue/KqueueWriteBeforeRegistered,KqueueWriteBeforeRegistered,,C:/Users/ismak/Documents/GitHub/relation_test_code_smell_ML/dataset/projects/netty/transport-native-kqueue/src/test/java/io/netty/channel/kqueue/KqueueWriteBeforeRegisteredTest.java,0,0,1,3,0,0,0,0,0,0,1,1,1,0,0,0,0,0,0,0,0,0,0,0,0,0,0,0,0,0,0,0,0,0,0
netty,io/netty/channel/kqueue/LoadClass,LoadClass,,C:/Users/ismak/Documents/GitHub/relation_test_code_smell_ML/dataset/projects/netty/transport-classes-kqueue/src/test/java/io/netty/channel/kqueue/LoadClassTest.java,0,0,1,3,0,0,0,0,0,0,1,1,1,0,0,0,0,0,0,0,0,0,0,0,0,0,0,0,0,0,0,0,0,0,0
netty,io/netty/channel/kqueue/Native,Native,dataset/projects/netty/transport-classes-kqueue/src/main/java/io/netty/channel/kqueue/Native.java,,1,1,0,0,0,0,0,0,0,1,0,0,0,0,0,0,0,0,0,0,0,0,0,0,0,0,0,0,0,0,0,0,0,0,0
netty,io/netty/channel/kqueue/NativeLongArray,NativeLongArray,dataset/projects/netty/transport-classes-kqueue/src/main/java/io/netty/channel/kqueue/NativeLongArray.java,,1,1,0,0,0,0,0,0,0,1,0,0,0,0,0,0,0,0,0,0,0,0,0,0,0,0,0,0,0,0,0,0,0,0,0
netty,io/netty/channel/local/LocalChannel,LocalChannel,dataset/projects/netty/transport/src/main/java/io/netty/channel/local/LocalChannel.java,C:/Users/ismak/Documents/GitHub/relation_test_code_smell_ML/dataset/projects/netty/transport/src/test/java/io/netty/channel/local/LocalChannelTest.java,1,6,1,8,1,3,0,1,0,1,1,1,1,0,1,1,0,0,0,1,0,0,0,0,0,0,0,0,0,0,1,1,0,0,0
netty,io/netty/channel/local/LocalServerChannel,LocalServerChannel,dataset/projects/netty/transport/src/main/java/io/netty/channel/local/LocalServerChannel.java,,1,1,0,0,0,0,0,0,0,1,0,0,0,0,0,0,0,0,0,0,0,0,0,0,0,0,0,0,0,0,0,0,0,0,0
netty,io/netty/channel/local/LocalTransportThreadModel,LocalTransportThreadModel,,C:/Users/ismak/Documents/GitHub/relation_test_code_smell_ML/dataset/projects/netty/transport/src/test/java/io/netty/channel/local/LocalTransportThreadModelTest.java,0,0,1,11,0,0,0,0,0,0,1,1,1,0,1,1,0,0,0,1,0,0,1,0,0,0,1,0,0,1,1,0,0,1,0
netty,io/netty/channel/nio/AbstractNioByteChannel,AbstractNioByteChannel,dataset/projects/netty/transport/src/main/java/io/netty/channel/nio/AbstractNioByteChannel.java,,1,2,0,0,0,1,0,0,0,1,0,0,0,0,0,0,0,0,0,0,0,0,0,0,0,0,0,0,0,0,0,0,0,0,0
netty,io/netty/channel/nio/AbstractNioChannel,AbstractNioChannel,dataset/projects/netty/transport/src/main/java/io/netty/channel/nio/AbstractNioChannel.java,,1,3,0,0,0,0,0,1,0,2,0,0,0,0,0,0,0,0,0,0,0,0,0,0,0,0,0,0,0,0,0,0,0,0,0
netty,io/netty/channel/nio/AbstractNioMessageChannel,AbstractNioMessageChannel,dataset/projects/netty/transport/src/main/java/io/netty/channel/nio/AbstractNioMessageChannel.java,,1,2,0,0,0,2,0,0,0,0,0,0,0,0,0,0,0,0,0,0,0,0,0,0,0,0,0,0,0,0,0,0,0,0,0
netty,io/netty/channel/nio/NioEventLoop,NioEventLoop,,C:/Users/ismak/Documents/GitHub/relation_test_code_smell_ML/dataset/projects/netty/transport/src/test/java/io/netty/channel/nio/NioEventLoopTest.java,0,0,1,10,0,0,0,0,0,0,1,1,1,0,1,1,0,0,0,1,0,0,0,0,0,0,1,0,0,1,1,0,0,1,0
netty,io/netty/channel/nio/NioIoHandler,NioIoHandler,dataset/projects/netty/transport/src/main/java/io/netty/channel/nio/NioIoHandler.java,C:/Users/ismak/Documents/GitHub/relation_test_code_smell_ML/dataset/projects/netty/transport/src/test/java/io/netty/channel/nio/NioIoHandlerTest.java,1,7,1,4,1,4,0,1,0,1,1,1,1,0,0,0,0,0,0,0,0,0,0,0,0,0,0,0,0,0,0,1,0,0,0
netty,io/netty/channel/nio/NioIoHandlerEventCount,NioIoHandlerEventCount,,C:/Users/ismak/Documents/GitHub/relation_test_code_smell_ML/dataset/projects/netty/transport/src/test/java/io/netty/channel/nio/NioIoHandlerEventCountTest.java,0,0,1,3,0,0,0,0,0,0,1,1,1,0,0,0,0,0,0,0,0,0,0,0,0,0,0,0,0,0,0,0,0,0,0
netty,io/netty/channel/nio/SelectedSelectionKeySet,SelectedSelectionKeySet,,C:/Users/ismak/Documents/GitHub/relation_test_code_smell_ML/dataset/projects/netty/transport/src/test/java/io/netty/channel/nio/SelectedSelectionKeySetTest.java,0,0,1,8,0,0,0,0,0,0,1,1,1,0,1,1,0,0,0,1,0,0,0,0,0,0,0,0,0,1,0,0,0,1,0
netty,io/netty/channel/oio/AbstractOioByteChannel,AbstractOioByteChannel,dataset/projects/netty/transport/src/main/java/io/netty/channel/oio/AbstractOioByteChannel.java,,1,3,0,0,0,1,0,1,0,1,0,0,0,0,0,0,0,0,0,0,0,0,0,0,0,0,0,0,0,0,0,0,0,0,0
netty,io/netty/channel/oio/AbstractOioMessageChannel,AbstractOioMessageChannel,dataset/projects/netty/transport/src/main/java/io/netty/channel/oio/AbstractOioMessageChannel.java,,1,1,0,0,0,1,0,0,0,0,0,0,0,0,0,0,0,0,0,0,0,0,0,0,0,0,0,0,0,0,0,0,0,0,0
netty,io/netty/channel/oio/OioEventLoop,OioEventLoop,,C:/Users/ismak/Documents/GitHub/relation_test_code_smell_ML/dataset/projects/netty/transport/src/test/java/io/netty/channel/oio/OioEventLoopTest.java,0,0,1,5,0,0,0,0,0,0,1,1,1,0,0,0,0,0,0,1,0,0,0,0,0,0,0,0,0,0,0,0,0,1,0
netty,io/netty/channel/pool/AbstractChannelPoolMap,AbstractChannelPoolMap,,C:/Users/ismak/Documents/GitHub/relation_test_code_smell_ML/dataset/projects/netty/transport/src/test/java/io/netty/channel/pool/AbstractChannelPoolMapTest.java,0,0,1,7,0,0,0,0,0,0,1,1,1,0,1,0,0,0,0,1,0,0,0,0,0,0,0,0,0,1,0,0,0,1,0
netty,io/netty/channel/pool/FixedChannelPool,FixedChannelPool,dataset/projects/netty/transport/src/main/java/io/netty/channel/pool/FixedChannelPool.java,C:/Users/ismak/Documents/GitHub/relation_test_code_smell_ML/dataset/projects/netty/transport/src/test/java/io/netty/channel/pool/FixedChannelPoolTest.java,1,1,1,10,0,1,0,0,0,0,1,1,1,0,1,1,0,0,0,1,0,0,0,0,0,0,0,0,0,1,1,1,0,1,0
netty,io/netty/channel/pool/FixedChannelPoolMapDeadlock,FixedChannelPoolMapDeadlock,,C:/Users/ismak/Documents/GitHub/relation_test_code_smell_ML/dataset/projects/netty/transport/src/test/java/io/netty/channel/pool/FixedChannelPoolMapDeadlockTest.java,0,0,1,6,0,0,0,0,0,0,1,1,1,0,1,0,0,0,0,1,0,0,0,0,0,0,0,0,0,0,0,0,0,1,0
netty,io/netty/channel/pool/SimpleChannelPool,SimpleChannelPool,dataset/projects/netty/transport/src/main/java/io/netty/channel/pool/SimpleChannelPool.java,C:/Users/ismak/Documents/GitHub/relation_test_code_smell_ML/dataset/projects/netty/transport/src/test/java/io/netty/channel/pool/SimpleChannelPoolTest.java,1,2,1,6,0,0,0,1,0,1,1,1,1,0,1,0,0,0,0,1,0,0,0,0,0,0,0,0,0,0,0,0,0,1,0
netty,io/netty/channel/rxtx/DefaultRxtxChannelConfig,DefaultRxtxChannelConfig,dataset/projects/netty/transport-rxtx/src/main/java/io/netty/channel/rxtx/DefaultRxtxChannelConfig.java,,1,2,0,0,0,0,0,1,0,1,0,0,0,0,0,0,0,0,0,0,0,0,0,0,0,0,0,0,0,0,0,0,0,0,0
netty,io/netty/channel/rxtx/RxtxChannel,RxtxChannel,dataset/projects/netty/transport-rxtx/src/main/java/io/netty/channel/rxtx/RxtxChannel.java,,1,1,0,0,0,0,0,0,0,1,0,0,0,0,0,0,0,0,0,0,0,0,0,0,0,0,0,0,0,0,0,0,0,0,0
netty,io/netty/channel/sctp/DefaultSctpChannelConfig,DefaultSctpChannelConfig,dataset/projects/netty/transport-sctp/src/main/java/io/netty/channel/sctp/DefaultSctpChannelConfig.java,,1,2,0,0,0,0,0,1,0,1,0,0,0,0,0,0,0,0,0,0,0,0,0,0,0,0,0,0,0,0,0,0,0,0,0
netty,io/netty/channel/sctp/DefaultSctpServerChannelConfig,DefaultSctpServerChannelConfig,dataset/projects/netty/transport-sctp/src/main/java/io/netty/channel/sctp/DefaultSctpServerChannelConfig.java,,1,1,0,0,0,0,0,0,0,1,0,0,0,0,0,0,0,0,0,0,0,0,0,0,0,0,0,0,0,0,0,0,0,0,0
netty,io/netty/channel/sctp/SctpChannel,SctpChannel,dataset/projects/netty/transport-sctp/src/main/java/io/netty/channel/sctp/SctpChannel.java,,1,1,0,0,0,0,0,0,0,1,0,0,0,0,0,0,0,0,0,0,0,0,0,0,0,0,0,0,0,0,0,0,0,0,0
netty,io/netty/channel/sctp/SctpLimitStreams,SctpLimitStreams,,C:/Users/ismak/Documents/GitHub/relation_test_code_smell_ML/dataset/projects/netty/transport-sctp/src/test/java/io/netty/channel/sctp/SctpLimitStreamsTest.java,0,0,1,6,0,0,0,0,0,0,1,1,1,0,1,0,0,0,0,1,0,0,0,0,0,0,0,0,0,0,0,0,0,1,0
netty,io/netty/channel/sctp/SctpMessage,SctpMessage,dataset/projects/netty/transport-sctp/src/main/java/io/netty/channel/sctp/SctpMessage.java,,1,1,0,0,0,0,0,0,0,1,0,0,0,0,0,0,0,0,0,0,0,0,0,0,0,0,0,0,0,0,0,0,0,0,0
netty,io/netty/channel/sctp/nio/NioSctpChannel,NioSctpChannel,dataset/projects/netty/transport-sctp/src/main/java/io/netty/channel/sctp/nio/NioSctpChannel.java,,1,4,0,0,1,1,0,1,0,1,0,0,0,0,0,0,0,0,0,0,0,0,0,0,0,0,0,0,0,0,0,0,0,0,0
netty,io/netty/channel/sctp/nio/NioSctpLimitStreams,NioSctpLimitStreams,,C:/Users/ismak/Documents/GitHub/relation_test_code_smell_ML/dataset/projects/netty/transport-sctp/src/test/java/io/netty/channel/sctp/nio/NioSctpLimitStreamsTest.java,0,0,1,3,0,0,0,0,0,0,1,1,1,0,0,0,0,0,0,0,0,0,0,0,0,0,0,0,0,0,0,0,0,0,0
netty,io/netty/channel/sctp/nio/NioSctpServerChannel,NioSctpServerChannel,dataset/projects/netty/transport-sctp/src/main/java/io/netty/channel/sctp/nio/NioSctpServerChannel.java,,1,1,0,0,0,0,0,0,0,1,0,0,0,0,0,0,0,0,0,0,0,0,0,0,0,0,0,0,0,0,0,0,0,0,0
netty,io/netty/channel/sctp/oio/OioSctpChannel,OioSctpChannel,dataset/projects/netty/transport-sctp/src/main/java/io/netty/channel/sctp/oio/OioSctpChannel.java,,1,6,0,0,1,3,0,1,0,1,0,0,0,0,0,0,0,0,0,0,0,0,0,0,0,0,0,0,0,0,0,0,0,0,0
netty,io/netty/channel/sctp/oio/OioSctpLimitStreams,OioSctpLimitStreams,,C:/Users/ismak/Documents/GitHub/relation_test_code_smell_ML/dataset/projects/netty/transport-sctp/src/test/java/io/netty/channel/sctp/oio/OioSctpLimitStreamsTest.java,0,0,1,3,0,0,0,0,0,0,1,1,1,0,0,0,0,0,0,0,0,0,0,0,0,0,0,0,0,0,0,0,0,0,0
netty,io/netty/channel/sctp/oio/OioSctpServerChannel,OioSctpServerChannel,dataset/projects/netty/transport-sctp/src/main/java/io/netty/channel/sctp/oio/OioSctpServerChannel.java,,1,3,0,0,0,1,0,1,0,1,0,0,0,0,0,0,0,0,0,0,0,0,0,0,0,0,0,0,0,0,0,0,0,0,0
netty,io/netty/channel/socket/DatagramChannel,DatagramChannel,dataset/projects/netty/transport/src/main/java/io/netty/channel/socket/DatagramChannel.java,,1,1,0,0,0,0,0,0,0,1,0,0,0,0,0,0,0,0,0,0,0,0,0,0,0,0,0,0,0,0,0,0,0,0,0
netty,io/netty/channel/socket/DefaultDatagramChannelConfig,DefaultDatagramChannelConfig,dataset/projects/netty/transport/src/main/java/io/netty/channel/socket/DefaultDatagramChannelConfig.java,,1,5,0,0,0,3,0,1,0,1,0,0,0,0,0,0,0,0,0,0,0,0,0,0,0,0,0,0,0,0,0,0,0,0,0
netty,io/netty/channel/socket/DefaultServerSocketChannelConfig,DefaultServerSocketChannelConfig,dataset/projects/netty/transport/src/main/java/io/netty/channel/socket/DefaultServerSocketChannelConfig.java,,1,1,0,0,0,0,0,0,0,1,0,0,0,0,0,0,0,0,0,0,0,0,0,0,0,0,0,0,0,0,0,0,0,0,0
netty,io/netty/channel/socket/DefaultSocketChannelConfig,DefaultSocketChannelConfig,dataset/projects/netty/transport/src/main/java/io/netty/channel/socket/DefaultSocketChannelConfig.java,,1,2,0,0,0,0,0,1,0,1,0,0,0,0,0,0,0,0,0,0,0,0,0,0,0,0,0,0,0,0,0,0,0,0,0
netty,io/netty/channel/socket/InternetProtocolFamily,InternetProtocolFamily,,C:/Users/ismak/Documents/GitHub/relation_test_code_smell_ML/dataset/projects/netty/transport/src/test/java/io/netty/channel/socket/InternetProtocolFamilyTest.java,0,0,1,3,0,0,0,0,0,0,1,1,1,0,0,0,0,0,0,0,0,0,0,0,0,0,0,0,0,0,0,0,0,0,0
netty,io/netty/channel/socket/nio/AbstractNioChannel,AbstractNioChannel,,C:/Users/ismak/Documents/GitHub/relation_test_code_smell_ML/dataset/projects/netty/transport/src/test/java/io/netty/channel/socket/nio/AbstractNioChannelTest.java,0,0,1,6,0,0,0,0,0,0,1,1,1,0,1,0,0,0,0,1,0,0,0,0,0,0,0,0,0,0,1,0,0,0,0
netty,io/netty/channel/socket/nio/AbstractNioDomainChannel,AbstractNioDomainChannel,,C:/Users/ismak/Documents/GitHub/relation_test_code_smell_ML/dataset/projects/netty/transport/src/test/java/io/netty/channel/socket/nio/AbstractNioDomainChannelTest.java,0,0,1,6,0,0,0,0,0,0,1,1,1,0,1,0,0,0,0,1,0,0,0,0,0,0,0,0,0,0,1,0,0,0,0
netty,io/netty/channel/socket/nio/NioDatagramChannel,NioDatagramChannel,dataset/projects/netty/transport/src/main/java/io/netty/channel/socket/nio/NioDatagramChannel.java,C:/Users/ismak/Documents/GitHub/relation_test_code_smell_ML/dataset/projects/netty/transport/src/test/java/io/netty/channel/socket/nio/NioDatagramChannelTest.java,1,5,1,6,1,2,0,1,0,1,1,1,1,0,0,1,0,0,0,1,0,0,0,0,0,0,0,0,0,0,0,0,0,1,0
netty,io/netty/channel/socket/nio/NioDomainSocketChannel,NioDomainSocketChannel,dataset/projects/netty/transport/src/main/java/io/netty/channel/socket/nio/NioDomainSocketChannel.java,C:/Users/ismak/Documents/GitHub/relation_test_code_smell_ML/dataset/projects/netty/transport/src/test/java/io/netty/channel/socket/nio/NioDomainSocketChannelTest.java,1,4,1,3,1,0,0,1,0,2,1,1,1,0,0,0,0,0,0,0,0,0,0,0,0,0,0,0,0,0,0,0,0,0,0
netty,io/netty/channel/socket/nio/NioServerDomainSocketChannel,NioServerDomainSocketChannel,dataset/projects/netty/transport/src/main/java/io/netty/channel/socket/nio/NioServerDomainSocketChannel.java,C:/Users/ismak/Documents/GitHub/relation_test_code_smell_ML/dataset/projects/netty/transport/src/test/java/io/netty/channel/socket/nio/NioServerDomainSocketChannelTest.java,1,1,1,8,0,0,0,0,0,1,1,1,1,0,1,1,0,0,0,1,0,1,0,0,0,0,0,0,0,0,0,0,1,0,0
netty,io/netty/channel/socket/nio/NioServerSocketChannel,NioServerSocketChannel,dataset/projects/netty/transport/src/main/java/io/netty/channel/socket/nio/NioServerSocketChannel.java,C:/Users/ismak/Documents/GitHub/relation_test_code_smell_ML/dataset/projects/netty/transport/src/test/java/io/netty/channel/socket/nio/NioServerSocketChannelTest.java,1,1,1,5,0,0,0,0,0,1,1,1,1,0,1,0,0,0,0,1,0,0,0,0,0,0,0,0,0,0,0,0,0,0,0
netty,io/netty/channel/socket/nio/NioSocketChannel,NioSocketChannel,dataset/projects/netty/transport/src/main/java/io/netty/channel/socket/nio/NioSocketChannel.java,C:/Users/ismak/Documents/GitHub/relation_test_code_smell_ML/dataset/projects/netty/transport/src/test/java/io/netty/channel/socket/nio/NioSocketChannelTest.java,1,3,1,10,1,0,0,1,0,1,1,1,1,0,1,1,0,0,0,1,0,0,0,0,0,0,1,0,0,0,1,1,0,1,0
netty,io/netty/channel/socket/oio/DefaultOioDatagramChannelConfig,DefaultOioDatagramChannelConfig,dataset/projects/netty/transport/src/main/java/io/netty/channel/socket/oio/DefaultOioDatagramChannelConfig.java,,1,1,0,0,0,0,0,0,0,1,0,0,0,0,0,0,0,0,0,0,0,0,0,0,0,0,0,0,0,0,0,0,0,0,0
netty,io/netty/channel/socket/oio/DefaultOioServerSocketChannelConfig,DefaultOioServerSocketChannelConfig,dataset/projects/netty/transport/src/main/java/io/netty/channel/socket/oio/DefaultOioServerSocketChannelConfig.java,,1,1,0,0,0,0,0,0,0,1,0,0,0,0,0,0,0,0,0,0,0,0,0,0,0,0,0,0,0,0,0,0,0,0,0
netty,io/netty/channel/socket/oio/DefaultOioSocketChannelConfig,DefaultOioSocketChannelConfig,dataset/projects/netty/transport/src/main/java/io/netty/channel/socket/oio/DefaultOioSocketChannelConfig.java,,1,1,0,0,0,0,0,0,0,1,0,0,0,0,0,0,0,0,0,0,0,0,0,0,0,0,0,0,0,0,0,0,0,0,0
netty,io/netty/channel/socket/oio/OioDatagramChannel,OioDatagramChannel,dataset/projects/netty/transport/src/main/java/io/netty/channel/socket/oio/OioDatagramChannel.java,,1,2,0,0,0,0,0,1,0,1,0,0,0,0,0,0,0,0,0,0,0,0,0,0,0,0,0,0,0,0,0,0,0,0,0
netty,io/netty/channel/socket/oio/OioServerSocketChannel,OioServerSocketChannel,dataset/projects/netty/transport/src/main/java/io/netty/channel/socket/oio/OioServerSocketChannel.java,,1,1,0,0,0,0,0,0,0,1,0,0,0,0,0,0,0,0,0,0,0,0,0,0,0,0,0,0,0,0,0,0,0,0,0
netty,io/netty/channel/socket/oio/OioSocketChannel,OioSocketChannel,dataset/projects/netty/transport/src/main/java/io/netty/channel/socket/oio/OioSocketChannel.java,,1,2,0,0,0,0,0,1,0,1,0,0,0,0,0,0,0,0,0,0,0,0,0,0,0,0,0,0,0,0,0,0,0,0,0
netty,io/netty/channel/udt/DefaultUdtChannelConfig,DefaultUdtChannelConfig,dataset/projects/netty/transport-udt/src/main/java/io/netty/channel/udt/DefaultUdtChannelConfig.java,,1,2,0,0,0,0,0,1,0,1,0,0,0,0,0,0,0,0,0,0,0,0,0,0,0,0,0,0,0,0,0,0,0,0,0
netty,io/netty/channel/udt/DefaultUdtServerChannelConfig,DefaultUdtServerChannelConfig,dataset/projects/netty/transport-udt/src/main/java/io/netty/channel/udt/DefaultUdtServerChannelConfig.java,,1,1,0,0,0,0,0,0,0,1,0,0,0,0,0,0,0,0,0,0,0,0,0,0,0,0,0,0,0,0,0,0,0,0,0
netty,io/netty/channel/udt/nio/NioUdtAcceptorChannel,NioUdtAcceptorChannel,dataset/projects/netty/transport-udt/src/main/java/io/netty/channel/udt/nio/NioUdtAcceptorChannel.java,,1,1,0,0,0,0,0,0,0,1,0,0,0,0,0,0,0,0,0,0,0,0,0,0,0,0,0,0,0,0,0,0,0,0,0
netty,io/netty/channel/udt/nio/NioUdtByteConnectorChannel,NioUdtByteConnectorChannel,dataset/projects/netty/transport-udt/src/main/java/io/netty/channel/udt/nio/NioUdtByteConnectorChannel.java,,1,1,0,0,0,0,0,0,0,1,0,0,0,0,0,0,0,0,0,0,0,0,0,0,0,0,0,0,0,0,0,0,0,0,0
netty,io/netty/channel/udt/nio/NioUdtMessageConnectorChannel,NioUdtMessageConnectorChannel,dataset/projects/netty/transport-udt/src/main/java/io/netty/channel/udt/nio/NioUdtMessageConnectorChannel.java,,1,1,0,0,0,0,0,0,0,1,0,0,0,0,0,0,0,0,0,0,0,0,0,0,0,0,0,0,0,0,0,0,0,0,0
netty,io/netty/channel/udt/nio/NioUdtProvider,NioUdtProvider,dataset/projects/netty/transport-udt/src/main/java/io/netty/channel/udt/nio/NioUdtProvider.java,,1,1,0,0,0,1,0,0,0,0,0,0,0,0,0,0,0,0,0,0,0,0,0,0,0,0,0,0,0,0,0,0,0,0,0
netty,io/netty/channel/unix/Errors,Errors,dataset/projects/netty/transport-native-unix-common/src/main/java/io/netty/channel/unix/Errors.java,,1,2,0,0,0,2,0,0,0,0,0,0,0,0,0,0,0,0,0,0,0,0,0,0,0,0,0,0,0,0,0,0,0,0,0
netty,io/netty/channel/unix/ErrorsStaticallyReferencedJniMethods,ErrorsStaticallyReferencedJniMethods,dataset/projects/netty/transport-native-unix-common/src/main/java/io/netty/channel/unix/ErrorsStaticallyReferencedJniMethods.java,,1,1,0,0,0,0,0,0,0,1,0,0,0,0,0,0,0,0,0,0,0,0,0,0,0,0,0,0,0,0,0,0,0,0,0
netty,io/netty/channel/unix/FileDescriptor,FileDescriptor,dataset/projects/netty/transport-native-unix-common/src/main/java/io/netty/channel/unix/FileDescriptor.java,,1,1,0,0,0,0,0,0,0,1,0,0,0,0,0,0,0,0,0,0,0,0,0,0,0,0,0,0,0,0,0,0,0,0,0
netty,io/netty/channel/unix/IovArray,IovArray,dataset/projects/netty/transport-native-unix-common/src/main/java/io/netty/channel/unix/IovArray.java,,1,1,0,0,0,0,0,0,0,1,0,0,0,0,0,0,0,0,0,0,0,0,0,0,0,0,0,0,0,0,0,0,0,0,0
netty,io/netty/channel/unix/NativeInetAddress,NativeInetAddress,,C:/Users/ismak/Documents/GitHub/relation_test_code_smell_ML/dataset/projects/netty/transport-native-unix-common/src/test/java/io/netty/channel/unix/NativeInetAddressTest.java,0,0,1,4,0,0,0,0,0,0,1,1,1,0,1,0,0,0,0,0,0,0,0,0,0,0,0,0,0,0,0,0,0,0,0
netty,io/netty/channel/unix/PreferredDirectByteBufAllocator,PreferredDirectByteBufAllocator,dataset/projects/netty/transport-native-unix-common/src/main/java/io/netty/channel/unix/PreferredDirectByteBufAllocator.java,,1,1,0,0,0,0,0,0,0,1,0,0,0,0,0,0,0,0,0,0,0,0,0,0,0,0,0,0,0,0,0,0,0,0,0
netty,io/netty/channel/unix/Socket,Socket,dataset/projects/netty/transport-native-unix-common/src/main/java/io/netty/channel/unix/Socket.java,,1,4,0,0,0,2,0,1,0,1,0,0,0,0,0,0,0,0,0,0,0,0,0,0,0,0,0,0,0,0,0,0,0,0,0
netty,io/netty/channel/unix/UnixChannelUtil,UnixChannelUtil,,C:/Users/ismak/Documents/GitHub/relation_test_code_smell_ML/dataset/projects/netty/transport-native-unix-common/src/test/java/io/netty/channel/unix/UnixChannelUtilTest.java,0,0,1,5,0,0,0,0,0,0,1,1,1,0,0,0,0,0,0,0,0,0,0,0,0,0,0,0,0,0,1,1,0,0,0
netty,io/netty/channel/unix/tests/DetectPeerCloseWithoutRead,DetectPeerCloseWithoutRead,,C:/Users/ismak/Documents/GitHub/relation_test_code_smell_ML/dataset/projects/netty/transport-native-unix-common-tests/src/main/java/io/netty/channel/unix/tests/DetectPeerCloseWithoutReadTest.java,0,0,1,5,0,0,0,0,0,0,1,1,1,0,0,0,0,0,0,1,0,0,0,0,0,0,0,0,0,0,1,0,0,0,0
netty,io/netty/channel/unix/tests/IovArray,IovArray,,C:/Users/ismak/Documents/GitHub/relation_test_code_smell_ML/dataset/projects/netty/transport-native-unix-common-tests/src/main/java/io/netty/channel/unix/tests/IovArrayTest.java,0,0,1,5,0,0,0,0,0,0,1,1,1,0,1,0,0,0,0,0,0,0,0,0,0,0,0,0,0,0,0,0,0,1,0
netty,io/netty/channel/unix/tests/Socket,Socket,,C:/Users/ismak/Documents/GitHub/relation_test_code_smell_ML/dataset/projects/netty/transport-native-unix-common-tests/src/main/java/io/netty/channel/unix/tests/SocketTest.java,0,0,1,7,0,0,0,0,0,0,1,1,1,0,1,0,0,0,0,1,0,0,0,0,0,0,0,0,0,0,1,0,0,1,0
netty,io/netty/channel/unix/tests/SocketTest,SocketTest,dataset/projects/netty/transport-native-unix-common-tests/src/main/java/io/netty/channel/unix/tests/SocketTest.java,,1,1,0,0,0,0,0,0,0,1,0,0,0,0,0,0,0,0,0,0,0,0,0,0,0,0,0,0,0,0,0,0,0,0,0
netty,io/netty/channel/uring/AbstractIoUringChannel,AbstractIoUringChannel,dataset/projects/netty/transport-classes-io_uring/src/main/java/io/netty/channel/uring/AbstractIoUringChannel.java,,1,14,0,0,1,8,0,2,1,2,0,0,0,0,0,0,0,0,0,0,0,0,0,0,0,0,0,0,0,0,0,0,0,0,0
netty,io/netty/channel/uring/AbstractIoUringServerChannel,AbstractIoUringServerChannel,dataset/projects/netty/transport-classes-io_uring/src/main/java/io/netty/channel/uring/AbstractIoUringServerChannel.java,,1,1,0,0,0,1,0,0,0,0,0,0,0,0,0,0,0,0,0,0,0,0,0,0,0,0,0,0,0,0,0,0,0,0,0
netty,io/netty/channel/uring/AbstractIoUringStreamChannel,AbstractIoUringStreamChannel,dataset/projects/netty/transport-classes-io_uring/src/main/java/io/netty/channel/uring/AbstractIoUringStreamChannel.java,,1,6,0,0,1,2,0,1,0,2,0,0,0,0,0,0,0,0,0,0,0,0,0,0,0,0,0,0,0,0,0,0,0,0,0
netty,io/netty/channel/uring/CombinationOfEpollAndIoUring,CombinationOfEpollAndIoUring,,C:/Users/ismak/Documents/GitHub/relation_test_code_smell_ML/dataset/projects/netty/transport-native-io_uring/src/test/java/io/netty/channel/uring/CombinationOfEpollAndIoUringTest.java,0,0,1,4,0,0,0,0,0,0,1,1,1,0,0,0,0,0,0,0,0,0,0,0,0,0,0,0,0,0,1,0,0,0,0
netty,io/netty/channel/uring/CombinationOfIoUringAndEpoll,CombinationOfIoUringAndEpoll,,C:/Users/ismak/Documents/GitHub/relation_test_code_smell_ML/dataset/projects/netty/transport-native-io_uring/src/test/java/io/netty/channel/uring/CombinationOfIoUringAndEpollTest.java,0,0,1,4,0,0,0,0,0,0,1,1,1,0,0,0,0,0,0,0,0,0,0,0,0,0,0,0,0,0,1,0,0,0,0
netty,io/netty/channel/uring/CompletionQueue,CompletionQueue,dataset/projects/netty/transport-classes-io_uring/src/main/java/io/netty/channel/uring/CompletionQueue.java,,1,1,0,0,0,0,1,0,0,0,0,0,0,0,0,0,0,0,0,0,0,0,0,0,0,0,0,0,0,0,0,0,0,0,0
netty,io/netty/channel/uring/IoUringAdaptiveBufferRingAllocator,IoUringAdaptiveBufferRingAllocator,,C:/Users/ismak/Documents/GitHub/relation_test_code_smell_ML/dataset/projects/netty/transport-native-io_uring/src/test/java/io/netty/channel/uring/IoUringAdaptiveBufferRingAllocatorTest.java,0,0,1,4,0,0,0,0,0,0,1,1,1,0,0,0,0,0,0,0,0,0,0,0,0,0,0,0,0,0,1,0,0,0,0
netty,io/netty/channel/uring/IoUringAutoRead,IoUringAutoRead,,C:/Users/ismak/Documents/GitHub/relation_test_code_smell_ML/dataset/projects/netty/transport-native-io_uring/src/test/java/io/netty/channel/uring/IoUringAutoReadTest.java,0,0,1,6,0,0,0,0,0,0,1,1,1,0,1,0,0,0,0,1,0,0,0,0,0,0,0,0,0,0,0,0,0,1,0
netty,io/netty/channel/uring/IoUringBufferRing,IoUringBufferRing,,C:/Users/ismak/Documents/GitHub/relation_test_code_smell_ML/dataset/projects/netty/transport-native-io_uring/src/test/java/io/netty/channel/uring/IoUringBufferRingTest.java,0,0,1,8,0,0,0,0,0,0,1,1,1,0,1,1,0,0,0,1,0,0,0,0,0,0,0,0,0,0,1,0,0,1,0
netty,io/netty/channel/uring/IoUringBufferRingCompositeBufferGatheringWrite,IoUringBufferRingCompositeBufferGatheringWrite,,C:/Users/ismak/Documents/GitHub/relation_test_code_smell_ML/dataset/projects/netty/transport-native-io_uring/src/test/java/io/netty/channel/uring/IoUringBufferRingCompositeBufferGatheringWriteTest.java,0,0,1,3,0,0,0,0,0,0,1,1,1,0,0,0,0,0,0,0,0,0,0,0,0,0,0,0,0,0,0,0,0,0,0
netty,io/netty/channel/uring/IoUringBufferRingSocketChannelNotYetConnected,IoUringBufferRingSocketChannelNotYetConnected,,C:/Users/ismak/Documents/GitHub/relation_test_code_smell_ML/dataset/projects/netty/transport-native-io_uring/src/test/java/io/netty/channel/uring/IoUringBufferRingSocketChannelNotYetConnectedTest.java,0,0,1,3,0,0,0,0,0,0,1,1,1,0,0,0,0,0,0,0,0,0,0,0,0,0,0,0,0,0,0,0,0,0,0
netty,io/netty/channel/uring/IoUringBufferRingSocketConditionalWritability,IoUringBufferRingSocketConditionalWritability,,C:/Users/ismak/Documents/GitHub/relation_test_code_smell_ML/dataset/projects/netty/transport-native-io_uring/src/test/java/io/netty/channel/uring/IoUringBufferRingSocketConditionalWritabilityTest.java,0,0,1,3,0,0,0,0,0,0,1,1,1,0,0,0,0,0,0,0,0,0,0,0,0,0,0,0,0,0,0,0,0,0,0
netty,io/netty/channel/uring/IoUringBufferRingSocketConnect,IoUringBufferRingSocketConnect,,C:/Users/ismak/Documents/GitHub/relation_test_code_smell_ML/dataset/projects/netty/transport-native-io_uring/src/test/java/io/netty/channel/uring/IoUringBufferRingSocketConnectTest.java,0,0,1,3,0,0,0,0,0,0,1,1,1,0,0,0,0,0,0,0,0,0,0,0,0,0,0,0,0,0,0,0,0,0,0
netty,io/netty/channel/uring/IoUringBufferRingSocketConnectionAttempt,IoUringBufferRingSocketConnectionAttempt,,C:/Users/ismak/Documents/GitHub/relation_test_code_smell_ML/dataset/projects/netty/transport-native-io_uring/src/test/java/io/netty/channel/uring/IoUringBufferRingSocketConnectionAttemptTest.java,0,0,1,3,0,0,0,0,0,0,1,1,1,0,0,0,0,0,0,0,0,0,0,0,0,0,0,0,0,0,0,0,0,0,0
netty,io/netty/channel/uring/IoUringBufferRingSocketDataReadInitialState,IoUringBufferRingSocketDataReadInitialState,,C:/Users/ismak/Documents/GitHub/relation_test_code_smell_ML/dataset/projects/netty/transport-native-io_uring/src/test/java/io/netty/channel/uring/IoUringBufferRingSocketDataReadInitialStateTest.java,0,0,1,3,0,0,0,0,0,0,1,1,1,0,0,0,0,0,0,0,0,0,0,0,0,0,0,0,0,0,0,0,0,0,0
netty,io/netty/channel/uring/IoUringBufferRingSocketEcho,IoUringBufferRingSocketEcho,,C:/Users/ismak/Documents/GitHub/relation_test_code_smell_ML/dataset/projects/netty/transport-native-io_uring/src/test/java/io/netty/channel/uring/IoUringBufferRingSocketEchoTest.java,0,0,1,3,0,0,0,0,0,0,1,1,1,0,0,0,0,0,0,0,0,0,0,0,0,0,0,0,0,0,0,0,0,0,0
netty,io/netty/channel/uring/IoUringBufferRingSocketExceptionHandling,IoUringBufferRingSocketExceptionHandling,,C:/Users/ismak/Documents/GitHub/relation_test_code_smell_ML/dataset/projects/netty/transport-native-io_uring/src/test/java/io/netty/channel/uring/IoUringBufferRingSocketExceptionHandlingTest.java,0,0,1,3,0,0,0,0,0,0,1,1,1,0,0,0,0,0,0,0,0,0,0,0,0,0,0,0,0,0,0,0,0,0,0
netty,io/netty/channel/uring/IoUringBufferRingSocketFileRegion,IoUringBufferRingSocketFileRegion,,C:/Users/ismak/Documents/GitHub/relation_test_code_smell_ML/dataset/projects/netty/transport-native-io_uring/src/test/java/io/netty/channel/uring/IoUringBufferRingSocketFileRegionTest.java,0,0,1,5,0,0,0,0,0,0,1,1,1,0,0,0,0,0,0,1,0,0,0,0,0,0,0,0,0,0,1,0,0,0,0
netty,io/netty/channel/uring/IoUringBufferRingSocketFixedLengthEcho,IoUringBufferRingSocketFixedLengthEcho,,C:/Users/ismak/Documents/GitHub/relation_test_code_smell_ML/dataset/projects/netty/transport-native-io_uring/src/test/java/io/netty/channel/uring/IoUringBufferRingSocketFixedLengthEchoTest.java,0,0,1,3,0,0,0,0,0,0,1,1,1,0,0,0,0,0,0,0,0,0,0,0,0,0,0,0,0,0,0,0,0,0,0
netty,io/netty/channel/uring/IoUringBufferRingSocketGatheringWrite,IoUringBufferRingSocketGatheringWrite,,C:/Users/ismak/Documents/GitHub/relation_test_code_smell_ML/dataset/projects/netty/transport-native-io_uring/src/test/java/io/netty/channel/uring/IoUringBufferRingSocketGatheringWriteTest.java,0,0,1,3,0,0,0,0,0,0,1,1,1,0,0,0,0,0,0,0,0,0,0,0,0,0,0,0,0,0,0,0,0,0,0
netty,io/netty/channel/uring/IoUringBufferRingSocketHalfClosed,IoUringBufferRingSocketHalfClosed,,C:/Users/ismak/Documents/GitHub/relation_test_code_smell_ML/dataset/projects/netty/transport-native-io_uring/src/test/java/io/netty/channel/uring/IoUringBufferRingSocketHalfClosedTest.java,0,0,1,5,0,0,0,0,0,0,1,1,1,0,0,0,0,0,0,1,0,0,0,0,0,0,0,0,0,0,1,0,0,0,0
netty,io/netty/channel/uring/IoUringBufferRingSocketMultipleConnect,IoUringBufferRingSocketMultipleConnect,,C:/Users/ismak/Documents/GitHub/relation_test_code_smell_ML/dataset/projects/netty/transport-native-io_uring/src/test/java/io/netty/channel/uring/IoUringBufferRingSocketMultipleConnectTest.java,0,0,1,3,0,0,0,0,0,0,1,1,1,0,0,0,0,0,0,0,0,0,0,0,0,0,0,0,0,0,0,0,0,0,0
netty,io/netty/channel/uring/IoUringBufferRingSocketRst,IoUringBufferRingSocketRst,,C:/Users/ismak/Documents/GitHub/relation_test_code_smell_ML/dataset/projects/netty/transport-native-io_uring/src/test/java/io/netty/channel/uring/IoUringBufferRingSocketRstTest.java,0,0,1,3,0,0,0,0,0,0,1,1,1,0,0,0,0,0,0,0,0,0,0,0,0,0,0,0,0,0,0,0,0,0,0
netty,io/netty/channel/uring/IoUringBufferRingSocketShutdownOutputByPeer,IoUringBufferRingSocketShutdownOutputByPeer,,C:/Users/ismak/Documents/GitHub/relation_test_code_smell_ML/dataset/projects/netty/transport-native-io_uring/src/test/java/io/netty/channel/uring/IoUringBufferRingSocketShutdownOutputByPeerTest.java,0,0,1,3,0,0,0,0,0,0,1,1,1,0,0,0,0,0,0,0,0,0,0,0,0,0,0,0,0,0,0,0,0,0,0
netty,io/netty/channel/uring/IoUringBufferRingSocketShutdownOutputBySelf,IoUringBufferRingSocketShutdownOutputBySelf,,C:/Users/ismak/Documents/GitHub/relation_test_code_smell_ML/dataset/projects/netty/transport-native-io_uring/src/test/java/io/netty/channel/uring/IoUringBufferRingSocketShutdownOutputBySelfTest.java,0,0,1,3,0,0,0,0,0,0,1,1,1,0,0,0,0,0,0,0,0,0,0,0,0,0,0,0,0,0,0,0,0,0,0
netty,io/netty/channel/uring/IoUringBufferRingSocketSslClientRenegotiate,IoUringBufferRingSocketSslClientRenegotiate,,C:/Users/ismak/Documents/GitHub/relation_test_code_smell_ML/dataset/projects/netty/transport-native-io_uring/src/test/java/io/netty/channel/uring/IoUringBufferRingSocketSslClientRenegotiateTest.java,0,0,1,3,0,0,0,0,0,0,1,1,1,0,0,0,0,0,0,0,0,0,0,0,0,0,0,0,0,0,0,0,0,0,0
netty,io/netty/channel/uring/IoUringBufferRingSocketSslEcho,IoUringBufferRingSocketSslEcho,,C:/Users/ismak/Documents/GitHub/relation_test_code_smell_ML/dataset/projects/netty/transport-native-io_uring/src/test/java/io/netty/channel/uring/IoUringBufferRingSocketSslEchoTest.java,0,0,1,3,0,0,0,0,0,0,1,1,1,0,0,0,0,0,0,0,0,0,0,0,0,0,0,0,0,0,0,0,0,0,0
netty,io/netty/channel/uring/IoUringBufferRingSocketSslGreeting,IoUringBufferRingSocketSslGreeting,,C:/Users/ismak/Documents/GitHub/relation_test_code_smell_ML/dataset/projects/netty/transport-native-io_uring/src/test/java/io/netty/channel/uring/IoUringBufferRingSocketSslGreetingTest.java,0,0,1,3,0,0,0,0,0,0,1,1,1,0,0,0,0,0,0,0,0,0,0,0,0,0,0,0,0,0,0,0,0,0,0
netty,io/netty/channel/uring/IoUringBufferRingSocketSslSessionReuse,IoUringBufferRingSocketSslSessionReuse,,C:/Users/ismak/Documents/GitHub/relation_test_code_smell_ML/dataset/projects/netty/transport-native-io_uring/src/test/java/io/netty/channel/uring/IoUringBufferRingSocketSslSessionReuseTest.java,0,0,1,3,0,0,0,0,0,0,1,1,1,0,0,0,0,0,0,0,0,0,0,0,0,0,0,0,0,0,0,0,0,0,0
netty,io/netty/channel/uring/IoUringBufferRingSocketStartTls,IoUringBufferRingSocketStartTls,,C:/Users/ismak/Documents/GitHub/relation_test_code_smell_ML/dataset/projects/netty/transport-native-io_uring/src/test/java/io/netty/channel/uring/IoUringBufferRingSocketStartTlsTest.java,0,0,1,3,0,0,0,0,0,0,1,1,1,0,0,0,0,0,0,0,0,0,0,0,0,0,0,0,0,0,0,0,0,0,0
netty,io/netty/channel/uring/IoUringBufferRingSocketStringEcho,IoUringBufferRingSocketStringEcho,,C:/Users/ismak/Documents/GitHub/relation_test_code_smell_ML/dataset/projects/netty/transport-native-io_uring/src/test/java/io/netty/channel/uring/IoUringBufferRingSocketStringEchoTest.java,0,0,1,3,0,0,0,0,0,0,1,1,1,0,0,0,0,0,0,0,0,0,0,0,0,0,0,0,0,0,0,0,0,0,0
netty,io/netty/channel/uring/IoUringBufferRingWriteBeforeRegistered,IoUringBufferRingWriteBeforeRegistered,,C:/Users/ismak/Documents/GitHub/relation_test_code_smell_ML/dataset/projects/netty/transport-native-io_uring/src/test/java/io/netty/channel/uring/IoUringBufferRingWriteBeforeRegisteredTest.java,0,0,1,3,0,0,0,0,0,0,1,1,1,0,0,0,0,0,0,0,0,0,0,0,0,0,0,0,0,0,0,0,0,0,0
netty,io/netty/channel/uring/IoUringChannelConfig,IoUringChannelConfig,dataset/projects/netty/transport-classes-io_uring/src/main/java/io/netty/channel/uring/IoUringChannelConfig.java,C:/Users/ismak/Documents/GitHub/relation_test_code_smell_ML/dataset/projects/netty/transport-native-io_uring/src/test/java/io/netty/channel/uring/IoUringChannelConfigTest.java,1,1,1,4,0,0,0,0,0,1,1,1,1,0,0,0,0,0,0,1,0,0,0,0,0,0,0,0,0,0,0,0,0,0,0
netty,io/netty/channel/uring/IoUringCompositeBufferGatheringWrite,IoUringCompositeBufferGatheringWrite,,C:/Users/ismak/Documents/GitHub/relation_test_code_smell_ML/dataset/projects/netty/transport-native-io_uring/src/test/java/io/netty/channel/uring/IoUringCompositeBufferGatheringWriteTest.java,0,0,1,3,0,0,0,0,0,0,1,1,1,0,0,0,0,0,0,0,0,0,0,0,0,0,0,0,0,0,0,0,0,0,0
netty,io/netty/channel/uring/IoUringCustomIoHandle,IoUringCustomIoHandle,,C:/Users/ismak/Documents/GitHub/relation_test_code_smell_ML/dataset/projects/netty/transport-native-io_uring/src/test/java/io/netty/channel/uring/IoUringCustomIoHandleTest.java,0,0,1,7,0,0,0,0,0,0,1,1,1,0,1,1,0,0,0,1,0,0,0,0,0,0,0,0,0,1,0,0,0,0,0
netty,io/netty/channel/uring/IoUringDatagramChannel,IoUringDatagramChannel,dataset/projects/netty/transport-classes-io_uring/src/main/java/io/netty/channel/uring/IoUringDatagramChannel.java,,1,7,0,0,1,2,0,2,0,2,0,0,0,0,0,0,0,0,0,0,0,0,0,0,0,0,0,0,0,0,0,0,0,0,0
netty,io/netty/channel/uring/IoUringDatagramChannelConfig,IoUringDatagramChannelConfig,dataset/projects/netty/transport-classes-io_uring/src/main/java/io/netty/channel/uring/IoUringDatagramChannelConfig.java,,1,5,0,0,0,3,0,1,0,1,0,0,0,0,0,0,0,0,0,0,0,0,0,0,0,0,0,0,0,0,0,0,0,0,0
netty,io/netty/channel/uring/IoUringDatagramConnectNotExists,IoUringDatagramConnectNotExists,,C:/Users/ismak/Documents/GitHub/relation_test_code_smell_ML/dataset/projects/netty/transport-native-io_uring/src/test/java/io/netty/channel/uring/IoUringDatagramConnectNotExistsTest.java,0,0,1,3,0,0,0,0,0,0,1,1,1,0,0,0,0,0,0,0,0,0,0,0,0,0,0,0,0,0,0,0,0,0,0
netty,io/netty/channel/uring/IoUringDatagramConnectedWriteException,IoUringDatagramConnectedWriteException,,C:/Users/ismak/Documents/GitHub/relation_test_code_smell_ML/dataset/projects/netty/transport-native-io_uring/src/test/java/io/netty/channel/uring/IoUringDatagramConnectedWriteExceptionTest.java,0,0,1,3,0,0,0,0,0,0,1,1,1,0,0,0,0,0,0,0,0,0,0,0,0,0,0,0,0,0,0,0,0,0,0
netty,io/netty/channel/uring/IoUringDatagramMulticast,IoUringDatagramMulticast,,C:/Users/ismak/Documents/GitHub/relation_test_code_smell_ML/dataset/projects/netty/transport-native-io_uring/src/test/java/io/netty/channel/uring/IoUringDatagramMulticastTest.java,0,0,1,3,0,0,0,0,0,0,1,1,1,0,0,0,0,0,0,0,0,0,0,0,0,0,0,0,0,0,0,0,0,0,0
netty,io/netty/channel/uring/IoUringDatagramMulticastIPv6,IoUringDatagramMulticastIPv6,,C:/Users/ismak/Documents/GitHub/relation_test_code_smell_ML/dataset/projects/netty/transport-native-io_uring/src/test/java/io/netty/channel/uring/IoUringDatagramMulticastIPv6Test.java,0,0,1,3,0,0,0,0,0,0,1,1,1,0,0,0,0,0,0,0,0,0,0,0,0,0,0,0,0,0,0,0,0,0,0
netty,io/netty/channel/uring/IoUringDatagramUnicast,IoUringDatagramUnicast,,C:/Users/ismak/Documents/GitHub/relation_test_code_smell_ML/dataset/projects/netty/transport-native-io_uring/src/test/java/io/netty/channel/uring/IoUringDatagramUnicastTest.java,0,0,1,6,0,0,0,0,0,0,1,1,1,0,0,1,0,0,0,1,0,0,0,0,0,0,0,0,0,0,1,0,0,0,0
netty,io/netty/channel/uring/IoUringDatagramUnicastIPv6,IoUringDatagramUnicastIPv6,,C:/Users/ismak/Documents/GitHub/relation_test_code_smell_ML/dataset/projects/netty/transport-native-io_uring/src/test/java/io/netty/channel/uring/IoUringDatagramUnicastIPv6Test.java,0,0,1,3,0,0,0,0,0,0,1,1,1,0,0,0,0,0,0,0,0,0,0,0,0,0,0,0,0,0,0,0,0,0,0
netty,io/netty/channel/uring/IoUringDatagramUnicastIPv6Mapped,IoUringDatagramUnicastIPv6Mapped,,C:/Users/ismak/Documents/GitHub/relation_test_code_smell_ML/dataset/projects/netty/transport-native-io_uring/src/test/java/io/netty/channel/uring/IoUringDatagramUnicastIPv6MappedTest.java,0,0,1,3,0,0,0,0,0,0,1,1,1,0,0,0,0,0,0,0,0,0,0,0,0,0,0,0,0,0,0,0,0,0,0
netty,io/netty/channel/uring/IoUringDetectPeerCloseWithRead,IoUringDetectPeerCloseWithRead,,C:/Users/ismak/Documents/GitHub/relation_test_code_smell_ML/dataset/projects/netty/transport-native-io_uring/src/test/java/io/netty/channel/uring/IoUringDetectPeerCloseWithReadTest.java,0,0,1,3,0,0,0,0,0,0,1,1,1,0,0,0,0,0,0,0,0,0,0,0,0,0,0,0,0,0,0,0,0,0,0
netty,io/netty/channel/uring/IoUringDomainSocketAbstractAddresses,IoUringDomainSocketAbstractAddresses,,C:/Users/ismak/Documents/GitHub/relation_test_code_smell_ML/dataset/projects/netty/transport-native-io_uring/src/test/java/io/netty/channel/uring/IoUringDomainSocketAbstractAddressesTest.java,0,0,1,3,0,0,0,0,0,0,1,1,1,0,0,0,0,0,0,0,0,0,0,0,0,0,0,0,0,0,0,0,0,0,0
netty,io/netty/channel/uring/IoUringDomainSocketAbstractBufferRingEcho,IoUringDomainSocketAbstractBufferRingEcho,,C:/Users/ismak/Documents/GitHub/relation_test_code_smell_ML/dataset/projects/netty/transport-native-io_uring/src/test/java/io/netty/channel/uring/IoUringDomainSocketAbstractBufferRingEchoTest.java,0,0,1,3,0,0,0,0,0,0,1,1,1,0,0,0,0,0,0,0,0,0,0,0,0,0,0,0,0,0,0,0,0,0,0
netty,io/netty/channel/uring/IoUringDomainSocketAbstractEcho,IoUringDomainSocketAbstractEcho,,C:/Users/ismak/Documents/GitHub/relation_test_code_smell_ML/dataset/projects/netty/transport-native-io_uring/src/test/java/io/netty/channel/uring/IoUringDomainSocketAbstractEchoTest.java,0,0,1,3,0,0,0,0,0,0,1,1,1,0,0,0,0,0,0,0,0,0,0,0,0,0,0,0,0,0,0,0,0,0,0
netty,io/netty/channel/uring/IoUringDomainSocketAbstractFd,IoUringDomainSocketAbstractFd,,C:/Users/ismak/Documents/GitHub/relation_test_code_smell_ML/dataset/projects/netty/transport-native-io_uring/src/test/java/io/netty/channel/uring/IoUringDomainSocketAbstractFdTest.java,0,0,1,3,0,0,0,0,0,0,1,1,1,0,0,0,0,0,0,0,0,0,0,0,0,0,0,0,0,0,0,0,0,0,0
netty,io/netty/channel/uring/IoUringDomainSocketAddresses,IoUringDomainSocketAddresses,,C:/Users/ismak/Documents/GitHub/relation_test_code_smell_ML/dataset/projects/netty/transport-native-io_uring/src/test/java/io/netty/channel/uring/IoUringDomainSocketAddressesTest.java,0,0,1,3,0,0,0,0,0,0,1,1,1,0,0,0,0,0,0,0,0,0,0,0,0,0,0,0,0,0,0,0,0,0,0
netty,io/netty/channel/uring/IoUringDomainSocketBufferRingSocketEcho,IoUringDomainSocketBufferRingSocketEcho,,C:/Users/ismak/Documents/GitHub/relation_test_code_smell_ML/dataset/projects/netty/transport-native-io_uring/src/test/java/io/netty/channel/uring/IoUringDomainSocketBufferRingSocketEchoTest.java,0,0,1,3,0,0,0,0,0,0,1,1,1,0,0,0,0,0,0,0,0,0,0,0,0,0,0,0,0,0,0,0,0,0,0
netty,io/netty/channel/uring/IoUringDomainSocketChannelConfig,IoUringDomainSocketChannelConfig,dataset/projects/netty/transport-classes-io_uring/src/main/java/io/netty/channel/uring/IoUringDomainSocketChannelConfig.java,,1,1,0,0,0,0,0,0,0,1,0,0,0,0,0,0,0,0,0,0,0,0,0,0,0,0,0,0,0,0,0,0,0,0,0
netty,io/netty/channel/uring/IoUringDomainSocketEcho,IoUringDomainSocketEcho,,C:/Users/ismak/Documents/GitHub/relation_test_code_smell_ML/dataset/projects/netty/transport-native-io_uring/src/test/java/io/netty/channel/uring/IoUringDomainSocketEchoTest.java,0,0,1,3,0,0,0,0,0,0,1,1,1,0,0,0,0,0,0,0,0,0,0,0,0,0,0,0,0,0,0,0,0,0,0
netty,io/netty/channel/uring/IoUringDomainSocketFd,IoUringDomainSocketFd,,C:/Users/ismak/Documents/GitHub/relation_test_code_smell_ML/dataset/projects/netty/transport-native-io_uring/src/test/java/io/netty/channel/uring/IoUringDomainSocketFdTest.java,0,0,1,7,0,0,0,0,0,0,1,1,1,0,1,0,0,0,0,1,0,0,0,0,1,0,0,0,0,0,1,0,0,0,0
netty,io/netty/channel/uring/IoUringEventLoop,IoUringEventLoop,,C:/Users/ismak/Documents/GitHub/relation_test_code_smell_ML/dataset/projects/netty/transport-native-io_uring/src/test/java/io/netty/channel/uring/IoUringEventLoopTest.java,0,0,1,5,0,0,0,0,0,0,1,1,1,0,0,0,0,0,0,1,0,0,0,0,0,0,0,0,0,0,1,0,0,0,0
netty,io/netty/channel/uring/IoUringFile,IoUringFile,,C:/Users/ismak/Documents/GitHub/relation_test_code_smell_ML/dataset/projects/netty/transport-native-io_uring/src/test/java/io/netty/channel/uring/IoUringFileTest.java,0,0,1,6,0,0,0,0,0,0,1,1,1,0,0,0,0,0,0,1,0,1,0,0,0,0,0,0,0,0,0,0,1,0,0
netty,io/netty/channel/uring/IoUringFileRegion,IoUringFileRegion,dataset/projects/netty/transport-classes-io_uring/src/main/java/io/netty/channel/uring/IoUringFileRegion.java,C:/Users/ismak/Documents/GitHub/relation_test_code_smell_ML/dataset/projects/netty/transport-native-io_uring/src/test/java/io/netty/channel/uring/IoUringFileRegionTest.java,1,1,1,6,0,0,0,0,0,1,1,1,1,0,0,0,0,0,0,1,0,1,0,0,0,0,0,0,0,0,0,0,1,0,0
netty,io/netty/channel/uring/IoUringIoHandler,IoUringIoHandler,dataset/projects/netty/transport-classes-io_uring/src/main/java/io/netty/channel/uring/IoUringIoHandler.java,C:/Users/ismak/Documents/GitHub/relation_test_code_smell_ML/dataset/projects/netty/transport-native-io_uring/src/test/java/io/netty/channel/uring/IoUringIoHandlerTest.java,1,6,1,6,1,2,0,1,0,2,1,1,1,0,1,0,0,0,0,1,0,0,0,0,0,0,0,0,0,0,1,0,0,0,0
netty,io/netty/channel/uring/IoUringIoHandlerConfig,IoUringIoHandlerConfig,dataset/projects/netty/transport-classes-io_uring/src/main/java/io/netty/channel/uring/IoUringIoHandlerConfig.java,,1,1,0,0,0,0,0,0,0,1,0,0,0,0,0,0,0,0,0,0,0,0,0,0,0,0,0,0,0,0,0,0,0,0,0
netty,io/netty/channel/uring/IoUringIoHandlerWakeupEventCount,IoUringIoHandlerWakeupEventCount,,C:/Users/ismak/Documents/GitHub/relation_test_code_smell_ML/dataset/projects/netty/transport-native-io_uring/src/test/java/io/netty/channel/uring/IoUringIoHandlerWakeupEventCountTest.java,0,0,1,3,0,0,0,0,0,0,1,1,1,0,0,0,0,0,0,0,0,0,0,0,0,0,0,0,0,0,0,0,0,0,0
netty,io/netty/channel/uring/IoUringIoOps,IoUringIoOps,dataset/projects/netty/transport-classes-io_uring/src/main/java/io/netty/channel/uring/IoUringIoOps.java,,1,3,0,0,0,0,2,0,0,1,0,0,0,0,0,0,0,0,0,0,0,0,0,0,0,0,0,0,0,0,0,0,0,0,0
netty,io/netty/channel/uring/IoUringRegister,IoUringRegister,,C:/Users/ismak/Documents/GitHub/relation_test_code_smell_ML/dataset/projects/netty/transport-native-io_uring/src/test/java/io/netty/channel/uring/IoUringRegisterTest.java,0,0,1,6,0,0,0,0,0,0,1,1,1,0,0,0,0,0,0,1,0,0,0,0,0,0,0,0,0,0,1,1,0,0,0
netty,io/netty/channel/uring/IoUringRemoteIp,IoUringRemoteIp,,C:/Users/ismak/Documents/GitHub/relation_test_code_smell_ML/dataset/projects/netty/transport-native-io_uring/src/test/java/io/netty/channel/uring/IoUringRemoteIpTest.java,0,0,1,6,0,0,0,0,0,0,1,1,1,0,0,0,0,0,0,1,0,0,0,0,0,0,0,0,0,0,1,1,0,0,0
netty,io/netty/channel/uring/IoUringServerSocketChannelConfig,IoUringServerSocketChannelConfig,dataset/projects/netty/transport-classes-io_uring/src/main/java/io/netty/channel/uring/IoUringServerSocketChannelConfig.java,,1,2,0,0,0,0,0,1,0,1,0,0,0,0,0,0,0,0,0,0,0,0,0,0,0,0,0,0,0,0,0,0,0,0,0
netty,io/netty/channel/uring/IoUringSocket,IoUringSocket,,C:/Users/ismak/Documents/GitHub/relation_test_code_smell_ML/dataset/projects/netty/transport-native-io_uring/src/test/java/io/netty/channel/uring/IoUringSocketTest.java,0,0,1,3,0,0,0,0,0,0,1,1,1,0,0,0,0,0,0,0,0,0,0,0,0,0,0,0,0,0,0,0,0,0,0
netty,io/netty/channel/uring/IoUringSocketAutoRead,IoUringSocketAutoRead,,C:/Users/ismak/Documents/GitHub/relation_test_code_smell_ML/dataset/projects/netty/transport-native-io_uring/src/test/java/io/netty/channel/uring/IoUringSocketAutoReadTest.java,0,0,1,3,0,0,0,0,0,0,1,1,1,0,0,0,0,0,0,0,0,0,0,0,0,0,0,0,0,0,0,0,0,0,0
netty,io/netty/channel/uring/IoUringSocketChannel,IoUringSocketChannel,dataset/projects/netty/transport-classes-io_uring/src/main/java/io/netty/channel/uring/IoUringSocketChannel.java,,1,1,0,0,0,1,0,0,0,0,0,0,0,0,0,0,0,0,0,0,0,0,0,0,0,0,0,0,0,0,0,0,0,0,0
netty,io/netty/channel/uring/IoUringSocketChannelConfig,IoUringSocketChannelConfig,dataset/projects/netty/transport-classes-io_uring/src/main/java/io/netty/channel/uring/IoUringSocketChannelConfig.java,,1,5,0,0,0,3,0,1,0,1,0,0,0,0,0,0,0,0,0,0,0,0,0,0,0,0,0,0,0,0,0,0,0,0,0
netty,io/netty/channel/uring/IoUringSocketChannelNotYetConnected,IoUringSocketChannelNotYetConnected,,C:/Users/ismak/Documents/GitHub/relation_test_code_smell_ML/dataset/projects/netty/transport-native-io_uring/src/test/java/io/netty/channel/uring/IoUringSocketChannelNotYetConnectedTest.java,0,0,1,3,0,0,0,0,0,0,1,1,1,0,0,0,0,0,0,0,0,0,0,0,0,0,0,0,0,0,0,0,0,0,0
netty,io/netty/channel/uring/IoUringSocketConditionalWritability,IoUringSocketConditionalWritability,,C:/Users/ismak/Documents/GitHub/relation_test_code_smell_ML/dataset/projects/netty/transport-native-io_uring/src/test/java/io/netty/channel/uring/IoUringSocketConditionalWritabilityTest.java,0,0,1,3,0,0,0,0,0,0,1,1,1,0,0,0,0,0,0,0,0,0,0,0,0,0,0,0,0,0,0,0,0,0,0
netty,io/netty/channel/uring/IoUringSocketConnect,IoUringSocketConnect,,C:/Users/ismak/Documents/GitHub/relation_test_code_smell_ML/dataset/projects/netty/transport-native-io_uring/src/test/java/io/netty/channel/uring/IoUringSocketConnectTest.java,0,0,1,3,0,0,0,0,0,0,1,1,1,0,0,0,0,0,0,0,0,0,0,0,0,0,0,0,0,0,0,0,0,0,0
netty,io/netty/channel/uring/IoUringSocketConnectionAttempt,IoUringSocketConnectionAttempt,,C:/Users/ismak/Documents/GitHub/relation_test_code_smell_ML/dataset/projects/netty/transport-native-io_uring/src/test/java/io/netty/channel/uring/IoUringSocketConnectionAttemptTest.java,0,0,1,3,0,0,0,0,0,0,1,1,1,0,0,0,0,0,0,0,0,0,0,0,0,0,0,0,0,0,0,0,0,0,0
netty,io/netty/channel/uring/IoUringSocketDataReadInitialState,IoUringSocketDataReadInitialState,,C:/Users/ismak/Documents/GitHub/relation_test_code_smell_ML/dataset/projects/netty/transport-native-io_uring/src/test/java/io/netty/channel/uring/IoUringSocketDataReadInitialStateTest.java,0,0,1,3,0,0,0,0,0,0,1,1,1,0,0,0,0,0,0,0,0,0,0,0,0,0,0,0,0,0,0,0,0,0,0
netty,io/netty/channel/uring/IoUringSocketEcho,IoUringSocketEcho,,C:/Users/ismak/Documents/GitHub/relation_test_code_smell_ML/dataset/projects/netty/transport-native-io_uring/src/test/java/io/netty/channel/uring/IoUringSocketEchoTest.java,0,0,1,3,0,0,0,0,0,0,1,1,1,0,0,0,0,0,0,0,0,0,0,0,0,0,0,0,0,0,0,0,0,0,0
netty,io/netty/channel/uring/IoUringSocketExceptionHandling,IoUringSocketExceptionHandling,,C:/Users/ismak/Documents/GitHub/relation_test_code_smell_ML/dataset/projects/netty/transport-native-io_uring/src/test/java/io/netty/channel/uring/IoUringSocketExceptionHandlingTest.java,0,0,1,3,0,0,0,0,0,0,1,1,1,0,0,0,0,0,0,0,0,0,0,0,0,0,0,0,0,0,0,0,0,0,0
netty,io/netty/channel/uring/IoUringSocketFileRegion,IoUringSocketFileRegion,,C:/Users/ismak/Documents/GitHub/relation_test_code_smell_ML/dataset/projects/netty/transport-native-io_uring/src/test/java/io/netty/channel/uring/IoUringSocketFileRegionTest.java,0,0,1,6,0,0,0,0,0,0,1,1,1,0,0,0,0,0,0,1,0,0,0,0,0,0,0,0,0,0,1,1,0,0,0
netty,io/netty/channel/uring/IoUringSocketFixedLengthEcho,IoUringSocketFixedLengthEcho,,C:/Users/ismak/Documents/GitHub/relation_test_code_smell_ML/dataset/projects/netty/transport-native-io_uring/src/test/java/io/netty/channel/uring/IoUringSocketFixedLengthEchoTest.java,0,0,1,3,0,0,0,0,0,0,1,1,1,0,0,0,0,0,0,0,0,0,0,0,0,0,0,0,0,0,0,0,0,0,0
netty,io/netty/channel/uring/IoUringSocketGatheringWrite,IoUringSocketGatheringWrite,,C:/Users/ismak/Documents/GitHub/relation_test_code_smell_ML/dataset/projects/netty/transport-native-io_uring/src/test/java/io/netty/channel/uring/IoUringSocketGatheringWriteTest.java,0,0,1,3,0,0,0,0,0,0,1,1,1,0,0,0,0,0,0,0,0,0,0,0,0,0,0,0,0,0,0,0,0,0,0
netty,io/netty/channel/uring/IoUringSocketHalfClosed,IoUringSocketHalfClosed,,C:/Users/ismak/Documents/GitHub/relation_test_code_smell_ML/dataset/projects/netty/transport-native-io_uring/src/test/java/io/netty/channel/uring/IoUringSocketHalfClosedTest.java,0,0,1,5,0,0,0,0,0,0,1,1,1,0,0,0,0,0,0,1,0,0,0,0,0,0,0,0,0,0,1,0,0,0,0
netty,io/netty/channel/uring/IoUringSocketMultipleConnect,IoUringSocketMultipleConnect,,C:/Users/ismak/Documents/GitHub/relation_test_code_smell_ML/dataset/projects/netty/transport-native-io_uring/src/test/java/io/netty/channel/uring/IoUringSocketMultipleConnectTest.java,0,0,1,3,0,0,0,0,0,0,1,1,1,0,0,0,0,0,0,0,0,0,0,0,0,0,0,0,0,0,0,0,0,0,0
netty,io/netty/channel/uring/IoUringSocketReadPending,IoUringSocketReadPending,,C:/Users/ismak/Documents/GitHub/relation_test_code_smell_ML/dataset/projects/netty/transport-native-io_uring/src/test/java/io/netty/channel/uring/IoUringSocketReadPendingTest.java,0,0,1,3,0,0,0,0,0,0,1,1,1,0,0,0,0,0,0,0,0,0,0,0,0,0,0,0,0,0,0,0,0,0,0
netty,io/netty/channel/uring/IoUringSocketRst,IoUringSocketRst,,C:/Users/ismak/Documents/GitHub/relation_test_code_smell_ML/dataset/projects/netty/transport-native-io_uring/src/test/java/io/netty/channel/uring/IoUringSocketRstTest.java,0,0,1,3,0,0,0,0,0,0,1,1,1,0,0,0,0,0,0,0,0,0,0,0,0,0,0,0,0,0,0,0,0,0,0
netty,io/netty/channel/uring/IoUringSocketSendSzSendmsgZc,IoUringSocketSendSzSendmsgZc,,C:/Users/ismak/Documents/GitHub/relation_test_code_smell_ML/dataset/projects/netty/transport-native-io_uring/src/test/java/io/netty/channel/uring/IoUringSocketSendSzSendmsgZcTest.java,0,0,1,6,0,0,0,0,0,0,1,1,1,0,0,0,0,0,0,1,0,0,0,0,0,0,0,0,0,0,1,1,0,0,0
netty,io/netty/channel/uring/IoUringSocketSendZcSendmsgZcEcho,IoUringSocketSendZcSendmsgZcEcho,,C:/Users/ismak/Documents/GitHub/relation_test_code_smell_ML/dataset/projects/netty/transport-native-io_uring/src/test/java/io/netty/channel/uring/IoUringSocketSendZcSendmsgZcEchoTest.java,0,0,1,3,0,0,0,0,0,0,1,1,1,0,0,0,0,0,0,0,0,0,0,0,0,0,0,0,0,0,0,0,0,0,0
netty,io/netty/channel/uring/IoUringSocketShutdownOutputByPeer,IoUringSocketShutdownOutputByPeer,,C:/Users/ismak/Documents/GitHub/relation_test_code_smell_ML/dataset/projects/netty/transport-native-io_uring/src/test/java/io/netty/channel/uring/IoUringSocketShutdownOutputByPeerTest.java,0,0,1,3,0,0,0,0,0,0,1,1,1,0,0,0,0,0,0,0,0,0,0,0,0,0,0,0,0,0,0,0,0,0,0
netty,io/netty/channel/uring/IoUringSocketShutdownOutputBySelf,IoUringSocketShutdownOutputBySelf,,C:/Users/ismak/Documents/GitHub/relation_test_code_smell_ML/dataset/projects/netty/transport-native-io_uring/src/test/java/io/netty/channel/uring/IoUringSocketShutdownOutputBySelfTest.java,0,0,1,3,0,0,0,0,0,0,1,1,1,0,0,0,0,0,0,0,0,0,0,0,0,0,0,0,0,0,0,0,0,0,0
netty,io/netty/channel/uring/IoUringSocketSslClientRenegotiate,IoUringSocketSslClientRenegotiate,,C:/Users/ismak/Documents/GitHub/relation_test_code_smell_ML/dataset/projects/netty/transport-native-io_uring/src/test/java/io/netty/channel/uring/IoUringSocketSslClientRenegotiateTest.java,0,0,1,3,0,0,0,0,0,0,1,1,1,0,0,0,0,0,0,0,0,0,0,0,0,0,0,0,0,0,0,0,0,0,0
netty,io/netty/channel/uring/IoUringSocketSslEcho,IoUringSocketSslEcho,,C:/Users/ismak/Documents/GitHub/relation_test_code_smell_ML/dataset/projects/netty/transport-native-io_uring/src/test/java/io/netty/channel/uring/IoUringSocketSslEchoTest.java,0,0,1,3,0,0,0,0,0,0,1,1,1,0,0,0,0,0,0,0,0,0,0,0,0,0,0,0,0,0,0,0,0,0,0
netty,io/netty/channel/uring/IoUringSocketSslGreeting,IoUringSocketSslGreeting,,C:/Users/ismak/Documents/GitHub/relation_test_code_smell_ML/dataset/projects/netty/transport-native-io_uring/src/test/java/io/netty/channel/uring/IoUringSocketSslGreetingTest.java,0,0,1,3,0,0,0,0,0,0,1,1,1,0,0,0,0,0,0,0,0,0,0,0,0,0,0,0,0,0,0,0,0,0,0
netty,io/netty/channel/uring/IoUringSocketSslSessionReuse,IoUringSocketSslSessionReuse,,C:/Users/ismak/Documents/GitHub/relation_test_code_smell_ML/dataset/projects/netty/transport-native-io_uring/src/test/java/io/netty/channel/uring/IoUringSocketSslSessionReuseTest.java,0,0,1,3,0,0,0,0,0,0,1,1,1,0,0,0,0,0,0,0,0,0,0,0,0,0,0,0,0,0,0,0,0,0,0
netty,io/netty/channel/uring/IoUringSocketStartTls,IoUringSocketStartTls,,C:/Users/ismak/Documents/GitHub/relation_test_code_smell_ML/dataset/projects/netty/transport-native-io_uring/src/test/java/io/netty/channel/uring/IoUringSocketStartTlsTest.java,0,0,1,3,0,0,0,0,0,0,1,1,1,0,0,0,0,0,0,0,0,0,0,0,0,0,0,0,0,0,0,0,0,0,0
netty,io/netty/channel/uring/IoUringSocketStringEcho,IoUringSocketStringEcho,,C:/Users/ismak/Documents/GitHub/relation_test_code_smell_ML/dataset/projects/netty/transport-native-io_uring/src/test/java/io/netty/channel/uring/IoUringSocketStringEchoTest.java,0,0,1,3,0,0,0,0,0,0,1,1,1,0,0,0,0,0,0,0,0,0,0,0,0,0,0,0,0,0,0,0,0,0,0
netty,io/netty/channel/uring/IoUringTcpInfo,IoUringTcpInfo,dataset/projects/netty/transport-classes-io_uring/src/main/java/io/netty/channel/uring/IoUringTcpInfo.java,,1,1,0,0,0,0,0,0,0,1,0,0,0,0,0,0,0,0,0,0,0,0,0,0,0,0,0,0,0,0,0,0,0,0,0
netty,io/netty/channel/uring/IoUringWriteBeforeRegistered,IoUringWriteBeforeRegistered,,C:/Users/ismak/Documents/GitHub/relation_test_code_smell_ML/dataset/projects/netty/transport-native-io_uring/src/test/java/io/netty/channel/uring/IoUringWriteBeforeRegisteredTest.java,0,0,1,3,0,0,0,0,0,0,1,1,1,0,0,0,0,0,0,0,0,0,0,0,0,0,0,0,0,0,0,0,0,0,0
netty,io/netty/channel/uring/LinuxSocket,LinuxSocket,dataset/projects/netty/transport-classes-io_uring/src/main/java/io/netty/channel/uring/LinuxSocket.java,,1,2,0,0,0,1,0,0,0,1,0,0,0,0,0,0,0,0,0,0,0,0,0,0,0,0,0,0,0,0,0,0,0,0,0
netty,io/netty/channel/uring/LoadClass,LoadClass,,C:/Users/ismak/Documents/GitHub/relation_test_code_smell_ML/dataset/projects/netty/transport-classes-io_uring/src/test/java/io/netty/channel/uring/LoadClassTest.java,0,0,1,4,0,0,0,0,0,0,1,1,1,0,1,0,0,0,0,0,0,0,0,0,0,0,0,0,0,0,0,0,0,0,0
netty,io/netty/channel/uring/MsgHdrMemoryArray,MsgHdrMemoryArray,,C:/Users/ismak/Documents/GitHub/relation_test_code_smell_ML/dataset/projects/netty/transport-native-io_uring/src/test/java/io/netty/channel/uring/MsgHdrMemoryArrayTest.java,0,0,1,3,0,0,0,0,0,0,1,1,1,0,0,0,0,0,0,0,0,0,0,0,0,0,0,0,0,0,0,0,0,0,0
netty,io/netty/channel/uring/Native,Native,dataset/projects/netty/transport-classes-io_uring/src/main/java/io/netty/channel/uring/Native.java,,1,4,0,0,0,2,0,1,0,1,0,0,0,0,0,0,0,0,0,0,0,0,0,0,0,0,0,0,0,0,0,0,0,0,0
netty,io/netty/channel/uring/NativeStaticallyReferencedJniMethods,NativeStaticallyReferencedJniMethods,dataset/projects/netty/transport-classes-io_uring/src/main/java/io/netty/channel/uring/NativeStaticallyReferencedJniMethods.java,,1,1,0,0,0,0,0,0,0,1,0,0,0,0,0,0,0,0,0,0,0,0,0,0,0,0,0,0,0,0,0,0,0,0,0
netty,io/netty/channel/uring/PendingOpMap,PendingOpMap,dataset/projects/netty/transport-classes-io_uring/src/main/java/io/netty/channel/uring/PendingOpMap.java,C:/Users/ismak/Documents/GitHub/relation_test_code_smell_ML/dataset/projects/netty/transport-native-io_uring/src/test/java/io/netty/channel/uring/PendingOpMapTest.java,1,1,1,6,0,0,0,0,0,1,1,1,1,0,1,1,0,0,0,0,0,0,0,0,0,0,0,0,0,0,0,0,0,1,0
netty,io/netty/channel/uring/PollRemove,PollRemove,,C:/Users/ismak/Documents/GitHub/relation_test_code_smell_ML/dataset/projects/netty/transport-native-io_uring/src/test/java/io/netty/channel/uring/PollRemoveTest.java,0,0,1,5,0,0,0,0,0,0,1,1,1,0,0,0,0,0,0,1,0,0,0,0,0,0,0,0,0,0,1,0,0,0,0
netty,io/netty/channel/uring/SockaddrIn,SockaddrIn,,C:/Users/ismak/Documents/GitHub/relation_test_code_smell_ML/dataset/projects/netty/transport-native-io_uring/src/test/java/io/netty/channel/uring/SockaddrInTest.java,0,0,1,6,0,0,0,0,0,0,1,1,1,0,1,0,0,0,0,1,0,0,0,0,0,0,0,0,0,0,0,0,0,1,0
netty,io/netty/channel/uring/SubmissionQueue,SubmissionQueue,dataset/projects/netty/transport-classes-io_uring/src/main/java/io/netty/channel/uring/SubmissionQueue.java,C:/Users/ismak/Documents/GitHub/relation_test_code_smell_ML/dataset/projects/netty/transport-native-io_uring/src/test/java/io/netty/channel/uring/SubmissionQueueTest.java,1,3,1,8,0,0,1,1,0,1,1,1,1,0,1,1,0,0,0,0,0,0,0,0,1,0,0,0,0,1,0,0,0,1,0
netty,io/netty/channel/uring/UserData,UserData,,C:/Users/ismak/Documents/GitHub/relation_test_code_smell_ML/dataset/projects/netty/transport-native-io_uring/src/test/java/io/netty/channel/uring/UserDataTest.java,0,0,1,5,0,0,0,0,0,0,1,1,1,0,1,1,0,0,0,0,0,0,0,0,0,0,0,0,0,0,0,0,0,0,0
netty,io/netty/example/http/file/HttpStaticFileServerHandler,HttpStaticFileServerHandler,dataset/projects/netty/example/src/main/java/io/netty/example/http/file/HttpStaticFileServerHandler.java,,1,3,0,0,0,2,0,0,0,1,0,0,0,0,0,0,0,0,0,0,0,0,0,0,0,0,0,0,0,0,0,0,0,0,0
netty,io/netty/example/http/snoop/HttpSnoopServerHandler,HttpSnoopServerHandler,dataset/projects/netty/example/src/main/java/io/netty/example/http/snoop/HttpSnoopServerHandler.java,,1,1,0,0,0,1,0,0,0,0,0,0,0,0,0,0,0,0,0,0,0,0,0,0,0,0,0,0,0,0,0,0,0,0,0
netty,io/netty/example/http/upload/HttpUploadClient,HttpUploadClient,dataset/projects/netty/example/src/main/java/io/netty/example/http/upload/HttpUploadClient.java,,1,1,0,0,0,1,0,0,0,0,0,0,0,0,0,0,0,0,0,0,0,0,0,0,0,0,0,0,0,0,0,0,0,0,0
netty,io/netty/example/http/upload/HttpUploadClientHandler,HttpUploadClientHandler,dataset/projects/netty/example/src/main/java/io/netty/example/http/upload/HttpUploadClientHandler.java,,1,1,0,0,0,1,0,0,0,0,0,0,0,0,0,0,0,0,0,0,0,0,0,0,0,0,0,0,0,0,0,0,0,0,0
netty,io/netty/example/http/upload/HttpUploadServerHandler,HttpUploadServerHandler,dataset/projects/netty/example/src/main/java/io/netty/example/http/upload/HttpUploadServerHandler.java,,1,2,0,0,1,1,0,0,0,0,0,0,0,0,0,0,0,0,0,0,0,0,0,0,0,0,0,0,0,0,0,0,0,0,0
netty,io/netty/example/http/websocketx/client/WebSocketClient,WebSocketClient,dataset/projects/netty/example/src/main/java/io/netty/example/http/websocketx/client/WebSocketClient.java,,1,1,0,0,0,1,0,0,0,0,0,0,0,0,0,0,0,0,0,0,0,0,0,0,0,0,0,0,0,0,0,0,0,0,0
netty,io/netty/example/http2/file/Http2StaticFileServerHandler,Http2StaticFileServerHandler,dataset/projects/netty/example/src/main/java/io/netty/example/http2/file/Http2StaticFileServerHandler.java,,1,1,0,0,0,1,0,0,0,0,0,0,0,0,0,0,0,0,0,0,0,0,0,0,0,0,0,0,0,0,0,0,0,0,0
netty,io/netty/example/http2/helloworld/client/HttpResponseHandler,HttpResponseHandler,dataset/projects/netty/example/src/main/java/io/netty/example/http2/helloworld/client/HttpResponseHandler.java,,1,1,0,0,0,1,0,0,0,0,0,0,0,0,0,0,0,0,0,0,0,0,0,0,0,0,0,0,0,0,0,0,0,0,0
netty,io/netty/example/http2/helloworld/server/HelloWorldHttp2Handler,HelloWorldHttp2Handler,dataset/projects/netty/example/src/main/java/io/netty/example/http2/helloworld/server/HelloWorldHttp2Handler.java,,1,1,0,0,0,0,0,0,0,1,0,0,0,0,0,0,0,0,0,0,0,0,0,0,0,0,0,0,0,0,0,0,0,0,0
netty,io/netty/example/ocsp/OcspServerExample,OcspServerExample,dataset/projects/netty/example/src/main/java/io/netty/example/ocsp/OcspServerExample.java,,1,2,0,0,1,1,0,0,0,0,0,0,0,0,0,0,0,0,0,0,0,0,0,0,0,0,0,0,0,0,0,0,0,0,0
netty,io/netty/example/socksproxy/SocksServerHandler,SocksServerHandler,dataset/projects/netty/example/src/main/java/io/netty/example/socksproxy/SocksServerHandler.java,,1,1,0,0,0,1,0,0,0,0,0,0,0,0,0,0,0,0,0,0,0,0,0,0,0,0,0,0,0,0,0,0,0,0,0
netty,io/netty/example/stomp/StompClientHandler,StompClientHandler,dataset/projects/netty/example/src/main/java/io/netty/example/stomp/StompClientHandler.java,,1,1,0,0,0,1,0,0,0,0,0,0,0,0,0,0,0,0,0,0,0,0,0,0,0,0,0,0,0,0,0,0,0,0,0
netty,io/netty/example/stomp/websocket/StompWebSocketClientPageHandler,StompWebSocketClientPageHandler,dataset/projects/netty/example/src/main/java/io/netty/example/stomp/websocket/StompWebSocketClientPageHandler.java,,1,1,0,0,0,1,0,0,0,0,0,0,0,0,0,0,0,0,0,0,0,0,0,0,0,0,0,0,0,0,0,0,0,0,0
netty,io/netty/handler/NativeImageHandlerMetadata,NativeImageHandlerMetadata,,C:/Users/ismak/Documents/GitHub/relation_test_code_smell_ML/dataset/projects/netty/handler/src/test/java/io/netty/handler/NativeImageHandlerMetadataTest.java,0,0,1,4,0,0,0,0,0,0,1,1,1,0,0,0,0,0,0,0,0,0,0,0,0,0,0,0,0,0,1,0,0,0,0
netty,io/netty/handler/address/DynamicAddressConnectHandler,DynamicAddressConnectHandler,,C:/Users/ismak/Documents/GitHub/relation_test_code_smell_ML/dataset/projects/netty/handler/src/test/java/io/netty/handler/address/DynamicAddressConnectHandlerTest.java,0,0,1,6,0,0,0,0,0,0,1,1,1,0,1,0,0,0,0,0,0,0,0,0,0,0,0,0,0,0,1,1,0,0,0
netty,io/netty/handler/address/ResolveAddressHandler,ResolveAddressHandler,,C:/Users/ismak/Documents/GitHub/relation_test_code_smell_ML/dataset/projects/netty/handler/src/test/java/io/netty/handler/address/ResolveAddressHandlerTest.java,0,0,1,5,0,0,0,0,0,0,1,1,1,0,0,0,0,0,0,0,0,0,0,0,0,0,0,0,0,0,1,1,0,0,0
netty,io/netty/handler/codec/ByteToMessageCodec,ByteToMessageCodec,,C:/Users/ismak/Documents/GitHub/relation_test_code_smell_ML/dataset/projects/netty/codec-base/src/test/java/io/netty/handler/codec/ByteToMessageCodecTest.java,0,0,1,5,0,0,0,0,0,0,1,1,1,0,1,0,0,0,0,0,0,0,0,0,0,0,0,0,0,0,0,0,0,1,0
netty,io/netty/handler/codec/ByteToMessageDecoder,ByteToMessageDecoder,dataset/projects/netty/codec-base/src/main/java/io/netty/handler/codec/ByteToMessageDecoder.java,C:/Users/ismak/Documents/GitHub/relation_test_code_smell_ML/dataset/projects/netty/codec-base/src/test/java/io/netty/handler/codec/ByteToMessageDecoderTest.java,1,4,1,10,0,2,0,1,0,1,1,1,1,0,1,1,0,0,0,1,0,0,0,0,0,0,0,0,0,1,1,1,0,1,0
netty,io/netty/handler/codec/CharSequenceValueConverter,CharSequenceValueConverter,dataset/projects/netty/codec-base/src/main/java/io/netty/handler/codec/CharSequenceValueConverter.java,C:/Users/ismak/Documents/GitHub/relation_test_code_smell_ML/dataset/projects/netty/codec-base/src/test/java/io/netty/handler/codec/CharSequenceValueConverterTest.java,1,1,1,5,0,0,0,0,0,1,1,1,1,0,1,0,0,0,0,0,0,0,0,0,0,0,0,0,0,0,0,0,0,1,0
netty,io/netty/handler/codec/CodecOutputList,CodecOutputList,dataset/projects/netty/codec-base/src/main/java/io/netty/handler/codec/CodecOutputList.java,C:/Users/ismak/Documents/GitHub/relation_test_code_smell_ML/dataset/projects/netty/codec-base/src/test/java/io/netty/handler/codec/CodecOutputListTest.java,1,1,1,6,0,0,0,0,0,1,1,1,1,0,1,0,0,0,0,0,0,0,0,0,0,0,0,0,0,1,0,0,0,1,0
netty,io/netty/handler/codec/DatagramPacketDecoder,DatagramPacketDecoder,dataset/projects/netty/codec-base/src/main/java/io/netty/handler/codec/DatagramPacketDecoder.java,C:/Users/ismak/Documents/GitHub/relation_test_code_smell_ML/dataset/projects/netty/codec-base/src/test/java/io/netty/handler/codec/DatagramPacketDecoderTest.java,1,1,1,7,0,0,0,0,0,1,1,1,1,0,1,0,0,0,0,0,1,0,0,0,0,0,0,0,0,0,1,1,0,0,0
netty,io/netty/handler/codec/DatagramPacketEncoder,DatagramPacketEncoder,dataset/projects/netty/codec-base/src/main/java/io/netty/handler/codec/DatagramPacketEncoder.java,C:/Users/ismak/Documents/GitHub/relation_test_code_smell_ML/dataset/projects/netty/codec-base/src/test/java/io/netty/handler/codec/DatagramPacketEncoderTest.java,1,1,1,7,0,0,0,0,0,1,1,1,1,0,1,0,0,0,0,0,1,0,0,0,0,0,0,0,0,0,1,1,0,0,0
netty,io/netty/handler/codec/DateFormatter,DateFormatter,dataset/projects/netty/codec-base/src/main/java/io/netty/handler/codec/DateFormatter.java,C:/Users/ismak/Documents/GitHub/relation_test_code_smell_ML/dataset/projects/netty/codec-base/src/test/java/io/netty/handler/codec/DateFormatterTest.java,1,5,1,6,0,4,0,0,0,1,1,1,1,0,1,0,0,0,0,0,0,0,0,0,1,0,0,0,0,0,0,0,0,1,0
netty,io/netty/handler/codec/DefaultHeaders,DefaultHeaders,dataset/projects/netty/codec-base/src/main/java/io/netty/handler/codec/DefaultHeaders.java,C:/Users/ismak/Documents/GitHub/relation_test_code_smell_ML/dataset/projects/netty/codec-base/src/test/java/io/netty/handler/codec/DefaultHeadersTest.java,1,4,1,10,1,1,0,1,0,1,1,1,1,0,1,1,0,0,0,1,0,0,0,1,1,0,0,0,0,1,0,0,0,1,0
netty,io/netty/handler/codec/DelimiterBasedFrameDecoder,DelimiterBasedFrameDecoder,dataset/projects/netty/codec-base/src/main/java/io/netty/handler/codec/DelimiterBasedFrameDecoder.java,C:/Users/ismak/Documents/GitHub/relation_test_code_smell_ML/dataset/projects/netty/codec-base/src/test/java/io/netty/handler/codec/DelimiterBasedFrameDecoderTest.java,1,1,1,7,0,1,0,0,0,0,1,1,1,0,1,0,0,0,0,1,0,0,0,0,1,0,0,0,0,1,0,0,0,0,0
netty,io/netty/handler/codec/EmptyHeaders,EmptyHeaders,dataset/projects/netty/codec-base/src/main/java/io/netty/handler/codec/EmptyHeaders.java,C:/Users/ismak/Documents/GitHub/relation_test_code_smell_ML/dataset/projects/netty/codec-base/src/test/java/io/netty/handler/codec/EmptyHeadersTest.java,1,2,1,4,0,1,0,0,0,1,1,1,1,0,0,0,0,0,0,0,0,0,0,0,0,0,0,0,0,0,0,0,0,1,0
netty,io/netty/handler/codec/Headers,Headers,dataset/projects/netty/codec-base/src/main/java/io/netty/handler/codec/Headers.java,,1,1,0,0,0,0,0,0,0,1,0,0,0,0,0,0,0,0,0,0,0,0,0,0,0,0,0,0,0,0,0,0,0,0,0
netty,io/netty/handler/codec/LengthFieldBasedFrameDecoder,LengthFieldBasedFrameDecoder,dataset/projects/netty/codec-base/src/main/java/io/netty/handler/codec/LengthFieldBasedFrameDecoder.java,C:/Users/ismak/Documents/GitHub/relation_test_code_smell_ML/dataset/projects/netty/codec-base/src/test/java/io/netty/handler/codec/LengthFieldBasedFrameDecoderTest.java,1,1,1,7,0,0,0,0,0,1,1,1,1,0,1,1,0,0,0,1,0,0,0,0,0,0,0,0,0,0,0,0,0,1,0
netty,io/netty/handler/codec/LengthFieldPrepender,LengthFieldPrepender,dataset/projects/netty/codec-base/src/main/java/io/netty/handler/codec/LengthFieldPrepender.java,,1,1,0,0,0,1,0,0,0,0,0,0,0,0,0,0,0,0,0,0,0,0,0,0,0,0,0,0,0,0,0,0,0,0,0
netty,io/netty/handler/codec/LineBasedFrameDecoder,LineBasedFrameDecoder,dataset/projects/netty/codec-base/src/main/java/io/netty/handler/codec/LineBasedFrameDecoder.java,C:/Users/ismak/Documents/GitHub/relation_test_code_smell_ML/dataset/projects/netty/codec-base/src/test/java/io/netty/handler/codec/LineBasedFrameDecoderTest.java,1,1,1,7,0,1,0,0,0,0,1,1,1,0,1,0,0,0,0,1,0,0,0,0,1,0,0,0,0,1,0,0,0,0,0
netty,io/netty/handler/codec/MessageAggregator,MessageAggregator,dataset/projects/netty/codec-base/src/main/java/io/netty/handler/codec/MessageAggregator.java,C:/Users/ismak/Documents/GitHub/relation_test_code_smell_ML/dataset/projects/netty/codec-base/src/test/java/io/netty/handler/codec/MessageAggregatorTest.java,1,3,1,6,0,1,0,1,0,1,1,1,1,0,1,0,0,0,0,1,0,0,0,0,0,0,0,0,0,0,0,0,0,1,0
netty,io/netty/handler/codec/MessageToMessageDecoder,MessageToMessageDecoder,,C:/Users/ismak/Documents/GitHub/relation_test_code_smell_ML/dataset/projects/netty/codec-base/src/test/java/io/netty/handler/codec/MessageToMessageDecoderTest.java,0,0,1,4,0,0,0,0,0,0,1,1,1,0,0,0,0,0,0,0,0,0,0,0,0,0,0,0,0,0,0,1,0,0,0
netty,io/netty/handler/codec/MessageToMessageEncoder,MessageToMessageEncoder,dataset/projects/netty/codec-base/src/main/java/io/netty/handler/codec/MessageToMessageEncoder.java,C:/Users/ismak/Documents/GitHub/relation_test_code_smell_ML/dataset/projects/netty/codec-base/src/test/java/io/netty/handler/codec/MessageToMessageEncoderTest.java,1,1,1,4,0,1,0,0,0,0,1,1,1,0,1,0,0,0,0,0,0,0,0,0,0,0,0,0,0,0,0,0,0,0,0
netty,io/netty/handler/codec/NativeImageHandlerMetadata,NativeImageHandlerMetadata,,C:/Users/ismak/Documents/GitHub/relation_test_code_smell_ML/dataset/projects/netty/codec-base/src/test/java/io/netty/handler/codec/NativeImageHandlerMetadataTest.java,0,0,1,4,0,0,0,0,0,0,1,1,1,0,0,0,0,0,0,0,0,0,0,0,0,0,0,0,0,0,1,0,0,0,0
netty,io/netty/handler/codec/ReplayingDecoder,ReplayingDecoder,dataset/projects/netty/codec-base/src/main/java/io/netty/handler/codec/ReplayingDecoder.java,C:/Users/ismak/Documents/GitHub/relation_test_code_smell_ML/dataset/projects/netty/codec-base/src/test/java/io/netty/handler/codec/ReplayingDecoderTest.java,1,1,1,8,0,1,0,0,0,0,1,1,1,0,1,1,0,0,0,1,0,0,0,0,0,0,0,0,0,1,0,0,0,1,0
netty,io/netty/handler/codec/ReplayingDecoderByteBuf,ReplayingDecoderByteBuf,dataset/projects/netty/codec-base/src/main/java/io/netty/handler/codec/ReplayingDecoderByteBuf.java,C:/Users/ismak/Documents/GitHub/relation_test_code_smell_ML/dataset/projects/netty/codec-base/src/test/java/io/netty/handler/codec/ReplayingDecoderByteBufTest.java,1,2,1,8,0,1,0,0,0,1,1,1,1,0,1,1,0,0,0,1,0,0,0,0,0,0,0,0,0,0,0,1,0,1,0
netty,io/netty/handler/codec/UnsupportedValueConverter,UnsupportedValueConverter,dataset/projects/netty/codec-base/src/main/java/io/netty/handler/codec/UnsupportedValueConverter.java,,1,1,0,0,0,0,0,0,0,1,0,0,0,0,0,0,0,0,0,0,0,0,0,0,0,0,0,0,0,0,0,0,0,0,0
netty,io/netty/handler/codec/ValueConverter,ValueConverter,dataset/projects/netty/codec-base/src/main/java/io/netty/handler/codec/ValueConverter.java,,1,1,0,0,0,0,0,0,0,1,0,0,0,0,0,0,0,0,0,0,0,0,0,0,0,0,0,0,0,0,0,0,0,0,0
netty,io/netty/handler/codec/base64/Base64,Base64,dataset/projects/netty/codec-base/src/main/java/io/netty/handler/codec/base64/Base64.java,C:/Users/ismak/Documents/GitHub/relation_test_code_smell_ML/dataset/projects/netty/codec-base/src/test/java/io/netty/handler/codec/base64/Base64Test.java,1,4,1,9,0,2,0,1,0,1,1,1,1,0,1,1,0,0,0,1,0,0,0,0,0,0,0,0,0,0,1,1,0,1,0
netty,io/netty/handler/codec/bytes/ByteArrayDecoder,ByteArrayDecoder,,C:/Users/ismak/Documents/GitHub/relation_test_code_smell_ML/dataset/projects/netty/codec-base/src/test/java/io/netty/handler/codec/bytes/ByteArrayDecoderTest.java,0,0,1,3,0,0,0,0,0,0,1,1,1,0,0,0,0,0,0,0,0,0,0,0,0,0,0,0,0,0,0,0,0,0,0
netty,io/netty/handler/codec/bytes/ByteArrayEncoder,ByteArrayEncoder,,C:/Users/ismak/Documents/GitHub/relation_test_code_smell_ML/dataset/projects/netty/codec-base/src/test/java/io/netty/handler/codec/bytes/ByteArrayEncoderTest.java,0,0,1,3,0,0,0,0,0,0,1,1,1,0,0,0,0,0,0,0,0,0,0,0,0,0,0,0,0,0,0,0,0,0,0
netty,io/netty/handler/codec/compression/AbstractCompression,AbstractCompression,,C:/Users/ismak/Documents/GitHub/relation_test_code_smell_ML/dataset/projects/netty/codec-compression/src/test/java/io/netty/handler/codec/compression/AbstractCompressionTest.java,0,0,1,3,0,0,0,0,0,0,1,1,1,0,0,0,0,0,0,0,0,0,0,0,0,0,0,0,0,0,0,0,0,0,0
netty,io/netty/handler/codec/compression/AbstractDecoder,AbstractDecoder,,C:/Users/ismak/Documents/GitHub/relation_test_code_smell_ML/dataset/projects/netty/codec-compression/src/test/java/io/netty/handler/codec/compression/AbstractDecoderTest.java,0,0,1,7,0,0,0,0,0,0,1,1,1,0,0,0,1,0,0,1,0,0,0,0,0,0,0,0,0,0,1,1,0,0,0
netty,io/netty/handler/codec/compression/AbstractEncoder,AbstractEncoder,,C:/Users/ismak/Documents/GitHub/relation_test_code_smell_ML/dataset/projects/netty/codec-compression/src/test/java/io/netty/handler/codec/compression/AbstractEncoderTest.java,0,0,1,6,0,0,0,0,0,0,1,1,1,0,0,0,0,0,0,1,0,0,0,0,0,0,0,0,0,0,1,1,0,0,0
netty,io/netty/handler/codec/compression/AbstractIntegration,AbstractIntegration,,C:/Users/ismak/Documents/GitHub/relation_test_code_smell_ML/dataset/projects/netty/codec-compression/src/test/java/io/netty/handler/codec/compression/AbstractIntegrationTest.java,0,0,1,8,0,0,0,0,0,0,1,1,1,0,1,1,0,0,0,1,0,0,0,0,0,0,0,0,0,0,1,1,0,0,0
netty,io/netty/handler/codec/compression/BrotliDecoder,BrotliDecoder,,C:/Users/ismak/Documents/GitHub/relation_test_code_smell_ML/dataset/projects/netty/codec-compression/src/test/java/io/netty/handler/codec/compression/BrotliDecoderTest.java,0,0,1,5,0,0,0,0,0,0,1,1,1,0,0,0,0,0,0,0,0,0,0,0,0,0,0,0,0,0,1,1,0,0,0
netty,io/netty/handler/codec/compression/BrotliEncoder,BrotliEncoder,,C:/Users/ismak/Documents/GitHub/relation_test_code_smell_ML/dataset/projects/netty/codec-compression/src/test/java/io/netty/handler/codec/compression/BrotliEncoderTest.java,0,0,1,3,0,0,0,0,0,0,1,1,1,0,0,0,0,0,0,0,0,0,0,0,0,0,0,0,0,0,0,0,0,0,0
netty,io/netty/handler/codec/compression/BrotliIntegration,BrotliIntegration,,C:/Users/ismak/Documents/GitHub/relation_test_code_smell_ML/dataset/projects/netty/codec-compression/src/test/java/io/netty/handler/codec/compression/BrotliIntegrationTest.java,0,0,1,3,0,0,0,0,0,0,1,1,1,0,0,0,0,0,0,0,0,0,0,0,0,0,0,0,0,0,0,0,0,0,0
netty,io/netty/handler/codec/compression/ByteBufChecksum,ByteBufChecksum,,C:/Users/ismak/Documents/GitHub/relation_test_code_smell_ML/dataset/projects/netty/codec-compression/src/test/java/io/netty/handler/codec/compression/ByteBufChecksumTest.java,0,0,1,5,0,0,0,0,0,0,1,1,1,0,0,0,0,0,0,0,0,0,0,0,0,0,0,0,0,0,1,1,0,0,0
netty,io/netty/handler/codec/compression/Bzip2BlockDecompressor,Bzip2BlockDecompressor,dataset/projects/netty/codec-compression/src/main/java/io/netty/handler/codec/compression/Bzip2BlockDecompressor.java,,1,1,0,0,0,1,0,0,0,0,0,0,0,0,0,0,0,0,0,0,0,0,0,0,0,0,0,0,0,0,0,0,0,0,0
netty,io/netty/handler/codec/compression/Bzip2Decoder,Bzip2Decoder,dataset/projects/netty/codec-compression/src/main/java/io/netty/handler/codec/compression/Bzip2Decoder.java,C:/Users/ismak/Documents/GitHub/relation_test_code_smell_ML/dataset/projects/netty/codec-compression/src/test/java/io/netty/handler/codec/compression/Bzip2DecoderTest.java,1,1,1,4,0,1,0,0,0,0,1,1,1,0,0,0,1,0,0,0,0,0,0,0,0,0,0,0,0,0,0,0,0,0,0
netty,io/netty/handler/codec/compression/Bzip2DivSufSort,Bzip2DivSufSort,dataset/projects/netty/codec-compression/src/main/java/io/netty/handler/codec/compression/Bzip2DivSufSort.java,,1,14,0,0,0,13,0,0,0,1,0,0,0,0,0,0,0,0,0,0,0,0,0,0,0,0,0,0,0,0,0,0,0,0,0
netty,io/netty/handler/codec/compression/Bzip2Encoder,Bzip2Encoder,dataset/projects/netty/codec-compression/src/main/java/io/netty/handler/codec/compression/Bzip2Encoder.java,C:/Users/ismak/Documents/GitHub/relation_test_code_smell_ML/dataset/projects/netty/codec-compression/src/test/java/io/netty/handler/codec/compression/Bzip2EncoderTest.java,1,1,1,3,0,1,0,0,0,0,1,1,1,0,0,0,0,0,0,0,0,0,0,0,0,0,0,0,0,0,0,0,0,0,0
netty,io/netty/handler/codec/compression/Bzip2HuffmanStageEncoder,Bzip2HuffmanStageEncoder,dataset/projects/netty/codec-compression/src/main/java/io/netty/handler/codec/compression/Bzip2HuffmanStageEncoder.java,,1,1,0,0,0,1,0,0,0,0,0,0,0,0,0,0,0,0,0,0,0,0,0,0,0,0,0,0,0,0,0,0,0,0,0
netty,io/netty/handler/codec/compression/Bzip2Integration,Bzip2Integration,,C:/Users/ismak/Documents/GitHub/relation_test_code_smell_ML/dataset/projects/netty/codec-compression/src/test/java/io/netty/handler/codec/compression/Bzip2IntegrationTest.java,0,0,1,5,0,0,0,0,0,0,1,1,1,0,0,0,0,0,0,1,0,0,0,0,0,0,0,0,0,0,1,0,0,0,0
netty,io/netty/handler/codec/compression/Bzip2MTFAndRLE2StageEncoder,Bzip2MTFAndRLE2StageEncoder,dataset/projects/netty/codec-compression/src/main/java/io/netty/handler/codec/compression/Bzip2MTFAndRLE2StageEncoder.java,,1,1,0,0,0,1,0,0,0,0,0,0,0,0,0,0,0,0,0,0,0,0,0,0,0,0,0,0,0,0,0,0,0,0,0
netty,io/netty/handler/codec/compression/FastLz,FastLz,dataset/projects/netty/codec-compression/src/main/java/io/netty/handler/codec/compression/FastLz.java,,1,4,0,0,0,3,0,1,0,0,0,0,0,0,0,0,0,0,0,0,0,0,0,0,0,0,0,0,0,0,0,0,0,0,0
netty,io/netty/handler/codec/compression/FastLzFrameDecoder,FastLzFrameDecoder,dataset/projects/netty/codec-compression/src/main/java/io/netty/handler/codec/compression/FastLzFrameDecoder.java,C:/Users/ismak/Documents/GitHub/relation_test_code_smell_ML/dataset/projects/netty/codec-compression/src/test/java/io/netty/handler/codec/compression/FastLzFrameDecoderTest.java,1,1,1,3,0,1,0,0,0,0,1,1,1,0,0,0,0,0,0,0,0,0,0,0,0,0,0,0,0,0,0,0,0,0,0
netty,io/netty/handler/codec/compression/FastLzIntegration,FastLzIntegration,,C:/Users/ismak/Documents/GitHub/relation_test_code_smell_ML/dataset/projects/netty/codec-compression/src/test/java/io/netty/handler/codec/compression/FastLzIntegrationTest.java,0,0,1,4,0,0,0,0,0,0,1,1,1,0,0,0,0,0,0,0,0,0,0,0,0,0,0,0,0,0,0,1,0,0,0
netty,io/netty/handler/codec/compression/JZlib,JZlib,,C:/Users/ismak/Documents/GitHub/relation_test_code_smell_ML/dataset/projects/netty/codec-compression/src/test/java/io/netty/handler/codec/compression/JZlibTest.java,0,0,1,3,0,0,0,0,0,0,1,1,1,0,0,0,0,0,0,0,0,0,0,0,0,0,0,0,0,0,0,0,0,0,0
netty,io/netty/handler/codec/compression/JZlibDecoder,JZlibDecoder,dataset/projects/netty/codec-compression/src/main/java/io/netty/handler/codec/compression/JZlibDecoder.java,,1,1,0,0,0,1,0,0,0,0,0,0,0,0,0,0,0,0,0,0,0,0,0,0,0,0,0,0,0,0,0,0,0,0,0
netty,io/netty/handler/codec/compression/JZlibIntegration,JZlibIntegration,,C:/Users/ismak/Documents/GitHub/relation_test_code_smell_ML/dataset/projects/netty/codec-compression/src/test/java/io/netty/handler/codec/compression/JZlibIntegrationTest.java,0,0,1,3,0,0,0,0,0,0,1,1,1,0,0,0,0,0,0,0,0,0,0,0,0,0,0,0,0,0,0,0,0,0,0
netty,io/netty/handler/codec/compression/JdkZlib,JdkZlib,,C:/Users/ismak/Documents/GitHub/relation_test_code_smell_ML/dataset/projects/netty/codec-compression/src/test/java/io/netty/handler/codec/compression/JdkZlibTest.java,0,0,1,10,0,0,0,0,0,0,1,1,1,0,1,1,0,0,0,1,0,0,0,0,1,0,0,0,0,1,0,1,0,1,0
netty,io/netty/handler/codec/compression/JdkZlibDecoder,JdkZlibDecoder,dataset/projects/netty/codec-compression/src/main/java/io/netty/handler/codec/compression/JdkZlibDecoder.java,,1,4,0,0,0,3,0,0,0,1,0,0,0,0,0,0,0,0,0,0,0,0,0,0,0,0,0,0,0,0,0,0,0,0,0
netty,io/netty/handler/codec/compression/JdkZlibIntegration,JdkZlibIntegration,,C:/Users/ismak/Documents/GitHub/relation_test_code_smell_ML/dataset/projects/netty/codec-compression/src/test/java/io/netty/handler/codec/compression/JdkZlibIntegrationTest.java,0,0,1,3,0,0,0,0,0,0,1,1,1,0,0,0,0,0,0,0,0,0,0,0,0,0,0,0,0,0,0,0,0,0,0
netty,io/netty/handler/codec/compression/LengthAwareLzfIntegration,LengthAwareLzfIntegration,,C:/Users/ismak/Documents/GitHub/relation_test_code_smell_ML/dataset/projects/netty/codec-compression/src/test/java/io/netty/handler/codec/compression/LengthAwareLzfIntegrationTest.java,0,0,1,3,0,0,0,0,0,0,1,1,1,0,0,0,0,0,0,0,0,0,0,0,0,0,0,0,0,0,0,0,0,0,0
netty,io/netty/handler/codec/compression/Lz4FrameDecoder,Lz4FrameDecoder,dataset/projects/netty/codec-compression/src/main/java/io/netty/handler/codec/compression/Lz4FrameDecoder.java,C:/Users/ismak/Documents/GitHub/relation_test_code_smell_ML/dataset/projects/netty/codec-compression/src/test/java/io/netty/handler/codec/compression/Lz4FrameDecoderTest.java,1,1,1,4,0,1,0,0,0,0,1,1,1,0,0,0,1,0,0,0,0,0,0,0,0,0,0,0,0,0,0,0,0,0,0
netty,io/netty/handler/codec/compression/Lz4FrameEncoder,Lz4FrameEncoder,dataset/projects/netty/codec-compression/src/main/java/io/netty/handler/codec/compression/Lz4FrameEncoder.java,C:/Users/ismak/Documents/GitHub/relation_test_code_smell_ML/dataset/projects/netty/codec-compression/src/test/java/io/netty/handler/codec/compression/Lz4FrameEncoderTest.java,1,3,1,10,0,1,0,1,0,1,1,1,1,0,1,1,0,0,0,1,0,0,0,0,0,0,0,0,0,1,1,1,0,1,0
netty,io/netty/handler/codec/compression/Lz4FrameIntegration,Lz4FrameIntegration,,C:/Users/ismak/Documents/GitHub/relation_test_code_smell_ML/dataset/projects/netty/codec-compression/src/test/java/io/netty/handler/codec/compression/Lz4FrameIntegrationTest.java,0,0,1,3,0,0,0,0,0,0,1,1,1,0,0,0,0,0,0,0,0,0,0,0,0,0,0,0,0,0,0,0,0,0,0
netty,io/netty/handler/codec/compression/LzfDecoder,LzfDecoder,dataset/projects/netty/codec-compression/src/main/java/io/netty/handler/codec/compression/LzfDecoder.java,C:/Users/ismak/Documents/GitHub/relation_test_code_smell_ML/dataset/projects/netty/codec-compression/src/test/java/io/netty/handler/codec/compression/LzfDecoderTest.java,1,1,1,4,0,1,0,0,0,0,1,1,1,0,0,0,1,0,0,0,0,0,0,0,0,0,0,0,0,0,0,0,0,0,0
netty,io/netty/handler/codec/compression/LzfEncoder,LzfEncoder,,C:/Users/ismak/Documents/GitHub/relation_test_code_smell_ML/dataset/projects/netty/codec-compression/src/test/java/io/netty/handler/codec/compression/LzfEncoderTest.java,0,0,1,3,0,0,0,0,0,0,1,1,1,0,0,0,0,0,0,0,0,0,0,0,0,0,0,0,0,0,0,0,0,0,0
netty,io/netty/handler/codec/compression/LzfIntegration,LzfIntegration,,C:/Users/ismak/Documents/GitHub/relation_test_code_smell_ML/dataset/projects/netty/codec-compression/src/test/java/io/netty/handler/codec/compression/LzfIntegrationTest.java,0,0,1,3,0,0,0,0,0,0,1,1,1,0,0,0,0,0,0,0,0,0,0,0,0,0,0,0,0,0,0,0,0,0,0
netty,io/netty/handler/codec/compression/LzmaFrameEncoder,LzmaFrameEncoder,dataset/projects/netty/codec-compression/src/main/java/io/netty/handler/codec/compression/LzmaFrameEncoder.java,C:/Users/ismak/Documents/GitHub/relation_test_code_smell_ML/dataset/projects/netty/codec-compression/src/test/java/io/netty/handler/codec/compression/LzmaFrameEncoderTest.java,1,1,1,6,0,1,0,0,0,0,1,1,1,0,0,0,0,0,0,1,0,0,0,0,0,0,0,0,0,0,1,1,0,0,0
netty,io/netty/handler/codec/compression/Snappy,Snappy,dataset/projects/netty/codec-compression/src/main/java/io/netty/handler/codec/compression/Snappy.java,C:/Users/ismak/Documents/GitHub/relation_test_code_smell_ML/dataset/projects/netty/codec-compression/src/test/java/io/netty/handler/codec/compression/SnappyTest.java,1,6,1,7,0,4,0,1,0,1,1,1,1,0,1,1,0,0,0,1,0,0,0,0,0,0,0,0,0,0,1,0,0,0,0
netty,io/netty/handler/codec/compression/SnappyFrameDecoder,SnappyFrameDecoder,dataset/projects/netty/codec-compression/src/main/java/io/netty/handler/codec/compression/SnappyFrameDecoder.java,C:/Users/ismak/Documents/GitHub/relation_test_code_smell_ML/dataset/projects/netty/codec-compression/src/test/java/io/netty/handler/codec/compression/SnappyFrameDecoderTest.java,1,1,1,4,0,1,0,0,0,0,1,1,1,0,1,0,0,0,0,0,0,0,0,0,0,0,0,0,0,0,0,0,0,0,0
netty,io/netty/handler/codec/compression/SnappyFrameEncoder,SnappyFrameEncoder,,C:/Users/ismak/Documents/GitHub/relation_test_code_smell_ML/dataset/projects/netty/codec-compression/src/test/java/io/netty/handler/codec/compression/SnappyFrameEncoderTest.java,0,0,1,6,0,0,0,0,0,0,1,1,1,0,1,1,0,0,0,1,0,0,0,0,0,0,0,0,0,0,0,0,0,0,0
netty,io/netty/handler/codec/compression/SnappyIntegration,SnappyIntegration,,C:/Users/ismak/Documents/GitHub/relation_test_code_smell_ML/dataset/projects/netty/codec-compression/src/test/java/io/netty/handler/codec/compression/SnappyIntegrationTest.java,0,0,1,8,0,0,0,0,0,0,1,1,1,0,0,1,0,0,0,1,0,0,1,0,0,0,0,0,0,0,1,1,0,0,0
netty,io/netty/handler/codec/compression/SnappyJumboSizeIntegration,SnappyJumboSizeIntegration,,C:/Users/ismak/Documents/GitHub/relation_test_code_smell_ML/dataset/projects/netty/codec-compression/src/test/java/io/netty/handler/codec/compression/SnappyJumboSizeIntegrationTest.java,0,0,1,3,0,0,0,0,0,0,1,1,1,0,0,0,0,0,0,0,0,0,0,0,0,0,0,0,0,0,0,0,0,0,0
netty,io/netty/handler/codec/compression/Zlib,Zlib,,C:/Users/ismak/Documents/GitHub/relation_test_code_smell_ML/dataset/projects/netty/codec-compression/src/test/java/io/netty/handler/codec/compression/ZlibTest.java,0,0,1,8,0,0,0,0,0,0,1,1,1,0,1,1,0,0,0,1,0,0,0,0,0,0,0,0,0,0,1,1,0,0,0
netty,io/netty/handler/codec/compression/ZlibCodecFactory,ZlibCodecFactory,dataset/projects/netty/codec-compression/src/main/java/io/netty/handler/codec/compression/ZlibCodecFactory.java,,1,1,0,0,0,0,0,0,0,1,0,0,0,0,0,0,0,0,0,0,0,0,0,0,0,0,0,0,0,0,0,0,0,0,0
netty,io/netty/handler/codec/compression/ZstdDecoder,ZstdDecoder,dataset/projects/netty/codec-compression/src/main/java/io/netty/handler/codec/compression/ZstdDecoder.java,C:/Users/ismak/Documents/GitHub/relation_test_code_smell_ML/dataset/projects/netty/codec-compression/src/test/java/io/netty/handler/codec/compression/ZstdDecoderTest.java,1,1,1,6,0,1,0,0,0,0,1,1,1,0,1,1,1,0,0,0,0,0,0,0,0,0,0,0,0,0,0,0,0,0,0
netty,io/netty/handler/codec/compression/ZstdEncoder,ZstdEncoder,,C:/Users/ismak/Documents/GitHub/relation_test_code_smell_ML/dataset/projects/netty/codec-compression/src/test/java/io/netty/handler/codec/compression/ZstdEncoderTest.java,0,0,1,7,0,0,0,0,0,0,1,1,1,0,1,0,0,0,0,1,0,0,0,0,0,0,0,0,0,0,1,1,0,0,0
netty,io/netty/handler/codec/compression/ZstdIntegration,ZstdIntegration,,C:/Users/ismak/Documents/GitHub/relation_test_code_smell_ML/dataset/projects/netty/codec-compression/src/test/java/io/netty/handler/codec/compression/ZstdIntegrationTest.java,0,0,1,3,0,0,0,0,0,0,1,1,1,0,0,0,0,0,0,0,0,0,0,0,0,0,0,0,0,0,0,0,0,0,0
netty,io/netty/handler/codec/dns/AbstractDnsMessage,AbstractDnsMessage,dataset/projects/netty/codec-dns/src/main/java/io/netty/handler/codec/dns/AbstractDnsMessage.java,,1,2,0,0,0,1,0,0,0,1,0,0,0,0,0,0,0,0,0,0,0,0,0,0,0,0,0,0,0,0,0,0,0,0,0
netty,io/netty/handler/codec/dns/AbstractDnsRecord,AbstractDnsRecord,,C:/Users/ismak/Documents/GitHub/relation_test_code_smell_ML/dataset/projects/netty/codec-dns/src/test/java/io/netty/handler/codec/dns/AbstractDnsRecordTest.java,0,0,1,4,0,0,0,0,0,0,1,1,1,0,1,0,0,0,0,0,0,0,0,0,0,0,0,0,0,0,0,0,0,0,0
netty,io/netty/handler/codec/dns/DatagramDnsQuery,DatagramDnsQuery,dataset/projects/netty/codec-dns/src/main/java/io/netty/handler/codec/dns/DatagramDnsQuery.java,,1,2,0,0,0,1,0,0,0,1,0,0,0,0,0,0,0,0,0,0,0,0,0,0,0,0,0,0,0,0,0,0,0,0,0
netty,io/netty/handler/codec/dns/DatagramDnsResponse,DatagramDnsResponse,dataset/projects/netty/codec-dns/src/main/java/io/netty/handler/codec/dns/DatagramDnsResponse.java,,1,1,0,0,0,0,0,0,0,1,0,0,0,0,0,0,0,0,0,0,0,0,0,0,0,0,0,0,0,0,0,0,0,0,0
netty,io/netty/handler/codec/dns/DefaultDnsRawRecord,DefaultDnsRawRecord,dataset/projects/netty/codec-dns/src/main/java/io/netty/handler/codec/dns/DefaultDnsRawRecord.java,,1,1,0,0,0,0,0,0,0,1,0,0,0,0,0,0,0,0,0,0,0,0,0,0,0,0,0,0,0,0,0,0,0,0,0
netty,io/netty/handler/codec/dns/DefaultDnsRecordDecoder,DefaultDnsRecordDecoder,,C:/Users/ismak/Documents/GitHub/relation_test_code_smell_ML/dataset/projects/netty/codec-dns/src/test/java/io/netty/handler/codec/dns/DefaultDnsRecordDecoderTest.java,0,0,1,10,0,0,0,0,0,0,1,1,1,0,1,1,0,0,0,1,0,0,0,0,0,0,0,0,0,1,1,1,0,1,0
netty,io/netty/handler/codec/dns/DefaultDnsRecordEncoder,DefaultDnsRecordEncoder,dataset/projects/netty/codec-dns/src/main/java/io/netty/handler/codec/dns/DefaultDnsRecordEncoder.java,C:/Users/ismak/Documents/GitHub/relation_test_code_smell_ML/dataset/projects/netty/codec-dns/src/test/java/io/netty/handler/codec/dns/DefaultDnsRecordEncoderTest.java,1,1,1,6,0,1,0,0,0,0,1,1,1,0,0,0,0,0,0,1,0,0,0,0,0,0,0,0,0,0,1,1,0,0,0
netty,io/netty/handler/codec/dns/DefaultDnsResponse,DefaultDnsResponse,dataset/projects/netty/codec-dns/src/main/java/io/netty/handler/codec/dns/DefaultDnsResponse.java,,1,1,0,0,0,0,0,0,0,1,0,0,0,0,0,0,0,0,0,0,0,0,0,0,0,0,0,0,0,0,0,0,0,0,0
netty,io/netty/handler/codec/dns/DnsCodecUtil,DnsCodecUtil,dataset/projects/netty/codec-dns/src/main/java/io/netty/handler/codec/dns/DnsCodecUtil.java,C:/Users/ismak/Documents/GitHub/relation_test_code_smell_ML/dataset/projects/netty/codec-dns/src/test/java/io/netty/handler/codec/dns/DnsCodecUtilTest.java,1,2,1,3,0,2,0,0,0,0,1,1,1,0,0,0,0,0,0,0,0,0,0,0,0,0,0,0,0,0,0,0,0,0,0
netty,io/netty/handler/codec/dns/DnsMessage,DnsMessage,dataset/projects/netty/codec-dns/src/main/java/io/netty/handler/codec/dns/DnsMessage.java,,1,1,0,0,0,0,0,0,0,1,0,0,0,0,0,0,0,0,0,0,0,0,0,0,0,0,0,0,0,0,0,0,0,0,0
netty,io/netty/handler/codec/dns/DnsMessageUtil,DnsMessageUtil,dataset/projects/netty/codec-dns/src/main/java/io/netty/handler/codec/dns/DnsMessageUtil.java,,1,2,0,0,0,0,0,1,0,1,0,0,0,0,0,0,0,0,0,0,0,0,0,0,0,0,0,0,0,0,0,0,0,0,0
netty,io/netty/handler/codec/dns/DnsQuery,DnsQuery,,C:/Users/ismak/Documents/GitHub/relation_test_code_smell_ML/dataset/projects/netty/codec-dns/src/test/java/io/netty/handler/codec/dns/DnsQueryTest.java,0,0,1,6,0,0,0,0,0,0,1,1,1,0,1,1,0,0,0,0,0,0,0,0,0,0,0,0,0,0,0,0,0,1,0
netty,io/netty/handler/codec/dns/DnsRecordType,DnsRecordType,,C:/Users/ismak/Documents/GitHub/relation_test_code_smell_ML/dataset/projects/netty/codec-dns/src/test/java/io/netty/handler/codec/dns/DnsRecordTypeTest.java,0,0,1,6,0,0,0,0,0,0,1,1,1,0,1,1,0,0,0,1,0,0,0,0,0,0,0,0,0,0,0,0,0,0,0
netty,io/netty/handler/codec/dns/DnsResponse,DnsResponse,,C:/Users/ismak/Documents/GitHub/relation_test_code_smell_ML/dataset/projects/netty/codec-dns/src/test/java/io/netty/handler/codec/dns/DnsResponseTest.java,0,0,1,6,0,0,0,0,0,0,1,1,1,0,1,1,0,0,0,0,0,0,0,0,0,0,0,0,0,0,0,0,0,1,0
netty,io/netty/handler/codec/dns/DnsResponseCode,DnsResponseCode,dataset/projects/netty/codec-dns/src/main/java/io/netty/handler/codec/dns/DnsResponseCode.java,,1,1,0,0,0,1,0,0,0,0,0,0,0,0,0,0,0,0,0,0,0,0,0,0,0,0,0,0,0,0,0,0,0,0,0
netty,io/netty/handler/codec/dns/NativeImageHandlerMetadata,NativeImageHandlerMetadata,,C:/Users/ismak/Documents/GitHub/relation_test_code_smell_ML/dataset/projects/netty/codec-dns/src/test/java/io/netty/handler/codec/dns/NativeImageHandlerMetadataTest.java,0,0,1,4,0,0,0,0,0,0,1,1,1,0,0,0,0,0,0,0,0,0,0,0,0,0,0,0,0,0,1,0,0,0,0
netty,io/netty/handler/codec/dns/TcpDns,TcpDns,,C:/Users/ismak/Documents/GitHub/relation_test_code_smell_ML/dataset/projects/netty/codec-dns/src/test/java/io/netty/handler/codec/dns/TcpDnsTest.java,0,0,1,4,0,0,0,0,0,0,1,1,1,0,1,0,0,0,0,0,0,0,0,0,0,0,0,0,0,0,0,0,0,0,0
netty,io/netty/handler/codec/frame/DelimiterBasedFrameDecoder,DelimiterBasedFrameDecoder,,C:/Users/ismak/Documents/GitHub/relation_test_code_smell_ML/dataset/projects/netty/codec-base/src/test/java/io/netty/handler/codec/frame/DelimiterBasedFrameDecoderTest.java,0,0,1,7,0,0,0,0,0,0,1,1,1,0,1,1,0,0,0,1,0,0,0,0,1,0,0,0,0,0,0,0,0,0,0
netty,io/netty/handler/codec/frame/LengthFieldBasedFrameDecoder,LengthFieldBasedFrameDecoder,,C:/Users/ismak/Documents/GitHub/relation_test_code_smell_ML/dataset/projects/netty/codec-base/src/test/java/io/netty/handler/codec/frame/LengthFieldBasedFrameDecoderTest.java,0,0,1,7,0,0,0,0,0,0,1,1,1,0,1,1,0,0,0,1,0,0,0,0,1,0,0,0,0,0,0,0,0,0,0
netty,io/netty/handler/codec/frame/LengthFieldPrepender,LengthFieldPrepender,,C:/Users/ismak/Documents/GitHub/relation_test_code_smell_ML/dataset/projects/netty/codec-base/src/test/java/io/netty/handler/codec/frame/LengthFieldPrependerTest.java,0,0,1,6,0,0,0,0,0,0,1,1,1,0,1,0,0,0,0,1,0,0,0,0,0,0,0,0,0,0,0,0,0,1,0
netty,io/netty/handler/codec/haproxy/HAProxyIntegration,HAProxyIntegration,,C:/Users/ismak/Documents/GitHub/relation_test_code_smell_ML/dataset/projects/netty/codec-haproxy/src/test/java/io/netty/handler/codec/haproxy/HAProxyIntegrationTest.java,0,0,1,5,0,0,0,0,0,0,1,1,1,0,1,0,0,0,0,1,0,0,0,0,0,0,0,0,0,0,0,0,0,0,0
netty,io/netty/handler/codec/haproxy/HAProxyMessage,HAProxyMessage,dataset/projects/netty/codec-haproxy/src/main/java/io/netty/handler/codec/haproxy/HAProxyMessage.java,,1,7,0,0,0,6,0,0,0,1,0,0,0,0,0,0,0,0,0,0,0,0,0,0,0,0,0,0,0,0,0,0,0,0,0
netty,io/netty/handler/codec/haproxy/HAProxyMessageDecoder,HAProxyMessageDecoder,dataset/projects/netty/codec-haproxy/src/main/java/io/netty/handler/codec/haproxy/HAProxyMessageDecoder.java,C:/Users/ismak/Documents/GitHub/relation_test_code_smell_ML/dataset/projects/netty/codec-haproxy/src/test/java/io/netty/handler/codec/haproxy/HAProxyMessageDecoderTest.java,1,1,1,9,0,0,0,0,0,1,1,1,1,0,1,1,0,0,0,1,1,0,0,0,0,0,0,0,0,1,0,0,0,1,0
netty,io/netty/handler/codec/haproxy/HAProxySSLTLV,HAProxySSLTLV,,C:/Users/ismak/Documents/GitHub/relation_test_code_smell_ML/dataset/projects/netty/codec-haproxy/src/test/java/io/netty/handler/codec/haproxy/HAProxySSLTLVTest.java,0,0,1,5,0,0,0,0,0,0,1,1,1,0,1,0,0,0,0,1,0,0,0,0,0,0,0,0,0,0,0,0,0,0,0
netty,io/netty/handler/codec/haproxy/HAProxyTLV,HAProxyTLV,dataset/projects/netty/codec-haproxy/src/main/java/io/netty/handler/codec/haproxy/HAProxyTLV.java,,1,1,0,0,0,0,0,0,0,1,0,0,0,0,0,0,0,0,0,0,0,0,0,0,0,0,0,0,0,0,0,0,0,0,0
netty,io/netty/handler/codec/haproxy/HaProxyMessageEncoder,HaProxyMessageEncoder,,C:/Users/ismak/Documents/GitHub/relation_test_code_smell_ML/dataset/projects/netty/codec-haproxy/src/test/java/io/netty/handler/codec/haproxy/HaProxyMessageEncoderTest.java,0,0,1,6,0,0,0,0,0,0,1,1,1,0,1,0,0,0,0,0,0,0,0,0,1,0,0,0,0,0,0,0,0,1,0
netty,io/netty/handler/codec/haproxy/NativeImageHandlerMetadata,NativeImageHandlerMetadata,,C:/Users/ismak/Documents/GitHub/relation_test_code_smell_ML/dataset/projects/netty/codec-haproxy/src/test/java/io/netty/handler/codec/haproxy/NativeImageHandlerMetadataTest.java,0,0,1,4,0,0,0,0,0,0,1,1,1,0,0,0,0,0,0,0,0,0,0,0,0,0,0,0,0,0,1,0,0,0,0
netty,io/netty/handler/codec/http/CombinedHttpHeaders,CombinedHttpHeaders,dataset/projects/netty/codec-http/src/main/java/io/netty/handler/codec/http/CombinedHttpHeaders.java,C:/Users/ismak/Documents/GitHub/relation_test_code_smell_ML/dataset/projects/netty/codec-http/src/test/java/io/netty/handler/codec/http/CombinedHttpHeadersTest.java,1,2,1,7,0,0,0,1,0,1,1,1,1,0,1,1,0,0,0,0,0,0,0,0,0,0,0,0,0,1,0,0,0,1,0
netty,io/netty/handler/codec/http/ComposedLastHttpContent,ComposedLastHttpContent,dataset/projects/netty/codec-http/src/main/java/io/netty/handler/codec/http/ComposedLastHttpContent.java,,1,1,0,0,0,0,0,0,0,1,0,0,0,0,0,0,0,0,0,0,0,0,0,0,0,0,0,0,0,0,0,0,0,0,0
netty,io/netty/handler/codec/http/CookieDecoder,CookieDecoder,dataset/projects/netty/codec-http/src/main/java/io/netty/handler/codec/http/CookieDecoder.java,,1,4,0,0,0,3,0,1,0,0,0,0,0,0,0,0,0,0,0,0,0,0,0,0,0,0,0,0,0,0,0,0,0,0,0
netty,io/netty/handler/codec/http/DefaultFullHttpRequest,DefaultFullHttpRequest,dataset/projects/netty/codec-http/src/main/java/io/netty/handler/codec/http/DefaultFullHttpRequest.java,,1,1,0,0,0,0,0,0,0,1,0,0,0,0,0,0,0,0,0,0,0,0,0,0,0,0,0,0,0,0,0,0,0,0,0
netty,io/netty/handler/codec/http/DefaultFullHttpResponse,DefaultFullHttpResponse,dataset/projects/netty/codec-http/src/main/java/io/netty/handler/codec/http/DefaultFullHttpResponse.java,,1,1,0,0,0,0,0,0,0,1,0,0,0,0,0,0,0,0,0,0,0,0,0,0,0,0,0,0,0,0,0,0,0,0,0
netty,io/netty/handler/codec/http/DefaultHttpContent,DefaultHttpContent,dataset/projects/netty/codec-http/src/main/java/io/netty/handler/codec/http/DefaultHttpContent.java,,1,1,0,0,0,0,0,0,0,1,0,0,0,0,0,0,0,0,0,0,0,0,0,0,0,0,0,0,0,0,0,0,0,0,0
netty,io/netty/handler/codec/http/DefaultHttpHeaders,DefaultHttpHeaders,dataset/projects/netty/codec-http/src/main/java/io/netty/handler/codec/http/DefaultHttpHeaders.java,C:/Users/ismak/Documents/GitHub/relation_test_code_smell_ML/dataset/projects/netty/codec-http/src/test/java/io/netty/handler/codec/http/DefaultHttpHeadersTest.java,1,1,1,8,0,0,0,0,0,1,1,1,1,0,1,0,0,0,0,1,0,0,0,1,1,0,0,0,0,0,0,0,0,1,0
netty,io/netty/handler/codec/http/DefaultHttpRequest,DefaultHttpRequest,,C:/Users/ismak/Documents/GitHub/relation_test_code_smell_ML/dataset/projects/netty/codec-http/src/test/java/io/netty/handler/codec/http/DefaultHttpRequestTest.java,0,0,1,5,0,0,0,0,0,0,1,1,1,0,1,1,0,0,0,0,0,0,0,0,0,0,0,0,0,0,0,0,0,0,0
netty,io/netty/handler/codec/http/DefaultHttpResponse,DefaultHttpResponse,,C:/Users/ismak/Documents/GitHub/relation_test_code_smell_ML/dataset/projects/netty/codec-http/src/test/java/io/netty/handler/codec/http/DefaultHttpResponseTest.java,0,0,1,5,0,0,0,0,0,0,1,1,1,0,1,0,0,0,0,0,0,1,0,0,0,0,0,0,0,0,0,0,0,0,0
netty,io/netty/handler/codec/http/DefaultLastHttpContent,DefaultLastHttpContent,dataset/projects/netty/codec-http/src/main/java/io/netty/handler/codec/http/DefaultLastHttpContent.java,,1,1,0,0,0,0,0,0,0,1,0,0,0,0,0,0,0,0,0,0,0,0,0,0,0,0,0,0,0,0,0,0,0,0,0
netty,io/netty/handler/codec/http/EmptyHttpHeaders,EmptyHttpHeaders,dataset/projects/netty/codec-http/src/main/java/io/netty/handler/codec/http/EmptyHttpHeaders.java,,1,1,0,0,0,0,0,0,0,1,0,0,0,0,0,0,0,0,0,0,0,0,0,0,0,0,0,0,0,0,0,0,0,0,0
netty,io/netty/handler/codec/http/EmptyHttpHeadersInitialization,EmptyHttpHeadersInitialization,,C:/Users/ismak/Documents/GitHub/relation_test_code_smell_ML/dataset/projects/netty/codec-http/src/test/java/io/netty/handler/codec/http/EmptyHttpHeadersInitializationTest.java,0,0,1,4,0,0,0,0,0,0,1,1,1,0,1,0,0,0,0,0,0,0,0,0,0,0,0,0,0,0,0,0,0,0,0
netty,io/netty/handler/codec/http/HttpChunkedInput,HttpChunkedInput,,C:/Users/ismak/Documents/GitHub/relation_test_code_smell_ML/dataset/projects/netty/codec-http/src/test/java/io/netty/handler/codec/http/HttpChunkedInputTest.java,0,0,1,5,0,0,0,0,0,0,1,1,1,0,0,0,0,0,0,1,0,0,0,0,0,0,0,0,0,0,1,0,0,0,0
netty,io/netty/handler/codec/http/HttpClientCodec,HttpClientCodec,,C:/Users/ismak/Documents/GitHub/relation_test_code_smell_ML/dataset/projects/netty/codec-http/src/test/java/io/netty/handler/codec/http/HttpClientCodecTest.java,0,0,1,10,0,0,0,0,0,0,1,1,1,0,1,0,0,0,0,1,0,1,0,0,0,0,0,0,0,1,1,1,0,1,0
netty,io/netty/handler/codec/http/HttpClientUpgradeHandler,HttpClientUpgradeHandler,dataset/projects/netty/codec-http/src/main/java/io/netty/handler/codec/http/HttpClientUpgradeHandler.java,C:/Users/ismak/Documents/GitHub/relation_test_code_smell_ML/dataset/projects/netty/codec-http/src/test/java/io/netty/handler/codec/http/HttpClientUpgradeHandlerTest.java,1,2,1,6,0,1,0,0,0,1,1,1,1,0,1,0,0,0,0,0,0,1,0,0,0,0,0,0,0,0,0,0,0,1,0
netty,io/netty/handler/codec/http/HttpContentCompressor,HttpContentCompressor,dataset/projects/netty/codec-http/src/main/java/io/netty/handler/codec/http/HttpContentCompressor.java,C:/Users/ismak/Documents/GitHub/relation_test_code_smell_ML/dataset/projects/netty/codec-http/src/test/java/io/netty/handler/codec/http/HttpContentCompressorTest.java,1,6,1,10,0,5,0,1,0,0,1,1,1,0,1,1,0,0,0,1,0,1,0,0,1,0,0,0,0,1,0,0,0,1,0
netty,io/netty/handler/codec/http/HttpContentCompressorOptions,HttpContentCompressorOptions,,C:/Users/ismak/Documents/GitHub/relation_test_code_smell_ML/dataset/projects/netty/codec-http/src/test/java/io/netty/handler/codec/http/HttpContentCompressorOptionsTest.java,0,0,1,4,0,0,0,0,0,0,1,1,1,0,0,0,0,0,0,0,0,0,0,0,0,0,0,0,0,0,0,1,0,0,0
netty,io/netty/handler/codec/http/HttpContentDecoder,HttpContentDecoder,dataset/projects/netty/codec-http/src/main/java/io/netty/handler/codec/http/HttpContentDecoder.java,C:/Users/ismak/Documents/GitHub/relation_test_code_smell_ML/dataset/projects/netty/codec-http/src/test/java/io/netty/handler/codec/http/HttpContentDecoderTest.java,1,1,1,9,0,1,0,0,0,0,1,1,1,0,1,1,0,0,0,1,0,1,0,0,1,0,0,0,0,0,0,0,0,1,0
netty,io/netty/handler/codec/http/HttpContentDecompressor,HttpContentDecompressor,dataset/projects/netty/codec-http/src/main/java/io/netty/handler/codec/http/HttpContentDecompressor.java,C:/Users/ismak/Documents/GitHub/relation_test_code_smell_ML/dataset/projects/netty/codec-http/src/test/java/io/netty/handler/codec/http/HttpContentDecompressorTest.java,1,1,1,8,0,1,0,0,0,0,1,1,1,0,1,1,0,0,0,0,0,1,0,0,0,0,0,0,0,1,0,0,0,1,0
netty,io/netty/handler/codec/http/HttpContentEncoder,HttpContentEncoder,dataset/projects/netty/codec-http/src/main/java/io/netty/handler/codec/http/HttpContentEncoder.java,C:/Users/ismak/Documents/GitHub/relation_test_code_smell_ML/dataset/projects/netty/codec-http/src/test/java/io/netty/handler/codec/http/HttpContentEncoderTest.java,1,3,1,8,0,1,0,1,0,1,1,1,1,0,1,0,0,0,0,1,0,1,0,0,1,0,0,0,0,0,0,0,0,1,0
netty,io/netty/handler/codec/http/HttpDecoderConfig,HttpDecoderConfig,dataset/projects/netty/codec-http/src/main/java/io/netty/handler/codec/http/HttpDecoderConfig.java,,1,1,0,0,0,0,0,0,0,1,0,0,0,0,0,0,0,0,0,0,0,0,0,0,0,0,0,0,0,0,0,0,0,0,0
netty,io/netty/handler/codec/http/HttpHeaderDateFormat,HttpHeaderDateFormat,,C:/Users/ismak/Documents/GitHub/relation_test_code_smell_ML/dataset/projects/netty/codec-http/src/test/java/io/netty/handler/codec/http/HttpHeaderDateFormatTest.java,0,0,1,5,0,0,0,0,0,0,1,1,1,0,1,0,0,0,0,1,0,0,0,0,0,0,0,0,0,0,0,0,0,0,0
netty,io/netty/handler/codec/http/HttpHeaderValidationUtil,HttpHeaderValidationUtil,,C:/Users/ismak/Documents/GitHub/relation_test_code_smell_ML/dataset/projects/netty/codec-http/src/test/java/io/netty/handler/codec/http/HttpHeaderValidationUtilTest.java,0,0,1,3,0,0,0,0,0,0,1,1,1,0,0,0,0,0,0,0,0,0,0,0,0,0,0,0,0,0,0,0,0,0,0
netty,io/netty/handler/codec/http/HttpHeaders,HttpHeaders,dataset/projects/netty/codec-http/src/main/java/io/netty/handler/codec/http/HttpHeaders.java,C:/Users/ismak/Documents/GitHub/relation_test_code_smell_ML/dataset/projects/netty/codec-http/src/test/java/io/netty/handler/codec/http/HttpHeadersTest.java,1,4,1,5,0,2,0,1,0,1,1,1,1,0,1,0,0,0,0,0,0,0,0,0,0,0,0,0,0,0,0,0,0,1,0
netty,io/netty/handler/codec/http/HttpInvalidMessage,HttpInvalidMessage,,C:/Users/ismak/Documents/GitHub/relation_test_code_smell_ML/dataset/projects/netty/codec-http/src/test/java/io/netty/handler/codec/http/HttpInvalidMessageTest.java,0,0,1,6,0,0,0,0,0,0,1,1,1,0,1,0,0,0,0,1,0,1,0,0,0,0,0,0,0,0,0,0,0,0,0
netty,io/netty/handler/codec/http/HttpMethod,HttpMethod,dataset/projects/netty/codec-http/src/main/java/io/netty/handler/codec/http/HttpMethod.java,C:/Users/ismak/Documents/GitHub/relation_test_code_smell_ML/dataset/projects/netty/codec-http/src/test/java/io/netty/handler/codec/http/HttpMethodTest.java,1,1,1,4,0,1,0,0,0,0,1,1,1,0,1,0,0,0,0,0,0,0,0,0,0,0,0,0,0,0,0,0,0,0,0
netty,io/netty/handler/codec/http/HttpObjectAggregator,HttpObjectAggregator,dataset/projects/netty/codec-http/src/main/java/io/netty/handler/codec/http/HttpObjectAggregator.java,C:/Users/ismak/Documents/GitHub/relation_test_code_smell_ML/dataset/projects/netty/codec-http/src/test/java/io/netty/handler/codec/http/HttpObjectAggregatorTest.java,1,3,1,10,0,0,0,0,0,3,1,1,1,0,1,0,0,0,0,1,0,1,0,0,1,0,0,0,0,1,1,0,0,1,0
netty,io/netty/handler/codec/http/HttpObjectDecoder,HttpObjectDecoder,dataset/projects/netty/codec-http/src/main/java/io/netty/handler/codec/http/HttpObjectDecoder.java,,1,11,0,0,1,8,0,1,0,1,0,0,0,0,0,0,0,0,0,0,0,0,0,0,0,0,0,0,0,0,0,0,0,0,0
netty,io/netty/handler/codec/http/HttpObjectEncoder,HttpObjectEncoder,dataset/projects/netty/codec-http/src/main/java/io/netty/handler/codec/http/HttpObjectEncoder.java,,1,3,0,0,0,1,0,1,0,1,0,0,0,0,0,0,0,0,0,0,0,0,0,0,0,0,0,0,0,0,0,0,0,0,0
netty,io/netty/handler/codec/http/HttpRequestDecoder,HttpRequestDecoder,dataset/projects/netty/codec-http/src/main/java/io/netty/handler/codec/http/HttpRequestDecoder.java,C:/Users/ismak/Documents/GitHub/relation_test_code_smell_ML/dataset/projects/netty/codec-http/src/test/java/io/netty/handler/codec/http/HttpRequestDecoderTest.java,1,2,1,8,0,1,0,0,0,1,1,1,1,0,1,1,0,0,0,0,0,0,0,0,0,0,0,0,0,0,1,1,0,1,0
netty,io/netty/handler/codec/http/HttpRequestEncoder,HttpRequestEncoder,,C:/Users/ismak/Documents/GitHub/relation_test_code_smell_ML/dataset/projects/netty/codec-http/src/test/java/io/netty/handler/codec/http/HttpRequestEncoderTest.java,0,0,1,9,0,0,0,0,0,0,1,1,1,0,1,1,0,0,0,1,0,0,0,0,0,0,0,0,0,0,1,1,0,1,0
netty,io/netty/handler/codec/http/HttpResponseDecoder,HttpResponseDecoder,,C:/Users/ismak/Documents/GitHub/relation_test_code_smell_ML/dataset/projects/netty/codec-http/src/test/java/io/netty/handler/codec/http/HttpResponseDecoderTest.java,0,0,1,12,0,0,0,0,0,0,1,1,1,0,1,1,0,0,0,1,0,1,0,0,1,0,0,0,0,1,1,1,0,1,0
netty,io/netty/handler/codec/http/HttpResponseEncoder,HttpResponseEncoder,,C:/Users/ismak/Documents/GitHub/relation_test_code_smell_ML/dataset/projects/netty/codec-http/src/test/java/io/netty/handler/codec/http/HttpResponseEncoderTest.java,0,0,1,11,0,0,0,0,0,0,1,1,1,0,1,1,0,0,0,1,0,1,0,0,1,0,0,0,0,1,1,1,0,0,0
netty,io/netty/handler/codec/http/HttpResponseStatus,HttpResponseStatus,dataset/projects/netty/codec-http/src/main/java/io/netty/handler/codec/http/HttpResponseStatus.java,C:/Users/ismak/Documents/GitHub/relation_test_code_smell_ML/dataset/projects/netty/codec-http/src/test/java/io/netty/handler/codec/http/HttpResponseStatusTest.java,1,3,1,7,0,2,0,0,0,1,1,1,1,0,1,1,0,0,0,0,0,0,0,0,0,0,0,0,0,1,0,0,0,1,0
netty,io/netty/handler/codec/http/HttpServerCodec,HttpServerCodec,,C:/Users/ismak/Documents/GitHub/relation_test_code_smell_ML/dataset/projects/netty/codec-http/src/test/java/io/netty/handler/codec/http/HttpServerCodecTest.java,0,0,1,10,0,0,0,0,0,0,1,1,1,0,1,1,0,0,0,1,0,1,0,0,1,0,0,0,0,1,0,0,0,1,0
netty,io/netty/handler/codec/http/HttpServerExpectContinueHandler,HttpServerExpectContinueHandler,,C:/Users/ismak/Documents/GitHub/relation_test_code_smell_ML/dataset/projects/netty/codec-http/src/test/java/io/netty/handler/codec/http/HttpServerExpectContinueHandlerTest.java,0,0,1,5,0,0,0,0,0,0,1,1,1,0,1,0,0,0,0,0,0,1,0,0,0,0,0,0,0,0,0,0,0,0,0
netty,io/netty/handler/codec/http/HttpServerKeepAliveHandler,HttpServerKeepAliveHandler,,C:/Users/ismak/Documents/GitHub/relation_test_code_smell_ML/dataset/projects/netty/codec-http/src/test/java/io/netty/handler/codec/http/HttpServerKeepAliveHandlerTest.java,0,0,1,9,0,0,0,0,0,0,1,1,1,0,1,1,0,0,0,1,1,1,0,0,0,0,0,0,0,1,0,0,0,0,0
netty,io/netty/handler/codec/http/HttpServerUpgradeHandler,HttpServerUpgradeHandler,dataset/projects/netty/codec-http/src/main/java/io/netty/handler/codec/http/HttpServerUpgradeHandler.java,C:/Users/ismak/Documents/GitHub/relation_test_code_smell_ML/dataset/projects/netty/codec-http/src/test/java/io/netty/handler/codec/http/HttpServerUpgradeHandlerTest.java,1,2,1,6,0,2,0,0,0,0,1,1,1,0,1,0,0,0,0,1,0,0,0,0,1,0,0,0,0,0,0,0,0,0,0
netty,io/netty/handler/codec/http/HttpUtil,HttpUtil,dataset/projects/netty/codec-http/src/main/java/io/netty/handler/codec/http/HttpUtil.java,C:/Users/ismak/Documents/GitHub/relation_test_code_smell_ML/dataset/projects/netty/codec-http/src/test/java/io/netty/handler/codec/http/HttpUtilTest.java,1,4,1,10,0,2,0,1,0,1,1,1,1,0,1,1,0,0,0,1,0,0,0,0,0,0,0,0,0,1,1,1,0,1,0
netty,io/netty/handler/codec/http/HttpVersion,HttpVersion,dataset/projects/netty/codec-http/src/main/java/io/netty/handler/codec/http/HttpVersion.java,,1,2,0,0,0,1,0,0,0,1,0,0,0,0,0,0,0,0,0,0,0,0,0,0,0,0,0,0,0,0,0,0,0,0,0
netty,io/netty/handler/codec/http/HttpVersionLocale,HttpVersionLocale,,C:/Users/ismak/Documents/GitHub/relation_test_code_smell_ML/dataset/projects/netty/codec-http/src/test/java/io/netty/handler/codec/http/HttpVersionLocaleTest.java,0,0,1,4,0,0,0,0,0,0,1,1,1,0,0,0,0,0,0,0,0,0,0,0,0,0,0,0,0,0,0,1,0,0,0
netty,io/netty/handler/codec/http/HttpVersionParsing,HttpVersionParsing,,C:/Users/ismak/Documents/GitHub/relation_test_code_smell_ML/dataset/projects/netty/codec-http/src/test/java/io/netty/handler/codec/http/HttpVersionParsingTest.java,0,0,1,4,0,0,0,0,0,0,1,1,1,0,0,0,0,0,0,0,0,0,0,0,0,0,0,0,0,0,0,1,0,0,0
netty,io/netty/handler/codec/http/MultipleContentLengthHeaders,MultipleContentLengthHeaders,,C:/Users/ismak/Documents/GitHub/relation_test_code_smell_ML/dataset/projects/netty/codec-http/src/test/java/io/netty/handler/codec/http/MultipleContentLengthHeadersTest.java,0,0,1,7,0,0,0,0,0,0,1,1,1,0,1,1,0,0,0,0,0,0,0,0,1,0,0,0,0,0,0,0,0,1,0
netty,io/netty/handler/codec/http/NativeImageHandlerMetadata,NativeImageHandlerMetadata,,C:/Users/ismak/Documents/GitHub/relation_test_code_smell_ML/dataset/projects/netty/codec-http/src/test/java/io/netty/handler/codec/http/NativeImageHandlerMetadataTest.java,0,0,1,4,0,0,0,0,0,0,1,1,1,0,0,0,0,0,0,0,0,0,0,0,0,0,0,0,0,0,1,0,0,0,0
netty,io/netty/handler/codec/http/QueryStringDecoder,QueryStringDecoder,dataset/projects/netty/codec-http/src/main/java/io/netty/handler/codec/http/QueryStringDecoder.java,C:/Users/ismak/Documents/GitHub/relation_test_code_smell_ML/dataset/projects/netty/codec-http/src/test/java/io/netty/handler/codec/http/QueryStringDecoderTest.java,1,4,1,10,0,2,0,1,0,1,1,1,1,0,1,1,0,0,0,1,0,0,0,1,1,0,0,0,0,1,0,0,0,1,0
netty,io/netty/handler/codec/http/QueryStringEncoder,QueryStringEncoder,dataset/projects/netty/codec-http/src/main/java/io/netty/handler/codec/http/QueryStringEncoder.java,C:/Users/ismak/Documents/GitHub/relation_test_code_smell_ML/dataset/projects/netty/codec-http/src/test/java/io/netty/handler/codec/http/QueryStringEncoderTest.java,1,1,1,6,0,0,0,0,0,1,1,1,1,0,1,0,0,0,0,1,0,0,0,0,1,0,0,0,0,0,0,0,0,0,0
netty,io/netty/handler/codec/http/ReadOnlyHttpHeaders,ReadOnlyHttpHeaders,dataset/projects/netty/codec-http/src/main/java/io/netty/handler/codec/http/ReadOnlyHttpHeaders.java,C:/Users/ismak/Documents/GitHub/relation_test_code_smell_ML/dataset/projects/netty/codec-http/src/test/java/io/netty/handler/codec/http/ReadOnlyHttpHeadersTest.java,1,2,1,7,0,0,0,1,0,1,1,1,1,0,1,0,0,0,0,0,0,0,0,0,1,0,0,0,0,1,0,0,0,1,0
netty,io/netty/handler/codec/http/cookie/ClientCookieDecoder,ClientCookieDecoder,dataset/projects/netty/codec-http/src/main/java/io/netty/handler/codec/http/cookie/ClientCookieDecoder.java,C:/Users/ismak/Documents/GitHub/relation_test_code_smell_ML/dataset/projects/netty/codec-http/src/test/java/io/netty/handler/codec/http/cookie/ClientCookieDecoderTest.java,1,1,1,6,0,1,0,0,0,0,1,1,1,0,1,1,0,0,0,0,0,0,0,0,0,0,0,0,0,0,0,0,0,1,0
netty,io/netty/handler/codec/http/cookie/ClientCookieEncoder,ClientCookieEncoder,,C:/Users/ismak/Documents/GitHub/relation_test_code_smell_ML/dataset/projects/netty/codec-http/src/test/java/io/netty/handler/codec/http/cookie/ClientCookieEncoderTest.java,0,0,1,6,0,0,0,0,0,0,1,1,1,0,1,0,0,0,0,0,0,0,0,0,0,0,0,0,0,0,1,0,0,1,0
netty,io/netty/handler/codec/http/cookie/CookieDecoder,CookieDecoder,dataset/projects/netty/codec-http/src/main/java/io/netty/handler/codec/http/cookie/CookieDecoder.java,,1,1,0,0,0,1,0,0,0,0,0,0,0,0,0,0,0,0,0,0,0,0,0,0,0,0,0,0,0,0,0,0,0,0,0
netty,io/netty/handler/codec/http/cookie/CookieUtil,CookieUtil,dataset/projects/netty/codec-http/src/main/java/io/netty/handler/codec/http/cookie/CookieUtil.java,,1,1,0,0,0,0,0,0,0,1,0,0,0,0,0,0,0,0,0,0,0,0,0,0,0,0,0,0,0,0,0,0,0,0,0
netty,io/netty/handler/codec/http/cookie/DefaultCookie,DefaultCookie,dataset/projects/netty/codec-http/src/main/java/io/netty/handler/codec/http/cookie/DefaultCookie.java,,1,2,0,0,0,1,0,0,0,1,0,0,0,0,0,0,0,0,0,0,0,0,0,0,0,0,0,0,0,0,0,0,0,0,0
netty,io/netty/handler/codec/http/cookie/ServerCookieDecoder,ServerCookieDecoder,dataset/projects/netty/codec-http/src/main/java/io/netty/handler/codec/http/cookie/ServerCookieDecoder.java,C:/Users/ismak/Documents/GitHub/relation_test_code_smell_ML/dataset/projects/netty/codec-http/src/test/java/io/netty/handler/codec/http/cookie/ServerCookieDecoderTest.java,1,1,1,6,0,1,0,0,0,0,1,1,1,0,1,0,0,0,0,0,0,0,0,0,0,0,0,0,0,1,0,0,0,1,0
netty,io/netty/handler/codec/http/cookie/ServerCookieEncoder,ServerCookieEncoder,dataset/projects/netty/codec-http/src/main/java/io/netty/handler/codec/http/cookie/ServerCookieEncoder.java,C:/Users/ismak/Documents/GitHub/relation_test_code_smell_ML/dataset/projects/netty/codec-http/src/test/java/io/netty/handler/codec/http/cookie/ServerCookieEncoderTest.java,1,1,1,6,0,1,0,0,0,0,1,1,1,0,1,1,0,0,0,1,0,0,0,0,0,0,0,0,0,0,0,0,0,0,0
netty,io/netty/handler/codec/http/cors/CorsConfig,CorsConfig,dataset/projects/netty/codec-http/src/main/java/io/netty/handler/codec/http/cors/CorsConfig.java,C:/Users/ismak/Documents/GitHub/relation_test_code_smell_ML/dataset/projects/netty/codec-http/src/test/java/io/netty/handler/codec/http/cors/CorsConfigTest.java,1,2,1,4,0,0,0,0,0,2,1,1,1,0,1,0,0,0,0,0,0,0,0,0,0,0,0,0,0,0,0,0,0,0,0
netty,io/netty/handler/codec/http/cors/CorsConfigBuilder,CorsConfigBuilder,dataset/projects/netty/codec-http/src/main/java/io/netty/handler/codec/http/cors/CorsConfigBuilder.java,,1,1,0,0,0,0,0,0,0,1,0,0,0,0,0,0,0,0,0,0,0,0,0,0,0,0,0,0,0,0,0,0,0,0,0
netty,io/netty/handler/codec/http/cors/CorsHandler,CorsHandler,dataset/projects/netty/codec-http/src/main/java/io/netty/handler/codec/http/cors/CorsHandler.java,C:/Users/ismak/Documents/GitHub/relation_test_code_smell_ML/dataset/projects/netty/codec-http/src/test/java/io/netty/handler/codec/http/cors/CorsHandlerTest.java,1,1,1,9,0,0,0,1,0,0,1,1,1,0,1,0,0,0,0,1,0,1,0,0,1,0,0,0,0,1,0,0,0,1,0
netty,io/netty/handler/codec/http/multipart/AbstractDiskHttpData,AbstractDiskHttpData,dataset/projects/netty/codec-http/src/main/java/io/netty/handler/codec/http/multipart/AbstractDiskHttpData.java,C:/Users/ismak/Documents/GitHub/relation_test_code_smell_ML/dataset/projects/netty/codec-http/src/test/java/io/netty/handler/codec/http/multipart/AbstractDiskHttpDataTest.java,1,7,1,8,0,5,0,1,0,1,1,1,1,0,1,0,0,0,0,1,0,1,0,0,0,0,0,0,0,0,0,0,1,1,0
netty,io/netty/handler/codec/http/multipart/AbstractHttpData,AbstractHttpData,dataset/projects/netty/codec-http/src/main/java/io/netty/handler/codec/http/multipart/AbstractHttpData.java,,1,1,0,0,0,1,0,0,0,0,0,0,0,0,0,0,0,0,0,0,0,0,0,0,0,0,0,0,0,0,0,0,0,0,0
netty,io/netty/handler/codec/http/multipart/AbstractMemoryHttpData,AbstractMemoryHttpData,dataset/projects/netty/codec-http/src/main/java/io/netty/handler/codec/http/multipart/AbstractMemoryHttpData.java,C:/Users/ismak/Documents/GitHub/relation_test_code_smell_ML/dataset/projects/netty/codec-http/src/test/java/io/netty/handler/codec/http/multipart/AbstractMemoryHttpDataTest.java,1,2,1,9,0,1,0,0,0,1,1,1,1,0,1,1,0,0,0,1,0,1,0,0,0,0,0,0,0,0,0,0,1,1,0
netty,io/netty/handler/codec/http/multipart/AbstractMixedHttpData,AbstractMixedHttpData,dataset/projects/netty/codec-http/src/main/java/io/netty/handler/codec/http/multipart/AbstractMixedHttpData.java,,1,1,0,0,0,0,0,0,0,1,0,0,0,0,0,0,0,0,0,0,0,0,0,0,0,0,0,0,0,0,0,0,0,0,0
netty,io/netty/handler/codec/http/multipart/DefaultHttpDataFactory,DefaultHttpDataFactory,dataset/projects/netty/codec-http/src/main/java/io/netty/handler/codec/http/multipart/DefaultHttpDataFactory.java,C:/Users/ismak/Documents/GitHub/relation_test_code_smell_ML/dataset/projects/netty/codec-http/src/test/java/io/netty/handler/codec/http/multipart/DefaultHttpDataFactoryTest.java,1,1,1,7,0,0,0,0,0,1,1,1,1,0,1,0,0,0,0,1,0,0,0,0,0,0,0,0,0,1,0,0,0,1,0
netty,io/netty/handler/codec/http/multipart/DeleteFileOnExitHook,DeleteFileOnExitHook,,C:/Users/ismak/Documents/GitHub/relation_test_code_smell_ML/dataset/projects/netty/codec-http/src/test/java/io/netty/handler/codec/http/multipart/DeleteFileOnExitHookTest.java,0,0,1,8,0,0,0,0,0,0,1,1,1,0,1,0,0,0,0,1,1,0,0,0,0,0,0,0,0,0,0,0,1,1,0
netty,io/netty/handler/codec/http/multipart/DiskAttribute,DiskAttribute,dataset/projects/netty/codec-http/src/main/java/io/netty/handler/codec/http/multipart/DiskAttribute.java,,1,2,0,0,0,0,0,1,0,1,0,0,0,0,0,0,0,0,0,0,0,0,0,0,0,0,0,0,0,0,0,0,0,0,0
netty,io/netty/handler/codec/http/multipart/DiskFileUpload,DiskFileUpload,dataset/projects/netty/codec-http/src/main/java/io/netty/handler/codec/http/multipart/DiskFileUpload.java,C:/Users/ismak/Documents/GitHub/relation_test_code_smell_ML/dataset/projects/netty/codec-http/src/test/java/io/netty/handler/codec/http/multipart/DiskFileUploadTest.java,1,1,1,13,0,0,0,0,0,1,1,1,1,0,1,1,0,0,0,1,0,1,0,1,0,0,0,0,0,1,1,1,1,1,0
netty,io/netty/handler/codec/http/multipart/HttpData,HttpData,dataset/projects/netty/codec-http/src/main/java/io/netty/handler/codec/http/multipart/HttpData.java,C:/Users/ismak/Documents/GitHub/relation_test_code_smell_ML/dataset/projects/netty/codec-http/src/test/java/io/netty/handler/codec/http/multipart/HttpDataTest.java,1,1,1,4,0,0,0,0,0,1,1,1,1,0,0,0,0,0,0,0,0,0,0,0,0,0,0,0,0,0,0,1,0,0,0
netty,io/netty/handler/codec/http/multipart/HttpPostBodyUtil,HttpPostBodyUtil,dataset/projects/netty/codec-http/src/main/java/io/netty/handler/codec/http/multipart/HttpPostBodyUtil.java,,1,1,0,0,0,1,0,0,0,0,0,0,0,0,0,0,0,0,0,0,0,0,0,0,0,0,0,0,0,0,0,0,0,0,0
netty,io/netty/handler/codec/http/multipart/HttpPostMultiPartRequestDecoder,HttpPostMultiPartRequestDecoder,,C:/Users/ismak/Documents/GitHub/relation_test_code_smell_ML/dataset/projects/netty/codec-http/src/test/java/io/netty/handler/codec/http/multipart/HttpPostMultiPartRequestDecoderTest.java,0,0,1,9,0,0,0,0,0,0,1,1,1,0,1,1,0,0,0,1,0,0,0,0,0,0,0,0,0,1,1,0,0,1,0
netty,io/netty/handler/codec/http/multipart/HttpPostMultipartLocaleDecoder,HttpPostMultipartLocaleDecoder,,C:/Users/ismak/Documents/GitHub/relation_test_code_smell_ML/dataset/projects/netty/codec-http/src/test/java/io/netty/handler/codec/http/multipart/HttpPostMultipartLocaleDecoderTest.java,0,0,1,4,0,0,0,0,0,0,1,1,1,0,0,0,0,0,0,0,0,0,0,0,0,0,0,0,0,0,0,1,0,0,0
netty,io/netty/handler/codec/http/multipart/HttpPostMultipartLocaleEncoder,HttpPostMultipartLocaleEncoder,,C:/Users/ismak/Documents/GitHub/relation_test_code_smell_ML/dataset/projects/netty/codec-http/src/test/java/io/netty/handler/codec/http/multipart/HttpPostMultipartLocaleEncoderTest.java,0,0,1,4,0,0,0,0,0,0,1,1,1,0,0,0,0,0,0,0,0,0,0,0,0,0,0,0,0,0,0,1,0,0,0
netty,io/netty/handler/codec/http/multipart/HttpPostMultipartRequestDecoder,HttpPostMultipartRequestDecoder,dataset/projects/netty/codec-http/src/main/java/io/netty/handler/codec/http/multipart/HttpPostMultipartRequestDecoder.java,,1,11,0,0,0,9,0,1,0,1,0,0,0,0,0,0,0,0,0,0,0,0,0,0,0,0,0,0,0,0,0,0,0,0,0
netty,io/netty/handler/codec/http/multipart/HttpPostRequestDecoder,HttpPostRequestDecoder,dataset/projects/netty/codec-http/src/main/java/io/netty/handler/codec/http/multipart/HttpPostRequestDecoder.java,C:/Users/ismak/Documents/GitHub/relation_test_code_smell_ML/dataset/projects/netty/codec-http/src/test/java/io/netty/handler/codec/http/multipart/HttpPostRequestDecoderTest.java,1,1,1,10,0,1,0,0,0,0,1,1,1,0,1,1,0,0,0,1,0,0,0,0,0,0,0,0,0,1,1,1,0,1,0
netty,io/netty/handler/codec/http/multipart/HttpPostRequestEncoder,HttpPostRequestEncoder,dataset/projects/netty/codec-http/src/main/java/io/netty/handler/codec/http/multipart/HttpPostRequestEncoder.java,C:/Users/ismak/Documents/GitHub/relation_test_code_smell_ML/dataset/projects/netty/codec-http/src/test/java/io/netty/handler/codec/http/multipart/HttpPostRequestEncoderTest.java,1,9,1,9,1,5,0,1,0,2,1,1,1,0,1,1,0,0,0,1,0,1,0,0,1,0,0,0,0,0,0,0,1,0,0
netty,io/netty/handler/codec/http/multipart/HttpPostStandardRequestDecoder,HttpPostStandardRequestDecoder,dataset/projects/netty/codec-http/src/main/java/io/netty/handler/codec/http/multipart/HttpPostStandardRequestDecoder.java,C:/Users/ismak/Documents/GitHub/relation_test_code_smell_ML/dataset/projects/netty/codec-http/src/test/java/io/netty/handler/codec/http/multipart/HttpPostStandardRequestDecoderTest.java,1,5,1,4,0,3,0,1,0,1,1,1,1,0,0,0,0,0,0,0,0,0,0,0,0,0,0,0,0,0,0,1,0,0,0
netty,io/netty/handler/codec/http/multipart/InternalAttribute,InternalAttribute,dataset/projects/netty/codec-http/src/main/java/io/netty/handler/codec/http/multipart/InternalAttribute.java,,1,1,0,0,0,0,0,0,0,1,0,0,0,0,0,0,0,0,0,0,0,0,0,0,0,0,0,0,0,0,0,0,0,0,0
netty,io/netty/handler/codec/http/multipart/MemoryAttribute,MemoryAttribute,dataset/projects/netty/codec-http/src/main/java/io/netty/handler/codec/http/multipart/MemoryAttribute.java,,1,1,0,0,0,0,0,0,0,1,0,0,0,0,0,0,0,0,0,0,0,0,0,0,0,0,0,0,0,0,0,0,0,0,0
netty,io/netty/handler/codec/http/multipart/MemoryFileUpload,MemoryFileUpload,dataset/projects/netty/codec-http/src/main/java/io/netty/handler/codec/http/multipart/MemoryFileUpload.java,C:/Users/ismak/Documents/GitHub/relation_test_code_smell_ML/dataset/projects/netty/codec-http/src/test/java/io/netty/handler/codec/http/multipart/MemoryFileUploadTest.java,1,1,1,4,0,0,0,0,0,1,1,1,1,0,0,0,0,0,0,0,0,0,0,1,0,0,0,0,0,0,0,0,0,0,0
netty,io/netty/handler/codec/http/multipart/Mixed,Mixed,,C:/Users/ismak/Documents/GitHub/relation_test_code_smell_ML/dataset/projects/netty/codec-http/src/test/java/io/netty/handler/codec/http/multipart/MixedTest.java,0,0,1,9,0,0,0,0,0,0,1,1,1,0,1,0,0,0,0,1,0,1,0,0,0,0,0,0,0,1,0,0,1,1,0
netty,io/netty/handler/codec/http/websocketx/CloseWebSocketFrame,CloseWebSocketFrame,dataset/projects/netty/codec-http/src/main/java/io/netty/handler/codec/http/websocketx/CloseWebSocketFrame.java,C:/Users/ismak/Documents/GitHub/relation_test_code_smell_ML/dataset/projects/netty/codec-http/src/test/java/io/netty/handler/codec/http/websocketx/CloseWebSocketFrameTest.java,1,1,1,4,0,0,0,0,0,1,1,1,1,0,0,0,0,0,0,0,0,0,0,0,0,0,0,0,0,0,0,1,0,0,0
netty,io/netty/handler/codec/http/websocketx/Utf8FrameValidator,Utf8FrameValidator,dataset/projects/netty/codec-http/src/main/java/io/netty/handler/codec/http/websocketx/Utf8FrameValidator.java,,1,1,0,0,0,1,0,0,0,0,0,0,0,0,0,0,0,0,0,0,0,0,0,0,0,0,0,0,0,0,0,0,0,0,0
netty,io/netty/handler/codec/http/websocketx/WebSocket00FrameEncoder,WebSocket00FrameEncoder,,C:/Users/ismak/Documents/GitHub/relation_test_code_smell_ML/dataset/projects/netty/codec-http/src/test/java/io/netty/handler/codec/http/websocketx/WebSocket00FrameEncoderTest.java,0,0,1,5,0,0,0,0,0,0,1,1,1,0,1,0,0,0,0,0,0,0,0,0,0,0,0,0,0,1,0,0,0,0,0
netty,io/netty/handler/codec/http/websocketx/WebSocket08EncoderDecoder,WebSocket08EncoderDecoder,,C:/Users/ismak/Documents/GitHub/relation_test_code_smell_ML/dataset/projects/netty/codec-http/src/test/java/io/netty/handler/codec/http/websocketx/WebSocket08EncoderDecoderTest.java,0,0,1,7,0,0,0,0,0,0,1,1,1,0,1,0,0,0,0,0,0,0,0,0,0,0,0,0,0,1,1,1,0,0,0
netty,io/netty/handler/codec/http/websocketx/WebSocket08FrameDecoder,WebSocket08FrameDecoder,dataset/projects/netty/codec-http/src/main/java/io/netty/handler/codec/http/websocketx/WebSocket08FrameDecoder.java,C:/Users/ismak/Documents/GitHub/relation_test_code_smell_ML/dataset/projects/netty/codec-http/src/test/java/io/netty/handler/codec/http/websocketx/WebSocket08FrameDecoderTest.java,1,3,1,7,0,2,0,1,0,0,1,1,1,0,1,1,0,0,0,1,0,0,0,0,0,0,0,0,0,0,1,0,0,0,0
netty,io/netty/handler/codec/http/websocketx/WebSocket08FrameEncoder,WebSocket08FrameEncoder,dataset/projects/netty/codec-http/src/main/java/io/netty/handler/codec/http/websocketx/WebSocket08FrameEncoder.java,,1,1,0,0,0,1,0,0,0,0,0,0,0,0,0,0,0,0,0,0,0,0,0,0,0,0,0,0,0,0,0,0,0,0,0
netty,io/netty/handler/codec/http/websocketx/WebSocketClientHandshaker,WebSocketClientHandshaker,dataset/projects/netty/codec-http/src/main/java/io/netty/handler/codec/http/websocketx/WebSocketClientHandshaker.java,C:/Users/ismak/Documents/GitHub/relation_test_code_smell_ML/dataset/projects/netty/codec-http/src/test/java/io/netty/handler/codec/http/websocketx/WebSocketClientHandshakerTest.java,1,6,1,10,1,3,0,1,0,1,1,1,1,0,1,1,0,0,0,1,0,1,0,0,0,0,0,0,0,0,1,1,0,1,0
netty,io/netty/handler/codec/http/websocketx/WebSocketClientHandshaker00,WebSocketClientHandshaker00,,C:/Users/ismak/Documents/GitHub/relation_test_code_smell_ML/dataset/projects/netty/codec-http/src/test/java/io/netty/handler/codec/http/websocketx/WebSocketClientHandshaker00Test.java,0,0,1,3,0,0,0,0,0,0,1,1,1,0,0,0,0,0,0,0,0,0,0,0,0,0,0,0,0,0,0,0,0,0,0
netty,io/netty/handler/codec/http/websocketx/WebSocketClientHandshaker07,WebSocketClientHandshaker07,dataset/projects/netty/codec-http/src/main/java/io/netty/handler/codec/http/websocketx/WebSocketClientHandshaker07.java,C:/Users/ismak/Documents/GitHub/relation_test_code_smell_ML/dataset/projects/netty/codec-http/src/test/java/io/netty/handler/codec/http/websocketx/WebSocketClientHandshaker07Test.java,1,2,1,4,0,1,1,0,0,0,1,1,1,0,1,0,0,0,0,0,0,0,0,0,0,0,0,0,0,0,0,0,0,0,0
netty,io/netty/handler/codec/http/websocketx/WebSocketClientHandshaker08,WebSocketClientHandshaker08,dataset/projects/netty/codec-http/src/main/java/io/netty/handler/codec/http/websocketx/WebSocketClientHandshaker08.java,C:/Users/ismak/Documents/GitHub/relation_test_code_smell_ML/dataset/projects/netty/codec-http/src/test/java/io/netty/handler/codec/http/websocketx/WebSocketClientHandshaker08Test.java,1,2,1,3,0,1,1,0,0,0,1,1,1,0,0,0,0,0,0,0,0,0,0,0,0,0,0,0,0,0,0,0,0,0,0
netty,io/netty/handler/codec/http/websocketx/WebSocketClientHandshaker13,WebSocketClientHandshaker13,dataset/projects/netty/codec-http/src/main/java/io/netty/handler/codec/http/websocketx/WebSocketClientHandshaker13.java,C:/Users/ismak/Documents/GitHub/relation_test_code_smell_ML/dataset/projects/netty/codec-http/src/test/java/io/netty/handler/codec/http/websocketx/WebSocketClientHandshaker13Test.java,1,2,1,3,0,1,1,0,0,0,1,1,1,0,0,0,0,0,0,0,0,0,0,0,0,0,0,0,0,0,0,0,0,0,0
netty,io/netty/handler/codec/http/websocketx/WebSocketClientHandshakerFactory,WebSocketClientHandshakerFactory,dataset/projects/netty/codec-http/src/main/java/io/netty/handler/codec/http/websocketx/WebSocketClientHandshakerFactory.java,,1,1,0,0,0,0,1,0,0,0,0,0,0,0,0,0,0,0,0,0,0,0,0,0,0,0,0,0,0,0,0,0,0,0,0
netty,io/netty/handler/codec/http/websocketx/WebSocketClientProtocolConfig,WebSocketClientProtocolConfig,dataset/projects/netty/codec-http/src/main/java/io/netty/handler/codec/http/websocketx/WebSocketClientProtocolConfig.java,,1,3,0,0,0,0,0,0,1,2,0,0,0,0,0,0,0,0,0,0,0,0,0,0,0,0,0,0,0,0,0,0,0,0,0
netty,io/netty/handler/codec/http/websocketx/WebSocketCloseStatus,WebSocketCloseStatus,dataset/projects/netty/codec-http/src/main/java/io/netty/handler/codec/http/websocketx/WebSocketCloseStatus.java,C:/Users/ismak/Documents/GitHub/relation_test_code_smell_ML/dataset/projects/netty/codec-http/src/test/java/io/netty/handler/codec/http/websocketx/WebSocketCloseStatusTest.java,1,1,1,8,0,1,0,0,0,0,1,1,1,0,1,1,0,0,0,0,0,0,0,0,1,0,0,0,0,1,0,0,0,1,0
netty,io/netty/handler/codec/http/websocketx/WebSocketFrameAggregator,WebSocketFrameAggregator,,C:/Users/ismak/Documents/GitHub/relation_test_code_smell_ML/dataset/projects/netty/codec-http/src/test/java/io/netty/handler/codec/http/websocketx/WebSocketFrameAggregatorTest.java,0,0,1,8,0,0,0,0,0,0,1,1,1,0,1,1,0,0,0,1,0,0,0,0,0,0,0,0,0,1,0,0,0,1,0
netty,io/netty/handler/codec/http/websocketx/WebSocketHandshakeException,WebSocketHandshakeException,,C:/Users/ismak/Documents/GitHub/relation_test_code_smell_ML/dataset/projects/netty/codec-http/src/test/java/io/netty/handler/codec/http/websocketx/WebSocketHandshakeExceptionTest.java,0,0,1,5,0,0,0,0,0,0,1,1,1,0,1,0,0,0,0,0,0,1,0,0,0,0,0,0,0,0,0,0,0,0,0
netty,io/netty/handler/codec/http/websocketx/WebSocketHandshakeHandOver,WebSocketHandshakeHandOver,,C:/Users/ismak/Documents/GitHub/relation_test_code_smell_ML/dataset/projects/netty/codec-http/src/test/java/io/netty/handler/codec/http/websocketx/WebSocketHandshakeHandOverTest.java,0,0,1,9,0,0,0,0,0,0,1,1,1,0,1,1,0,0,0,1,1,0,0,0,0,0,1,0,0,0,0,0,0,1,0
netty,io/netty/handler/codec/http/websocketx/WebSocketProtocolHandler,WebSocketProtocolHandler,dataset/projects/netty/codec-http/src/main/java/io/netty/handler/codec/http/websocketx/WebSocketProtocolHandler.java,C:/Users/ismak/Documents/GitHub/relation_test_code_smell_ML/dataset/projects/netty/codec-http/src/test/java/io/netty/handler/codec/http/websocketx/WebSocketProtocolHandlerTest.java,1,1,1,8,0,0,0,0,0,1,1,1,1,0,1,0,0,0,0,1,0,0,0,0,1,0,1,0,0,1,0,0,0,0,0
netty,io/netty/handler/codec/http/websocketx/WebSocketServerHandshaker,WebSocketServerHandshaker,dataset/projects/netty/codec-http/src/main/java/io/netty/handler/codec/http/websocketx/WebSocketServerHandshaker.java,C:/Users/ismak/Documents/GitHub/relation_test_code_smell_ML/dataset/projects/netty/codec-http/src/test/java/io/netty/handler/codec/http/websocketx/WebSocketServerHandshakerTest.java,1,1,1,10,0,0,0,0,0,1,1,1,1,0,1,1,0,0,0,1,0,1,0,0,1,0,0,0,0,1,0,0,0,1,0
netty,io/netty/handler/codec/http/websocketx/WebSocketServerHandshaker00,WebSocketServerHandshaker00,dataset/projects/netty/codec-http/src/main/java/io/netty/handler/codec/http/websocketx/WebSocketServerHandshaker00.java,C:/Users/ismak/Documents/GitHub/relation_test_code_smell_ML/dataset/projects/netty/codec-http/src/test/java/io/netty/handler/codec/http/websocketx/WebSocketServerHandshaker00Test.java,1,1,1,7,0,1,0,0,0,0,1,1,1,0,1,0,0,0,0,1,0,0,0,0,0,0,0,0,0,0,1,1,0,0,0
netty,io/netty/handler/codec/http/websocketx/WebSocketServerHandshaker07,WebSocketServerHandshaker07,dataset/projects/netty/codec-http/src/main/java/io/netty/handler/codec/http/websocketx/WebSocketServerHandshaker07.java,C:/Users/ismak/Documents/GitHub/relation_test_code_smell_ML/dataset/projects/netty/codec-http/src/test/java/io/netty/handler/codec/http/websocketx/WebSocketServerHandshaker07Test.java,1,1,1,3,0,1,0,0,0,0,1,1,1,0,0,0,0,0,0,0,0,0,0,0,0,0,0,0,0,0,0,0,0,0,0
netty,io/netty/handler/codec/http/websocketx/WebSocketServerHandshaker08,WebSocketServerHandshaker08,dataset/projects/netty/codec-http/src/main/java/io/netty/handler/codec/http/websocketx/WebSocketServerHandshaker08.java,C:/Users/ismak/Documents/GitHub/relation_test_code_smell_ML/dataset/projects/netty/codec-http/src/test/java/io/netty/handler/codec/http/websocketx/WebSocketServerHandshaker08Test.java,1,1,1,5,0,1,0,0,0,0,1,1,1,0,0,0,0,0,0,0,0,0,0,0,0,0,0,0,0,0,1,1,0,0,0
netty,io/netty/handler/codec/http/websocketx/WebSocketServerHandshaker13,WebSocketServerHandshaker13,dataset/projects/netty/codec-http/src/main/java/io/netty/handler/codec/http/websocketx/WebSocketServerHandshaker13.java,C:/Users/ismak/Documents/GitHub/relation_test_code_smell_ML/dataset/projects/netty/codec-http/src/test/java/io/netty/handler/codec/http/websocketx/WebSocketServerHandshaker13Test.java,1,1,1,6,0,1,0,0,0,0,1,1,1,0,1,0,0,0,0,0,0,0,0,0,0,0,0,0,0,0,1,1,0,0,0
netty,io/netty/handler/codec/http/websocketx/WebSocketServerHandshakerFactory,WebSocketServerHandshakerFactory,,C:/Users/ismak/Documents/GitHub/relation_test_code_smell_ML/dataset/projects/netty/codec-http/src/test/java/io/netty/handler/codec/http/websocketx/WebSocketServerHandshakerFactoryTest.java,0,0,1,7,0,0,0,0,0,0,1,1,1,0,1,1,0,0,0,1,0,0,0,0,0,0,0,0,0,0,0,0,0,1,0
netty,io/netty/handler/codec/http/websocketx/WebSocketServerProtocolConfig,WebSocketServerProtocolConfig,dataset/projects/netty/codec-http/src/main/java/io/netty/handler/codec/http/websocketx/WebSocketServerProtocolConfig.java,,1,2,0,0,0,0,0,0,0,2,0,0,0,0,0,0,0,0,0,0,0,0,0,0,0,0,0,0,0,0,0,0,0,0,0
netty,io/netty/handler/codec/http/websocketx/WebSocketServerProtocolHandler,WebSocketServerProtocolHandler,,C:/Users/ismak/Documents/GitHub/relation_test_code_smell_ML/dataset/projects/netty/codec-http/src/test/java/io/netty/handler/codec/http/websocketx/WebSocketServerProtocolHandlerTest.java,0,0,1,9,0,0,0,0,0,0,1,1,1,0,1,1,0,0,0,1,0,0,0,0,0,0,0,0,0,1,1,1,0,0,0
netty,io/netty/handler/codec/http/websocketx/WebSocketUtf8FrameValidator,WebSocketUtf8FrameValidator,,C:/Users/ismak/Documents/GitHub/relation_test_code_smell_ML/dataset/projects/netty/codec-http/src/test/java/io/netty/handler/codec/http/websocketx/WebSocketUtf8FrameValidatorTest.java,0,0,1,4,0,0,0,0,0,0,1,1,1,0,0,0,0,0,0,0,0,0,0,0,0,0,0,0,0,0,0,1,0,0,0
netty,io/netty/handler/codec/http/websocketx/WebSocketUtil,WebSocketUtil,,C:/Users/ismak/Documents/GitHub/relation_test_code_smell_ML/dataset/projects/netty/codec-http/src/test/java/io/netty/handler/codec/http/websocketx/WebSocketUtilTest.java,0,0,1,5,0,0,0,0,0,0,1,1,1,0,1,1,0,0,0,0,0,0,0,0,0,0,0,0,0,0,0,0,0,0,0
netty,io/netty/handler/codec/http/websocketx/extensions/WebSocketClientExtensionHandler,WebSocketClientExtensionHandler,dataset/projects/netty/codec-http/src/main/java/io/netty/handler/codec/http/websocketx/extensions/WebSocketClientExtensionHandler.java,C:/Users/ismak/Documents/GitHub/relation_test_code_smell_ML/dataset/projects/netty/codec-http/src/test/java/io/netty/handler/codec/http/websocketx/extensions/WebSocketClientExtensionHandlerTest.java,1,1,1,7,0,1,0,0,0,0,1,1,1,0,1,0,0,0,0,1,0,1,0,0,0,0,0,0,0,0,0,0,0,1,0
netty,io/netty/handler/codec/http/websocketx/extensions/WebSocketExtensionFilter,WebSocketExtensionFilter,,C:/Users/ismak/Documents/GitHub/relation_test_code_smell_ML/dataset/projects/netty/codec-http/src/test/java/io/netty/handler/codec/http/websocketx/extensions/WebSocketExtensionFilterTest.java,0,0,1,4,0,0,0,0,0,0,1,1,1,0,1,0,0,0,0,0,0,0,0,0,0,0,0,0,0,0,0,0,0,0,0
netty,io/netty/handler/codec/http/websocketx/extensions/WebSocketExtensionFilterProvider,WebSocketExtensionFilterProvider,,C:/Users/ismak/Documents/GitHub/relation_test_code_smell_ML/dataset/projects/netty/codec-http/src/test/java/io/netty/handler/codec/http/websocketx/extensions/WebSocketExtensionFilterProviderTest.java,0,0,1,4,0,0,0,0,0,0,1,1,1,0,1,0,0,0,0,0,0,0,0,0,0,0,0,0,0,0,0,0,0,0,0
netty,io/netty/handler/codec/http/websocketx/extensions/WebSocketExtensionUtil,WebSocketExtensionUtil,dataset/projects/netty/codec-http/src/main/java/io/netty/handler/codec/http/websocketx/extensions/WebSocketExtensionUtil.java,C:/Users/ismak/Documents/GitHub/relation_test_code_smell_ML/dataset/projects/netty/codec-http/src/test/java/io/netty/handler/codec/http/websocketx/extensions/WebSocketExtensionUtilTest.java,1,1,1,5,0,1,0,0,0,0,1,1,1,0,1,0,0,0,0,0,0,0,0,0,0,0,0,0,0,1,0,0,0,0,0
netty,io/netty/handler/codec/http/websocketx/extensions/WebSocketServerExtensionHandler,WebSocketServerExtensionHandler,dataset/projects/netty/codec-http/src/main/java/io/netty/handler/codec/http/websocketx/extensions/WebSocketServerExtensionHandler.java,C:/Users/ismak/Documents/GitHub/relation_test_code_smell_ML/dataset/projects/netty/codec-http/src/test/java/io/netty/handler/codec/http/websocketx/extensions/WebSocketServerExtensionHandlerTest.java,1,1,1,7,0,1,0,0,0,0,1,1,1,0,1,0,0,0,0,0,0,1,0,0,0,0,0,0,0,1,0,0,0,1,0
netty,io/netty/handler/codec/http/websocketx/extensions/compression/DeflateDecoder,DeflateDecoder,dataset/projects/netty/codec-http/src/main/java/io/netty/handler/codec/http/websocketx/extensions/compression/DeflateDecoder.java,,1,1,0,0,0,1,0,0,0,0,0,0,0,0,0,0,0,0,0,0,0,0,0,0,0,0,0,0,0,0,0,0,0,0,0
netty,io/netty/handler/codec/http/websocketx/extensions/compression/DeflateEncoder,DeflateEncoder,dataset/projects/netty/codec-http/src/main/java/io/netty/handler/codec/http/websocketx/extensions/compression/DeflateEncoder.java,,1,1,0,0,0,1,0,0,0,0,0,0,0,0,0,0,0,0,0,0,0,0,0,0,0,0,0,0,0,0,0,0,0,0,0
netty,io/netty/handler/codec/http/websocketx/extensions/compression/DeflateFrameClientExtensionHandshaker,DeflateFrameClientExtensionHandshaker,,C:/Users/ismak/Documents/GitHub/relation_test_code_smell_ML/dataset/projects/netty/codec-http/src/test/java/io/netty/handler/codec/http/websocketx/extensions/compression/DeflateFrameClientExtensionHandshakerTest.java,0,0,1,4,0,0,0,0,0,0,1,1,1,0,1,0,0,0,0,0,0,0,0,0,0,0,0,0,0,0,0,0,0,0,0
netty,io/netty/handler/codec/http/websocketx/extensions/compression/DeflateFrameServerExtensionHandshaker,DeflateFrameServerExtensionHandshaker,,C:/Users/ismak/Documents/GitHub/relation_test_code_smell_ML/dataset/projects/netty/codec-http/src/test/java/io/netty/handler/codec/http/websocketx/extensions/compression/DeflateFrameServerExtensionHandshakerTest.java,0,0,1,4,0,0,0,0,0,0,1,1,1,0,1,0,0,0,0,0,0,0,0,0,0,0,0,0,0,0,0,0,0,0,0
netty,io/netty/handler/codec/http/websocketx/extensions/compression/PerFrameDeflateDecoder,PerFrameDeflateDecoder,,C:/Users/ismak/Documents/GitHub/relation_test_code_smell_ML/dataset/projects/netty/codec-http/src/test/java/io/netty/handler/codec/http/websocketx/extensions/compression/PerFrameDeflateDecoderTest.java,0,0,1,5,0,0,0,0,0,0,1,1,1,0,1,0,0,0,0,0,0,0,0,0,0,0,0,0,0,0,0,0,0,1,0
netty,io/netty/handler/codec/http/websocketx/extensions/compression/PerFrameDeflateEncoder,PerFrameDeflateEncoder,,C:/Users/ismak/Documents/GitHub/relation_test_code_smell_ML/dataset/projects/netty/codec-http/src/test/java/io/netty/handler/codec/http/websocketx/extensions/compression/PerFrameDeflateEncoderTest.java,0,0,1,6,0,0,0,0,0,0,1,1,1,0,1,0,0,0,0,0,0,0,0,0,0,0,0,0,0,1,0,0,0,1,0
netty,io/netty/handler/codec/http/websocketx/extensions/compression/PerMessageDeflateClientExtensionHandshaker,PerMessageDeflateClientExtensionHandshaker,dataset/projects/netty/codec-http/src/main/java/io/netty/handler/codec/http/websocketx/extensions/compression/PerMessageDeflateClientExtensionHandshaker.java,C:/Users/ismak/Documents/GitHub/relation_test_code_smell_ML/dataset/projects/netty/codec-http/src/test/java/io/netty/handler/codec/http/websocketx/extensions/compression/PerMessageDeflateClientExtensionHandshakerTest.java,1,1,1,6,0,1,0,0,0,0,1,1,1,0,1,1,0,0,0,0,0,0,0,0,0,0,0,0,0,1,0,0,0,0,0
netty,io/netty/handler/codec/http/websocketx/extensions/compression/PerMessageDeflateDecoder,PerMessageDeflateDecoder,,C:/Users/ismak/Documents/GitHub/relation_test_code_smell_ML/dataset/projects/netty/codec-http/src/test/java/io/netty/handler/codec/http/websocketx/extensions/compression/PerMessageDeflateDecoderTest.java,0,0,1,5,0,0,0,0,0,0,1,1,1,0,1,0,0,0,0,0,0,0,0,0,0,0,0,0,0,0,0,0,0,1,0
netty,io/netty/handler/codec/http/websocketx/extensions/compression/PerMessageDeflateEncoder,PerMessageDeflateEncoder,,C:/Users/ismak/Documents/GitHub/relation_test_code_smell_ML/dataset/projects/netty/codec-http/src/test/java/io/netty/handler/codec/http/websocketx/extensions/compression/PerMessageDeflateEncoderTest.java,0,0,1,6,0,0,0,0,0,0,1,1,1,0,1,0,0,0,0,0,0,0,0,0,1,0,0,0,0,0,0,0,0,1,0
netty,io/netty/handler/codec/http/websocketx/extensions/compression/PerMessageDeflateServerExtensionHandshaker,PerMessageDeflateServerExtensionHandshaker,dataset/projects/netty/codec-http/src/main/java/io/netty/handler/codec/http/websocketx/extensions/compression/PerMessageDeflateServerExtensionHandshaker.java,C:/Users/ismak/Documents/GitHub/relation_test_code_smell_ML/dataset/projects/netty/codec-http/src/test/java/io/netty/handler/codec/http/websocketx/extensions/compression/PerMessageDeflateServerExtensionHandshakerTest.java,1,1,1,6,0,1,0,0,0,0,1,1,1,0,1,0,0,0,0,0,0,0,0,0,0,0,0,0,0,1,0,0,0,1,0
netty,io/netty/handler/codec/http/websocketx/extensions/compression/WebSocketServerCompressionHandler,WebSocketServerCompressionHandler,,C:/Users/ismak/Documents/GitHub/relation_test_code_smell_ML/dataset/projects/netty/codec-http/src/test/java/io/netty/handler/codec/http/websocketx/extensions/compression/WebSocketServerCompressionHandlerTest.java,0,0,1,5,0,0,0,0,0,0,1,1,1,0,1,0,0,0,0,0,0,1,0,0,0,0,0,0,0,0,0,0,0,0,0
netty,io/netty/handler/codec/http2/AbstractDecoratingHttp2ConnectionDecoder,AbstractDecoratingHttp2ConnectionDecoder,,C:/Users/ismak/Documents/GitHub/relation_test_code_smell_ML/dataset/projects/netty/codec-http2/src/test/java/io/netty/handler/codec/http2/AbstractDecoratingHttp2ConnectionDecoderTest.java,0,0,1,3,0,0,0,0,0,0,1,1,1,0,0,0,0,0,0,0,0,0,0,0,0,0,0,0,0,0,0,0,0,0,0
netty,io/netty/handler/codec/http2/AbstractHttp2ConnectionHandlerBuilder,AbstractHttp2ConnectionHandlerBuilder,dataset/projects/netty/codec-http2/src/main/java/io/netty/handler/codec/http2/AbstractHttp2ConnectionHandlerBuilder.java,,1,4,0,0,0,2,0,0,1,1,0,0,0,0,0,0,0,0,0,0,0,0,0,0,0,0,0,0,0,0,0,0,0,0,0
netty,io/netty/handler/codec/http2/AbstractHttp2StreamChannel,AbstractHttp2StreamChannel,dataset/projects/netty/codec-http2/src/main/java/io/netty/handler/codec/http2/AbstractHttp2StreamChannel.java,,1,10,0,0,1,5,0,2,0,2,0,0,0,0,0,0,0,0,0,0,0,0,0,0,0,0,0,0,0,0,0,0,0,0,0
netty,io/netty/handler/codec/http2/AbstractWeightedFairQueueByteDistributorDependency,AbstractWeightedFairQueueByteDistributorDependency,,C:/Users/ismak/Documents/GitHub/relation_test_code_smell_ML/dataset/projects/netty/codec-http2/src/test/java/io/netty/handler/codec/http2/AbstractWeightedFairQueueByteDistributorDependencyTest.java,0,0,1,3,0,0,0,0,0,0,1,1,1,0,0,0,0,0,0,0,0,0,0,0,0,0,0,0,0,0,0,0,0,0,0
netty,io/netty/handler/codec/http2/ChannelInitializer,ChannelInitializer,,C:/Users/ismak/Documents/GitHub/relation_test_code_smell_ML/dataset/projects/netty/codec-http2/src/test/java/io/netty/handler/codec/http2/TestChannelInitializer.java,0,0,1,3,0,0,0,0,0,0,1,1,1,0,0,0,0,0,0,0,0,0,0,0,0,0,0,0,0,0,0,0,0,0,0
netty,io/netty/handler/codec/http2/CleartextHttp2ServerUpgradeHandler,CleartextHttp2ServerUpgradeHandler,,C:/Users/ismak/Documents/GitHub/relation_test_code_smell_ML/dataset/projects/netty/codec-http2/src/test/java/io/netty/handler/codec/http2/CleartextHttp2ServerUpgradeHandlerTest.java,0,0,1,7,0,0,0,0,0,0,1,1,1,0,1,0,0,0,0,1,0,0,0,0,0,0,0,0,0,0,1,0,0,1,0
netty,io/netty/handler/codec/http2/CompressorHttp2ConnectionEncoder,CompressorHttp2ConnectionEncoder,dataset/projects/netty/codec-http2/src/main/java/io/netty/handler/codec/http2/CompressorHttp2ConnectionEncoder.java,,1,3,0,0,0,2,0,1,0,0,0,0,0,0,0,0,0,0,0,0,0,0,0,0,0,0,0,0,0,0,0,0,0,0,0
netty,io/netty/handler/codec/http2/DataCompressionHttp2,DataCompressionHttp2,,C:/Users/ismak/Documents/GitHub/relation_test_code_smell_ML/dataset/projects/netty/codec-http2/src/test/java/io/netty/handler/codec/http2/DataCompressionHttp2Test.java,0,0,1,4,0,0,0,0,0,0,1,1,1,0,0,0,0,0,0,0,0,0,0,0,0,0,0,0,0,0,0,1,0,0,0
netty,io/netty/handler/codec/http2/DecoratingHttp2ConnectionEncoder,DecoratingHttp2ConnectionEncoder,,C:/Users/ismak/Documents/GitHub/relation_test_code_smell_ML/dataset/projects/netty/codec-http2/src/test/java/io/netty/handler/codec/http2/DecoratingHttp2ConnectionEncoderTest.java,0,0,1,4,0,0,0,0,0,0,1,1,1,0,0,0,0,0,0,0,0,0,0,0,0,0,0,0,0,0,1,0,0,0,0
netty,io/netty/handler/codec/http2/DecoratingHttp2FrameWriter,DecoratingHttp2FrameWriter,dataset/projects/netty/codec-http2/src/main/java/io/netty/handler/codec/http2/DecoratingHttp2FrameWriter.java,,1,1,0,0,0,0,0,0,0,1,0,0,0,0,0,0,0,0,0,0,0,0,0,0,0,0,0,0,0,0,0,0,0,0,0
netty,io/netty/handler/codec/http2/DefaultHttp2Connection,DefaultHttp2Connection,dataset/projects/netty/codec-http2/src/main/java/io/netty/handler/codec/http2/DefaultHttp2Connection.java,C:/Users/ismak/Documents/GitHub/relation_test_code_smell_ML/dataset/projects/netty/codec-http2/src/test/java/io/netty/handler/codec/http2/DefaultHttp2ConnectionTest.java,1,8,1,10,1,3,0,1,0,3,1,1,1,0,1,1,0,0,0,1,0,0,0,0,0,0,0,0,0,1,1,1,0,1,0
netty,io/netty/handler/codec/http2/DefaultHttp2ConnectionDecoder,DefaultHttp2ConnectionDecoder,dataset/projects/netty/codec-http2/src/main/java/io/netty/handler/codec/http2/DefaultHttp2ConnectionDecoder.java,C:/Users/ismak/Documents/GitHub/relation_test_code_smell_ML/dataset/projects/netty/codec-http2/src/test/java/io/netty/handler/codec/http2/DefaultHttp2ConnectionDecoderTest.java,1,11,1,6,1,6,0,1,0,3,1,1,1,0,0,0,0,0,0,1,0,0,0,0,0,0,0,0,0,0,1,0,0,1,0
netty,io/netty/handler/codec/http2/DefaultHttp2ConnectionEncoder,DefaultHttp2ConnectionEncoder,dataset/projects/netty/codec-http2/src/main/java/io/netty/handler/codec/http2/DefaultHttp2ConnectionEncoder.java,C:/Users/ismak/Documents/GitHub/relation_test_code_smell_ML/dataset/projects/netty/codec-http2/src/test/java/io/netty/handler/codec/http2/DefaultHttp2ConnectionEncoderTest.java,1,5,1,9,0,2,1,1,0,1,1,1,1,0,1,0,0,0,0,1,0,0,0,0,1,0,0,0,0,1,1,0,0,1,0
netty,io/netty/handler/codec/http2/DefaultHttp2DataFrame,DefaultHttp2DataFrame,dataset/projects/netty/codec-http2/src/main/java/io/netty/handler/codec/http2/DefaultHttp2DataFrame.java,,1,1,0,0,0,0,0,0,0,1,0,0,0,0,0,0,0,0,0,0,0,0,0,0,0,0,0,0,0,0,0,0,0,0,0
netty,io/netty/handler/codec/http2/DefaultHttp2FrameReader,DefaultHttp2FrameReader,dataset/projects/netty/codec-http2/src/main/java/io/netty/handler/codec/http2/DefaultHttp2FrameReader.java,C:/Users/ismak/Documents/GitHub/relation_test_code_smell_ML/dataset/projects/netty/codec-http2/src/test/java/io/netty/handler/codec/http2/DefaultHttp2FrameReaderTest.java,1,5,1,7,0,4,0,0,0,1,1,1,1,0,1,0,0,0,0,1,1,0,0,0,0,0,0,0,0,0,1,0,0,0,0
netty,io/netty/handler/codec/http2/DefaultHttp2FrameWriter,DefaultHttp2FrameWriter,dataset/projects/netty/codec-http2/src/main/java/io/netty/handler/codec/http2/DefaultHttp2FrameWriter.java,C:/Users/ismak/Documents/GitHub/relation_test_code_smell_ML/dataset/projects/netty/codec-http2/src/test/java/io/netty/handler/codec/http2/DefaultHttp2FrameWriterTest.java,1,4,1,8,0,2,0,1,0,1,1,1,1,0,1,0,0,0,0,1,1,0,0,0,0,0,0,0,0,1,0,0,0,1,0
netty,io/netty/handler/codec/http2/DefaultHttp2GoAwayFrame,DefaultHttp2GoAwayFrame,dataset/projects/netty/codec-http2/src/main/java/io/netty/handler/codec/http2/DefaultHttp2GoAwayFrame.java,,1,1,0,0,0,0,0,0,0,1,0,0,0,0,0,0,0,0,0,0,0,0,0,0,0,0,0,0,0,0,0,0,0,0,0
netty,io/netty/handler/codec/http2/DefaultHttp2Headers,DefaultHttp2Headers,dataset/projects/netty/codec-http2/src/main/java/io/netty/handler/codec/http2/DefaultHttp2Headers.java,C:/Users/ismak/Documents/GitHub/relation_test_code_smell_ML/dataset/projects/netty/codec-http2/src/test/java/io/netty/handler/codec/http2/DefaultHttp2HeadersTest.java,1,2,1,8,0,1,0,0,0,1,1,1,1,0,1,1,0,0,0,0,0,0,0,0,0,0,0,0,0,1,1,0,0,1,0
netty,io/netty/handler/codec/http2/DefaultHttp2HeadersDecoder,DefaultHttp2HeadersDecoder,dataset/projects/netty/codec-http2/src/main/java/io/netty/handler/codec/http2/DefaultHttp2HeadersDecoder.java,C:/Users/ismak/Documents/GitHub/relation_test_code_smell_ML/dataset/projects/netty/codec-http2/src/test/java/io/netty/handler/codec/http2/DefaultHttp2HeadersDecoderTest.java,1,1,1,8,0,0,0,0,0,1,1,1,1,0,1,0,0,0,0,1,0,0,0,0,1,0,0,0,0,0,1,0,0,1,0
netty,io/netty/handler/codec/http2/DefaultHttp2HeadersEncoder,DefaultHttp2HeadersEncoder,,C:/Users/ismak/Documents/GitHub/relation_test_code_smell_ML/dataset/projects/netty/codec-http2/src/test/java/io/netty/handler/codec/http2/DefaultHttp2HeadersEncoderTest.java,0,0,1,4,0,0,0,0,0,0,1,1,1,0,0,0,0,0,0,1,0,0,0,0,0,0,0,0,0,0,0,0,0,0,0
netty,io/netty/handler/codec/http2/DefaultHttp2LocalFlowController,DefaultHttp2LocalFlowController,dataset/projects/netty/codec-http2/src/main/java/io/netty/handler/codec/http2/DefaultHttp2LocalFlowController.java,C:/Users/ismak/Documents/GitHub/relation_test_code_smell_ML/dataset/projects/netty/codec-http2/src/test/java/io/netty/handler/codec/http2/DefaultHttp2LocalFlowControllerTest.java,1,3,1,9,0,0,0,0,0,3,1,1,1,0,1,0,0,0,0,1,0,0,0,0,0,0,0,0,0,1,1,1,0,1,0
netty,io/netty/handler/codec/http2/DefaultHttp2PushPromiseFrame,DefaultHttp2PushPromiseFrame,,C:/Users/ismak/Documents/GitHub/relation_test_code_smell_ML/dataset/projects/netty/codec-http2/src/test/java/io/netty/handler/codec/http2/DefaultHttp2PushPromiseFrameTest.java,0,0,1,5,0,0,0,0,0,0,1,1,1,0,0,0,0,0,0,1,0,0,0,0,0,0,0,0,0,0,1,0,0,0,0
netty,io/netty/handler/codec/http2/DefaultHttp2RemoteFlowController,DefaultHttp2RemoteFlowController,dataset/projects/netty/codec-http2/src/main/java/io/netty/handler/codec/http2/DefaultHttp2RemoteFlowController.java,C:/Users/ismak/Documents/GitHub/relation_test_code_smell_ML/dataset/projects/netty/codec-http2/src/test/java/io/netty/handler/codec/http2/DefaultHttp2RemoteFlowControllerTest.java,1,3,1,7,0,0,0,0,0,3,1,1,1,0,1,0,0,0,0,1,0,0,0,0,0,0,0,0,0,1,0,0,0,1,0
netty,io/netty/handler/codec/http2/DefaultHttp2UnknownFrame,DefaultHttp2UnknownFrame,dataset/projects/netty/codec-http2/src/main/java/io/netty/handler/codec/http2/DefaultHttp2UnknownFrame.java,,1,1,0,0,0,0,0,0,0,1,0,0,0,0,0,0,0,0,0,0,0,0,0,0,0,0,0,0,0,0,0,0,0,0,0
netty,io/netty/handler/codec/http2/DelegatingDecompressorFrameListener,DelegatingDecompressorFrameListener,dataset/projects/netty/codec-http2/src/main/java/io/netty/handler/codec/http2/DelegatingDecompressorFrameListener.java,,1,1,0,0,0,1,0,0,0,0,0,0,0,0,0,0,0,0,0,0,0,0,0,0,0,0,0,0,0,0,0,0,0,0,0
netty,io/netty/handler/codec/http2/EmptyHttp2Headers,EmptyHttp2Headers,dataset/projects/netty/codec-http2/src/main/java/io/netty/handler/codec/http2/EmptyHttp2Headers.java,,1,1,0,0,0,0,0,0,0,1,0,0,0,0,0,0,0,0,0,0,0,0,0,0,0,0,0,0,0,0,0,0,0,0,0
netty,io/netty/handler/codec/http2/H2Preface,H2Preface,,C:/Users/ismak/Documents/GitHub/relation_test_code_smell_ML/dataset/projects/netty/codec-http2/src/test/java/io/netty/handler/codec/http2/H2PrefaceTest.java,0,0,1,3,0,0,0,0,0,0,1,1,1,0,0,0,0,0,0,0,0,0,0,0,0,0,0,0,0,0,0,0,0,0,0
netty,io/netty/handler/codec/http2/HashCollision,HashCollision,,C:/Users/ismak/Documents/GitHub/relation_test_code_smell_ML/dataset/projects/netty/codec-http2/src/test/java/io/netty/handler/codec/http2/HashCollisionTest.java,0,0,1,4,0,0,0,0,0,0,1,1,1,0,0,0,1,0,0,0,0,0,0,0,0,0,0,0,0,0,0,0,0,0,0
netty,io/netty/handler/codec/http2/HeaderListener,HeaderListener,,C:/Users/ismak/Documents/GitHub/relation_test_code_smell_ML/dataset/projects/netty/codec-http2/src/test/java/io/netty/handler/codec/http2/TestHeaderListener.java,0,0,1,4,0,0,0,0,0,0,1,1,1,0,0,0,1,0,0,0,0,0,0,0,0,0,0,0,0,0,0,0,0,0,0
netty,io/netty/handler/codec/http2/Hpack,Hpack,,C:/Users/ismak/Documents/GitHub/relation_test_code_smell_ML/dataset/projects/netty/codec-http2/src/test/java/io/netty/handler/codec/http2/HpackTest.java,0,0,1,5,0,0,0,0,0,0,1,1,1,0,0,0,0,0,0,1,0,0,0,0,0,0,0,0,0,0,1,0,0,0,0
netty,io/netty/handler/codec/http2/HpackDecoder,HpackDecoder,dataset/projects/netty/codec-http2/src/main/java/io/netty/handler/codec/http2/HpackDecoder.java,C:/Users/ismak/Documents/GitHub/relation_test_code_smell_ML/dataset/projects/netty/codec-http2/src/test/java/io/netty/handler/codec/http2/HpackDecoderTest.java,1,5,1,10,0,3,0,1,0,1,1,1,1,0,1,1,0,0,0,1,1,0,0,0,1,0,0,0,0,0,1,0,0,1,0
netty,io/netty/handler/codec/http2/HpackDecoderULE128Benchmark,HpackDecoderULE128Benchmark,dataset/projects/netty/microbench/src/main/java/io/netty/handler/codec/http2/HpackDecoderULE128Benchmark.java,,1,1,0,0,0,1,0,0,0,0,0,0,0,0,0,0,0,0,0,0,0,0,0,0,0,0,0,0,0,0,0,0,0,0,0
netty,io/netty/handler/codec/http2/HpackDynamicTable,HpackDynamicTable,dataset/projects/netty/codec-http2/src/main/java/io/netty/handler/codec/http2/HpackDynamicTable.java,C:/Users/ismak/Documents/GitHub/relation_test_code_smell_ML/dataset/projects/netty/codec-http2/src/test/java/io/netty/handler/codec/http2/HpackDynamicTableTest.java,1,1,1,6,0,1,0,0,0,0,1,1,1,0,1,0,0,0,0,0,0,0,0,0,0,0,0,0,0,1,0,0,0,1,0
netty,io/netty/handler/codec/http2/HpackEncoder,HpackEncoder,dataset/projects/netty/codec-http2/src/main/java/io/netty/handler/codec/http2/HpackEncoder.java,C:/Users/ismak/Documents/GitHub/relation_test_code_smell_ML/dataset/projects/netty/codec-http2/src/test/java/io/netty/handler/codec/http2/HpackEncoderTest.java,1,3,1,8,0,1,0,1,0,1,1,1,1,0,0,1,0,0,0,1,1,0,0,0,1,0,0,0,0,0,1,0,0,0,0
netty,io/netty/handler/codec/http2/HpackHuffman,HpackHuffman,,C:/Users/ismak/Documents/GitHub/relation_test_code_smell_ML/dataset/projects/netty/codec-http2/src/test/java/io/netty/handler/codec/http2/HpackHuffmanTest.java,0,0,1,6,0,0,0,0,0,0,1,1,1,0,0,1,0,0,0,1,0,0,0,0,0,0,0,0,0,0,1,0,0,0,0
netty,io/netty/handler/codec/http2/HpackStaticTable,HpackStaticTable,dataset/projects/netty/codec-http2/src/main/java/io/netty/handler/codec/http2/HpackStaticTable.java,C:/Users/ismak/Documents/GitHub/relation_test_code_smell_ML/dataset/projects/netty/codec-http2/src/test/java/io/netty/handler/codec/http2/HpackStaticTableTest.java,1,1,1,4,0,0,0,0,0,1,1,1,1,0,0,0,0,0,0,0,0,0,0,0,0,0,0,0,0,0,0,0,0,1,0
netty,io/netty/handler/codec/http2/Http2ClientUpgradeCodec,Http2ClientUpgradeCodec,,C:/Users/ismak/Documents/GitHub/relation_test_code_smell_ML/dataset/projects/netty/codec-http2/src/test/java/io/netty/handler/codec/http2/Http2ClientUpgradeCodecTest.java,0,0,1,6,0,0,0,0,0,0,1,1,1,0,0,0,0,0,0,1,0,0,0,0,0,0,0,0,0,0,1,1,0,0,0
netty,io/netty/handler/codec/http2/Http2CodecUtil,Http2CodecUtil,dataset/projects/netty/codec-http2/src/main/java/io/netty/handler/codec/http2/Http2CodecUtil.java,,1,1,0,0,0,0,0,0,0,1,0,0,0,0,0,0,0,0,0,0,0,0,0,0,0,0,0,0,0,0,0,0,0,0,0
netty,io/netty/handler/codec/http2/Http2Connection,Http2Connection,dataset/projects/netty/codec-http2/src/main/java/io/netty/handler/codec/http2/Http2Connection.java,,1,2,0,0,0,0,0,0,0,2,0,0,0,0,0,0,0,0,0,0,0,0,0,0,0,0,0,0,0,0,0,0,0,0,0
netty,io/netty/handler/codec/http2/Http2ConnectionHandler,Http2ConnectionHandler,dataset/projects/netty/codec-http2/src/main/java/io/netty/handler/codec/http2/Http2ConnectionHandler.java,C:/Users/ismak/Documents/GitHub/relation_test_code_smell_ML/dataset/projects/netty/codec-http2/src/test/java/io/netty/handler/codec/http2/Http2ConnectionHandlerTest.java,1,5,1,8,1,2,0,1,0,1,1,1,1,0,1,1,0,0,0,1,0,0,0,0,0,0,0,0,0,0,1,0,0,1,0
netty,io/netty/handler/codec/http2/Http2ConnectionHandlerBuilder,Http2ConnectionHandlerBuilder,dataset/projects/netty/codec-http2/src/main/java/io/netty/handler/codec/http2/Http2ConnectionHandlerBuilder.java,,1,1,0,0,0,0,0,0,0,1,0,0,0,0,0,0,0,0,0,0,0,0,0,0,0,0,0,0,0,0,0,0,0,0,0
netty,io/netty/handler/codec/http2/Http2ConnectionRoundtrip,Http2ConnectionRoundtrip,,C:/Users/ismak/Documents/GitHub/relation_test_code_smell_ML/dataset/projects/netty/codec-http2/src/test/java/io/netty/handler/codec/http2/Http2ConnectionRoundtripTest.java,0,0,1,10,0,0,0,0,0,0,1,1,1,0,1,1,0,0,0,1,0,0,0,0,1,0,1,0,0,0,1,0,0,1,0
netty,io/netty/handler/codec/http2/Http2ControlFrameLimitEncoder,Http2ControlFrameLimitEncoder,,C:/Users/ismak/Documents/GitHub/relation_test_code_smell_ML/dataset/projects/netty/codec-http2/src/test/java/io/netty/handler/codec/http2/Http2ControlFrameLimitEncoderTest.java,0,0,1,5,0,0,0,0,0,0,1,1,1,0,1,0,0,0,0,0,0,0,0,0,0,0,0,0,0,1,0,0,0,0,0
netty,io/netty/handler/codec/http2/Http2DataChunkedInput,Http2DataChunkedInput,,C:/Users/ismak/Documents/GitHub/relation_test_code_smell_ML/dataset/projects/netty/codec-http2/src/test/java/io/netty/handler/codec/http2/Http2DataChunkedInputTest.java,0,0,1,5,0,0,0,0,0,0,1,1,1,0,0,0,0,0,0,1,0,0,0,0,0,0,0,0,0,0,1,0,0,0,0
netty,io/netty/handler/codec/http2/Http2DataFrame,Http2DataFrame,dataset/projects/netty/codec-http2/src/main/java/io/netty/handler/codec/http2/Http2DataFrame.java,,1,1,0,0,0,0,0,0,0,1,0,0,0,0,0,0,0,0,0,0,0,0,0,0,0,0,0,0,0,0,0,0,0,0,0
netty,io/netty/handler/codec/http2/Http2DefaultFrames,Http2DefaultFrames,,C:/Users/ismak/Documents/GitHub/relation_test_code_smell_ML/dataset/projects/netty/codec-http2/src/test/java/io/netty/handler/codec/http2/Http2DefaultFramesTest.java,0,0,1,4,0,0,0,0,0,0,1,1,1,0,1,0,0,0,0,0,0,0,0,0,0,0,0,0,0,0,0,0,0,0,0
netty,io/netty/handler/codec/http2/Http2EmptyDataFrameConnectionDecoder,Http2EmptyDataFrameConnectionDecoder,,C:/Users/ismak/Documents/GitHub/relation_test_code_smell_ML/dataset/projects/netty/codec-http2/src/test/java/io/netty/handler/codec/http2/Http2EmptyDataFrameConnectionDecoderTest.java,0,0,1,3,0,0,0,0,0,0,1,1,1,0,0,0,0,0,0,0,0,0,0,0,0,0,0,0,0,0,0,0,0,0,0
netty,io/netty/handler/codec/http2/Http2EmptyDataFrameListener,Http2EmptyDataFrameListener,,C:/Users/ismak/Documents/GitHub/relation_test_code_smell_ML/dataset/projects/netty/codec-http2/src/test/java/io/netty/handler/codec/http2/Http2EmptyDataFrameListenerTest.java,0,0,1,4,0,0,0,0,0,0,1,1,1,0,0,0,0,0,0,1,0,0,0,0,0,0,0,0,0,0,0,0,0,0,0
netty,io/netty/handler/codec/http2/Http2EventAdapter,Http2EventAdapter,dataset/projects/netty/codec-http2/src/main/java/io/netty/handler/codec/http2/Http2EventAdapter.java,,1,1,0,0,0,0,0,0,0,1,0,0,0,0,0,0,0,0,0,0,0,0,0,0,0,0,0,0,0,0,0,0,0,0,0
netty,io/netty/handler/codec/http2/Http2Exception,Http2Exception,dataset/projects/netty/codec-http2/src/main/java/io/netty/handler/codec/http2/Http2Exception.java,C:/Users/ismak/Documents/GitHub/relation_test_code_smell_ML/dataset/projects/netty/codec-http2/src/test/java/io/netty/handler/codec/http2/Http2ExceptionTest.java,1,1,1,4,0,0,0,0,0,1,1,1,1,0,1,0,0,0,0,0,0,0,0,0,0,0,0,0,0,0,0,0,0,0,0
netty,io/netty/handler/codec/http2/Http2Flags,Http2Flags,dataset/projects/netty/codec-http2/src/main/java/io/netty/handler/codec/http2/Http2Flags.java,,1,1,0,0,0,0,0,0,0,1,0,0,0,0,0,0,0,0,0,0,0,0,0,0,0,0,0,0,0,0,0,0,0,0,0
netty,io/netty/handler/codec/http2/Http2FrameAdapter,Http2FrameAdapter,dataset/projects/netty/codec-http2/src/main/java/io/netty/handler/codec/http2/Http2FrameAdapter.java,,1,1,0,0,0,0,0,0,0,1,0,0,0,0,0,0,0,0,0,0,0,0,0,0,0,0,0,0,0,0,0,0,0,0,0
netty,io/netty/handler/codec/http2/Http2FrameCodec,Http2FrameCodec,dataset/projects/netty/codec-http2/src/main/java/io/netty/handler/codec/http2/Http2FrameCodec.java,C:/Users/ismak/Documents/GitHub/relation_test_code_smell_ML/dataset/projects/netty/codec-http2/src/test/java/io/netty/handler/codec/http2/Http2FrameCodecTest.java,1,5,1,9,1,1,0,1,0,2,1,1,1,0,1,1,0,0,0,1,0,0,0,0,0,0,0,0,0,1,1,0,0,1,0
netty,io/netty/handler/codec/http2/Http2FrameCodecBuilder,Http2FrameCodecBuilder,dataset/projects/netty/codec-http2/src/main/java/io/netty/handler/codec/http2/Http2FrameCodecBuilder.java,,1,1,0,0,0,0,0,0,0,1,0,0,0,0,0,0,0,0,0,0,0,0,0,0,0,0,0,0,0,0,0,0,0,0,0
netty,io/netty/handler/codec/http2/Http2FrameCodecSubClass,Http2FrameCodecSubClass,,C:/Users/ismak/Documents/GitHub/relation_test_code_smell_ML/dataset/projects/netty/codec-http2/src/test/java/io/netty/handler/codec/http2/Http2FrameCodecSubClassTest.java,0,0,1,4,0,0,0,0,0,0,1,1,1,0,0,0,0,0,0,0,0,0,0,0,0,0,0,0,0,0,1,0,0,0,0
netty,io/netty/handler/codec/http2/Http2FrameListener,Http2FrameListener,dataset/projects/netty/codec-http2/src/main/java/io/netty/handler/codec/http2/Http2FrameListener.java,,1,1,0,0,0,0,0,0,0,1,0,0,0,0,0,0,0,0,0,0,0,0,0,0,0,0,0,0,0,0,0,0,0,0,0
netty,io/netty/handler/codec/http2/Http2FrameListenerDecorator,Http2FrameListenerDecorator,dataset/projects/netty/codec-http2/src/main/java/io/netty/handler/codec/http2/Http2FrameListenerDecorator.java,,1,1,0,0,0,0,0,0,0,1,0,0,0,0,0,0,0,0,0,0,0,0,0,0,0,0,0,0,0,0,0,0,0,0,0
netty,io/netty/handler/codec/http2/Http2FrameLogger,Http2FrameLogger,dataset/projects/netty/codec-http2/src/main/java/io/netty/handler/codec/http2/Http2FrameLogger.java,,1,1,0,0,0,0,0,0,0,1,0,0,0,0,0,0,0,0,0,0,0,0,0,0,0,0,0,0,0,0,0,0,0,0,0
netty,io/netty/handler/codec/http2/Http2FrameRoundtrip,Http2FrameRoundtrip,,C:/Users/ismak/Documents/GitHub/relation_test_code_smell_ML/dataset/projects/netty/codec-http2/src/test/java/io/netty/handler/codec/http2/Http2FrameRoundtripTest.java,0,0,1,8,0,0,0,0,0,0,1,1,1,0,1,1,0,0,0,1,0,0,0,0,0,0,0,0,0,0,1,0,0,1,0
netty,io/netty/handler/codec/http2/Http2FrameWriter,Http2FrameWriter,dataset/projects/netty/codec-http2/src/main/java/io/netty/handler/codec/http2/Http2FrameWriter.java,,1,1,0,0,0,0,0,0,0,1,0,0,0,0,0,0,0,0,0,0,0,0,0,0,0,0,0,0,0,0,0,0,0,0,0
netty,io/netty/handler/codec/http2/Http2GoAwayFrame,Http2GoAwayFrame,dataset/projects/netty/codec-http2/src/main/java/io/netty/handler/codec/http2/Http2GoAwayFrame.java,,1,1,0,0,0,0,0,0,0,1,0,0,0,0,0,0,0,0,0,0,0,0,0,0,0,0,0,0,0,0,0,0,0,0,0
netty,io/netty/handler/codec/http2/Http2HeaderBlockIO,Http2HeaderBlockIO,,C:/Users/ismak/Documents/GitHub/relation_test_code_smell_ML/dataset/projects/netty/codec-http2/src/test/java/io/netty/handler/codec/http2/Http2HeaderBlockIOTest.java,0,0,1,5,0,0,0,0,0,0,1,1,1,0,0,0,0,0,0,1,0,0,0,0,0,0,0,0,0,0,0,0,0,1,0
netty,io/netty/handler/codec/http2/Http2Headers,Http2Headers,dataset/projects/netty/codec-http2/src/main/java/io/netty/handler/codec/http2/Http2Headers.java,C:/Users/ismak/Documents/GitHub/relation_test_code_smell_ML/dataset/projects/netty/codec-http2/src/test/java/io/netty/handler/codec/http2/Http2HeadersTest.java,1,3,1,6,0,2,0,0,0,1,1,1,1,0,1,1,0,0,0,0,0,0,0,0,1,0,0,0,0,0,0,0,0,0,0
netty,io/netty/handler/codec/http2/Http2MaxRstFrameConnectionDecoder,Http2MaxRstFrameConnectionDecoder,,C:/Users/ismak/Documents/GitHub/relation_test_code_smell_ML/dataset/projects/netty/codec-http2/src/test/java/io/netty/handler/codec/http2/Http2MaxRstFrameConnectionDecoderTest.java,0,0,1,3,0,0,0,0,0,0,1,1,1,0,0,0,0,0,0,0,0,0,0,0,0,0,0,0,0,0,0,0,0,0,0
netty,io/netty/handler/codec/http2/Http2MaxRstFrameLimitEncoder,Http2MaxRstFrameLimitEncoder,,C:/Users/ismak/Documents/GitHub/relation_test_code_smell_ML/dataset/projects/netty/codec-http2/src/test/java/io/netty/handler/codec/http2/Http2MaxRstFrameLimitEncoderTest.java,0,0,1,7,0,0,0,0,0,0,1,1,1,0,1,1,0,0,0,1,0,0,0,0,0,0,0,0,0,1,0,0,0,0,0
netty,io/netty/handler/codec/http2/Http2MaxRstFrameListener,Http2MaxRstFrameListener,,C:/Users/ismak/Documents/GitHub/relation_test_code_smell_ML/dataset/projects/netty/codec-http2/src/test/java/io/netty/handler/codec/http2/Http2MaxRstFrameListenerTest.java,0,0,1,5,0,0,0,0,0,0,1,1,1,0,0,0,0,0,0,1,0,0,0,0,0,0,0,0,0,0,1,0,0,0,0
netty,io/netty/handler/codec/http2/Http2Multiplex,Http2Multiplex,,C:/Users/ismak/Documents/GitHub/relation_test_code_smell_ML/dataset/projects/netty/codec-http2/src/test/java/io/netty/handler/codec/http2/Http2MultiplexTest.java,0,0,1,10,0,0,0,0,0,0,1,1,1,0,1,1,0,0,0,1,1,0,0,0,0,0,0,0,0,1,1,0,0,1,0
netty,io/netty/handler/codec/http2/Http2MultiplexClientUpgrade,Http2MultiplexClientUpgrade,,C:/Users/ismak/Documents/GitHub/relation_test_code_smell_ML/dataset/projects/netty/codec-http2/src/test/java/io/netty/handler/codec/http2/Http2MultiplexClientUpgradeTest.java,0,0,1,5,0,0,0,0,0,0,1,1,1,0,1,0,0,0,0,1,0,0,0,0,0,0,0,0,0,0,0,0,0,0,0
netty,io/netty/handler/codec/http2/Http2MultiplexCodec,Http2MultiplexCodec,dataset/projects/netty/codec-http2/src/main/java/io/netty/handler/codec/http2/Http2MultiplexCodec.java,C:/Users/ismak/Documents/GitHub/relation_test_code_smell_ML/dataset/projects/netty/codec-http2/src/test/java/io/netty/handler/codec/http2/Http2MultiplexCodecTest.java,1,2,1,3,0,1,0,0,0,1,1,1,1,0,0,0,0,0,0,0,0,0,0,0,0,0,0,0,0,0,0,0,0,0,0
netty,io/netty/handler/codec/http2/Http2MultiplexCodecBuilder,Http2MultiplexCodecBuilder,dataset/projects/netty/codec-http2/src/main/java/io/netty/handler/codec/http2/Http2MultiplexCodecBuilder.java,C:/Users/ismak/Documents/GitHub/relation_test_code_smell_ML/dataset/projects/netty/codec-http2/src/test/java/io/netty/handler/codec/http2/Http2MultiplexCodecBuilderTest.java,1,1,1,7,0,0,0,0,0,1,1,1,1,0,1,0,0,0,0,1,1,0,0,0,0,0,0,0,0,0,0,0,0,1,0
netty,io/netty/handler/codec/http2/Http2MultiplexCodecClientUpgrade,Http2MultiplexCodecClientUpgrade,,C:/Users/ismak/Documents/GitHub/relation_test_code_smell_ML/dataset/projects/netty/codec-http2/src/test/java/io/netty/handler/codec/http2/Http2MultiplexCodecClientUpgradeTest.java,0,0,1,3,0,0,0,0,0,0,1,1,1,0,0,0,0,0,0,0,0,0,0,0,0,0,0,0,0,0,0,0,0,0,0
netty,io/netty/handler/codec/http2/Http2MultiplexHandler,Http2MultiplexHandler,dataset/projects/netty/codec-http2/src/main/java/io/netty/handler/codec/http2/Http2MultiplexHandler.java,C:/Users/ismak/Documents/GitHub/relation_test_code_smell_ML/dataset/projects/netty/codec-http2/src/test/java/io/netty/handler/codec/http2/Http2MultiplexHandlerTest.java,1,3,1,5,0,1,0,1,0,1,1,1,1,0,1,0,0,0,0,0,0,0,0,0,0,0,0,0,0,1,0,0,0,0,0
netty,io/netty/handler/codec/http2/Http2MultiplexHandlerClientUpgrade,Http2MultiplexHandlerClientUpgrade,,C:/Users/ismak/Documents/GitHub/relation_test_code_smell_ML/dataset/projects/netty/codec-http2/src/test/java/io/netty/handler/codec/http2/Http2MultiplexHandlerClientUpgradeTest.java,0,0,1,3,0,0,0,0,0,0,1,1,1,0,0,0,0,0,0,0,0,0,0,0,0,0,0,0,0,0,0,0,0,0,0
netty,io/netty/handler/codec/http2/Http2MultiplexTransport,Http2MultiplexTransport,,C:/Users/ismak/Documents/GitHub/relation_test_code_smell_ML/dataset/projects/netty/codec-http2/src/test/java/io/netty/handler/codec/http2/Http2MultiplexTransportTest.java,0,0,1,9,0,0,0,0,0,0,1,1,1,0,1,1,0,0,0,1,0,0,0,0,0,0,0,0,0,0,1,1,0,1,0
netty,io/netty/handler/codec/http2/Http2OutboundFrameLogger,Http2OutboundFrameLogger,dataset/projects/netty/codec-http2/src/main/java/io/netty/handler/codec/http2/Http2OutboundFrameLogger.java,,1,1,0,0,0,0,0,0,0,1,0,0,0,0,0,0,0,0,0,0,0,0,0,0,0,0,0,0,0,0,0,0,0,0,0
netty,io/netty/handler/codec/http2/Http2SecurityUtil,Http2SecurityUtil,,C:/Users/ismak/Documents/GitHub/relation_test_code_smell_ML/dataset/projects/netty/codec-http2/src/test/java/io/netty/handler/codec/http2/Http2SecurityUtilTest.java,0,0,1,6,0,0,0,0,0,0,1,1,1,0,0,0,0,0,0,1,0,0,0,0,0,0,0,0,0,0,1,1,0,0,0
netty,io/netty/handler/codec/http2/Http2ServerUpgradeCodec,Http2ServerUpgradeCodec,,C:/Users/ismak/Documents/GitHub/relation_test_code_smell_ML/dataset/projects/netty/codec-http2/src/test/java/io/netty/handler/codec/http2/Http2ServerUpgradeCodecTest.java,0,0,1,5,0,0,0,0,0,0,1,1,1,0,0,0,0,0,0,0,0,0,0,0,0,0,0,0,0,0,1,1,0,0,0
netty,io/netty/handler/codec/http2/Http2Settings,Http2Settings,dataset/projects/netty/codec-http2/src/main/java/io/netty/handler/codec/http2/Http2Settings.java,C:/Users/ismak/Documents/GitHub/relation_test_code_smell_ML/dataset/projects/netty/codec-http2/src/test/java/io/netty/handler/codec/http2/Http2SettingsTest.java,1,2,1,5,0,1,0,0,0,1,1,1,1,0,1,0,0,0,0,0,0,0,0,0,0,0,0,0,0,0,0,0,0,1,0
netty,io/netty/handler/codec/http2/Http2Stream,Http2Stream,dataset/projects/netty/codec-http2/src/main/java/io/netty/handler/codec/http2/Http2Stream.java,,1,1,0,0,0,0,0,0,0,1,0,0,0,0,0,0,0,0,0,0,0,0,0,0,0,0,0,0,0,0,0,0,0,0,0
netty,io/netty/handler/codec/http2/Http2StreamChannelBootstrap,Http2StreamChannelBootstrap,dataset/projects/netty/codec-http2/src/main/java/io/netty/handler/codec/http2/Http2StreamChannelBootstrap.java,C:/Users/ismak/Documents/GitHub/relation_test_code_smell_ML/dataset/projects/netty/codec-http2/src/test/java/io/netty/handler/codec/http2/Http2StreamChannelBootstrapTest.java,1,1,1,6,1,0,0,0,0,0,1,1,1,0,1,1,0,0,0,1,0,0,0,0,0,0,0,0,0,0,0,0,0,0,0
netty,io/netty/handler/codec/http2/Http2StreamChannelId,Http2StreamChannelId,,C:/Users/ismak/Documents/GitHub/relation_test_code_smell_ML/dataset/projects/netty/codec-http2/src/test/java/io/netty/handler/codec/http2/Http2StreamChannelIdTest.java,0,0,1,6,0,0,0,0,0,0,1,1,1,0,1,0,0,0,0,1,0,0,0,0,0,0,0,0,0,0,0,0,0,1,0
netty,io/netty/handler/codec/http2/Http2StreamFrameToHttpObjectCodec,Http2StreamFrameToHttpObjectCodec,dataset/projects/netty/codec-http2/src/main/java/io/netty/handler/codec/http2/Http2StreamFrameToHttpObjectCodec.java,C:/Users/ismak/Documents/GitHub/relation_test_code_smell_ML/dataset/projects/netty/codec-http2/src/test/java/io/netty/handler/codec/http2/Http2StreamFrameToHttpObjectCodecTest.java,1,4,1,11,0,2,0,1,0,1,1,1,1,0,1,0,0,0,0,1,0,1,0,0,1,0,0,0,0,1,1,1,0,1,0
netty,io/netty/handler/codec/http2/Http2UnknownFrame,Http2UnknownFrame,dataset/projects/netty/codec-http2/src/main/java/io/netty/handler/codec/http2/Http2UnknownFrame.java,,1,1,0,0,0,0,0,0,0,1,0,0,0,0,0,0,0,0,0,0,0,0,0,0,0,0,0,0,0,0,0,0,0,0,0
netty,io/netty/handler/codec/http2/HttpConversionUtil,HttpConversionUtil,dataset/projects/netty/codec-http2/src/main/java/io/netty/handler/codec/http2/HttpConversionUtil.java,C:/Users/ismak/Documents/GitHub/relation_test_code_smell_ML/dataset/projects/netty/codec-http2/src/test/java/io/netty/handler/codec/http2/HttpConversionUtilTest.java,1,7,1,8,1,4,0,1,0,1,1,1,1,0,1,0,0,0,0,1,0,0,0,0,1,0,0,0,0,1,0,0,0,1,0
netty,io/netty/handler/codec/http2/HttpConversionUtilFuzz,HttpConversionUtilFuzz,,C:/Users/ismak/Documents/GitHub/relation_test_code_smell_ML/dataset/projects/netty/codec-http2/src/test/java/io/netty/handler/codec/http2/HttpConversionUtilFuzzTest.java,0,0,1,3,0,0,0,0,0,0,1,1,1,0,0,0,0,0,0,0,0,0,0,0,0,0,0,0,0,0,0,0,0,0,0
netty,io/netty/handler/codec/http2/HttpToHttp2ConnectionHandler,HttpToHttp2ConnectionHandler,dataset/projects/netty/codec-http2/src/main/java/io/netty/handler/codec/http2/HttpToHttp2ConnectionHandler.java,C:/Users/ismak/Documents/GitHub/relation_test_code_smell_ML/dataset/projects/netty/codec-http2/src/test/java/io/netty/handler/codec/http2/HttpToHttp2ConnectionHandlerTest.java,1,1,1,7,0,1,0,0,0,0,1,1,1,0,1,0,0,0,0,1,0,0,0,0,0,0,0,0,0,0,1,0,0,1,0
netty,io/netty/handler/codec/http2/HttpToHttp2ConnectionHandlerBuilder,HttpToHttp2ConnectionHandlerBuilder,dataset/projects/netty/codec-http2/src/main/java/io/netty/handler/codec/http2/HttpToHttp2ConnectionHandlerBuilder.java,,1,1,0,0,0,0,0,0,0,1,0,0,0,0,0,0,0,0,0,0,0,0,0,0,0,0,0,0,0,0,0,0,0,0,0
netty,io/netty/handler/codec/http2/InboundHttp2ToHttpAdapter,InboundHttp2ToHttpAdapter,dataset/projects/netty/codec-http2/src/main/java/io/netty/handler/codec/http2/InboundHttp2ToHttpAdapter.java,C:/Users/ismak/Documents/GitHub/relation_test_code_smell_ML/dataset/projects/netty/codec-http2/src/test/java/io/netty/handler/codec/http2/InboundHttp2ToHttpAdapterTest.java,1,1,1,6,0,0,0,0,0,1,1,1,1,0,1,0,0,0,0,1,0,0,0,0,0,0,0,0,0,0,0,0,0,1,0
netty,io/netty/handler/codec/http2/MaxCapacityQueue,MaxCapacityQueue,dataset/projects/netty/codec-http2/src/main/java/io/netty/handler/codec/http2/MaxCapacityQueue.java,,1,1,0,0,0,0,0,0,0,1,0,0,0,0,0,0,0,0,0,0,0,0,0,0,0,0,0,0,0,0,0,0,0,0,0
netty,io/netty/handler/codec/http2/NativeImageHandlerMetadata,NativeImageHandlerMetadata,,C:/Users/ismak/Documents/GitHub/relation_test_code_smell_ML/dataset/projects/netty/codec-http2/src/test/java/io/netty/handler/codec/http2/NativeImageHandlerMetadataTest.java,0,0,1,4,0,0,0,0,0,0,1,1,1,0,0,0,0,0,0,0,0,0,0,0,0,0,0,0,0,0,1,0,0,0,0
netty,io/netty/handler/codec/http2/ReadOnlyHttp2Headers,ReadOnlyHttp2Headers,dataset/projects/netty/codec-http2/src/main/java/io/netty/handler/codec/http2/ReadOnlyHttp2Headers.java,C:/Users/ismak/Documents/GitHub/relation_test_code_smell_ML/dataset/projects/netty/codec-http2/src/test/java/io/netty/handler/codec/http2/ReadOnlyHttp2HeadersTest.java,1,4,1,7,0,2,0,1,0,1,1,1,1,0,1,0,0,0,0,0,0,0,0,0,0,0,0,0,0,1,1,1,0,0,0
netty,io/netty/handler/codec/http2/StreamBufferingEncoder,StreamBufferingEncoder,dataset/projects/netty/codec-http2/src/main/java/io/netty/handler/codec/http2/StreamBufferingEncoder.java,C:/Users/ismak/Documents/GitHub/relation_test_code_smell_ML/dataset/projects/netty/codec-http2/src/test/java/io/netty/handler/codec/http2/StreamBufferingEncoderTest.java,1,1,1,10,0,0,0,0,0,1,1,1,1,0,1,1,0,0,0,1,0,0,0,0,0,0,0,0,0,1,1,1,0,1,0
netty,io/netty/handler/codec/http2/UniformStreamByteDistributor,UniformStreamByteDistributor,,C:/Users/ismak/Documents/GitHub/relation_test_code_smell_ML/dataset/projects/netty/codec-http2/src/test/java/io/netty/handler/codec/http2/UniformStreamByteDistributorTest.java,0,0,1,6,0,0,0,0,0,0,1,1,1,0,1,0,0,0,0,1,0,0,0,0,0,0,0,0,0,1,0,0,0,0,0
netty,io/netty/handler/codec/http2/UniformStreamByteDistributorFlowController,UniformStreamByteDistributorFlowController,,C:/Users/ismak/Documents/GitHub/relation_test_code_smell_ML/dataset/projects/netty/codec-http2/src/test/java/io/netty/handler/codec/http2/UniformStreamByteDistributorFlowControllerTest.java,0,0,1,3,0,0,0,0,0,0,1,1,1,0,0,0,0,0,0,0,0,0,0,0,0,0,0,0,0,0,0,0,0,0,0
netty,io/netty/handler/codec/http2/WeightedFairQueueByteDistributor,WeightedFairQueueByteDistributor,dataset/projects/netty/codec-http2/src/main/java/io/netty/handler/codec/http2/WeightedFairQueueByteDistributor.java,C:/Users/ismak/Documents/GitHub/relation_test_code_smell_ML/dataset/projects/netty/codec-http2/src/test/java/io/netty/handler/codec/http2/WeightedFairQueueByteDistributorTest.java,1,4,1,8,0,1,0,1,0,2,1,1,1,0,1,0,0,0,0,1,0,0,0,0,0,0,0,0,0,1,1,0,0,1,0
netty,io/netty/handler/codec/http2/WeightedFairQueueByteDistributorDependencyTree,WeightedFairQueueByteDistributorDependencyTree,,C:/Users/ismak/Documents/GitHub/relation_test_code_smell_ML/dataset/projects/netty/codec-http2/src/test/java/io/netty/handler/codec/http2/WeightedFairQueueByteDistributorDependencyTreeTest.java,0,0,1,9,0,0,0,0,0,0,1,1,1,0,1,1,0,0,0,1,0,0,0,0,0,0,0,0,0,1,1,0,0,1,0
netty,io/netty/handler/codec/http2/WeightedFairQueueRemoteFlowController,WeightedFairQueueRemoteFlowController,,C:/Users/ismak/Documents/GitHub/relation_test_code_smell_ML/dataset/projects/netty/codec-http2/src/test/java/io/netty/handler/codec/http2/WeightedFairQueueRemoteFlowControllerTest.java,0,0,1,3,0,0,0,0,0,0,1,1,1,0,0,0,0,0,0,0,0,0,0,0,0,0,0,0,0,0,0,0,0,0,0
netty,io/netty/handler/codec/http3/AbstractHttp3FrameTypeValidationHandler,AbstractHttp3FrameTypeValidationHandler,,C:/Users/ismak/Documents/GitHub/relation_test_code_smell_ML/dataset/projects/netty/codec-http3/src/test/java/io/netty/handler/codec/http3/AbstractHttp3FrameTypeValidationHandlerTest.java,0,0,1,7,0,0,0,0,0,0,1,1,1,0,1,1,1,0,0,1,0,0,0,0,0,0,0,0,0,0,0,0,0,0,0
netty,io/netty/handler/codec/http3/AbtractHttp3ConnectionHandler,AbtractHttp3ConnectionHandler,,C:/Users/ismak/Documents/GitHub/relation_test_code_smell_ML/dataset/projects/netty/codec-http3/src/test/java/io/netty/handler/codec/http3/AbtractHttp3ConnectionHandlerTest.java,0,0,1,6,0,0,0,0,0,0,1,1,1,0,1,0,1,0,0,1,0,0,0,0,0,0,0,0,0,0,0,0,0,0,0
netty,io/netty/handler/codec/http3/DefaultHttp3Headers,DefaultHttp3Headers,dataset/projects/netty/codec-http3/src/main/java/io/netty/handler/codec/http3/DefaultHttp3Headers.java,,1,2,0,0,0,1,0,0,0,1,0,0,0,0,0,0,0,0,0,0,0,0,0,0,0,0,0,0,0,0,0,0,0,0,0
netty,io/netty/handler/codec/http3/DefaultHttp3SettingsFrame,DefaultHttp3SettingsFrame,,C:/Users/ismak/Documents/GitHub/relation_test_code_smell_ML/dataset/projects/netty/codec-http3/src/test/java/io/netty/handler/codec/http3/DefaultHttp3SettingsFrameTest.java,0,0,1,4,0,0,0,0,0,0,1,1,1,0,0,0,0,0,0,0,0,0,0,0,0,0,0,0,0,0,0,1,0,0,0
netty,io/netty/handler/codec/http3/DefaultHttp3UnknownFrame,DefaultHttp3UnknownFrame,dataset/projects/netty/codec-http3/src/main/java/io/netty/handler/codec/http3/DefaultHttp3UnknownFrame.java,,1,1,0,0,0,0,0,0,0,1,0,0,0,0,0,0,0,0,0,0,0,0,0,0,0,0,0,0,0,0,0,0,0,0,0
netty,io/netty/handler/codec/http3/Http3ClientConnectionHandler,Http3ClientConnectionHandler,,C:/Users/ismak/Documents/GitHub/relation_test_code_smell_ML/dataset/projects/netty/codec-http3/src/test/java/io/netty/handler/codec/http3/Http3ClientConnectionHandlerTest.java,0,0,1,4,0,0,0,0,0,0,1,1,1,0,0,0,1,0,0,0,0,0,0,0,0,0,0,0,0,0,0,0,0,0,0
netty,io/netty/handler/codec/http3/Http3CodecUtils,Http3CodecUtils,dataset/projects/netty/codec-http3/src/main/java/io/netty/handler/codec/http3/Http3CodecUtils.java,,1,2,0,0,0,0,0,1,0,1,0,0,0,0,0,0,0,0,0,0,0,0,0,0,0,0,0,0,0,0,0,0,0,0,0
netty,io/netty/handler/codec/http3/Http3ControlStreamFrameTypeValidator,Http3ControlStreamFrameTypeValidator,,C:/Users/ismak/Documents/GitHub/relation_test_code_smell_ML/dataset/projects/netty/codec-http3/src/test/java/io/netty/handler/codec/http3/Http3ControlStreamFrameTypeValidatorTest.java,0,0,1,3,0,0,0,0,0,0,1,1,1,0,0,0,0,0,0,0,0,0,0,0,0,0,0,0,0,0,0,0,0,0,0
netty,io/netty/handler/codec/http3/Http3ControlStreamInboundHandler,Http3ControlStreamInboundHandler,dataset/projects/netty/codec-http3/src/main/java/io/netty/handler/codec/http3/Http3ControlStreamInboundHandler.java,C:/Users/ismak/Documents/GitHub/relation_test_code_smell_ML/dataset/projects/netty/codec-http3/src/test/java/io/netty/handler/codec/http3/Http3ControlStreamInboundHandlerTest.java,1,2,1,8,0,1,0,0,0,1,1,1,1,0,0,1,1,0,0,1,0,0,0,0,0,0,0,0,0,0,1,1,0,0,0
netty,io/netty/handler/codec/http3/Http3ControlStreamOutboundHandler,Http3ControlStreamOutboundHandler,,C:/Users/ismak/Documents/GitHub/relation_test_code_smell_ML/dataset/projects/netty/codec-http3/src/test/java/io/netty/handler/codec/http3/Http3ControlStreamOutboundHandlerTest.java,0,0,1,8,0,0,0,0,0,0,1,1,1,0,1,1,1,0,0,1,0,0,0,0,0,0,0,0,0,0,0,0,0,1,0
netty,io/netty/handler/codec/http3/Http3FrameCodec,Http3FrameCodec,dataset/projects/netty/codec-http3/src/main/java/io/netty/handler/codec/http3/Http3FrameCodec.java,C:/Users/ismak/Documents/GitHub/relation_test_code_smell_ML/dataset/projects/netty/codec-http3/src/test/java/io/netty/handler/codec/http3/Http3FrameCodecTest.java,1,6,1,7,1,3,0,1,0,1,1,1,1,0,1,0,0,0,0,1,0,0,0,0,0,0,0,0,0,0,1,1,0,0,0
netty,io/netty/handler/codec/http3/Http3FrameToHttpObjectCodec,Http3FrameToHttpObjectCodec,dataset/projects/netty/codec-http3/src/main/java/io/netty/handler/codec/http3/Http3FrameToHttpObjectCodec.java,C:/Users/ismak/Documents/GitHub/relation_test_code_smell_ML/dataset/projects/netty/codec-http3/src/test/java/io/netty/handler/codec/http3/Http3FrameToHttpObjectCodecTest.java,1,2,1,10,0,1,0,0,0,1,1,1,1,0,1,1,0,0,0,1,0,1,0,0,1,0,0,0,0,1,0,0,0,1,0
netty,io/netty/handler/codec/http3/Http3FrameTypeValidationHandler,Http3FrameTypeValidationHandler,,C:/Users/ismak/Documents/GitHub/relation_test_code_smell_ML/dataset/projects/netty/codec-http3/src/test/java/io/netty/handler/codec/http3/Http3FrameTypeValidationHandlerTest.java,0,0,1,4,0,0,0,0,0,0,1,1,1,0,0,0,1,0,0,0,0,0,0,0,0,0,0,0,0,0,0,0,0,0,0
netty,io/netty/handler/codec/http3/Http3FrameTypeValidator,Http3FrameTypeValidator,,C:/Users/ismak/Documents/GitHub/relation_test_code_smell_ML/dataset/projects/netty/codec-http3/src/test/java/io/netty/handler/codec/http3/Http3FrameTypeValidatorTest.java,0,0,1,6,0,0,0,0,0,0,1,1,1,0,0,1,0,0,0,1,0,0,0,0,0,0,0,0,0,0,1,0,0,0,0
netty,io/netty/handler/codec/http3/Http3Headers,Http3Headers,dataset/projects/netty/codec-http3/src/main/java/io/netty/handler/codec/http3/Http3Headers.java,,1,1,0,0,0,0,0,0,0,1,0,0,0,0,0,0,0,0,0,0,0,0,0,0,0,0,0,0,0,0,0,0,0,0,0
netty,io/netty/handler/codec/http3/Http3HeadersSink,Http3HeadersSink,dataset/projects/netty/codec-http3/src/main/java/io/netty/handler/codec/http3/Http3HeadersSink.java,C:/Users/ismak/Documents/GitHub/relation_test_code_smell_ML/dataset/projects/netty/codec-http3/src/test/java/io/netty/handler/codec/http3/Http3HeadersSinkTest.java,1,1,1,5,0,1,0,0,0,0,1,1,1,0,0,0,0,0,0,1,0,0,0,0,0,0,0,0,0,0,1,0,0,0,0
netty,io/netty/handler/codec/http3/Http3PushStream,Http3PushStream,,C:/Users/ismak/Documents/GitHub/relation_test_code_smell_ML/dataset/projects/netty/codec-http3/src/test/java/io/netty/handler/codec/http3/Http3PushStreamTest.java,0,0,1,8,0,0,0,0,0,0,1,1,1,0,1,0,0,0,0,1,1,0,0,0,0,0,0,0,0,0,1,1,0,0,0
netty,io/netty/handler/codec/http3/Http3PushStreamFrameTypeValidator,Http3PushStreamFrameTypeValidator,,C:/Users/ismak/Documents/GitHub/relation_test_code_smell_ML/dataset/projects/netty/codec-http3/src/test/java/io/netty/handler/codec/http3/Http3PushStreamFrameTypeValidatorTest.java,0,0,1,3,0,0,0,0,0,0,1,1,1,0,0,0,0,0,0,0,0,0,0,0,0,0,0,0,0,0,0,0,0,0,0
netty,io/netty/handler/codec/http3/Http3PushStreamServerValidationHandler,Http3PushStreamServerValidationHandler,,C:/Users/ismak/Documents/GitHub/relation_test_code_smell_ML/dataset/projects/netty/codec-http3/src/test/java/io/netty/handler/codec/http3/Http3PushStreamServerValidationHandlerTest.java,0,0,1,4,0,0,0,0,0,0,1,1,1,0,0,0,1,0,0,0,0,0,0,0,0,0,0,0,0,0,0,0,0,0,0
netty,io/netty/handler/codec/http3/Http3RequestStreamEncodeStateValidator,Http3RequestStreamEncodeStateValidator,dataset/projects/netty/codec-http3/src/main/java/io/netty/handler/codec/http3/Http3RequestStreamEncodeStateValidator.java,,1,1,0,0,0,1,0,0,0,0,0,0,0,0,0,0,0,0,0,0,0,0,0,0,0,0,0,0,0,0,0,0,0,0,0
netty,io/netty/handler/codec/http3/Http3RequestStreamFrameTypeValidator,Http3RequestStreamFrameTypeValidator,,C:/Users/ismak/Documents/GitHub/relation_test_code_smell_ML/dataset/projects/netty/codec-http3/src/test/java/io/netty/handler/codec/http3/Http3RequestStreamFrameTypeValidatorTest.java,0,0,1,3,0,0,0,0,0,0,1,1,1,0,0,0,0,0,0,0,0,0,0,0,0,0,0,0,0,0,0,0,0,0,0
netty,io/netty/handler/codec/http3/Http3RequestStreamInboundHandler,Http3RequestStreamInboundHandler,,C:/Users/ismak/Documents/GitHub/relation_test_code_smell_ML/dataset/projects/netty/codec-http3/src/test/java/io/netty/handler/codec/http3/Http3RequestStreamInboundHandlerTest.java,0,0,1,5,0,0,0,0,0,0,1,1,1,0,1,0,0,0,0,0,0,0,0,0,0,0,0,0,0,1,0,0,0,0,0
netty,io/netty/handler/codec/http3/Http3RequestStreamValidationHandler,Http3RequestStreamValidationHandler,,C:/Users/ismak/Documents/GitHub/relation_test_code_smell_ML/dataset/projects/netty/codec-http3/src/test/java/io/netty/handler/codec/http3/Http3RequestStreamValidationHandlerTest.java,0,0,1,9,0,0,0,0,0,0,1,1,1,0,1,0,1,0,0,1,0,0,0,0,0,0,0,0,0,0,1,1,0,1,0
netty,io/netty/handler/codec/http3/Http3ServerConnectionHandler,Http3ServerConnectionHandler,,C:/Users/ismak/Documents/GitHub/relation_test_code_smell_ML/dataset/projects/netty/codec-http3/src/test/java/io/netty/handler/codec/http3/Http3ServerConnectionHandlerTest.java,0,0,1,4,0,0,0,0,0,0,1,1,1,0,0,0,1,0,0,0,0,0,0,0,0,0,0,0,0,0,0,0,0,0,0
netty,io/netty/handler/codec/http3/Http3ServerPushStreamManager,Http3ServerPushStreamManager,,C:/Users/ismak/Documents/GitHub/relation_test_code_smell_ML/dataset/projects/netty/codec-http3/src/test/java/io/netty/handler/codec/http3/Http3ServerPushStreamManagerTest.java,0,0,1,8,0,0,0,0,0,0,1,1,1,0,1,0,0,0,0,1,1,0,0,0,0,0,0,0,0,0,1,0,0,1,0
netty,io/netty/handler/codec/http3/Http3Settings,Http3Settings,dataset/projects/netty/codec-http3/src/main/java/io/netty/handler/codec/http3/Http3Settings.java,C:/Users/ismak/Documents/GitHub/relation_test_code_smell_ML/dataset/projects/netty/codec-http3/src/test/java/io/netty/handler/codec/http3/Http3SettingsTest.java,1,2,1,4,0,1,0,0,0,1,1,1,1,0,0,0,0,0,0,0,0,0,0,0,0,0,0,0,0,0,0,1,0,0,0
netty,io/netty/handler/codec/http3/Http3UnidirectionalStreamInboundHandler,Http3UnidirectionalStreamInboundHandler,,C:/Users/ismak/Documents/GitHub/relation_test_code_smell_ML/dataset/projects/netty/codec-http3/src/test/java/io/netty/handler/codec/http3/Http3UnidirectionalStreamInboundHandlerTest.java,0,0,1,9,0,0,0,0,0,0,1,1,1,0,1,1,0,0,0,1,0,0,0,0,0,0,0,0,0,0,1,1,0,1,0
netty,io/netty/handler/codec/http3/HttpConversionUtil,HttpConversionUtil,dataset/projects/netty/codec-http3/src/main/java/io/netty/handler/codec/http3/HttpConversionUtil.java,C:/Users/ismak/Documents/GitHub/relation_test_code_smell_ML/dataset/projects/netty/codec-http3/src/test/java/io/netty/handler/codec/http3/HttpConversionUtilTest.java,1,6,1,8,1,3,0,1,0,1,1,1,1,0,1,0,0,0,0,1,0,0,0,0,1,0,0,0,0,1,0,0,0,1,0
netty,io/netty/handler/codec/http3/QpackAttributes,QpackAttributes,dataset/projects/netty/codec-http3/src/main/java/io/netty/handler/codec/http3/QpackAttributes.java,,1,1,0,0,0,0,0,0,0,1,0,0,0,0,0,0,0,0,0,0,0,0,0,0,0,0,0,0,0,0,0,0,0,0,0
netty,io/netty/handler/codec/http3/QpackDecoder,QpackDecoder,dataset/projects/netty/codec-http3/src/main/java/io/netty/handler/codec/http3/QpackDecoder.java,C:/Users/ismak/Documents/GitHub/relation_test_code_smell_ML/dataset/projects/netty/codec-http3/src/test/java/io/netty/handler/codec/http3/QpackDecoderTest.java,1,3,1,6,0,2,0,0,0,1,1,1,1,0,0,1,0,0,0,1,0,0,0,0,0,0,0,0,0,1,0,0,0,0,0
netty,io/netty/handler/codec/http3/QpackDecoderDynamicTable,QpackDecoderDynamicTable,dataset/projects/netty/codec-http3/src/main/java/io/netty/handler/codec/http3/QpackDecoderDynamicTable.java,C:/Users/ismak/Documents/GitHub/relation_test_code_smell_ML/dataset/projects/netty/codec-http3/src/test/java/io/netty/handler/codec/http3/QpackDecoderDynamicTableTest.java,1,2,1,7,0,1,0,0,0,1,1,1,1,0,1,0,0,0,0,1,0,0,0,0,0,0,0,0,0,1,0,0,0,1,0
netty,io/netty/handler/codec/http3/QpackDecoderHandler,QpackDecoderHandler,dataset/projects/netty/codec-http3/src/main/java/io/netty/handler/codec/http3/QpackDecoderHandler.java,C:/Users/ismak/Documents/GitHub/relation_test_code_smell_ML/dataset/projects/netty/codec-http3/src/test/java/io/netty/handler/codec/http3/QpackDecoderHandlerTest.java,1,1,1,6,0,1,0,0,0,0,1,1,1,0,0,1,0,0,0,1,0,0,0,0,0,0,0,0,0,0,1,0,0,0,0
netty,io/netty/handler/codec/http3/QpackEncoder,QpackEncoder,dataset/projects/netty/codec-http3/src/main/java/io/netty/handler/codec/http3/QpackEncoder.java,,1,1,0,0,0,0,0,0,0,1,0,0,0,0,0,0,0,0,0,0,0,0,0,0,0,0,0,0,0,0,0,0,0,0,0
netty,io/netty/handler/codec/http3/QpackEncoderDecoder,QpackEncoderDecoder,,C:/Users/ismak/Documents/GitHub/relation_test_code_smell_ML/dataset/projects/netty/codec-http3/src/test/java/io/netty/handler/codec/http3/QpackEncoderDecoderTest.java,0,0,1,9,0,0,0,0,0,0,1,1,1,0,1,0,0,0,0,1,0,0,0,0,0,0,0,0,0,1,1,1,0,1,0
netty,io/netty/handler/codec/http3/QpackEncoderDynamicTable,QpackEncoderDynamicTable,dataset/projects/netty/codec-http3/src/main/java/io/netty/handler/codec/http3/QpackEncoderDynamicTable.java,C:/Users/ismak/Documents/GitHub/relation_test_code_smell_ML/dataset/projects/netty/codec-http3/src/test/java/io/netty/handler/codec/http3/QpackEncoderDynamicTableTest.java,1,2,1,8,0,1,0,0,0,1,1,1,1,0,1,0,0,0,0,1,0,0,0,0,0,0,0,0,0,1,1,0,0,1,0
netty,io/netty/handler/codec/http3/QpackEncoderHandler,QpackEncoderHandler,dataset/projects/netty/codec-http3/src/main/java/io/netty/handler/codec/http3/QpackEncoderHandler.java,,1,1,0,0,0,1,0,0,0,0,0,0,0,0,0,0,0,0,0,0,0,0,0,0,0,0,0,0,0,0,0,0,0,0,0
netty,io/netty/handler/codec/http3/QpackStaticTable,QpackStaticTable,,C:/Users/ismak/Documents/GitHub/relation_test_code_smell_ML/dataset/projects/netty/codec-http3/src/test/java/io/netty/handler/codec/http3/QpackStaticTableTest.java,0,0,1,5,0,0,0,0,0,0,1,1,1,0,1,0,0,0,0,0,0,0,0,0,0,0,0,0,0,0,0,0,0,1,0
netty,io/netty/handler/codec/http3/QpackStreamHandler,QpackStreamHandler,,C:/Users/ismak/Documents/GitHub/relation_test_code_smell_ML/dataset/projects/netty/codec-http3/src/test/java/io/netty/handler/codec/http3/QpackStreamHandlerTest.java,0,0,1,6,0,0,0,0,0,0,1,1,1,0,1,0,0,0,0,1,0,0,0,0,0,0,0,0,0,0,0,0,0,1,0
netty,io/netty/handler/codec/json/JsonObjectDecoder,JsonObjectDecoder,dataset/projects/netty/codec-base/src/main/java/io/netty/handler/codec/json/JsonObjectDecoder.java,C:/Users/ismak/Documents/GitHub/relation_test_code_smell_ML/dataset/projects/netty/codec-base/src/test/java/io/netty/handler/codec/json/JsonObjectDecoderTest.java,1,2,1,7,0,2,0,0,0,0,1,1,1,0,1,1,0,0,0,0,0,0,0,0,1,0,0,0,0,0,1,0,0,0,0
netty,io/netty/handler/codec/marshalling/AbstractCompatibleMarshallingDecoder,AbstractCompatibleMarshallingDecoder,,C:/Users/ismak/Documents/GitHub/relation_test_code_smell_ML/dataset/projects/netty/codec-marshalling/src/test/java/io/netty/handler/codec/marshalling/AbstractCompatibleMarshallingDecoderTest.java,0,0,1,6,0,0,0,0,0,0,1,1,1,0,1,0,0,0,0,1,0,0,0,0,0,0,0,0,0,0,1,0,0,0,0
netty,io/netty/handler/codec/marshalling/AbstractCompatibleMarshallingEncoder,AbstractCompatibleMarshallingEncoder,,C:/Users/ismak/Documents/GitHub/relation_test_code_smell_ML/dataset/projects/netty/codec-marshalling/src/test/java/io/netty/handler/codec/marshalling/AbstractCompatibleMarshallingEncoderTest.java,0,0,1,6,0,0,0,0,0,0,1,1,1,0,1,0,0,0,0,1,0,0,0,0,0,0,0,0,0,0,0,0,0,1,0
netty,io/netty/handler/codec/marshalling/AbstractMarshalling,AbstractMarshalling,,C:/Users/ismak/Documents/GitHub/relation_test_code_smell_ML/dataset/projects/netty/codec-marshalling/src/test/java/io/netty/handler/codec/marshalling/AbstractMarshallingTest.java,0,0,1,3,0,0,0,0,0,0,1,1,1,0,0,0,0,0,0,0,0,0,0,0,0,0,0,0,0,0,0,0,0,0,0
netty,io/netty/handler/codec/marshalling/RiverCompatibleMarshallingDecoder,RiverCompatibleMarshallingDecoder,,C:/Users/ismak/Documents/GitHub/relation_test_code_smell_ML/dataset/projects/netty/codec-marshalling/src/test/java/io/netty/handler/codec/marshalling/RiverCompatibleMarshallingDecoderTest.java,0,0,1,3,0,0,0,0,0,0,1,1,1,0,0,0,0,0,0,0,0,0,0,0,0,0,0,0,0,0,0,0,0,0,0
netty,io/netty/handler/codec/marshalling/RiverCompatibleMarshallingEncoder,RiverCompatibleMarshallingEncoder,,C:/Users/ismak/Documents/GitHub/relation_test_code_smell_ML/dataset/projects/netty/codec-marshalling/src/test/java/io/netty/handler/codec/marshalling/RiverCompatibleMarshallingEncoderTest.java,0,0,1,3,0,0,0,0,0,0,1,1,1,0,0,0,0,0,0,0,0,0,0,0,0,0,0,0,0,0,0,0,0,0,0
netty,io/netty/handler/codec/marshalling/RiverContextBoundCompatibleMarshallingDecoder,RiverContextBoundCompatibleMarshallingDecoder,,C:/Users/ismak/Documents/GitHub/relation_test_code_smell_ML/dataset/projects/netty/codec-marshalling/src/test/java/io/netty/handler/codec/marshalling/RiverContextBoundCompatibleMarshallingDecoderTest.java,0,0,1,3,0,0,0,0,0,0,1,1,1,0,0,0,0,0,0,0,0,0,0,0,0,0,0,0,0,0,0,0,0,0,0
netty,io/netty/handler/codec/marshalling/RiverContextBoundMarshallingDecoder,RiverContextBoundMarshallingDecoder,,C:/Users/ismak/Documents/GitHub/relation_test_code_smell_ML/dataset/projects/netty/codec-marshalling/src/test/java/io/netty/handler/codec/marshalling/RiverContextBoundMarshallingDecoderTest.java,0,0,1,3,0,0,0,0,0,0,1,1,1,0,0,0,0,0,0,0,0,0,0,0,0,0,0,0,0,0,0,0,0,0,0
netty,io/netty/handler/codec/marshalling/RiverMarshallingDecoder,RiverMarshallingDecoder,,C:/Users/ismak/Documents/GitHub/relation_test_code_smell_ML/dataset/projects/netty/codec-marshalling/src/test/java/io/netty/handler/codec/marshalling/RiverMarshallingDecoderTest.java,0,0,1,3,0,0,0,0,0,0,1,1,1,0,0,0,0,0,0,0,0,0,0,0,0,0,0,0,0,0,0,0,0,0,0
netty,io/netty/handler/codec/marshalling/RiverMarshallingEncoder,RiverMarshallingEncoder,,C:/Users/ismak/Documents/GitHub/relation_test_code_smell_ML/dataset/projects/netty/codec-marshalling/src/test/java/io/netty/handler/codec/marshalling/RiverMarshallingEncoderTest.java,0,0,1,3,0,0,0,0,0,0,1,1,1,0,0,0,0,0,0,0,0,0,0,0,0,0,0,0,0,0,0,0,0,0,0
netty,io/netty/handler/codec/marshalling/RiverThreadLocalCompatibleMarshallingDecoder,RiverThreadLocalCompatibleMarshallingDecoder,,C:/Users/ismak/Documents/GitHub/relation_test_code_smell_ML/dataset/projects/netty/codec-marshalling/src/test/java/io/netty/handler/codec/marshalling/RiverThreadLocalCompatibleMarshallingDecoderTest.java,0,0,1,3,0,0,0,0,0,0,1,1,1,0,0,0,0,0,0,0,0,0,0,0,0,0,0,0,0,0,0,0,0,0,0
netty,io/netty/handler/codec/marshalling/RiverThreadLocalCompatibleMarshallingEncoder,RiverThreadLocalCompatibleMarshallingEncoder,,C:/Users/ismak/Documents/GitHub/relation_test_code_smell_ML/dataset/projects/netty/codec-marshalling/src/test/java/io/netty/handler/codec/marshalling/RiverThreadLocalCompatibleMarshallingEncoderTest.java,0,0,1,3,0,0,0,0,0,0,1,1,1,0,0,0,0,0,0,0,0,0,0,0,0,0,0,0,0,0,0,0,0,0,0
netty,io/netty/handler/codec/marshalling/RiverThreadLocalMarshallingDecoder,RiverThreadLocalMarshallingDecoder,,C:/Users/ismak/Documents/GitHub/relation_test_code_smell_ML/dataset/projects/netty/codec-marshalling/src/test/java/io/netty/handler/codec/marshalling/RiverThreadLocalMarshallingDecoderTest.java,0,0,1,3,0,0,0,0,0,0,1,1,1,0,0,0,0,0,0,0,0,0,0,0,0,0,0,0,0,0,0,0,0,0,0
netty,io/netty/handler/codec/marshalling/RiverThreadLocalMarshallingEncoder,RiverThreadLocalMarshallingEncoder,,C:/Users/ismak/Documents/GitHub/relation_test_code_smell_ML/dataset/projects/netty/codec-marshalling/src/test/java/io/netty/handler/codec/marshalling/RiverThreadLocalMarshallingEncoderTest.java,0,0,1,3,0,0,0,0,0,0,1,1,1,0,0,0,0,0,0,0,0,0,0,0,0,0,0,0,0,0,0,0,0,0,0
netty,io/netty/handler/codec/marshalling/SerialCompatibleMarshallingDecoder,SerialCompatibleMarshallingDecoder,,C:/Users/ismak/Documents/GitHub/relation_test_code_smell_ML/dataset/projects/netty/codec-marshalling/src/test/java/io/netty/handler/codec/marshalling/SerialCompatibleMarshallingDecoderTest.java,0,0,1,3,0,0,0,0,0,0,1,1,1,0,0,0,0,0,0,0,0,0,0,0,0,0,0,0,0,0,0,0,0,0,0
netty,io/netty/handler/codec/marshalling/SerialCompatibleMarshallingEncoder,SerialCompatibleMarshallingEncoder,,C:/Users/ismak/Documents/GitHub/relation_test_code_smell_ML/dataset/projects/netty/codec-marshalling/src/test/java/io/netty/handler/codec/marshalling/SerialCompatibleMarshallingEncoderTest.java,0,0,1,3,0,0,0,0,0,0,1,1,1,0,0,0,0,0,0,0,0,0,0,0,0,0,0,0,0,0,0,0,0,0,0
netty,io/netty/handler/codec/marshalling/SerialContextBoundCompatibleMarshallingDecoder,SerialContextBoundCompatibleMarshallingDecoder,,C:/Users/ismak/Documents/GitHub/relation_test_code_smell_ML/dataset/projects/netty/codec-marshalling/src/test/java/io/netty/handler/codec/marshalling/SerialContextBoundCompatibleMarshallingDecoderTest.java,0,0,1,3,0,0,0,0,0,0,1,1,1,0,0,0,0,0,0,0,0,0,0,0,0,0,0,0,0,0,0,0,0,0,0
netty,io/netty/handler/codec/marshalling/SerialContextBoundMarshallingDecoder,SerialContextBoundMarshallingDecoder,,C:/Users/ismak/Documents/GitHub/relation_test_code_smell_ML/dataset/projects/netty/codec-marshalling/src/test/java/io/netty/handler/codec/marshalling/SerialContextBoundMarshallingDecoderTest.java,0,0,1,3,0,0,0,0,0,0,1,1,1,0,0,0,0,0,0,0,0,0,0,0,0,0,0,0,0,0,0,0,0,0,0
netty,io/netty/handler/codec/marshalling/SerialMarshallingDecoder,SerialMarshallingDecoder,,C:/Users/ismak/Documents/GitHub/relation_test_code_smell_ML/dataset/projects/netty/codec-marshalling/src/test/java/io/netty/handler/codec/marshalling/SerialMarshallingDecoderTest.java,0,0,1,3,0,0,0,0,0,0,1,1,1,0,0,0,0,0,0,0,0,0,0,0,0,0,0,0,0,0,0,0,0,0,0
netty,io/netty/handler/codec/marshalling/SerialMarshallingEncoder,SerialMarshallingEncoder,,C:/Users/ismak/Documents/GitHub/relation_test_code_smell_ML/dataset/projects/netty/codec-marshalling/src/test/java/io/netty/handler/codec/marshalling/SerialMarshallingEncoderTest.java,0,0,1,3,0,0,0,0,0,0,1,1,1,0,0,0,0,0,0,0,0,0,0,0,0,0,0,0,0,0,0,0,0,0,0
netty,io/netty/handler/codec/marshalling/SerialThreadLocalCompatibleMarshallingDecoder,SerialThreadLocalCompatibleMarshallingDecoder,,C:/Users/ismak/Documents/GitHub/relation_test_code_smell_ML/dataset/projects/netty/codec-marshalling/src/test/java/io/netty/handler/codec/marshalling/SerialThreadLocalCompatibleMarshallingDecoderTest.java,0,0,1,3,0,0,0,0,0,0,1,1,1,0,0,0,0,0,0,0,0,0,0,0,0,0,0,0,0,0,0,0,0,0,0
netty,io/netty/handler/codec/marshalling/SerialThreadLocalCompatibleMarshallingEncoder,SerialThreadLocalCompatibleMarshallingEncoder,,C:/Users/ismak/Documents/GitHub/relation_test_code_smell_ML/dataset/projects/netty/codec-marshalling/src/test/java/io/netty/handler/codec/marshalling/SerialThreadLocalCompatibleMarshallingEncoderTest.java,0,0,1,3,0,0,0,0,0,0,1,1,1,0,0,0,0,0,0,0,0,0,0,0,0,0,0,0,0,0,0,0,0,0,0
netty,io/netty/handler/codec/marshalling/SerialThreadLocalMarshallingDecoder,SerialThreadLocalMarshallingDecoder,,C:/Users/ismak/Documents/GitHub/relation_test_code_smell_ML/dataset/projects/netty/codec-marshalling/src/test/java/io/netty/handler/codec/marshalling/SerialThreadLocalMarshallingDecoderTest.java,0,0,1,3,0,0,0,0,0,0,1,1,1,0,0,0,0,0,0,0,0,0,0,0,0,0,0,0,0,0,0,0,0,0,0
netty,io/netty/handler/codec/marshalling/SerialThreadLocalMarshallingEncoder,SerialThreadLocalMarshallingEncoder,,C:/Users/ismak/Documents/GitHub/relation_test_code_smell_ML/dataset/projects/netty/codec-marshalling/src/test/java/io/netty/handler/codec/marshalling/SerialThreadLocalMarshallingEncoderTest.java,0,0,1,3,0,0,0,0,0,0,1,1,1,0,0,0,0,0,0,0,0,0,0,0,0,0,0,0,0,0,0,0,0,0,0
netty,io/netty/handler/codec/memcache/DefaultMemcacheContent,DefaultMemcacheContent,dataset/projects/netty/codec-memcache/src/main/java/io/netty/handler/codec/memcache/DefaultMemcacheContent.java,,1,1,0,0,0,0,0,0,0,1,0,0,0,0,0,0,0,0,0,0,0,0,0,0,0,0,0,0,0,0,0,0,0,0,0
netty,io/netty/handler/codec/memcache/binary/AbstractBinaryMemcacheDecoder,AbstractBinaryMemcacheDecoder,dataset/projects/netty/codec-memcache/src/main/java/io/netty/handler/codec/memcache/binary/AbstractBinaryMemcacheDecoder.java,,1,1,0,0,0,1,0,0,0,0,0,0,0,0,0,0,0,0,0,0,0,0,0,0,0,0,0,0,0,0,0,0,0,0,0
netty,io/netty/handler/codec/memcache/binary/AbstractBinaryMemcacheMessage,AbstractBinaryMemcacheMessage,dataset/projects/netty/codec-memcache/src/main/java/io/netty/handler/codec/memcache/binary/AbstractBinaryMemcacheMessage.java,,1,1,0,0,0,0,0,0,0,1,0,0,0,0,0,0,0,0,0,0,0,0,0,0,0,0,0,0,0,0,0,0,0,0,0
netty,io/netty/handler/codec/memcache/binary/BinaryMemcacheDecoder,BinaryMemcacheDecoder,,C:/Users/ismak/Documents/GitHub/relation_test_code_smell_ML/dataset/projects/netty/codec-memcache/src/test/java/io/netty/handler/codec/memcache/binary/BinaryMemcacheDecoderTest.java,0,0,1,8,0,0,0,0,0,0,1,1,1,0,1,1,0,0,0,0,0,0,0,0,1,0,0,0,0,1,0,0,0,1,0
netty,io/netty/handler/codec/memcache/binary/BinaryMemcacheEncoder,BinaryMemcacheEncoder,,C:/Users/ismak/Documents/GitHub/relation_test_code_smell_ML/dataset/projects/netty/codec-memcache/src/test/java/io/netty/handler/codec/memcache/binary/BinaryMemcacheEncoderTest.java,0,0,1,6,0,0,0,0,0,0,1,1,1,0,1,0,0,0,0,0,0,0,0,0,1,0,0,0,0,1,0,0,0,0,0
netty,io/netty/handler/codec/memcache/binary/BinaryMemcacheMessage,BinaryMemcacheMessage,dataset/projects/netty/codec-memcache/src/main/java/io/netty/handler/codec/memcache/binary/BinaryMemcacheMessage.java,C:/Users/ismak/Documents/GitHub/relation_test_code_smell_ML/dataset/projects/netty/codec-memcache/src/test/java/io/netty/handler/codec/memcache/binary/BinaryMemcacheMessageTest.java,1,1,1,5,0,0,0,0,0,1,1,1,1,0,0,0,0,0,0,0,0,0,0,0,0,0,0,0,0,0,1,1,0,0,0
netty,io/netty/handler/codec/memcache/binary/BinaryMemcacheObjectAggregator,BinaryMemcacheObjectAggregator,,C:/Users/ismak/Documents/GitHub/relation_test_code_smell_ML/dataset/projects/netty/codec-memcache/src/test/java/io/netty/handler/codec/memcache/binary/BinaryMemcacheObjectAggregatorTest.java,0,0,1,6,0,0,0,0,0,0,1,1,1,0,1,0,0,0,0,0,0,0,0,0,1,0,0,0,0,0,0,0,0,1,0
netty,io/netty/handler/codec/memcache/binary/DefaultFullBinaryMemcacheRequest,DefaultFullBinaryMemcacheRequest,dataset/projects/netty/codec-memcache/src/main/java/io/netty/handler/codec/memcache/binary/DefaultFullBinaryMemcacheRequest.java,C:/Users/ismak/Documents/GitHub/relation_test_code_smell_ML/dataset/projects/netty/codec-memcache/src/test/java/io/netty/handler/codec/memcache/binary/DefaultFullBinaryMemcacheRequestTest.java,1,1,1,3,0,0,0,0,0,1,1,1,1,0,0,0,0,0,0,0,0,0,0,0,0,0,0,0,0,0,0,0,0,0,0
netty,io/netty/handler/codec/memcache/binary/DefaultFullBinaryMemcacheResponse,DefaultFullBinaryMemcacheResponse,dataset/projects/netty/codec-memcache/src/main/java/io/netty/handler/codec/memcache/binary/DefaultFullBinaryMemcacheResponse.java,C:/Users/ismak/Documents/GitHub/relation_test_code_smell_ML/dataset/projects/netty/codec-memcache/src/test/java/io/netty/handler/codec/memcache/binary/DefaultFullBinaryMemcacheResponseTest.java,1,1,1,3,0,0,0,0,0,1,1,1,1,0,0,0,0,0,0,0,0,0,0,0,0,0,0,0,0,0,0,0,0,0,0
netty,io/netty/handler/codec/memcache/binary/FullMemcacheMessageRequest,FullMemcacheMessageRequest,,C:/Users/ismak/Documents/GitHub/relation_test_code_smell_ML/dataset/projects/netty/codec-memcache/src/test/java/io/netty/handler/codec/memcache/binary/FullMemcacheMessageRequestTest.java,0,0,1,7,0,0,0,0,0,0,1,1,1,0,1,0,0,0,0,1,0,0,0,0,1,0,0,0,0,0,0,0,0,1,0
netty,io/netty/handler/codec/memcache/binary/FullMemcacheMessageResponse,FullMemcacheMessageResponse,,C:/Users/ismak/Documents/GitHub/relation_test_code_smell_ML/dataset/projects/netty/codec-memcache/src/test/java/io/netty/handler/codec/memcache/binary/FullMemcacheMessageResponseTest.java,0,0,1,7,0,0,0,0,0,0,1,1,1,0,1,0,0,0,0,1,0,0,0,0,1,0,0,0,0,0,0,0,0,1,0
netty,io/netty/handler/codec/memcache/binary/NativeImageHandlerMetadata,NativeImageHandlerMetadata,,C:/Users/ismak/Documents/GitHub/relation_test_code_smell_ML/dataset/projects/netty/codec-memcache/src/test/java/io/netty/handler/codec/memcache/binary/NativeImageHandlerMetadataTest.java,0,0,1,4,0,0,0,0,0,0,1,1,1,0,0,0,0,0,0,0,0,0,0,0,0,0,0,0,0,0,1,0,0,0,0
netty,io/netty/handler/codec/mqtt/MqttCodec,MqttCodec,,C:/Users/ismak/Documents/GitHub/relation_test_code_smell_ML/dataset/projects/netty/codec-mqtt/src/test/java/io/netty/handler/codec/mqtt/MqttCodecTest.java,0,0,1,10,0,0,0,0,0,0,1,1,1,0,1,1,0,0,0,1,0,0,0,0,1,0,0,0,0,0,1,1,0,1,0
netty,io/netty/handler/codec/mqtt/MqttCodecUtil,MqttCodecUtil,dataset/projects/netty/codec-mqtt/src/main/java/io/netty/handler/codec/mqtt/MqttCodecUtil.java,,1,1,0,0,0,1,0,0,0,0,0,0,0,0,0,0,0,0,0,0,0,0,0,0,0,0,0,0,0,0,0,0,0,0,0
netty,io/netty/handler/codec/mqtt/MqttConnectPayload,MqttConnectPayload,,C:/Users/ismak/Documents/GitHub/relation_test_code_smell_ML/dataset/projects/netty/codec-mqtt/src/test/java/io/netty/handler/codec/mqtt/MqttConnectPayloadTest.java,0,0,1,7,0,0,0,0,0,0,1,1,1,0,1,0,0,0,0,1,0,0,0,0,0,0,0,0,0,1,1,0,0,0,0
netty,io/netty/handler/codec/mqtt/MqttConnectReturnCodeBench,MqttConnectReturnCodeBench,dataset/projects/netty/microbench/src/main/java/io/netty/handler/codec/mqtt/MqttConnectReturnCodeBench.java,,1,1,0,0,0,1,0,0,0,0,0,0,0,0,0,0,0,0,0,0,0,0,0,0,0,0,0,0,0,0,0,0,0,0,0
netty,io/netty/handler/codec/mqtt/MqttDecoder,MqttDecoder,dataset/projects/netty/codec-mqtt/src/main/java/io/netty/handler/codec/mqtt/MqttDecoder.java,,1,8,0,0,1,5,0,1,0,1,0,0,0,0,0,0,0,0,0,0,0,0,0,0,0,0,0,0,0,0,0,0,0,0,0
netty,io/netty/handler/codec/mqtt/MqttEncoder,MqttEncoder,dataset/projects/netty/codec-mqtt/src/main/java/io/netty/handler/codec/mqtt/MqttEncoder.java,,1,7,0,0,1,4,0,1,0,1,0,0,0,0,0,0,0,0,0,0,0,0,0,0,0,0,0,0,0,0,0,0,0,0,0
netty,io/netty/handler/codec/mqtt/MqttMessageBuilders,MqttMessageBuilders,dataset/projects/netty/codec-mqtt/src/main/java/io/netty/handler/codec/mqtt/MqttMessageBuilders.java,C:/Users/ismak/Documents/GitHub/relation_test_code_smell_ML/dataset/projects/netty/codec-mqtt/src/test/java/io/netty/handler/codec/mqtt/MqttMessageBuildersTest.java,1,5,1,3,1,1,0,0,1,2,1,1,1,0,0,0,0,0,0,0,0,0,0,0,0,0,0,0,0,0,0,0,0,0,0
netty,io/netty/handler/codec/mqtt/MqttMessageBuildersPacketId,MqttMessageBuildersPacketId,,C:/Users/ismak/Documents/GitHub/relation_test_code_smell_ML/dataset/projects/netty/codec-mqtt/src/test/java/io/netty/handler/codec/mqtt/MqttMessageBuildersPacketIdTest.java,0,0,1,3,0,0,0,0,0,0,1,1,1,0,0,0,0,0,0,0,0,0,0,0,0,0,0,0,0,0,0,0,0,0,0
netty,io/netty/handler/codec/mqtt/MqttMessageFactory,MqttMessageFactory,dataset/projects/netty/codec-mqtt/src/main/java/io/netty/handler/codec/mqtt/MqttMessageFactory.java,C:/Users/ismak/Documents/GitHub/relation_test_code_smell_ML/dataset/projects/netty/codec-mqtt/src/test/java/io/netty/handler/codec/mqtt/MqttMessageFactoryTest.java,1,1,1,5,0,1,0,0,0,0,1,1,1,0,1,0,0,0,0,0,0,0,0,0,0,0,0,0,0,0,0,0,0,1,0
netty,io/netty/handler/codec/mqtt/MqttMessageTypeValueOfBench,MqttMessageTypeValueOfBench,dataset/projects/netty/microbench/src/main/java/io/netty/handler/codec/mqtt/MqttMessageTypeValueOfBench.java,,1,1,0,0,0,1,0,0,0,0,0,0,0,0,0,0,0,0,0,0,0,0,0,0,0,0,0,0,0,0,0,0,0,0,0
netty,io/netty/handler/codec/mqtt/MqttProperties,MqttProperties,dataset/projects/netty/codec-mqtt/src/main/java/io/netty/handler/codec/mqtt/MqttProperties.java,C:/Users/ismak/Documents/GitHub/relation_test_code_smell_ML/dataset/projects/netty/codec-mqtt/src/test/java/io/netty/handler/codec/mqtt/MqttPropertiesTest.java,1,2,1,5,0,2,0,0,0,0,1,1,1,0,1,0,0,0,0,0,0,0,0,0,0,0,0,0,0,0,0,0,0,1,0
netty,io/netty/handler/codec/mqtt/MqttPropertyTypeValueOfBench,MqttPropertyTypeValueOfBench,dataset/projects/netty/microbench/src/main/java/io/netty/handler/codec/mqtt/MqttPropertyTypeValueOfBench.java,,1,1,0,0,0,1,0,0,0,0,0,0,0,0,0,0,0,0,0,0,0,0,0,0,0,0,0,0,0,0,0,0,0,0,0
netty,io/netty/handler/codec/mqtt/MqttPublishMessage,MqttPublishMessage,dataset/projects/netty/codec-mqtt/src/main/java/io/netty/handler/codec/mqtt/MqttPublishMessage.java,,1,1,0,0,0,0,0,0,0,1,0,0,0,0,0,0,0,0,0,0,0,0,0,0,0,0,0,0,0,0,0,0,0,0,0
netty,io/netty/handler/codec/mqtt/MqttReasonCodes,MqttReasonCodes,,C:/Users/ismak/Documents/GitHub/relation_test_code_smell_ML/dataset/projects/netty/codec-mqtt/src/test/java/io/netty/handler/codec/mqtt/MqttReasonCodesTest.java,0,0,1,4,0,0,0,0,0,0,1,1,1,0,0,1,0,0,0,0,0,0,0,0,0,0,0,0,0,0,0,0,0,0,0
netty,io/netty/handler/codec/mqtt/NativeImageHandlerMetadata,NativeImageHandlerMetadata,,C:/Users/ismak/Documents/GitHub/relation_test_code_smell_ML/dataset/projects/netty/codec-mqtt/src/test/java/io/netty/handler/codec/mqtt/NativeImageHandlerMetadataTest.java,0,0,1,4,0,0,0,0,0,0,1,1,1,0,0,0,0,0,0,0,0,0,0,0,0,0,0,0,0,0,1,0,0,0,0
netty,io/netty/handler/codec/protobuf/ProtobufVarint32FrameDecoder,ProtobufVarint32FrameDecoder,,C:/Users/ismak/Documents/GitHub/relation_test_code_smell_ML/dataset/projects/netty/codec-protobuf/src/test/java/io/netty/handler/codec/protobuf/ProtobufVarint32FrameDecoderTest.java,0,0,1,7,0,0,0,0,0,0,1,1,1,0,1,1,0,0,0,0,1,0,0,0,0,0,0,0,0,1,0,0,0,0,0
netty,io/netty/handler/codec/protobuf/ProtobufVarint32LengthFieldPrepender,ProtobufVarint32LengthFieldPrepender,,C:/Users/ismak/Documents/GitHub/relation_test_code_smell_ML/dataset/projects/netty/codec-protobuf/src/test/java/io/netty/handler/codec/protobuf/ProtobufVarint32LengthFieldPrependerTest.java,0,0,1,5,0,0,0,0,0,0,1,1,1,0,1,1,0,0,0,0,0,0,0,0,0,0,0,0,0,0,0,0,0,0,0
netty,io/netty/handler/codec/protobuf/VarintDecodingBenchmark,VarintDecodingBenchmark,dataset/projects/netty/microbench/src/main/java/io/netty/handler/codec/protobuf/VarintDecodingBenchmark.java,,1,1,0,0,0,1,0,0,0,0,0,0,0,0,0,0,0,0,0,0,0,0,0,0,0,0,0,0,0,0,0,0,0,0,0
netty,io/netty/handler/codec/quic/AbstractQuic,AbstractQuic,,C:/Users/ismak/Documents/GitHub/relation_test_code_smell_ML/dataset/projects/netty/codec-native-quic/src/test/java/io/netty/handler/codec/quic/AbstractQuicTest.java,0,0,1,3,0,0,0,0,0,0,1,1,1,0,0,0,0,0,0,0,0,0,0,0,0,0,0,0,0,0,0,0,0,0,0
netty,io/netty/handler/codec/quic/BoringSSL,BoringSSL,dataset/projects/netty/codec-classes-quic/src/main/java/io/netty/handler/codec/quic/BoringSSL.java,,1,3,0,0,0,0,2,0,0,1,0,0,0,0,0,0,0,0,0,0,0,0,0,0,0,0,0,0,0,0,0,0,0,0,0
netty,io/netty/handler/codec/quic/BoringSSLCertificateCallback,BoringSSLCertificateCallback,dataset/projects/netty/codec-classes-quic/src/main/java/io/netty/handler/codec/quic/BoringSSLCertificateCallback.java,,1,1,0,0,0,1,0,0,0,0,0,0,0,0,0,0,0,0,0,0,0,0,0,0,0,0,0,0,0,0,0,0,0,0,0
netty,io/netty/handler/codec/quic/BoringSSLCertificateVerifyCallback,BoringSSLCertificateVerifyCallback,dataset/projects/netty/codec-classes-quic/src/main/java/io/netty/handler/codec/quic/BoringSSLCertificateVerifyCallback.java,,1,1,0,0,0,1,0,0,0,0,0,0,0,0,0,0,0,0,0,0,0,0,0,0,0,0,0,0,0,0,0,0,0,0,0
netty,io/netty/handler/codec/quic/BoringSSLNativeStaticallyReferencedJniMethods,BoringSSLNativeStaticallyReferencedJniMethods,dataset/projects/netty/codec-classes-quic/src/main/java/io/netty/handler/codec/quic/BoringSSLNativeStaticallyReferencedJniMethods.java,,1,1,0,0,0,0,0,0,0,1,0,0,0,0,0,0,0,0,0,0,0,0,0,0,0,0,0,0,0,0,0,0,0,0,0
netty,io/netty/handler/codec/quic/DefaultQuicStreamFrame,DefaultQuicStreamFrame,dataset/projects/netty/codec-classes-quic/src/main/java/io/netty/handler/codec/quic/DefaultQuicStreamFrame.java,,1,1,0,0,0,0,0,0,0,1,0,0,0,0,0,0,0,0,0,0,0,0,0,0,0,0,0,0,0,0,0,0,0,0,0
netty,io/netty/handler/codec/quic/DirectIoByteBufAllocator,DirectIoByteBufAllocator,dataset/projects/netty/codec-classes-quic/src/main/java/io/netty/handler/codec/quic/DirectIoByteBufAllocator.java,,1,1,0,0,0,0,0,0,0,1,0,0,0,0,0,0,0,0,0,0,0,0,0,0,0,0,0,0,0,0,0,0,0,0,0
netty,io/netty/handler/codec/quic/FlushStrategy,FlushStrategy,,C:/Users/ismak/Documents/GitHub/relation_test_code_smell_ML/dataset/projects/netty/codec-native-quic/src/test/java/io/netty/handler/codec/quic/FlushStrategyTest.java,0,0,1,4,0,0,0,0,0,0,1,1,1,0,1,0,0,0,0,0,0,0,0,0,0,0,0,0,0,0,0,0,0,0,0
netty,io/netty/handler/codec/quic/InsecureQuicTokenHandler,InsecureQuicTokenHandler,,C:/Users/ismak/Documents/GitHub/relation_test_code_smell_ML/dataset/projects/netty/codec-native-quic/src/test/java/io/netty/handler/codec/quic/InsecureQuicTokenHandlerTest.java,0,0,1,6,0,0,0,0,0,0,1,1,1,0,0,0,0,0,0,1,0,0,0,0,0,0,0,0,0,0,1,1,0,0,0
netty,io/netty/handler/codec/quic/LogBackAppender,LogBackAppender,,C:/Users/ismak/Documents/GitHub/relation_test_code_smell_ML/dataset/projects/netty/codec-native-quic/src/test/java/io/netty/handler/codec/quic/TestLogBackAppender.java,0,0,1,3,0,0,0,0,0,0,1,1,1,0,0,0,0,0,0,0,0,0,0,0,0,0,0,0,0,0,0,0,0,0,0
netty,io/netty/handler/codec/quic/NoQuicTokenHandler,NoQuicTokenHandler,,C:/Users/ismak/Documents/GitHub/relation_test_code_smell_ML/dataset/projects/netty/codec-native-quic/src/test/java/io/netty/handler/codec/quic/NoQuicTokenHandlerTest.java,0,0,1,6,0,0,0,0,0,0,1,1,1,0,1,0,0,0,0,1,0,0,0,0,0,0,0,0,0,0,0,0,0,1,0
netty,io/netty/handler/codec/quic/Quic,Quic,,C:/Users/ismak/Documents/GitHub/relation_test_code_smell_ML/dataset/projects/netty/codec-native-quic/src/test/java/io/netty/handler/codec/quic/QuicTest.java,0,0,1,6,0,0,0,0,0,0,1,1,1,0,1,0,0,0,0,0,0,0,0,0,0,0,0,0,0,1,0,0,0,1,0
netty,io/netty/handler/codec/quic/QuicChannel,QuicChannel,dataset/projects/netty/codec-classes-quic/src/main/java/io/netty/handler/codec/quic/QuicChannel.java,,1,1,0,0,0,0,0,0,0,1,0,0,0,0,0,0,0,0,0,0,0,0,0,0,0,0,0,0,0,0,0,0,0,0,0
netty,io/netty/handler/codec/quic/QuicChannelBootstrap,QuicChannelBootstrap,dataset/projects/netty/codec-classes-quic/src/main/java/io/netty/handler/codec/quic/QuicChannelBootstrap.java,,1,1,0,0,0,0,0,0,0,1,0,0,0,0,0,0,0,0,0,0,0,0,0,0,0,0,0,0,0,0,0,0,0,0,0
netty,io/netty/handler/codec/quic/QuicChannelConnect,QuicChannelConnect,,C:/Users/ismak/Documents/GitHub/relation_test_code_smell_ML/dataset/projects/netty/codec-native-quic/src/test/java/io/netty/handler/codec/quic/QuicChannelConnectTest.java,0,0,1,10,0,0,0,0,0,0,1,1,1,0,1,1,0,0,0,1,0,0,0,0,0,0,1,0,0,0,1,1,0,1,0
netty,io/netty/handler/codec/quic/QuicChannelDatagram,QuicChannelDatagram,,C:/Users/ismak/Documents/GitHub/relation_test_code_smell_ML/dataset/projects/netty/codec-native-quic/src/test/java/io/netty/handler/codec/quic/QuicChannelDatagramTest.java,0,0,1,6,0,0,0,0,0,0,1,1,1,0,0,0,0,0,0,1,0,0,0,0,0,0,0,0,0,0,1,1,0,0,0
netty,io/netty/handler/codec/quic/QuicChannelEcho,QuicChannelEcho,,C:/Users/ismak/Documents/GitHub/relation_test_code_smell_ML/dataset/projects/netty/codec-native-quic/src/test/java/io/netty/handler/codec/quic/QuicChannelEchoTest.java,0,0,1,9,0,0,0,0,0,0,1,1,1,0,1,1,0,0,0,1,0,0,0,0,0,0,1,0,0,0,1,0,0,1,0
netty,io/netty/handler/codec/quic/QuicCodecBuilder,QuicCodecBuilder,dataset/projects/netty/codec-classes-quic/src/main/java/io/netty/handler/codec/quic/QuicCodecBuilder.java,C:/Users/ismak/Documents/GitHub/relation_test_code_smell_ML/dataset/projects/netty/codec-native-quic/src/test/java/io/netty/handler/codec/quic/QuicCodecBuilderTest.java,1,2,1,4,0,0,0,0,1,1,1,1,1,0,0,0,0,0,0,0,0,0,0,0,0,0,0,0,0,0,0,1,0,0,0
netty,io/netty/handler/codec/quic/QuicCodecDispatcher,QuicCodecDispatcher,dataset/projects/netty/codec-classes-quic/src/main/java/io/netty/handler/codec/quic/QuicCodecDispatcher.java,C:/Users/ismak/Documents/GitHub/relation_test_code_smell_ML/dataset/projects/netty/codec-native-quic/src/test/java/io/netty/handler/codec/quic/QuicCodecDispatcherTest.java,1,1,1,7,0,0,0,0,0,1,1,1,1,0,1,1,0,0,0,1,0,0,0,0,0,0,0,0,0,0,0,0,0,1,0
netty,io/netty/handler/codec/quic/QuicConnectionAddress,QuicConnectionAddress,,C:/Users/ismak/Documents/GitHub/relation_test_code_smell_ML/dataset/projects/netty/codec-native-quic/src/test/java/io/netty/handler/codec/quic/QuicConnectionAddressTest.java,0,0,1,3,0,0,0,0,0,0,1,1,1,0,0,0,0,0,0,0,0,0,0,0,0,0,0,0,0,0,0,0,0,0,0
netty,io/netty/handler/codec/quic/QuicConnectionIdGenerator,QuicConnectionIdGenerator,,C:/Users/ismak/Documents/GitHub/relation_test_code_smell_ML/dataset/projects/netty/codec-native-quic/src/test/java/io/netty/handler/codec/quic/QuicConnectionIdGeneratorTest.java,0,0,1,6,0,0,0,0,0,0,1,1,1,0,1,0,0,0,0,0,0,0,0,0,0,0,0,0,0,1,0,0,0,1,0
netty,io/netty/handler/codec/quic/QuicConnectionPathStats,QuicConnectionPathStats,dataset/projects/netty/codec-classes-quic/src/main/java/io/netty/handler/codec/quic/QuicConnectionPathStats.java,C:/Users/ismak/Documents/GitHub/relation_test_code_smell_ML/dataset/projects/netty/codec-native-quic/src/test/java/io/netty/handler/codec/quic/QuicConnectionPathStatsTest.java,1,1,1,6,0,0,0,0,0,1,1,1,1,0,1,0,0,0,0,1,0,0,0,0,0,0,0,0,0,0,0,0,0,1,0
netty,io/netty/handler/codec/quic/QuicConnectionStats,QuicConnectionStats,,C:/Users/ismak/Documents/GitHub/relation_test_code_smell_ML/dataset/projects/netty/codec-native-quic/src/test/java/io/netty/handler/codec/quic/QuicConnectionStatsTest.java,0,0,1,6,0,0,0,0,0,0,1,1,1,0,1,0,0,0,0,1,0,0,0,0,0,0,0,0,0,0,0,0,0,1,0
netty,io/netty/handler/codec/quic/QuicHeaderParser,QuicHeaderParser,dataset/projects/netty/codec-classes-quic/src/main/java/io/netty/handler/codec/quic/QuicHeaderParser.java,,1,1,0,0,0,0,0,0,0,1,0,0,0,0,0,0,0,0,0,0,0,0,0,0,0,0,0,0,0,0,0,0,0,0,0
netty,io/netty/handler/codec/quic/QuicPortReuse,QuicPortReuse,,C:/Users/ismak/Documents/GitHub/relation_test_code_smell_ML/dataset/projects/netty/codec-native-quic/src/test/java/io/netty/handler/codec/quic/QuicPortReuseTest.java,0,0,1,7,0,0,0,0,0,0,1,1,1,0,0,1,0,0,0,1,0,0,0,0,0,0,1,0,0,0,1,0,0,0,0
netty,io/netty/handler/codec/quic/QuicReadable,QuicReadable,,C:/Users/ismak/Documents/GitHub/relation_test_code_smell_ML/dataset/projects/netty/codec-native-quic/src/test/java/io/netty/handler/codec/quic/QuicReadableTest.java,0,0,1,6,0,0,0,0,0,0,1,1,1,0,0,1,0,0,0,1,0,0,0,0,0,0,1,0,0,0,0,0,0,0,0
netty,io/netty/handler/codec/quic/QuicServerCodecBuilder,QuicServerCodecBuilder,dataset/projects/netty/codec-classes-quic/src/main/java/io/netty/handler/codec/quic/QuicServerCodecBuilder.java,,1,1,0,0,0,0,0,0,0,1,0,0,0,0,0,0,0,0,0,0,0,0,0,0,0,0,0,0,0,0,0,0,0,0,0
netty,io/netty/handler/codec/quic/QuicSslContext,QuicSslContext,,C:/Users/ismak/Documents/GitHub/relation_test_code_smell_ML/dataset/projects/netty/codec-native-quic/src/test/java/io/netty/handler/codec/quic/QuicSslContextTest.java,0,0,1,5,0,0,0,0,0,0,1,1,1,0,0,0,0,0,0,0,0,0,0,0,0,0,0,0,0,0,1,1,0,0,0
netty,io/netty/handler/codec/quic/QuicSslContextBuilder,QuicSslContextBuilder,dataset/projects/netty/codec-classes-quic/src/main/java/io/netty/handler/codec/quic/QuicSslContextBuilder.java,,1,2,0,0,1,0,0,0,0,1,0,0,0,0,0,0,0,0,0,0,0,0,0,0,0,0,0,0,0,0,0,0,0,0,0
netty,io/netty/handler/codec/quic/QuicStreamChannel,QuicStreamChannel,dataset/projects/netty/codec-classes-quic/src/main/java/io/netty/handler/codec/quic/QuicStreamChannel.java,,1,1,0,0,0,0,0,0,0,1,0,0,0,0,0,0,0,0,0,0,0,0,0,0,0,0,0,0,0,0,0,0,0,0,0
netty,io/netty/handler/codec/quic/QuicStreamChannelClose,QuicStreamChannelClose,,C:/Users/ismak/Documents/GitHub/relation_test_code_smell_ML/dataset/projects/netty/codec-native-quic/src/test/java/io/netty/handler/codec/quic/QuicStreamChannelCloseTest.java,0,0,1,6,0,0,0,0,0,0,1,1,1,0,0,0,0,0,0,1,0,0,0,0,0,0,0,0,0,0,1,1,0,0,0
netty,io/netty/handler/codec/quic/QuicStreamChannelCreation,QuicStreamChannelCreation,,C:/Users/ismak/Documents/GitHub/relation_test_code_smell_ML/dataset/projects/netty/codec-native-quic/src/test/java/io/netty/handler/codec/quic/QuicStreamChannelCreationTest.java,0,0,1,4,0,0,0,0,0,0,1,1,1,0,0,0,0,0,0,1,0,0,0,0,0,0,0,0,0,0,0,0,0,0,0
netty,io/netty/handler/codec/quic/QuicStreamFrame,QuicStreamFrame,,C:/Users/ismak/Documents/GitHub/relation_test_code_smell_ML/dataset/projects/netty/codec-native-quic/src/test/java/io/netty/handler/codec/quic/QuicStreamFrameTest.java,0,0,1,6,0,0,0,0,0,0,1,1,1,0,0,0,0,0,0,1,0,0,0,0,0,0,0,0,0,0,1,1,0,0,0
netty,io/netty/handler/codec/quic/QuicStreamHalfClosure,QuicStreamHalfClosure,,C:/Users/ismak/Documents/GitHub/relation_test_code_smell_ML/dataset/projects/netty/codec-native-quic/src/test/java/io/netty/handler/codec/quic/QuicStreamHalfClosureTest.java,0,0,1,6,0,0,0,0,0,0,1,1,1,0,0,0,0,0,0,1,0,0,0,0,0,0,0,0,0,0,1,1,0,0,0
netty,io/netty/handler/codec/quic/QuicStreamIdGenerator,QuicStreamIdGenerator,,C:/Users/ismak/Documents/GitHub/relation_test_code_smell_ML/dataset/projects/netty/codec-native-quic/src/test/java/io/netty/handler/codec/quic/QuicStreamIdGeneratorTest.java,0,0,1,5,0,0,0,0,0,0,1,1,1,0,1,0,0,0,0,0,0,0,0,0,0,0,0,0,0,0,0,0,0,1,0
netty,io/netty/handler/codec/quic/QuicStreamLimit,QuicStreamLimit,,C:/Users/ismak/Documents/GitHub/relation_test_code_smell_ML/dataset/projects/netty/codec-native-quic/src/test/java/io/netty/handler/codec/quic/QuicStreamLimitTest.java,0,0,1,6,0,0,0,0,0,0,1,1,1,0,0,0,0,0,0,1,0,0,0,0,0,0,0,0,0,0,1,1,0,0,0
netty,io/netty/handler/codec/quic/QuicStreamShutdown,QuicStreamShutdown,,C:/Users/ismak/Documents/GitHub/relation_test_code_smell_ML/dataset/projects/netty/codec-native-quic/src/test/java/io/netty/handler/codec/quic/QuicStreamShutdownTest.java,0,0,1,7,0,0,0,0,0,0,1,1,1,0,1,1,0,0,0,1,0,0,0,0,0,0,0,0,0,0,0,0,0,1,0
netty,io/netty/handler/codec/quic/QuicStreamType,QuicStreamType,,C:/Users/ismak/Documents/GitHub/relation_test_code_smell_ML/dataset/projects/netty/codec-native-quic/src/test/java/io/netty/handler/codec/quic/QuicStreamTypeTest.java,0,0,1,4,0,0,0,0,0,0,1,1,1,0,0,0,0,0,0,1,0,0,0,0,0,0,0,0,0,0,0,0,0,0,0
netty,io/netty/handler/codec/quic/QuicTokenHandler,QuicTokenHandler,,C:/Users/ismak/Documents/GitHub/relation_test_code_smell_ML/dataset/projects/netty/codec-native-quic/src/test/java/io/netty/handler/codec/quic/TestQuicTokenHandler.java,0,0,1,4,0,0,0,0,0,0,1,1,1,0,0,0,1,0,0,0,0,0,0,0,0,0,0,0,0,0,0,0,0,0,0
netty,io/netty/handler/codec/quic/QuicTransportParameters,QuicTransportParameters,dataset/projects/netty/codec-classes-quic/src/main/java/io/netty/handler/codec/quic/QuicTransportParameters.java,C:/Users/ismak/Documents/GitHub/relation_test_code_smell_ML/dataset/projects/netty/codec-native-quic/src/test/java/io/netty/handler/codec/quic/QuicTransportParametersTest.java,1,1,1,4,0,0,0,0,0,1,1,1,1,0,0,0,0,0,0,1,0,0,0,0,0,0,0,0,0,0,0,0,0,0,0
netty,io/netty/handler/codec/quic/QuicWritable,QuicWritable,,C:/Users/ismak/Documents/GitHub/relation_test_code_smell_ML/dataset/projects/netty/codec-native-quic/src/test/java/io/netty/handler/codec/quic/QuicWritableTest.java,0,0,1,6,0,0,0,0,0,0,1,1,1,0,0,0,0,0,0,1,0,0,0,0,0,0,0,0,0,0,1,1,0,0,0
netty,io/netty/handler/codec/quic/Quiche,Quiche,dataset/projects/netty/codec-classes-quic/src/main/java/io/netty/handler/codec/quic/Quiche.java,,1,5,0,0,0,1,2,1,0,1,0,0,0,0,0,0,0,0,0,0,0,0,0,0,0,0,0,0,0,0,0,0,0,0,0
netty,io/netty/handler/codec/quic/QuicheConfig,QuicheConfig,dataset/projects/netty/codec-classes-quic/src/main/java/io/netty/handler/codec/quic/QuicheConfig.java,,1,2,0,0,0,1,1,0,0,0,0,0,0,0,0,0,0,0,0,0,0,0,0,0,0,0,0,0,0,0,0,0,0,0,0
netty,io/netty/handler/codec/quic/QuicheNativeStaticallyReferencedJniMethods,QuicheNativeStaticallyReferencedJniMethods,dataset/projects/netty/codec-classes-quic/src/main/java/io/netty/handler/codec/quic/QuicheNativeStaticallyReferencedJniMethods.java,,1,1,0,0,0,0,0,0,0,1,0,0,0,0,0,0,0,0,0,0,0,0,0,0,0,0,0,0,0,0,0,0,0,0,0
netty,io/netty/handler/codec/quic/QuicheQuicChannel,QuicheQuicChannel,dataset/projects/netty/codec-classes-quic/src/main/java/io/netty/handler/codec/quic/QuicheQuicChannel.java,,1,20,0,0,1,13,1,2,1,2,0,0,0,0,0,0,0,0,0,0,0,0,0,0,0,0,0,0,0,0,0,0,0,0,0
netty,io/netty/handler/codec/quic/QuicheQuicChannelConfig,QuicheQuicChannelConfig,dataset/projects/netty/codec-classes-quic/src/main/java/io/netty/handler/codec/quic/QuicheQuicChannelConfig.java,,1,1,0,0,0,0,0,0,0,1,0,0,0,0,0,0,0,0,0,0,0,0,0,0,0,0,0,0,0,0,0,0,0,0,0
netty,io/netty/handler/codec/quic/QuicheQuicClientCodec,QuicheQuicClientCodec,dataset/projects/netty/codec-classes-quic/src/main/java/io/netty/handler/codec/quic/QuicheQuicClientCodec.java,C:/Users/ismak/Documents/GitHub/relation_test_code_smell_ML/dataset/projects/netty/codec-native-quic/src/test/java/io/netty/handler/codec/quic/QuicheQuicClientCodecTest.java,1,1,1,3,0,0,1,0,0,0,1,1,1,0,0,0,0,0,0,0,0,0,0,0,0,0,0,0,0,0,0,0,0,0,0
netty,io/netty/handler/codec/quic/QuicheQuicCodec,QuicheQuicCodec,dataset/projects/netty/codec-classes-quic/src/main/java/io/netty/handler/codec/quic/QuicheQuicCodec.java,C:/Users/ismak/Documents/GitHub/relation_test_code_smell_ML/dataset/projects/netty/codec-native-quic/src/test/java/io/netty/handler/codec/quic/QuicheQuicCodecTest.java,1,2,1,5,0,0,1,0,0,1,1,1,1,0,0,0,0,0,0,0,0,0,0,0,0,0,0,0,0,0,1,1,0,0,0
netty,io/netty/handler/codec/quic/QuicheQuicConnection,QuicheQuicConnection,dataset/projects/netty/codec-classes-quic/src/main/java/io/netty/handler/codec/quic/QuicheQuicConnection.java,,1,1,0,0,0,0,0,0,0,1,0,0,0,0,0,0,0,0,0,0,0,0,0,0,0,0,0,0,0,0,0,0,0,0,0
netty,io/netty/handler/codec/quic/QuicheQuicConnectionPathStats,QuicheQuicConnectionPathStats,dataset/projects/netty/codec-classes-quic/src/main/java/io/netty/handler/codec/quic/QuicheQuicConnectionPathStats.java,,1,1,0,0,0,0,0,0,0,1,0,0,0,0,0,0,0,0,0,0,0,0,0,0,0,0,0,0,0,0,0,0,0,0,0
netty,io/netty/handler/codec/quic/QuicheQuicServerCodec,QuicheQuicServerCodec,dataset/projects/netty/codec-classes-quic/src/main/java/io/netty/handler/codec/quic/QuicheQuicServerCodec.java,C:/Users/ismak/Documents/GitHub/relation_test_code_smell_ML/dataset/projects/netty/codec-native-quic/src/test/java/io/netty/handler/codec/quic/QuicheQuicServerCodecTest.java,1,5,1,3,1,1,3,0,0,0,1,1,1,0,0,0,0,0,0,0,0,0,0,0,0,0,0,0,0,0,0,0,0,0,0
netty,io/netty/handler/codec/quic/QuicheQuicSslContext,QuicheQuicSslContext,dataset/projects/netty/codec-classes-quic/src/main/java/io/netty/handler/codec/quic/QuicheQuicSslContext.java,,1,6,0,0,1,2,1,1,0,1,0,0,0,0,0,0,0,0,0,0,0,0,0,0,0,0,0,0,0,0,0,0,0,0,0
netty,io/netty/handler/codec/quic/QuicheQuicSslEngine,QuicheQuicSslEngine,dataset/projects/netty/codec-classes-quic/src/main/java/io/netty/handler/codec/quic/QuicheQuicSslEngine.java,,1,4,0,0,0,0,0,2,0,2,0,0,0,0,0,0,0,0,0,0,0,0,0,0,0,0,0,0,0,0,0,0,0,0,0
netty,io/netty/handler/codec/quic/QuicheQuicStreamChannel,QuicheQuicStreamChannel,dataset/projects/netty/codec-classes-quic/src/main/java/io/netty/handler/codec/quic/QuicheQuicStreamChannel.java,,1,11,0,0,1,6,0,2,0,2,0,0,0,0,0,0,0,0,0,0,0,0,0,0,0,0,0,0,0,0,0,0,0,0,0
netty,io/netty/handler/codec/quic/QuicheQuicStreamChannelConfig,QuicheQuicStreamChannelConfig,dataset/projects/netty/codec-classes-quic/src/main/java/io/netty/handler/codec/quic/QuicheQuicStreamChannelConfig.java,,1,1,0,0,0,0,0,0,0,1,0,0,0,0,0,0,0,0,0,0,0,0,0,0,0,0,0,0,0,0,0,0,0,0,0
netty,io/netty/handler/codec/quic/QuicheQuicTransportParameters,QuicheQuicTransportParameters,dataset/projects/netty/codec-classes-quic/src/main/java/io/netty/handler/codec/quic/QuicheQuicTransportParameters.java,,1,1,0,0,0,0,0,0,0,1,0,0,0,0,0,0,0,0,0,0,0,0,0,0,0,0,0,0,0,0,0,0,0,0,0
netty,io/netty/handler/codec/quic/SipHash,SipHash,dataset/projects/netty/codec-classes-quic/src/main/java/io/netty/handler/codec/quic/SipHash.java,C:/Users/ismak/Documents/GitHub/relation_test_code_smell_ML/dataset/projects/netty/codec-native-quic/src/test/java/io/netty/handler/codec/quic/SipHashTest.java,1,1,1,4,0,1,0,0,0,0,1,1,1,0,0,0,0,0,0,0,0,0,0,0,0,0,0,0,0,0,0,1,0,0,0
netty,io/netty/handler/codec/quic/SslSessionTicketKey,SslSessionTicketKey,dataset/projects/netty/codec-classes-quic/src/main/java/io/netty/handler/codec/quic/SslSessionTicketKey.java,,1,1,0,0,0,1,0,0,0,0,0,0,0,0,0,0,0,0,0,0,0,0,0,0,0,0,0,0,0,0,0,0,0,0,0
netty,io/netty/handler/codec/redis/FixedRedisMessagePool,FixedRedisMessagePool,,C:/Users/ismak/Documents/GitHub/relation_test_code_smell_ML/dataset/projects/netty/codec-redis/src/test/java/io/netty/handler/codec/redis/FixedRedisMessagePoolTest.java,0,0,1,4,0,0,0,0,0,0,1,1,1,0,1,0,0,0,0,0,0,0,0,0,0,0,0,0,0,0,0,0,0,0,0
netty,io/netty/handler/codec/redis/NativeImageHandlerMetadata,NativeImageHandlerMetadata,,C:/Users/ismak/Documents/GitHub/relation_test_code_smell_ML/dataset/projects/netty/codec-redis/src/test/java/io/netty/handler/codec/redis/NativeImageHandlerMetadataTest.java,0,0,1,4,0,0,0,0,0,0,1,1,1,0,0,0,0,0,0,0,0,0,0,0,0,0,0,0,0,0,1,0,0,0,0
netty,io/netty/handler/codec/redis/RedisArrayAggregator,RedisArrayAggregator,,C:/Users/ismak/Documents/GitHub/relation_test_code_smell_ML/dataset/projects/netty/codec-redis/src/test/java/io/netty/handler/codec/redis/RedisArrayAggregatorTest.java,0,0,1,6,0,0,0,0,0,0,1,1,1,0,1,1,0,0,0,0,0,0,0,0,0,0,0,0,0,0,0,1,0,0,0
netty,io/netty/handler/codec/redis/RedisDecoder,RedisDecoder,dataset/projects/netty/codec-redis/src/main/java/io/netty/handler/codec/redis/RedisDecoder.java,C:/Users/ismak/Documents/GitHub/relation_test_code_smell_ML/dataset/projects/netty/codec-redis/src/test/java/io/netty/handler/codec/redis/RedisDecoderTest.java,1,3,1,9,0,2,0,0,0,1,1,1,1,0,1,1,0,0,0,1,0,0,0,0,1,0,0,0,0,1,0,0,0,1,0
netty,io/netty/handler/codec/redis/RedisEncoder,RedisEncoder,dataset/projects/netty/codec-redis/src/main/java/io/netty/handler/codec/redis/RedisEncoder.java,C:/Users/ismak/Documents/GitHub/relation_test_code_smell_ML/dataset/projects/netty/codec-redis/src/test/java/io/netty/handler/codec/redis/RedisEncoderTest.java,1,2,1,4,0,1,0,0,0,1,1,1,1,0,1,0,0,0,0,0,0,0,0,0,0,0,0,0,0,0,0,0,0,0,0
netty,io/netty/handler/codec/rtsp/RtspDecoder,RtspDecoder,,C:/Users/ismak/Documents/GitHub/relation_test_code_smell_ML/dataset/projects/netty/codec-http/src/test/java/io/netty/handler/codec/rtsp/RtspDecoderTest.java,0,0,1,4,0,0,0,0,0,0,1,1,1,0,1,0,0,0,0,0,0,0,0,0,0,0,0,0,0,0,0,0,0,0,0
netty,io/netty/handler/codec/rtsp/RtspEncoder,RtspEncoder,,C:/Users/ismak/Documents/GitHub/relation_test_code_smell_ML/dataset/projects/netty/codec-http/src/test/java/io/netty/handler/codec/rtsp/RtspEncoderTest.java,0,0,1,4,0,0,0,0,0,0,1,1,1,0,0,0,0,0,0,0,0,1,0,0,0,0,0,0,0,0,0,0,0,0,0
netty,io/netty/handler/codec/rtsp/RtspMethods,RtspMethods,,C:/Users/ismak/Documents/GitHub/relation_test_code_smell_ML/dataset/projects/netty/codec-http/src/test/java/io/netty/handler/codec/rtsp/RtspMethodsTest.java,0,0,1,3,0,0,0,0,0,0,1,1,1,0,0,0,0,0,0,0,0,0,0,0,0,0,0,0,0,0,0,0,0,0,0
netty,io/netty/handler/codec/rtsp/RtspResponseStatuses,RtspResponseStatuses,dataset/projects/netty/codec-http/src/main/java/io/netty/handler/codec/rtsp/RtspResponseStatuses.java,,1,1,0,0,0,1,0,0,0,0,0,0,0,0,0,0,0,0,0,0,0,0,0,0,0,0,0,0,0,0,0,0,0,0,0
netty,io/netty/handler/codec/sctp/NativeImageHandlerMetadata,NativeImageHandlerMetadata,,C:/Users/ismak/Documents/GitHub/relation_test_code_smell_ML/dataset/projects/netty/transport-sctp/src/test/java/io/netty/handler/codec/sctp/NativeImageHandlerMetadataTest.java,0,0,1,4,0,0,0,0,0,0,1,1,1,0,0,0,0,0,0,0,0,0,0,0,0,0,0,0,0,0,1,0,0,0,0
netty,io/netty/handler/codec/sctp/SctpMessageCompletionHandler,SctpMessageCompletionHandler,,C:/Users/ismak/Documents/GitHub/relation_test_code_smell_ML/dataset/projects/netty/transport-sctp/src/test/java/io/netty/handler/codec/sctp/SctpMessageCompletionHandlerTest.java,0,0,1,5,0,0,0,0,0,0,1,1,1,0,1,0,0,0,0,0,0,0,0,0,0,0,0,0,0,0,0,0,0,1,0
netty,io/netty/handler/codec/serialization/CompactObjectSerialization,CompactObjectSerialization,,C:/Users/ismak/Documents/GitHub/relation_test_code_smell_ML/dataset/projects/netty/codec-base/src/test/java/io/netty/handler/codec/serialization/CompactObjectSerializationTest.java,0,0,1,4,0,0,0,0,0,0,1,1,1,0,0,0,0,0,0,1,0,0,0,0,0,0,0,0,0,0,0,0,0,0,0
netty,io/netty/handler/codec/serialization/CompatibleObjectEncoder,CompatibleObjectEncoder,,C:/Users/ismak/Documents/GitHub/relation_test_code_smell_ML/dataset/projects/netty/codec-base/src/test/java/io/netty/handler/codec/serialization/CompatibleObjectEncoderTest.java,0,0,1,5,0,0,0,0,0,0,1,1,1,0,0,0,0,0,0,1,0,0,0,0,0,0,0,0,0,0,0,1,0,0,0
netty,io/netty/handler/codec/serialization/ObjectDecoderInputStream,ObjectDecoderInputStream,dataset/projects/netty/codec-base/src/main/java/io/netty/handler/codec/serialization/ObjectDecoderInputStream.java,,1,1,0,0,0,0,0,0,0,1,0,0,0,0,0,0,0,0,0,0,0,0,0,0,0,0,0,0,0,0,0,0,0,0,0
netty,io/netty/handler/codec/serialization/ObjectEncoderOutputStream,ObjectEncoderOutputStream,dataset/projects/netty/codec-base/src/main/java/io/netty/handler/codec/serialization/ObjectEncoderOutputStream.java,,1,1,0,0,0,0,0,0,0,1,0,0,0,0,0,0,0,0,0,0,0,0,0,0,0,0,0,0,0,0,0,0,0,0,0
netty,io/netty/handler/codec/serialization/ReferenceMap,ReferenceMap,dataset/projects/netty/codec-base/src/main/java/io/netty/handler/codec/serialization/ReferenceMap.java,,1,1,0,0,0,0,0,0,0,1,0,0,0,0,0,0,0,0,0,0,0,0,0,0,0,0,0,0,0,0,0,0,0,0,0
netty,io/netty/handler/codec/smtp/NativeImageHandlerMetadata,NativeImageHandlerMetadata,,C:/Users/ismak/Documents/GitHub/relation_test_code_smell_ML/dataset/projects/netty/codec-smtp/src/test/java/io/netty/handler/codec/smtp/NativeImageHandlerMetadataTest.java,0,0,1,4,0,0,0,0,0,0,1,1,1,0,0,0,0,0,0,0,0,0,0,0,0,0,0,0,0,0,1,0,0,0,0
netty,io/netty/handler/codec/smtp/SmtpCommand,SmtpCommand,,C:/Users/ismak/Documents/GitHub/relation_test_code_smell_ML/dataset/projects/netty/codec-smtp/src/test/java/io/netty/handler/codec/smtp/SmtpCommandTest.java,0,0,1,4,0,0,0,0,0,0,1,1,1,0,1,0,0,0,0,0,0,0,0,0,0,0,0,0,0,0,0,0,0,0,0
netty,io/netty/handler/codec/smtp/SmtpRequestEncoder,SmtpRequestEncoder,dataset/projects/netty/codec-smtp/src/main/java/io/netty/handler/codec/smtp/SmtpRequestEncoder.java,C:/Users/ismak/Documents/GitHub/relation_test_code_smell_ML/dataset/projects/netty/codec-smtp/src/test/java/io/netty/handler/codec/smtp/SmtpRequestEncoderTest.java,1,1,1,6,0,1,0,0,0,0,1,1,1,0,1,0,0,0,0,0,0,0,0,0,0,0,0,0,0,0,1,1,0,0,0
netty,io/netty/handler/codec/smtp/SmtpRequests,SmtpRequests,dataset/projects/netty/codec-smtp/src/main/java/io/netty/handler/codec/smtp/SmtpRequests.java,C:/Users/ismak/Documents/GitHub/relation_test_code_smell_ML/dataset/projects/netty/codec-smtp/src/test/java/io/netty/handler/codec/smtp/SmtpRequestsTest.java,1,1,1,3,0,0,0,0,0,1,1,1,1,0,0,0,0,0,0,0,0,0,0,0,0,0,0,0,0,0,0,0,0,0,0
netty,io/netty/handler/codec/smtp/SmtpResponseDecoder,SmtpResponseDecoder,dataset/projects/netty/codec-smtp/src/main/java/io/netty/handler/codec/smtp/SmtpResponseDecoder.java,C:/Users/ismak/Documents/GitHub/relation_test_code_smell_ML/dataset/projects/netty/codec-smtp/src/test/java/io/netty/handler/codec/smtp/SmtpResponseDecoderTest.java,1,1,1,6,0,1,0,0,0,0,1,1,1,0,1,0,0,0,0,0,0,0,0,0,1,0,0,0,0,0,0,0,0,1,0
netty,io/netty/handler/codec/socks/NativeImageHandlerMetadata,NativeImageHandlerMetadata,,C:/Users/ismak/Documents/GitHub/relation_test_code_smell_ML/dataset/projects/netty/codec-socks/src/test/java/io/netty/handler/codec/socks/NativeImageHandlerMetadataTest.java,0,0,1,4,0,0,0,0,0,0,1,1,1,0,0,0,0,0,0,0,0,0,0,0,0,0,0,0,0,0,1,0,0,0,0
netty,io/netty/handler/codec/socks/SocksAuthRequest,SocksAuthRequest,,C:/Users/ismak/Documents/GitHub/relation_test_code_smell_ML/dataset/projects/netty/codec-socks/src/test/java/io/netty/handler/codec/socks/SocksAuthRequestTest.java,0,0,1,6,0,0,0,0,0,0,1,1,1,0,1,0,0,0,0,1,0,0,0,0,0,0,0,0,0,1,0,0,0,0,0
netty,io/netty/handler/codec/socks/SocksAuthRequestDecoder,SocksAuthRequestDecoder,,C:/Users/ismak/Documents/GitHub/relation_test_code_smell_ML/dataset/projects/netty/codec-socks/src/test/java/io/netty/handler/codec/socks/SocksAuthRequestDecoderTest.java,0,0,1,4,0,0,0,0,0,0,1,1,1,0,1,0,0,0,0,0,0,0,0,0,0,0,0,0,0,0,0,0,0,0,0
netty,io/netty/handler/codec/socks/SocksAuthResponse,SocksAuthResponse,,C:/Users/ismak/Documents/GitHub/relation_test_code_smell_ML/dataset/projects/netty/codec-socks/src/test/java/io/netty/handler/codec/socks/SocksAuthResponseTest.java,0,0,1,4,0,0,0,0,0,0,1,1,1,0,0,0,0,0,0,1,0,0,0,0,0,0,0,0,0,0,0,0,0,0,0
netty,io/netty/handler/codec/socks/SocksAuthResponseDecoder,SocksAuthResponseDecoder,,C:/Users/ismak/Documents/GitHub/relation_test_code_smell_ML/dataset/projects/netty/codec-socks/src/test/java/io/netty/handler/codec/socks/SocksAuthResponseDecoderTest.java,0,0,1,6,0,0,0,0,0,0,1,1,1,0,0,1,0,0,0,0,0,0,0,0,0,0,0,0,0,0,1,1,0,0,0
netty,io/netty/handler/codec/socks/SocksCmdRequest,SocksCmdRequest,dataset/projects/netty/codec-socks/src/main/java/io/netty/handler/codec/socks/SocksCmdRequest.java,C:/Users/ismak/Documents/GitHub/relation_test_code_smell_ML/dataset/projects/netty/codec-socks/src/test/java/io/netty/handler/codec/socks/SocksCmdRequestTest.java,1,1,1,6,0,1,0,0,0,0,1,1,1,0,1,0,0,0,0,1,0,0,0,0,0,0,0,0,0,1,0,0,0,0,0
netty,io/netty/handler/codec/socks/SocksCmdRequestDecoder,SocksCmdRequestDecoder,dataset/projects/netty/codec-socks/src/main/java/io/netty/handler/codec/socks/SocksCmdRequestDecoder.java,C:/Users/ismak/Documents/GitHub/relation_test_code_smell_ML/dataset/projects/netty/codec-socks/src/test/java/io/netty/handler/codec/socks/SocksCmdRequestDecoderTest.java,1,1,1,7,0,1,0,0,0,0,1,1,1,0,0,1,0,0,0,1,0,0,0,0,0,0,0,0,0,0,1,1,0,0,0
netty,io/netty/handler/codec/socks/SocksCmdResponse,SocksCmdResponse,dataset/projects/netty/codec-socks/src/main/java/io/netty/handler/codec/socks/SocksCmdResponse.java,C:/Users/ismak/Documents/GitHub/relation_test_code_smell_ML/dataset/projects/netty/codec-socks/src/test/java/io/netty/handler/codec/socks/SocksCmdResponseTest.java,1,1,1,7,0,1,0,0,0,0,1,1,1,0,1,0,0,0,0,1,0,0,0,0,0,0,0,0,0,1,0,0,0,1,0
netty,io/netty/handler/codec/socks/SocksCmdResponseDecoder,SocksCmdResponseDecoder,dataset/projects/netty/codec-socks/src/main/java/io/netty/handler/codec/socks/SocksCmdResponseDecoder.java,C:/Users/ismak/Documents/GitHub/relation_test_code_smell_ML/dataset/projects/netty/codec-socks/src/test/java/io/netty/handler/codec/socks/SocksCmdResponseDecoderTest.java,1,1,1,6,0,1,0,0,0,0,1,1,1,0,0,1,0,0,0,0,0,0,0,0,0,0,0,0,0,0,1,1,0,0,0
netty,io/netty/handler/codec/socks/SocksInitRequest,SocksInitRequest,,C:/Users/ismak/Documents/GitHub/relation_test_code_smell_ML/dataset/projects/netty/codec-socks/src/test/java/io/netty/handler/codec/socks/SocksInitRequestTest.java,0,0,1,4,0,0,0,0,0,0,1,1,1,0,0,0,0,0,0,1,0,0,0,0,0,0,0,0,0,0,0,0,0,0,0
netty,io/netty/handler/codec/socks/SocksInitResponse,SocksInitResponse,,C:/Users/ismak/Documents/GitHub/relation_test_code_smell_ML/dataset/projects/netty/codec-socks/src/test/java/io/netty/handler/codec/socks/SocksInitResponseTest.java,0,0,1,4,0,0,0,0,0,0,1,1,1,0,0,0,0,0,0,1,0,0,0,0,0,0,0,0,0,0,0,0,0,0,0
netty,io/netty/handler/codec/socksx/v4/Socks4ClientDecoder,Socks4ClientDecoder,,C:/Users/ismak/Documents/GitHub/relation_test_code_smell_ML/dataset/projects/netty/codec-socks/src/test/java/io/netty/handler/codec/socksx/v4/Socks4ClientDecoderTest.java,0,0,1,5,0,0,0,0,0,0,1,1,1,0,0,0,0,0,0,0,0,0,0,0,0,0,0,0,0,0,1,1,0,0,0
netty,io/netty/handler/codec/socksx/v4/Socks4ServerDecoder,Socks4ServerDecoder,dataset/projects/netty/codec-socks/src/main/java/io/netty/handler/codec/socksx/v4/Socks4ServerDecoder.java,C:/Users/ismak/Documents/GitHub/relation_test_code_smell_ML/dataset/projects/netty/codec-socks/src/test/java/io/netty/handler/codec/socksx/v4/Socks4ServerDecoderTest.java,1,1,1,6,0,1,0,0,0,0,1,1,1,0,0,1,0,0,0,0,0,0,0,0,0,0,0,0,0,0,1,1,0,0,0
netty,io/netty/handler/codec/socksx/v5/DefaultSocks5CommandRequest,DefaultSocks5CommandRequest,dataset/projects/netty/codec-socks/src/main/java/io/netty/handler/codec/socksx/v5/DefaultSocks5CommandRequest.java,C:/Users/ismak/Documents/GitHub/relation_test_code_smell_ML/dataset/projects/netty/codec-socks/src/test/java/io/netty/handler/codec/socksx/v5/DefaultSocks5CommandRequestTest.java,1,1,1,6,0,1,0,0,0,0,1,1,1,0,1,0,0,0,0,1,0,0,0,0,0,0,0,0,0,1,0,0,0,0,0
netty,io/netty/handler/codec/socksx/v5/DefaultSocks5CommandResponse,DefaultSocks5CommandResponse,dataset/projects/netty/codec-socks/src/main/java/io/netty/handler/codec/socksx/v5/DefaultSocks5CommandResponse.java,C:/Users/ismak/Documents/GitHub/relation_test_code_smell_ML/dataset/projects/netty/codec-socks/src/test/java/io/netty/handler/codec/socksx/v5/DefaultSocks5CommandResponseTest.java,1,1,1,7,0,1,0,0,0,0,1,1,1,0,1,0,0,0,0,1,0,0,0,0,0,0,0,0,0,1,0,0,0,1,0
netty,io/netty/handler/codec/socksx/v5/DefaultSocks5InitialRequest,DefaultSocks5InitialRequest,,C:/Users/ismak/Documents/GitHub/relation_test_code_smell_ML/dataset/projects/netty/codec-socks/src/test/java/io/netty/handler/codec/socksx/v5/DefaultSocks5InitialRequestTest.java,0,0,1,4,0,0,0,0,0,0,1,1,1,0,0,0,0,0,0,1,0,0,0,0,0,0,0,0,0,0,0,0,0,0,0
netty,io/netty/handler/codec/socksx/v5/DefaultSocks5InitialResponse,DefaultSocks5InitialResponse,,C:/Users/ismak/Documents/GitHub/relation_test_code_smell_ML/dataset/projects/netty/codec-socks/src/test/java/io/netty/handler/codec/socksx/v5/DefaultSocks5InitialResponseTest.java,0,0,1,4,0,0,0,0,0,0,1,1,1,0,0,0,0,0,0,1,0,0,0,0,0,0,0,0,0,0,0,0,0,0,0
netty,io/netty/handler/codec/socksx/v5/DefaultSocks5PasswordAuthRequest,DefaultSocks5PasswordAuthRequest,,C:/Users/ismak/Documents/GitHub/relation_test_code_smell_ML/dataset/projects/netty/codec-socks/src/test/java/io/netty/handler/codec/socksx/v5/DefaultSocks5PasswordAuthRequestTest.java,0,0,1,6,0,0,0,0,0,0,1,1,1,0,1,0,0,0,0,1,0,0,0,0,0,0,0,0,0,1,0,0,0,0,0
netty,io/netty/handler/codec/socksx/v5/DefaultSocks5PasswordAuthResponse,DefaultSocks5PasswordAuthResponse,,C:/Users/ismak/Documents/GitHub/relation_test_code_smell_ML/dataset/projects/netty/codec-socks/src/test/java/io/netty/handler/codec/socksx/v5/DefaultSocks5PasswordAuthResponseTest.java,0,0,1,4,0,0,0,0,0,0,1,1,1,0,0,0,0,0,0,1,0,0,0,0,0,0,0,0,0,0,0,0,0,0,0
netty,io/netty/handler/codec/socksx/v5/Socks5CommandRequestDecoder,Socks5CommandRequestDecoder,,C:/Users/ismak/Documents/GitHub/relation_test_code_smell_ML/dataset/projects/netty/codec-socks/src/test/java/io/netty/handler/codec/socksx/v5/Socks5CommandRequestDecoderTest.java,0,0,1,7,0,0,0,0,0,0,1,1,1,0,0,1,0,0,0,1,0,0,0,0,0,0,0,0,0,0,1,1,0,0,0
netty,io/netty/handler/codec/socksx/v5/Socks5CommandResponseDecoder,Socks5CommandResponseDecoder,,C:/Users/ismak/Documents/GitHub/relation_test_code_smell_ML/dataset/projects/netty/codec-socks/src/test/java/io/netty/handler/codec/socksx/v5/Socks5CommandResponseDecoderTest.java,0,0,1,6,0,0,0,0,0,0,1,1,1,0,0,1,0,0,0,0,0,0,0,0,0,0,0,0,0,0,1,1,0,0,0
netty,io/netty/handler/codec/socksx/v5/Socks5CommandStatus,Socks5CommandStatus,dataset/projects/netty/codec-socks/src/main/java/io/netty/handler/codec/socksx/v5/Socks5CommandStatus.java,,1,1,0,0,0,1,0,0,0,0,0,0,0,0,0,0,0,0,0,0,0,0,0,0,0,0,0,0,0,0,0,0,0,0,0
netty,io/netty/handler/codec/socksx/v5/Socks5InitialRequestDecoder,Socks5InitialRequestDecoder,,C:/Users/ismak/Documents/GitHub/relation_test_code_smell_ML/dataset/projects/netty/codec-socks/src/test/java/io/netty/handler/codec/socksx/v5/Socks5InitialRequestDecoderTest.java,0,0,1,4,0,0,0,0,0,0,1,1,1,0,1,0,0,0,0,0,0,0,0,0,0,0,0,0,0,0,0,0,0,0,0
netty,io/netty/handler/codec/socksx/v5/Socks5PasswordAuthRequestDecoder,Socks5PasswordAuthRequestDecoder,,C:/Users/ismak/Documents/GitHub/relation_test_code_smell_ML/dataset/projects/netty/codec-socks/src/test/java/io/netty/handler/codec/socksx/v5/Socks5PasswordAuthRequestDecoderTest.java,0,0,1,4,0,0,0,0,0,0,1,1,1,0,1,0,0,0,0,0,0,0,0,0,0,0,0,0,0,0,0,0,0,0,0
netty,io/netty/handler/codec/socksx/v5/Socks5PasswordAuthResponseDecoder,Socks5PasswordAuthResponseDecoder,,C:/Users/ismak/Documents/GitHub/relation_test_code_smell_ML/dataset/projects/netty/codec-socks/src/test/java/io/netty/handler/codec/socksx/v5/Socks5PasswordAuthResponseDecoderTest.java,0,0,1,5,0,0,0,0,0,0,1,1,1,0,0,0,0,0,0,0,0,0,0,0,0,0,0,0,0,0,1,1,0,0,0
netty,io/netty/handler/codec/socksx/v5/Socks5PrivateAuthResponseDecoder,Socks5PrivateAuthResponseDecoder,dataset/projects/netty/codec-socks/src/main/java/io/netty/handler/codec/socksx/v5/Socks5PrivateAuthResponseDecoder.java,,1,1,0,0,0,1,0,0,0,0,0,0,0,0,0,0,0,0,0,0,0,0,0,0,0,0,0,0,0,0,0,0,0,0,0
netty,io/netty/handler/codec/spdy/DefaultSpdyDataFrame,DefaultSpdyDataFrame,dataset/projects/netty/codec-http/src/main/java/io/netty/handler/codec/spdy/DefaultSpdyDataFrame.java,,1,1,0,0,0,0,0,0,0,1,0,0,0,0,0,0,0,0,0,0,0,0,0,0,0,0,0,0,0,0,0,0,0,0,0
netty,io/netty/handler/codec/spdy/DefaultSpdyHeaders,DefaultSpdyHeaders,,C:/Users/ismak/Documents/GitHub/relation_test_code_smell_ML/dataset/projects/netty/codec-http/src/test/java/io/netty/handler/codec/spdy/DefaultSpdyHeadersTest.java,0,0,1,4,0,0,0,0,0,0,1,1,1,0,1,0,0,0,0,0,0,0,0,0,0,0,0,0,0,0,0,0,0,0,0
netty,io/netty/handler/codec/spdy/DefaultSpdySettingsFrame,DefaultSpdySettingsFrame,dataset/projects/netty/codec-http/src/main/java/io/netty/handler/codec/spdy/DefaultSpdySettingsFrame.java,,1,1,0,0,0,0,0,0,0,1,0,0,0,0,0,0,0,0,0,0,0,0,0,0,0,0,0,0,0,0,0,0,0,0,0
netty,io/netty/handler/codec/spdy/DefaultSpdyUnknownFrame,DefaultSpdyUnknownFrame,dataset/projects/netty/codec-http/src/main/java/io/netty/handler/codec/spdy/DefaultSpdyUnknownFrame.java,,1,1,0,0,0,0,0,0,0,1,0,0,0,0,0,0,0,0,0,0,0,0,0,0,0,0,0,0,0,0,0,0,0,0,0
netty,io/netty/handler/codec/spdy/SpdyCodecUtil,SpdyCodecUtil,dataset/projects/netty/codec-http/src/main/java/io/netty/handler/codec/spdy/SpdyCodecUtil.java,,1,1,0,0,0,1,0,0,0,0,0,0,0,0,0,0,0,0,0,0,0,0,0,0,0,0,0,0,0,0,0,0,0,0,0
netty,io/netty/handler/codec/spdy/SpdyFrameCodec,SpdyFrameCodec,dataset/projects/netty/codec-http/src/main/java/io/netty/handler/codec/spdy/SpdyFrameCodec.java,C:/Users/ismak/Documents/GitHub/relation_test_code_smell_ML/dataset/projects/netty/codec-http/src/test/java/io/netty/handler/codec/spdy/SpdyFrameCodecTest.java,1,4,1,6,1,1,0,1,0,1,1,1,1,0,1,0,0,0,0,0,0,0,0,0,1,0,0,0,0,0,0,0,0,1,0
netty,io/netty/handler/codec/spdy/SpdyFrameDecoder,SpdyFrameDecoder,dataset/projects/netty/codec-http/src/main/java/io/netty/handler/codec/spdy/SpdyFrameDecoder.java,C:/Users/ismak/Documents/GitHub/relation_test_code_smell_ML/dataset/projects/netty/codec-http/src/test/java/io/netty/handler/codec/spdy/SpdyFrameDecoderTest.java,1,3,1,6,0,3,0,0,0,0,1,1,1,0,1,1,0,0,0,1,0,0,0,0,0,0,0,0,0,0,0,0,0,0,0
netty,io/netty/handler/codec/spdy/SpdyFrameDecoderDelegate,SpdyFrameDecoderDelegate,dataset/projects/netty/codec-http/src/main/java/io/netty/handler/codec/spdy/SpdyFrameDecoderDelegate.java,C:/Users/ismak/Documents/GitHub/relation_test_code_smell_ML/dataset/projects/netty/codec-http/src/test/java/io/netty/handler/codec/spdy/TestSpdyFrameDecoderDelegate.java,1,1,1,4,0,0,0,0,0,1,1,1,1,0,0,0,1,0,0,0,0,0,0,0,0,0,0,0,0,0,0,0,0,0,0
netty,io/netty/handler/codec/spdy/SpdyFrameEncoder,SpdyFrameEncoder,dataset/projects/netty/codec-http/src/main/java/io/netty/handler/codec/spdy/SpdyFrameEncoder.java,,1,1,0,0,0,0,0,0,0,1,0,0,0,0,0,0,0,0,0,0,0,0,0,0,0,0,0,0,0,0,0,0,0,0,0
netty,io/netty/handler/codec/spdy/SpdyHeaderBlockJZlibEncoder,SpdyHeaderBlockJZlibEncoder,dataset/projects/netty/codec-http/src/main/java/io/netty/handler/codec/spdy/SpdyHeaderBlockJZlibEncoder.java,,1,1,0,0,0,1,0,0,0,0,0,0,0,0,0,0,0,0,0,0,0,0,0,0,0,0,0,0,0,0,0,0,0,0,0
netty,io/netty/handler/codec/spdy/SpdyHeaderBlockRawDecoder,SpdyHeaderBlockRawDecoder,dataset/projects/netty/codec-http/src/main/java/io/netty/handler/codec/spdy/SpdyHeaderBlockRawDecoder.java,C:/Users/ismak/Documents/GitHub/relation_test_code_smell_ML/dataset/projects/netty/codec-http/src/test/java/io/netty/handler/codec/spdy/SpdyHeaderBlockRawDecoderTest.java,1,2,1,7,0,1,0,1,0,0,1,1,1,0,1,1,0,0,0,1,0,0,0,0,0,0,0,0,0,0,0,0,0,1,0
netty,io/netty/handler/codec/spdy/SpdyHeaderBlockRawEncoder,SpdyHeaderBlockRawEncoder,dataset/projects/netty/codec-http/src/main/java/io/netty/handler/codec/spdy/SpdyHeaderBlockRawEncoder.java,,1,1,0,0,0,1,0,0,0,0,0,0,0,0,0,0,0,0,0,0,0,0,0,0,0,0,0,0,0,0,0,0,0,0,0
netty,io/netty/handler/codec/spdy/SpdyHeaderBlockZlibDecoder,SpdyHeaderBlockZlibDecoder,,C:/Users/ismak/Documents/GitHub/relation_test_code_smell_ML/dataset/projects/netty/codec-http/src/test/java/io/netty/handler/codec/spdy/SpdyHeaderBlockZlibDecoderTest.java,0,0,1,8,0,0,0,0,0,0,1,1,1,0,1,1,0,0,0,1,1,0,0,0,0,0,0,0,0,0,0,0,0,1,0
netty,io/netty/handler/codec/spdy/SpdyHttpDecoder,SpdyHttpDecoder,dataset/projects/netty/codec-http/src/main/java/io/netty/handler/codec/spdy/SpdyHttpDecoder.java,,1,2,0,0,1,1,0,0,0,0,0,0,0,0,0,0,0,0,0,0,0,0,0,0,0,0,0,0,0,0,0,0,0,0,0
netty,io/netty/handler/codec/spdy/SpdyHttpEncoder,SpdyHttpEncoder,dataset/projects/netty/codec-http/src/main/java/io/netty/handler/codec/spdy/SpdyHttpEncoder.java,,1,1,0,0,0,1,0,0,0,0,0,0,0,0,0,0,0,0,0,0,0,0,0,0,0,0,0,0,0,0,0,0,0,0,0
netty,io/netty/handler/codec/spdy/SpdySession,SpdySession,dataset/projects/netty/codec-http/src/main/java/io/netty/handler/codec/spdy/SpdySession.java,,1,1,0,0,0,0,0,0,0,1,0,0,0,0,0,0,0,0,0,0,0,0,0,0,0,0,0,0,0,0,0,0,0,0,0
netty,io/netty/handler/codec/spdy/SpdySessionHandler,SpdySessionHandler,dataset/projects/netty/codec-http/src/main/java/io/netty/handler/codec/spdy/SpdySessionHandler.java,C:/Users/ismak/Documents/GitHub/relation_test_code_smell_ML/dataset/projects/netty/codec-http/src/test/java/io/netty/handler/codec/spdy/SpdySessionHandlerTest.java,1,5,1,5,0,4,0,0,0,1,1,1,1,0,0,0,0,0,0,0,0,0,0,0,0,0,0,0,0,0,1,1,0,0,0
netty,io/netty/handler/codec/spdy/SpdyStreamStatus,SpdyStreamStatus,dataset/projects/netty/codec-http/src/main/java/io/netty/handler/codec/spdy/SpdyStreamStatus.java,,1,1,0,0,0,1,0,0,0,0,0,0,0,0,0,0,0,0,0,0,0,0,0,0,0,0,0,0,0,0,0,0,0,0,0
netty,io/netty/handler/codec/spdy/SpdyUnknownFrameDecoder,SpdyUnknownFrameDecoder,,C:/Users/ismak/Documents/GitHub/relation_test_code_smell_ML/dataset/projects/netty/codec-http/src/test/java/io/netty/handler/codec/spdy/SpdyUnknownFrameDecoderTest.java,0,0,1,4,0,0,0,0,0,0,1,1,1,0,0,0,0,0,0,1,0,0,0,0,0,0,0,0,0,0,0,0,0,0,0
netty,io/netty/handler/codec/stomp/DefaultStompFrame,DefaultStompFrame,dataset/projects/netty/codec-stomp/src/main/java/io/netty/handler/codec/stomp/DefaultStompFrame.java,C:/Users/ismak/Documents/GitHub/relation_test_code_smell_ML/dataset/projects/netty/codec-stomp/src/test/java/io/netty/handler/codec/stomp/DefaultStompFrameTest.java,1,1,1,5,0,0,0,0,0,1,1,1,1,0,1,0,0,0,0,0,0,0,0,0,0,0,0,0,0,0,0,0,0,1,0
netty,io/netty/handler/codec/stomp/NativeImageHandlerMetadata,NativeImageHandlerMetadata,,C:/Users/ismak/Documents/GitHub/relation_test_code_smell_ML/dataset/projects/netty/codec-stomp/src/test/java/io/netty/handler/codec/stomp/NativeImageHandlerMetadataTest.java,0,0,1,4,0,0,0,0,0,0,1,1,1,0,0,0,0,0,0,0,0,0,0,0,0,0,0,0,0,0,1,0,0,0,0
netty,io/netty/handler/codec/stomp/StompCommandDecode,StompCommandDecode,,C:/Users/ismak/Documents/GitHub/relation_test_code_smell_ML/dataset/projects/netty/codec-stomp/src/test/java/io/netty/handler/codec/stomp/StompCommandDecodeTest.java,0,0,1,5,0,0,0,0,0,0,1,1,1,0,1,1,0,0,0,0,0,0,0,0,0,0,0,0,0,0,0,0,0,0,0
netty,io/netty/handler/codec/stomp/StompHeaders,StompHeaders,,C:/Users/ismak/Documents/GitHub/relation_test_code_smell_ML/dataset/projects/netty/codec-stomp/src/test/java/io/netty/handler/codec/stomp/StompHeadersTest.java,0,0,1,5,0,0,0,0,0,0,1,1,1,0,1,0,0,0,0,0,0,0,0,0,1,0,0,0,0,0,0,0,0,0,0
netty,io/netty/handler/codec/stomp/StompSubframeAggregator,StompSubframeAggregator,,C:/Users/ismak/Documents/GitHub/relation_test_code_smell_ML/dataset/projects/netty/codec-stomp/src/test/java/io/netty/handler/codec/stomp/StompSubframeAggregatorTest.java,0,0,1,6,0,0,0,0,0,0,1,1,1,0,1,1,0,0,0,0,0,0,0,0,1,0,0,0,0,0,0,0,0,0,0
netty,io/netty/handler/codec/stomp/StompSubframeDecoder,StompSubframeDecoder,dataset/projects/netty/codec-stomp/src/main/java/io/netty/handler/codec/stomp/StompSubframeDecoder.java,C:/Users/ismak/Documents/GitHub/relation_test_code_smell_ML/dataset/projects/netty/codec-stomp/src/test/java/io/netty/handler/codec/stomp/StompSubframeDecoderTest.java,1,1,1,7,0,1,0,0,0,0,1,1,1,0,1,0,0,0,0,0,0,0,0,0,1,0,0,0,0,1,0,1,0,0,0
netty,io/netty/handler/codec/stomp/StompSubframeEncoder,StompSubframeEncoder,dataset/projects/netty/codec-stomp/src/main/java/io/netty/handler/codec/stomp/StompSubframeEncoder.java,C:/Users/ismak/Documents/GitHub/relation_test_code_smell_ML/dataset/projects/netty/codec-stomp/src/test/java/io/netty/handler/codec/stomp/StompSubframeEncoderTest.java,1,1,1,7,0,0,0,0,0,1,1,1,1,0,1,0,0,0,0,0,0,0,0,0,1,0,0,0,0,1,0,1,0,0,0
netty,io/netty/handler/codec/string/LineEncoder,LineEncoder,,C:/Users/ismak/Documents/GitHub/relation_test_code_smell_ML/dataset/projects/netty/codec-base/src/test/java/io/netty/handler/codec/string/LineEncoderTest.java,0,0,1,5,0,0,0,0,0,0,1,1,1,0,0,0,0,0,0,0,0,0,0,0,0,0,0,0,0,0,1,1,0,0,0
netty,io/netty/handler/codec/string/StringDecoder,StringDecoder,,C:/Users/ismak/Documents/GitHub/relation_test_code_smell_ML/dataset/projects/netty/codec-base/src/test/java/io/netty/handler/codec/string/StringDecoderTest.java,0,0,1,4,0,0,0,0,0,0,1,1,1,0,1,0,0,0,0,0,0,0,0,0,0,0,0,0,0,0,0,0,0,0,0
netty,io/netty/handler/codec/string/StringEncoder,StringEncoder,,C:/Users/ismak/Documents/GitHub/relation_test_code_smell_ML/dataset/projects/netty/codec-base/src/test/java/io/netty/handler/codec/string/StringEncoderTest.java,0,0,1,4,0,0,0,0,0,0,1,1,1,0,1,0,0,0,0,0,0,0,0,0,0,0,0,0,0,0,0,0,0,0,0
netty,io/netty/handler/codec/xml/NativeImageHandlerMetadata,NativeImageHandlerMetadata,,C:/Users/ismak/Documents/GitHub/relation_test_code_smell_ML/dataset/projects/netty/codec-xml/src/test/java/io/netty/handler/codec/xml/NativeImageHandlerMetadataTest.java,0,0,1,4,0,0,0,0,0,0,1,1,1,0,0,0,0,0,0,0,0,0,0,0,0,0,0,0,0,0,1,0,0,0,0
netty,io/netty/handler/codec/xml/XmlAttribute,XmlAttribute,dataset/projects/netty/codec-xml/src/main/java/io/netty/handler/codec/xml/XmlAttribute.java,,1,1,0,0,0,1,0,0,0,0,0,0,0,0,0,0,0,0,0,0,0,0,0,0,0,0,0,0,0,0,0,0,0,0,0
netty,io/netty/handler/codec/xml/XmlDecoder,XmlDecoder,dataset/projects/netty/codec-xml/src/main/java/io/netty/handler/codec/xml/XmlDecoder.java,C:/Users/ismak/Documents/GitHub/relation_test_code_smell_ML/dataset/projects/netty/codec-xml/src/test/java/io/netty/handler/codec/xml/XmlDecoderTest.java,1,1,1,7,0,1,0,0,0,0,1,1,1,0,1,0,0,0,0,0,0,0,0,0,0,1,0,0,0,1,0,0,0,1,0
netty,io/netty/handler/codec/xml/XmlDocumentStart,XmlDocumentStart,dataset/projects/netty/codec-xml/src/main/java/io/netty/handler/codec/xml/XmlDocumentStart.java,,1,1,0,0,0,1,0,0,0,0,0,0,0,0,0,0,0,0,0,0,0,0,0,0,0,0,0,0,0,0,0,0,0,0,0
netty,io/netty/handler/codec/xml/XmlElement,XmlElement,dataset/projects/netty/codec-xml/src/main/java/io/netty/handler/codec/xml/XmlElement.java,,1,1,0,0,0,1,0,0,0,0,0,0,0,0,0,0,0,0,0,0,0,0,0,0,0,0,0,0,0,0,0,0,0,0,0
netty,io/netty/handler/codec/xml/XmlFrameDecoder,XmlFrameDecoder,dataset/projects/netty/codec-xml/src/main/java/io/netty/handler/codec/xml/XmlFrameDecoder.java,C:/Users/ismak/Documents/GitHub/relation_test_code_smell_ML/dataset/projects/netty/codec-xml/src/test/java/io/netty/handler/codec/xml/XmlFrameDecoderTest.java,1,1,1,7,0,1,0,0,0,0,1,1,1,0,0,1,1,0,0,0,0,0,0,0,0,0,0,0,0,0,1,1,0,0,0
netty,io/netty/handler/codec/xml/XmlNamespace,XmlNamespace,dataset/projects/netty/codec-xml/src/main/java/io/netty/handler/codec/xml/XmlNamespace.java,,1,1,0,0,0,1,0,0,0,0,0,0,0,0,0,0,0,0,0,0,0,0,0,0,0,0,0,0,0,0,0,0,0,0,0
netty,io/netty/handler/codec/xml/XmlProcessingInstruction,XmlProcessingInstruction,dataset/projects/netty/codec-xml/src/main/java/io/netty/handler/codec/xml/XmlProcessingInstruction.java,,1,1,0,0,0,1,0,0,0,0,0,0,0,0,0,0,0,0,0,0,0,0,0,0,0,0,0,0,0,0,0,0,0,0,0
netty,io/netty/handler/flow/FlowControlHandler,FlowControlHandler,,C:/Users/ismak/Documents/GitHub/relation_test_code_smell_ML/dataset/projects/netty/handler/src/test/java/io/netty/handler/flow/FlowControlHandlerTest.java,0,0,1,9,0,0,0,0,0,0,1,1,1,0,1,1,0,0,0,1,0,0,0,0,0,0,1,0,0,1,0,0,0,1,0
netty,io/netty/handler/flush/FlushConsolidationHandler,FlushConsolidationHandler,dataset/projects/netty/handler/src/main/java/io/netty/handler/flush/FlushConsolidationHandler.java,C:/Users/ismak/Documents/GitHub/relation_test_code_smell_ML/dataset/projects/netty/handler/src/test/java/io/netty/handler/flush/FlushConsolidationHandlerTest.java,1,1,1,8,0,0,0,0,0,1,1,1,1,0,1,1,0,0,0,1,0,0,0,0,0,0,0,0,0,1,0,0,0,1,0
netty,io/netty/handler/ipfilter/IpSubnetFilter,IpSubnetFilter,dataset/projects/netty/handler/src/main/java/io/netty/handler/ipfilter/IpSubnetFilter.java,C:/Users/ismak/Documents/GitHub/relation_test_code_smell_ML/dataset/projects/netty/handler/src/test/java/io/netty/handler/ipfilter/IpSubnetFilterTest.java,1,1,1,7,0,1,0,0,0,0,1,1,1,0,1,1,0,0,0,1,0,0,0,0,0,0,0,0,0,0,0,0,0,1,0
netty,io/netty/handler/ipfilter/IpSubnetFilterRule,IpSubnetFilterRule,,C:/Users/ismak/Documents/GitHub/relation_test_code_smell_ML/dataset/projects/netty/handler/src/test/java/io/netty/handler/ipfilter/IpSubnetFilterRuleTest.java,0,0,1,3,0,0,0,0,0,0,1,1,1,0,0,0,0,0,0,0,0,0,0,0,0,0,0,0,0,0,0,0,0,0,0
netty,io/netty/handler/ipfilter/UniqueIpFilter,UniqueIpFilter,,C:/Users/ismak/Documents/GitHub/relation_test_code_smell_ML/dataset/projects/netty/handler/src/test/java/io/netty/handler/ipfilter/UniqueIpFilterTest.java,0,0,1,6,0,0,0,0,0,0,1,1,1,0,1,1,0,0,0,1,0,0,0,0,0,0,0,0,0,0,0,0,0,0,0
netty,io/netty/handler/logging/LoggingHandler,LoggingHandler,dataset/projects/netty/handler/src/main/java/io/netty/handler/logging/LoggingHandler.java,C:/Users/ismak/Documents/GitHub/relation_test_code_smell_ML/dataset/projects/netty/handler/src/test/java/io/netty/handler/logging/LoggingHandlerTest.java,1,1,1,6,0,0,0,0,0,1,1,1,1,0,1,0,0,0,0,1,0,0,0,0,0,0,0,0,0,0,1,0,0,0,0
netty,io/netty/handler/pcap/PcapWriteHandler,PcapWriteHandler,dataset/projects/netty/handler/src/main/java/io/netty/handler/pcap/PcapWriteHandler.java,C:/Users/ismak/Documents/GitHub/relation_test_code_smell_ML/dataset/projects/netty/handler/src/test/java/io/netty/handler/pcap/PcapWriteHandlerTest.java,1,4,1,9,0,2,0,1,0,1,1,1,1,0,1,1,0,0,0,1,0,0,0,0,0,0,0,0,0,1,1,0,0,1,0
netty,io/netty/handler/proxy/HttpProxyHandler,HttpProxyHandler,dataset/projects/netty/handler-proxy/src/main/java/io/netty/handler/proxy/HttpProxyHandler.java,C:/Users/ismak/Documents/GitHub/relation_test_code_smell_ML/dataset/projects/netty/handler-proxy/src/test/java/io/netty/handler/proxy/HttpProxyHandlerTest.java,1,1,1,8,0,0,0,0,0,1,1,1,1,0,1,1,0,0,0,1,0,0,0,0,0,0,0,0,0,0,1,1,0,0,0
netty,io/netty/handler/proxy/NativeImageHandlerMetadata,NativeImageHandlerMetadata,,C:/Users/ismak/Documents/GitHub/relation_test_code_smell_ML/dataset/projects/netty/handler-proxy/src/test/java/io/netty/handler/proxy/NativeImageHandlerMetadataTest.java,0,0,1,4,0,0,0,0,0,0,1,1,1,0,0,0,0,0,0,0,0,0,0,0,0,0,0,0,0,0,1,0,0,0,0
netty,io/netty/handler/proxy/ProxyHandler,ProxyHandler,dataset/projects/netty/handler-proxy/src/main/java/io/netty/handler/proxy/ProxyHandler.java,C:/Users/ismak/Documents/GitHub/relation_test_code_smell_ML/dataset/projects/netty/handler-proxy/src/test/java/io/netty/handler/proxy/ProxyHandlerTest.java,1,2,1,7,0,0,0,1,0,1,1,1,1,0,0,1,0,0,0,1,0,0,0,0,0,0,0,0,0,0,1,1,0,0,0
netty,io/netty/handler/proxy/Socks5ProxyHandler,Socks5ProxyHandler,dataset/projects/netty/handler-proxy/src/main/java/io/netty/handler/proxy/Socks5ProxyHandler.java,,1,3,0,0,0,1,0,1,0,1,0,0,0,0,0,0,0,0,0,0,0,0,0,0,0,0,0,0,0,0,0,0,0,0,0
netty,io/netty/handler/ssl/AmazonCorrettoSslEngine,AmazonCorrettoSslEngine,,C:/Users/ismak/Documents/GitHub/relation_test_code_smell_ML/dataset/projects/netty/handler/src/test/java/io/netty/handler/ssl/AmazonCorrettoSslEngineTest.java,0,0,1,6,0,0,0,0,0,0,1,1,1,0,0,0,1,0,1,0,0,0,0,0,0,0,0,0,0,0,1,0,0,0,0
netty,io/netty/handler/ssl/ApplicationProtocolNegotiationHandler,ApplicationProtocolNegotiationHandler,,C:/Users/ismak/Documents/GitHub/relation_test_code_smell_ML/dataset/projects/netty/handler/src/test/java/io/netty/handler/ssl/ApplicationProtocolNegotiationHandlerTest.java,0,0,1,7,0,0,0,0,0,0,1,1,1,0,1,0,0,0,0,1,0,0,0,0,0,0,0,0,0,0,1,1,0,0,0
netty,io/netty/handler/ssl/BouncyCastleEngineAlpn,BouncyCastleEngineAlpn,,C:/Users/ismak/Documents/GitHub/relation_test_code_smell_ML/dataset/projects/netty/handler/src/test/java/io/netty/handler/ssl/BouncyCastleEngineAlpnTest.java,0,0,1,5,0,0,0,0,0,0,1,1,1,0,1,0,0,0,0,1,0,0,0,0,0,0,0,0,0,0,0,0,0,0,0
netty,io/netty/handler/ssl/BouncyCastlePemReader,BouncyCastlePemReader,dataset/projects/netty/handler/src/main/java/io/netty/handler/ssl/BouncyCastlePemReader.java,,1,1,0,0,0,1,0,0,0,0,0,0,0,0,0,0,0,0,0,0,0,0,0,0,0,0,0,0,0,0,0,0,0,0,0
netty,io/netty/handler/ssl/CipherSuiteCanary,CipherSuiteCanary,,C:/Users/ismak/Documents/GitHub/relation_test_code_smell_ML/dataset/projects/netty/handler/src/test/java/io/netty/handler/ssl/CipherSuiteCanaryTest.java,0,0,1,6,0,0,0,0,0,0,1,1,1,0,1,1,0,0,0,1,0,0,0,0,0,0,0,0,0,0,0,0,0,0,0
netty,io/netty/handler/ssl/CipherSuiteConverter,CipherSuiteConverter,dataset/projects/netty/handler/src/main/java/io/netty/handler/ssl/CipherSuiteConverter.java,C:/Users/ismak/Documents/GitHub/relation_test_code_smell_ML/dataset/projects/netty/handler/src/test/java/io/netty/handler/ssl/CipherSuiteConverterTest.java,1,6,1,8,0,4,0,1,0,1,1,1,1,0,1,0,0,0,0,1,0,0,0,0,0,1,0,0,0,0,1,1,0,0,0
netty,io/netty/handler/ssl/CloseNotify,CloseNotify,,C:/Users/ismak/Documents/GitHub/relation_test_code_smell_ML/dataset/projects/netty/handler/src/test/java/io/netty/handler/ssl/CloseNotifyTest.java,0,0,1,3,0,0,0,0,0,0,1,1,1,0,0,0,0,0,0,0,0,0,0,0,0,0,0,0,0,0,0,0,0,0,0
netty,io/netty/handler/ssl/ConscryptJdkSslEngineInterop,ConscryptJdkSslEngineInterop,,C:/Users/ismak/Documents/GitHub/relation_test_code_smell_ML/dataset/projects/netty/handler/src/test/java/io/netty/handler/ssl/ConscryptJdkSslEngineInteropTest.java,0,0,1,7,0,0,0,0,0,0,1,1,1,0,0,0,1,0,1,1,0,0,0,0,0,0,0,0,0,0,1,0,0,0,0
netty,io/netty/handler/ssl/ConscryptOpenSslEngineInterop,ConscryptOpenSslEngineInterop,,C:/Users/ismak/Documents/GitHub/relation_test_code_smell_ML/dataset/projects/netty/handler/src/test/java/io/netty/handler/ssl/ConscryptOpenSslEngineInteropTest.java,0,0,1,5,0,0,0,0,0,0,1,1,1,0,0,0,0,0,0,1,0,0,0,0,0,0,0,0,0,0,1,0,0,0,0
netty,io/netty/handler/ssl/ConscryptSslEngine,ConscryptSslEngine,,C:/Users/ismak/Documents/GitHub/relation_test_code_smell_ML/dataset/projects/netty/handler/src/test/java/io/netty/handler/ssl/ConscryptSslEngineTest.java,0,0,1,7,0,0,0,0,0,0,1,1,1,0,0,0,1,0,1,1,0,0,0,0,0,0,0,0,0,0,1,0,0,0,0
netty,io/netty/handler/ssl/DelegatingSslContext,DelegatingSslContext,dataset/projects/netty/handler/src/main/java/io/netty/handler/ssl/DelegatingSslContext.java,C:/Users/ismak/Documents/GitHub/relation_test_code_smell_ML/dataset/projects/netty/handler/src/test/java/io/netty/handler/ssl/DelegatingSslContextTest.java,1,1,1,6,0,0,0,0,0,1,1,1,1,0,1,0,0,0,0,1,0,0,0,0,0,0,0,0,0,1,0,0,0,0,0
netty,io/netty/handler/ssl/EnhancedX509ExtendedTrustManager,EnhancedX509ExtendedTrustManager,,C:/Users/ismak/Documents/GitHub/relation_test_code_smell_ML/dataset/projects/netty/handler/src/test/java/io/netty/handler/ssl/EnhancedX509ExtendedTrustManagerTest.java,0,0,1,4,0,0,0,0,0,0,1,1,1,0,0,0,0,0,0,0,0,0,0,0,0,0,0,0,0,0,0,1,0,0,0
netty,io/netty/handler/ssl/EnhancingX509ExtendedTrustManager,EnhancingX509ExtendedTrustManager,dataset/projects/netty/handler/src/main/java/io/netty/handler/ssl/EnhancingX509ExtendedTrustManager.java,,1,1,0,0,0,1,0,0,0,0,0,0,0,0,0,0,0,0,0,0,0,0,0,0,0,0,0,0,0,0,0,0,0,0,0
netty,io/netty/handler/ssl/ExtendedOpenSslSession,ExtendedOpenSslSession,dataset/projects/netty/handler/src/main/java/io/netty/handler/ssl/ExtendedOpenSslSession.java,,1,1,0,0,0,0,0,0,0,1,0,0,0,0,0,0,0,0,0,0,0,0,0,0,0,0,0,0,0,0,0,0,0,0,0
netty,io/netty/handler/ssl/IdentityCipherSuiteFilter,IdentityCipherSuiteFilter,,C:/Users/ismak/Documents/GitHub/relation_test_code_smell_ML/dataset/projects/netty/handler/src/test/java/io/netty/handler/ssl/IdentityCipherSuiteFilterTest.java,0,0,1,3,0,0,0,0,0,0,1,1,1,0,0,0,0,0,0,0,0,0,0,0,0,0,0,0,0,0,0,0,0,0,0
netty,io/netty/handler/ssl/JdkConscryptSslEngineInterop,JdkConscryptSslEngineInterop,,C:/Users/ismak/Documents/GitHub/relation_test_code_smell_ML/dataset/projects/netty/handler/src/test/java/io/netty/handler/ssl/JdkConscryptSslEngineInteropTest.java,0,0,1,7,0,0,0,0,0,0,1,1,1,0,0,0,1,0,1,1,0,0,0,0,0,0,0,0,0,0,1,0,0,0,0
netty,io/netty/handler/ssl/JdkDelegatingPrivateKeyMethod,JdkDelegatingPrivateKeyMethod,dataset/projects/netty/handler/src/main/java/io/netty/handler/ssl/JdkDelegatingPrivateKeyMethod.java,C:/Users/ismak/Documents/GitHub/relation_test_code_smell_ML/dataset/projects/netty/handler/src/test/java/io/netty/handler/ssl/JdkDelegatingPrivateKeyMethodTest.java,1,1,1,4,0,1,0,0,0,0,1,1,1,0,0,0,0,0,0,0,0,0,0,0,0,0,0,0,0,0,0,1,0,0,0
netty,io/netty/handler/ssl/JdkOpenSslEngineInteropt,JdkOpenSslEngineInteropt,,C:/Users/ismak/Documents/GitHub/relation_test_code_smell_ML/dataset/projects/netty/handler/src/test/java/io/netty/handler/ssl/JdkOpenSslEngineInteroptTest.java,0,0,1,6,0,0,0,0,0,0,1,1,1,0,0,0,1,0,0,1,0,0,0,0,0,0,0,0,0,0,1,0,0,0,0
netty,io/netty/handler/ssl/JdkSslClientContext,JdkSslClientContext,dataset/projects/netty/handler/src/main/java/io/netty/handler/ssl/JdkSslClientContext.java,C:/Users/ismak/Documents/GitHub/relation_test_code_smell_ML/dataset/projects/netty/handler/src/test/java/io/netty/handler/ssl/JdkSslClientContextTest.java,1,5,1,4,0,1,4,0,0,0,1,1,1,0,0,0,0,0,0,1,0,0,0,0,0,0,0,0,0,0,0,0,0,0,0
netty,io/netty/handler/ssl/JdkSslContext,JdkSslContext,dataset/projects/netty/handler/src/main/java/io/netty/handler/ssl/JdkSslContext.java,,1,4,0,0,0,1,1,1,0,1,0,0,0,0,0,0,0,0,0,0,0,0,0,0,0,0,0,0,0,0,0,0,0,0,0
netty,io/netty/handler/ssl/JdkSslEngine,JdkSslEngine,,C:/Users/ismak/Documents/GitHub/relation_test_code_smell_ML/dataset/projects/netty/handler/src/test/java/io/netty/handler/ssl/JdkSslEngineTest.java,0,0,1,8,0,0,0,0,0,0,1,1,1,0,1,0,1,0,1,1,0,0,0,0,0,0,0,0,0,0,1,0,0,0,0
netty,io/netty/handler/ssl/JdkSslRenegotiate,JdkSslRenegotiate,,C:/Users/ismak/Documents/GitHub/relation_test_code_smell_ML/dataset/projects/netty/handler/src/test/java/io/netty/handler/ssl/JdkSslRenegotiateTest.java,0,0,1,3,0,0,0,0,0,0,1,1,1,0,0,0,0,0,0,0,0,0,0,0,0,0,0,0,0,0,0,0,0,0,0
netty,io/netty/handler/ssl/JdkSslServerContext,JdkSslServerContext,dataset/projects/netty/handler/src/main/java/io/netty/handler/ssl/JdkSslServerContext.java,C:/Users/ismak/Documents/GitHub/relation_test_code_smell_ML/dataset/projects/netty/handler/src/test/java/io/netty/handler/ssl/JdkSslServerContextTest.java,1,5,1,4,0,1,4,0,0,0,1,1,1,0,0,0,0,0,0,0,0,0,0,0,0,0,0,0,0,0,0,1,0,0,0
netty,io/netty/handler/ssl/OpenSsl,OpenSsl,dataset/projects/netty/handler/src/main/java/io/netty/handler/ssl/OpenSsl.java,C:/Users/ismak/Documents/GitHub/relation_test_code_smell_ML/dataset/projects/netty/handler/src/test/java/io/netty/handler/ssl/OpenSslTest.java,1,4,1,4,0,2,0,1,0,1,1,1,1,0,0,0,0,0,0,0,0,0,0,0,0,0,0,0,0,0,0,1,0,0,0
netty,io/netty/handler/ssl/OpenSslCachingKeyMaterialProvider,OpenSslCachingKeyMaterialProvider,,C:/Users/ismak/Documents/GitHub/relation_test_code_smell_ML/dataset/projects/netty/handler/src/test/java/io/netty/handler/ssl/OpenSslCachingKeyMaterialProviderTest.java,0,0,1,7,0,0,0,0,0,0,1,1,1,0,1,0,0,0,0,1,0,0,0,0,0,0,0,0,0,1,0,0,0,1,0
netty,io/netty/handler/ssl/OpenSslCertificateCompression,OpenSslCertificateCompression,,C:/Users/ismak/Documents/GitHub/relation_test_code_smell_ML/dataset/projects/netty/handler/src/test/java/io/netty/handler/ssl/OpenSslCertificateCompressionTest.java,0,0,1,4,0,0,0,0,0,0,1,1,1,0,0,0,0,0,0,1,0,0,0,0,0,0,0,0,0,0,0,0,0,0,0
netty,io/netty/handler/ssl/OpenSslCertificateException,OpenSslCertificateException,,C:/Users/ismak/Documents/GitHub/relation_test_code_smell_ML/dataset/projects/netty/handler/src/test/java/io/netty/handler/ssl/OpenSslCertificateExceptionTest.java,0,0,1,6,0,0,0,0,0,0,1,1,1,0,0,1,0,0,0,1,0,0,0,0,0,0,0,0,0,0,1,0,0,0,0
netty,io/netty/handler/ssl/OpenSslClientContext,OpenSslClientContext,dataset/projects/netty/handler/src/main/java/io/netty/handler/ssl/OpenSslClientContext.java,C:/Users/ismak/Documents/GitHub/relation_test_code_smell_ML/dataset/projects/netty/handler/src/test/java/io/netty/handler/ssl/OpenSslClientContextTest.java,1,3,1,3,0,0,3,0,0,0,1,1,1,0,0,0,0,0,0,0,0,0,0,0,0,0,0,0,0,0,0,0,0,0,0
netty,io/netty/handler/ssl/OpenSslClientSessionCache,OpenSslClientSessionCache,dataset/projects/netty/handler/src/main/java/io/netty/handler/ssl/OpenSslClientSessionCache.java,,1,1,0,0,0,1,0,0,0,0,0,0,0,0,0,0,0,0,0,0,0,0,0,0,0,0,0,0,0,0,0,0,0,0,0
netty,io/netty/handler/ssl/OpenSslConscryptSslEngineInterop,OpenSslConscryptSslEngineInterop,,C:/Users/ismak/Documents/GitHub/relation_test_code_smell_ML/dataset/projects/netty/handler/src/test/java/io/netty/handler/ssl/OpenSslConscryptSslEngineInteropTest.java,0,0,1,5,0,0,0,0,0,0,1,1,1,0,0,0,0,0,0,1,0,0,0,0,0,0,0,0,0,0,1,0,0,0,0
netty,io/netty/handler/ssl/OpenSslContext,OpenSslContext,dataset/projects/netty/handler/src/main/java/io/netty/handler/ssl/OpenSslContext.java,,1,2,0,0,0,0,2,0,0,0,0,0,0,0,0,0,0,0,0,0,0,0,0,0,0,0,0,0,0,0,0,0,0,0,0
netty,io/netty/handler/ssl/OpenSslCredentialBuilder,OpenSslCredentialBuilder,dataset/projects/netty/handler/src/main/java/io/netty/handler/ssl/OpenSslCredentialBuilder.java,C:/Users/ismak/Documents/GitHub/relation_test_code_smell_ML/dataset/projects/netty/handler/src/test/java/io/netty/handler/ssl/OpenSslCredentialBuilderTest.java,1,1,1,4,0,1,0,0,0,0,1,1,1,0,0,0,0,0,0,1,0,0,0,0,0,0,0,0,0,0,0,0,0,0,0
netty,io/netty/handler/ssl/OpenSslEngine,OpenSslEngine,,C:/Users/ismak/Documents/GitHub/relation_test_code_smell_ML/dataset/projects/netty/handler/src/test/java/io/netty/handler/ssl/OpenSslEngineTest.java,0,0,1,13,0,0,0,0,0,0,1,1,1,0,1,1,1,0,0,1,0,1,0,0,0,0,0,0,0,1,1,1,1,1,0
netty,io/netty/handler/ssl/OpenSslJdkSslEngineInteropt,OpenSslJdkSslEngineInteropt,,C:/Users/ismak/Documents/GitHub/relation_test_code_smell_ML/dataset/projects/netty/handler/src/test/java/io/netty/handler/ssl/OpenSslJdkSslEngineInteroptTest.java,0,0,1,7,0,0,0,0,0,0,1,1,1,0,0,0,1,0,1,1,0,0,0,0,0,0,0,0,0,0,1,0,0,0,0
netty,io/netty/handler/ssl/OpenSslKeyMaterialManager,OpenSslKeyMaterialManager,dataset/projects/netty/handler/src/main/java/io/netty/handler/ssl/OpenSslKeyMaterialManager.java,C:/Users/ismak/Documents/GitHub/relation_test_code_smell_ML/dataset/projects/netty/handler/src/test/java/io/netty/handler/ssl/OpenSslKeyMaterialManagerTest.java,1,1,1,5,0,1,0,0,0,0,1,1,1,0,0,0,0,0,0,1,0,0,0,0,0,0,0,0,0,0,1,0,0,0,0
netty,io/netty/handler/ssl/OpenSslKeyMaterialProvider,OpenSslKeyMaterialProvider,,C:/Users/ismak/Documents/GitHub/relation_test_code_smell_ML/dataset/projects/netty/handler/src/test/java/io/netty/handler/ssl/OpenSslKeyMaterialProviderTest.java,0,0,1,8,0,0,0,0,0,0,1,1,1,0,1,1,0,0,0,1,0,0,0,0,0,0,0,0,0,1,0,0,0,1,0
netty,io/netty/handler/ssl/OpenSslPrivateKeyMethod,OpenSslPrivateKeyMethod,,C:/Users/ismak/Documents/GitHub/relation_test_code_smell_ML/dataset/projects/netty/handler/src/test/java/io/netty/handler/ssl/OpenSslPrivateKeyMethodTest.java,0,0,1,8,0,0,0,0,0,0,1,1,1,0,1,1,0,0,0,1,0,0,0,0,0,0,0,0,0,0,1,1,0,0,0
netty,io/netty/handler/ssl/OpenSslRenegotiate,OpenSslRenegotiate,,C:/Users/ismak/Documents/GitHub/relation_test_code_smell_ML/dataset/projects/netty/handler/src/test/java/io/netty/handler/ssl/OpenSslRenegotiateTest.java,0,0,1,3,0,0,0,0,0,0,1,1,1,0,0,0,0,0,0,0,0,0,0,0,0,0,0,0,0,0,0,0,0,0,0
netty,io/netty/handler/ssl/OpenSslServerContext,OpenSslServerContext,dataset/projects/netty/handler/src/main/java/io/netty/handler/ssl/OpenSslServerContext.java,C:/Users/ismak/Documents/GitHub/relation_test_code_smell_ML/dataset/projects/netty/handler/src/test/java/io/netty/handler/ssl/OpenSslServerContextTest.java,1,4,1,3,0,0,4,0,0,0,1,1,1,0,0,0,0,0,0,0,0,0,0,0,0,0,0,0,0,0,0,0,0,0,0
netty,io/netty/handler/ssl/OpenSslSessionCache,OpenSslSessionCache,dataset/projects/netty/handler/src/main/java/io/netty/handler/ssl/OpenSslSessionCache.java,,1,2,0,0,0,0,0,0,0,2,0,0,0,0,0,0,0,0,0,0,0,0,0,0,0,0,0,0,0,0,0,0,0,0,0
netty,io/netty/handler/ssl/OpenSslSessionStats,OpenSslSessionStats,dataset/projects/netty/handler/src/main/java/io/netty/handler/ssl/OpenSslSessionStats.java,,1,1,0,0,0,0,0,0,0,1,0,0,0,0,0,0,0,0,0,0,0,0,0,0,0,0,0,0,0,0,0,0,0,0,0
netty,io/netty/handler/ssl/OpenSslX509KeyManagerFactory,OpenSslX509KeyManagerFactory,dataset/projects/netty/handler/src/main/java/io/netty/handler/ssl/OpenSslX509KeyManagerFactory.java,,1,1,0,0,1,0,0,0,0,0,0,0,0,0,0,0,0,0,0,0,0,0,0,0,0,0,0,0,0,0,0,0,0,0,0
netty,io/netty/handler/ssl/OpenSslX509KeyManagerFactoryProvider,OpenSslX509KeyManagerFactoryProvider,,C:/Users/ismak/Documents/GitHub/relation_test_code_smell_ML/dataset/projects/netty/handler/src/test/java/io/netty/handler/ssl/OpenSslX509KeyManagerFactoryProviderTest.java,0,0,1,3,0,0,0,0,0,0,1,1,1,0,0,0,0,0,0,0,0,0,0,0,0,0,0,0,0,0,0,0,0,0,0
netty,io/netty/handler/ssl/OptionalSslHandler,OptionalSslHandler,,C:/Users/ismak/Documents/GitHub/relation_test_code_smell_ML/dataset/projects/netty/handler/src/test/java/io/netty/handler/ssl/OptionalSslHandlerTest.java,0,0,1,5,0,0,0,0,0,0,1,1,1,0,0,0,0,0,0,1,0,0,0,0,0,0,0,0,0,0,1,0,0,0,0
netty,io/netty/handler/ssl/ParameterizedSslHandler,ParameterizedSslHandler,,C:/Users/ismak/Documents/GitHub/relation_test_code_smell_ML/dataset/projects/netty/handler/src/test/java/io/netty/handler/ssl/ParameterizedSslHandlerTest.java,0,0,1,7,0,0,0,0,0,0,1,1,1,0,0,1,0,0,0,1,0,0,0,0,0,0,0,0,0,0,1,1,0,0,0
netty,io/netty/handler/ssl/PemEncoded,PemEncoded,,C:/Users/ismak/Documents/GitHub/relation_test_code_smell_ML/dataset/projects/netty/handler/src/test/java/io/netty/handler/ssl/PemEncodedTest.java,0,0,1,6,0,0,0,0,0,0,1,1,1,0,0,0,0,0,0,1,0,0,0,0,0,0,0,0,0,0,1,1,0,0,0
netty,io/netty/handler/ssl/PemPrivateKey,PemPrivateKey,dataset/projects/netty/handler/src/main/java/io/netty/handler/ssl/PemPrivateKey.java,,1,1,0,0,0,0,0,0,0,1,0,0,0,0,0,0,0,0,0,0,0,0,0,0,0,0,0,0,0,0,0,0,0,0,0
netty,io/netty/handler/ssl/PemReader,PemReader,dataset/projects/netty/handler/src/main/java/io/netty/handler/ssl/PemReader.java,C:/Users/ismak/Documents/GitHub/relation_test_code_smell_ML/dataset/projects/netty/handler/src/test/java/io/netty/handler/ssl/PemReaderTest.java,1,1,1,5,0,1,0,0,0,0,1,1,1,0,0,1,0,0,0,1,0,0,0,0,0,0,0,0,0,0,0,0,0,0,0
netty,io/netty/handler/ssl/PemX509Certificate,PemX509Certificate,dataset/projects/netty/handler/src/main/java/io/netty/handler/ssl/PemX509Certificate.java,,1,3,0,0,0,1,0,1,0,1,0,0,0,0,0,0,0,0,0,0,0,0,0,0,0,0,0,0,0,0,0,0,0,0,0
netty,io/netty/handler/ssl/PkiTestingTls,PkiTestingTls,,C:/Users/ismak/Documents/GitHub/relation_test_code_smell_ML/dataset/projects/netty/handler/src/test/java/io/netty/handler/ssl/PkiTestingTlsTest.java,0,0,1,6,0,0,0,0,0,0,1,1,1,0,0,0,0,0,0,1,0,0,0,0,0,0,0,0,0,0,1,1,0,0,0
netty,io/netty/handler/ssl/PseudoRandomFunction,PseudoRandomFunction,,C:/Users/ismak/Documents/GitHub/relation_test_code_smell_ML/dataset/projects/netty/handler/src/test/java/io/netty/handler/ssl/PseudoRandomFunctionTest.java,0,0,1,3,0,0,0,0,0,0,1,1,1,0,0,0,0,0,0,0,0,0,0,0,0,0,0,0,0,0,0,0,0,0,0
netty,io/netty/handler/ssl/ReferenceCountedOpenSslClientContext,ReferenceCountedOpenSslClientContext,dataset/projects/netty/handler/src/main/java/io/netty/handler/ssl/ReferenceCountedOpenSslClientContext.java,,1,5,0,0,1,1,3,0,0,0,0,0,0,0,0,0,0,0,0,0,0,0,0,0,0,0,0,0,0,0,0,0,0,0,0
netty,io/netty/handler/ssl/ReferenceCountedOpenSslContext,ReferenceCountedOpenSslContext,dataset/projects/netty/handler/src/main/java/io/netty/handler/ssl/ReferenceCountedOpenSslContext.java,,1,7,0,0,1,3,1,1,0,1,0,0,0,0,0,0,0,0,0,0,0,0,0,0,0,0,0,0,0,0,0,0,0,0,0
netty,io/netty/handler/ssl/ReferenceCountedOpenSslEngine,ReferenceCountedOpenSslEngine,dataset/projects/netty/handler/src/main/java/io/netty/handler/ssl/ReferenceCountedOpenSslEngine.java,C:/Users/ismak/Documents/GitHub/relation_test_code_smell_ML/dataset/projects/netty/handler/src/test/java/io/netty/handler/ssl/ReferenceCountedOpenSslEngineTest.java,1,17,1,4,1,11,0,2,1,2,1,1,1,0,0,0,0,0,0,1,0,0,0,0,0,0,0,0,0,0,0,0,0,0,0
netty,io/netty/handler/ssl/ReferenceCountedOpenSslServerContext,ReferenceCountedOpenSslServerContext,dataset/projects/netty/handler/src/main/java/io/netty/handler/ssl/ReferenceCountedOpenSslServerContext.java,,1,4,0,0,0,1,3,0,0,0,0,0,0,0,0,0,0,0,0,0,0,0,0,0,0,0,0,0,0,0,0,0,0,0,0
netty,io/netty/handler/ssl/Renegotiate,Renegotiate,,C:/Users/ismak/Documents/GitHub/relation_test_code_smell_ML/dataset/projects/netty/handler/src/test/java/io/netty/handler/ssl/RenegotiateTest.java,0,0,1,5,0,0,0,0,0,0,1,1,1,0,0,0,0,0,0,1,0,0,0,0,0,0,0,0,0,0,1,0,0,0,0
netty,io/netty/handler/ssl/ResumptionController,ResumptionController,dataset/projects/netty/handler/src/main/java/io/netty/handler/ssl/ResumptionController.java,,1,1,0,0,0,1,0,0,0,0,0,0,0,0,0,0,0,0,0,0,0,0,0,0,0,0,0,0,0,0,0,0,0,0,0
netty,io/netty/handler/ssl/SSLEngine,SSLEngine,,C:/Users/ismak/Documents/GitHub/relation_test_code_smell_ML/dataset/projects/netty/handler/src/test/java/io/netty/handler/ssl/SSLEngineTest.java,0,0,1,14,0,0,0,0,0,0,1,1,1,0,1,1,1,0,0,1,0,1,0,0,0,0,1,0,0,1,1,1,1,1,0
netty,io/netty/handler/ssl/SignatureAlgorithmConverter,SignatureAlgorithmConverter,,C:/Users/ismak/Documents/GitHub/relation_test_code_smell_ML/dataset/projects/netty/handler/src/test/java/io/netty/handler/ssl/SignatureAlgorithmConverterTest.java,0,0,1,3,0,0,0,0,0,0,1,1,1,0,0,0,0,0,0,0,0,0,0,0,0,0,0,0,0,0,0,0,0,0,0
netty,io/netty/handler/ssl/SniClient,SniClient,,C:/Users/ismak/Documents/GitHub/relation_test_code_smell_ML/dataset/projects/netty/handler/src/test/java/io/netty/handler/ssl/SniClientTest.java,0,0,1,7,0,0,0,0,0,0,1,1,1,0,1,1,0,0,0,1,0,0,0,0,0,0,0,0,0,0,1,0,0,0,0
netty,io/netty/handler/ssl/SniHandler,SniHandler,,C:/Users/ismak/Documents/GitHub/relation_test_code_smell_ML/dataset/projects/netty/handler/src/test/java/io/netty/handler/ssl/SniHandlerTest.java,0,0,1,10,0,0,0,0,0,0,1,1,1,0,1,1,0,0,0,1,0,0,0,0,0,0,1,0,0,0,1,1,0,1,0
netty,io/netty/handler/ssl/SslClientHelloHandler,SslClientHelloHandler,dataset/projects/netty/handler/src/main/java/io/netty/handler/ssl/SslClientHelloHandler.java,C:/Users/ismak/Documents/GitHub/relation_test_code_smell_ML/dataset/projects/netty/handler/src/test/java/io/netty/handler/ssl/SslClientHelloHandlerTest.java,1,2,1,4,0,1,0,0,0,1,1,1,1,0,1,0,0,0,0,0,0,0,0,0,0,0,0,0,0,0,0,0,0,0,0
netty,io/netty/handler/ssl/SslContext,SslContext,dataset/projects/netty/handler/src/main/java/io/netty/handler/ssl/SslContext.java,C:/Users/ismak/Documents/GitHub/relation_test_code_smell_ML/dataset/projects/netty/handler/src/test/java/io/netty/handler/ssl/SslContextTest.java,1,12,1,7,1,3,6,1,0,1,1,1,1,0,0,0,0,0,0,1,0,1,0,0,0,0,0,0,0,0,1,0,1,0,0
netty,io/netty/handler/ssl/SslContextBuilder,SslContextBuilder,dataset/projects/netty/handler/src/main/java/io/netty/handler/ssl/SslContextBuilder.java,C:/Users/ismak/Documents/GitHub/relation_test_code_smell_ML/dataset/projects/netty/handler/src/test/java/io/netty/handler/ssl/SslContextBuilderTest.java,1,4,1,7,1,1,0,0,1,1,1,1,1,0,0,1,0,0,0,1,0,0,0,0,0,0,0,0,0,0,1,1,0,0,0
netty,io/netty/handler/ssl/SslContextTrustManager,SslContextTrustManager,,C:/Users/ismak/Documents/GitHub/relation_test_code_smell_ML/dataset/projects/netty/handler/src/test/java/io/netty/handler/ssl/SslContextTrustManagerTest.java,0,0,1,5,0,0,0,0,0,0,1,1,1,0,0,0,0,0,0,1,0,0,0,0,0,0,0,0,0,0,1,0,0,0,0
netty,io/netty/handler/ssl/SslError,SslError,,C:/Users/ismak/Documents/GitHub/relation_test_code_smell_ML/dataset/projects/netty/handler/src/test/java/io/netty/handler/ssl/SslErrorTest.java,0,0,1,7,0,0,0,0,0,0,1,1,1,0,0,1,0,0,0,1,0,0,0,0,0,0,0,0,0,0,1,0,1,0,0
netty,io/netty/handler/ssl/SslHandler,SslHandler,dataset/projects/netty/handler/src/main/java/io/netty/handler/ssl/SslHandler.java,C:/Users/ismak/Documents/GitHub/relation_test_code_smell_ML/dataset/projects/netty/handler/src/test/java/io/netty/handler/ssl/SslHandlerTest.java,1,11,1,11,1,8,0,1,0,1,1,1,1,0,1,1,0,0,0,1,0,0,0,0,0,0,1,0,0,1,1,1,0,1,0
netty,io/netty/handler/ssl/SslHandlerCoalescingBufferQueue,SslHandlerCoalescingBufferQueue,,C:/Users/ismak/Documents/GitHub/relation_test_code_smell_ML/dataset/projects/netty/handler/src/test/java/io/netty/handler/ssl/SslHandlerCoalescingBufferQueueTest.java,0,0,1,5,0,0,0,0,0,0,1,1,1,0,1,0,0,0,0,0,0,0,0,0,0,0,0,0,0,0,0,0,0,1,0
netty,io/netty/handler/ssl/SslUtils,SslUtils,dataset/projects/netty/handler/src/main/java/io/netty/handler/ssl/SslUtils.java,C:/Users/ismak/Documents/GitHub/relation_test_code_smell_ML/dataset/projects/netty/handler/src/test/java/io/netty/handler/ssl/SslUtilsTest.java,1,5,1,6,0,3,0,1,0,1,1,1,1,0,1,0,0,0,0,1,0,0,0,0,0,0,0,0,0,0,0,0,0,1,0
netty,io/netty/handler/ssl/ocsp/AbstractOcsp,AbstractOcsp,,C:/Users/ismak/Documents/GitHub/relation_test_code_smell_ML/dataset/projects/netty/handler-ssl-ocsp/src/test/java/io/netty/handler/ssl/ocsp/AbstractOcspTest.java,0,0,1,3,0,0,0,0,0,0,1,1,1,0,0,0,0,0,0,0,0,0,0,0,0,0,0,0,0,0,0,0,0,0,0
netty,io/netty/handler/ssl/ocsp/Ocsp,Ocsp,,C:/Users/ismak/Documents/GitHub/relation_test_code_smell_ML/dataset/projects/netty/handler-ssl-ocsp/src/test/java/io/netty/handler/ssl/ocsp/OcspTest.java,0,0,1,6,0,0,0,0,0,0,1,1,1,0,0,0,0,0,0,1,0,0,0,0,0,0,0,0,0,0,1,1,0,0,0
netty,io/netty/handler/ssl/ocsp/OcspClient,OcspClient,dataset/projects/netty/handler-ssl-ocsp/src/main/java/io/netty/handler/ssl/ocsp/OcspClient.java,C:/Users/ismak/Documents/GitHub/relation_test_code_smell_ML/dataset/projects/netty/handler-ssl-ocsp/src/test/java/io/netty/handler/ssl/ocsp/OcspClientTest.java,1,2,1,3,1,1,0,0,0,0,1,1,1,0,0,0,0,0,0,0,0,0,0,0,0,0,0,0,0,0,0,0,0,0,0
netty,io/netty/handler/ssl/ocsp/OcspServerCertificateValidator,OcspServerCertificateValidator,,C:/Users/ismak/Documents/GitHub/relation_test_code_smell_ML/dataset/projects/netty/handler-ssl-ocsp/src/test/java/io/netty/handler/ssl/ocsp/OcspServerCertificateValidatorTest.java,0,0,1,3,0,0,0,0,0,0,1,1,1,0,0,0,0,0,0,0,0,0,0,0,0,0,0,0,0,0,0,0,0,0,0
netty,io/netty/handler/ssl/util/BouncyCastleUtil,BouncyCastleUtil,dataset/projects/netty/handler/src/main/java/io/netty/handler/ssl/util/BouncyCastleUtil.java,C:/Users/ismak/Documents/GitHub/relation_test_code_smell_ML/dataset/projects/netty/handler/src/test/java/io/netty/handler/ssl/util/BouncyCastleUtilTest.java,1,1,1,5,0,0,0,0,0,1,1,1,1,0,1,0,0,0,0,0,0,0,0,0,0,0,0,0,0,1,0,0,0,0,0
netty,io/netty/handler/ssl/util/CertificateBuilderCertGenerator,CertificateBuilderCertGenerator,dataset/projects/netty/handler/src/main/java/io/netty/handler/ssl/util/CertificateBuilderCertGenerator.java,,1,1,0,0,0,1,0,0,0,0,0,0,0,0,0,0,0,0,0,0,0,0,0,0,0,0,0,0,0,0,0,0,0,0,0
netty,io/netty/handler/ssl/util/FingerprintTrustManagerFactory,FingerprintTrustManagerFactory,,C:/Users/ismak/Documents/GitHub/relation_test_code_smell_ML/dataset/projects/netty/handler/src/test/java/io/netty/handler/ssl/util/FingerprintTrustManagerFactoryTest.java,0,0,1,5,0,0,0,0,0,0,1,1,1,0,1,0,0,0,0,1,0,0,0,0,0,0,0,0,0,0,0,0,0,0,0
netty,io/netty/handler/ssl/util/KeytoolSelfSignedCertGenerator,KeytoolSelfSignedCertGenerator,,C:/Users/ismak/Documents/GitHub/relation_test_code_smell_ML/dataset/projects/netty/handler/src/test/java/io/netty/handler/ssl/util/KeytoolSelfSignedCertGeneratorTest.java,0,0,1,5,0,0,0,0,0,0,1,1,1,0,1,0,0,0,0,1,0,0,0,0,0,0,0,0,0,0,0,0,0,0,0
netty,io/netty/handler/ssl/util/LazyJavaxX509Certificate,LazyJavaxX509Certificate,,C:/Users/ismak/Documents/GitHub/relation_test_code_smell_ML/dataset/projects/netty/handler/src/test/java/io/netty/handler/ssl/util/LazyJavaxX509CertificateTest.java,0,0,1,5,0,0,0,0,0,0,1,1,1,0,1,0,0,0,0,1,0,0,0,0,0,0,0,0,0,0,0,0,0,0,0
netty,io/netty/handler/ssl/util/LazyX509Certificate,LazyX509Certificate,,C:/Users/ismak/Documents/GitHub/relation_test_code_smell_ML/dataset/projects/netty/handler/src/test/java/io/netty/handler/ssl/util/LazyX509CertificateTest.java,0,0,1,5,0,0,0,0,0,0,1,1,1,0,1,0,0,0,0,1,0,0,0,0,0,0,0,0,0,0,0,0,0,0,0
netty,io/netty/handler/ssl/util/OpenJdkSelfSignedCertGenerator,OpenJdkSelfSignedCertGenerator,dataset/projects/netty/handler/src/main/java/io/netty/handler/ssl/util/OpenJdkSelfSignedCertGenerator.java,C:/Users/ismak/Documents/GitHub/relation_test_code_smell_ML/dataset/projects/netty/handler/src/test/java/io/netty/handler/ssl/util/OpenJdkSelfSignedCertGeneratorTest.java,1,1,1,5,0,1,0,0,0,0,1,1,1,0,0,0,0,0,0,1,0,0,0,0,0,0,0,0,0,0,0,0,0,1,0
netty,io/netty/handler/ssl/util/SelfSignedCertificate,SelfSignedCertificate,dataset/projects/netty/handler/src/main/java/io/netty/handler/ssl/util/SelfSignedCertificate.java,C:/Users/ismak/Documents/GitHub/relation_test_code_smell_ML/dataset/projects/netty/handler/src/test/java/io/netty/handler/ssl/util/SelfSignedCertificateTest.java,1,1,1,3,0,0,0,0,0,1,1,1,1,0,0,0,0,0,0,0,0,0,0,0,0,0,0,0,0,0,0,0,0,0,0
netty,io/netty/handler/ssl/util/SimpleTrustManagerFactory,SimpleTrustManagerFactory,,C:/Users/ismak/Documents/GitHub/relation_test_code_smell_ML/dataset/projects/netty/handler/src/test/java/io/netty/handler/ssl/util/SimpleTrustManagerFactoryTest.java,0,0,1,5,0,0,0,0,0,0,1,1,1,0,1,0,0,0,0,0,0,0,0,0,0,0,0,0,0,0,0,0,0,1,0
netty,io/netty/handler/ssl/util/ThreadLocalInsecureRandom,ThreadLocalInsecureRandom,dataset/projects/netty/handler/src/main/java/io/netty/handler/ssl/util/ThreadLocalInsecureRandom.java,,1,1,0,0,0,0,0,0,0,1,0,0,0,0,0,0,0,0,0,0,0,0,0,0,0,0,0,0,0,0,0,0,0,0,0
netty,io/netty/handler/stream/ChunkedStream,ChunkedStream,,C:/Users/ismak/Documents/GitHub/relation_test_code_smell_ML/dataset/projects/netty/handler/src/test/java/io/netty/handler/stream/ChunkedStreamTest.java,0,0,1,7,0,0,0,0,0,0,1,1,1,0,1,0,0,0,0,1,0,0,0,0,0,0,0,0,0,1,0,0,0,1,0
netty,io/netty/handler/stream/ChunkedWriteHandler,ChunkedWriteHandler,dataset/projects/netty/handler/src/main/java/io/netty/handler/stream/ChunkedWriteHandler.java,C:/Users/ismak/Documents/GitHub/relation_test_code_smell_ML/dataset/projects/netty/handler/src/test/java/io/netty/handler/stream/ChunkedWriteHandlerTest.java,1,3,1,8,0,1,0,1,0,1,1,1,1,0,1,1,0,0,0,1,0,0,0,0,0,0,0,0,0,0,1,0,0,1,0
netty,io/netty/handler/timeout/IdleStateEvent,IdleStateEvent,,C:/Users/ismak/Documents/GitHub/relation_test_code_smell_ML/dataset/projects/netty/handler/src/test/java/io/netty/handler/timeout/IdleStateEventTest.java,0,0,1,5,0,0,0,0,0,0,1,1,1,0,1,0,0,0,0,0,0,0,0,0,1,0,0,0,0,0,0,0,0,0,0
netty,io/netty/handler/timeout/IdleStateHandler,IdleStateHandler,dataset/projects/netty/handler/src/main/java/io/netty/handler/timeout/IdleStateHandler.java,C:/Users/ismak/Documents/GitHub/relation_test_code_smell_ML/dataset/projects/netty/handler/src/test/java/io/netty/handler/timeout/IdleStateHandlerTest.java,1,1,1,5,0,0,0,0,0,1,1,1,1,0,0,0,0,0,0,1,0,0,0,0,0,0,0,0,0,0,1,0,0,0,0
netty,io/netty/handler/timeout/IdleStateHandlerResetFlag,IdleStateHandlerResetFlag,,C:/Users/ismak/Documents/GitHub/relation_test_code_smell_ML/dataset/projects/netty/handler/src/test/java/io/netty/handler/timeout/IdleStateHandlerResetFlagTest.java,0,0,1,7,0,0,0,0,0,0,1,1,1,0,1,0,0,0,0,1,0,0,0,0,0,0,0,0,0,1,0,0,0,1,0
netty,io/netty/handler/timeout/WriteTimeoutHandler,WriteTimeoutHandler,,C:/Users/ismak/Documents/GitHub/relation_test_code_smell_ML/dataset/projects/netty/handler/src/test/java/io/netty/handler/timeout/WriteTimeoutHandlerTest.java,0,0,1,4,0,0,0,0,0,0,1,1,1,0,0,0,0,0,0,1,0,0,0,0,0,0,0,0,0,0,0,0,0,0,0
netty,io/netty/handler/traffic/AbstractTrafficShapingHandler,AbstractTrafficShapingHandler,dataset/projects/netty/handler/src/main/java/io/netty/handler/traffic/AbstractTrafficShapingHandler.java,,1,3,0,0,0,1,0,1,0,1,0,0,0,0,0,0,0,0,0,0,0,0,0,0,0,0,0,0,0,0,0,0,0,0,0
netty,io/netty/handler/traffic/FileRegionThrottle,FileRegionThrottle,,C:/Users/ismak/Documents/GitHub/relation_test_code_smell_ML/dataset/projects/netty/handler/src/test/java/io/netty/handler/traffic/FileRegionThrottleTest.java,0,0,1,4,0,0,0,0,0,0,1,1,1,0,0,0,0,0,0,1,0,0,0,0,0,0,0,0,0,0,0,0,0,0,0
netty,io/netty/handler/traffic/GlobalChannelTrafficShapingHandler,GlobalChannelTrafficShapingHandler,dataset/projects/netty/handler/src/main/java/io/netty/handler/traffic/GlobalChannelTrafficShapingHandler.java,,1,4,0,0,0,2,0,1,0,1,0,0,0,0,0,0,0,0,0,0,0,0,0,0,0,0,0,0,0,0,0,0,0,0,0
netty,io/netty/handler/traffic/GlobalTrafficShapingHandler,GlobalTrafficShapingHandler,dataset/projects/netty/handler/src/main/java/io/netty/handler/traffic/GlobalTrafficShapingHandler.java,,1,1,0,0,0,0,0,0,0,1,0,0,0,0,0,0,0,0,0,0,0,0,0,0,0,0,0,0,0,0,0,0,0,0,0
netty,io/netty/handler/traffic/TrafficCounter,TrafficCounter,dataset/projects/netty/handler/src/main/java/io/netty/handler/traffic/TrafficCounter.java,,1,3,0,0,0,2,0,0,0,1,0,0,0,0,0,0,0,0,0,0,0,0,0,0,0,0,0,0,0,0,0,0,0,0,0
netty,io/netty/handler/traffic/TrafficShapingHandler,TrafficShapingHandler,,C:/Users/ismak/Documents/GitHub/relation_test_code_smell_ML/dataset/projects/netty/handler/src/test/java/io/netty/handler/traffic/TrafficShapingHandlerTest.java,0,0,1,6,0,0,0,0,0,0,1,1,1,0,0,0,0,0,0,1,0,0,0,0,0,0,0,0,0,0,1,1,0,0,0
netty,io/netty/microbench/buffer/ByteBufCopyBenchmark,ByteBufCopyBenchmark,dataset/projects/netty/microbench/src/main/java/io/netty/microbench/buffer/ByteBufCopyBenchmark.java,,1,1,0,0,0,1,0,0,0,0,0,0,0,0,0,0,0,0,0,0,0,0,0,0,0,0,0,0,0,0,0,0,0,0,0
netty,io/netty/microbench/buffer/ByteBufUtilBenchmark,ByteBufUtilBenchmark,dataset/projects/netty/microbench/src/main/java/io/netty/microbench/buffer/ByteBufUtilBenchmark.java,,1,1,0,0,0,0,0,0,0,1,0,0,0,0,0,0,0,0,0,0,0,0,0,0,0,0,0,0,0,0,0,0,0,0,0
netty,io/netty/microbench/buffer/RandomSizeByteBufAllocationBenchmark,RandomSizeByteBufAllocationBenchmark,dataset/projects/netty/microbench/src/main/java/io/netty/microbench/buffer/RandomSizeByteBufAllocationBenchmark.java,,1,1,0,0,0,1,0,0,0,0,0,0,0,0,0,0,0,0,0,0,0,0,0,0,0,0,0,0,0,0,0,0,0,0,0
netty,io/netty/microbench/buffer/Utf8EncodingBenchmark,Utf8EncodingBenchmark,dataset/projects/netty/microbench/src/main/java/io/netty/microbench/buffer/Utf8EncodingBenchmark.java,,1,1,0,0,0,0,0,0,0,1,0,0,0,0,0,0,0,0,0,0,0,0,0,0,0,0,0,0,0,0,0,0,0,0,0
netty,io/netty/microbench/channel/EmbeddedChannelHandlerContext,EmbeddedChannelHandlerContext,dataset/projects/netty/microbench/src/main/java/io/netty/microbench/channel/EmbeddedChannelHandlerContext.java,,1,2,0,0,0,0,0,1,0,1,0,0,0,0,0,0,0,0,0,0,0,0,0,0,0,0,0,0,0,0,0,0,0,0,0
netty,io/netty/microbench/concurrent/BurstCostExecutorsBenchmark,BurstCostExecutorsBenchmark,dataset/projects/netty/microbench/src/main/java/io/netty/microbench/concurrent/BurstCostExecutorsBenchmark.java,,1,2,0,0,1,0,0,0,0,1,0,0,0,0,0,0,0,0,0,0,0,0,0,0,0,0,0,0,0,0,0,0,0,0,0
netty,io/netty/microbench/headers/HeadersBenchmark,HeadersBenchmark,dataset/projects/netty/microbench/src/main/java/io/netty/microbench/headers/HeadersBenchmark.java,,1,3,0,0,0,1,0,0,0,2,0,0,0,0,0,0,0,0,0,0,0,0,0,0,0,0,0,0,0,0,0,0,0,0,0
netty,io/netty/microbench/http/HttpRequestResponseBenchmark,HttpRequestResponseBenchmark,dataset/projects/netty/microbench/src/main/java/io/netty/microbench/http/HttpRequestResponseBenchmark.java,,1,1,0,0,0,0,0,0,0,1,0,0,0,0,0,0,0,0,0,0,0,0,0,0,0,0,0,0,0,0,0,0,0,0,0
netty,io/netty/microbench/http2/NoopHttp2RemoteFlowController,NoopHttp2RemoteFlowController,dataset/projects/netty/microbench/src/main/java/io/netty/microbench/http2/NoopHttp2RemoteFlowController.java,,1,1,0,0,0,0,0,0,0,1,0,0,0,0,0,0,0,0,0,0,0,0,0,0,0,0,0,0,0,0,0,0,0,0,0
netty,io/netty/microbench/internal/EscapeCsvBenchmark,EscapeCsvBenchmark,dataset/projects/netty/microbench/src/main/java/io/netty/microbench/internal/EscapeCsvBenchmark.java,,1,1,0,0,0,1,0,0,0,0,0,0,0,0,0,0,0,0,0,0,0,0,0,0,0,0,0,0,0,0,0,0,0,0,0
netty,io/netty/microbenchmark/common/IsValidIpV4Benchmark,IsValidIpV4Benchmark,dataset/projects/netty/microbench/src/main/java/io/netty/microbenchmark/common/IsValidIpV4Benchmark.java,,1,1,0,0,0,1,0,0,0,0,0,0,0,0,0,0,0,0,0,0,0,0,0,0,0,0,0,0,0,0,0,0,0,0,0
netty,io/netty/microbenchmark/common/IsValidIpV6Benchmark,IsValidIpV6Benchmark,dataset/projects/netty/microbench/src/main/java/io/netty/microbenchmark/common/IsValidIpV6Benchmark.java,,1,1,0,0,0,1,0,0,0,0,0,0,0,0,0,0,0,0,0,0,0,0,0,0,0,0,0,0,0,0,0,0,0,0,0
netty,io/netty/osgitests/OsgiBundle,OsgiBundle,,C:/Users/ismak/Documents/GitHub/relation_test_code_smell_ML/dataset/projects/netty/testsuite-osgi/src/test/java/io/netty/osgitests/OsgiBundleTest.java,0,0,1,3,0,0,0,0,0,0,1,1,1,0,0,0,0,0,0,0,0,0,0,0,0,0,0,0,0,0,0,0,0,0,0
netty,io/netty/pkitesting/Algorithms,Algorithms,dataset/projects/netty/pkitesting/src/main/java/io/netty/pkitesting/Algorithms.java,,1,1,0,0,0,1,0,0,0,0,0,0,0,0,0,0,0,0,0,0,0,0,0,0,0,0,0,0,0,0,0,0,0,0,0
netty,io/netty/pkitesting/CertificateBuilder,CertificateBuilder,dataset/projects/netty/pkitesting/src/main/java/io/netty/pkitesting/CertificateBuilder.java,C:/Users/ismak/Documents/GitHub/relation_test_code_smell_ML/dataset/projects/netty/pkitesting/src/test/java/io/netty/pkitesting/CertificateBuilderTest.java,1,6,1,3,1,3,0,1,0,1,1,1,1,0,0,0,0,0,0,0,0,0,0,0,0,0,0,0,0,0,0,0,0,0,0
netty,io/netty/pkitesting/X509Bundle,X509Bundle,dataset/projects/netty/pkitesting/src/main/java/io/netty/pkitesting/X509Bundle.java,,1,2,0,0,0,0,0,1,0,1,0,0,0,0,0,0,0,0,0,0,0,0,0,0,0,0,0,0,0,0,0,0,0,0,0
netty,io/netty/resolver/DefaultHostsFileEntriesResolver,DefaultHostsFileEntriesResolver,,C:/Users/ismak/Documents/GitHub/relation_test_code_smell_ML/dataset/projects/netty/resolver/src/test/java/io/netty/resolver/DefaultHostsFileEntriesResolverTest.java,0,0,1,7,0,0,0,0,0,0,1,1,1,0,1,0,0,0,0,1,0,0,0,0,0,0,1,0,0,0,0,0,0,1,0
netty,io/netty/resolver/HostsFileEntriesProvider,HostsFileEntriesProvider,dataset/projects/netty/resolver/src/main/java/io/netty/resolver/HostsFileEntriesProvider.java,C:/Users/ismak/Documents/GitHub/relation_test_code_smell_ML/dataset/projects/netty/resolver/src/test/java/io/netty/resolver/HostsFileEntriesProviderTest.java,1,1,1,4,0,1,0,0,0,0,1,1,1,0,0,0,0,0,0,0,0,0,0,0,0,0,0,0,0,0,0,1,0,0,0
netty,io/netty/resolver/HostsFileParser,HostsFileParser,,C:/Users/ismak/Documents/GitHub/relation_test_code_smell_ML/dataset/projects/netty/resolver/src/test/java/io/netty/resolver/HostsFileParserTest.java,0,0,1,8,0,0,0,0,0,0,1,1,1,0,1,0,0,0,0,1,0,0,0,0,0,0,0,0,0,0,1,1,0,1,0
netty,io/netty/resolver/InetSocketAddressResolver,InetSocketAddressResolver,,C:/Users/ismak/Documents/GitHub/relation_test_code_smell_ML/dataset/projects/netty/resolver/src/test/java/io/netty/resolver/InetSocketAddressResolverTest.java,0,0,1,4,0,0,0,0,0,0,1,1,1,0,0,0,0,0,0,0,0,0,0,0,0,0,0,0,0,0,1,0,0,0,0
netty,io/netty/resolver/dns/Cache,Cache,dataset/projects/netty/resolver-dns/src/main/java/io/netty/resolver/dns/Cache.java,,1,1,0,0,0,1,0,0,0,0,0,0,0,0,0,0,0,0,0,0,0,0,0,0,0,0,0,0,0,0,0,0,0,0,0
netty,io/netty/resolver/dns/DatagramDnsQueryContext,DatagramDnsQueryContext,dataset/projects/netty/resolver-dns/src/main/java/io/netty/resolver/dns/DatagramDnsQueryContext.java,,1,1,0,0,0,0,1,0,0,0,0,0,0,0,0,0,0,0,0,0,0,0,0,0,0,0,0,0,0,0,0,0,0,0,0
netty,io/netty/resolver/dns/DefaultAuthoritativeDnsServerCache,DefaultAuthoritativeDnsServerCache,,C:/Users/ismak/Documents/GitHub/relation_test_code_smell_ML/dataset/projects/netty/resolver-dns/src/test/java/io/netty/resolver/dns/DefaultAuthoritativeDnsServerCacheTest.java,0,0,1,9,0,0,0,0,0,0,1,1,1,0,1,1,0,0,0,1,0,0,0,0,0,0,0,0,0,0,1,1,0,1,0
netty,io/netty/resolver/dns/DefaultDnsCache,DefaultDnsCache,dataset/projects/netty/resolver-dns/src/main/java/io/netty/resolver/dns/DefaultDnsCache.java,C:/Users/ismak/Documents/GitHub/relation_test_code_smell_ML/dataset/projects/netty/resolver-dns/src/test/java/io/netty/resolver/dns/DefaultDnsCacheTest.java,1,1,1,9,0,0,0,0,0,1,1,1,1,0,1,1,0,0,0,1,0,0,0,0,0,0,0,0,0,0,1,1,0,1,0
netty,io/netty/resolver/dns/DefaultDnsCnameCache,DefaultDnsCnameCache,,C:/Users/ismak/Documents/GitHub/relation_test_code_smell_ML/dataset/projects/netty/resolver-dns/src/test/java/io/netty/resolver/dns/DefaultDnsCnameCacheTest.java,0,0,1,9,0,0,0,0,0,0,1,1,1,0,1,1,0,0,0,1,0,0,0,0,0,0,0,0,0,1,1,1,0,0,0
netty,io/netty/resolver/dns/DnsAddressResolverGroup,DnsAddressResolverGroup,,C:/Users/ismak/Documents/GitHub/relation_test_code_smell_ML/dataset/projects/netty/resolver-dns/src/test/java/io/netty/resolver/dns/DnsAddressResolverGroupTest.java,0,0,1,4,0,0,0,0,0,0,1,1,1,0,0,0,0,0,0,1,0,0,0,0,0,0,0,0,0,0,0,0,0,0,0
netty,io/netty/resolver/dns/DnsNameResolver,DnsNameResolver,dataset/projects/netty/resolver-dns/src/main/java/io/netty/resolver/dns/DnsNameResolver.java,C:/Users/ismak/Documents/GitHub/relation_test_code_smell_ML/dataset/projects/netty/resolver-dns/src/test/java/io/netty/resolver/dns/DnsNameResolverTest.java,1,10,1,10,1,4,3,1,0,1,1,1,1,0,1,1,0,0,0,1,0,0,0,0,0,0,0,0,0,1,1,1,0,1,0
netty,io/netty/resolver/dns/DnsNameResolverBuilder,DnsNameResolverBuilder,dataset/projects/netty/resolver-dns/src/main/java/io/netty/resolver/dns/DnsNameResolverBuilder.java,C:/Users/ismak/Documents/GitHub/relation_test_code_smell_ML/dataset/projects/netty/resolver-dns/src/test/java/io/netty/resolver/dns/DnsNameResolverBuilderTest.java,1,7,1,4,0,4,0,1,1,1,1,1,1,0,0,0,0,0,0,0,0,0,0,0,0,0,0,0,0,0,0,1,0,0,0
netty,io/netty/resolver/dns/DnsNameResolverClientSubnet,DnsNameResolverClientSubnet,,C:/Users/ismak/Documents/GitHub/relation_test_code_smell_ML/dataset/projects/netty/resolver-dns/src/test/java/io/netty/resolver/dns/DnsNameResolverClientSubnetTest.java,0,0,1,7,0,0,0,0,0,0,1,1,1,0,0,1,0,0,0,1,0,0,1,0,0,0,0,0,0,0,1,0,0,0,0
netty,io/netty/resolver/dns/DnsQueryContext,DnsQueryContext,dataset/projects/netty/resolver-dns/src/main/java/io/netty/resolver/dns/DnsQueryContext.java,C:/Users/ismak/Documents/GitHub/relation_test_code_smell_ML/dataset/projects/netty/resolver-dns/src/test/java/io/netty/resolver/dns/DnsQueryContextTest.java,1,4,1,7,1,0,1,0,0,2,1,1,1,0,1,1,0,0,0,1,0,0,0,0,0,0,0,0,0,0,0,0,0,1,0
netty,io/netty/resolver/dns/DnsQueryIdSpace,DnsQueryIdSpace,,C:/Users/ismak/Documents/GitHub/relation_test_code_smell_ML/dataset/projects/netty/resolver-dns/src/test/java/io/netty/resolver/dns/DnsQueryIdSpaceTest.java,0,0,1,7,0,0,0,0,0,0,1,1,1,0,1,1,0,0,0,0,0,0,0,0,0,0,0,0,0,1,0,0,0,1,0
netty,io/netty/resolver/dns/DnsResolveContext,DnsResolveContext,dataset/projects/netty/resolver-dns/src/main/java/io/netty/resolver/dns/DnsResolveContext.java,C:/Users/ismak/Documents/GitHub/relation_test_code_smell_ML/dataset/projects/netty/resolver-dns/src/test/java/io/netty/resolver/dns/DnsResolveContextTest.java,1,8,1,5,1,5,0,1,0,1,1,1,1,0,0,1,0,0,0,1,0,0,0,0,0,0,0,0,0,0,0,0,0,0,0
netty,io/netty/resolver/dns/DnsServer,DnsServer,,C:/Users/ismak/Documents/GitHub/relation_test_code_smell_ML/dataset/projects/netty/resolver-dns/src/test/java/io/netty/resolver/dns/TestDnsServer.java,0,0,1,4,0,0,0,0,0,0,1,1,1,0,0,0,1,0,0,0,0,0,0,0,0,0,0,0,0,0,0,0,0,0,0
netty,io/netty/resolver/dns/DnsServerAddressStreamProviders,DnsServerAddressStreamProviders,,C:/Users/ismak/Documents/GitHub/relation_test_code_smell_ML/dataset/projects/netty/resolver-dns/src/test/java/io/netty/resolver/dns/DnsServerAddressStreamProvidersTest.java,0,0,1,3,0,0,0,0,0,0,1,1,1,0,0,0,0,0,0,0,0,0,0,0,0,0,0,0,0,0,0,0,0,0,0
netty,io/netty/resolver/dns/DnsServerAddresses,DnsServerAddresses,dataset/projects/netty/resolver-dns/src/main/java/io/netty/resolver/dns/DnsServerAddresses.java,C:/Users/ismak/Documents/GitHub/relation_test_code_smell_ML/dataset/projects/netty/resolver-dns/src/test/java/io/netty/resolver/dns/DnsServerAddressesTest.java,1,1,1,7,0,0,0,0,0,1,1,1,1,0,1,1,0,0,0,0,0,0,0,1,0,0,0,0,0,0,0,0,0,1,0
netty,io/netty/resolver/dns/NameServerComparator,NameServerComparator,,C:/Users/ismak/Documents/GitHub/relation_test_code_smell_ML/dataset/projects/netty/resolver-dns/src/test/java/io/netty/resolver/dns/NameServerComparatorTest.java,0,0,1,5,0,0,0,0,0,0,1,1,1,0,1,0,0,0,0,0,0,0,0,0,0,0,0,0,0,0,0,0,0,1,0
netty,io/netty/resolver/dns/NativeImageHandlerMetadata,NativeImageHandlerMetadata,,C:/Users/ismak/Documents/GitHub/relation_test_code_smell_ML/dataset/projects/netty/resolver-dns/src/test/java/io/netty/resolver/dns/NativeImageHandlerMetadataTest.java,0,0,1,4,0,0,0,0,0,0,1,1,1,0,0,0,0,0,0,0,0,0,0,0,0,0,0,0,0,0,1,0,0,0,0
netty,io/netty/resolver/dns/PreferredAddressTypeComparator,PreferredAddressTypeComparator,,C:/Users/ismak/Documents/GitHub/relation_test_code_smell_ML/dataset/projects/netty/resolver-dns/src/test/java/io/netty/resolver/dns/PreferredAddressTypeComparatorTest.java,0,0,1,4,0,0,0,0,0,0,1,1,1,0,0,0,0,0,0,1,0,0,0,0,0,0,0,0,0,0,0,0,0,0,0
netty,io/netty/resolver/dns/ResolvConf,ResolvConf,,C:/Users/ismak/Documents/GitHub/relation_test_code_smell_ML/dataset/projects/netty/resolver-dns/src/test/java/io/netty/resolver/dns/ResolvConfTest.java,0,0,1,3,0,0,0,0,0,0,1,1,1,0,0,0,0,0,0,0,0,0,0,0,0,0,0,0,0,0,0,0,0,0,0
netty,io/netty/resolver/dns/SearchDomain,SearchDomain,,C:/Users/ismak/Documents/GitHub/relation_test_code_smell_ML/dataset/projects/netty/resolver-dns/src/test/java/io/netty/resolver/dns/SearchDomainTest.java,0,0,1,6,0,0,0,0,0,0,1,1,1,0,1,0,0,0,0,1,0,0,0,0,0,0,0,0,0,1,0,0,0,0,0
netty,io/netty/resolver/dns/UnixResolverDnsServerAddressStreamProvider,UnixResolverDnsServerAddressStreamProvider,dataset/projects/netty/resolver-dns/src/main/java/io/netty/resolver/dns/UnixResolverDnsServerAddressStreamProvider.java,C:/Users/ismak/Documents/GitHub/relation_test_code_smell_ML/dataset/projects/netty/resolver-dns/src/test/java/io/netty/resolver/dns/UnixResolverDnsServerAddressStreamProviderTest.java,1,5,1,8,0,3,0,1,0,1,1,1,1,0,1,0,0,0,0,1,0,1,0,0,0,0,0,0,0,0,0,0,1,1,0
netty,io/netty/resolver/dns/macos/MacOSDnsServerAddressStreamProvider,MacOSDnsServerAddressStreamProvider,dataset/projects/netty/resolver-dns-classes-macos/src/main/java/io/netty/resolver/dns/macos/MacOSDnsServerAddressStreamProvider.java,C:/Users/ismak/Documents/GitHub/relation_test_code_smell_ML/dataset/projects/netty/resolver-dns-native-macos/src/test/java/io/netty/resolver/dns/macos/MacOSDnsServerAddressStreamProviderTest.java,1,1,1,4,0,1,0,0,0,0,1,1,1,0,0,0,0,0,0,0,0,0,0,0,0,0,0,0,0,0,0,1,0,0,0
netty,io/netty/test/udt/nio/AbstractUdt,AbstractUdt,,C:/Users/ismak/Documents/GitHub/relation_test_code_smell_ML/dataset/projects/netty/transport-udt/src/test/java/io/netty/test/udt/nio/AbstractUdtTest.java,0,0,1,3,0,0,0,0,0,0,1,1,1,0,0,0,0,0,0,0,0,0,0,0,0,0,0,0,0,0,0,0,0,0,0
netty,io/netty/test/udt/nio/NioUdtByteAcceptorChannel,NioUdtByteAcceptorChannel,,C:/Users/ismak/Documents/GitHub/relation_test_code_smell_ML/dataset/projects/netty/transport-udt/src/test/java/io/netty/test/udt/nio/NioUdtByteAcceptorChannelTest.java,0,0,1,4,0,0,0,0,0,0,1,1,1,0,0,0,0,0,0,1,0,0,0,0,0,0,0,0,0,0,0,0,0,0,0
netty,io/netty/test/udt/nio/NioUdtByteConnectorChannel,NioUdtByteConnectorChannel,,C:/Users/ismak/Documents/GitHub/relation_test_code_smell_ML/dataset/projects/netty/transport-udt/src/test/java/io/netty/test/udt/nio/NioUdtByteConnectorChannelTest.java,0,0,1,4,0,0,0,0,0,0,1,1,1,0,0,0,0,0,0,1,0,0,0,0,0,0,0,0,0,0,0,0,0,0,0
netty,io/netty/test/udt/nio/NioUdtByteRendezvousChannel,NioUdtByteRendezvousChannel,,C:/Users/ismak/Documents/GitHub/relation_test_code_smell_ML/dataset/projects/netty/transport-udt/src/test/java/io/netty/test/udt/nio/NioUdtByteRendezvousChannelTest.java,0,0,1,7,0,0,0,0,0,0,1,1,1,0,1,1,0,0,0,1,0,0,0,0,0,0,1,0,0,0,0,0,0,0,0
netty,io/netty/test/udt/nio/NioUdtMessageAcceptorChannel,NioUdtMessageAcceptorChannel,,C:/Users/ismak/Documents/GitHub/relation_test_code_smell_ML/dataset/projects/netty/transport-udt/src/test/java/io/netty/test/udt/nio/NioUdtMessageAcceptorChannelTest.java,0,0,1,4,0,0,0,0,0,0,1,1,1,0,0,0,0,0,0,1,0,0,0,0,0,0,0,0,0,0,0,0,0,0,0
netty,io/netty/test/udt/nio/NioUdtMessageConnectorChannel,NioUdtMessageConnectorChannel,,C:/Users/ismak/Documents/GitHub/relation_test_code_smell_ML/dataset/projects/netty/transport-udt/src/test/java/io/netty/test/udt/nio/NioUdtMessageConnectorChannelTest.java,0,0,1,4,0,0,0,0,0,0,1,1,1,0,0,0,0,0,0,1,0,0,0,0,0,0,0,0,0,0,0,0,0,0,0
netty,io/netty/test/udt/nio/NioUdtMessageRendezvousChannel,NioUdtMessageRendezvousChannel,,C:/Users/ismak/Documents/GitHub/relation_test_code_smell_ML/dataset/projects/netty/transport-udt/src/test/java/io/netty/test/udt/nio/NioUdtMessageRendezvousChannelTest.java,0,0,1,7,0,0,0,0,0,0,1,1,1,0,1,1,0,0,0,1,0,0,0,0,0,0,1,0,0,0,0,0,0,0,0
netty,io/netty/test/udt/nio/NioUdtProvider,NioUdtProvider,,C:/Users/ismak/Documents/GitHub/relation_test_code_smell_ML/dataset/projects/netty/transport-udt/src/test/java/io/netty/test/udt/nio/NioUdtProviderTest.java,0,0,1,4,0,0,0,0,0,0,1,1,1,0,1,0,0,0,0,0,0,0,0,0,0,0,0,0,0,0,0,0,0,0,0
netty,io/netty/testsuite/http2/HelloWorldHttp2Handler,HelloWorldHttp2Handler,dataset/projects/netty/testsuite-http2/src/main/java/io/netty/testsuite/http2/HelloWorldHttp2Handler.java,,1,1,0,0,0,0,0,0,0,1,0,0,0,0,0,0,0,0,0,0,0,0,0,0,0,0,0,0,0,0,0,0,0,0,0
netty,io/netty/testsuite/transport/AbstractComboTestsuite,AbstractComboTestsuite,,C:/Users/ismak/Documents/GitHub/relation_test_code_smell_ML/dataset/projects/netty/testsuite/src/main/java/io/netty/testsuite/transport/AbstractComboTestsuiteTest.java,0,0,1,3,0,0,0,0,0,0,1,1,1,0,0,0,0,0,0,0,0,0,0,0,0,0,0,0,0,0,0,0,0,0,0
netty,io/netty/testsuite/transport/AbstractSingleThreadEventLoop,AbstractSingleThreadEventLoop,,C:/Users/ismak/Documents/GitHub/relation_test_code_smell_ML/dataset/projects/netty/testsuite/src/main/java/io/netty/testsuite/transport/AbstractSingleThreadEventLoopTest.java,0,0,1,10,0,0,0,0,0,0,1,1,1,0,1,1,0,0,0,1,0,0,0,0,0,0,1,0,0,1,1,0,0,1,0
netty,io/netty/testsuite/transport/AbstractSingleThreadEventLoopTest,AbstractSingleThreadEventLoopTest,dataset/projects/netty/testsuite/src/main/java/io/netty/testsuite/transport/AbstractSingleThreadEventLoopTest.java,,1,2,0,0,0,0,0,1,0,1,0,0,0,0,0,0,0,0,0,0,0,0,0,0,0,0,0,0,0,0,0,0,0,0,0
netty,io/netty/testsuite/transport/AbstractTestsuite,AbstractTestsuite,,C:/Users/ismak/Documents/GitHub/relation_test_code_smell_ML/dataset/projects/netty/testsuite/src/main/java/io/netty/testsuite/transport/AbstractTestsuiteTest.java,0,0,1,3,0,0,0,0,0,0,1,1,1,0,0,0,0,0,0,0,0,0,0,0,0,0,0,0,0,0,0,0,0,0,0
netty,io/netty/testsuite/transport/DefaultEventLoop,DefaultEventLoop,,C:/Users/ismak/Documents/GitHub/relation_test_code_smell_ML/dataset/projects/netty/testsuite/src/main/java/io/netty/testsuite/transport/DefaultEventLoopTest.java,0,0,1,4,0,0,0,0,0,0,1,1,1,0,0,0,0,0,0,1,0,0,0,0,0,0,0,0,0,0,0,0,0,0,0
netty,io/netty/testsuite/transport/NioEventLoop,NioEventLoop,,C:/Users/ismak/Documents/GitHub/relation_test_code_smell_ML/dataset/projects/netty/testsuite/src/main/java/io/netty/testsuite/transport/NioEventLoopTest.java,0,0,1,3,0,0,0,0,0,0,1,1,1,0,0,0,0,0,0,0,0,0,0,0,0,0,0,0,0,0,0,0,0,0,0
netty,io/netty/testsuite/transport/sctp/AbstractSctp,AbstractSctp,,C:/Users/ismak/Documents/GitHub/relation_test_code_smell_ML/dataset/projects/netty/testsuite/src/main/java/io/netty/testsuite/transport/sctp/AbstractSctpTest.java,0,0,1,3,0,0,0,0,0,0,1,1,1,0,0,0,0,0,0,0,0,0,0,0,0,0,0,0,0,0,0,0,0,0,0
netty,io/netty/testsuite/transport/sctp/SctpEcho,SctpEcho,,C:/Users/ismak/Documents/GitHub/relation_test_code_smell_ML/dataset/projects/netty/testsuite/src/main/java/io/netty/testsuite/transport/sctp/SctpEchoTest.java,0,0,1,6,0,0,0,0,0,0,1,1,1,0,0,0,0,0,0,1,0,0,0,0,0,0,0,0,0,0,1,1,0,0,0
netty,io/netty/testsuite/transport/sctp/SctpEchoTest,SctpEchoTest,dataset/projects/netty/testsuite/src/main/java/io/netty/testsuite/transport/sctp/SctpEchoTest.java,,1,1,0,0,0,1,0,0,0,0,0,0,0,0,0,0,0,0,0,0,0,0,0,0,0,0,0,0,0,0,0,0,0,0,0
netty,io/netty/testsuite/transport/socket/AbstractClientSocket,AbstractClientSocket,,C:/Users/ismak/Documents/GitHub/relation_test_code_smell_ML/dataset/projects/netty/testsuite/src/main/java/io/netty/testsuite/transport/socket/AbstractClientSocketTest.java,0,0,1,3,0,0,0,0,0,0,1,1,1,0,0,0,0,0,0,0,0,0,0,0,0,0,0,0,0,0,0,0,0,0,0
netty,io/netty/testsuite/transport/socket/AbstractDatagram,AbstractDatagram,,C:/Users/ismak/Documents/GitHub/relation_test_code_smell_ML/dataset/projects/netty/testsuite/src/main/java/io/netty/testsuite/transport/socket/AbstractDatagramTest.java,0,0,1,3,0,0,0,0,0,0,1,1,1,0,0,0,0,0,0,0,0,0,0,0,0,0,0,0,0,0,0,0,0,0,0
netty,io/netty/testsuite/transport/socket/AbstractServerSocket,AbstractServerSocket,,C:/Users/ismak/Documents/GitHub/relation_test_code_smell_ML/dataset/projects/netty/testsuite/src/main/java/io/netty/testsuite/transport/socket/AbstractServerSocketTest.java,0,0,1,3,0,0,0,0,0,0,1,1,1,0,0,0,0,0,0,0,0,0,0,0,0,0,0,0,0,0,0,0,0,0,0
netty,io/netty/testsuite/transport/socket/AbstractSocket,AbstractSocket,,C:/Users/ismak/Documents/GitHub/relation_test_code_smell_ML/dataset/projects/netty/testsuite/src/main/java/io/netty/testsuite/transport/socket/AbstractSocketTest.java,0,0,1,3,0,0,0,0,0,0,1,1,1,0,0,0,0,0,0,0,0,0,0,0,0,0,0,0,0,0,0,0,0,0,0
netty,io/netty/testsuite/transport/socket/AbstractSocketReuseFd,AbstractSocketReuseFd,,C:/Users/ismak/Documents/GitHub/relation_test_code_smell_ML/dataset/projects/netty/testsuite/src/main/java/io/netty/testsuite/transport/socket/AbstractSocketReuseFdTest.java,0,0,1,6,0,0,0,0,0,0,1,1,1,0,0,1,0,0,0,1,0,0,0,0,0,0,0,0,0,0,1,0,0,0,0
netty,io/netty/testsuite/transport/socket/AbstractSocketShutdownOutputByPeer,AbstractSocketShutdownOutputByPeer,,C:/Users/ismak/Documents/GitHub/relation_test_code_smell_ML/dataset/projects/netty/testsuite/src/main/java/io/netty/testsuite/transport/socket/AbstractSocketShutdownOutputByPeerTest.java,0,0,1,10,0,0,0,0,0,0,1,1,1,0,1,1,0,0,0,1,0,0,0,0,0,0,1,0,0,1,1,0,0,1,0
netty,io/netty/testsuite/transport/socket/CompositeBufferGatheringWrite,CompositeBufferGatheringWrite,,C:/Users/ismak/Documents/GitHub/relation_test_code_smell_ML/dataset/projects/netty/testsuite/src/main/java/io/netty/testsuite/transport/socket/CompositeBufferGatheringWriteTest.java,0,0,1,6,0,0,0,0,0,0,1,1,1,0,0,1,0,0,0,1,0,0,0,0,0,0,0,0,0,0,1,0,0,0,0
netty,io/netty/testsuite/transport/socket/DatagramConnectNotExists,DatagramConnectNotExists,,C:/Users/ismak/Documents/GitHub/relation_test_code_smell_ML/dataset/projects/netty/testsuite/src/main/java/io/netty/testsuite/transport/socket/DatagramConnectNotExistsTest.java,0,0,1,7,0,0,0,0,0,0,1,1,1,0,1,1,0,0,0,1,0,0,0,0,0,0,0,0,0,0,1,0,0,0,0
netty,io/netty/testsuite/transport/socket/DatagramConnectedWriteException,DatagramConnectedWriteException,,C:/Users/ismak/Documents/GitHub/relation_test_code_smell_ML/dataset/projects/netty/testsuite/src/main/java/io/netty/testsuite/transport/socket/DatagramConnectedWriteExceptionTest.java,0,0,1,6,0,0,0,0,0,0,1,1,1,0,0,0,0,0,0,1,0,0,0,0,0,0,0,0,0,0,1,1,0,0,0
netty,io/netty/testsuite/transport/socket/DatagramMulticast,DatagramMulticast,,C:/Users/ismak/Documents/GitHub/relation_test_code_smell_ML/dataset/projects/netty/testsuite/src/main/java/io/netty/testsuite/transport/socket/DatagramMulticastTest.java,0,0,1,8,0,0,0,0,0,0,1,1,1,0,1,1,0,0,0,1,0,0,0,0,0,0,1,0,0,0,1,0,0,0,0
netty,io/netty/testsuite/transport/socket/DatagramMulticastIPv6,DatagramMulticastIPv6,,C:/Users/ismak/Documents/GitHub/relation_test_code_smell_ML/dataset/projects/netty/testsuite/src/main/java/io/netty/testsuite/transport/socket/DatagramMulticastIPv6Test.java,0,0,1,5,0,0,0,0,0,0,1,1,1,0,0,0,0,0,0,1,0,0,0,0,0,0,0,0,0,0,1,0,0,0,0
netty,io/netty/testsuite/transport/socket/DatagramUnicast,DatagramUnicast,,C:/Users/ismak/Documents/GitHub/relation_test_code_smell_ML/dataset/projects/netty/testsuite/src/main/java/io/netty/testsuite/transport/socket/DatagramUnicastTest.java,0,0,1,9,0,0,0,0,0,0,1,1,1,0,1,1,0,0,0,1,0,0,0,0,0,0,0,0,0,1,1,1,0,0,0
netty,io/netty/testsuite/transport/socket/DatagramUnicastIPv6,DatagramUnicastIPv6,,C:/Users/ismak/Documents/GitHub/relation_test_code_smell_ML/dataset/projects/netty/testsuite/src/main/java/io/netty/testsuite/transport/socket/DatagramUnicastIPv6Test.java,0,0,1,3,0,0,0,0,0,0,1,1,1,0,0,0,0,0,0,0,0,0,0,0,0,0,0,0,0,0,0,0,0,0,0
netty,io/netty/testsuite/transport/socket/DatagramUnicastIPv6Mapped,DatagramUnicastIPv6Mapped,,C:/Users/ismak/Documents/GitHub/relation_test_code_smell_ML/dataset/projects/netty/testsuite/src/main/java/io/netty/testsuite/transport/socket/DatagramUnicastIPv6MappedTest.java,0,0,1,3,0,0,0,0,0,0,1,1,1,0,0,0,0,0,0,0,0,0,0,0,0,0,0,0,0,0,0,0,0,0,0
netty,io/netty/testsuite/transport/socket/DatagramUnicastInet,DatagramUnicastInet,,C:/Users/ismak/Documents/GitHub/relation_test_code_smell_ML/dataset/projects/netty/testsuite/src/main/java/io/netty/testsuite/transport/socket/DatagramUnicastInetTest.java,0,0,1,6,0,0,0,0,0,0,1,1,1,0,0,0,0,0,0,1,0,0,0,0,0,0,0,0,0,0,1,1,0,0,0
netty,io/netty/testsuite/transport/socket/DatagramUnicastTest,DatagramUnicastTest,dataset/projects/netty/testsuite/src/main/java/io/netty/testsuite/transport/socket/DatagramUnicastTest.java,,1,3,0,0,0,1,0,1,0,1,0,0,0,0,0,0,0,0,0,0,0,0,0,0,0,0,0,0,0,0,0,0,0,0,0
netty,io/netty/testsuite/transport/socket/ServerSocketSuspend,ServerSocketSuspend,,C:/Users/ismak/Documents/GitHub/relation_test_code_smell_ML/dataset/projects/netty/testsuite/src/main/java/io/netty/testsuite/transport/socket/ServerSocketSuspendTest.java,0,0,1,8,0,0,0,0,0,0,1,1,1,0,1,1,0,0,0,1,0,0,0,0,0,0,1,0,0,0,1,0,0,0,0
netty,io/netty/testsuite/transport/socket/SocketAddresses,SocketAddresses,,C:/Users/ismak/Documents/GitHub/relation_test_code_smell_ML/dataset/projects/netty/testsuite/src/main/java/io/netty/testsuite/transport/socket/SocketAddressesTest.java,0,0,1,6,0,0,0,0,0,0,1,1,1,0,0,0,0,0,0,1,0,0,0,0,0,0,0,0,0,0,1,1,0,0,0
netty,io/netty/testsuite/transport/socket/SocketAutoRead,SocketAutoRead,,C:/Users/ismak/Documents/GitHub/relation_test_code_smell_ML/dataset/projects/netty/testsuite/src/main/java/io/netty/testsuite/transport/socket/SocketAutoReadTest.java,0,0,1,6,0,0,0,0,0,0,1,1,1,0,0,0,0,0,0,1,0,0,0,0,0,0,0,0,0,0,1,1,0,0,0
netty,io/netty/testsuite/transport/socket/SocketBufRelease,SocketBufRelease,,C:/Users/ismak/Documents/GitHub/relation_test_code_smell_ML/dataset/projects/netty/testsuite/src/main/java/io/netty/testsuite/transport/socket/SocketBufReleaseTest.java,0,0,1,5,0,0,0,0,0,0,1,1,1,0,0,0,0,0,0,1,0,0,0,0,0,0,0,0,0,0,1,0,0,0,0
netty,io/netty/testsuite/transport/socket/SocketCancelWrite,SocketCancelWrite,,C:/Users/ismak/Documents/GitHub/relation_test_code_smell_ML/dataset/projects/netty/testsuite/src/main/java/io/netty/testsuite/transport/socket/SocketCancelWriteTest.java,0,0,1,9,0,0,0,0,0,0,1,1,1,0,1,1,0,0,0,1,0,0,0,0,0,0,1,0,0,0,1,0,0,1,0
netty,io/netty/testsuite/transport/socket/SocketCancelWriteTest,SocketCancelWriteTest,dataset/projects/netty/testsuite/src/main/java/io/netty/testsuite/transport/socket/SocketCancelWriteTest.java,,1,1,0,0,0,1,0,0,0,0,0,0,0,0,0,0,0,0,0,0,0,0,0,0,0,0,0,0,0,0,0,0,0,0,0
netty,io/netty/testsuite/transport/socket/SocketChannelNotYetConnected,SocketChannelNotYetConnected,,C:/Users/ismak/Documents/GitHub/relation_test_code_smell_ML/dataset/projects/netty/testsuite/src/main/java/io/netty/testsuite/transport/socket/SocketChannelNotYetConnectedTest.java,0,0,1,7,0,0,0,0,0,0,1,1,1,0,1,0,0,0,0,1,0,0,0,0,0,0,0,0,0,1,1,0,0,0,0
netty,io/netty/testsuite/transport/socket/SocketCloseForcibly,SocketCloseForcibly,,C:/Users/ismak/Documents/GitHub/relation_test_code_smell_ML/dataset/projects/netty/testsuite/src/main/java/io/netty/testsuite/transport/socket/SocketCloseForciblyTest.java,0,0,1,5,0,0,0,0,0,0,1,1,1,0,0,0,0,0,0,1,0,0,0,0,0,0,0,0,0,0,1,0,0,0,0
netty,io/netty/testsuite/transport/socket/SocketConditionalWritability,SocketConditionalWritability,,C:/Users/ismak/Documents/GitHub/relation_test_code_smell_ML/dataset/projects/netty/testsuite/src/main/java/io/netty/testsuite/transport/socket/SocketConditionalWritabilityTest.java,0,0,1,6,0,0,0,0,0,0,1,1,1,0,0,1,0,0,0,1,0,0,0,0,0,0,0,0,0,0,1,0,0,0,0
netty,io/netty/testsuite/transport/socket/SocketConnect,SocketConnect,,C:/Users/ismak/Documents/GitHub/relation_test_code_smell_ML/dataset/projects/netty/testsuite/src/main/java/io/netty/testsuite/transport/socket/SocketConnectTest.java,0,0,1,9,0,0,0,0,0,0,1,1,1,0,1,1,0,0,0,1,0,0,0,0,0,0,0,0,0,0,1,1,0,1,0
netty,io/netty/testsuite/transport/socket/SocketConnectTest,SocketConnectTest,dataset/projects/netty/testsuite/src/main/java/io/netty/testsuite/transport/socket/SocketConnectTest.java,,1,1,0,0,0,0,0,0,0,1,0,0,0,0,0,0,0,0,0,0,0,0,0,0,0,0,0,0,0,0,0,0,0,0,0
netty,io/netty/testsuite/transport/socket/SocketConnectionAttempt,SocketConnectionAttempt,,C:/Users/ismak/Documents/GitHub/relation_test_code_smell_ML/dataset/projects/netty/testsuite/src/main/java/io/netty/testsuite/transport/socket/SocketConnectionAttemptTest.java,0,0,1,8,0,0,0,0,0,0,1,1,1,0,1,1,0,0,0,1,0,0,0,0,0,0,0,0,0,0,1,1,0,0,0
netty,io/netty/testsuite/transport/socket/SocketDataReadInitialState,SocketDataReadInitialState,,C:/Users/ismak/Documents/GitHub/relation_test_code_smell_ML/dataset/projects/netty/testsuite/src/main/java/io/netty/testsuite/transport/socket/SocketDataReadInitialStateTest.java,0,0,1,9,0,0,0,0,0,0,1,1,1,0,1,1,0,0,0,1,0,0,0,0,0,0,1,0,0,0,1,0,0,1,0
netty,io/netty/testsuite/transport/socket/SocketEcho,SocketEcho,,C:/Users/ismak/Documents/GitHub/relation_test_code_smell_ML/dataset/projects/netty/testsuite/src/main/java/io/netty/testsuite/transport/socket/SocketEchoTest.java,0,0,1,6,0,0,0,0,0,0,1,1,1,0,0,0,0,0,0,1,0,0,0,0,0,0,0,0,0,0,1,1,0,0,0
netty,io/netty/testsuite/transport/socket/SocketEchoTest,SocketEchoTest,dataset/projects/netty/testsuite/src/main/java/io/netty/testsuite/transport/socket/SocketEchoTest.java,,1,2,0,0,0,1,0,0,0,1,0,0,0,0,0,0,0,0,0,0,0,0,0,0,0,0,0,0,0,0,0,0,0,0,0
netty,io/netty/testsuite/transport/socket/SocketExceptionHandling,SocketExceptionHandling,,C:/Users/ismak/Documents/GitHub/relation_test_code_smell_ML/dataset/projects/netty/testsuite/src/main/java/io/netty/testsuite/transport/socket/SocketExceptionHandlingTest.java,0,0,1,7,0,0,0,0,0,0,1,1,1,0,1,1,0,0,0,1,0,0,0,0,0,0,0,0,0,0,1,0,0,0,0
netty,io/netty/testsuite/transport/socket/SocketFileRegion,SocketFileRegion,,C:/Users/ismak/Documents/GitHub/relation_test_code_smell_ML/dataset/projects/netty/testsuite/src/main/java/io/netty/testsuite/transport/socket/SocketFileRegionTest.java,0,0,1,9,0,0,0,0,0,0,1,1,1,0,0,0,0,0,0,1,0,1,0,0,0,0,0,0,0,0,1,1,1,1,0
netty,io/netty/testsuite/transport/socket/SocketFileRegionTest,SocketFileRegionTest,dataset/projects/netty/testsuite/src/main/java/io/netty/testsuite/transport/socket/SocketFileRegionTest.java,,1,3,0,0,0,1,0,0,0,2,0,0,0,0,0,0,0,0,0,0,0,0,0,0,0,0,0,0,0,0,0,0,0,0,0
netty,io/netty/testsuite/transport/socket/SocketFixedLengthEcho,SocketFixedLengthEcho,,C:/Users/ismak/Documents/GitHub/relation_test_code_smell_ML/dataset/projects/netty/testsuite/src/main/java/io/netty/testsuite/transport/socket/SocketFixedLengthEchoTest.java,0,0,1,6,0,0,0,0,0,0,1,1,1,0,0,0,0,0,0,1,0,0,0,0,0,0,0,0,0,0,1,1,0,0,0
netty,io/netty/testsuite/transport/socket/SocketFixedLengthEchoTest,SocketFixedLengthEchoTest,dataset/projects/netty/testsuite/src/main/java/io/netty/testsuite/transport/socket/SocketFixedLengthEchoTest.java,,1,1,0,0,0,1,0,0,0,0,0,0,0,0,0,0,0,0,0,0,0,0,0,0,0,0,0,0,0,0,0,0,0,0,0
netty,io/netty/testsuite/transport/socket/SocketGatheringWrite,SocketGatheringWrite,,C:/Users/ismak/Documents/GitHub/relation_test_code_smell_ML/dataset/projects/netty/testsuite/src/main/java/io/netty/testsuite/transport/socket/SocketGatheringWriteTest.java,0,0,1,6,0,0,0,0,0,0,1,1,1,0,0,0,0,0,0,1,0,0,0,0,0,0,0,0,0,0,1,1,0,0,0
netty,io/netty/testsuite/transport/socket/SocketGatheringWriteTest,SocketGatheringWriteTest,dataset/projects/netty/testsuite/src/main/java/io/netty/testsuite/transport/socket/SocketGatheringWriteTest.java,,1,3,0,0,0,2,0,0,0,1,0,0,0,0,0,0,0,0,0,0,0,0,0,0,0,0,0,0,0,0,0,0,0,0,0
netty,io/netty/testsuite/transport/socket/SocketHalfClosed,SocketHalfClosed,,C:/Users/ismak/Documents/GitHub/relation_test_code_smell_ML/dataset/projects/netty/testsuite/src/main/java/io/netty/testsuite/transport/socket/SocketHalfClosedTest.java,0,0,1,9,0,0,0,0,0,0,1,1,1,0,1,1,0,0,0,1,0,0,0,0,0,0,0,0,0,0,1,1,0,1,0
netty,io/netty/testsuite/transport/socket/SocketHalfClosedTest,SocketHalfClosedTest,dataset/projects/netty/testsuite/src/main/java/io/netty/testsuite/transport/socket/SocketHalfClosedTest.java,,1,1,0,0,0,0,0,0,0,1,0,0,0,0,0,0,0,0,0,0,0,0,0,0,0,0,0,0,0,0,0,0,0,0,0
netty,io/netty/testsuite/transport/socket/SocketMultipleConnect,SocketMultipleConnect,,C:/Users/ismak/Documents/GitHub/relation_test_code_smell_ML/dataset/projects/netty/testsuite/src/main/java/io/netty/testsuite/transport/socket/SocketMultipleConnectTest.java,0,0,1,6,0,0,0,0,0,0,1,1,1,0,0,1,0,0,0,1,0,0,0,0,0,0,0,0,0,0,1,0,0,0,0
netty,io/netty/testsuite/transport/socket/SocketObjectEcho,SocketObjectEcho,,C:/Users/ismak/Documents/GitHub/relation_test_code_smell_ML/dataset/projects/netty/testsuite/src/main/java/io/netty/testsuite/transport/socket/SocketObjectEchoTest.java,0,0,1,6,0,0,0,0,0,0,1,1,1,0,0,0,0,0,0,1,0,0,0,0,0,0,0,0,0,0,1,1,0,0,0
netty,io/netty/testsuite/transport/socket/SocketObjectEchoTest,SocketObjectEchoTest,dataset/projects/netty/testsuite/src/main/java/io/netty/testsuite/transport/socket/SocketObjectEchoTest.java,,1,1,0,0,0,1,0,0,0,0,0,0,0,0,0,0,0,0,0,0,0,0,0,0,0,0,0,0,0,0,0,0,0,0,0
netty,io/netty/testsuite/transport/socket/SocketReadPending,SocketReadPending,,C:/Users/ismak/Documents/GitHub/relation_test_code_smell_ML/dataset/projects/netty/testsuite/src/main/java/io/netty/testsuite/transport/socket/SocketReadPendingTest.java,0,0,1,6,0,0,0,0,0,0,1,1,1,0,0,1,0,0,0,1,0,0,0,0,0,0,0,0,0,0,1,0,0,0,0
netty,io/netty/testsuite/transport/socket/SocketRst,SocketRst,,C:/Users/ismak/Documents/GitHub/relation_test_code_smell_ML/dataset/projects/netty/testsuite/src/main/java/io/netty/testsuite/transport/socket/SocketRstTest.java,0,0,1,5,0,0,0,0,0,0,1,1,1,0,0,0,0,0,0,1,0,0,0,0,0,0,0,0,0,0,1,0,0,0,0
netty,io/netty/testsuite/transport/socket/SocketShutdownOutputByPeer,SocketShutdownOutputByPeer,,C:/Users/ismak/Documents/GitHub/relation_test_code_smell_ML/dataset/projects/netty/testsuite/src/main/java/io/netty/testsuite/transport/socket/SocketShutdownOutputByPeerTest.java,0,0,1,3,0,0,0,0,0,0,1,1,1,0,0,0,0,0,0,0,0,0,0,0,0,0,0,0,0,0,0,0,0,0,0
netty,io/netty/testsuite/transport/socket/SocketShutdownOutputBySelf,SocketShutdownOutputBySelf,,C:/Users/ismak/Documents/GitHub/relation_test_code_smell_ML/dataset/projects/netty/testsuite/src/main/java/io/netty/testsuite/transport/socket/SocketShutdownOutputBySelfTest.java,0,0,1,10,0,0,0,0,0,0,1,1,1,0,1,1,0,0,0,1,0,0,0,0,0,0,0,0,0,1,1,1,0,1,0
netty,io/netty/testsuite/transport/socket/SocketShutdownOutputBySelfTest,SocketShutdownOutputBySelfTest,dataset/projects/netty/testsuite/src/main/java/io/netty/testsuite/transport/socket/SocketShutdownOutputBySelfTest.java,,1,1,0,0,0,0,0,0,0,1,0,0,0,0,0,0,0,0,0,0,0,0,0,0,0,0,0,0,0,0,0,0,0,0,0
netty,io/netty/testsuite/transport/socket/SocketSpdyEcho,SocketSpdyEcho,,C:/Users/ismak/Documents/GitHub/relation_test_code_smell_ML/dataset/projects/netty/testsuite/src/main/java/io/netty/testsuite/transport/socket/SocketSpdyEchoTest.java,0,0,1,6,0,0,0,0,0,0,1,1,1,0,0,0,0,0,0,1,0,0,0,0,0,0,0,0,0,0,1,1,0,0,0
netty,io/netty/testsuite/transport/socket/SocketSpdyEchoTest,SocketSpdyEchoTest,dataset/projects/netty/testsuite/src/main/java/io/netty/testsuite/transport/socket/SocketSpdyEchoTest.java,,1,1,0,0,0,1,0,0,0,0,0,0,0,0,0,0,0,0,0,0,0,0,0,0,0,0,0,0,0,0,0,0,0,0,0
netty,io/netty/testsuite/transport/socket/SocketSslClientRenegotiate,SocketSslClientRenegotiate,,C:/Users/ismak/Documents/GitHub/relation_test_code_smell_ML/dataset/projects/netty/testsuite/src/main/java/io/netty/testsuite/transport/socket/SocketSslClientRenegotiateTest.java,0,0,1,7,0,0,0,0,0,0,1,1,1,0,1,1,0,0,0,1,0,0,0,0,0,0,0,0,0,0,1,0,0,0,0
netty,io/netty/testsuite/transport/socket/SocketSslClientRenegotiateTest,SocketSslClientRenegotiateTest,dataset/projects/netty/testsuite/src/main/java/io/netty/testsuite/transport/socket/SocketSslClientRenegotiateTest.java,,1,1,0,0,1,0,0,0,0,0,0,0,0,0,0,0,0,0,0,0,0,0,0,0,0,0,0,0,0,0,0,0,0,0,0
netty,io/netty/testsuite/transport/socket/SocketSslEcho,SocketSslEcho,,C:/Users/ismak/Documents/GitHub/relation_test_code_smell_ML/dataset/projects/netty/testsuite/src/main/java/io/netty/testsuite/transport/socket/SocketSslEchoTest.java,0,0,1,9,0,0,0,0,0,0,1,1,1,0,1,1,0,0,0,1,0,0,0,0,0,0,1,0,0,0,1,0,0,1,0
netty,io/netty/testsuite/transport/socket/SocketSslEchoTest,SocketSslEchoTest,dataset/projects/netty/testsuite/src/main/java/io/netty/testsuite/transport/socket/SocketSslEchoTest.java,,1,3,0,0,1,2,0,0,0,0,0,0,0,0,0,0,0,0,0,0,0,0,0,0,0,0,0,0,0,0,0,0,0,0,0
netty,io/netty/testsuite/transport/socket/SocketSslGreeting,SocketSslGreeting,,C:/Users/ismak/Documents/GitHub/relation_test_code_smell_ML/dataset/projects/netty/testsuite/src/main/java/io/netty/testsuite/transport/socket/SocketSslGreetingTest.java,0,0,1,6,0,0,0,0,0,0,1,1,1,0,0,1,0,0,0,1,0,0,0,0,0,0,0,0,0,0,1,0,0,0,0
netty,io/netty/testsuite/transport/socket/SocketSslGreetingTest,SocketSslGreetingTest,dataset/projects/netty/testsuite/src/main/java/io/netty/testsuite/transport/socket/SocketSslGreetingTest.java,,1,2,0,0,1,1,0,0,0,0,0,0,0,0,0,0,0,0,0,0,0,0,0,0,0,0,0,0,0,0,0,0,0,0,0
netty,io/netty/testsuite/transport/socket/SocketSslLargeCertificate,SocketSslLargeCertificate,,C:/Users/ismak/Documents/GitHub/relation_test_code_smell_ML/dataset/projects/netty/testsuite/src/main/java/io/netty/testsuite/transport/socket/SocketSslLargeCertificateTest.java,0,0,1,3,0,0,0,0,0,0,1,1,1,0,0,0,0,0,0,0,0,0,0,0,0,0,0,0,0,0,0,0,0,0,0
netty,io/netty/testsuite/transport/socket/SocketSslSessionReuse,SocketSslSessionReuse,,C:/Users/ismak/Documents/GitHub/relation_test_code_smell_ML/dataset/projects/netty/testsuite/src/main/java/io/netty/testsuite/transport/socket/SocketSslSessionReuseTest.java,0,0,1,8,0,0,0,0,0,0,1,1,1,0,1,0,0,0,0,1,0,0,0,0,0,0,0,0,0,1,1,0,0,1,0
netty,io/netty/testsuite/transport/socket/SocketSslSessionReuseTest,SocketSslSessionReuseTest,dataset/projects/netty/testsuite/src/main/java/io/netty/testsuite/transport/socket/SocketSslSessionReuseTest.java,,1,2,0,0,1,1,0,0,0,0,0,0,0,0,0,0,0,0,0,0,0,0,0,0,0,0,0,0,0,0,0,0,0,0,0
netty,io/netty/testsuite/transport/socket/SocketStartTls,SocketStartTls,,C:/Users/ismak/Documents/GitHub/relation_test_code_smell_ML/dataset/projects/netty/testsuite/src/main/java/io/netty/testsuite/transport/socket/SocketStartTlsTest.java,0,0,1,6,0,0,0,0,0,0,1,1,1,0,0,0,0,0,0,1,0,0,0,0,0,0,0,0,0,0,1,1,0,0,0
netty,io/netty/testsuite/transport/socket/SocketStartTlsTest,SocketStartTlsTest,dataset/projects/netty/testsuite/src/main/java/io/netty/testsuite/transport/socket/SocketStartTlsTest.java,,1,2,0,0,1,1,0,0,0,0,0,0,0,0,0,0,0,0,0,0,0,0,0,0,0,0,0,0,0,0,0,0,0,0,0
netty,io/netty/testsuite/transport/socket/SocketStringEcho,SocketStringEcho,,C:/Users/ismak/Documents/GitHub/relation_test_code_smell_ML/dataset/projects/netty/testsuite/src/main/java/io/netty/testsuite/transport/socket/SocketStringEchoTest.java,0,0,1,6,0,0,0,0,0,0,1,1,1,0,0,0,0,0,0,1,0,0,0,0,0,0,0,0,0,0,1,1,0,0,0
netty,io/netty/testsuite/transport/socket/SocketStringEchoTest,SocketStringEchoTest,dataset/projects/netty/testsuite/src/main/java/io/netty/testsuite/transport/socket/SocketStringEchoTest.java,,1,1,0,0,0,1,0,0,0,0,0,0,0,0,0,0,0,0,0,0,0,0,0,0,0,0,0,0,0,0,0,0,0,0,0
netty,io/netty/testsuite/transport/socket/TrafficShapingHandler,TrafficShapingHandler,,C:/Users/ismak/Documents/GitHub/relation_test_code_smell_ML/dataset/projects/netty/testsuite/src/main/java/io/netty/testsuite/transport/socket/TrafficShapingHandlerTest.java,0,0,1,6,0,0,0,0,0,0,1,1,1,0,0,0,0,0,0,1,0,0,0,0,0,0,0,0,0,0,1,1,0,0,0
netty,io/netty/testsuite/transport/socket/TrafficShapingHandlerTest,TrafficShapingHandlerTest,dataset/projects/netty/testsuite/src/main/java/io/netty/testsuite/transport/socket/TrafficShapingHandlerTest.java,,1,4,0,0,0,2,0,1,0,1,0,0,0,0,0,0,0,0,0,0,0,0,0,0,0,0,0,0,0,0,0,0,0,0,0
netty,io/netty/testsuite/transport/socket/WriteBeforeRegistered,WriteBeforeRegistered,,C:/Users/ismak/Documents/GitHub/relation_test_code_smell_ML/dataset/projects/netty/testsuite/src/main/java/io/netty/testsuite/transport/socket/WriteBeforeRegisteredTest.java,0,0,1,6,0,0,0,0,0,0,1,1,1,0,0,1,0,0,0,1,0,0,0,0,0,0,0,0,0,0,1,0,0,0,0
netty,io/netty/testsuite/transport/suitePermutation,suitePermutation,,C:/Users/ismak/Documents/GitHub/relation_test_code_smell_ML/dataset/projects/netty/testsuite/src/main/java/io/netty/testsuite/transport/TestsuitePermutation.java,0,0,1,4,0,0,0,0,0,0,1,1,1,0,0,0,1,0,0,0,0,0,0,0,0,0,0,0,0,0,0,0,0,0,0
netty,io/netty/testsuite/transport/udt/UDTClientServerConnection,UDTClientServerConnection,,C:/Users/ismak/Documents/GitHub/relation_test_code_smell_ML/dataset/projects/netty/testsuite/src/main/java/io/netty/testsuite/transport/udt/UDTClientServerConnectionTest.java,0,0,1,6,0,0,0,0,0,0,1,1,1,0,1,0,0,0,0,1,0,0,0,0,0,0,0,0,0,0,0,0,0,1,0
netty,io/netty/testsuite/util/Utils,Utils,,C:/Users/ismak/Documents/GitHub/relation_test_code_smell_ML/dataset/projects/netty/testsuite/src/main/java/io/netty/testsuite/util/TestUtils.java,0,0,1,6,0,0,0,0,0,0,1,1,1,0,0,1,1,0,0,0,0,0,0,0,0,0,0,0,0,0,1,0,0,0,0
netty,io/netty/testsuite_jpms/it/CommonsLogging,CommonsLogging,,C:/Users/ismak/Documents/GitHub/relation_test_code_smell_ML/dataset/projects/netty/testsuite-jpms/src/test/java/io/netty/testsuite_jpms/it/CommonsLoggingTest.java,0,0,1,4,0,0,0,0,0,0,1,1,1,0,0,0,0,0,0,0,0,0,0,0,0,0,0,0,0,0,1,0,0,0,0
netty,io/netty/testsuite_jpms/it/Log4j2,Log4j2,,C:/Users/ismak/Documents/GitHub/relation_test_code_smell_ML/dataset/projects/netty/testsuite-jpms/src/test/java/io/netty/testsuite_jpms/it/Log4j2Test.java,0,0,1,5,0,0,0,0,0,0,1,1,1,0,0,0,0,0,0,0,0,0,0,0,1,0,0,0,0,0,0,0,0,1,0
netty,io/netty/testsuite_jpms/it/Slf4j,Slf4j,,C:/Users/ismak/Documents/GitHub/relation_test_code_smell_ML/dataset/projects/netty/testsuite-jpms/src/test/java/io/netty/testsuite_jpms/it/Slf4jTest.java,0,0,1,5,0,0,0,0,0,0,1,1,1,0,1,0,0,0,0,0,0,0,0,0,0,0,0,0,0,0,0,0,0,1,0
netty,io/netty/testsuite_jpms/main/HttpHelloWorldServer,HttpHelloWorldServer,dataset/projects/netty/testsuite-jpms/src/main/java/io/netty/testsuite_jpms/main/HttpHelloWorldServer.java,,1,1,0,0,0,1,0,0,0,0,0,0,0,0,0,0,0,0,0,0,0,0,0,0,0,0,0,0,0,0,0,0,0,0,0
netty,io/netty/testsuite_jpms/test/Buffer,Buffer,,C:/Users/ismak/Documents/GitHub/relation_test_code_smell_ML/dataset/projects/netty/testsuite-jpms/src/test/java/io/netty/testsuite_jpms/test/BufferTest.java,0,0,1,4,0,0,0,0,0,0,1,1,1,0,1,0,0,0,0,0,0,0,0,0,0,0,0,0,0,0,0,0,0,0,0
netty,io/netty/testsuite_jpms/test/CheckModuleDescriptor,CheckModuleDescriptor,,C:/Users/ismak/Documents/GitHub/relation_test_code_smell_ML/dataset/projects/netty/testsuite-jpms/src/test/java/io/netty/testsuite_jpms/test/CheckModuleDescriptorTest.java,0,0,1,6,0,0,0,0,0,0,1,1,1,0,1,1,0,0,0,0,0,0,0,0,0,0,0,0,0,0,0,0,0,1,0
netty,io/netty/testsuite_jpms/test/CodecCompression,CodecCompression,,C:/Users/ismak/Documents/GitHub/relation_test_code_smell_ML/dataset/projects/netty/testsuite-jpms/src/test/java/io/netty/testsuite_jpms/test/CodecCompressionTest.java,0,0,1,7,0,0,0,0,0,0,1,1,1,0,1,1,0,0,0,0,0,0,0,0,0,0,0,0,0,0,1,0,0,1,0
netty,io/netty/testsuite_jpms/test/CodecHaProxy,CodecHaProxy,,C:/Users/ismak/Documents/GitHub/relation_test_code_smell_ML/dataset/projects/netty/testsuite-jpms/src/test/java/io/netty/testsuite_jpms/test/CodecHaProxyTest.java,0,0,1,5,0,0,0,0,0,0,1,1,1,0,1,0,0,0,0,0,0,0,0,0,1,0,0,0,0,0,0,0,0,0,0
netty,io/netty/testsuite_jpms/test/CodecHttp2,CodecHttp2,,C:/Users/ismak/Documents/GitHub/relation_test_code_smell_ML/dataset/projects/netty/testsuite-jpms/src/test/java/io/netty/testsuite_jpms/test/CodecHttp2Test.java,0,0,1,4,0,0,0,0,0,0,1,1,1,0,0,0,0,0,0,1,0,0,0,0,0,0,0,0,0,0,0,0,0,0,0
netty,io/netty/testsuite_jpms/test/CodecHttp3,CodecHttp3,,C:/Users/ismak/Documents/GitHub/relation_test_code_smell_ML/dataset/projects/netty/testsuite-jpms/src/test/java/io/netty/testsuite_jpms/test/CodecHttp3Test.java,0,0,1,5,0,0,0,0,0,0,1,1,1,0,0,0,0,0,0,1,0,0,0,0,0,0,0,0,0,0,1,0,0,0,0
netty,io/netty/testsuite_jpms/test/CodecMarshalling,CodecMarshalling,,C:/Users/ismak/Documents/GitHub/relation_test_code_smell_ML/dataset/projects/netty/testsuite-jpms/src/test/java/io/netty/testsuite_jpms/test/CodecMarshallingTest.java,0,0,1,6,0,0,0,0,0,0,1,1,1,0,1,0,0,0,0,1,0,0,0,0,0,0,0,0,0,0,0,0,0,1,0
netty,io/netty/testsuite_jpms/test/CodecMemcache,CodecMemcache,,C:/Users/ismak/Documents/GitHub/relation_test_code_smell_ML/dataset/projects/netty/testsuite-jpms/src/test/java/io/netty/testsuite_jpms/test/CodecMemcacheTest.java,0,0,1,6,0,0,0,0,0,0,1,1,1,0,1,0,0,0,0,0,0,0,0,0,0,0,0,0,0,1,0,0,0,1,0
netty,io/netty/testsuite_jpms/test/CodecMqtt,CodecMqtt,,C:/Users/ismak/Documents/GitHub/relation_test_code_smell_ML/dataset/projects/netty/testsuite-jpms/src/test/java/io/netty/testsuite_jpms/test/CodecMqttTest.java,0,0,1,4,0,0,0,0,0,0,1,1,1,0,1,0,0,0,0,0,0,0,0,0,0,0,0,0,0,0,0,0,0,0,0
netty,io/netty/testsuite_jpms/test/CodecProtobuf,CodecProtobuf,,C:/Users/ismak/Documents/GitHub/relation_test_code_smell_ML/dataset/projects/netty/testsuite-jpms/src/test/java/io/netty/testsuite_jpms/test/CodecProtobufTest.java,0,0,1,5,0,0,0,0,0,0,1,1,1,0,1,0,0,0,0,0,0,0,0,0,0,0,0,0,0,1,0,0,0,0,0
netty,io/netty/testsuite_jpms/test/CodecRedis,CodecRedis,,C:/Users/ismak/Documents/GitHub/relation_test_code_smell_ML/dataset/projects/netty/testsuite-jpms/src/test/java/io/netty/testsuite_jpms/test/CodecRedisTest.java,0,0,1,5,0,0,0,0,0,0,1,1,1,0,1,0,0,0,0,0,0,0,0,0,1,0,0,0,0,0,0,0,0,0,0
netty,io/netty/testsuite_jpms/test/CodecSmtp,CodecSmtp,,C:/Users/ismak/Documents/GitHub/relation_test_code_smell_ML/dataset/projects/netty/testsuite-jpms/src/test/java/io/netty/testsuite_jpms/test/CodecSmtpTest.java,0,0,1,5,0,0,0,0,0,0,1,1,1,0,1,0,0,0,0,0,0,0,0,0,1,0,0,0,0,0,0,0,0,0,0
netty,io/netty/testsuite_jpms/test/CodecSocks,CodecSocks,,C:/Users/ismak/Documents/GitHub/relation_test_code_smell_ML/dataset/projects/netty/testsuite-jpms/src/test/java/io/netty/testsuite_jpms/test/CodecSocksTest.java,0,0,1,4,0,0,0,0,0,0,1,1,1,0,1,0,0,0,0,0,0,0,0,0,0,0,0,0,0,0,0,0,0,0,0
netty,io/netty/testsuite_jpms/test/CodecStomp,CodecStomp,,C:/Users/ismak/Documents/GitHub/relation_test_code_smell_ML/dataset/projects/netty/testsuite-jpms/src/test/java/io/netty/testsuite_jpms/test/CodecStompTest.java,0,0,1,5,0,0,0,0,0,0,1,1,1,0,1,0,0,0,0,0,0,0,0,0,1,0,0,0,0,0,0,0,0,0,0
netty,io/netty/testsuite_jpms/test/CodecXml,CodecXml,,C:/Users/ismak/Documents/GitHub/relation_test_code_smell_ML/dataset/projects/netty/testsuite-jpms/src/test/java/io/netty/testsuite_jpms/test/CodecXmlTest.java,0,0,1,3,0,0,0,0,0,0,1,1,1,0,0,0,0,0,0,0,0,0,0,0,0,0,0,0,0,0,0,0,0,0,0
netty,io/netty/testsuite_jpms/test/FlightRecorder,FlightRecorder,,C:/Users/ismak/Documents/GitHub/relation_test_code_smell_ML/dataset/projects/netty/testsuite-jpms/src/test/java/io/netty/testsuite_jpms/test/FlightRecorderTest.java,0,0,1,5,0,0,0,0,0,0,1,1,1,0,1,0,0,0,0,1,0,0,0,0,0,0,0,0,0,0,0,0,0,0,0
netty,io/netty/testsuite_jpms/test/HandlerSsl,HandlerSsl,,C:/Users/ismak/Documents/GitHub/relation_test_code_smell_ML/dataset/projects/netty/testsuite-jpms/src/test/java/io/netty/testsuite_jpms/test/HandlerSslTest.java,0,0,1,5,0,0,0,0,0,0,1,1,1,0,1,0,0,0,0,1,0,0,0,0,0,0,0,0,0,0,0,0,0,0,0
netty,io/netty/testsuite_jpms/test/MacOsDnsResolver,MacOsDnsResolver,,C:/Users/ismak/Documents/GitHub/relation_test_code_smell_ML/dataset/projects/netty/testsuite-jpms/src/test/java/io/netty/testsuite_jpms/test/MacOsDnsResolverTest.java,0,0,1,4,0,0,0,0,0,0,1,1,1,0,0,1,0,0,0,0,0,0,0,0,0,0,0,0,0,0,0,0,0,0,0
netty,io/netty/testsuite_jpms/test/NativeTransport,NativeTransport,,C:/Users/ismak/Documents/GitHub/relation_test_code_smell_ML/dataset/projects/netty/testsuite-jpms/src/test/java/io/netty/testsuite_jpms/test/NativeTransportTest.java,0,0,1,5,0,0,0,0,0,0,1,1,1,0,0,0,0,0,0,1,0,0,0,0,0,0,0,0,0,0,1,0,0,0,0
netty,io/netty/testsuite_jpms/test/OCSP,OCSP,,C:/Users/ismak/Documents/GitHub/relation_test_code_smell_ML/dataset/projects/netty/testsuite-jpms/src/test/java/io/netty/testsuite_jpms/test/OCSPTest.java,0,0,1,4,0,0,0,0,0,0,1,1,1,0,0,0,0,0,0,1,0,0,0,0,0,0,0,0,0,0,0,0,0,0,0
netty,io/netty/testsuite_native/NativeLoading,NativeLoading,,C:/Users/ismak/Documents/GitHub/relation_test_code_smell_ML/dataset/projects/netty/testsuite-native/src/test/java/io/netty/testsuite_native/NativeLoadingTest.java,0,0,1,4,0,0,0,0,0,0,1,1,1,0,0,0,0,0,0,0,0,0,0,0,0,0,0,0,0,0,1,0,0,0,0
netty,io/netty/util/AbstractReferenceCounted,AbstractReferenceCounted,,C:/Users/ismak/Documents/GitHub/relation_test_code_smell_ML/dataset/projects/netty/common/src/test/java/io/netty/util/AbstractReferenceCountedTest.java,0,0,1,7,0,0,0,0,0,0,1,1,1,0,1,1,0,0,0,1,0,0,0,0,0,0,0,0,0,0,0,0,0,1,0
netty,io/netty/util/AsciiString,AsciiString,dataset/projects/netty/common/src/main/java/io/netty/util/AsciiString.java,,1,8,0,0,0,6,0,1,0,1,0,0,0,0,0,0,0,0,0,0,0,0,0,0,0,0,0,0,0,0,0,0,0,0,0
netty,io/netty/util/AsciiStringCharacter,AsciiStringCharacter,,C:/Users/ismak/Documents/GitHub/relation_test_code_smell_ML/dataset/projects/netty/common/src/test/java/io/netty/util/AsciiStringCharacterTest.java,0,0,1,8,0,0,0,0,0,0,1,1,1,0,1,1,0,0,0,0,0,0,0,0,1,0,0,0,0,0,1,0,0,1,0
netty,io/netty/util/AsciiStringMemory,AsciiStringMemory,,C:/Users/ismak/Documents/GitHub/relation_test_code_smell_ML/dataset/projects/netty/common/src/test/java/io/netty/util/AsciiStringMemoryTest.java,0,0,1,6,0,0,0,0,0,0,1,1,1,0,1,1,0,0,0,1,0,0,0,0,0,0,0,0,0,0,0,0,0,0,0
netty,io/netty/util/AsciiStringUtil,AsciiStringUtil,dataset/projects/netty/common/src/main/java/io/netty/util/AsciiStringUtil.java,,1,2,0,0,0,0,0,1,0,1,0,0,0,0,0,0,0,0,0,0,0,0,0,0,0,0,0,0,0,0,0,0,0,0,0
netty,io/netty/util/AttributeKey,AttributeKey,,C:/Users/ismak/Documents/GitHub/relation_test_code_smell_ML/dataset/projects/netty/common/src/test/java/io/netty/util/AttributeKeyTest.java,0,0,1,5,0,0,0,0,0,0,1,1,1,0,1,0,0,0,0,1,0,0,0,0,0,0,0,0,0,0,0,0,0,0,0
netty,io/netty/util/ConstantPool,ConstantPool,,C:/Users/ismak/Documents/GitHub/relation_test_code_smell_ML/dataset/projects/netty/common/src/test/java/io/netty/util/ConstantPoolTest.java,0,0,1,5,0,0,0,0,0,0,1,1,1,0,1,0,0,0,0,0,0,0,0,0,0,0,0,0,0,0,0,0,0,1,0
netty,io/netty/util/DefaultAttributeMap,DefaultAttributeMap,,C:/Users/ismak/Documents/GitHub/relation_test_code_smell_ML/dataset/projects/netty/common/src/test/java/io/netty/util/DefaultAttributeMapTest.java,0,0,1,7,0,0,0,0,0,0,1,1,1,0,1,1,0,0,0,0,0,0,0,0,0,0,0,0,0,1,0,0,0,1,0
netty,io/netty/util/DomainNameMapping,DomainNameMapping,,C:/Users/ismak/Documents/GitHub/relation_test_code_smell_ML/dataset/projects/netty/common/src/test/java/io/netty/util/DomainNameMappingTest.java,0,0,1,7,0,0,0,0,0,0,1,1,1,0,1,0,0,0,0,0,0,0,0,0,1,0,0,0,0,1,0,0,0,1,0
netty,io/netty/util/DomainWildcardMappingBuilder,DomainWildcardMappingBuilder,,C:/Users/ismak/Documents/GitHub/relation_test_code_smell_ML/dataset/projects/netty/common/src/test/java/io/netty/util/DomainWildcardMappingBuilderTest.java,0,0,1,5,0,0,0,0,0,0,1,1,1,0,1,0,0,0,0,0,0,0,0,0,1,0,0,0,0,0,0,0,0,0,0
netty,io/netty/util/HashedWheelTimer,HashedWheelTimer,dataset/projects/netty/common/src/main/java/io/netty/util/HashedWheelTimer.java,C:/Users/ismak/Documents/GitHub/relation_test_code_smell_ML/dataset/projects/netty/common/src/test/java/io/netty/util/HashedWheelTimerTest.java,1,3,1,9,1,1,0,1,0,0,1,1,1,0,1,1,0,0,0,1,0,0,0,0,0,0,1,0,0,0,1,0,0,1,0
netty,io/netty/util/LeakPresenceDetector,LeakPresenceDetector,,C:/Users/ismak/Documents/GitHub/relation_test_code_smell_ML/dataset/projects/netty/common/src/test/java/io/netty/util/LeakPresenceDetectorTest.java,0,0,1,4,0,0,0,0,0,0,1,1,1,0,0,0,0,0,0,0,0,0,0,0,0,0,0,0,0,0,1,0,0,0,0
netty,io/netty/util/NetUtil,NetUtil,dataset/projects/netty/common/src/main/java/io/netty/util/NetUtil.java,C:/Users/ismak/Documents/GitHub/relation_test_code_smell_ML/dataset/projects/netty/common/src/test/java/io/netty/util/NetUtilTest.java,1,8,1,8,0,6,0,1,0,1,1,1,1,0,1,1,0,0,0,1,0,0,0,0,0,0,0,0,0,1,0,0,0,1,0
netty,io/netty/util/NetUtilInitializations,NetUtilInitializations,dataset/projects/netty/common/src/main/java/io/netty/util/NetUtilInitializations.java,,1,1,0,0,0,1,0,0,0,0,0,0,0,0,0,0,0,0,0,0,0,0,0,0,0,0,0,0,0,0,0,0,0,0,0
netty,io/netty/util/NettyRuntime,NettyRuntime,,C:/Users/ismak/Documents/GitHub/relation_test_code_smell_ML/dataset/projects/netty/common/src/test/java/io/netty/util/NettyRuntimeTests.java,0,0,1,7,0,0,0,0,0,0,1,1,1,0,1,1,0,0,0,1,0,0,0,0,0,0,0,0,0,0,0,0,0,1,0
netty,io/netty/util/Recycler,Recycler,dataset/projects/netty/common/src/main/java/io/netty/util/Recycler.java,C:/Users/ismak/Documents/GitHub/relation_test_code_smell_ML/dataset/projects/netty/common/src/test/java/io/netty/util/RecyclerTest.java,1,2,1,10,1,0,0,0,0,1,1,1,1,0,1,1,0,0,0,1,0,0,0,0,0,0,1,0,0,0,1,1,0,1,0
netty,io/netty/util/RecyclerFastThreadLocal,RecyclerFastThreadLocal,,C:/Users/ismak/Documents/GitHub/relation_test_code_smell_ML/dataset/projects/netty/common/src/test/java/io/netty/util/RecyclerFastThreadLocalTest.java,0,0,1,6,0,0,0,0,0,0,1,1,1,0,0,1,0,0,0,1,0,0,0,0,0,0,1,0,0,0,0,0,0,0,0
netty,io/netty/util/ReferenceCountUtil,ReferenceCountUtil,dataset/projects/netty/common/src/main/java/io/netty/util/ReferenceCountUtil.java,,1,1,0,0,0,0,0,0,0,1,0,0,0,0,0,0,0,0,0,0,0,0,0,0,0,0,0,0,0,0,0,0,0,0,0
netty,io/netty/util/ResourceLeakDetector,ResourceLeakDetector,dataset/projects/netty/common/src/main/java/io/netty/util/ResourceLeakDetector.java,C:/Users/ismak/Documents/GitHub/relation_test_code_smell_ML/dataset/projects/netty/common/src/test/java/io/netty/util/ResourceLeakDetectorTest.java,1,2,1,6,0,0,0,0,0,2,1,1,1,0,1,1,0,0,0,1,0,0,0,0,0,0,0,0,0,0,0,0,0,0,0
netty,io/netty/util/RunInFastThreadLocalThreadExtension,RunInFastThreadLocalThreadExtension,,C:/Users/ismak/Documents/GitHub/relation_test_code_smell_ML/dataset/projects/netty/common/src/test/java/io/netty/util/RunInFastThreadLocalThreadExtensionTest.java,0,0,1,3,0,0,0,0,0,0,1,1,1,0,0,0,0,0,0,0,0,0,0,0,0,0,0,0,0,0,0,0,0,0,0
netty,io/netty/util/Signal,Signal,dataset/projects/netty/common/src/main/java/io/netty/util/Signal.java,,1,1,0,0,0,0,0,0,0,1,0,0,0,0,0,0,0,0,0,0,0,0,0,0,0,0,0,0,0,0,0,0,0,0,0
netty,io/netty/util/ThreadDeathWatcher,ThreadDeathWatcher,,C:/Users/ismak/Documents/GitHub/relation_test_code_smell_ML/dataset/projects/netty/common/src/test/java/io/netty/util/ThreadDeathWatcherTest.java,0,0,1,5,0,0,0,0,0,0,1,1,1,0,1,0,0,0,0,1,0,0,0,0,0,0,0,0,0,0,0,0,0,0,0
netty,io/netty/util/Version,Version,dataset/projects/netty/common/src/main/java/io/netty/util/Version.java,,1,2,0,0,0,1,0,0,0,1,0,0,0,0,0,0,0,0,0,0,0,0,0,0,0,0,0,0,0,0,0,0,0,0,0
netty,io/netty/util/concurrent/AbstractEventExecutor,AbstractEventExecutor,dataset/projects/netty/common/src/main/java/io/netty/util/concurrent/AbstractEventExecutor.java,,1,1,0,0,0,0,0,0,0,1,0,0,0,0,0,0,0,0,0,0,0,0,0,0,0,0,0,0,0,0,0,0,0,0,0
netty,io/netty/util/concurrent/AbstractEventExecutorGroup,AbstractEventExecutorGroup,dataset/projects/netty/common/src/main/java/io/netty/util/concurrent/AbstractEventExecutorGroup.java,,1,1,0,0,0,0,0,0,0,1,0,0,0,0,0,0,0,0,0,0,0,0,0,0,0,0,0,0,0,0,0,0,0,0,0
netty,io/netty/util/concurrent/AbstractScheduledEventExecutor,AbstractScheduledEventExecutor,dataset/projects/netty/common/src/main/java/io/netty/util/concurrent/AbstractScheduledEventExecutor.java,C:/Users/ismak/Documents/GitHub/relation_test_code_smell_ML/dataset/projects/netty/common/src/test/java/io/netty/util/concurrent/AbstractScheduledEventExecutorTest.java,1,2,1,5,0,0,0,1,0,1,1,1,1,0,1,0,0,0,0,0,0,0,0,0,0,0,0,0,0,0,0,0,0,1,0
netty,io/netty/util/concurrent/AutoScalingEventExecutorChooserFactory,AutoScalingEventExecutorChooserFactory,dataset/projects/netty/common/src/main/java/io/netty/util/concurrent/AutoScalingEventExecutorChooserFactory.java,C:/Users/ismak/Documents/GitHub/relation_test_code_smell_ML/dataset/projects/netty/common/src/test/java/io/netty/util/concurrent/AutoScalingEventExecutorChooserFactoryTest.java,1,2,1,4,0,2,0,0,0,0,1,1,1,0,0,0,0,0,0,0,0,0,0,0,0,0,0,0,0,0,0,1,0,0,0
netty,io/netty/util/concurrent/CompleteFuture,CompleteFuture,dataset/projects/netty/common/src/main/java/io/netty/util/concurrent/CompleteFuture.java,,1,1,0,0,0,0,0,0,0,1,0,0,0,0,0,0,0,0,0,0,0,0,0,0,0,0,0,0,0,0,0,0,0,0,0
netty,io/netty/util/concurrent/ConcurrentSkipListIntObjMultimap,ConcurrentSkipListIntObjMultimap,dataset/projects/netty/common/src/main/java/io/netty/util/concurrent/ConcurrentSkipListIntObjMultimap.java,C:/Users/ismak/Documents/GitHub/relation_test_code_smell_ML/dataset/projects/netty/common/src/test/java/io/netty/util/concurrent/ConcurrentSkipListIntObjMultimapTest.java,1,13,1,3,0,11,0,1,0,1,1,1,1,0,0,0,0,0,0,0,0,0,0,0,0,0,0,0,0,0,0,0,0,0,0
netty,io/netty/util/concurrent/DefaultMockTicker,DefaultMockTicker,,C:/Users/ismak/Documents/GitHub/relation_test_code_smell_ML/dataset/projects/netty/common/src/test/java/io/netty/util/concurrent/DefaultMockTickerTest.java,0,0,1,3,0,0,0,0,0,0,1,1,1,0,0,0,0,0,0,0,0,0,0,0,0,0,0,0,0,0,0,0,0,0,0
netty,io/netty/util/concurrent/DefaultProgressivePromise,DefaultProgressivePromise,dataset/projects/netty/common/src/main/java/io/netty/util/concurrent/DefaultProgressivePromise.java,,1,1,0,0,0,0,0,0,0,1,0,0,0,0,0,0,0,0,0,0,0,0,0,0,0,0,0,0,0,0,0,0,0,0,0
netty,io/netty/util/concurrent/DefaultPromise,DefaultPromise,dataset/projects/netty/common/src/main/java/io/netty/util/concurrent/DefaultPromise.java,C:/Users/ismak/Documents/GitHub/relation_test_code_smell_ML/dataset/projects/netty/common/src/test/java/io/netty/util/concurrent/DefaultPromiseTest.java,1,8,1,9,1,5,0,1,0,1,1,1,1,0,1,1,0,0,0,1,0,0,0,0,0,0,0,0,0,1,1,1,0,0,0
netty,io/netty/util/concurrent/DefaultThreadFactory,DefaultThreadFactory,,C:/Users/ismak/Documents/GitHub/relation_test_code_smell_ML/dataset/projects/netty/common/src/test/java/io/netty/util/concurrent/DefaultThreadFactoryTest.java,0,0,1,10,0,0,0,0,0,0,1,1,1,0,1,1,0,0,0,1,0,0,0,1,0,0,0,0,0,1,1,0,0,1,0
netty,io/netty/util/concurrent/EventExecutorGroup,EventExecutorGroup,dataset/projects/netty/common/src/main/java/io/netty/util/concurrent/EventExecutorGroup.java,,1,1,0,0,0,0,0,0,0,1,0,0,0,0,0,0,0,0,0,0,0,0,0,0,0,0,0,0,0,0,0,0,0,0,0
netty,io/netty/util/concurrent/FastThreadLocal,FastThreadLocal,dataset/projects/netty/common/src/main/java/io/netty/util/concurrent/FastThreadLocal.java,C:/Users/ismak/Documents/GitHub/relation_test_code_smell_ML/dataset/projects/netty/common/src/test/java/io/netty/util/concurrent/FastThreadLocalTest.java,1,1,1,10,0,0,0,0,0,1,1,1,1,0,1,1,0,0,0,1,0,0,0,0,0,0,0,0,0,1,1,1,0,1,0
netty,io/netty/util/concurrent/Future,Future,dataset/projects/netty/common/src/main/java/io/netty/util/concurrent/Future.java,,1,1,0,0,0,0,0,0,0,1,0,0,0,0,0,0,0,0,0,0,0,0,0,0,0,0,0,0,0,0,0,0,0,0,0
netty,io/netty/util/concurrent/GlobalEventExecutor,GlobalEventExecutor,dataset/projects/netty/common/src/main/java/io/netty/util/concurrent/GlobalEventExecutor.java,C:/Users/ismak/Documents/GitHub/relation_test_code_smell_ML/dataset/projects/netty/common/src/test/java/io/netty/util/concurrent/GlobalEventExecutorTest.java,1,2,1,6,0,1,0,0,0,1,1,1,1,0,1,0,0,0,0,1,0,0,0,0,0,0,0,0,0,1,0,0,0,0,0
netty,io/netty/util/concurrent/ImmediateExecutor,ImmediateExecutor,,C:/Users/ismak/Documents/GitHub/relation_test_code_smell_ML/dataset/projects/netty/common/src/test/java/io/netty/util/concurrent/ImmediateExecutorTest.java,0,0,1,5,0,0,0,0,0,0,1,1,1,0,1,0,0,0,0,1,0,0,0,0,0,0,0,0,0,0,0,0,0,0,0
netty,io/netty/util/concurrent/MpscIntQueue,MpscIntQueue,,C:/Users/ismak/Documents/GitHub/relation_test_code_smell_ML/dataset/projects/netty/common/src/test/java/io/netty/util/concurrent/MpscIntQueueTest.java,0,0,1,3,0,0,0,0,0,0,1,1,1,0,0,0,0,0,0,0,0,0,0,0,0,0,0,0,0,0,0,0,0,0,0
netty,io/netty/util/concurrent/MultithreadEventExecutorGroup,MultithreadEventExecutorGroup,dataset/projects/netty/common/src/main/java/io/netty/util/concurrent/MultithreadEventExecutorGroup.java,,1,2,0,0,0,1,0,0,0,1,0,0,0,0,0,0,0,0,0,0,0,0,0,0,0,0,0,0,0,0,0,0,0,0,0
netty,io/netty/util/concurrent/NonStickyEventExecutorGroup,NonStickyEventExecutorGroup,dataset/projects/netty/common/src/main/java/io/netty/util/concurrent/NonStickyEventExecutorGroup.java,C:/Users/ismak/Documents/GitHub/relation_test_code_smell_ML/dataset/projects/netty/common/src/test/java/io/netty/util/concurrent/NonStickyEventExecutorGroupTest.java,1,2,1,8,1,0,0,0,0,1,1,1,1,0,1,1,0,0,0,1,0,0,0,0,0,0,0,0,0,1,1,0,0,0,0
netty,io/netty/util/concurrent/PromiseAggregator,PromiseAggregator,,C:/Users/ismak/Documents/GitHub/relation_test_code_smell_ML/dataset/projects/netty/common/src/test/java/io/netty/util/concurrent/PromiseAggregatorTest.java,0,0,1,5,0,0,0,0,0,0,1,1,1,0,0,0,0,0,0,1,0,0,0,0,0,0,0,0,0,0,1,0,0,0,0
netty,io/netty/util/concurrent/PromiseCombiner,PromiseCombiner,,C:/Users/ismak/Documents/GitHub/relation_test_code_smell_ML/dataset/projects/netty/common/src/test/java/io/netty/util/concurrent/PromiseCombinerTest.java,0,0,1,7,0,0,0,0,0,0,1,1,1,0,1,0,0,0,0,1,0,0,0,0,0,0,0,0,0,1,1,0,0,0,0
netty,io/netty/util/concurrent/PromiseNotifier,PromiseNotifier,,C:/Users/ismak/Documents/GitHub/relation_test_code_smell_ML/dataset/projects/netty/common/src/test/java/io/netty/util/concurrent/PromiseNotifierTest.java,0,0,1,6,0,0,0,0,0,0,1,1,1,0,1,0,0,0,0,1,0,0,0,0,0,0,0,0,0,0,1,0,0,0,0
netty,io/netty/util/concurrent/PromiseTask,PromiseTask,dataset/projects/netty/common/src/main/java/io/netty/util/concurrent/PromiseTask.java,,1,1,0,0,0,0,0,0,0,1,0,0,0,0,0,0,0,0,0,0,0,0,0,0,0,0,0,0,0,0,0,0,0,0,0
netty,io/netty/util/concurrent/ScheduledFutureTask,ScheduledFutureTask,dataset/projects/netty/common/src/main/java/io/netty/util/concurrent/ScheduledFutureTask.java,,1,2,0,0,0,1,0,0,0,1,0,0,0,0,0,0,0,0,0,0,0,0,0,0,0,0,0,0,0,0,0,0,0,0,0
netty,io/netty/util/concurrent/SingleThreadEventExecutor,SingleThreadEventExecutor,dataset/projects/netty/common/src/main/java/io/netty/util/concurrent/SingleThreadEventExecutor.java,C:/Users/ismak/Documents/GitHub/relation_test_code_smell_ML/dataset/projects/netty/common/src/test/java/io/netty/util/concurrent/SingleThreadEventExecutorTest.java,1,8,1,10,1,5,0,1,0,1,1,1,1,0,1,1,0,0,0,1,0,0,0,0,0,0,1,0,0,0,1,1,0,1,0
netty,io/netty/util/concurrent/UnorderedThreadPoolEventExecutor,UnorderedThreadPoolEventExecutor,dataset/projects/netty/common/src/main/java/io/netty/util/concurrent/UnorderedThreadPoolEventExecutor.java,C:/Users/ismak/Documents/GitHub/relation_test_code_smell_ML/dataset/projects/netty/common/src/test/java/io/netty/util/concurrent/UnorderedThreadPoolEventExecutorTest.java,1,2,1,6,1,0,0,0,0,1,1,1,1,0,0,1,0,0,0,1,0,0,0,0,0,0,0,0,0,0,1,0,0,0,0
netty,io/netty/util/internal/AppendableCharSequence,AppendableCharSequence,dataset/projects/netty/common/src/main/java/io/netty/util/internal/AppendableCharSequence.java,C:/Users/ismak/Documents/GitHub/relation_test_code_smell_ML/dataset/projects/netty/common/src/test/java/io/netty/util/internal/AppendableCharSequenceTest.java,1,1,1,8,0,0,0,0,0,1,1,1,1,0,1,0,0,0,0,0,0,0,0,0,1,0,0,0,0,0,1,1,0,1,0
netty,io/netty/util/internal/BoundedInputStream,BoundedInputStream,,C:/Users/ismak/Documents/GitHub/relation_test_code_smell_ML/dataset/projects/netty/common/src/test/java/io/netty/util/internal/BoundedInputStreamTest.java,0,0,1,4,0,0,0,0,0,0,1,1,1,0,0,0,0,0,0,0,0,0,0,0,0,0,0,0,0,0,0,1,0,0,0
netty,io/netty/util/internal/DefaultPriorityQueue,DefaultPriorityQueue,dataset/projects/netty/common/src/main/java/io/netty/util/internal/DefaultPriorityQueue.java,C:/Users/ismak/Documents/GitHub/relation_test_code_smell_ML/dataset/projects/netty/common/src/test/java/io/netty/util/internal/DefaultPriorityQueueTest.java,1,1,1,10,0,0,0,0,0,1,1,1,1,0,1,1,0,0,0,1,0,0,0,0,0,0,0,0,0,1,1,1,0,1,0
netty,io/netty/util/internal/EmptyPriorityQueue,EmptyPriorityQueue,dataset/projects/netty/common/src/main/java/io/netty/util/internal/EmptyPriorityQueue.java,,1,1,0,0,0,0,0,0,0,1,0,0,0,0,0,0,0,0,0,0,0,0,0,0,0,0,0,0,0,0,0,0,0,0,0
netty,io/netty/util/internal/InternalThreadLocalMap,InternalThreadLocalMap,dataset/projects/netty/common/src/main/java/io/netty/util/internal/InternalThreadLocalMap.java,,1,3,0,0,0,1,0,1,0,1,0,0,0,0,0,0,0,0,0,0,0,0,0,0,0,0,0,0,0,0,0,0,0,0,0
netty,io/netty/util/internal/JfrEventSafe,JfrEventSafe,,C:/Users/ismak/Documents/GitHub/relation_test_code_smell_ML/dataset/projects/netty/common/src/test/java/io/netty/util/internal/JfrEventSafeTest.java,0,0,1,7,0,0,0,0,0,0,1,1,1,0,0,1,0,0,0,1,0,0,0,0,0,0,0,0,0,0,1,0,0,1,0
netty,io/netty/util/internal/LongLongHashMap,LongLongHashMap,,C:/Users/ismak/Documents/GitHub/relation_test_code_smell_ML/dataset/projects/netty/common/src/test/java/io/netty/util/internal/LongLongHashMapTest.java,0,0,1,7,0,0,0,0,0,0,1,1,1,0,1,1,0,0,0,0,0,0,0,0,0,0,0,0,0,1,0,0,0,1,0
netty,io/netty/util/internal/MacAddressUtil,MacAddressUtil,dataset/projects/netty/common/src/main/java/io/netty/util/internal/MacAddressUtil.java,C:/Users/ismak/Documents/GitHub/relation_test_code_smell_ML/dataset/projects/netty/common/src/test/java/io/netty/util/internal/MacAddressUtilTest.java,1,3,1,5,0,2,0,1,0,0,1,1,1,0,1,0,0,0,0,0,0,0,0,0,0,0,0,0,0,0,0,0,0,1,0
netty,io/netty/util/internal/MathUtil,MathUtil,,C:/Users/ismak/Documents/GitHub/relation_test_code_smell_ML/dataset/projects/netty/common/src/test/java/io/netty/util/internal/MathUtilTest.java,0,0,1,5,0,0,0,0,0,0,1,1,1,0,1,0,0,0,0,0,0,0,0,0,0,0,0,0,0,0,0,0,0,1,0
netty,io/netty/util/internal/NativeLibraryLoader,NativeLibraryLoader,dataset/projects/netty/common/src/main/java/io/netty/util/internal/NativeLibraryLoader.java,C:/Users/ismak/Documents/GitHub/relation_test_code_smell_ML/dataset/projects/netty/common/src/test/java/io/netty/util/internal/NativeLibraryLoaderTest.java,1,5,1,4,0,3,0,1,0,1,1,1,1,0,0,0,0,0,0,0,0,0,0,0,0,0,0,0,0,0,0,1,0,0,0
netty,io/netty/util/internal/NettyBlockHoundIntegration,NettyBlockHoundIntegration,,C:/Users/ismak/Documents/GitHub/relation_test_code_smell_ML/dataset/projects/netty/transport-blockhound-tests/src/test/java/io/netty/util/internal/NettyBlockHoundIntegrationTest.java,0,0,1,9,0,0,0,0,0,0,1,1,1,0,1,1,0,0,0,1,0,0,0,0,0,0,1,0,0,0,1,1,0,0,0
netty,io/netty/util/internal/ObjectCleaner,ObjectCleaner,,C:/Users/ismak/Documents/GitHub/relation_test_code_smell_ML/dataset/projects/netty/common/src/test/java/io/netty/util/internal/ObjectCleanerTest.java,0,0,1,8,0,0,0,0,0,0,1,1,1,0,1,1,0,0,0,1,0,0,0,0,0,0,1,0,0,0,0,0,0,1,0
netty,io/netty/util/internal/ObjectUtil,ObjectUtil,dataset/projects/netty/common/src/main/java/io/netty/util/internal/ObjectUtil.java,C:/Users/ismak/Documents/GitHub/relation_test_code_smell_ML/dataset/projects/netty/common/src/test/java/io/netty/util/internal/ObjectUtilTest.java,1,3,1,5,0,1,0,1,0,1,1,1,1,0,0,0,0,0,0,1,0,0,0,0,0,0,0,0,0,1,0,0,0,0,0
netty,io/netty/util/internal/OsClassifiers,OsClassifiers,,C:/Users/ismak/Documents/GitHub/relation_test_code_smell_ML/dataset/projects/netty/common/src/test/java/io/netty/util/internal/OsClassifiersTest.java,0,0,1,4,0,0,0,0,0,0,1,1,1,0,0,0,0,0,0,0,0,0,0,0,0,0,0,0,0,0,0,1,0,0,0
netty,io/netty/util/internal/PlatformDependent,PlatformDependent,dataset/projects/netty/common/src/main/java/io/netty/util/internal/PlatformDependent.java,C:/Users/ismak/Documents/GitHub/relation_test_code_smell_ML/dataset/projects/netty/common/src/test/java/io/netty/util/internal/PlatformDependentTest.java,1,10,1,8,1,7,0,1,0,1,1,1,1,0,1,1,0,0,0,0,0,0,0,0,0,0,0,0,0,0,1,1,0,1,0
netty,io/netty/util/internal/PlatformDependent0,PlatformDependent0,dataset/projects/netty/common/src/main/java/io/netty/util/internal/PlatformDependent0.java,C:/Users/ismak/Documents/GitHub/relation_test_code_smell_ML/dataset/projects/netty/common/src/test/java/io/netty/util/internal/PlatformDependent0Test.java,1,4,1,7,0,2,0,1,0,1,1,1,1,0,1,0,0,0,0,0,0,0,0,0,0,0,0,0,0,0,1,1,0,1,0
netty,io/netty/util/internal/RefCnt,RefCnt,dataset/projects/netty/common/src/main/java/io/netty/util/internal/RefCnt.java,,1,3,0,0,0,0,0,0,0,3,0,0,0,0,0,0,0,0,0,0,0,0,0,0,0,0,0,0,0,0,0,0,0,0,0
netty,io/netty/util/internal/ReferenceCountUpdater,ReferenceCountUpdater,dataset/projects/netty/common/src/main/java/io/netty/util/internal/ReferenceCountUpdater.java,,1,1,0,0,0,0,0,0,0,1,0,0,0,0,0,0,0,0,0,0,0,0,0,0,0,0,0,0,0,0,0,0,0,0,0
netty,io/netty/util/internal/ReflectionUtil,ReflectionUtil,dataset/projects/netty/common/src/main/java/io/netty/util/internal/ReflectionUtil.java,,1,1,0,0,0,1,0,0,0,0,0,0,0,0,0,0,0,0,0,0,0,0,0,0,0,0,0,0,0,0,0,0,0,0,0
netty,io/netty/util/internal/SWARUtil,SWARUtil,dataset/projects/netty/common/src/main/java/io/netty/util/internal/SWARUtil.java,C:/Users/ismak/Documents/GitHub/relation_test_code_smell_ML/dataset/projects/netty/common/src/test/java/io/netty/util/internal/SWARUtilTest.java,1,1,1,3,0,0,0,0,0,1,1,1,1,0,0,0,0,0,0,0,0,0,0,0,0,0,0,0,0,0,0,0,0,0,0
netty,io/netty/util/internal/SocketUtils,SocketUtils,dataset/projects/netty/common/src/main/java/io/netty/util/internal/SocketUtils.java,,1,1,0,0,0,0,0,0,0,1,0,0,0,0,0,0,0,0,0,0,0,0,0,0,0,0,0,0,0,0,0,0,0,0,0
netty,io/netty/util/internal/StringUtil,StringUtil,dataset/projects/netty/common/src/main/java/io/netty/util/internal/StringUtil.java,C:/Users/ismak/Documents/GitHub/relation_test_code_smell_ML/dataset/projects/netty/common/src/test/java/io/netty/util/internal/StringUtilTest.java,1,5,1,9,0,3,0,1,0,1,1,1,1,0,1,0,0,0,0,1,0,0,0,0,1,0,0,0,0,0,1,1,0,1,0
netty,io/netty/util/internal/SystemPropertyUtil,SystemPropertyUtil,,C:/Users/ismak/Documents/GitHub/relation_test_code_smell_ML/dataset/projects/netty/common/src/test/java/io/netty/util/internal/SystemPropertyUtilTest.java,0,0,1,6,0,0,0,0,0,0,1,1,1,0,1,0,0,0,0,0,0,0,0,0,0,0,0,0,0,1,0,0,0,1,0
netty,io/netty/util/internal/ThreadExecutorMap,ThreadExecutorMap,,C:/Users/ismak/Documents/GitHub/relation_test_code_smell_ML/dataset/projects/netty/common/src/test/java/io/netty/util/internal/ThreadExecutorMapTest.java,0,0,1,5,0,0,0,0,0,0,1,1,1,0,0,0,0,0,0,1,0,0,0,0,0,0,0,0,0,0,1,0,0,0,0
netty,io/netty/util/internal/ThreadLocalRandom,ThreadLocalRandom,,C:/Users/ismak/Documents/GitHub/relation_test_code_smell_ML/dataset/projects/netty/common/src/test/java/io/netty/util/internal/ThreadLocalRandomTest.java,0,0,1,4,0,0,0,0,0,0,1,1,1,0,0,0,0,0,0,0,0,0,0,0,0,0,0,0,0,1,0,0,0,0,0
netty,io/netty/util/internal/TypeParameterMatcher,TypeParameterMatcher,,C:/Users/ismak/Documents/GitHub/relation_test_code_smell_ML/dataset/projects/netty/common/src/test/java/io/netty/util/internal/TypeParameterMatcherTest.java,0,0,1,5,0,0,0,0,0,0,1,1,1,0,1,0,0,0,0,1,0,0,0,0,0,0,0,0,0,0,0,0,0,0,0
netty,io/netty/util/internal/VarHandleFactory,VarHandleFactory,dataset/projects/netty/common/src/main/java/io/netty/util/internal/VarHandleFactory.java,,1,1,0,0,0,0,0,0,0,1,0,0,0,0,0,0,0,0,0,0,0,0,0,0,0,0,0,0,0,0,0,0,0,0,0
netty,io/netty/util/internal/VirtualThreadCheck,VirtualThreadCheck,,C:/Users/ismak/Documents/GitHub/relation_test_code_smell_ML/dataset/projects/netty/common/src/test/java/io/netty/util/internal/VirtualThreadCheckTest.java,0,0,1,7,0,0,0,0,0,0,1,1,1,0,1,1,0,0,0,1,0,0,0,0,0,0,0,0,0,1,0,0,0,0,0
netty,io/netty/util/internal/logging/AbstractInternalLogger,AbstractInternalLogger,dataset/projects/netty/common/src/main/java/io/netty/util/internal/logging/AbstractInternalLogger.java,C:/Users/ismak/Documents/GitHub/relation_test_code_smell_ML/dataset/projects/netty/common/src/test/java/io/netty/util/internal/logging/AbstractInternalLoggerTest.java,1,1,1,6,0,0,0,0,0,1,1,1,1,0,0,0,0,0,0,1,0,0,0,0,0,0,0,0,0,0,1,1,0,0,0
netty,io/netty/util/internal/logging/CommonsLogger,CommonsLogger,dataset/projects/netty/common/src/main/java/io/netty/util/internal/logging/CommonsLogger.java,C:/Users/ismak/Documents/GitHub/relation_test_code_smell_ML/dataset/projects/netty/common/src/test/java/io/netty/util/internal/logging/CommonsLoggerTest.java,1,1,1,4,0,0,0,0,0,1,1,1,1,0,0,0,0,0,0,0,0,0,0,0,0,0,0,0,0,0,1,0,0,0,0
netty,io/netty/util/internal/logging/CommonsLoggerFactory,CommonsLoggerFactory,,C:/Users/ismak/Documents/GitHub/relation_test_code_smell_ML/dataset/projects/netty/common/src/test/java/io/netty/util/internal/logging/CommonsLoggerFactoryTest.java,0,0,1,4,0,0,0,0,0,0,1,1,1,0,1,0,0,0,0,0,0,0,0,0,0,0,0,0,0,0,0,0,0,0,0
netty,io/netty/util/internal/logging/InternalLogger,InternalLogger,dataset/projects/netty/common/src/main/java/io/netty/util/internal/logging/InternalLogger.java,,1,1,0,0,0,0,0,0,0,1,0,0,0,0,0,0,0,0,0,0,0,0,0,0,0,0,0,0,0,0,0,0,0,0,0
netty,io/netty/util/internal/logging/InternalLoggerFactory,InternalLoggerFactory,,C:/Users/ismak/Documents/GitHub/relation_test_code_smell_ML/dataset/projects/netty/common/src/test/java/io/netty/util/internal/logging/InternalLoggerFactoryTest.java,0,0,1,5,0,0,0,0,0,0,1,1,1,0,1,0,0,0,0,0,0,0,0,0,0,0,0,0,0,0,1,0,0,0,0
netty,io/netty/util/internal/logging/JdkLogger,JdkLogger,dataset/projects/netty/common/src/main/java/io/netty/util/internal/logging/JdkLogger.java,,1,1,0,0,0,0,0,0,0,1,0,0,0,0,0,0,0,0,0,0,0,0,0,0,0,0,0,0,0,0,0,0,0,0,0
netty,io/netty/util/internal/logging/JdkLoggerFactory,JdkLoggerFactory,,C:/Users/ismak/Documents/GitHub/relation_test_code_smell_ML/dataset/projects/netty/common/src/test/java/io/netty/util/internal/logging/JdkLoggerFactoryTest.java,0,0,1,4,0,0,0,0,0,0,1,1,1,0,1,0,0,0,0,0,0,0,0,0,0,0,0,0,0,0,0,0,0,0,0
netty,io/netty/util/internal/logging/LocationAwareSlf4JLogger,LocationAwareSlf4JLogger,dataset/projects/netty/common/src/main/java/io/netty/util/internal/logging/LocationAwareSlf4JLogger.java,,1,2,0,0,0,0,0,1,0,1,0,0,0,0,0,0,0,0,0,0,0,0,0,0,0,0,0,0,0,0,0,0,0,0,0
netty,io/netty/util/internal/logging/Log4J2Logger,Log4J2Logger,dataset/projects/netty/common/src/main/java/io/netty/util/internal/logging/Log4J2Logger.java,C:/Users/ismak/Documents/GitHub/relation_test_code_smell_ML/dataset/projects/netty/common/src/test/java/io/netty/util/internal/logging/Log4J2LoggerTest.java,1,1,1,3,0,0,0,0,0,1,1,1,1,0,0,0,0,0,0,0,0,0,0,0,0,0,0,0,0,0,0,0,0,0,0
netty,io/netty/util/internal/logging/Log4J2LoggerFactory,Log4J2LoggerFactory,,C:/Users/ismak/Documents/GitHub/relation_test_code_smell_ML/dataset/projects/netty/common/src/test/java/io/netty/util/internal/logging/Log4J2LoggerFactoryTest.java,0,0,1,4,0,0,0,0,0,0,1,1,1,0,1,0,0,0,0,0,0,0,0,0,0,0,0,0,0,0,0,0,0,0,0
netty,io/netty/util/internal/logging/Log4JLogger,Log4JLogger,dataset/projects/netty/common/src/main/java/io/netty/util/internal/logging/Log4JLogger.java,,1,1,0,0,0,0,0,0,0,1,0,0,0,0,0,0,0,0,0,0,0,0,0,0,0,0,0,0,0,0,0,0,0,0,0
netty,io/netty/util/internal/logging/Log4JLoggerFactory,Log4JLoggerFactory,,C:/Users/ismak/Documents/GitHub/relation_test_code_smell_ML/dataset/projects/netty/common/src/test/java/io/netty/util/internal/logging/Log4JLoggerFactoryTest.java,0,0,1,4,0,0,0,0,0,0,1,1,1,0,1,0,0,0,0,0,0,0,0,0,0,0,0,0,0,0,0,0,0,0,0
netty,io/netty/util/internal/logging/MessageFormatter,MessageFormatter,dataset/projects/netty/common/src/main/java/io/netty/util/internal/logging/MessageFormatter.java,C:/Users/ismak/Documents/GitHub/relation_test_code_smell_ML/dataset/projects/netty/common/src/test/java/io/netty/util/internal/logging/MessageFormatterTest.java,1,4,1,6,0,2,0,1,0,1,1,1,1,0,1,0,0,0,0,0,0,0,0,0,1,0,0,0,0,1,0,0,0,0,0
netty,io/netty/util/internal/logging/Slf4JLogger,Slf4JLogger,dataset/projects/netty/common/src/main/java/io/netty/util/internal/logging/Slf4JLogger.java,C:/Users/ismak/Documents/GitHub/relation_test_code_smell_ML/dataset/projects/netty/common/src/test/java/io/netty/util/internal/logging/Slf4JLoggerTest.java,1,1,1,4,0,0,0,0,0,1,1,1,1,0,0,0,0,0,0,0,0,0,0,0,0,0,0,0,0,0,1,0,0,0,0
netty,io/netty/util/internal/logging/Slf4JLoggerFactory,Slf4JLoggerFactory,,C:/Users/ismak/Documents/GitHub/relation_test_code_smell_ML/dataset/projects/netty/common/src/test/java/io/netty/util/internal/logging/Slf4JLoggerFactoryTest.java,0,0,1,4,0,0,0,0,0,0,1,1,1,0,1,0,0,0,0,0,0,0,0,0,0,0,0,0,0,0,0,0,0,0,0
netty,io/netty/util/test/LeakPresenceExtension,LeakPresenceExtension,,C:/Users/ismak/Documents/GitHub/relation_test_code_smell_ML/dataset/projects/netty/testsuite-common/src/test/java/io/netty/util/test/LeakPresenceExtensionTest.java,0,0,1,3,0,0,0,0,0,0,1,1,1,0,0,0,0,0,0,0,0,0,0,0,0,0,0,0,0,0,0,0,0,0,0
